{"n": 1, "label": "propose 1 (fault)", "at": "2026-09-28T18:06:33Z", "seconds": 0.114, "argv": ["/home/runner/work/_temp/work/rt/cain-venv/bin/cain", "research", "propose", "--domain", "crypto", "--state", "/home/runner/work/_temp/work/soak/cain-state", "--proposal", "/home/runner/work/_temp/work/soak/proposals/001.json", "--as-of", "2026-09-28T18:06:33Z"], "fault_env": {"CAIN_ORCHESTRATION_FAULT": "after_outbox_commit"}, "exit": 86}
--- stdout
--- stderr
--- end
{"n": 2, "label": "propose 1 (after restart)", "at": "2026-09-28T18:06:33Z", "seconds": 0.101, "argv": ["/home/runner/work/_temp/work/rt/cain-venv/bin/cain", "research", "propose", "--domain", "crypto", "--state", "/home/runner/work/_temp/work/soak/cain-state", "--proposal", "/home/runner/work/_temp/work/soak/proposals/001.json", "--as-of", "2026-09-28T18:06:33Z"], "fault_env": {}, "exit": 0}
--- stdout
{"decision": "ALLOW", "episode_id": "crypto:episode-1", "reason_code": "ALLOWED", "receipt_sha256": "19bb399d9a578ea52d3d3f20be2a3f31b086c161d44767b1d9f39fd4fe43e9a7", "rule": "R14", "status": "EXISTING", "task": {"payload_sha256": "769f89ca36b49f5ba69692a62e5a1aa9e722555c1c415eb782527d7853dbc5ef", "previous_task_id": null, "task_id": "crypto:TASK-5a61224f3e2255c51110cfae4b996804"}}
--- stderr
--- end
{"n": 3, "label": "dispatch 1", "at": "2026-09-28T18:06:33Z", "seconds": 0.105, "argv": ["/home/runner/work/_temp/work/rt/cain-venv/bin/cain", "research", "dispatch", "--domain", "crypto", "--state", "/home/runner/work/_temp/work/soak/cain-state", "--spool", "/home/runner/work/_temp/work/soak/spool"], "fault_env": {}, "exit": 0}
--- stdout
{"action": "dispatched", "file": "crypto/tasks/TASK-5a61224f3e2255c51110cfae4b996804.json", "spool": "WRITTEN", "task_id": "crypto:TASK-5a61224f3e2255c51110cfae4b996804"}
--- stderr
--- end
{"n": 4, "label": "consumer 1", "at": "2026-09-28T18:06:34Z", "seconds": 0.589, "argv": ["/home/runner/work/_temp/work/rt/consumer-venv/bin/predictor-research-consumer", "--domain", "crypto", "--spool", "/home/runner/work/_temp/work/soak/spool", "--ledger", "/home/runner/work/_temp/work/soak/consumer/ledger.sqlite", "--state", "/home/runner/work/_temp/work/soak/domain-state", "--policy", "/home/runner/work/_temp/work/rt/op/policy.json", "--objects", "/home/runner/work/_temp/work/rt/op/objects"], "fault_env": {}, "exit": 0}
--- stdout
{"action": "delivered", "attempt": 1, "class": "TERMINAL_RESULT", "episode_id": "crypto:episode-1", "result_file": "crypto/results/TASK-5a61224f3e2255c51110cfae4b996804.8ed028653ee08b24.json", "result_write": "WRITTEN", "status": "RESULT", "task_id": "crypto:TASK-5a61224f3e2255c51110cfae4b996804"}
--- stderr
{"duration_ms": 306, "event": "job_finished", "job_id": "crypto-research-7d17de648068fb895eff31a5", "level": "INFO", "run_id": "304cffde4d214263b4c31b36b5a71b2b", "run_status": "SUCCEEDED", "service": "predictor_ops", "timestamp": "2026-09-28T18:06:34.276587Z"}
--- end
{"n": 5, "label": "ingest 1", "at": "2026-09-28T18:06:34Z", "seconds": 0.108, "argv": ["/home/runner/work/_temp/work/rt/cain-venv/bin/cain", "research", "ingest", "--domain", "crypto", "--state", "/home/runner/work/_temp/work/soak/cain-state", "--spool", "/home/runner/work/_temp/work/soak/spool"], "fault_env": {}, "exit": 0}
--- stdout
{"action": "ingested", "class": "TERMINAL_RESULT", "fact": "fact:e2182b53cbfa42b1a56a456b26ba7e27", "file": "TASK-5a61224f3e2255c51110cfae4b996804.8ed028653ee08b24.json", "status": "RESULT", "task_id": "crypto:TASK-5a61224f3e2255c51110cfae4b996804"}
--- stderr
--- end
{"n": 6, "label": "resend 1", "at": "2026-09-28T18:06:34Z", "seconds": 0.106, "argv": ["/home/runner/work/_temp/work/rt/cain-venv/bin/cain", "research", "dispatch", "--domain", "crypto", "--state", "/home/runner/work/_temp/work/soak/cain-state", "--spool", "/home/runner/work/_temp/work/soak/spool", "--resend"], "fault_env": {}, "exit": 0}
--- stdout
{"action": "dispatched", "file": "crypto/tasks/TASK-5a61224f3e2255c51110cfae4b996804.json", "spool": "EXISTS", "task_id": "crypto:TASK-5a61224f3e2255c51110cfae4b996804"}
--- stderr
--- end
{"n": 7, "label": "consumer resend 1", "at": "2026-09-28T18:06:34Z", "seconds": 0.133, "argv": ["/home/runner/work/_temp/work/rt/consumer-venv/bin/predictor-research-consumer", "--domain", "crypto", "--spool", "/home/runner/work/_temp/work/soak/spool", "--ledger", "/home/runner/work/_temp/work/soak/consumer/ledger.sqlite", "--state", "/home/runner/work/_temp/work/soak/domain-state", "--policy", "/home/runner/work/_temp/work/rt/op/policy.json", "--objects", "/home/runner/work/_temp/work/rt/op/objects"], "fault_env": {}, "exit": 0}
--- stdout
{"action": "skipped", "episode_id": "crypto:episode-1", "state": "TERMINAL_RESULT", "status": "RESULT", "task_id": "crypto:TASK-5a61224f3e2255c51110cfae4b996804"}
--- stderr
--- end
{"n": 8, "label": "ingest redelivered 1", "at": "2026-09-28T18:06:34Z", "seconds": 0.098, "argv": ["/home/runner/work/_temp/work/rt/cain-venv/bin/cain", "research", "ingest", "--domain", "crypto", "--state", "/home/runner/work/_temp/work/soak/cain-state", "--spool", "/home/runner/work/_temp/work/soak/spool"], "fault_env": {}, "exit": 0}
--- stdout
{"action": "duplicate", "file": "TASK-5a61224f3e2255c51110cfae4b996804.8ed028653ee08b24.json"}
{"action": "duplicate", "file": "redelivered-001-TASK-5a61224f3e2255c51110cfae4b996804.8ed028653ee08b24.json"}
--- stderr
--- end
{"n": 9, "label": "propose duplicate 1", "at": "2026-09-28T18:06:34Z", "seconds": 0.103, "argv": ["/home/runner/work/_temp/work/rt/cain-venv/bin/cain", "research", "propose", "--domain", "crypto", "--state", "/home/runner/work/_temp/work/soak/cain-state", "--proposal", "/home/runner/work/_temp/work/soak/proposals/001-again.json", "--as-of", "2026-09-28T18:06:34Z"], "fault_env": {}, "exit": 0}
--- stdout
{"decision": "DUPLICATE", "episode_id": "crypto:episode-2", "reason_code": "DUPLICATE_REQUEST", "receipt_sha256": "1e5546463487a1a02cdc2637f04b518e41fc593dce0d1ecbc961d1ef056ca554", "rule": "R08", "status": "RECORDED", "task": null}
--- stderr
--- end
{"n": 10, "label": "propose 2", "at": "2026-09-28T18:06:34Z", "seconds": 0.113, "argv": ["/home/runner/work/_temp/work/rt/cain-venv/bin/cain", "research", "propose", "--domain", "crypto", "--state", "/home/runner/work/_temp/work/soak/cain-state", "--proposal", "/home/runner/work/_temp/work/soak/proposals/002.json", "--as-of", "2026-09-28T18:06:34Z"], "fault_env": {}, "exit": 0}
--- stdout
{"decision": "ALLOW", "episode_id": "crypto:episode-3", "reason_code": "ALLOWED", "receipt_sha256": "7472c6de85947c9ae5dd5bfdc88dd6089dfd448469b201e9c44f5ac398747165", "rule": "R14", "status": "RECORDED", "task": {"payload_sha256": "348e553c0c4d80f79eca6bcb39c3c9585b97ad867b509959987167c287c20fb5", "previous_task_id": "crypto:TASK-5a61224f3e2255c51110cfae4b996804", "task_id": "crypto:TASK-ec6e000af508cc684f074d56cf1d65d4"}}
--- stderr
--- end
{"n": 11, "label": "dispatch 2 (fault)", "at": "2026-09-28T18:06:35Z", "seconds": 0.093, "argv": ["/home/runner/work/_temp/work/rt/cain-venv/bin/cain", "research", "dispatch", "--domain", "crypto", "--state", "/home/runner/work/_temp/work/soak/cain-state", "--spool", "/home/runner/work/_temp/work/soak/spool"], "fault_env": {"CAIN_ORCHESTRATION_FAULT": "after_spool_write_before_ack"}, "exit": 86}
--- stdout
--- stderr
--- end
{"n": 12, "label": "dispatch 2", "at": "2026-09-28T18:06:35Z", "seconds": 0.104, "argv": ["/home/runner/work/_temp/work/rt/cain-venv/bin/cain", "research", "dispatch", "--domain", "crypto", "--state", "/home/runner/work/_temp/work/soak/cain-state", "--spool", "/home/runner/work/_temp/work/soak/spool"], "fault_env": {}, "exit": 0}
--- stdout
{"action": "dispatched", "file": "crypto/tasks/TASK-ec6e000af508cc684f074d56cf1d65d4.json", "spool": "EXISTS", "task_id": "crypto:TASK-ec6e000af508cc684f074d56cf1d65d4"}
--- stderr
--- end
{"n": 13, "label": "consumer 2 (fault)", "at": "2026-09-28T18:06:35Z", "seconds": 0.378, "argv": ["/home/runner/work/_temp/work/rt/consumer-venv/bin/predictor-research-consumer", "--domain", "crypto", "--spool", "/home/runner/work/_temp/work/soak/spool", "--ledger", "/home/runner/work/_temp/work/soak/consumer/ledger.sqlite", "--state", "/home/runner/work/_temp/work/soak/domain-state", "--policy", "/home/runner/work/_temp/work/rt/op/policy.json", "--objects", "/home/runner/work/_temp/work/rt/op/objects"], "fault_env": {"PREDICTOR_RESEARCH_TRANSPORT_FAULT": "after_domain_before_result_write"}, "exit": 86}
--- stdout
--- stderr
{"duration_ms": 206, "event": "job_finished", "job_id": "crypto-research-a45d3eabfdf78909340e7df2", "level": "INFO", "run_id": "54fb987196184c20b9ed396b5d2fd795", "run_status": "SUCCEEDED", "service": "predictor_ops", "timestamp": "2026-09-28T18:06:35.540748Z"}
--- end
{"n": 14, "label": "consumer 2", "at": "2026-09-28T18:06:35Z", "seconds": 0.151, "argv": ["/home/runner/work/_temp/work/rt/consumer-venv/bin/predictor-research-consumer", "--domain", "crypto", "--spool", "/home/runner/work/_temp/work/soak/spool", "--ledger", "/home/runner/work/_temp/work/soak/consumer/ledger.sqlite", "--state", "/home/runner/work/_temp/work/soak/domain-state", "--policy", "/home/runner/work/_temp/work/rt/op/policy.json", "--objects", "/home/runner/work/_temp/work/rt/op/objects"], "fault_env": {}, "exit": 0}
--- stdout
{"action": "skipped", "episode_id": "crypto:episode-1", "state": "TERMINAL_RESULT", "status": "RESULT", "task_id": "crypto:TASK-5a61224f3e2255c51110cfae4b996804"}
{"action": "delivered", "attempt": 2, "class": "TERMINAL_RESULT", "episode_id": "crypto:episode-3", "result_file": "crypto/results/TASK-ec6e000af508cc684f074d56cf1d65d4.b881328d94ee8f91.json", "result_write": "WRITTEN", "status": "DUPLICATE", "task_id": "crypto:TASK-ec6e000af508cc684f074d56cf1d65d4"}
--- stderr
--- end
{"n": 15, "label": "ingest 2", "at": "2026-09-28T18:06:35Z", "seconds": 0.11, "argv": ["/home/runner/work/_temp/work/rt/cain-venv/bin/cain", "research", "ingest", "--domain", "crypto", "--state", "/home/runner/work/_temp/work/soak/cain-state", "--spool", "/home/runner/work/_temp/work/soak/spool"], "fault_env": {}, "exit": 0}
--- stdout
{"action": "duplicate", "file": "TASK-5a61224f3e2255c51110cfae4b996804.8ed028653ee08b24.json"}
{"action": "ingested", "class": "TERMINAL_RESULT", "fact": "fact:c251d9623b3144439e63429d34fa91fb", "file": "TASK-ec6e000af508cc684f074d56cf1d65d4.b881328d94ee8f91.json", "status": "DUPLICATE", "task_id": "crypto:TASK-ec6e000af508cc684f074d56cf1d65d4"}
{"action": "duplicate", "file": "redelivered-001-TASK-5a61224f3e2255c51110cfae4b996804.8ed028653ee08b24.json"}
--- stderr
--- end
{"n": 16, "label": "propose 3", "at": "2026-09-28T18:06:35Z", "seconds": 0.105, "argv": ["/home/runner/work/_temp/work/rt/cain-venv/bin/cain", "research", "propose", "--domain", "crypto", "--state", "/home/runner/work/_temp/work/soak/cain-state", "--proposal", "/home/runner/work/_temp/work/soak/proposals/003.json", "--as-of", "2026-09-28T18:06:35Z"], "fault_env": {}, "exit": 0}
--- stdout
{"decision": "ALLOW", "episode_id": "crypto:episode-4", "reason_code": "ALLOWED", "receipt_sha256": "22324cb3b1cb81136bc3b385fa8a45cddd41a99da299b085af99176124883234", "rule": "R14", "status": "RECORDED", "task": {"payload_sha256": "220ba83fb93c9fbfa9453133c99ec0d13402579756dba12d9f9d04a104237258", "previous_task_id": "crypto:TASK-ec6e000af508cc684f074d56cf1d65d4", "task_id": "crypto:TASK-c0756a400f58e2eb20df8cd25130c567"}}
--- stderr
--- end
{"n": 17, "label": "dispatch 3", "at": "2026-09-28T18:06:36Z", "seconds": 0.107, "argv": ["/home/runner/work/_temp/work/rt/cain-venv/bin/cain", "research", "dispatch", "--domain", "crypto", "--state", "/home/runner/work/_temp/work/soak/cain-state", "--spool", "/home/runner/work/_temp/work/soak/spool"], "fault_env": {}, "exit": 0}
--- stdout
{"action": "dispatched", "file": "crypto/tasks/TASK-c0756a400f58e2eb20df8cd25130c567.json", "spool": "WRITTEN", "task_id": "crypto:TASK-c0756a400f58e2eb20df8cd25130c567"}
--- stderr
--- end
{"n": 18, "label": "consumer 3", "at": "2026-09-28T18:06:36Z", "seconds": 0.403, "argv": ["/home/runner/work/_temp/work/rt/consumer-venv/bin/predictor-research-consumer", "--domain", "crypto", "--spool", "/home/runner/work/_temp/work/soak/spool", "--ledger", "/home/runner/work/_temp/work/soak/consumer/ledger.sqlite", "--state", "/home/runner/work/_temp/work/soak/domain-state", "--policy", "/home/runner/work/_temp/work/rt/op/policy.json", "--objects", "/home/runner/work/_temp/work/rt/op/objects"], "fault_env": {}, "exit": 0}
--- stdout
{"action": "skipped", "episode_id": "crypto:episode-1", "state": "TERMINAL_RESULT", "status": "RESULT", "task_id": "crypto:TASK-5a61224f3e2255c51110cfae4b996804"}
{"action": "skipped", "episode_id": "crypto:episode-3", "state": "TERMINAL_RESULT", "status": "DUPLICATE", "task_id": "crypto:TASK-ec6e000af508cc684f074d56cf1d65d4"}
{"action": "delivered", "attempt": 1, "class": "TERMINAL_RESULT", "episode_id": "crypto:episode-4", "result_file": "crypto/results/TASK-c0756a400f58e2eb20df8cd25130c567.f16ecae094bd6f23.json", "result_write": "WRITTEN", "status": "RESULT", "task_id": "crypto:TASK-c0756a400f58e2eb20df8cd25130c567"}
--- stderr
{"duration_ms": 206, "event": "job_finished", "job_id": "crypto-research-0a533b46fb6301e263d659dd", "level": "INFO", "run_id": "cc14149c729f400c8a844331b0dae1a3", "run_status": "SUCCEEDED", "service": "predictor_ops", "timestamp": "2026-09-28T18:06:36.391626Z"}
--- end
{"n": 19, "label": "ingest 3 (fault)", "at": "2026-09-28T18:06:36Z", "seconds": 0.28, "argv": ["/home/runner/work/_temp/work/rt/cain-venv/bin/cain", "research", "ingest", "--domain", "crypto", "--state", "/home/runner/work/_temp/work/soak/cain-state", "--spool", "/home/runner/work/_temp/work/soak/spool"], "fault_env": {"CAIN_ORCHESTRATION_FAULT": "after_inbox_commit_before_memory"}, "exit": 86}
--- stdout
--- stderr
--- end
{"n": 20, "label": "ingest 3", "at": "2026-09-28T18:06:36Z", "seconds": 0.108, "argv": ["/home/runner/work/_temp/work/rt/cain-venv/bin/cain", "research", "ingest", "--domain", "crypto", "--state", "/home/runner/work/_temp/work/soak/cain-state", "--spool", "/home/runner/work/_temp/work/soak/spool"], "fault_env": {}, "exit": 0}
--- stdout
{"action": "duplicate", "file": "TASK-5a61224f3e2255c51110cfae4b996804.8ed028653ee08b24.json"}
{"action": "remembered", "fact_id": "fact:001e19aa79ec4ea788ab5fb829fcd5ba", "file": "TASK-c0756a400f58e2eb20df8cd25130c567.f16ecae094bd6f23.json", "reused": false}
{"action": "duplicate", "file": "TASK-ec6e000af508cc684f074d56cf1d65d4.b881328d94ee8f91.json"}
{"action": "duplicate", "file": "redelivered-001-TASK-5a61224f3e2255c51110cfae4b996804.8ed028653ee08b24.json"}
--- stderr
--- end
{"n": 21, "label": "ingest interleaved stocks 3", "at": "2026-09-28T18:06:36Z", "seconds": 0.106, "argv": ["/home/runner/work/_temp/work/rt/cain-venv/bin/cain", "research", "ingest", "--domain", "crypto", "--state", "/home/runner/work/_temp/work/soak/cain-state", "--spool", "/home/runner/work/_temp/work/soak/spool"], "fault_env": {}, "exit": 2}
--- stdout
{"action": "duplicate", "file": "TASK-5a61224f3e2255c51110cfae4b996804.8ed028653ee08b24.json"}
{"action": "duplicate", "file": "TASK-c0756a400f58e2eb20df8cd25130c567.f16ecae094bd6f23.json"}
{"action": "duplicate", "file": "TASK-ec6e000af508cc684f074d56cf1d65d4.b881328d94ee8f91.json"}
{"action": "rejected", "code": "DOMAIN_MISMATCH", "file": "interleaved-003-stocks.json", "reason": "result of domain stocks"}
{"action": "duplicate", "file": "redelivered-001-TASK-5a61224f3e2255c51110cfae4b996804.8ed028653ee08b24.json"}
--- stderr
--- end
{"n": 22, "label": "propose stocks H9 into crypto 3", "at": "2026-09-28T18:06:37Z", "seconds": 0.107, "argv": ["/home/runner/work/_temp/work/rt/cain-venv/bin/cain", "research", "propose", "--domain", "crypto", "--state", "/home/runner/work/_temp/work/soak/cain-state", "--proposal", "/home/runner/work/predictor-qualification/predictor-qualification/qualification/integration-crypto/fixtures/proposals/e2e/06-stocks-h9.json", "--as-of", "2026-09-28T18:06:36Z"], "fault_env": {}, "exit": 0}
--- stdout
{"decision": "BLOCK", "episode_id": "crypto:episode-5", "reason_code": "DOMAIN_MISMATCH", "receipt_sha256": "b9eca9a207b411d952fe07377204841b74b113806965f5350395ac25893e0110", "rule": "R01", "status": "RECORDED", "task": null}
--- stderr
--- end
{"n": 23, "label": "propose 4", "at": "2026-09-28T18:06:37Z", "seconds": 0.102, "argv": ["/home/runner/work/_temp/work/rt/cain-venv/bin/cain", "research", "propose", "--domain", "crypto", "--state", "/home/runner/work/_temp/work/soak/cain-state", "--proposal", "/home/runner/work/_temp/work/soak/proposals/004.json", "--as-of", "2026-09-28T18:06:37Z"], "fault_env": {}, "exit": 0}
--- stdout
{"decision": "ALLOW", "episode_id": "crypto:episode-6", "reason_code": "ALLOWED", "receipt_sha256": "00d6486859feb0e6eda850efe873849bc1adde29a16031f6c9b7f2e4781574fe", "rule": "R14", "status": "RECORDED", "task": {"payload_sha256": "fb4711a007710d7605daf31671bd747715f478a2507a25884033d18f47a0a556", "previous_task_id": "crypto:TASK-c0756a400f58e2eb20df8cd25130c567", "task_id": "crypto:TASK-d367c7f0a69accff2e52948d85e2cfc9"}}
--- stderr
--- end
{"n": 24, "label": "dispatch 4", "at": "2026-09-28T18:06:37Z", "seconds": 0.101, "argv": ["/home/runner/work/_temp/work/rt/cain-venv/bin/cain", "research", "dispatch", "--domain", "crypto", "--state", "/home/runner/work/_temp/work/soak/cain-state", "--spool", "/home/runner/work/_temp/work/soak/spool"], "fault_env": {}, "exit": 0}
--- stdout
{"action": "dispatched", "file": "crypto/tasks/TASK-d367c7f0a69accff2e52948d85e2cfc9.json", "spool": "WRITTEN", "task_id": "crypto:TASK-d367c7f0a69accff2e52948d85e2cfc9"}
--- stderr
--- end
{"n": 25, "label": "consumer 4 (Ops crash)", "at": "2026-09-28T18:06:37Z", "seconds": 0.289, "argv": ["/home/runner/work/_temp/work/rt/consumer-venv/bin/predictor-research-consumer", "--domain", "crypto", "--spool", "/home/runner/work/_temp/work/soak/spool", "--ledger", "/home/runner/work/_temp/work/soak/consumer/ledger.sqlite", "--state", "/home/runner/work/_temp/work/soak/domain-state", "--policy", "/home/runner/work/_temp/work/rt/op/policy.json", "--objects", "/home/runner/work/_temp/work/rt/op/objects"], "fault_env": {"CRIPTO_RESEARCH_FAULT": "ops_worker_crash"}, "exit": 0}
--- stdout
{"action": "skipped", "episode_id": "crypto:episode-1", "state": "TERMINAL_RESULT", "status": "RESULT", "task_id": "crypto:TASK-5a61224f3e2255c51110cfae4b996804"}
{"action": "skipped", "episode_id": "crypto:episode-3", "state": "TERMINAL_RESULT", "status": "DUPLICATE", "task_id": "crypto:TASK-ec6e000af508cc684f074d56cf1d65d4"}
{"action": "skipped", "episode_id": "crypto:episode-4", "state": "TERMINAL_RESULT", "status": "RESULT", "task_id": "crypto:TASK-c0756a400f58e2eb20df8cd25130c567"}
{"action": "delivered", "attempt": 1, "class": "RETRYABLE", "episode_id": "crypto:episode-6", "result_file": "crypto/results/TASK-d367c7f0a69accff2e52948d85e2cfc9.4e6a1f5401af1748.json", "result_write": "WRITTEN", "status": "OPS_FAILED_RETRYABLE", "task_id": "crypto:TASK-d367c7f0a69accff2e52948d85e2cfc9"}
--- stderr
{"duration_ms": 105, "event": "job_finished", "job_id": "crypto-research-0a11c0616653c63a435f68f3", "level": "INFO", "run_id": "28544042667e40ebae7e5524a8c58576", "run_status": "FAILED", "service": "predictor_ops", "timestamp": "2026-09-28T18:06:37.499442Z"}
--- end
{"n": 26, "label": "ingest 4 retryable", "at": "2026-09-28T18:06:37Z", "seconds": 0.104, "argv": ["/home/runner/work/_temp/work/rt/cain-venv/bin/cain", "research", "ingest", "--domain", "crypto", "--state", "/home/runner/work/_temp/work/soak/cain-state", "--spool", "/home/runner/work/_temp/work/soak/spool"], "fault_env": {}, "exit": 0}
--- stdout
{"action": "duplicate", "file": "TASK-5a61224f3e2255c51110cfae4b996804.8ed028653ee08b24.json"}
{"action": "duplicate", "file": "TASK-c0756a400f58e2eb20df8cd25130c567.f16ecae094bd6f23.json"}
{"action": "ingested", "class": "RETRYABLE", "fact": null, "file": "TASK-d367c7f0a69accff2e52948d85e2cfc9.4e6a1f5401af1748.json", "status": "OPS_FAILED_RETRYABLE", "task_id": "crypto:TASK-d367c7f0a69accff2e52948d85e2cfc9"}
{"action": "duplicate", "file": "TASK-ec6e000af508cc684f074d56cf1d65d4.b881328d94ee8f91.json"}
{"action": "skipped", "code": "DOMAIN_MISMATCH", "file": "interleaved-003-stocks.json", "state": "REJECTED"}
{"action": "duplicate", "file": "redelivered-001-TASK-5a61224f3e2255c51110cfae4b996804.8ed028653ee08b24.json"}
--- stderr
--- end
{"n": 27, "label": "retry 4", "at": "2026-09-28T18:06:37Z", "seconds": 0.099, "argv": ["/home/runner/work/_temp/work/rt/cain-venv/bin/cain", "research", "retry", "--domain", "crypto", "--state", "/home/runner/work/_temp/work/soak/cain-state", "--spool", "/home/runner/work/_temp/work/soak/spool", "--task-id", "crypto:TASK-d367c7f0a69accff2e52948d85e2cfc9"], "fault_env": {}, "exit": 0}
--- stdout
{"action": "retry_requested", "attempt": 1, "file": "crypto/retries/TASK-d367c7f0a69accff2e52948d85e2cfc9.1.json", "task_id": "crypto:TASK-d367c7f0a69accff2e52948d85e2cfc9"}
--- stderr
--- end
{"n": 28, "label": "consumer 4", "at": "2026-09-28T18:06:38Z", "seconds": 0.401, "argv": ["/home/runner/work/_temp/work/rt/consumer-venv/bin/predictor-research-consumer", "--domain", "crypto", "--spool", "/home/runner/work/_temp/work/soak/spool", "--ledger", "/home/runner/work/_temp/work/soak/consumer/ledger.sqlite", "--state", "/home/runner/work/_temp/work/soak/domain-state", "--policy", "/home/runner/work/_temp/work/rt/op/policy.json", "--objects", "/home/runner/work/_temp/work/rt/op/objects"], "fault_env": {}, "exit": 0}
--- stdout
{"action": "skipped", "episode_id": "crypto:episode-1", "state": "TERMINAL_RESULT", "status": "RESULT", "task_id": "crypto:TASK-5a61224f3e2255c51110cfae4b996804"}
{"action": "skipped", "episode_id": "crypto:episode-3", "state": "TERMINAL_RESULT", "status": "DUPLICATE", "task_id": "crypto:TASK-ec6e000af508cc684f074d56cf1d65d4"}
{"action": "skipped", "episode_id": "crypto:episode-4", "state": "TERMINAL_RESULT", "status": "RESULT", "task_id": "crypto:TASK-c0756a400f58e2eb20df8cd25130c567"}
{"action": "delivered", "attempt": 2, "class": "TERMINAL_RESULT", "episode_id": "crypto:episode-6", "result_file": "crypto/results/TASK-d367c7f0a69accff2e52948d85e2cfc9.ea2062ab82f012d7.json", "result_write": "WRITTEN", "status": "RESULT", "task_id": "crypto:TASK-d367c7f0a69accff2e52948d85e2cfc9"}
--- stderr
{"duration_ms": 206, "event": "job_finished", "job_id": "crypto-research-0a11c0616653c63a435f68f3", "level": "INFO", "run_id": "66aa7af947404b9b9bf020fd8584842a", "run_status": "SUCCEEDED", "service": "predictor_ops", "timestamp": "2026-09-28T18:06:38.090563Z"}
--- end
{"n": 29, "label": "ingest 4 (fault)", "at": "2026-09-28T18:06:38Z", "seconds": 0.099, "argv": ["/home/runner/work/_temp/work/rt/cain-venv/bin/cain", "research", "ingest", "--domain", "crypto", "--state", "/home/runner/work/_temp/work/soak/cain-state", "--spool", "/home/runner/work/_temp/work/soak/spool"], "fault_env": {"CAIN_ORCHESTRATION_FAULT": "after_memory_commit"}, "exit": 86}
--- stdout
--- stderr
--- end
{"n": 30, "label": "ingest 4", "at": "2026-09-28T18:06:38Z", "seconds": 0.103, "argv": ["/home/runner/work/_temp/work/rt/cain-venv/bin/cain", "research", "ingest", "--domain", "crypto", "--state", "/home/runner/work/_temp/work/soak/cain-state", "--spool", "/home/runner/work/_temp/work/soak/spool"], "fault_env": {}, "exit": 0}
--- stdout
{"action": "duplicate", "file": "TASK-5a61224f3e2255c51110cfae4b996804.8ed028653ee08b24.json"}
{"action": "duplicate", "file": "TASK-c0756a400f58e2eb20df8cd25130c567.f16ecae094bd6f23.json"}
{"action": "duplicate", "file": "TASK-d367c7f0a69accff2e52948d85e2cfc9.4e6a1f5401af1748.json"}
{"action": "duplicate", "file": "TASK-d367c7f0a69accff2e52948d85e2cfc9.ea2062ab82f012d7.json"}
{"action": "duplicate", "file": "TASK-ec6e000af508cc684f074d56cf1d65d4.b881328d94ee8f91.json"}
{"action": "skipped", "code": "DOMAIN_MISMATCH", "file": "interleaved-003-stocks.json", "state": "REJECTED"}
{"action": "duplicate", "file": "redelivered-001-TASK-5a61224f3e2255c51110cfae4b996804.8ed028653ee08b24.json"}
--- stderr
--- end
{"n": 31, "label": "propose 5 (fault)", "at": "2026-09-28T18:06:38Z", "seconds": 0.09, "argv": ["/home/runner/work/_temp/work/rt/cain-venv/bin/cain", "research", "propose", "--domain", "crypto", "--state", "/home/runner/work/_temp/work/soak/cain-state", "--proposal", "/home/runner/work/_temp/work/soak/proposals/005.json", "--as-of", "2026-09-28T18:06:38Z"], "fault_env": {"CAIN_ORCHESTRATION_FAULT": "after_decision_before_episode_commit"}, "exit": 86}
--- stdout
--- stderr
--- end
{"n": 32, "label": "propose 5", "at": "2026-09-28T18:06:38Z", "seconds": 0.102, "argv": ["/home/runner/work/_temp/work/rt/cain-venv/bin/cain", "research", "propose", "--domain", "crypto", "--state", "/home/runner/work/_temp/work/soak/cain-state", "--proposal", "/home/runner/work/_temp/work/soak/proposals/005.json", "--as-of", "2026-09-28T18:06:38Z"], "fault_env": {}, "exit": 0}
--- stdout
{"decision": "ALLOW", "episode_id": "crypto:episode-7", "reason_code": "ALLOWED", "receipt_sha256": "ad6f07166eb2ff14e1f7ca195c2da76713c28cfae8e02df3668c4d2ae02dfe2c", "rule": "R14", "status": "RECORDED", "task": {"payload_sha256": "4d35f42f2f282aee147519de041b909c3df612d0fc5cbc18222ddbd041116d4a", "previous_task_id": "crypto:TASK-d367c7f0a69accff2e52948d85e2cfc9", "task_id": "crypto:TASK-44ab5a05adcbec305debd521451ac735"}}
--- stderr
--- end
{"n": 33, "label": "dispatch 5", "at": "2026-09-28T18:06:38Z", "seconds": 0.109, "argv": ["/home/runner/work/_temp/work/rt/cain-venv/bin/cain", "research", "dispatch", "--domain", "crypto", "--state", "/home/runner/work/_temp/work/soak/cain-state", "--spool", "/home/runner/work/_temp/work/soak/spool"], "fault_env": {}, "exit": 0}
--- stdout
{"action": "dispatched", "file": "crypto/tasks/TASK-44ab5a05adcbec305debd521451ac735.json", "spool": "WRITTEN", "task_id": "crypto:TASK-44ab5a05adcbec305debd521451ac735"}
--- stderr
--- end
{"n": 34, "label": "consumer 5", "at": "2026-09-28T18:06:39Z", "seconds": 0.413, "argv": ["/home/runner/work/_temp/work/rt/consumer-venv/bin/predictor-research-consumer", "--domain", "crypto", "--spool", "/home/runner/work/_temp/work/soak/spool", "--ledger", "/home/runner/work/_temp/work/soak/consumer/ledger.sqlite", "--state", "/home/runner/work/_temp/work/soak/domain-state", "--policy", "/home/runner/work/_temp/work/rt/op/policy.json", "--objects", "/home/runner/work/_temp/work/rt/op/objects"], "fault_env": {}, "exit": 0}
--- stdout
{"action": "skipped", "episode_id": "crypto:episode-1", "state": "TERMINAL_RESULT", "status": "RESULT", "task_id": "crypto:TASK-5a61224f3e2255c51110cfae4b996804"}
{"action": "skipped", "episode_id": "crypto:episode-3", "state": "TERMINAL_RESULT", "status": "DUPLICATE", "task_id": "crypto:TASK-ec6e000af508cc684f074d56cf1d65d4"}
{"action": "skipped", "episode_id": "crypto:episode-4", "state": "TERMINAL_RESULT", "status": "RESULT", "task_id": "crypto:TASK-c0756a400f58e2eb20df8cd25130c567"}
{"action": "skipped", "episode_id": "crypto:episode-6", "state": "TERMINAL_RESULT", "status": "RESULT", "task_id": "crypto:TASK-d367c7f0a69accff2e52948d85e2cfc9"}
{"action": "delivered", "attempt": 1, "class": "TERMINAL_RESULT", "episode_id": "crypto:episode-7", "result_file": "crypto/results/TASK-44ab5a05adcbec305debd521451ac735.299b328a5b7b3530.json", "result_write": "WRITTEN", "status": "RESULT", "task_id": "crypto:TASK-44ab5a05adcbec305debd521451ac735"}
--- stderr
{"duration_ms": 206, "event": "job_finished", "job_id": "crypto-research-3cce76453452f33580967578", "level": "INFO", "run_id": "3f8338aa0b6d4dc8a4127fb830ca4739", "run_status": "SUCCEEDED", "service": "predictor_ops", "timestamp": "2026-09-28T18:06:39.006041Z"}
--- end
{"n": 35, "label": "ingest 5", "at": "2026-09-28T18:06:39Z", "seconds": 0.118, "argv": ["/home/runner/work/_temp/work/rt/cain-venv/bin/cain", "research", "ingest", "--domain", "crypto", "--state", "/home/runner/work/_temp/work/soak/cain-state", "--spool", "/home/runner/work/_temp/work/soak/spool"], "fault_env": {}, "exit": 0}
--- stdout
{"action": "ingested", "class": "TERMINAL_RESULT", "fact": "fact:c89bdb0bdcc84730b1ea335d491355c2", "file": "TASK-44ab5a05adcbec305debd521451ac735.299b328a5b7b3530.json", "status": "RESULT", "task_id": "crypto:TASK-44ab5a05adcbec305debd521451ac735"}
{"action": "duplicate", "file": "TASK-5a61224f3e2255c51110cfae4b996804.8ed028653ee08b24.json"}
{"action": "duplicate", "file": "TASK-c0756a400f58e2eb20df8cd25130c567.f16ecae094bd6f23.json"}
{"action": "duplicate", "file": "TASK-d367c7f0a69accff2e52948d85e2cfc9.4e6a1f5401af1748.json"}
{"action": "duplicate", "file": "TASK-d367c7f0a69accff2e52948d85e2cfc9.ea2062ab82f012d7.json"}
{"action": "duplicate", "file": "TASK-ec6e000af508cc684f074d56cf1d65d4.b881328d94ee8f91.json"}
{"action": "skipped", "code": "DOMAIN_MISMATCH", "file": "interleaved-003-stocks.json", "state": "REJECTED"}
{"action": "duplicate", "file": "redelivered-001-TASK-5a61224f3e2255c51110cfae4b996804.8ed028653ee08b24.json"}
--- stderr
--- end
{"n": 36, "label": "resend 5", "at": "2026-09-28T18:06:39Z", "seconds": 0.108, "argv": ["/home/runner/work/_temp/work/rt/cain-venv/bin/cain", "research", "dispatch", "--domain", "crypto", "--state", "/home/runner/work/_temp/work/soak/cain-state", "--spool", "/home/runner/work/_temp/work/soak/spool", "--resend"], "fault_env": {}, "exit": 0}
--- stdout
{"action": "dispatched", "file": "crypto/tasks/TASK-5a61224f3e2255c51110cfae4b996804.json", "spool": "EXISTS", "task_id": "crypto:TASK-5a61224f3e2255c51110cfae4b996804"}
{"action": "dispatched", "file": "crypto/tasks/TASK-ec6e000af508cc684f074d56cf1d65d4.json", "spool": "EXISTS", "task_id": "crypto:TASK-ec6e000af508cc684f074d56cf1d65d4"}
{"action": "dispatched", "file": "crypto/tasks/TASK-c0756a400f58e2eb20df8cd25130c567.json", "spool": "EXISTS", "task_id": "crypto:TASK-c0756a400f58e2eb20df8cd25130c567"}
{"action": "dispatched", "file": "crypto/tasks/TASK-d367c7f0a69accff2e52948d85e2cfc9.json", "spool": "EXISTS", "task_id": "crypto:TASK-d367c7f0a69accff2e52948d85e2cfc9"}
{"action": "dispatched", "file": "crypto/tasks/TASK-44ab5a05adcbec305debd521451ac735.json", "spool": "EXISTS", "task_id": "crypto:TASK-44ab5a05adcbec305debd521451ac735"}
--- stderr
--- end
{"n": 37, "label": "consumer resend 5", "at": "2026-09-28T18:06:39Z", "seconds": 0.131, "argv": ["/home/runner/work/_temp/work/rt/consumer-venv/bin/predictor-research-consumer", "--domain", "crypto", "--spool", "/home/runner/work/_temp/work/soak/spool", "--ledger", "/home/runner/work/_temp/work/soak/consumer/ledger.sqlite", "--state", "/home/runner/work/_temp/work/soak/domain-state", "--policy", "/home/runner/work/_temp/work/rt/op/policy.json", "--objects", "/home/runner/work/_temp/work/rt/op/objects"], "fault_env": {}, "exit": 0}
--- stdout
{"action": "skipped", "episode_id": "crypto:episode-1", "state": "TERMINAL_RESULT", "status": "RESULT", "task_id": "crypto:TASK-5a61224f3e2255c51110cfae4b996804"}
{"action": "skipped", "episode_id": "crypto:episode-3", "state": "TERMINAL_RESULT", "status": "DUPLICATE", "task_id": "crypto:TASK-ec6e000af508cc684f074d56cf1d65d4"}
{"action": "skipped", "episode_id": "crypto:episode-4", "state": "TERMINAL_RESULT", "status": "RESULT", "task_id": "crypto:TASK-c0756a400f58e2eb20df8cd25130c567"}
{"action": "skipped", "episode_id": "crypto:episode-6", "state": "TERMINAL_RESULT", "status": "RESULT", "task_id": "crypto:TASK-d367c7f0a69accff2e52948d85e2cfc9"}
{"action": "skipped", "episode_id": "crypto:episode-7", "state": "TERMINAL_RESULT", "status": "RESULT", "task_id": "crypto:TASK-44ab5a05adcbec305debd521451ac735"}
--- stderr
--- end
{"n": 38, "label": "ingest redelivered 5", "at": "2026-09-28T18:06:39Z", "seconds": 0.099, "argv": ["/home/runner/work/_temp/work/rt/cain-venv/bin/cain", "research", "ingest", "--domain", "crypto", "--state", "/home/runner/work/_temp/work/soak/cain-state", "--spool", "/home/runner/work/_temp/work/soak/spool"], "fault_env": {}, "exit": 0}
--- stdout
{"action": "duplicate", "file": "TASK-44ab5a05adcbec305debd521451ac735.299b328a5b7b3530.json"}
{"action": "duplicate", "file": "TASK-5a61224f3e2255c51110cfae4b996804.8ed028653ee08b24.json"}
{"action": "duplicate", "file": "TASK-c0756a400f58e2eb20df8cd25130c567.f16ecae094bd6f23.json"}
{"action": "duplicate", "file": "TASK-d367c7f0a69accff2e52948d85e2cfc9.4e6a1f5401af1748.json"}
{"action": "duplicate", "file": "TASK-d367c7f0a69accff2e52948d85e2cfc9.ea2062ab82f012d7.json"}
{"action": "duplicate", "file": "TASK-ec6e000af508cc684f074d56cf1d65d4.b881328d94ee8f91.json"}
{"action": "skipped", "code": "DOMAIN_MISMATCH", "file": "interleaved-003-stocks.json", "state": "REJECTED"}
{"action": "duplicate", "file": "redelivered-001-TASK-5a61224f3e2255c51110cfae4b996804.8ed028653ee08b24.json"}
{"action": "duplicate", "file": "redelivered-005-TASK-44ab5a05adcbec305debd521451ac735.299b328a5b7b3530.json"}
--- stderr
--- end
{"n": 39, "label": "propose duplicate 5", "at": "2026-09-28T18:06:39Z", "seconds": 0.338, "argv": ["/home/runner/work/_temp/work/rt/cain-venv/bin/cain", "research", "propose", "--domain", "crypto", "--state", "/home/runner/work/_temp/work/soak/cain-state", "--proposal", "/home/runner/work/_temp/work/soak/proposals/005-again.json", "--as-of", "2026-09-28T18:06:39Z"], "fault_env": {}, "exit": 0}
--- stdout
{"decision": "DUPLICATE", "episode_id": "crypto:episode-8", "reason_code": "DUPLICATE_REQUEST", "receipt_sha256": "dca61b930b81ba107e527cd70c0e3928d6b458153ed550070115392945619b04", "rule": "R08", "status": "RECORDED", "task": null}
--- stderr
--- end
{"n": 40, "label": "propose 6 (fault)", "at": "2026-09-28T18:06:40Z", "seconds": 0.39, "argv": ["/home/runner/work/_temp/work/rt/cain-venv/bin/cain", "research", "propose", "--domain", "crypto", "--state", "/home/runner/work/_temp/work/soak/cain-state", "--proposal", "/home/runner/work/_temp/work/soak/proposals/006.json", "--as-of", "2026-09-28T18:06:39Z"], "fault_env": {"CAIN_ORCHESTRATION_FAULT": "after_outbox_commit"}, "exit": 86}
--- stdout
--- stderr
--- end
{"n": 41, "label": "propose 6 (after restart)", "at": "2026-09-28T18:06:40Z", "seconds": 0.102, "argv": ["/home/runner/work/_temp/work/rt/cain-venv/bin/cain", "research", "propose", "--domain", "crypto", "--state", "/home/runner/work/_temp/work/soak/cain-state", "--proposal", "/home/runner/work/_temp/work/soak/proposals/006.json", "--as-of", "2026-09-28T18:06:39Z"], "fault_env": {}, "exit": 0}
--- stdout
{"decision": "ALLOW", "episode_id": "crypto:episode-9", "reason_code": "ALLOWED", "receipt_sha256": "6cb3f59051c34f8af98ac3a2656dcfe81c78f72749da269bc057b9497dc7419f", "rule": "R14", "status": "EXISTING", "task": {"payload_sha256": "fd7f2210dd6844cf1275756fea811c0017578701106f0c4caf8b540666733020", "previous_task_id": "crypto:TASK-44ab5a05adcbec305debd521451ac735", "task_id": "crypto:TASK-14e7ea21534e45e23a4277dac60a4f2a"}}
--- stderr
--- end
{"n": 42, "label": "dispatch 6", "at": "2026-09-28T18:06:40Z", "seconds": 0.402, "argv": ["/home/runner/work/_temp/work/rt/cain-venv/bin/cain", "research", "dispatch", "--domain", "crypto", "--state", "/home/runner/work/_temp/work/soak/cain-state", "--spool", "/home/runner/work/_temp/work/soak/spool"], "fault_env": {}, "exit": 0}
--- stdout
{"action": "dispatched", "file": "crypto/tasks/TASK-14e7ea21534e45e23a4277dac60a4f2a.json", "spool": "WRITTEN", "task_id": "crypto:TASK-14e7ea21534e45e23a4277dac60a4f2a"}
--- stderr
--- end
{"n": 43, "label": "consumer 6 (fault)", "at": "2026-09-28T18:06:41Z", "seconds": 0.421, "argv": ["/home/runner/work/_temp/work/rt/consumer-venv/bin/predictor-research-consumer", "--domain", "crypto", "--spool", "/home/runner/work/_temp/work/soak/spool", "--ledger", "/home/runner/work/_temp/work/soak/consumer/ledger.sqlite", "--state", "/home/runner/work/_temp/work/soak/domain-state", "--policy", "/home/runner/work/_temp/work/rt/op/policy.json", "--objects", "/home/runner/work/_temp/work/rt/op/objects"], "fault_env": {"PREDICTOR_RESEARCH_TRANSPORT_FAULT": "after_domain_before_result_write"}, "exit": 86}
--- stdout
--- stderr
{"duration_ms": 206, "event": "job_finished", "job_id": "crypto-research-95c529b41cf598ead8ded615", "level": "INFO", "run_id": "a888813c454542edbbae52d473b6e093", "run_status": "SUCCEEDED", "service": "predictor_ops", "timestamp": "2026-09-28T18:06:41.145322Z"}
--- end
{"n": 44, "label": "consumer 6", "at": "2026-09-28T18:06:41Z", "seconds": 0.154, "argv": ["/home/runner/work/_temp/work/rt/consumer-venv/bin/predictor-research-consumer", "--domain", "crypto", "--spool", "/home/runner/work/_temp/work/soak/spool", "--ledger", "/home/runner/work/_temp/work/soak/consumer/ledger.sqlite", "--state", "/home/runner/work/_temp/work/soak/domain-state", "--policy", "/home/runner/work/_temp/work/rt/op/policy.json", "--objects", "/home/runner/work/_temp/work/rt/op/objects"], "fault_env": {}, "exit": 0}
--- stdout
{"action": "skipped", "episode_id": "crypto:episode-1", "state": "TERMINAL_RESULT", "status": "RESULT", "task_id": "crypto:TASK-5a61224f3e2255c51110cfae4b996804"}
{"action": "skipped", "episode_id": "crypto:episode-3", "state": "TERMINAL_RESULT", "status": "DUPLICATE", "task_id": "crypto:TASK-ec6e000af508cc684f074d56cf1d65d4"}
{"action": "skipped", "episode_id": "crypto:episode-4", "state": "TERMINAL_RESULT", "status": "RESULT", "task_id": "crypto:TASK-c0756a400f58e2eb20df8cd25130c567"}
{"action": "skipped", "episode_id": "crypto:episode-6", "state": "TERMINAL_RESULT", "status": "RESULT", "task_id": "crypto:TASK-d367c7f0a69accff2e52948d85e2cfc9"}
{"action": "skipped", "episode_id": "crypto:episode-7", "state": "TERMINAL_RESULT", "status": "RESULT", "task_id": "crypto:TASK-44ab5a05adcbec305debd521451ac735"}
{"action": "delivered", "attempt": 2, "class": "TERMINAL_RESULT", "episode_id": "crypto:episode-9", "result_file": "crypto/results/TASK-14e7ea21534e45e23a4277dac60a4f2a.362eb9030a46ae8e.json", "result_write": "WRITTEN", "status": "DUPLICATE", "task_id": "crypto:TASK-14e7ea21534e45e23a4277dac60a4f2a"}
--- stderr
--- end
{"n": 45, "label": "ingest 6", "at": "2026-09-28T18:06:41Z", "seconds": 0.107, "argv": ["/home/runner/work/_temp/work/rt/cain-venv/bin/cain", "research", "ingest", "--domain", "crypto", "--state", "/home/runner/work/_temp/work/soak/cain-state", "--spool", "/home/runner/work/_temp/work/soak/spool"], "fault_env": {}, "exit": 0}
--- stdout
{"action": "ingested", "class": "TERMINAL_RESULT", "fact": "fact:518ed21e7917401eb9d339353ce9fa4e", "file": "TASK-14e7ea21534e45e23a4277dac60a4f2a.362eb9030a46ae8e.json", "status": "DUPLICATE", "task_id": "crypto:TASK-14e7ea21534e45e23a4277dac60a4f2a"}
{"action": "duplicate", "file": "TASK-44ab5a05adcbec305debd521451ac735.299b328a5b7b3530.json"}
{"action": "duplicate", "file": "TASK-5a61224f3e2255c51110cfae4b996804.8ed028653ee08b24.json"}
{"action": "duplicate", "file": "TASK-c0756a400f58e2eb20df8cd25130c567.f16ecae094bd6f23.json"}
{"action": "duplicate", "file": "TASK-d367c7f0a69accff2e52948d85e2cfc9.4e6a1f5401af1748.json"}
{"action": "duplicate", "file": "TASK-d367c7f0a69accff2e52948d85e2cfc9.ea2062ab82f012d7.json"}
{"action": "duplicate", "file": "TASK-ec6e000af508cc684f074d56cf1d65d4.b881328d94ee8f91.json"}
{"action": "skipped", "code": "DOMAIN_MISMATCH", "file": "interleaved-003-stocks.json", "state": "REJECTED"}
{"action": "duplicate", "file": "redelivered-001-TASK-5a61224f3e2255c51110cfae4b996804.8ed028653ee08b24.json"}
{"action": "duplicate", "file": "redelivered-005-TASK-44ab5a05adcbec305debd521451ac735.299b328a5b7b3530.json"}
--- stderr
--- end
{"n": 46, "label": "propose 7", "at": "2026-09-28T18:06:41Z", "seconds": 0.106, "argv": ["/home/runner/work/_temp/work/rt/cain-venv/bin/cain", "research", "propose", "--domain", "crypto", "--state", "/home/runner/work/_temp/work/soak/cain-state", "--proposal", "/home/runner/work/_temp/work/soak/proposals/007.json", "--as-of", "2026-09-28T18:06:41Z"], "fault_env": {}, "exit": 0}
--- stdout
{"decision": "ALLOW", "episode_id": "crypto:episode-10", "reason_code": "ALLOWED", "receipt_sha256": "5334081ea99d27036c015c834949a8d933179e75b260e183dbaf7ed89bd170e1", "rule": "R14", "status": "RECORDED", "task": {"payload_sha256": "1ebdc53c1a60b7c790f8f7ffa67dbd02bd87b4ee60314fd41d3e0355cd0f6b0f", "previous_task_id": "crypto:TASK-14e7ea21534e45e23a4277dac60a4f2a", "task_id": "crypto:TASK-fa5b145dd0e59b9b1f3c53919c0aad7f"}}
--- stderr
--- end
{"n": 47, "label": "dispatch 7 (fault)", "at": "2026-09-28T18:06:41Z", "seconds": 0.088, "argv": ["/home/runner/work/_temp/work/rt/cain-venv/bin/cain", "research", "dispatch", "--domain", "crypto", "--state", "/home/runner/work/_temp/work/soak/cain-state", "--spool", "/home/runner/work/_temp/work/soak/spool"], "fault_env": {"CAIN_ORCHESTRATION_FAULT": "after_spool_write_before_ack"}, "exit": 86}
--- stdout
--- stderr
--- end
{"n": 48, "label": "dispatch 7", "at": "2026-09-28T18:06:41Z", "seconds": 0.101, "argv": ["/home/runner/work/_temp/work/rt/cain-venv/bin/cain", "research", "dispatch", "--domain", "crypto", "--state", "/home/runner/work/_temp/work/soak/cain-state", "--spool", "/home/runner/work/_temp/work/soak/spool"], "fault_env": {}, "exit": 0}
--- stdout
{"action": "dispatched", "file": "crypto/tasks/TASK-fa5b145dd0e59b9b1f3c53919c0aad7f.json", "spool": "EXISTS", "task_id": "crypto:TASK-fa5b145dd0e59b9b1f3c53919c0aad7f"}
--- stderr
--- end
{"n": 49, "label": "consumer 7", "at": "2026-09-28T18:06:42Z", "seconds": 0.414, "argv": ["/home/runner/work/_temp/work/rt/consumer-venv/bin/predictor-research-consumer", "--domain", "crypto", "--spool", "/home/runner/work/_temp/work/soak/spool", "--ledger", "/home/runner/work/_temp/work/soak/consumer/ledger.sqlite", "--state", "/home/runner/work/_temp/work/soak/domain-state", "--policy", "/home/runner/work/_temp/work/rt/op/policy.json", "--objects", "/home/runner/work/_temp/work/rt/op/objects"], "fault_env": {}, "exit": 0}
--- stdout
{"action": "skipped", "episode_id": "crypto:episode-1", "state": "TERMINAL_RESULT", "status": "RESULT", "task_id": "crypto:TASK-5a61224f3e2255c51110cfae4b996804"}
{"action": "skipped", "episode_id": "crypto:episode-3", "state": "TERMINAL_RESULT", "status": "DUPLICATE", "task_id": "crypto:TASK-ec6e000af508cc684f074d56cf1d65d4"}
{"action": "skipped", "episode_id": "crypto:episode-4", "state": "TERMINAL_RESULT", "status": "RESULT", "task_id": "crypto:TASK-c0756a400f58e2eb20df8cd25130c567"}
{"action": "skipped", "episode_id": "crypto:episode-6", "state": "TERMINAL_RESULT", "status": "RESULT", "task_id": "crypto:TASK-d367c7f0a69accff2e52948d85e2cfc9"}
{"action": "skipped", "episode_id": "crypto:episode-7", "state": "TERMINAL_RESULT", "status": "RESULT", "task_id": "crypto:TASK-44ab5a05adcbec305debd521451ac735"}
{"action": "skipped", "episode_id": "crypto:episode-9", "state": "TERMINAL_RESULT", "status": "DUPLICATE", "task_id": "crypto:TASK-14e7ea21534e45e23a4277dac60a4f2a"}
{"action": "delivered", "attempt": 1, "class": "TERMINAL_RESULT", "episode_id": "crypto:episode-10", "result_file": "crypto/results/TASK-fa5b145dd0e59b9b1f3c53919c0aad7f.c2de4272d33bfb49.json", "result_write": "WRITTEN", "status": "RESULT", "task_id": "crypto:TASK-fa5b145dd0e59b9b1f3c53919c0aad7f"}
--- stderr
{"duration_ms": 206, "event": "job_finished", "job_id": "crypto-research-a85b3ad5b545e0d21625bf1e", "level": "INFO", "run_id": "a845c2ef1287499fa8223a7572424c8e", "run_status": "SUCCEEDED", "service": "predictor_ops", "timestamp": "2026-09-28T18:06:42.087408Z"}
--- end
{"n": 50, "label": "ingest 7", "at": "2026-09-28T18:06:42Z", "seconds": 0.434, "argv": ["/home/runner/work/_temp/work/rt/cain-venv/bin/cain", "research", "ingest", "--domain", "crypto", "--state", "/home/runner/work/_temp/work/soak/cain-state", "--spool", "/home/runner/work/_temp/work/soak/spool"], "fault_env": {}, "exit": 0}
--- stdout
{"action": "duplicate", "file": "TASK-14e7ea21534e45e23a4277dac60a4f2a.362eb9030a46ae8e.json"}
{"action": "duplicate", "file": "TASK-44ab5a05adcbec305debd521451ac735.299b328a5b7b3530.json"}
{"action": "duplicate", "file": "TASK-5a61224f3e2255c51110cfae4b996804.8ed028653ee08b24.json"}
{"action": "duplicate", "file": "TASK-c0756a400f58e2eb20df8cd25130c567.f16ecae094bd6f23.json"}
{"action": "duplicate", "file": "TASK-d367c7f0a69accff2e52948d85e2cfc9.4e6a1f5401af1748.json"}
{"action": "duplicate", "file": "TASK-d367c7f0a69accff2e52948d85e2cfc9.ea2062ab82f012d7.json"}
{"action": "duplicate", "file": "TASK-ec6e000af508cc684f074d56cf1d65d4.b881328d94ee8f91.json"}
{"action": "ingested", "class": "TERMINAL_RESULT", "fact": "fact:d875ea272bd74d97acd2b6872431d824", "file": "TASK-fa5b145dd0e59b9b1f3c53919c0aad7f.c2de4272d33bfb49.json", "status": "RESULT", "task_id": "crypto:TASK-fa5b145dd0e59b9b1f3c53919c0aad7f"}
{"action": "skipped", "code": "DOMAIN_MISMATCH", "file": "interleaved-003-stocks.json", "state": "REJECTED"}
{"action": "duplicate", "file": "redelivered-001-TASK-5a61224f3e2255c51110cfae4b996804.8ed028653ee08b24.json"}
{"action": "duplicate", "file": "redelivered-005-TASK-44ab5a05adcbec305debd521451ac735.299b328a5b7b3530.json"}
--- stderr
--- end
{"n": 51, "label": "ingest interleaved brasileirao 7", "at": "2026-09-28T18:06:42Z", "seconds": 0.105, "argv": ["/home/runner/work/_temp/work/rt/cain-venv/bin/cain", "research", "ingest", "--domain", "crypto", "--state", "/home/runner/work/_temp/work/soak/cain-state", "--spool", "/home/runner/work/_temp/work/soak/spool"], "fault_env": {}, "exit": 2}
--- stdout
{"action": "duplicate", "file": "TASK-14e7ea21534e45e23a4277dac60a4f2a.362eb9030a46ae8e.json"}
{"action": "duplicate", "file": "TASK-44ab5a05adcbec305debd521451ac735.299b328a5b7b3530.json"}
{"action": "duplicate", "file": "TASK-5a61224f3e2255c51110cfae4b996804.8ed028653ee08b24.json"}
{"action": "duplicate", "file": "TASK-c0756a400f58e2eb20df8cd25130c567.f16ecae094bd6f23.json"}
{"action": "duplicate", "file": "TASK-d367c7f0a69accff2e52948d85e2cfc9.4e6a1f5401af1748.json"}
{"action": "duplicate", "file": "TASK-d367c7f0a69accff2e52948d85e2cfc9.ea2062ab82f012d7.json"}
{"action": "duplicate", "file": "TASK-ec6e000af508cc684f074d56cf1d65d4.b881328d94ee8f91.json"}
{"action": "duplicate", "file": "TASK-fa5b145dd0e59b9b1f3c53919c0aad7f.c2de4272d33bfb49.json"}
{"action": "skipped", "code": "DOMAIN_MISMATCH", "file": "interleaved-003-stocks.json", "state": "REJECTED"}
{"action": "rejected", "code": "DOMAIN_MISMATCH", "file": "interleaved-007-brasileirao.json", "reason": "result of domain brasileirao"}
{"action": "duplicate", "file": "redelivered-001-TASK-5a61224f3e2255c51110cfae4b996804.8ed028653ee08b24.json"}
{"action": "duplicate", "file": "redelivered-005-TASK-44ab5a05adcbec305debd521451ac735.299b328a5b7b3530.json"}
--- stderr
--- end
{"n": 52, "label": "propose brasileirao H9 into crypto 7", "at": "2026-09-28T18:06:42Z", "seconds": 0.1, "argv": ["/home/runner/work/_temp/work/rt/cain-venv/bin/cain", "research", "propose", "--domain", "crypto", "--state", "/home/runner/work/_temp/work/soak/cain-state", "--proposal", "/home/runner/work/predictor-qualification/predictor-qualification/qualification/integration-crypto/fixtures/proposals/e2e/06-stocks-h9.json", "--as-of", "2026-09-28T18:06:42Z"], "fault_env": {}, "exit": 0}
--- stdout
{"decision": "BLOCK", "episode_id": "crypto:episode-5", "reason_code": "DOMAIN_MISMATCH", "receipt_sha256": "b9eca9a207b411d952fe07377204841b74b113806965f5350395ac25893e0110", "rule": "R01", "status": "EXISTING", "task": null}
--- stderr
--- end
{"n": 53, "label": "propose 8", "at": "2026-09-28T18:06:42Z", "seconds": 0.109, "argv": ["/home/runner/work/_temp/work/rt/cain-venv/bin/cain", "research", "propose", "--domain", "crypto", "--state", "/home/runner/work/_temp/work/soak/cain-state", "--proposal", "/home/runner/work/_temp/work/soak/proposals/008.json", "--as-of", "2026-09-28T18:06:42Z"], "fault_env": {}, "exit": 0}
--- stdout
{"decision": "ALLOW", "episode_id": "crypto:episode-11", "reason_code": "ALLOWED", "receipt_sha256": "cb7a667f36a7459cf0cb5d1d7513adee9b7fc6702ed999dade5f575f73d6b59e", "rule": "R14", "status": "RECORDED", "task": {"payload_sha256": "12835a76c6b49ab13c0908032ad316dd99338c803818a1e94ef4a78d5facb83a", "previous_task_id": "crypto:TASK-fa5b145dd0e59b9b1f3c53919c0aad7f", "task_id": "crypto:TASK-012f5d55aa3000fa92bce4a8de811193"}}
--- stderr
--- end
{"n": 54, "label": "dispatch 8", "at": "2026-09-28T18:06:42Z", "seconds": 0.111, "argv": ["/home/runner/work/_temp/work/rt/cain-venv/bin/cain", "research", "dispatch", "--domain", "crypto", "--state", "/home/runner/work/_temp/work/soak/cain-state", "--spool", "/home/runner/work/_temp/work/soak/spool"], "fault_env": {}, "exit": 0}
--- stdout
{"action": "dispatched", "file": "crypto/tasks/TASK-012f5d55aa3000fa92bce4a8de811193.json", "spool": "WRITTEN", "task_id": "crypto:TASK-012f5d55aa3000fa92bce4a8de811193"}
--- stderr
--- end
{"n": 55, "label": "consumer 8", "at": "2026-09-28T18:06:43Z", "seconds": 0.42, "argv": ["/home/runner/work/_temp/work/rt/consumer-venv/bin/predictor-research-consumer", "--domain", "crypto", "--spool", "/home/runner/work/_temp/work/soak/spool", "--ledger", "/home/runner/work/_temp/work/soak/consumer/ledger.sqlite", "--state", "/home/runner/work/_temp/work/soak/domain-state", "--policy", "/home/runner/work/_temp/work/rt/op/policy.json", "--objects", "/home/runner/work/_temp/work/rt/op/objects"], "fault_env": {}, "exit": 0}
--- stdout
{"action": "skipped", "episode_id": "crypto:episode-1", "state": "TERMINAL_RESULT", "status": "RESULT", "task_id": "crypto:TASK-5a61224f3e2255c51110cfae4b996804"}
{"action": "skipped", "episode_id": "crypto:episode-3", "state": "TERMINAL_RESULT", "status": "DUPLICATE", "task_id": "crypto:TASK-ec6e000af508cc684f074d56cf1d65d4"}
{"action": "skipped", "episode_id": "crypto:episode-4", "state": "TERMINAL_RESULT", "status": "RESULT", "task_id": "crypto:TASK-c0756a400f58e2eb20df8cd25130c567"}
{"action": "skipped", "episode_id": "crypto:episode-6", "state": "TERMINAL_RESULT", "status": "RESULT", "task_id": "crypto:TASK-d367c7f0a69accff2e52948d85e2cfc9"}
{"action": "skipped", "episode_id": "crypto:episode-7", "state": "TERMINAL_RESULT", "status": "RESULT", "task_id": "crypto:TASK-44ab5a05adcbec305debd521451ac735"}
{"action": "skipped", "episode_id": "crypto:episode-9", "state": "TERMINAL_RESULT", "status": "DUPLICATE", "task_id": "crypto:TASK-14e7ea21534e45e23a4277dac60a4f2a"}
{"action": "skipped", "episode_id": "crypto:episode-10", "state": "TERMINAL_RESULT", "status": "RESULT", "task_id": "crypto:TASK-fa5b145dd0e59b9b1f3c53919c0aad7f"}
{"action": "delivered", "attempt": 1, "class": "TERMINAL_RESULT", "episode_id": "crypto:episode-11", "result_file": "crypto/results/TASK-012f5d55aa3000fa92bce4a8de811193.f03a88a1b234ab62.json", "result_write": "WRITTEN", "status": "RESULT", "task_id": "crypto:TASK-012f5d55aa3000fa92bce4a8de811193"}
--- stderr
{"duration_ms": 206, "event": "job_finished", "job_id": "crypto-research-7d1124cb4707b63c1f1cb36b", "level": "INFO", "run_id": "fbb9f6ee8fe2436587e85c3a3787bc4f", "run_status": "SUCCEEDED", "service": "predictor_ops", "timestamp": "2026-09-28T18:06:43.366904Z"}
--- end
{"n": 56, "label": "ingest 8 (fault)", "at": "2026-09-28T18:06:43Z", "seconds": 0.093, "argv": ["/home/runner/work/_temp/work/rt/cain-venv/bin/cain", "research", "ingest", "--domain", "crypto", "--state", "/home/runner/work/_temp/work/soak/cain-state", "--spool", "/home/runner/work/_temp/work/soak/spool"], "fault_env": {"CAIN_ORCHESTRATION_FAULT": "after_inbox_commit_before_memory"}, "exit": 86}
--- stdout
--- stderr
--- end
{"n": 57, "label": "ingest 8", "at": "2026-09-28T18:06:43Z", "seconds": 0.121, "argv": ["/home/runner/work/_temp/work/rt/cain-venv/bin/cain", "research", "ingest", "--domain", "crypto", "--state", "/home/runner/work/_temp/work/soak/cain-state", "--spool", "/home/runner/work/_temp/work/soak/spool"], "fault_env": {}, "exit": 0}
--- stdout
{"action": "remembered", "fact_id": "fact:ba8e09284a694ef0b8360144c2b9d16e", "file": "TASK-012f5d55aa3000fa92bce4a8de811193.f03a88a1b234ab62.json", "reused": false}
{"action": "duplicate", "file": "TASK-14e7ea21534e45e23a4277dac60a4f2a.362eb9030a46ae8e.json"}
{"action": "duplicate", "file": "TASK-44ab5a05adcbec305debd521451ac735.299b328a5b7b3530.json"}
{"action": "duplicate", "file": "TASK-5a61224f3e2255c51110cfae4b996804.8ed028653ee08b24.json"}
{"action": "duplicate", "file": "TASK-c0756a400f58e2eb20df8cd25130c567.f16ecae094bd6f23.json"}
{"action": "duplicate", "file": "TASK-d367c7f0a69accff2e52948d85e2cfc9.4e6a1f5401af1748.json"}
{"action": "duplicate", "file": "TASK-d367c7f0a69accff2e52948d85e2cfc9.ea2062ab82f012d7.json"}
{"action": "duplicate", "file": "TASK-ec6e000af508cc684f074d56cf1d65d4.b881328d94ee8f91.json"}
{"action": "duplicate", "file": "TASK-fa5b145dd0e59b9b1f3c53919c0aad7f.c2de4272d33bfb49.json"}
{"action": "skipped", "code": "DOMAIN_MISMATCH", "file": "interleaved-003-stocks.json", "state": "REJECTED"}
{"action": "skipped", "code": "DOMAIN_MISMATCH", "file": "interleaved-007-brasileirao.json", "state": "REJECTED"}
{"action": "duplicate", "file": "redelivered-001-TASK-5a61224f3e2255c51110cfae4b996804.8ed028653ee08b24.json"}
{"action": "duplicate", "file": "redelivered-005-TASK-44ab5a05adcbec305debd521451ac735.299b328a5b7b3530.json"}
--- stderr
--- end
{"n": 58, "label": "propose 9", "at": "2026-09-28T18:06:43Z", "seconds": 0.114, "argv": ["/home/runner/work/_temp/work/rt/cain-venv/bin/cain", "research", "propose", "--domain", "crypto", "--state", "/home/runner/work/_temp/work/soak/cain-state", "--proposal", "/home/runner/work/_temp/work/soak/proposals/009.json", "--as-of", "2026-09-28T18:06:43Z"], "fault_env": {}, "exit": 0}
--- stdout
{"decision": "ALLOW", "episode_id": "crypto:episode-12", "reason_code": "ALLOWED", "receipt_sha256": "347217075080218d98bb43a58944497c64ce2c89fb8edf26a876bdb1e26a11cc", "rule": "R14", "status": "RECORDED", "task": {"payload_sha256": "4b3f9297dc8f1b3e9f2200bd7b16f6816a167955aea4609fac9b7ba93c8f4c9a", "previous_task_id": "crypto:TASK-012f5d55aa3000fa92bce4a8de811193", "task_id": "crypto:TASK-8075320c169e3679d3da0cbf875ce83d"}}
--- stderr
--- end
{"n": 59, "label": "dispatch 9", "at": "2026-09-28T18:06:43Z", "seconds": 0.105, "argv": ["/home/runner/work/_temp/work/rt/cain-venv/bin/cain", "research", "dispatch", "--domain", "crypto", "--state", "/home/runner/work/_temp/work/soak/cain-state", "--spool", "/home/runner/work/_temp/work/soak/spool"], "fault_env": {}, "exit": 0}
--- stdout
{"action": "dispatched", "file": "crypto/tasks/TASK-8075320c169e3679d3da0cbf875ce83d.json", "spool": "WRITTEN", "task_id": "crypto:TASK-8075320c169e3679d3da0cbf875ce83d"}
--- stderr
--- end
{"n": 60, "label": "consumer 9", "at": "2026-09-28T18:06:44Z", "seconds": 0.415, "argv": ["/home/runner/work/_temp/work/rt/consumer-venv/bin/predictor-research-consumer", "--domain", "crypto", "--spool", "/home/runner/work/_temp/work/soak/spool", "--ledger", "/home/runner/work/_temp/work/soak/consumer/ledger.sqlite", "--state", "/home/runner/work/_temp/work/soak/domain-state", "--policy", "/home/runner/work/_temp/work/rt/op/policy.json", "--objects", "/home/runner/work/_temp/work/rt/op/objects"], "fault_env": {}, "exit": 0}
--- stdout
{"action": "skipped", "episode_id": "crypto:episode-1", "state": "TERMINAL_RESULT", "status": "RESULT", "task_id": "crypto:TASK-5a61224f3e2255c51110cfae4b996804"}
{"action": "skipped", "episode_id": "crypto:episode-3", "state": "TERMINAL_RESULT", "status": "DUPLICATE", "task_id": "crypto:TASK-ec6e000af508cc684f074d56cf1d65d4"}
{"action": "skipped", "episode_id": "crypto:episode-4", "state": "TERMINAL_RESULT", "status": "RESULT", "task_id": "crypto:TASK-c0756a400f58e2eb20df8cd25130c567"}
{"action": "skipped", "episode_id": "crypto:episode-6", "state": "TERMINAL_RESULT", "status": "RESULT", "task_id": "crypto:TASK-d367c7f0a69accff2e52948d85e2cfc9"}
{"action": "skipped", "episode_id": "crypto:episode-7", "state": "TERMINAL_RESULT", "status": "RESULT", "task_id": "crypto:TASK-44ab5a05adcbec305debd521451ac735"}
{"action": "skipped", "episode_id": "crypto:episode-9", "state": "TERMINAL_RESULT", "status": "DUPLICATE", "task_id": "crypto:TASK-14e7ea21534e45e23a4277dac60a4f2a"}
{"action": "skipped", "episode_id": "crypto:episode-10", "state": "TERMINAL_RESULT", "status": "RESULT", "task_id": "crypto:TASK-fa5b145dd0e59b9b1f3c53919c0aad7f"}
{"action": "skipped", "episode_id": "crypto:episode-11", "state": "TERMINAL_RESULT", "status": "RESULT", "task_id": "crypto:TASK-012f5d55aa3000fa92bce4a8de811193"}
{"action": "delivered", "attempt": 1, "class": "TERMINAL_RESULT", "episode_id": "crypto:episode-12", "result_file": "crypto/results/TASK-8075320c169e3679d3da0cbf875ce83d.3d3b141a544007f6.json", "result_write": "WRITTEN", "status": "RESULT", "task_id": "crypto:TASK-8075320c169e3679d3da0cbf875ce83d"}
--- stderr
{"duration_ms": 206, "event": "job_finished", "job_id": "crypto-research-19d29255f73c45bfc461df67", "level": "INFO", "run_id": "eb0a18e02668473a94cdf4281e362158", "run_status": "SUCCEEDED", "service": "predictor_ops", "timestamp": "2026-09-28T18:06:44.218525Z"}
--- end
{"n": 61, "label": "ingest 9 (fault)", "at": "2026-09-28T18:06:44Z", "seconds": 0.096, "argv": ["/home/runner/work/_temp/work/rt/cain-venv/bin/cain", "research", "ingest", "--domain", "crypto", "--state", "/home/runner/work/_temp/work/soak/cain-state", "--spool", "/home/runner/work/_temp/work/soak/spool"], "fault_env": {"CAIN_ORCHESTRATION_FAULT": "after_memory_commit"}, "exit": 86}
--- stdout
--- stderr
--- end
{"n": 62, "label": "ingest 9", "at": "2026-09-28T18:06:44Z", "seconds": 0.102, "argv": ["/home/runner/work/_temp/work/rt/cain-venv/bin/cain", "research", "ingest", "--domain", "crypto", "--state", "/home/runner/work/_temp/work/soak/cain-state", "--spool", "/home/runner/work/_temp/work/soak/spool"], "fault_env": {}, "exit": 0}
--- stdout
{"action": "duplicate", "file": "TASK-012f5d55aa3000fa92bce4a8de811193.f03a88a1b234ab62.json"}
{"action": "duplicate", "file": "TASK-14e7ea21534e45e23a4277dac60a4f2a.362eb9030a46ae8e.json"}
{"action": "duplicate", "file": "TASK-44ab5a05adcbec305debd521451ac735.299b328a5b7b3530.json"}
{"action": "duplicate", "file": "TASK-5a61224f3e2255c51110cfae4b996804.8ed028653ee08b24.json"}
{"action": "duplicate", "file": "TASK-8075320c169e3679d3da0cbf875ce83d.3d3b141a544007f6.json"}
{"action": "duplicate", "file": "TASK-c0756a400f58e2eb20df8cd25130c567.f16ecae094bd6f23.json"}
{"action": "duplicate", "file": "TASK-d367c7f0a69accff2e52948d85e2cfc9.4e6a1f5401af1748.json"}
{"action": "duplicate", "file": "TASK-d367c7f0a69accff2e52948d85e2cfc9.ea2062ab82f012d7.json"}
{"action": "duplicate", "file": "TASK-ec6e000af508cc684f074d56cf1d65d4.b881328d94ee8f91.json"}
{"action": "duplicate", "file": "TASK-fa5b145dd0e59b9b1f3c53919c0aad7f.c2de4272d33bfb49.json"}
{"action": "skipped", "code": "DOMAIN_MISMATCH", "file": "interleaved-003-stocks.json", "state": "REJECTED"}
{"action": "skipped", "code": "DOMAIN_MISMATCH", "file": "interleaved-007-brasileirao.json", "state": "REJECTED"}
{"action": "duplicate", "file": "redelivered-001-TASK-5a61224f3e2255c51110cfae4b996804.8ed028653ee08b24.json"}
{"action": "duplicate", "file": "redelivered-005-TASK-44ab5a05adcbec305debd521451ac735.299b328a5b7b3530.json"}
--- stderr
--- end
{"n": 63, "label": "resend 9", "at": "2026-09-28T18:06:44Z", "seconds": 0.117, "argv": ["/home/runner/work/_temp/work/rt/cain-venv/bin/cain", "research", "dispatch", "--domain", "crypto", "--state", "/home/runner/work/_temp/work/soak/cain-state", "--spool", "/home/runner/work/_temp/work/soak/spool", "--resend"], "fault_env": {}, "exit": 0}
--- stdout
{"action": "dispatched", "file": "crypto/tasks/TASK-5a61224f3e2255c51110cfae4b996804.json", "spool": "EXISTS", "task_id": "crypto:TASK-5a61224f3e2255c51110cfae4b996804"}
{"action": "dispatched", "file": "crypto/tasks/TASK-ec6e000af508cc684f074d56cf1d65d4.json", "spool": "EXISTS", "task_id": "crypto:TASK-ec6e000af508cc684f074d56cf1d65d4"}
{"action": "dispatched", "file": "crypto/tasks/TASK-c0756a400f58e2eb20df8cd25130c567.json", "spool": "EXISTS", "task_id": "crypto:TASK-c0756a400f58e2eb20df8cd25130c567"}
{"action": "dispatched", "file": "crypto/tasks/TASK-d367c7f0a69accff2e52948d85e2cfc9.json", "spool": "EXISTS", "task_id": "crypto:TASK-d367c7f0a69accff2e52948d85e2cfc9"}
{"action": "dispatched", "file": "crypto/tasks/TASK-44ab5a05adcbec305debd521451ac735.json", "spool": "EXISTS", "task_id": "crypto:TASK-44ab5a05adcbec305debd521451ac735"}
{"action": "dispatched", "file": "crypto/tasks/TASK-14e7ea21534e45e23a4277dac60a4f2a.json", "spool": "EXISTS", "task_id": "crypto:TASK-14e7ea21534e45e23a4277dac60a4f2a"}
{"action": "dispatched", "file": "crypto/tasks/TASK-fa5b145dd0e59b9b1f3c53919c0aad7f.json", "spool": "EXISTS", "task_id": "crypto:TASK-fa5b145dd0e59b9b1f3c53919c0aad7f"}
{"action": "dispatched", "file": "crypto/tasks/TASK-012f5d55aa3000fa92bce4a8de811193.json", "spool": "EXISTS", "task_id": "crypto:TASK-012f5d55aa3000fa92bce4a8de811193"}
{"action": "dispatched", "file": "crypto/tasks/TASK-8075320c169e3679d3da0cbf875ce83d.json", "spool": "EXISTS", "task_id": "crypto:TASK-8075320c169e3679d3da0cbf875ce83d"}
--- stderr
--- end
{"n": 64, "label": "consumer resend 9", "at": "2026-09-28T18:06:44Z", "seconds": 0.136, "argv": ["/home/runner/work/_temp/work/rt/consumer-venv/bin/predictor-research-consumer", "--domain", "crypto", "--spool", "/home/runner/work/_temp/work/soak/spool", "--ledger", "/home/runner/work/_temp/work/soak/consumer/ledger.sqlite", "--state", "/home/runner/work/_temp/work/soak/domain-state", "--policy", "/home/runner/work/_temp/work/rt/op/policy.json", "--objects", "/home/runner/work/_temp/work/rt/op/objects"], "fault_env": {}, "exit": 0}
--- stdout
{"action": "skipped", "episode_id": "crypto:episode-1", "state": "TERMINAL_RESULT", "status": "RESULT", "task_id": "crypto:TASK-5a61224f3e2255c51110cfae4b996804"}
{"action": "skipped", "episode_id": "crypto:episode-3", "state": "TERMINAL_RESULT", "status": "DUPLICATE", "task_id": "crypto:TASK-ec6e000af508cc684f074d56cf1d65d4"}
{"action": "skipped", "episode_id": "crypto:episode-4", "state": "TERMINAL_RESULT", "status": "RESULT", "task_id": "crypto:TASK-c0756a400f58e2eb20df8cd25130c567"}
{"action": "skipped", "episode_id": "crypto:episode-6", "state": "TERMINAL_RESULT", "status": "RESULT", "task_id": "crypto:TASK-d367c7f0a69accff2e52948d85e2cfc9"}
{"action": "skipped", "episode_id": "crypto:episode-7", "state": "TERMINAL_RESULT", "status": "RESULT", "task_id": "crypto:TASK-44ab5a05adcbec305debd521451ac735"}
{"action": "skipped", "episode_id": "crypto:episode-9", "state": "TERMINAL_RESULT", "status": "DUPLICATE", "task_id": "crypto:TASK-14e7ea21534e45e23a4277dac60a4f2a"}
{"action": "skipped", "episode_id": "crypto:episode-10", "state": "TERMINAL_RESULT", "status": "RESULT", "task_id": "crypto:TASK-fa5b145dd0e59b9b1f3c53919c0aad7f"}
{"action": "skipped", "episode_id": "crypto:episode-11", "state": "TERMINAL_RESULT", "status": "RESULT", "task_id": "crypto:TASK-012f5d55aa3000fa92bce4a8de811193"}
{"action": "skipped", "episode_id": "crypto:episode-12", "state": "TERMINAL_RESULT", "status": "RESULT", "task_id": "crypto:TASK-8075320c169e3679d3da0cbf875ce83d"}
--- stderr
--- end
{"n": 65, "label": "ingest redelivered 9", "at": "2026-09-28T18:06:44Z", "seconds": 0.103, "argv": ["/home/runner/work/_temp/work/rt/cain-venv/bin/cain", "research", "ingest", "--domain", "crypto", "--state", "/home/runner/work/_temp/work/soak/cain-state", "--spool", "/home/runner/work/_temp/work/soak/spool"], "fault_env": {}, "exit": 0}
--- stdout
{"action": "duplicate", "file": "TASK-012f5d55aa3000fa92bce4a8de811193.f03a88a1b234ab62.json"}
{"action": "duplicate", "file": "TASK-14e7ea21534e45e23a4277dac60a4f2a.362eb9030a46ae8e.json"}
{"action": "duplicate", "file": "TASK-44ab5a05adcbec305debd521451ac735.299b328a5b7b3530.json"}
{"action": "duplicate", "file": "TASK-5a61224f3e2255c51110cfae4b996804.8ed028653ee08b24.json"}
{"action": "duplicate", "file": "TASK-8075320c169e3679d3da0cbf875ce83d.3d3b141a544007f6.json"}
{"action": "duplicate", "file": "TASK-c0756a400f58e2eb20df8cd25130c567.f16ecae094bd6f23.json"}
{"action": "duplicate", "file": "TASK-d367c7f0a69accff2e52948d85e2cfc9.4e6a1f5401af1748.json"}
{"action": "duplicate", "file": "TASK-d367c7f0a69accff2e52948d85e2cfc9.ea2062ab82f012d7.json"}
{"action": "duplicate", "file": "TASK-ec6e000af508cc684f074d56cf1d65d4.b881328d94ee8f91.json"}
{"action": "duplicate", "file": "TASK-fa5b145dd0e59b9b1f3c53919c0aad7f.c2de4272d33bfb49.json"}
{"action": "skipped", "code": "DOMAIN_MISMATCH", "file": "interleaved-003-stocks.json", "state": "REJECTED"}
{"action": "skipped", "code": "DOMAIN_MISMATCH", "file": "interleaved-007-brasileirao.json", "state": "REJECTED"}
{"action": "duplicate", "file": "redelivered-001-TASK-5a61224f3e2255c51110cfae4b996804.8ed028653ee08b24.json"}
{"action": "duplicate", "file": "redelivered-005-TASK-44ab5a05adcbec305debd521451ac735.299b328a5b7b3530.json"}
{"action": "duplicate", "file": "redelivered-009-TASK-8075320c169e3679d3da0cbf875ce83d.3d3b141a544007f6.json"}
--- stderr
--- end
{"n": 66, "label": "propose duplicate 9", "at": "2026-09-28T18:06:44Z", "seconds": 0.109, "argv": ["/home/runner/work/_temp/work/rt/cain-venv/bin/cain", "research", "propose", "--domain", "crypto", "--state", "/home/runner/work/_temp/work/soak/cain-state", "--proposal", "/home/runner/work/_temp/work/soak/proposals/009-again.json", "--as-of", "2026-09-28T18:06:44Z"], "fault_env": {}, "exit": 0}
--- stdout
{"decision": "DUPLICATE", "episode_id": "crypto:episode-13", "reason_code": "DUPLICATE_REQUEST", "receipt_sha256": "6ef9e0fdbd3707faabda710179fb1ceec9279def6e97172a68fe988dd98cbcc6", "rule": "R08", "status": "RECORDED", "task": null}
--- stderr
--- end
{"n": 67, "label": "propose 10 (fault)", "at": "2026-09-28T18:06:45Z", "seconds": 0.099, "argv": ["/home/runner/work/_temp/work/rt/cain-venv/bin/cain", "research", "propose", "--domain", "crypto", "--state", "/home/runner/work/_temp/work/soak/cain-state", "--proposal", "/home/runner/work/_temp/work/soak/proposals/010.json", "--as-of", "2026-09-28T18:06:44Z"], "fault_env": {"CAIN_ORCHESTRATION_FAULT": "after_decision_before_episode_commit"}, "exit": 86}
--- stdout
--- stderr
--- end
{"n": 68, "label": "propose 10", "at": "2026-09-28T18:06:45Z", "seconds": 0.103, "argv": ["/home/runner/work/_temp/work/rt/cain-venv/bin/cain", "research", "propose", "--domain", "crypto", "--state", "/home/runner/work/_temp/work/soak/cain-state", "--proposal", "/home/runner/work/_temp/work/soak/proposals/010.json", "--as-of", "2026-09-28T18:06:44Z"], "fault_env": {}, "exit": 0}
--- stdout
{"decision": "ALLOW", "episode_id": "crypto:episode-14", "reason_code": "ALLOWED", "receipt_sha256": "76f8ba05397ca6e4ad49967605d5061d57c12498caef6952912841f3c7bd92df", "rule": "R14", "status": "RECORDED", "task": {"payload_sha256": "4255098ef9018249d586f3de25e1b57c32988df21e8009ba81395bec75b5be32", "previous_task_id": "crypto:TASK-8075320c169e3679d3da0cbf875ce83d", "task_id": "crypto:TASK-e1b9c54ae66cb5429906c7192474f592"}}
--- stderr
--- end
{"n": 69, "label": "dispatch 10", "at": "2026-09-28T18:06:45Z", "seconds": 0.101, "argv": ["/home/runner/work/_temp/work/rt/cain-venv/bin/cain", "research", "dispatch", "--domain", "crypto", "--state", "/home/runner/work/_temp/work/soak/cain-state", "--spool", "/home/runner/work/_temp/work/soak/spool"], "fault_env": {}, "exit": 0}
--- stdout
{"action": "dispatched", "file": "crypto/tasks/TASK-e1b9c54ae66cb5429906c7192474f592.json", "spool": "WRITTEN", "task_id": "crypto:TASK-e1b9c54ae66cb5429906c7192474f592"}
--- stderr
--- end
{"n": 70, "label": "consumer 10 (fault)", "at": "2026-09-28T18:06:45Z", "seconds": 0.384, "argv": ["/home/runner/work/_temp/work/rt/consumer-venv/bin/predictor-research-consumer", "--domain", "crypto", "--spool", "/home/runner/work/_temp/work/soak/spool", "--ledger", "/home/runner/work/_temp/work/soak/consumer/ledger.sqlite", "--state", "/home/runner/work/_temp/work/soak/domain-state", "--policy", "/home/runner/work/_temp/work/rt/op/policy.json", "--objects", "/home/runner/work/_temp/work/rt/op/objects"], "fault_env": {"PREDICTOR_RESEARCH_TRANSPORT_FAULT": "after_domain_before_result_write"}, "exit": 86}
--- stdout
--- stderr
{"duration_ms": 206, "event": "job_finished", "job_id": "crypto-research-47b40d53c55ec5943174aaea", "level": "INFO", "run_id": "91ddc0d6b7044fc5a8c2ad6a1cddd323", "run_status": "SUCCEEDED", "service": "predictor_ops", "timestamp": "2026-09-28T18:06:45.597242Z"}
--- end
{"n": 71, "label": "consumer 10 (Ops crash)", "at": "2026-09-28T18:06:45Z", "seconds": 0.157, "argv": ["/home/runner/work/_temp/work/rt/consumer-venv/bin/predictor-research-consumer", "--domain", "crypto", "--spool", "/home/runner/work/_temp/work/soak/spool", "--ledger", "/home/runner/work/_temp/work/soak/consumer/ledger.sqlite", "--state", "/home/runner/work/_temp/work/soak/domain-state", "--policy", "/home/runner/work/_temp/work/rt/op/policy.json", "--objects", "/home/runner/work/_temp/work/rt/op/objects"], "fault_env": {"CRIPTO_RESEARCH_FAULT": "ops_worker_crash"}, "exit": 0}
--- stdout
{"action": "skipped", "episode_id": "crypto:episode-1", "state": "TERMINAL_RESULT", "status": "RESULT", "task_id": "crypto:TASK-5a61224f3e2255c51110cfae4b996804"}
{"action": "skipped", "episode_id": "crypto:episode-3", "state": "TERMINAL_RESULT", "status": "DUPLICATE", "task_id": "crypto:TASK-ec6e000af508cc684f074d56cf1d65d4"}
{"action": "skipped", "episode_id": "crypto:episode-4", "state": "TERMINAL_RESULT", "status": "RESULT", "task_id": "crypto:TASK-c0756a400f58e2eb20df8cd25130c567"}
{"action": "skipped", "episode_id": "crypto:episode-6", "state": "TERMINAL_RESULT", "status": "RESULT", "task_id": "crypto:TASK-d367c7f0a69accff2e52948d85e2cfc9"}
{"action": "skipped", "episode_id": "crypto:episode-7", "state": "TERMINAL_RESULT", "status": "RESULT", "task_id": "crypto:TASK-44ab5a05adcbec305debd521451ac735"}
{"action": "skipped", "episode_id": "crypto:episode-9", "state": "TERMINAL_RESULT", "status": "DUPLICATE", "task_id": "crypto:TASK-14e7ea21534e45e23a4277dac60a4f2a"}
{"action": "skipped", "episode_id": "crypto:episode-10", "state": "TERMINAL_RESULT", "status": "RESULT", "task_id": "crypto:TASK-fa5b145dd0e59b9b1f3c53919c0aad7f"}
{"action": "skipped", "episode_id": "crypto:episode-11", "state": "TERMINAL_RESULT", "status": "RESULT", "task_id": "crypto:TASK-012f5d55aa3000fa92bce4a8de811193"}
{"action": "skipped", "episode_id": "crypto:episode-12", "state": "TERMINAL_RESULT", "status": "RESULT", "task_id": "crypto:TASK-8075320c169e3679d3da0cbf875ce83d"}
{"action": "delivered", "attempt": 2, "class": "TERMINAL_RESULT", "episode_id": "crypto:episode-14", "result_file": "crypto/results/TASK-e1b9c54ae66cb5429906c7192474f592.e00bc787dab74447.json", "result_write": "WRITTEN", "status": "DUPLICATE", "task_id": "crypto:TASK-e1b9c54ae66cb5429906c7192474f592"}
--- stderr
--- end
{"n": 72, "label": "ingest 10 retryable", "at": "2026-09-28T18:06:45Z", "seconds": 0.111, "argv": ["/home/runner/work/_temp/work/rt/cain-venv/bin/cain", "research", "ingest", "--domain", "crypto", "--state", "/home/runner/work/_temp/work/soak/cain-state", "--spool", "/home/runner/work/_temp/work/soak/spool"], "fault_env": {}, "exit": 0}
--- stdout
{"action": "duplicate", "file": "TASK-012f5d55aa3000fa92bce4a8de811193.f03a88a1b234ab62.json"}
{"action": "duplicate", "file": "TASK-14e7ea21534e45e23a4277dac60a4f2a.362eb9030a46ae8e.json"}
{"action": "duplicate", "file": "TASK-44ab5a05adcbec305debd521451ac735.299b328a5b7b3530.json"}
{"action": "duplicate", "file": "TASK-5a61224f3e2255c51110cfae4b996804.8ed028653ee08b24.json"}
{"action": "duplicate", "file": "TASK-8075320c169e3679d3da0cbf875ce83d.3d3b141a544007f6.json"}
{"action": "duplicate", "file": "TASK-c0756a400f58e2eb20df8cd25130c567.f16ecae094bd6f23.json"}
{"action": "duplicate", "file": "TASK-d367c7f0a69accff2e52948d85e2cfc9.4e6a1f5401af1748.json"}
{"action": "duplicate", "file": "TASK-d367c7f0a69accff2e52948d85e2cfc9.ea2062ab82f012d7.json"}
{"action": "ingested", "class": "TERMINAL_RESULT", "fact": "fact:4d12f75e85a345efbf4f86e21fc61440", "file": "TASK-e1b9c54ae66cb5429906c7192474f592.e00bc787dab74447.json", "status": "DUPLICATE", "task_id": "crypto:TASK-e1b9c54ae66cb5429906c7192474f592"}
{"action": "duplicate", "file": "TASK-ec6e000af508cc684f074d56cf1d65d4.b881328d94ee8f91.json"}
{"action": "duplicate", "file": "TASK-fa5b145dd0e59b9b1f3c53919c0aad7f.c2de4272d33bfb49.json"}
{"action": "skipped", "code": "DOMAIN_MISMATCH", "file": "interleaved-003-stocks.json", "state": "REJECTED"}
{"action": "skipped", "code": "DOMAIN_MISMATCH", "file": "interleaved-007-brasileirao.json", "state": "REJECTED"}
{"action": "duplicate", "file": "redelivered-001-TASK-5a61224f3e2255c51110cfae4b996804.8ed028653ee08b24.json"}
{"action": "duplicate", "file": "redelivered-005-TASK-44ab5a05adcbec305debd521451ac735.299b328a5b7b3530.json"}
{"action": "duplicate", "file": "redelivered-009-TASK-8075320c169e3679d3da0cbf875ce83d.3d3b141a544007f6.json"}
--- stderr
--- end
{"n": 73, "label": "retry 10", "at": "2026-09-28T18:06:45Z", "seconds": 0.105, "argv": ["/home/runner/work/_temp/work/rt/cain-venv/bin/cain", "research", "retry", "--domain", "crypto", "--state", "/home/runner/work/_temp/work/soak/cain-state", "--spool", "/home/runner/work/_temp/work/soak/spool", "--task-id", "crypto:TASK-e1b9c54ae66cb5429906c7192474f592"], "fault_env": {}, "exit": 2}
--- stdout
{"detail": "NOT_RETRYABLE: crypto:TASK-e1b9c54ae66cb5429906c7192474f592 has outcome classes ['TERMINAL_RESULT']", "error": "NOT_RETRYABLE"}
--- stderr
--- end
{"n": 74, "label": "consumer 10", "at": "2026-09-28T18:06:46Z", "seconds": 0.135, "argv": ["/home/runner/work/_temp/work/rt/consumer-venv/bin/predictor-research-consumer", "--domain", "crypto", "--spool", "/home/runner/work/_temp/work/soak/spool", "--ledger", "/home/runner/work/_temp/work/soak/consumer/ledger.sqlite", "--state", "/home/runner/work/_temp/work/soak/domain-state", "--policy", "/home/runner/work/_temp/work/rt/op/policy.json", "--objects", "/home/runner/work/_temp/work/rt/op/objects"], "fault_env": {}, "exit": 0}
--- stdout
{"action": "skipped", "episode_id": "crypto:episode-1", "state": "TERMINAL_RESULT", "status": "RESULT", "task_id": "crypto:TASK-5a61224f3e2255c51110cfae4b996804"}
{"action": "skipped", "episode_id": "crypto:episode-3", "state": "TERMINAL_RESULT", "status": "DUPLICATE", "task_id": "crypto:TASK-ec6e000af508cc684f074d56cf1d65d4"}
{"action": "skipped", "episode_id": "crypto:episode-4", "state": "TERMINAL_RESULT", "status": "RESULT", "task_id": "crypto:TASK-c0756a400f58e2eb20df8cd25130c567"}
{"action": "skipped", "episode_id": "crypto:episode-6", "state": "TERMINAL_RESULT", "status": "RESULT", "task_id": "crypto:TASK-d367c7f0a69accff2e52948d85e2cfc9"}
{"action": "skipped", "episode_id": "crypto:episode-7", "state": "TERMINAL_RESULT", "status": "RESULT", "task_id": "crypto:TASK-44ab5a05adcbec305debd521451ac735"}
{"action": "skipped", "episode_id": "crypto:episode-9", "state": "TERMINAL_RESULT", "status": "DUPLICATE", "task_id": "crypto:TASK-14e7ea21534e45e23a4277dac60a4f2a"}
{"action": "skipped", "episode_id": "crypto:episode-10", "state": "TERMINAL_RESULT", "status": "RESULT", "task_id": "crypto:TASK-fa5b145dd0e59b9b1f3c53919c0aad7f"}
{"action": "skipped", "episode_id": "crypto:episode-11", "state": "TERMINAL_RESULT", "status": "RESULT", "task_id": "crypto:TASK-012f5d55aa3000fa92bce4a8de811193"}
{"action": "skipped", "episode_id": "crypto:episode-12", "state": "TERMINAL_RESULT", "status": "RESULT", "task_id": "crypto:TASK-8075320c169e3679d3da0cbf875ce83d"}
{"action": "skipped", "episode_id": "crypto:episode-14", "state": "TERMINAL_RESULT", "status": "DUPLICATE", "task_id": "crypto:TASK-e1b9c54ae66cb5429906c7192474f592"}
--- stderr
--- end
{"n": 75, "label": "ingest 10", "at": "2026-09-28T18:06:46Z", "seconds": 0.1, "argv": ["/home/runner/work/_temp/work/rt/cain-venv/bin/cain", "research", "ingest", "--domain", "crypto", "--state", "/home/runner/work/_temp/work/soak/cain-state", "--spool", "/home/runner/work/_temp/work/soak/spool"], "fault_env": {}, "exit": 0}
--- stdout
{"action": "duplicate", "file": "TASK-012f5d55aa3000fa92bce4a8de811193.f03a88a1b234ab62.json"}
{"action": "duplicate", "file": "TASK-14e7ea21534e45e23a4277dac60a4f2a.362eb9030a46ae8e.json"}
{"action": "duplicate", "file": "TASK-44ab5a05adcbec305debd521451ac735.299b328a5b7b3530.json"}
{"action": "duplicate", "file": "TASK-5a61224f3e2255c51110cfae4b996804.8ed028653ee08b24.json"}
{"action": "duplicate", "file": "TASK-8075320c169e3679d3da0cbf875ce83d.3d3b141a544007f6.json"}
{"action": "duplicate", "file": "TASK-c0756a400f58e2eb20df8cd25130c567.f16ecae094bd6f23.json"}
{"action": "duplicate", "file": "TASK-d367c7f0a69accff2e52948d85e2cfc9.4e6a1f5401af1748.json"}
{"action": "duplicate", "file": "TASK-d367c7f0a69accff2e52948d85e2cfc9.ea2062ab82f012d7.json"}
{"action": "duplicate", "file": "TASK-e1b9c54ae66cb5429906c7192474f592.e00bc787dab74447.json"}
{"action": "duplicate", "file": "TASK-ec6e000af508cc684f074d56cf1d65d4.b881328d94ee8f91.json"}
{"action": "duplicate", "file": "TASK-fa5b145dd0e59b9b1f3c53919c0aad7f.c2de4272d33bfb49.json"}
{"action": "skipped", "code": "DOMAIN_MISMATCH", "file": "interleaved-003-stocks.json", "state": "REJECTED"}
{"action": "skipped", "code": "DOMAIN_MISMATCH", "file": "interleaved-007-brasileirao.json", "state": "REJECTED"}
{"action": "duplicate", "file": "redelivered-001-TASK-5a61224f3e2255c51110cfae4b996804.8ed028653ee08b24.json"}
{"action": "duplicate", "file": "redelivered-005-TASK-44ab5a05adcbec305debd521451ac735.299b328a5b7b3530.json"}
{"action": "duplicate", "file": "redelivered-009-TASK-8075320c169e3679d3da0cbf875ce83d.3d3b141a544007f6.json"}
--- stderr
--- end
{"n": 76, "label": "propose 11", "at": "2026-09-28T18:06:46Z", "seconds": 0.105, "argv": ["/home/runner/work/_temp/work/rt/cain-venv/bin/cain", "research", "propose", "--domain", "crypto", "--state", "/home/runner/work/_temp/work/soak/cain-state", "--proposal", "/home/runner/work/_temp/work/soak/proposals/011.json", "--as-of", "2026-09-28T18:06:46Z"], "fault_env": {}, "exit": 0}
--- stdout
{"decision": "ALLOW", "episode_id": "crypto:episode-15", "reason_code": "ALLOWED", "receipt_sha256": "de3cc6973be3194ede88b205c383f0a6f2ebde05f7ac2c83c8e3aafece4eeaa2", "rule": "R14", "status": "RECORDED", "task": {"payload_sha256": "35a1b28a7a05f2c97cff1964fd3273f9550aaabdefde072c598a7848f249c020", "previous_task_id": "crypto:TASK-e1b9c54ae66cb5429906c7192474f592", "task_id": "crypto:TASK-14a347da62048ed8c735e34ddf54bc5b"}}
--- stderr
--- end
{"n": 77, "label": "dispatch 11", "at": "2026-09-28T18:06:46Z", "seconds": 0.1, "argv": ["/home/runner/work/_temp/work/rt/cain-venv/bin/cain", "research", "dispatch", "--domain", "crypto", "--state", "/home/runner/work/_temp/work/soak/cain-state", "--spool", "/home/runner/work/_temp/work/soak/spool"], "fault_env": {}, "exit": 0}
--- stdout
{"action": "dispatched", "file": "crypto/tasks/TASK-14a347da62048ed8c735e34ddf54bc5b.json", "spool": "WRITTEN", "task_id": "crypto:TASK-14a347da62048ed8c735e34ddf54bc5b"}
--- stderr
--- end
{"n": 78, "label": "consumer 11", "at": "2026-09-28T18:06:46Z", "seconds": 0.454, "argv": ["/home/runner/work/_temp/work/rt/consumer-venv/bin/predictor-research-consumer", "--domain", "crypto", "--spool", "/home/runner/work/_temp/work/soak/spool", "--ledger", "/home/runner/work/_temp/work/soak/consumer/ledger.sqlite", "--state", "/home/runner/work/_temp/work/soak/domain-state", "--policy", "/home/runner/work/_temp/work/rt/op/policy.json", "--objects", "/home/runner/work/_temp/work/rt/op/objects"], "fault_env": {}, "exit": 0}
--- stdout
{"action": "skipped", "episode_id": "crypto:episode-1", "state": "TERMINAL_RESULT", "status": "RESULT", "task_id": "crypto:TASK-5a61224f3e2255c51110cfae4b996804"}
{"action": "skipped", "episode_id": "crypto:episode-3", "state": "TERMINAL_RESULT", "status": "DUPLICATE", "task_id": "crypto:TASK-ec6e000af508cc684f074d56cf1d65d4"}
{"action": "skipped", "episode_id": "crypto:episode-4", "state": "TERMINAL_RESULT", "status": "RESULT", "task_id": "crypto:TASK-c0756a400f58e2eb20df8cd25130c567"}
{"action": "skipped", "episode_id": "crypto:episode-6", "state": "TERMINAL_RESULT", "status": "RESULT", "task_id": "crypto:TASK-d367c7f0a69accff2e52948d85e2cfc9"}
{"action": "skipped", "episode_id": "crypto:episode-7", "state": "TERMINAL_RESULT", "status": "RESULT", "task_id": "crypto:TASK-44ab5a05adcbec305debd521451ac735"}
{"action": "skipped", "episode_id": "crypto:episode-9", "state": "TERMINAL_RESULT", "status": "DUPLICATE", "task_id": "crypto:TASK-14e7ea21534e45e23a4277dac60a4f2a"}
{"action": "skipped", "episode_id": "crypto:episode-10", "state": "TERMINAL_RESULT", "status": "RESULT", "task_id": "crypto:TASK-fa5b145dd0e59b9b1f3c53919c0aad7f"}
{"action": "skipped", "episode_id": "crypto:episode-11", "state": "TERMINAL_RESULT", "status": "RESULT", "task_id": "crypto:TASK-012f5d55aa3000fa92bce4a8de811193"}
{"action": "skipped", "episode_id": "crypto:episode-12", "state": "TERMINAL_RESULT", "status": "RESULT", "task_id": "crypto:TASK-8075320c169e3679d3da0cbf875ce83d"}
{"action": "skipped", "episode_id": "crypto:episode-14", "state": "TERMINAL_RESULT", "status": "DUPLICATE", "task_id": "crypto:TASK-e1b9c54ae66cb5429906c7192474f592"}
{"action": "delivered", "attempt": 1, "class": "TERMINAL_RESULT", "episode_id": "crypto:episode-15", "result_file": "crypto/results/TASK-14a347da62048ed8c735e34ddf54bc5b.b3697728625b7f81.json", "result_write": "WRITTEN", "status": "RESULT", "task_id": "crypto:TASK-14a347da62048ed8c735e34ddf54bc5b"}
--- stderr
{"duration_ms": 207, "event": "job_finished", "job_id": "crypto-research-5c57c4fde032024ffac28d47", "level": "INFO", "run_id": "0a82fc1bb1334437a14f4817256f11d2", "run_status": "SUCCEEDED", "service": "predictor_ops", "timestamp": "2026-09-28T18:06:46.829898Z"}
--- end
{"n": 79, "label": "ingest 11", "at": "2026-09-28T18:06:46Z", "seconds": 0.117, "argv": ["/home/runner/work/_temp/work/rt/cain-venv/bin/cain", "research", "ingest", "--domain", "crypto", "--state", "/home/runner/work/_temp/work/soak/cain-state", "--spool", "/home/runner/work/_temp/work/soak/spool"], "fault_env": {}, "exit": 0}
--- stdout
{"action": "duplicate", "file": "TASK-012f5d55aa3000fa92bce4a8de811193.f03a88a1b234ab62.json"}
{"action": "ingested", "class": "TERMINAL_RESULT", "fact": "fact:c8aae2550a7b4addbc0eda572b378a8a", "file": "TASK-14a347da62048ed8c735e34ddf54bc5b.b3697728625b7f81.json", "status": "RESULT", "task_id": "crypto:TASK-14a347da62048ed8c735e34ddf54bc5b"}
{"action": "duplicate", "file": "TASK-14e7ea21534e45e23a4277dac60a4f2a.362eb9030a46ae8e.json"}
{"action": "duplicate", "file": "TASK-44ab5a05adcbec305debd521451ac735.299b328a5b7b3530.json"}
{"action": "duplicate", "file": "TASK-5a61224f3e2255c51110cfae4b996804.8ed028653ee08b24.json"}
{"action": "duplicate", "file": "TASK-8075320c169e3679d3da0cbf875ce83d.3d3b141a544007f6.json"}
{"action": "duplicate", "file": "TASK-c0756a400f58e2eb20df8cd25130c567.f16ecae094bd6f23.json"}
{"action": "duplicate", "file": "TASK-d367c7f0a69accff2e52948d85e2cfc9.4e6a1f5401af1748.json"}
{"action": "duplicate", "file": "TASK-d367c7f0a69accff2e52948d85e2cfc9.ea2062ab82f012d7.json"}
{"action": "duplicate", "file": "TASK-e1b9c54ae66cb5429906c7192474f592.e00bc787dab74447.json"}
{"action": "duplicate", "file": "TASK-ec6e000af508cc684f074d56cf1d65d4.b881328d94ee8f91.json"}
{"action": "duplicate", "file": "TASK-fa5b145dd0e59b9b1f3c53919c0aad7f.c2de4272d33bfb49.json"}
{"action": "skipped", "code": "DOMAIN_MISMATCH", "file": "interleaved-003-stocks.json", "state": "REJECTED"}
{"action": "skipped", "code": "DOMAIN_MISMATCH", "file": "interleaved-007-brasileirao.json", "state": "REJECTED"}
{"action": "duplicate", "file": "redelivered-001-TASK-5a61224f3e2255c51110cfae4b996804.8ed028653ee08b24.json"}
{"action": "duplicate", "file": "redelivered-005-TASK-44ab5a05adcbec305debd521451ac735.299b328a5b7b3530.json"}
{"action": "duplicate", "file": "redelivered-009-TASK-8075320c169e3679d3da0cbf875ce83d.3d3b141a544007f6.json"}
--- stderr
--- end
{"n": 80, "label": "ingest interleaved stocks 11", "at": "2026-09-28T18:06:47Z", "seconds": 0.105, "argv": ["/home/runner/work/_temp/work/rt/cain-venv/bin/cain", "research", "ingest", "--domain", "crypto", "--state", "/home/runner/work/_temp/work/soak/cain-state", "--spool", "/home/runner/work/_temp/work/soak/spool"], "fault_env": {}, "exit": 2}
--- stdout
{"action": "duplicate", "file": "TASK-012f5d55aa3000fa92bce4a8de811193.f03a88a1b234ab62.json"}
{"action": "duplicate", "file": "TASK-14a347da62048ed8c735e34ddf54bc5b.b3697728625b7f81.json"}
{"action": "duplicate", "file": "TASK-14e7ea21534e45e23a4277dac60a4f2a.362eb9030a46ae8e.json"}
{"action": "duplicate", "file": "TASK-44ab5a05adcbec305debd521451ac735.299b328a5b7b3530.json"}
{"action": "duplicate", "file": "TASK-5a61224f3e2255c51110cfae4b996804.8ed028653ee08b24.json"}
{"action": "duplicate", "file": "TASK-8075320c169e3679d3da0cbf875ce83d.3d3b141a544007f6.json"}
{"action": "duplicate", "file": "TASK-c0756a400f58e2eb20df8cd25130c567.f16ecae094bd6f23.json"}
{"action": "duplicate", "file": "TASK-d367c7f0a69accff2e52948d85e2cfc9.4e6a1f5401af1748.json"}
{"action": "duplicate", "file": "TASK-d367c7f0a69accff2e52948d85e2cfc9.ea2062ab82f012d7.json"}
{"action": "duplicate", "file": "TASK-e1b9c54ae66cb5429906c7192474f592.e00bc787dab74447.json"}
{"action": "duplicate", "file": "TASK-ec6e000af508cc684f074d56cf1d65d4.b881328d94ee8f91.json"}
{"action": "duplicate", "file": "TASK-fa5b145dd0e59b9b1f3c53919c0aad7f.c2de4272d33bfb49.json"}
{"action": "skipped", "code": "DOMAIN_MISMATCH", "file": "interleaved-003-stocks.json", "state": "REJECTED"}
{"action": "skipped", "code": "DOMAIN_MISMATCH", "file": "interleaved-007-brasileirao.json", "state": "REJECTED"}
{"action": "rejected", "code": "DOMAIN_MISMATCH", "file": "interleaved-011-stocks.json", "reason": "result of domain stocks"}
{"action": "duplicate", "file": "redelivered-001-TASK-5a61224f3e2255c51110cfae4b996804.8ed028653ee08b24.json"}
{"action": "duplicate", "file": "redelivered-005-TASK-44ab5a05adcbec305debd521451ac735.299b328a5b7b3530.json"}
{"action": "duplicate", "file": "redelivered-009-TASK-8075320c169e3679d3da0cbf875ce83d.3d3b141a544007f6.json"}
--- stderr
--- end
{"n": 81, "label": "propose stocks H9 into crypto 11", "at": "2026-09-28T18:06:47Z", "seconds": 0.103, "argv": ["/home/runner/work/_temp/work/rt/cain-venv/bin/cain", "research", "propose", "--domain", "crypto", "--state", "/home/runner/work/_temp/work/soak/cain-state", "--proposal", "/home/runner/work/predictor-qualification/predictor-qualification/qualification/integration-crypto/fixtures/proposals/e2e/06-stocks-h9.json", "--as-of", "2026-09-28T18:06:47Z"], "fault_env": {}, "exit": 0}
--- stdout
{"decision": "BLOCK", "episode_id": "crypto:episode-5", "reason_code": "DOMAIN_MISMATCH", "receipt_sha256": "b9eca9a207b411d952fe07377204841b74b113806965f5350395ac25893e0110", "rule": "R01", "status": "EXISTING", "task": null}
--- stderr
--- end
{"n": 82, "label": "propose 12", "at": "2026-09-28T18:06:47Z", "seconds": 0.11, "argv": ["/home/runner/work/_temp/work/rt/cain-venv/bin/cain", "research", "propose", "--domain", "crypto", "--state", "/home/runner/work/_temp/work/soak/cain-state", "--proposal", "/home/runner/work/_temp/work/soak/proposals/012.json", "--as-of", "2026-09-28T18:06:47Z"], "fault_env": {}, "exit": 0}
--- stdout
{"decision": "ALLOW", "episode_id": "crypto:episode-16", "reason_code": "ALLOWED", "receipt_sha256": "2c9187297914483d70c9699b4146d99e8c8c9ea537e4d03ba5bdde208e6969a6", "rule": "R14", "status": "RECORDED", "task": {"payload_sha256": "f7e5387833cb89a2b72fb4311b034377d2340a2f8487b564449b65c575a483bf", "previous_task_id": "crypto:TASK-14a347da62048ed8c735e34ddf54bc5b", "task_id": "crypto:TASK-6e2d003552c4cdc6a185532267c5931f"}}
--- stderr
--- end
{"n": 83, "label": "dispatch 12", "at": "2026-09-28T18:06:47Z", "seconds": 0.107, "argv": ["/home/runner/work/_temp/work/rt/cain-venv/bin/cain", "research", "dispatch", "--domain", "crypto", "--state", "/home/runner/work/_temp/work/soak/cain-state", "--spool", "/home/runner/work/_temp/work/soak/spool"], "fault_env": {}, "exit": 0}
--- stdout
{"action": "dispatched", "file": "crypto/tasks/TASK-6e2d003552c4cdc6a185532267c5931f.json", "spool": "WRITTEN", "task_id": "crypto:TASK-6e2d003552c4cdc6a185532267c5931f"}
--- stderr
--- end
{"n": 84, "label": "consumer 12", "at": "2026-09-28T18:06:48Z", "seconds": 0.601, "argv": ["/home/runner/work/_temp/work/rt/consumer-venv/bin/predictor-research-consumer", "--domain", "crypto", "--spool", "/home/runner/work/_temp/work/soak/spool", "--ledger", "/home/runner/work/_temp/work/soak/consumer/ledger.sqlite", "--state", "/home/runner/work/_temp/work/soak/domain-state", "--policy", "/home/runner/work/_temp/work/rt/op/policy.json", "--objects", "/home/runner/work/_temp/work/rt/op/objects"], "fault_env": {}, "exit": 0}
--- stdout
{"action": "skipped", "episode_id": "crypto:episode-1", "state": "TERMINAL_RESULT", "status": "RESULT", "task_id": "crypto:TASK-5a61224f3e2255c51110cfae4b996804"}
{"action": "skipped", "episode_id": "crypto:episode-3", "state": "TERMINAL_RESULT", "status": "DUPLICATE", "task_id": "crypto:TASK-ec6e000af508cc684f074d56cf1d65d4"}
{"action": "skipped", "episode_id": "crypto:episode-4", "state": "TERMINAL_RESULT", "status": "RESULT", "task_id": "crypto:TASK-c0756a400f58e2eb20df8cd25130c567"}
{"action": "skipped", "episode_id": "crypto:episode-6", "state": "TERMINAL_RESULT", "status": "RESULT", "task_id": "crypto:TASK-d367c7f0a69accff2e52948d85e2cfc9"}
{"action": "skipped", "episode_id": "crypto:episode-7", "state": "TERMINAL_RESULT", "status": "RESULT", "task_id": "crypto:TASK-44ab5a05adcbec305debd521451ac735"}
{"action": "skipped", "episode_id": "crypto:episode-9", "state": "TERMINAL_RESULT", "status": "DUPLICATE", "task_id": "crypto:TASK-14e7ea21534e45e23a4277dac60a4f2a"}
{"action": "skipped", "episode_id": "crypto:episode-10", "state": "TERMINAL_RESULT", "status": "RESULT", "task_id": "crypto:TASK-fa5b145dd0e59b9b1f3c53919c0aad7f"}
{"action": "skipped", "episode_id": "crypto:episode-11", "state": "TERMINAL_RESULT", "status": "RESULT", "task_id": "crypto:TASK-012f5d55aa3000fa92bce4a8de811193"}
{"action": "skipped", "episode_id": "crypto:episode-12", "state": "TERMINAL_RESULT", "status": "RESULT", "task_id": "crypto:TASK-8075320c169e3679d3da0cbf875ce83d"}
{"action": "skipped", "episode_id": "crypto:episode-14", "state": "TERMINAL_RESULT", "status": "DUPLICATE", "task_id": "crypto:TASK-e1b9c54ae66cb5429906c7192474f592"}
{"action": "skipped", "episode_id": "crypto:episode-15", "state": "TERMINAL_RESULT", "status": "RESULT", "task_id": "crypto:TASK-14a347da62048ed8c735e34ddf54bc5b"}
{"action": "delivered", "attempt": 1, "class": "TERMINAL_RESULT", "episode_id": "crypto:episode-16", "result_file": "crypto/results/TASK-6e2d003552c4cdc6a185532267c5931f.3e917293ff7f6c46.json", "result_write": "WRITTEN", "status": "RESULT", "task_id": "crypto:TASK-6e2d003552c4cdc6a185532267c5931f"}
--- stderr
{"duration_ms": 206, "event": "job_finished", "job_id": "crypto-research-586c7ba5961695a0b036ec8b", "level": "INFO", "run_id": "e2dd631294704a859ba49dba7058c2ee", "run_status": "SUCCEEDED", "service": "predictor_ops", "timestamp": "2026-09-28T18:06:47.973738Z"}
--- end
{"n": 85, "label": "ingest 12", "at": "2026-09-28T18:06:48Z", "seconds": 0.112, "argv": ["/home/runner/work/_temp/work/rt/cain-venv/bin/cain", "research", "ingest", "--domain", "crypto", "--state", "/home/runner/work/_temp/work/soak/cain-state", "--spool", "/home/runner/work/_temp/work/soak/spool"], "fault_env": {}, "exit": 0}
--- stdout
{"action": "duplicate", "file": "TASK-012f5d55aa3000fa92bce4a8de811193.f03a88a1b234ab62.json"}
{"action": "duplicate", "file": "TASK-14a347da62048ed8c735e34ddf54bc5b.b3697728625b7f81.json"}
{"action": "duplicate", "file": "TASK-14e7ea21534e45e23a4277dac60a4f2a.362eb9030a46ae8e.json"}
{"action": "duplicate", "file": "TASK-44ab5a05adcbec305debd521451ac735.299b328a5b7b3530.json"}
{"action": "duplicate", "file": "TASK-5a61224f3e2255c51110cfae4b996804.8ed028653ee08b24.json"}
{"action": "ingested", "class": "TERMINAL_RESULT", "fact": "fact:e7d34d5cee484ba9920c79c0ce217ca9", "file": "TASK-6e2d003552c4cdc6a185532267c5931f.3e917293ff7f6c46.json", "status": "RESULT", "task_id": "crypto:TASK-6e2d003552c4cdc6a185532267c5931f"}
{"action": "duplicate", "file": "TASK-8075320c169e3679d3da0cbf875ce83d.3d3b141a544007f6.json"}
{"action": "duplicate", "file": "TASK-c0756a400f58e2eb20df8cd25130c567.f16ecae094bd6f23.json"}
{"action": "duplicate", "file": "TASK-d367c7f0a69accff2e52948d85e2cfc9.4e6a1f5401af1748.json"}
{"action": "duplicate", "file": "TASK-d367c7f0a69accff2e52948d85e2cfc9.ea2062ab82f012d7.json"}
{"action": "duplicate", "file": "TASK-e1b9c54ae66cb5429906c7192474f592.e00bc787dab74447.json"}
{"action": "duplicate", "file": "TASK-ec6e000af508cc684f074d56cf1d65d4.b881328d94ee8f91.json"}
{"action": "duplicate", "file": "TASK-fa5b145dd0e59b9b1f3c53919c0aad7f.c2de4272d33bfb49.json"}
{"action": "skipped", "code": "DOMAIN_MISMATCH", "file": "interleaved-003-stocks.json", "state": "REJECTED"}
{"action": "skipped", "code": "DOMAIN_MISMATCH", "file": "interleaved-007-brasileirao.json", "state": "REJECTED"}
{"action": "skipped", "code": "DOMAIN_MISMATCH", "file": "interleaved-011-stocks.json", "state": "REJECTED"}
{"action": "duplicate", "file": "redelivered-001-TASK-5a61224f3e2255c51110cfae4b996804.8ed028653ee08b24.json"}
{"action": "duplicate", "file": "redelivered-005-TASK-44ab5a05adcbec305debd521451ac735.299b328a5b7b3530.json"}
{"action": "duplicate", "file": "redelivered-009-TASK-8075320c169e3679d3da0cbf875ce83d.3d3b141a544007f6.json"}
--- stderr
--- end
{"n": 86, "label": "propose 13", "at": "2026-09-28T18:06:48Z", "seconds": 0.108, "argv": ["/home/runner/work/_temp/work/rt/cain-venv/bin/cain", "research", "propose", "--domain", "crypto", "--state", "/home/runner/work/_temp/work/soak/cain-state", "--proposal", "/home/runner/work/_temp/work/soak/proposals/013.json", "--as-of", "2026-09-28T18:06:48Z"], "fault_env": {}, "exit": 0}
--- stdout
{"decision": "ALLOW", "episode_id": "crypto:episode-17", "reason_code": "ALLOWED", "receipt_sha256": "ba8bccb83804c334e9afa7d0eb0433cf49525851db6ea4f4700a890e1179895a", "rule": "R14", "status": "RECORDED", "task": {"payload_sha256": "be8dc32f9bbe2b907c8ac03926ff6ff3552844c6d3cd1eed2cf0ef830c0a1a7b", "previous_task_id": "crypto:TASK-6e2d003552c4cdc6a185532267c5931f", "task_id": "crypto:TASK-a7ff76614894d1b4f94f3f4b8a493849"}}
--- stderr
--- end
{"n": 87, "label": "dispatch 13", "at": "2026-09-28T18:06:48Z", "seconds": 0.101, "argv": ["/home/runner/work/_temp/work/rt/cain-venv/bin/cain", "research", "dispatch", "--domain", "crypto", "--state", "/home/runner/work/_temp/work/soak/cain-state", "--spool", "/home/runner/work/_temp/work/soak/spool"], "fault_env": {}, "exit": 0}
--- stdout
{"action": "dispatched", "file": "crypto/tasks/TASK-a7ff76614894d1b4f94f3f4b8a493849.json", "spool": "WRITTEN", "task_id": "crypto:TASK-a7ff76614894d1b4f94f3f4b8a493849"}
--- stderr
--- end
{"n": 88, "label": "consumer 13", "at": "2026-09-28T18:06:48Z", "seconds": 0.416, "argv": ["/home/runner/work/_temp/work/rt/consumer-venv/bin/predictor-research-consumer", "--domain", "crypto", "--spool", "/home/runner/work/_temp/work/soak/spool", "--ledger", "/home/runner/work/_temp/work/soak/consumer/ledger.sqlite", "--state", "/home/runner/work/_temp/work/soak/domain-state", "--policy", "/home/runner/work/_temp/work/rt/op/policy.json", "--objects", "/home/runner/work/_temp/work/rt/op/objects"], "fault_env": {}, "exit": 0}
--- stdout
{"action": "skipped", "episode_id": "crypto:episode-1", "state": "TERMINAL_RESULT", "status": "RESULT", "task_id": "crypto:TASK-5a61224f3e2255c51110cfae4b996804"}
{"action": "skipped", "episode_id": "crypto:episode-3", "state": "TERMINAL_RESULT", "status": "DUPLICATE", "task_id": "crypto:TASK-ec6e000af508cc684f074d56cf1d65d4"}
{"action": "skipped", "episode_id": "crypto:episode-4", "state": "TERMINAL_RESULT", "status": "RESULT", "task_id": "crypto:TASK-c0756a400f58e2eb20df8cd25130c567"}
{"action": "skipped", "episode_id": "crypto:episode-6", "state": "TERMINAL_RESULT", "status": "RESULT", "task_id": "crypto:TASK-d367c7f0a69accff2e52948d85e2cfc9"}
{"action": "skipped", "episode_id": "crypto:episode-7", "state": "TERMINAL_RESULT", "status": "RESULT", "task_id": "crypto:TASK-44ab5a05adcbec305debd521451ac735"}
{"action": "skipped", "episode_id": "crypto:episode-9", "state": "TERMINAL_RESULT", "status": "DUPLICATE", "task_id": "crypto:TASK-14e7ea21534e45e23a4277dac60a4f2a"}
{"action": "skipped", "episode_id": "crypto:episode-10", "state": "TERMINAL_RESULT", "status": "RESULT", "task_id": "crypto:TASK-fa5b145dd0e59b9b1f3c53919c0aad7f"}
{"action": "skipped", "episode_id": "crypto:episode-11", "state": "TERMINAL_RESULT", "status": "RESULT", "task_id": "crypto:TASK-012f5d55aa3000fa92bce4a8de811193"}
{"action": "skipped", "episode_id": "crypto:episode-12", "state": "TERMINAL_RESULT", "status": "RESULT", "task_id": "crypto:TASK-8075320c169e3679d3da0cbf875ce83d"}
{"action": "skipped", "episode_id": "crypto:episode-14", "state": "TERMINAL_RESULT", "status": "DUPLICATE", "task_id": "crypto:TASK-e1b9c54ae66cb5429906c7192474f592"}
{"action": "skipped", "episode_id": "crypto:episode-15", "state": "TERMINAL_RESULT", "status": "RESULT", "task_id": "crypto:TASK-14a347da62048ed8c735e34ddf54bc5b"}
{"action": "skipped", "episode_id": "crypto:episode-16", "state": "TERMINAL_RESULT", "status": "RESULT", "task_id": "crypto:TASK-6e2d003552c4cdc6a185532267c5931f"}
{"action": "delivered", "attempt": 1, "class": "TERMINAL_RESULT", "episode_id": "crypto:episode-17", "result_file": "crypto/results/TASK-a7ff76614894d1b4f94f3f4b8a493849.17ca57dcab21d0d6.json", "result_write": "WRITTEN", "status": "RESULT", "task_id": "crypto:TASK-a7ff76614894d1b4f94f3f4b8a493849"}
--- stderr
{"duration_ms": 206, "event": "job_finished", "job_id": "crypto-research-f17b22cacfb09f8ebff57faa", "level": "INFO", "run_id": "bf9b7819dda34094a5183c7a1fab525c", "run_status": "SUCCEEDED", "service": "predictor_ops", "timestamp": "2026-09-28T18:06:48.718882Z"}
--- end
{"n": 89, "label": "ingest 13", "at": "2026-09-28T18:06:48Z", "seconds": 0.116, "argv": ["/home/runner/work/_temp/work/rt/cain-venv/bin/cain", "research", "ingest", "--domain", "crypto", "--state", "/home/runner/work/_temp/work/soak/cain-state", "--spool", "/home/runner/work/_temp/work/soak/spool"], "fault_env": {}, "exit": 0}
--- stdout
{"action": "duplicate", "file": "TASK-012f5d55aa3000fa92bce4a8de811193.f03a88a1b234ab62.json"}
{"action": "duplicate", "file": "TASK-14a347da62048ed8c735e34ddf54bc5b.b3697728625b7f81.json"}
{"action": "duplicate", "file": "TASK-14e7ea21534e45e23a4277dac60a4f2a.362eb9030a46ae8e.json"}
{"action": "duplicate", "file": "TASK-44ab5a05adcbec305debd521451ac735.299b328a5b7b3530.json"}
{"action": "duplicate", "file": "TASK-5a61224f3e2255c51110cfae4b996804.8ed028653ee08b24.json"}
{"action": "duplicate", "file": "TASK-6e2d003552c4cdc6a185532267c5931f.3e917293ff7f6c46.json"}
{"action": "duplicate", "file": "TASK-8075320c169e3679d3da0cbf875ce83d.3d3b141a544007f6.json"}
{"action": "ingested", "class": "TERMINAL_RESULT", "fact": "fact:166aff6bc0364b1db6505755557c4ea4", "file": "TASK-a7ff76614894d1b4f94f3f4b8a493849.17ca57dcab21d0d6.json", "status": "RESULT", "task_id": "crypto:TASK-a7ff76614894d1b4f94f3f4b8a493849"}
{"action": "duplicate", "file": "TASK-c0756a400f58e2eb20df8cd25130c567.f16ecae094bd6f23.json"}
{"action": "duplicate", "file": "TASK-d367c7f0a69accff2e52948d85e2cfc9.4e6a1f5401af1748.json"}
{"action": "duplicate", "file": "TASK-d367c7f0a69accff2e52948d85e2cfc9.ea2062ab82f012d7.json"}
{"action": "duplicate", "file": "TASK-e1b9c54ae66cb5429906c7192474f592.e00bc787dab74447.json"}
{"action": "duplicate", "file": "TASK-ec6e000af508cc684f074d56cf1d65d4.b881328d94ee8f91.json"}
{"action": "duplicate", "file": "TASK-fa5b145dd0e59b9b1f3c53919c0aad7f.c2de4272d33bfb49.json"}
{"action": "skipped", "code": "DOMAIN_MISMATCH", "file": "interleaved-003-stocks.json", "state": "REJECTED"}
{"action": "skipped", "code": "DOMAIN_MISMATCH", "file": "interleaved-007-brasileirao.json", "state": "REJECTED"}
{"action": "skipped", "code": "DOMAIN_MISMATCH", "file": "interleaved-011-stocks.json", "state": "REJECTED"}
{"action": "duplicate", "file": "redelivered-001-TASK-5a61224f3e2255c51110cfae4b996804.8ed028653ee08b24.json"}
{"action": "duplicate", "file": "redelivered-005-TASK-44ab5a05adcbec305debd521451ac735.299b328a5b7b3530.json"}
{"action": "duplicate", "file": "redelivered-009-TASK-8075320c169e3679d3da0cbf875ce83d.3d3b141a544007f6.json"}
--- stderr
--- end
{"n": 90, "label": "resend 13", "at": "2026-09-28T18:06:49Z", "seconds": 0.127, "argv": ["/home/runner/work/_temp/work/rt/cain-venv/bin/cain", "research", "dispatch", "--domain", "crypto", "--state", "/home/runner/work/_temp/work/soak/cain-state", "--spool", "/home/runner/work/_temp/work/soak/spool", "--resend"], "fault_env": {}, "exit": 0}
--- stdout
{"action": "dispatched", "file": "crypto/tasks/TASK-5a61224f3e2255c51110cfae4b996804.json", "spool": "EXISTS", "task_id": "crypto:TASK-5a61224f3e2255c51110cfae4b996804"}
{"action": "dispatched", "file": "crypto/tasks/TASK-ec6e000af508cc684f074d56cf1d65d4.json", "spool": "EXISTS", "task_id": "crypto:TASK-ec6e000af508cc684f074d56cf1d65d4"}
{"action": "dispatched", "file": "crypto/tasks/TASK-c0756a400f58e2eb20df8cd25130c567.json", "spool": "EXISTS", "task_id": "crypto:TASK-c0756a400f58e2eb20df8cd25130c567"}
{"action": "dispatched", "file": "crypto/tasks/TASK-d367c7f0a69accff2e52948d85e2cfc9.json", "spool": "EXISTS", "task_id": "crypto:TASK-d367c7f0a69accff2e52948d85e2cfc9"}
{"action": "dispatched", "file": "crypto/tasks/TASK-44ab5a05adcbec305debd521451ac735.json", "spool": "EXISTS", "task_id": "crypto:TASK-44ab5a05adcbec305debd521451ac735"}
{"action": "dispatched", "file": "crypto/tasks/TASK-14e7ea21534e45e23a4277dac60a4f2a.json", "spool": "EXISTS", "task_id": "crypto:TASK-14e7ea21534e45e23a4277dac60a4f2a"}
{"action": "dispatched", "file": "crypto/tasks/TASK-fa5b145dd0e59b9b1f3c53919c0aad7f.json", "spool": "EXISTS", "task_id": "crypto:TASK-fa5b145dd0e59b9b1f3c53919c0aad7f"}
{"action": "dispatched", "file": "crypto/tasks/TASK-012f5d55aa3000fa92bce4a8de811193.json", "spool": "EXISTS", "task_id": "crypto:TASK-012f5d55aa3000fa92bce4a8de811193"}
{"action": "dispatched", "file": "crypto/tasks/TASK-8075320c169e3679d3da0cbf875ce83d.json", "spool": "EXISTS", "task_id": "crypto:TASK-8075320c169e3679d3da0cbf875ce83d"}
{"action": "dispatched", "file": "crypto/tasks/TASK-e1b9c54ae66cb5429906c7192474f592.json", "spool": "EXISTS", "task_id": "crypto:TASK-e1b9c54ae66cb5429906c7192474f592"}
{"action": "dispatched", "file": "crypto/tasks/TASK-14a347da62048ed8c735e34ddf54bc5b.json", "spool": "EXISTS", "task_id": "crypto:TASK-14a347da62048ed8c735e34ddf54bc5b"}
{"action": "dispatched", "file": "crypto/tasks/TASK-6e2d003552c4cdc6a185532267c5931f.json", "spool": "EXISTS", "task_id": "crypto:TASK-6e2d003552c4cdc6a185532267c5931f"}
{"action": "dispatched", "file": "crypto/tasks/TASK-a7ff76614894d1b4f94f3f4b8a493849.json", "spool": "EXISTS", "task_id": "crypto:TASK-a7ff76614894d1b4f94f3f4b8a493849"}
--- stderr
--- end
{"n": 91, "label": "consumer resend 13", "at": "2026-09-28T18:06:49Z", "seconds": 0.141, "argv": ["/home/runner/work/_temp/work/rt/consumer-venv/bin/predictor-research-consumer", "--domain", "crypto", "--spool", "/home/runner/work/_temp/work/soak/spool", "--ledger", "/home/runner/work/_temp/work/soak/consumer/ledger.sqlite", "--state", "/home/runner/work/_temp/work/soak/domain-state", "--policy", "/home/runner/work/_temp/work/rt/op/policy.json", "--objects", "/home/runner/work/_temp/work/rt/op/objects"], "fault_env": {}, "exit": 0}
--- stdout
{"action": "skipped", "episode_id": "crypto:episode-1", "state": "TERMINAL_RESULT", "status": "RESULT", "task_id": "crypto:TASK-5a61224f3e2255c51110cfae4b996804"}
{"action": "skipped", "episode_id": "crypto:episode-3", "state": "TERMINAL_RESULT", "status": "DUPLICATE", "task_id": "crypto:TASK-ec6e000af508cc684f074d56cf1d65d4"}
{"action": "skipped", "episode_id": "crypto:episode-4", "state": "TERMINAL_RESULT", "status": "RESULT", "task_id": "crypto:TASK-c0756a400f58e2eb20df8cd25130c567"}
{"action": "skipped", "episode_id": "crypto:episode-6", "state": "TERMINAL_RESULT", "status": "RESULT", "task_id": "crypto:TASK-d367c7f0a69accff2e52948d85e2cfc9"}
{"action": "skipped", "episode_id": "crypto:episode-7", "state": "TERMINAL_RESULT", "status": "RESULT", "task_id": "crypto:TASK-44ab5a05adcbec305debd521451ac735"}
{"action": "skipped", "episode_id": "crypto:episode-9", "state": "TERMINAL_RESULT", "status": "DUPLICATE", "task_id": "crypto:TASK-14e7ea21534e45e23a4277dac60a4f2a"}
{"action": "skipped", "episode_id": "crypto:episode-10", "state": "TERMINAL_RESULT", "status": "RESULT", "task_id": "crypto:TASK-fa5b145dd0e59b9b1f3c53919c0aad7f"}
{"action": "skipped", "episode_id": "crypto:episode-11", "state": "TERMINAL_RESULT", "status": "RESULT", "task_id": "crypto:TASK-012f5d55aa3000fa92bce4a8de811193"}
{"action": "skipped", "episode_id": "crypto:episode-12", "state": "TERMINAL_RESULT", "status": "RESULT", "task_id": "crypto:TASK-8075320c169e3679d3da0cbf875ce83d"}
{"action": "skipped", "episode_id": "crypto:episode-14", "state": "TERMINAL_RESULT", "status": "DUPLICATE", "task_id": "crypto:TASK-e1b9c54ae66cb5429906c7192474f592"}
{"action": "skipped", "episode_id": "crypto:episode-15", "state": "TERMINAL_RESULT", "status": "RESULT", "task_id": "crypto:TASK-14a347da62048ed8c735e34ddf54bc5b"}
{"action": "skipped", "episode_id": "crypto:episode-16", "state": "TERMINAL_RESULT", "status": "RESULT", "task_id": "crypto:TASK-6e2d003552c4cdc6a185532267c5931f"}
{"action": "skipped", "episode_id": "crypto:episode-17", "state": "TERMINAL_RESULT", "status": "RESULT", "task_id": "crypto:TASK-a7ff76614894d1b4f94f3f4b8a493849"}
--- stderr
--- end
{"n": 92, "label": "ingest redelivered 13", "at": "2026-09-28T18:06:49Z", "seconds": 0.102, "argv": ["/home/runner/work/_temp/work/rt/cain-venv/bin/cain", "research", "ingest", "--domain", "crypto", "--state", "/home/runner/work/_temp/work/soak/cain-state", "--spool", "/home/runner/work/_temp/work/soak/spool"], "fault_env": {}, "exit": 0}
--- stdout
{"action": "duplicate", "file": "TASK-012f5d55aa3000fa92bce4a8de811193.f03a88a1b234ab62.json"}
{"action": "duplicate", "file": "TASK-14a347da62048ed8c735e34ddf54bc5b.b3697728625b7f81.json"}
{"action": "duplicate", "file": "TASK-14e7ea21534e45e23a4277dac60a4f2a.362eb9030a46ae8e.json"}
{"action": "duplicate", "file": "TASK-44ab5a05adcbec305debd521451ac735.299b328a5b7b3530.json"}
{"action": "duplicate", "file": "TASK-5a61224f3e2255c51110cfae4b996804.8ed028653ee08b24.json"}
{"action": "duplicate", "file": "TASK-6e2d003552c4cdc6a185532267c5931f.3e917293ff7f6c46.json"}
{"action": "duplicate", "file": "TASK-8075320c169e3679d3da0cbf875ce83d.3d3b141a544007f6.json"}
{"action": "duplicate", "file": "TASK-a7ff76614894d1b4f94f3f4b8a493849.17ca57dcab21d0d6.json"}
{"action": "duplicate", "file": "TASK-c0756a400f58e2eb20df8cd25130c567.f16ecae094bd6f23.json"}
{"action": "duplicate", "file": "TASK-d367c7f0a69accff2e52948d85e2cfc9.4e6a1f5401af1748.json"}
{"action": "duplicate", "file": "TASK-d367c7f0a69accff2e52948d85e2cfc9.ea2062ab82f012d7.json"}
{"action": "duplicate", "file": "TASK-e1b9c54ae66cb5429906c7192474f592.e00bc787dab74447.json"}
{"action": "duplicate", "file": "TASK-ec6e000af508cc684f074d56cf1d65d4.b881328d94ee8f91.json"}
{"action": "duplicate", "file": "TASK-fa5b145dd0e59b9b1f3c53919c0aad7f.c2de4272d33bfb49.json"}
{"action": "skipped", "code": "DOMAIN_MISMATCH", "file": "interleaved-003-stocks.json", "state": "REJECTED"}
{"action": "skipped", "code": "DOMAIN_MISMATCH", "file": "interleaved-007-brasileirao.json", "state": "REJECTED"}
{"action": "skipped", "code": "DOMAIN_MISMATCH", "file": "interleaved-011-stocks.json", "state": "REJECTED"}
{"action": "duplicate", "file": "redelivered-001-TASK-5a61224f3e2255c51110cfae4b996804.8ed028653ee08b24.json"}
{"action": "duplicate", "file": "redelivered-005-TASK-44ab5a05adcbec305debd521451ac735.299b328a5b7b3530.json"}
{"action": "duplicate", "file": "redelivered-009-TASK-8075320c169e3679d3da0cbf875ce83d.3d3b141a544007f6.json"}
{"action": "duplicate", "file": "redelivered-013-TASK-a7ff76614894d1b4f94f3f4b8a493849.17ca57dcab21d0d6.json"}
--- stderr
--- end
{"n": 93, "label": "propose duplicate 13", "at": "2026-09-28T18:06:49Z", "seconds": 0.105, "argv": ["/home/runner/work/_temp/work/rt/cain-venv/bin/cain", "research", "propose", "--domain", "crypto", "--state", "/home/runner/work/_temp/work/soak/cain-state", "--proposal", "/home/runner/work/_temp/work/soak/proposals/013-again.json", "--as-of", "2026-09-28T18:06:49Z"], "fault_env": {}, "exit": 0}
--- stdout
{"decision": "DUPLICATE", "episode_id": "crypto:episode-18", "reason_code": "DUPLICATE_REQUEST", "receipt_sha256": "82e8df32be87a35a227e3119b8bb95dc5c632af2df37acee1333b6f399376ddd", "rule": "R08", "status": "RECORDED", "task": null}
--- stderr
--- end
{"n": 94, "label": "propose 14", "at": "2026-09-28T18:06:49Z", "seconds": 0.107, "argv": ["/home/runner/work/_temp/work/rt/cain-venv/bin/cain", "research", "propose", "--domain", "crypto", "--state", "/home/runner/work/_temp/work/soak/cain-state", "--proposal", "/home/runner/work/_temp/work/soak/proposals/014.json", "--as-of", "2026-09-28T18:06:49Z"], "fault_env": {}, "exit": 0}
--- stdout
{"decision": "ALLOW", "episode_id": "crypto:episode-19", "reason_code": "ALLOWED", "receipt_sha256": "f6c1f03babcdcffd75533cae2224a96632b54ab8bbe7607a00589c41921eb39e", "rule": "R14", "status": "RECORDED", "task": {"payload_sha256": "07ac986da2c46632d95df562b76e62244f82bd9e18a083d32ed61d2a28d1adc6", "previous_task_id": "crypto:TASK-a7ff76614894d1b4f94f3f4b8a493849", "task_id": "crypto:TASK-c867e60770f59699273a55415d4bd298"}}
--- stderr
--- end
{"n": 95, "label": "dispatch 14", "at": "2026-09-28T18:06:49Z", "seconds": 0.102, "argv": ["/home/runner/work/_temp/work/rt/cain-venv/bin/cain", "research", "dispatch", "--domain", "crypto", "--state", "/home/runner/work/_temp/work/soak/cain-state", "--spool", "/home/runner/work/_temp/work/soak/spool"], "fault_env": {}, "exit": 0}
--- stdout
{"action": "dispatched", "file": "crypto/tasks/TASK-c867e60770f59699273a55415d4bd298.json", "spool": "WRITTEN", "task_id": "crypto:TASK-c867e60770f59699273a55415d4bd298"}
--- stderr
--- end
{"n": 96, "label": "consumer 14 (fault)", "at": "2026-09-28T18:06:49Z", "seconds": 0.394, "argv": ["/home/runner/work/_temp/work/rt/consumer-venv/bin/predictor-research-consumer", "--domain", "crypto", "--spool", "/home/runner/work/_temp/work/soak/spool", "--ledger", "/home/runner/work/_temp/work/soak/consumer/ledger.sqlite", "--state", "/home/runner/work/_temp/work/soak/domain-state", "--policy", "/home/runner/work/_temp/work/rt/op/policy.json", "--objects", "/home/runner/work/_temp/work/rt/op/objects"], "fault_env": {"PREDICTOR_RESEARCH_TRANSPORT_FAULT": "after_domain_before_result_write"}, "exit": 86}
--- stdout
--- stderr
{"duration_ms": 206, "event": "job_finished", "job_id": "crypto-research-831fea0d4345baf89fca9b38", "level": "INFO", "run_id": "745ced0db2c942eb902d38e96a84a08c", "run_status": "SUCCEEDED", "service": "predictor_ops", "timestamp": "2026-09-28T18:06:49.944001Z"}
--- end
{"n": 97, "label": "consumer 14", "at": "2026-09-28T18:06:50Z", "seconds": 0.16, "argv": ["/home/runner/work/_temp/work/rt/consumer-venv/bin/predictor-research-consumer", "--domain", "crypto", "--spool", "/home/runner/work/_temp/work/soak/spool", "--ledger", "/home/runner/work/_temp/work/soak/consumer/ledger.sqlite", "--state", "/home/runner/work/_temp/work/soak/domain-state", "--policy", "/home/runner/work/_temp/work/rt/op/policy.json", "--objects", "/home/runner/work/_temp/work/rt/op/objects"], "fault_env": {}, "exit": 0}
--- stdout
{"action": "skipped", "episode_id": "crypto:episode-1", "state": "TERMINAL_RESULT", "status": "RESULT", "task_id": "crypto:TASK-5a61224f3e2255c51110cfae4b996804"}
{"action": "skipped", "episode_id": "crypto:episode-3", "state": "TERMINAL_RESULT", "status": "DUPLICATE", "task_id": "crypto:TASK-ec6e000af508cc684f074d56cf1d65d4"}
{"action": "skipped", "episode_id": "crypto:episode-4", "state": "TERMINAL_RESULT", "status": "RESULT", "task_id": "crypto:TASK-c0756a400f58e2eb20df8cd25130c567"}
{"action": "skipped", "episode_id": "crypto:episode-6", "state": "TERMINAL_RESULT", "status": "RESULT", "task_id": "crypto:TASK-d367c7f0a69accff2e52948d85e2cfc9"}
{"action": "skipped", "episode_id": "crypto:episode-7", "state": "TERMINAL_RESULT", "status": "RESULT", "task_id": "crypto:TASK-44ab5a05adcbec305debd521451ac735"}
{"action": "skipped", "episode_id": "crypto:episode-9", "state": "TERMINAL_RESULT", "status": "DUPLICATE", "task_id": "crypto:TASK-14e7ea21534e45e23a4277dac60a4f2a"}
{"action": "skipped", "episode_id": "crypto:episode-10", "state": "TERMINAL_RESULT", "status": "RESULT", "task_id": "crypto:TASK-fa5b145dd0e59b9b1f3c53919c0aad7f"}
{"action": "skipped", "episode_id": "crypto:episode-11", "state": "TERMINAL_RESULT", "status": "RESULT", "task_id": "crypto:TASK-012f5d55aa3000fa92bce4a8de811193"}
{"action": "skipped", "episode_id": "crypto:episode-12", "state": "TERMINAL_RESULT", "status": "RESULT", "task_id": "crypto:TASK-8075320c169e3679d3da0cbf875ce83d"}
{"action": "skipped", "episode_id": "crypto:episode-14", "state": "TERMINAL_RESULT", "status": "DUPLICATE", "task_id": "crypto:TASK-e1b9c54ae66cb5429906c7192474f592"}
{"action": "skipped", "episode_id": "crypto:episode-15", "state": "TERMINAL_RESULT", "status": "RESULT", "task_id": "crypto:TASK-14a347da62048ed8c735e34ddf54bc5b"}
{"action": "skipped", "episode_id": "crypto:episode-16", "state": "TERMINAL_RESULT", "status": "RESULT", "task_id": "crypto:TASK-6e2d003552c4cdc6a185532267c5931f"}
{"action": "skipped", "episode_id": "crypto:episode-17", "state": "TERMINAL_RESULT", "status": "RESULT", "task_id": "crypto:TASK-a7ff76614894d1b4f94f3f4b8a493849"}
{"action": "delivered", "attempt": 2, "class": "TERMINAL_RESULT", "episode_id": "crypto:episode-19", "result_file": "crypto/results/TASK-c867e60770f59699273a55415d4bd298.ead37dcc3f188ad3.json", "result_write": "WRITTEN", "status": "DUPLICATE", "task_id": "crypto:TASK-c867e60770f59699273a55415d4bd298"}
--- stderr
--- end
{"n": 98, "label": "ingest 14", "at": "2026-09-28T18:06:50Z", "seconds": 0.111, "argv": ["/home/runner/work/_temp/work/rt/cain-venv/bin/cain", "research", "ingest", "--domain", "crypto", "--state", "/home/runner/work/_temp/work/soak/cain-state", "--spool", "/home/runner/work/_temp/work/soak/spool"], "fault_env": {}, "exit": 0}
--- stdout
{"action": "duplicate", "file": "TASK-012f5d55aa3000fa92bce4a8de811193.f03a88a1b234ab62.json"}
{"action": "duplicate", "file": "TASK-14a347da62048ed8c735e34ddf54bc5b.b3697728625b7f81.json"}
{"action": "duplicate", "file": "TASK-14e7ea21534e45e23a4277dac60a4f2a.362eb9030a46ae8e.json"}
{"action": "duplicate", "file": "TASK-44ab5a05adcbec305debd521451ac735.299b328a5b7b3530.json"}
{"action": "duplicate", "file": "TASK-5a61224f3e2255c51110cfae4b996804.8ed028653ee08b24.json"}
{"action": "duplicate", "file": "TASK-6e2d003552c4cdc6a185532267c5931f.3e917293ff7f6c46.json"}
{"action": "duplicate", "file": "TASK-8075320c169e3679d3da0cbf875ce83d.3d3b141a544007f6.json"}
{"action": "duplicate", "file": "TASK-a7ff76614894d1b4f94f3f4b8a493849.17ca57dcab21d0d6.json"}
{"action": "duplicate", "file": "TASK-c0756a400f58e2eb20df8cd25130c567.f16ecae094bd6f23.json"}
{"action": "ingested", "class": "TERMINAL_RESULT", "fact": "fact:9c5d353d860540478a6dc9dae87e5105", "file": "TASK-c867e60770f59699273a55415d4bd298.ead37dcc3f188ad3.json", "status": "DUPLICATE", "task_id": "crypto:TASK-c867e60770f59699273a55415d4bd298"}
{"action": "duplicate", "file": "TASK-d367c7f0a69accff2e52948d85e2cfc9.4e6a1f5401af1748.json"}
{"action": "duplicate", "file": "TASK-d367c7f0a69accff2e52948d85e2cfc9.ea2062ab82f012d7.json"}
{"action": "duplicate", "file": "TASK-e1b9c54ae66cb5429906c7192474f592.e00bc787dab74447.json"}
{"action": "duplicate", "file": "TASK-ec6e000af508cc684f074d56cf1d65d4.b881328d94ee8f91.json"}
{"action": "duplicate", "file": "TASK-fa5b145dd0e59b9b1f3c53919c0aad7f.c2de4272d33bfb49.json"}
{"action": "skipped", "code": "DOMAIN_MISMATCH", "file": "interleaved-003-stocks.json", "state": "REJECTED"}
{"action": "skipped", "code": "DOMAIN_MISMATCH", "file": "interleaved-007-brasileirao.json", "state": "REJECTED"}
{"action": "skipped", "code": "DOMAIN_MISMATCH", "file": "interleaved-011-stocks.json", "state": "REJECTED"}
{"action": "duplicate", "file": "redelivered-001-TASK-5a61224f3e2255c51110cfae4b996804.8ed028653ee08b24.json"}
{"action": "duplicate", "file": "redelivered-005-TASK-44ab5a05adcbec305debd521451ac735.299b328a5b7b3530.json"}
{"action": "duplicate", "file": "redelivered-009-TASK-8075320c169e3679d3da0cbf875ce83d.3d3b141a544007f6.json"}
{"action": "duplicate", "file": "redelivered-013-TASK-a7ff76614894d1b4f94f3f4b8a493849.17ca57dcab21d0d6.json"}
--- stderr
--- end
{"n": 99, "label": "propose 15", "at": "2026-09-28T18:06:50Z", "seconds": 0.106, "argv": ["/home/runner/work/_temp/work/rt/cain-venv/bin/cain", "research", "propose", "--domain", "crypto", "--state", "/home/runner/work/_temp/work/soak/cain-state", "--proposal", "/home/runner/work/_temp/work/soak/proposals/015.json", "--as-of", "2026-09-28T18:06:50Z"], "fault_env": {}, "exit": 0}
--- stdout
{"decision": "ALLOW", "episode_id": "crypto:episode-20", "reason_code": "ALLOWED", "receipt_sha256": "80832a41ddf0614a812e2053113f3cef8c87c02a4b90eb85667ea1b584cc27ad", "rule": "R14", "status": "RECORDED", "task": {"payload_sha256": "f45eea3fd19161f599ceb168d8106d828adbcb0941b1b91d42602b9fc5868d87", "previous_task_id": "crypto:TASK-c867e60770f59699273a55415d4bd298", "task_id": "crypto:TASK-4a37fd926277a3ef0cae079b96c2ce99"}}
--- stderr
--- end
{"n": 100, "label": "dispatch 15", "at": "2026-09-28T18:06:50Z", "seconds": 0.104, "argv": ["/home/runner/work/_temp/work/rt/cain-venv/bin/cain", "research", "dispatch", "--domain", "crypto", "--state", "/home/runner/work/_temp/work/soak/cain-state", "--spool", "/home/runner/work/_temp/work/soak/spool"], "fault_env": {}, "exit": 0}
--- stdout
{"action": "dispatched", "file": "crypto/tasks/TASK-4a37fd926277a3ef0cae079b96c2ce99.json", "spool": "WRITTEN", "task_id": "crypto:TASK-4a37fd926277a3ef0cae079b96c2ce99"}
--- stderr
--- end
{"n": 101, "label": "consumer 15", "at": "2026-09-28T18:06:50Z", "seconds": 0.43, "argv": ["/home/runner/work/_temp/work/rt/consumer-venv/bin/predictor-research-consumer", "--domain", "crypto", "--spool", "/home/runner/work/_temp/work/soak/spool", "--ledger", "/home/runner/work/_temp/work/soak/consumer/ledger.sqlite", "--state", "/home/runner/work/_temp/work/soak/domain-state", "--policy", "/home/runner/work/_temp/work/rt/op/policy.json", "--objects", "/home/runner/work/_temp/work/rt/op/objects"], "fault_env": {}, "exit": 0}
--- stdout
{"action": "skipped", "episode_id": "crypto:episode-1", "state": "TERMINAL_RESULT", "status": "RESULT", "task_id": "crypto:TASK-5a61224f3e2255c51110cfae4b996804"}
{"action": "skipped", "episode_id": "crypto:episode-3", "state": "TERMINAL_RESULT", "status": "DUPLICATE", "task_id": "crypto:TASK-ec6e000af508cc684f074d56cf1d65d4"}
{"action": "skipped", "episode_id": "crypto:episode-4", "state": "TERMINAL_RESULT", "status": "RESULT", "task_id": "crypto:TASK-c0756a400f58e2eb20df8cd25130c567"}
{"action": "skipped", "episode_id": "crypto:episode-6", "state": "TERMINAL_RESULT", "status": "RESULT", "task_id": "crypto:TASK-d367c7f0a69accff2e52948d85e2cfc9"}
{"action": "skipped", "episode_id": "crypto:episode-7", "state": "TERMINAL_RESULT", "status": "RESULT", "task_id": "crypto:TASK-44ab5a05adcbec305debd521451ac735"}
{"action": "skipped", "episode_id": "crypto:episode-9", "state": "TERMINAL_RESULT", "status": "DUPLICATE", "task_id": "crypto:TASK-14e7ea21534e45e23a4277dac60a4f2a"}
{"action": "skipped", "episode_id": "crypto:episode-10", "state": "TERMINAL_RESULT", "status": "RESULT", "task_id": "crypto:TASK-fa5b145dd0e59b9b1f3c53919c0aad7f"}
{"action": "skipped", "episode_id": "crypto:episode-11", "state": "TERMINAL_RESULT", "status": "RESULT", "task_id": "crypto:TASK-012f5d55aa3000fa92bce4a8de811193"}
{"action": "skipped", "episode_id": "crypto:episode-12", "state": "TERMINAL_RESULT", "status": "RESULT", "task_id": "crypto:TASK-8075320c169e3679d3da0cbf875ce83d"}
{"action": "skipped", "episode_id": "crypto:episode-14", "state": "TERMINAL_RESULT", "status": "DUPLICATE", "task_id": "crypto:TASK-e1b9c54ae66cb5429906c7192474f592"}
{"action": "skipped", "episode_id": "crypto:episode-15", "state": "TERMINAL_RESULT", "status": "RESULT", "task_id": "crypto:TASK-14a347da62048ed8c735e34ddf54bc5b"}
{"action": "skipped", "episode_id": "crypto:episode-16", "state": "TERMINAL_RESULT", "status": "RESULT", "task_id": "crypto:TASK-6e2d003552c4cdc6a185532267c5931f"}
{"action": "skipped", "episode_id": "crypto:episode-17", "state": "TERMINAL_RESULT", "status": "RESULT", "task_id": "crypto:TASK-a7ff76614894d1b4f94f3f4b8a493849"}
{"action": "skipped", "episode_id": "crypto:episode-19", "state": "TERMINAL_RESULT", "status": "DUPLICATE", "task_id": "crypto:TASK-c867e60770f59699273a55415d4bd298"}
{"action": "delivered", "attempt": 1, "class": "TERMINAL_RESULT", "episode_id": "crypto:episode-20", "result_file": "crypto/results/TASK-4a37fd926277a3ef0cae079b96c2ce99.c18d0b47ba140e68.json", "result_write": "WRITTEN", "status": "RESULT", "task_id": "crypto:TASK-4a37fd926277a3ef0cae079b96c2ce99"}
--- stderr
{"duration_ms": 206, "event": "job_finished", "job_id": "crypto-research-d04c61223969f2536a9a5e9d", "level": "INFO", "run_id": "bcf3adf4cafe4fa78db5d2dca74a912a", "run_status": "SUCCEEDED", "service": "predictor_ops", "timestamp": "2026-09-28T18:06:50.817318Z"}
--- end
{"n": 102, "label": "ingest 15", "at": "2026-09-28T18:06:51Z", "seconds": 0.132, "argv": ["/home/runner/work/_temp/work/rt/cain-venv/bin/cain", "research", "ingest", "--domain", "crypto", "--state", "/home/runner/work/_temp/work/soak/cain-state", "--spool", "/home/runner/work/_temp/work/soak/spool"], "fault_env": {}, "exit": 0}
--- stdout
{"action": "duplicate", "file": "TASK-012f5d55aa3000fa92bce4a8de811193.f03a88a1b234ab62.json"}
{"action": "duplicate", "file": "TASK-14a347da62048ed8c735e34ddf54bc5b.b3697728625b7f81.json"}
{"action": "duplicate", "file": "TASK-14e7ea21534e45e23a4277dac60a4f2a.362eb9030a46ae8e.json"}
{"action": "duplicate", "file": "TASK-44ab5a05adcbec305debd521451ac735.299b328a5b7b3530.json"}
{"action": "ingested", "class": "TERMINAL_RESULT", "fact": "fact:34adfef065ff46c092e1efa41d86ff73", "file": "TASK-4a37fd926277a3ef0cae079b96c2ce99.c18d0b47ba140e68.json", "status": "RESULT", "task_id": "crypto:TASK-4a37fd926277a3ef0cae079b96c2ce99"}
{"action": "duplicate", "file": "TASK-5a61224f3e2255c51110cfae4b996804.8ed028653ee08b24.json"}
{"action": "duplicate", "file": "TASK-6e2d003552c4cdc6a185532267c5931f.3e917293ff7f6c46.json"}
{"action": "duplicate", "file": "TASK-8075320c169e3679d3da0cbf875ce83d.3d3b141a544007f6.json"}
{"action": "duplicate", "file": "TASK-a7ff76614894d1b4f94f3f4b8a493849.17ca57dcab21d0d6.json"}
{"action": "duplicate", "file": "TASK-c0756a400f58e2eb20df8cd25130c567.f16ecae094bd6f23.json"}
{"action": "duplicate", "file": "TASK-c867e60770f59699273a55415d4bd298.ead37dcc3f188ad3.json"}
{"action": "duplicate", "file": "TASK-d367c7f0a69accff2e52948d85e2cfc9.4e6a1f5401af1748.json"}
{"action": "duplicate", "file": "TASK-d367c7f0a69accff2e52948d85e2cfc9.ea2062ab82f012d7.json"}
{"action": "duplicate", "file": "TASK-e1b9c54ae66cb5429906c7192474f592.e00bc787dab74447.json"}
{"action": "duplicate", "file": "TASK-ec6e000af508cc684f074d56cf1d65d4.b881328d94ee8f91.json"}
{"action": "duplicate", "file": "TASK-fa5b145dd0e59b9b1f3c53919c0aad7f.c2de4272d33bfb49.json"}
{"action": "skipped", "code": "DOMAIN_MISMATCH", "file": "interleaved-003-stocks.json", "state": "REJECTED"}
{"action": "skipped", "code": "DOMAIN_MISMATCH", "file": "interleaved-007-brasileirao.json", "state": "REJECTED"}
{"action": "skipped", "code": "DOMAIN_MISMATCH", "file": "interleaved-011-stocks.json", "state": "REJECTED"}
{"action": "duplicate", "file": "redelivered-001-TASK-5a61224f3e2255c51110cfae4b996804.8ed028653ee08b24.json"}
{"action": "duplicate", "file": "redelivered-005-TASK-44ab5a05adcbec305debd521451ac735.299b328a5b7b3530.json"}
{"action": "duplicate", "file": "redelivered-009-TASK-8075320c169e3679d3da0cbf875ce83d.3d3b141a544007f6.json"}
{"action": "duplicate", "file": "redelivered-013-TASK-a7ff76614894d1b4f94f3f4b8a493849.17ca57dcab21d0d6.json"}
--- stderr
--- end
{"n": 103, "label": "ingest interleaved brasileirao 15", "at": "2026-09-28T18:06:51Z", "seconds": 0.109, "argv": ["/home/runner/work/_temp/work/rt/cain-venv/bin/cain", "research", "ingest", "--domain", "crypto", "--state", "/home/runner/work/_temp/work/soak/cain-state", "--spool", "/home/runner/work/_temp/work/soak/spool"], "fault_env": {}, "exit": 2}
--- stdout
{"action": "duplicate", "file": "TASK-012f5d55aa3000fa92bce4a8de811193.f03a88a1b234ab62.json"}
{"action": "duplicate", "file": "TASK-14a347da62048ed8c735e34ddf54bc5b.b3697728625b7f81.json"}
{"action": "duplicate", "file": "TASK-14e7ea21534e45e23a4277dac60a4f2a.362eb9030a46ae8e.json"}
{"action": "duplicate", "file": "TASK-44ab5a05adcbec305debd521451ac735.299b328a5b7b3530.json"}
{"action": "duplicate", "file": "TASK-4a37fd926277a3ef0cae079b96c2ce99.c18d0b47ba140e68.json"}
{"action": "duplicate", "file": "TASK-5a61224f3e2255c51110cfae4b996804.8ed028653ee08b24.json"}
{"action": "duplicate", "file": "TASK-6e2d003552c4cdc6a185532267c5931f.3e917293ff7f6c46.json"}
{"action": "duplicate", "file": "TASK-8075320c169e3679d3da0cbf875ce83d.3d3b141a544007f6.json"}
{"action": "duplicate", "file": "TASK-a7ff76614894d1b4f94f3f4b8a493849.17ca57dcab21d0d6.json"}
{"action": "duplicate", "file": "TASK-c0756a400f58e2eb20df8cd25130c567.f16ecae094bd6f23.json"}
{"action": "duplicate", "file": "TASK-c867e60770f59699273a55415d4bd298.ead37dcc3f188ad3.json"}
{"action": "duplicate", "file": "TASK-d367c7f0a69accff2e52948d85e2cfc9.4e6a1f5401af1748.json"}
{"action": "duplicate", "file": "TASK-d367c7f0a69accff2e52948d85e2cfc9.ea2062ab82f012d7.json"}
{"action": "duplicate", "file": "TASK-e1b9c54ae66cb5429906c7192474f592.e00bc787dab74447.json"}
{"action": "duplicate", "file": "TASK-ec6e000af508cc684f074d56cf1d65d4.b881328d94ee8f91.json"}
{"action": "duplicate", "file": "TASK-fa5b145dd0e59b9b1f3c53919c0aad7f.c2de4272d33bfb49.json"}
{"action": "skipped", "code": "DOMAIN_MISMATCH", "file": "interleaved-003-stocks.json", "state": "REJECTED"}
{"action": "skipped", "code": "DOMAIN_MISMATCH", "file": "interleaved-007-brasileirao.json", "state": "REJECTED"}
{"action": "skipped", "code": "DOMAIN_MISMATCH", "file": "interleaved-011-stocks.json", "state": "REJECTED"}
{"action": "rejected", "code": "DOMAIN_MISMATCH", "file": "interleaved-015-brasileirao.json", "reason": "result of domain brasileirao"}
{"action": "duplicate", "file": "redelivered-001-TASK-5a61224f3e2255c51110cfae4b996804.8ed028653ee08b24.json"}
{"action": "duplicate", "file": "redelivered-005-TASK-44ab5a05adcbec305debd521451ac735.299b328a5b7b3530.json"}
{"action": "duplicate", "file": "redelivered-009-TASK-8075320c169e3679d3da0cbf875ce83d.3d3b141a544007f6.json"}
{"action": "duplicate", "file": "redelivered-013-TASK-a7ff76614894d1b4f94f3f4b8a493849.17ca57dcab21d0d6.json"}
--- stderr
--- end
{"n": 104, "label": "propose brasileirao H9 into crypto 15", "at": "2026-09-28T18:06:51Z", "seconds": 0.101, "argv": ["/home/runner/work/_temp/work/rt/cain-venv/bin/cain", "research", "propose", "--domain", "crypto", "--state", "/home/runner/work/_temp/work/soak/cain-state", "--proposal", "/home/runner/work/predictor-qualification/predictor-qualification/qualification/integration-crypto/fixtures/proposals/e2e/06-stocks-h9.json", "--as-of", "2026-09-28T18:06:51Z"], "fault_env": {}, "exit": 0}
--- stdout
{"decision": "BLOCK", "episode_id": "crypto:episode-5", "reason_code": "DOMAIN_MISMATCH", "receipt_sha256": "b9eca9a207b411d952fe07377204841b74b113806965f5350395ac25893e0110", "rule": "R01", "status": "EXISTING", "task": null}
--- stderr
--- end
{"n": 105, "label": "propose 16", "at": "2026-09-28T18:06:51Z", "seconds": 0.105, "argv": ["/home/runner/work/_temp/work/rt/cain-venv/bin/cain", "research", "propose", "--domain", "crypto", "--state", "/home/runner/work/_temp/work/soak/cain-state", "--proposal", "/home/runner/work/_temp/work/soak/proposals/016.json", "--as-of", "2026-09-28T18:06:51Z"], "fault_env": {}, "exit": 0}
--- stdout
{"decision": "ALLOW", "episode_id": "crypto:episode-21", "reason_code": "ALLOWED", "receipt_sha256": "075798383891d56c8d54cbaa61ef4ee80f0e46062ae3ae3e115b3e59af484ccd", "rule": "R14", "status": "RECORDED", "task": {"payload_sha256": "925d149c17c7fa1c7ba898945cb5008557201363cc3bbfbd6c46517d28a206db", "previous_task_id": "crypto:TASK-4a37fd926277a3ef0cae079b96c2ce99", "task_id": "crypto:TASK-15d9723c7d6dd424375798ad8639ed70"}}
--- stderr
--- end
{"n": 106, "label": "dispatch 16", "at": "2026-09-28T18:06:51Z", "seconds": 0.176, "argv": ["/home/runner/work/_temp/work/rt/cain-venv/bin/cain", "research", "dispatch", "--domain", "crypto", "--state", "/home/runner/work/_temp/work/soak/cain-state", "--spool", "/home/runner/work/_temp/work/soak/spool"], "fault_env": {}, "exit": 0}
--- stdout
{"action": "dispatched", "file": "crypto/tasks/TASK-15d9723c7d6dd424375798ad8639ed70.json", "spool": "WRITTEN", "task_id": "crypto:TASK-15d9723c7d6dd424375798ad8639ed70"}
--- stderr
--- end
{"n": 107, "label": "consumer 16 (Ops crash)", "at": "2026-09-28T18:06:51Z", "seconds": 0.297, "argv": ["/home/runner/work/_temp/work/rt/consumer-venv/bin/predictor-research-consumer", "--domain", "crypto", "--spool", "/home/runner/work/_temp/work/soak/spool", "--ledger", "/home/runner/work/_temp/work/soak/consumer/ledger.sqlite", "--state", "/home/runner/work/_temp/work/soak/domain-state", "--policy", "/home/runner/work/_temp/work/rt/op/policy.json", "--objects", "/home/runner/work/_temp/work/rt/op/objects"], "fault_env": {"CRIPTO_RESEARCH_FAULT": "ops_worker_crash"}, "exit": 0}
--- stdout
{"action": "skipped", "episode_id": "crypto:episode-1", "state": "TERMINAL_RESULT", "status": "RESULT", "task_id": "crypto:TASK-5a61224f3e2255c51110cfae4b996804"}
{"action": "skipped", "episode_id": "crypto:episode-3", "state": "TERMINAL_RESULT", "status": "DUPLICATE", "task_id": "crypto:TASK-ec6e000af508cc684f074d56cf1d65d4"}
{"action": "skipped", "episode_id": "crypto:episode-4", "state": "TERMINAL_RESULT", "status": "RESULT", "task_id": "crypto:TASK-c0756a400f58e2eb20df8cd25130c567"}
{"action": "skipped", "episode_id": "crypto:episode-6", "state": "TERMINAL_RESULT", "status": "RESULT", "task_id": "crypto:TASK-d367c7f0a69accff2e52948d85e2cfc9"}
{"action": "skipped", "episode_id": "crypto:episode-7", "state": "TERMINAL_RESULT", "status": "RESULT", "task_id": "crypto:TASK-44ab5a05adcbec305debd521451ac735"}
{"action": "skipped", "episode_id": "crypto:episode-9", "state": "TERMINAL_RESULT", "status": "DUPLICATE", "task_id": "crypto:TASK-14e7ea21534e45e23a4277dac60a4f2a"}
{"action": "skipped", "episode_id": "crypto:episode-10", "state": "TERMINAL_RESULT", "status": "RESULT", "task_id": "crypto:TASK-fa5b145dd0e59b9b1f3c53919c0aad7f"}
{"action": "skipped", "episode_id": "crypto:episode-11", "state": "TERMINAL_RESULT", "status": "RESULT", "task_id": "crypto:TASK-012f5d55aa3000fa92bce4a8de811193"}
{"action": "skipped", "episode_id": "crypto:episode-12", "state": "TERMINAL_RESULT", "status": "RESULT", "task_id": "crypto:TASK-8075320c169e3679d3da0cbf875ce83d"}
{"action": "skipped", "episode_id": "crypto:episode-14", "state": "TERMINAL_RESULT", "status": "DUPLICATE", "task_id": "crypto:TASK-e1b9c54ae66cb5429906c7192474f592"}
{"action": "skipped", "episode_id": "crypto:episode-15", "state": "TERMINAL_RESULT", "status": "RESULT", "task_id": "crypto:TASK-14a347da62048ed8c735e34ddf54bc5b"}
{"action": "skipped", "episode_id": "crypto:episode-16", "state": "TERMINAL_RESULT", "status": "RESULT", "task_id": "crypto:TASK-6e2d003552c4cdc6a185532267c5931f"}
{"action": "skipped", "episode_id": "crypto:episode-17", "state": "TERMINAL_RESULT", "status": "RESULT", "task_id": "crypto:TASK-a7ff76614894d1b4f94f3f4b8a493849"}
{"action": "skipped", "episode_id": "crypto:episode-19", "state": "TERMINAL_RESULT", "status": "DUPLICATE", "task_id": "crypto:TASK-c867e60770f59699273a55415d4bd298"}
{"action": "skipped", "episode_id": "crypto:episode-20", "state": "TERMINAL_RESULT", "status": "RESULT", "task_id": "crypto:TASK-4a37fd926277a3ef0cae079b96c2ce99"}
{"action": "delivered", "attempt": 1, "class": "RETRYABLE", "episode_id": "crypto:episode-21", "result_file": "crypto/results/TASK-15d9723c7d6dd424375798ad8639ed70.89098dcc5884e843.json", "result_write": "WRITTEN", "status": "OPS_FAILED_RETRYABLE", "task_id": "crypto:TASK-15d9723c7d6dd424375798ad8639ed70"}
--- stderr
{"duration_ms": 106, "event": "job_finished", "job_id": "crypto-research-f30b16928dde55b06afeb74e", "level": "INFO", "run_id": "fec664b091954d439370eb0de5198139", "run_status": "FAILED", "service": "predictor_ops", "timestamp": "2026-09-28T18:06:51.763565Z"}
--- end
{"n": 108, "label": "ingest 16 retryable", "at": "2026-09-28T18:06:51Z", "seconds": 0.104, "argv": ["/home/runner/work/_temp/work/rt/cain-venv/bin/cain", "research", "ingest", "--domain", "crypto", "--state", "/home/runner/work/_temp/work/soak/cain-state", "--spool", "/home/runner/work/_temp/work/soak/spool"], "fault_env": {}, "exit": 0}
--- stdout
{"action": "duplicate", "file": "TASK-012f5d55aa3000fa92bce4a8de811193.f03a88a1b234ab62.json"}
{"action": "duplicate", "file": "TASK-14a347da62048ed8c735e34ddf54bc5b.b3697728625b7f81.json"}
{"action": "duplicate", "file": "TASK-14e7ea21534e45e23a4277dac60a4f2a.362eb9030a46ae8e.json"}
{"action": "ingested", "class": "RETRYABLE", "fact": null, "file": "TASK-15d9723c7d6dd424375798ad8639ed70.89098dcc5884e843.json", "status": "OPS_FAILED_RETRYABLE", "task_id": "crypto:TASK-15d9723c7d6dd424375798ad8639ed70"}
{"action": "duplicate", "file": "TASK-44ab5a05adcbec305debd521451ac735.299b328a5b7b3530.json"}
{"action": "duplicate", "file": "TASK-4a37fd926277a3ef0cae079b96c2ce99.c18d0b47ba140e68.json"}
{"action": "duplicate", "file": "TASK-5a61224f3e2255c51110cfae4b996804.8ed028653ee08b24.json"}
{"action": "duplicate", "file": "TASK-6e2d003552c4cdc6a185532267c5931f.3e917293ff7f6c46.json"}
{"action": "duplicate", "file": "TASK-8075320c169e3679d3da0cbf875ce83d.3d3b141a544007f6.json"}
{"action": "duplicate", "file": "TASK-a7ff76614894d1b4f94f3f4b8a493849.17ca57dcab21d0d6.json"}
{"action": "duplicate", "file": "TASK-c0756a400f58e2eb20df8cd25130c567.f16ecae094bd6f23.json"}
{"action": "duplicate", "file": "TASK-c867e60770f59699273a55415d4bd298.ead37dcc3f188ad3.json"}
{"action": "duplicate", "file": "TASK-d367c7f0a69accff2e52948d85e2cfc9.4e6a1f5401af1748.json"}
{"action": "duplicate", "file": "TASK-d367c7f0a69accff2e52948d85e2cfc9.ea2062ab82f012d7.json"}
{"action": "duplicate", "file": "TASK-e1b9c54ae66cb5429906c7192474f592.e00bc787dab74447.json"}
{"action": "duplicate", "file": "TASK-ec6e000af508cc684f074d56cf1d65d4.b881328d94ee8f91.json"}
{"action": "duplicate", "file": "TASK-fa5b145dd0e59b9b1f3c53919c0aad7f.c2de4272d33bfb49.json"}
{"action": "skipped", "code": "DOMAIN_MISMATCH", "file": "interleaved-003-stocks.json", "state": "REJECTED"}
{"action": "skipped", "code": "DOMAIN_MISMATCH", "file": "interleaved-007-brasileirao.json", "state": "REJECTED"}
{"action": "skipped", "code": "DOMAIN_MISMATCH", "file": "interleaved-011-stocks.json", "state": "REJECTED"}
{"action": "skipped", "code": "DOMAIN_MISMATCH", "file": "interleaved-015-brasileirao.json", "state": "REJECTED"}
{"action": "duplicate", "file": "redelivered-001-TASK-5a61224f3e2255c51110cfae4b996804.8ed028653ee08b24.json"}
{"action": "duplicate", "file": "redelivered-005-TASK-44ab5a05adcbec305debd521451ac735.299b328a5b7b3530.json"}
{"action": "duplicate", "file": "redelivered-009-TASK-8075320c169e3679d3da0cbf875ce83d.3d3b141a544007f6.json"}
{"action": "duplicate", "file": "redelivered-013-TASK-a7ff76614894d1b4f94f3f4b8a493849.17ca57dcab21d0d6.json"}
--- stderr
--- end
{"n": 109, "label": "retry 16", "at": "2026-09-28T18:06:52Z", "seconds": 0.106, "argv": ["/home/runner/work/_temp/work/rt/cain-venv/bin/cain", "research", "retry", "--domain", "crypto", "--state", "/home/runner/work/_temp/work/soak/cain-state", "--spool", "/home/runner/work/_temp/work/soak/spool", "--task-id", "crypto:TASK-15d9723c7d6dd424375798ad8639ed70"], "fault_env": {}, "exit": 0}
--- stdout
{"action": "retry_requested", "attempt": 1, "file": "crypto/retries/TASK-15d9723c7d6dd424375798ad8639ed70.1.json", "task_id": "crypto:TASK-15d9723c7d6dd424375798ad8639ed70"}
--- stderr
--- end
{"n": 110, "label": "consumer 16", "at": "2026-09-28T18:06:52Z", "seconds": 0.401, "argv": ["/home/runner/work/_temp/work/rt/consumer-venv/bin/predictor-research-consumer", "--domain", "crypto", "--spool", "/home/runner/work/_temp/work/soak/spool", "--ledger", "/home/runner/work/_temp/work/soak/consumer/ledger.sqlite", "--state", "/home/runner/work/_temp/work/soak/domain-state", "--policy", "/home/runner/work/_temp/work/rt/op/policy.json", "--objects", "/home/runner/work/_temp/work/rt/op/objects"], "fault_env": {}, "exit": 0}
--- stdout
{"action": "skipped", "episode_id": "crypto:episode-1", "state": "TERMINAL_RESULT", "status": "RESULT", "task_id": "crypto:TASK-5a61224f3e2255c51110cfae4b996804"}
{"action": "skipped", "episode_id": "crypto:episode-3", "state": "TERMINAL_RESULT", "status": "DUPLICATE", "task_id": "crypto:TASK-ec6e000af508cc684f074d56cf1d65d4"}
{"action": "skipped", "episode_id": "crypto:episode-4", "state": "TERMINAL_RESULT", "status": "RESULT", "task_id": "crypto:TASK-c0756a400f58e2eb20df8cd25130c567"}
{"action": "skipped", "episode_id": "crypto:episode-6", "state": "TERMINAL_RESULT", "status": "RESULT", "task_id": "crypto:TASK-d367c7f0a69accff2e52948d85e2cfc9"}
{"action": "skipped", "episode_id": "crypto:episode-7", "state": "TERMINAL_RESULT", "status": "RESULT", "task_id": "crypto:TASK-44ab5a05adcbec305debd521451ac735"}
{"action": "skipped", "episode_id": "crypto:episode-9", "state": "TERMINAL_RESULT", "status": "DUPLICATE", "task_id": "crypto:TASK-14e7ea21534e45e23a4277dac60a4f2a"}
{"action": "skipped", "episode_id": "crypto:episode-10", "state": "TERMINAL_RESULT", "status": "RESULT", "task_id": "crypto:TASK-fa5b145dd0e59b9b1f3c53919c0aad7f"}
{"action": "skipped", "episode_id": "crypto:episode-11", "state": "TERMINAL_RESULT", "status": "RESULT", "task_id": "crypto:TASK-012f5d55aa3000fa92bce4a8de811193"}
{"action": "skipped", "episode_id": "crypto:episode-12", "state": "TERMINAL_RESULT", "status": "RESULT", "task_id": "crypto:TASK-8075320c169e3679d3da0cbf875ce83d"}
{"action": "skipped", "episode_id": "crypto:episode-14", "state": "TERMINAL_RESULT", "status": "DUPLICATE", "task_id": "crypto:TASK-e1b9c54ae66cb5429906c7192474f592"}
{"action": "skipped", "episode_id": "crypto:episode-15", "state": "TERMINAL_RESULT", "status": "RESULT", "task_id": "crypto:TASK-14a347da62048ed8c735e34ddf54bc5b"}
{"action": "skipped", "episode_id": "crypto:episode-16", "state": "TERMINAL_RESULT", "status": "RESULT", "task_id": "crypto:TASK-6e2d003552c4cdc6a185532267c5931f"}
{"action": "skipped", "episode_id": "crypto:episode-17", "state": "TERMINAL_RESULT", "status": "RESULT", "task_id": "crypto:TASK-a7ff76614894d1b4f94f3f4b8a493849"}
{"action": "skipped", "episode_id": "crypto:episode-19", "state": "TERMINAL_RESULT", "status": "DUPLICATE", "task_id": "crypto:TASK-c867e60770f59699273a55415d4bd298"}
{"action": "skipped", "episode_id": "crypto:episode-20", "state": "TERMINAL_RESULT", "status": "RESULT", "task_id": "crypto:TASK-4a37fd926277a3ef0cae079b96c2ce99"}
{"action": "delivered", "attempt": 2, "class": "TERMINAL_RESULT", "episode_id": "crypto:episode-21", "result_file": "crypto/results/TASK-15d9723c7d6dd424375798ad8639ed70.bd780b3a5c0ecddb.json", "result_write": "WRITTEN", "status": "RESULT", "task_id": "crypto:TASK-15d9723c7d6dd424375798ad8639ed70"}
--- stderr
{"duration_ms": 206, "event": "job_finished", "job_id": "crypto-research-f30b16928dde55b06afeb74e", "level": "INFO", "run_id": "1b22630ace414b06bc4e4893286fe881", "run_status": "SUCCEEDED", "service": "predictor_ops", "timestamp": "2026-09-28T18:06:52.361300Z"}
--- end
{"n": 111, "label": "ingest 16", "at": "2026-09-28T18:06:52Z", "seconds": 0.11, "argv": ["/home/runner/work/_temp/work/rt/cain-venv/bin/cain", "research", "ingest", "--domain", "crypto", "--state", "/home/runner/work/_temp/work/soak/cain-state", "--spool", "/home/runner/work/_temp/work/soak/spool"], "fault_env": {}, "exit": 0}
--- stdout
{"action": "duplicate", "file": "TASK-012f5d55aa3000fa92bce4a8de811193.f03a88a1b234ab62.json"}
{"action": "duplicate", "file": "TASK-14a347da62048ed8c735e34ddf54bc5b.b3697728625b7f81.json"}
{"action": "duplicate", "file": "TASK-14e7ea21534e45e23a4277dac60a4f2a.362eb9030a46ae8e.json"}
{"action": "duplicate", "file": "TASK-15d9723c7d6dd424375798ad8639ed70.89098dcc5884e843.json"}
{"action": "ingested", "class": "TERMINAL_RESULT", "fact": "fact:4e0365aa51f24a5ba82c09060bd7ca68", "file": "TASK-15d9723c7d6dd424375798ad8639ed70.bd780b3a5c0ecddb.json", "status": "RESULT", "task_id": "crypto:TASK-15d9723c7d6dd424375798ad8639ed70"}
{"action": "duplicate", "file": "TASK-44ab5a05adcbec305debd521451ac735.299b328a5b7b3530.json"}
{"action": "duplicate", "file": "TASK-4a37fd926277a3ef0cae079b96c2ce99.c18d0b47ba140e68.json"}
{"action": "duplicate", "file": "TASK-5a61224f3e2255c51110cfae4b996804.8ed028653ee08b24.json"}
{"action": "duplicate", "file": "TASK-6e2d003552c4cdc6a185532267c5931f.3e917293ff7f6c46.json"}
{"action": "duplicate", "file": "TASK-8075320c169e3679d3da0cbf875ce83d.3d3b141a544007f6.json"}
{"action": "duplicate", "file": "TASK-a7ff76614894d1b4f94f3f4b8a493849.17ca57dcab21d0d6.json"}
{"action": "duplicate", "file": "TASK-c0756a400f58e2eb20df8cd25130c567.f16ecae094bd6f23.json"}
{"action": "duplicate", "file": "TASK-c867e60770f59699273a55415d4bd298.ead37dcc3f188ad3.json"}
{"action": "duplicate", "file": "TASK-d367c7f0a69accff2e52948d85e2cfc9.4e6a1f5401af1748.json"}
{"action": "duplicate", "file": "TASK-d367c7f0a69accff2e52948d85e2cfc9.ea2062ab82f012d7.json"}
{"action": "duplicate", "file": "TASK-e1b9c54ae66cb5429906c7192474f592.e00bc787dab74447.json"}
{"action": "duplicate", "file": "TASK-ec6e000af508cc684f074d56cf1d65d4.b881328d94ee8f91.json"}
{"action": "duplicate", "file": "TASK-fa5b145dd0e59b9b1f3c53919c0aad7f.c2de4272d33bfb49.json"}
{"action": "skipped", "code": "DOMAIN_MISMATCH", "file": "interleaved-003-stocks.json", "state": "REJECTED"}
{"action": "skipped", "code": "DOMAIN_MISMATCH", "file": "interleaved-007-brasileirao.json", "state": "REJECTED"}
{"action": "skipped", "code": "DOMAIN_MISMATCH", "file": "interleaved-011-stocks.json", "state": "REJECTED"}
{"action": "skipped", "code": "DOMAIN_MISMATCH", "file": "interleaved-015-brasileirao.json", "state": "REJECTED"}
{"action": "duplicate", "file": "redelivered-001-TASK-5a61224f3e2255c51110cfae4b996804.8ed028653ee08b24.json"}
{"action": "duplicate", "file": "redelivered-005-TASK-44ab5a05adcbec305debd521451ac735.299b328a5b7b3530.json"}
{"action": "duplicate", "file": "redelivered-009-TASK-8075320c169e3679d3da0cbf875ce83d.3d3b141a544007f6.json"}
{"action": "duplicate", "file": "redelivered-013-TASK-a7ff76614894d1b4f94f3f4b8a493849.17ca57dcab21d0d6.json"}
--- stderr
--- end
{"n": 112, "label": "propose 17", "at": "2026-09-28T18:06:52Z", "seconds": 0.104, "argv": ["/home/runner/work/_temp/work/rt/cain-venv/bin/cain", "research", "propose", "--domain", "crypto", "--state", "/home/runner/work/_temp/work/soak/cain-state", "--proposal", "/home/runner/work/_temp/work/soak/proposals/017.json", "--as-of", "2026-09-28T18:06:52Z"], "fault_env": {}, "exit": 0}
--- stdout
{"decision": "ALLOW", "episode_id": "crypto:episode-22", "reason_code": "ALLOWED", "receipt_sha256": "21c3b2087aeaa74925bf5601c1245fa4cb306cca2c777b907f0f51de2ac8f945", "rule": "R14", "status": "RECORDED", "task": {"payload_sha256": "7c23939c10102c5bb5258528be6447a97838452da862671fdd97f4d2b0acdd71", "previous_task_id": "crypto:TASK-15d9723c7d6dd424375798ad8639ed70", "task_id": "crypto:TASK-6a7e5eb91676be82445c3c99937349f4"}}
--- stderr
--- end
{"n": 113, "label": "dispatch 17", "at": "2026-09-28T18:06:52Z", "seconds": 0.1, "argv": ["/home/runner/work/_temp/work/rt/cain-venv/bin/cain", "research", "dispatch", "--domain", "crypto", "--state", "/home/runner/work/_temp/work/soak/cain-state", "--spool", "/home/runner/work/_temp/work/soak/spool"], "fault_env": {}, "exit": 0}
--- stdout
{"action": "dispatched", "file": "crypto/tasks/TASK-6a7e5eb91676be82445c3c99937349f4.json", "spool": "WRITTEN", "task_id": "crypto:TASK-6a7e5eb91676be82445c3c99937349f4"}
--- stderr
--- end
{"n": 114, "label": "consumer 17", "at": "2026-09-28T18:06:53Z", "seconds": 0.409, "argv": ["/home/runner/work/_temp/work/rt/consumer-venv/bin/predictor-research-consumer", "--domain", "crypto", "--spool", "/home/runner/work/_temp/work/soak/spool", "--ledger", "/home/runner/work/_temp/work/soak/consumer/ledger.sqlite", "--state", "/home/runner/work/_temp/work/soak/domain-state", "--policy", "/home/runner/work/_temp/work/rt/op/policy.json", "--objects", "/home/runner/work/_temp/work/rt/op/objects"], "fault_env": {}, "exit": 0}
--- stdout
{"action": "skipped", "episode_id": "crypto:episode-1", "state": "TERMINAL_RESULT", "status": "RESULT", "task_id": "crypto:TASK-5a61224f3e2255c51110cfae4b996804"}
{"action": "skipped", "episode_id": "crypto:episode-3", "state": "TERMINAL_RESULT", "status": "DUPLICATE", "task_id": "crypto:TASK-ec6e000af508cc684f074d56cf1d65d4"}
{"action": "skipped", "episode_id": "crypto:episode-4", "state": "TERMINAL_RESULT", "status": "RESULT", "task_id": "crypto:TASK-c0756a400f58e2eb20df8cd25130c567"}
{"action": "skipped", "episode_id": "crypto:episode-6", "state": "TERMINAL_RESULT", "status": "RESULT", "task_id": "crypto:TASK-d367c7f0a69accff2e52948d85e2cfc9"}
{"action": "skipped", "episode_id": "crypto:episode-7", "state": "TERMINAL_RESULT", "status": "RESULT", "task_id": "crypto:TASK-44ab5a05adcbec305debd521451ac735"}
{"action": "skipped", "episode_id": "crypto:episode-9", "state": "TERMINAL_RESULT", "status": "DUPLICATE", "task_id": "crypto:TASK-14e7ea21534e45e23a4277dac60a4f2a"}
{"action": "skipped", "episode_id": "crypto:episode-10", "state": "TERMINAL_RESULT", "status": "RESULT", "task_id": "crypto:TASK-fa5b145dd0e59b9b1f3c53919c0aad7f"}
{"action": "skipped", "episode_id": "crypto:episode-11", "state": "TERMINAL_RESULT", "status": "RESULT", "task_id": "crypto:TASK-012f5d55aa3000fa92bce4a8de811193"}
{"action": "skipped", "episode_id": "crypto:episode-12", "state": "TERMINAL_RESULT", "status": "RESULT", "task_id": "crypto:TASK-8075320c169e3679d3da0cbf875ce83d"}
{"action": "skipped", "episode_id": "crypto:episode-14", "state": "TERMINAL_RESULT", "status": "DUPLICATE", "task_id": "crypto:TASK-e1b9c54ae66cb5429906c7192474f592"}
{"action": "skipped", "episode_id": "crypto:episode-15", "state": "TERMINAL_RESULT", "status": "RESULT", "task_id": "crypto:TASK-14a347da62048ed8c735e34ddf54bc5b"}
{"action": "skipped", "episode_id": "crypto:episode-16", "state": "TERMINAL_RESULT", "status": "RESULT", "task_id": "crypto:TASK-6e2d003552c4cdc6a185532267c5931f"}
{"action": "skipped", "episode_id": "crypto:episode-17", "state": "TERMINAL_RESULT", "status": "RESULT", "task_id": "crypto:TASK-a7ff76614894d1b4f94f3f4b8a493849"}
{"action": "skipped", "episode_id": "crypto:episode-19", "state": "TERMINAL_RESULT", "status": "DUPLICATE", "task_id": "crypto:TASK-c867e60770f59699273a55415d4bd298"}
{"action": "skipped", "episode_id": "crypto:episode-20", "state": "TERMINAL_RESULT", "status": "RESULT", "task_id": "crypto:TASK-4a37fd926277a3ef0cae079b96c2ce99"}
{"action": "skipped", "episode_id": "crypto:episode-21", "state": "TERMINAL_RESULT", "status": "RESULT", "task_id": "crypto:TASK-15d9723c7d6dd424375798ad8639ed70"}
{"action": "delivered", "attempt": 1, "class": "TERMINAL_RESULT", "episode_id": "crypto:episode-22", "result_file": "crypto/results/TASK-6a7e5eb91676be82445c3c99937349f4.9f9c5feaa59b3c67.json", "result_write": "WRITTEN", "status": "RESULT", "task_id": "crypto:TASK-6a7e5eb91676be82445c3c99937349f4"}
--- stderr
{"duration_ms": 206, "event": "job_finished", "job_id": "crypto-research-2fdd2246cf03e217f7b9c9b4", "level": "INFO", "run_id": "3ee8ff9dfab3478c99a282008fb1f5e6", "run_status": "SUCCEEDED", "service": "predictor_ops", "timestamp": "2026-09-28T18:06:53.086280Z"}
--- end
{"n": 115, "label": "ingest 17", "at": "2026-09-28T18:06:53Z", "seconds": 0.119, "argv": ["/home/runner/work/_temp/work/rt/cain-venv/bin/cain", "research", "ingest", "--domain", "crypto", "--state", "/home/runner/work/_temp/work/soak/cain-state", "--spool", "/home/runner/work/_temp/work/soak/spool"], "fault_env": {}, "exit": 0}
--- stdout
{"action": "duplicate", "file": "TASK-012f5d55aa3000fa92bce4a8de811193.f03a88a1b234ab62.json"}
{"action": "duplicate", "file": "TASK-14a347da62048ed8c735e34ddf54bc5b.b3697728625b7f81.json"}
{"action": "duplicate", "file": "TASK-14e7ea21534e45e23a4277dac60a4f2a.362eb9030a46ae8e.json"}
{"action": "duplicate", "file": "TASK-15d9723c7d6dd424375798ad8639ed70.89098dcc5884e843.json"}
{"action": "duplicate", "file": "TASK-15d9723c7d6dd424375798ad8639ed70.bd780b3a5c0ecddb.json"}
{"action": "duplicate", "file": "TASK-44ab5a05adcbec305debd521451ac735.299b328a5b7b3530.json"}
{"action": "duplicate", "file": "TASK-4a37fd926277a3ef0cae079b96c2ce99.c18d0b47ba140e68.json"}
{"action": "duplicate", "file": "TASK-5a61224f3e2255c51110cfae4b996804.8ed028653ee08b24.json"}
{"action": "ingested", "class": "TERMINAL_RESULT", "fact": "fact:50cd88067dc54f899ebaa5d8ecfb3eb9", "file": "TASK-6a7e5eb91676be82445c3c99937349f4.9f9c5feaa59b3c67.json", "status": "RESULT", "task_id": "crypto:TASK-6a7e5eb91676be82445c3c99937349f4"}
{"action": "duplicate", "file": "TASK-6e2d003552c4cdc6a185532267c5931f.3e917293ff7f6c46.json"}
{"action": "duplicate", "file": "TASK-8075320c169e3679d3da0cbf875ce83d.3d3b141a544007f6.json"}
{"action": "duplicate", "file": "TASK-a7ff76614894d1b4f94f3f4b8a493849.17ca57dcab21d0d6.json"}
{"action": "duplicate", "file": "TASK-c0756a400f58e2eb20df8cd25130c567.f16ecae094bd6f23.json"}
{"action": "duplicate", "file": "TASK-c867e60770f59699273a55415d4bd298.ead37dcc3f188ad3.json"}
{"action": "duplicate", "file": "TASK-d367c7f0a69accff2e52948d85e2cfc9.4e6a1f5401af1748.json"}
{"action": "duplicate", "file": "TASK-d367c7f0a69accff2e52948d85e2cfc9.ea2062ab82f012d7.json"}
{"action": "duplicate", "file": "TASK-e1b9c54ae66cb5429906c7192474f592.e00bc787dab74447.json"}
{"action": "duplicate", "file": "TASK-ec6e000af508cc684f074d56cf1d65d4.b881328d94ee8f91.json"}
{"action": "duplicate", "file": "TASK-fa5b145dd0e59b9b1f3c53919c0aad7f.c2de4272d33bfb49.json"}
{"action": "skipped", "code": "DOMAIN_MISMATCH", "file": "interleaved-003-stocks.json", "state": "REJECTED"}
{"action": "skipped", "code": "DOMAIN_MISMATCH", "file": "interleaved-007-brasileirao.json", "state": "REJECTED"}
{"action": "skipped", "code": "DOMAIN_MISMATCH", "file": "interleaved-011-stocks.json", "state": "REJECTED"}
{"action": "skipped", "code": "DOMAIN_MISMATCH", "file": "interleaved-015-brasileirao.json", "state": "REJECTED"}
{"action": "duplicate", "file": "redelivered-001-TASK-5a61224f3e2255c51110cfae4b996804.8ed028653ee08b24.json"}
{"action": "duplicate", "file": "redelivered-005-TASK-44ab5a05adcbec305debd521451ac735.299b328a5b7b3530.json"}
{"action": "duplicate", "file": "redelivered-009-TASK-8075320c169e3679d3da0cbf875ce83d.3d3b141a544007f6.json"}
{"action": "duplicate", "file": "redelivered-013-TASK-a7ff76614894d1b4f94f3f4b8a493849.17ca57dcab21d0d6.json"}
--- stderr
--- end
{"n": 116, "label": "resend 17", "at": "2026-09-28T18:06:53Z", "seconds": 0.123, "argv": ["/home/runner/work/_temp/work/rt/cain-venv/bin/cain", "research", "dispatch", "--domain", "crypto", "--state", "/home/runner/work/_temp/work/soak/cain-state", "--spool", "/home/runner/work/_temp/work/soak/spool", "--resend"], "fault_env": {}, "exit": 0}
--- stdout
{"action": "dispatched", "file": "crypto/tasks/TASK-5a61224f3e2255c51110cfae4b996804.json", "spool": "EXISTS", "task_id": "crypto:TASK-5a61224f3e2255c51110cfae4b996804"}
{"action": "dispatched", "file": "crypto/tasks/TASK-ec6e000af508cc684f074d56cf1d65d4.json", "spool": "EXISTS", "task_id": "crypto:TASK-ec6e000af508cc684f074d56cf1d65d4"}
{"action": "dispatched", "file": "crypto/tasks/TASK-c0756a400f58e2eb20df8cd25130c567.json", "spool": "EXISTS", "task_id": "crypto:TASK-c0756a400f58e2eb20df8cd25130c567"}
{"action": "dispatched", "file": "crypto/tasks/TASK-d367c7f0a69accff2e52948d85e2cfc9.json", "spool": "EXISTS", "task_id": "crypto:TASK-d367c7f0a69accff2e52948d85e2cfc9"}
{"action": "dispatched", "file": "crypto/tasks/TASK-44ab5a05adcbec305debd521451ac735.json", "spool": "EXISTS", "task_id": "crypto:TASK-44ab5a05adcbec305debd521451ac735"}
{"action": "dispatched", "file": "crypto/tasks/TASK-14e7ea21534e45e23a4277dac60a4f2a.json", "spool": "EXISTS", "task_id": "crypto:TASK-14e7ea21534e45e23a4277dac60a4f2a"}
{"action": "dispatched", "file": "crypto/tasks/TASK-fa5b145dd0e59b9b1f3c53919c0aad7f.json", "spool": "EXISTS", "task_id": "crypto:TASK-fa5b145dd0e59b9b1f3c53919c0aad7f"}
{"action": "dispatched", "file": "crypto/tasks/TASK-012f5d55aa3000fa92bce4a8de811193.json", "spool": "EXISTS", "task_id": "crypto:TASK-012f5d55aa3000fa92bce4a8de811193"}
{"action": "dispatched", "file": "crypto/tasks/TASK-8075320c169e3679d3da0cbf875ce83d.json", "spool": "EXISTS", "task_id": "crypto:TASK-8075320c169e3679d3da0cbf875ce83d"}
{"action": "dispatched", "file": "crypto/tasks/TASK-e1b9c54ae66cb5429906c7192474f592.json", "spool": "EXISTS", "task_id": "crypto:TASK-e1b9c54ae66cb5429906c7192474f592"}
{"action": "dispatched", "file": "crypto/tasks/TASK-14a347da62048ed8c735e34ddf54bc5b.json", "spool": "EXISTS", "task_id": "crypto:TASK-14a347da62048ed8c735e34ddf54bc5b"}
{"action": "dispatched", "file": "crypto/tasks/TASK-6e2d003552c4cdc6a185532267c5931f.json", "spool": "EXISTS", "task_id": "crypto:TASK-6e2d003552c4cdc6a185532267c5931f"}
{"action": "dispatched", "file": "crypto/tasks/TASK-a7ff76614894d1b4f94f3f4b8a493849.json", "spool": "EXISTS", "task_id": "crypto:TASK-a7ff76614894d1b4f94f3f4b8a493849"}
{"action": "dispatched", "file": "crypto/tasks/TASK-c867e60770f59699273a55415d4bd298.json", "spool": "EXISTS", "task_id": "crypto:TASK-c867e60770f59699273a55415d4bd298"}
{"action": "dispatched", "file": "crypto/tasks/TASK-4a37fd926277a3ef0cae079b96c2ce99.json", "spool": "EXISTS", "task_id": "crypto:TASK-4a37fd926277a3ef0cae079b96c2ce99"}
{"action": "dispatched", "file": "crypto/tasks/TASK-15d9723c7d6dd424375798ad8639ed70.json", "spool": "EXISTS", "task_id": "crypto:TASK-15d9723c7d6dd424375798ad8639ed70"}
{"action": "dispatched", "file": "crypto/tasks/TASK-6a7e5eb91676be82445c3c99937349f4.json", "spool": "EXISTS", "task_id": "crypto:TASK-6a7e5eb91676be82445c3c99937349f4"}
--- stderr
--- end
{"n": 117, "label": "consumer resend 17", "at": "2026-09-28T18:06:53Z", "seconds": 0.137, "argv": ["/home/runner/work/_temp/work/rt/consumer-venv/bin/predictor-research-consumer", "--domain", "crypto", "--spool", "/home/runner/work/_temp/work/soak/spool", "--ledger", "/home/runner/work/_temp/work/soak/consumer/ledger.sqlite", "--state", "/home/runner/work/_temp/work/soak/domain-state", "--policy", "/home/runner/work/_temp/work/rt/op/policy.json", "--objects", "/home/runner/work/_temp/work/rt/op/objects"], "fault_env": {}, "exit": 0}
--- stdout
{"action": "skipped", "episode_id": "crypto:episode-1", "state": "TERMINAL_RESULT", "status": "RESULT", "task_id": "crypto:TASK-5a61224f3e2255c51110cfae4b996804"}
{"action": "skipped", "episode_id": "crypto:episode-3", "state": "TERMINAL_RESULT", "status": "DUPLICATE", "task_id": "crypto:TASK-ec6e000af508cc684f074d56cf1d65d4"}
{"action": "skipped", "episode_id": "crypto:episode-4", "state": "TERMINAL_RESULT", "status": "RESULT", "task_id": "crypto:TASK-c0756a400f58e2eb20df8cd25130c567"}
{"action": "skipped", "episode_id": "crypto:episode-6", "state": "TERMINAL_RESULT", "status": "RESULT", "task_id": "crypto:TASK-d367c7f0a69accff2e52948d85e2cfc9"}
{"action": "skipped", "episode_id": "crypto:episode-7", "state": "TERMINAL_RESULT", "status": "RESULT", "task_id": "crypto:TASK-44ab5a05adcbec305debd521451ac735"}
{"action": "skipped", "episode_id": "crypto:episode-9", "state": "TERMINAL_RESULT", "status": "DUPLICATE", "task_id": "crypto:TASK-14e7ea21534e45e23a4277dac60a4f2a"}
{"action": "skipped", "episode_id": "crypto:episode-10", "state": "TERMINAL_RESULT", "status": "RESULT", "task_id": "crypto:TASK-fa5b145dd0e59b9b1f3c53919c0aad7f"}
{"action": "skipped", "episode_id": "crypto:episode-11", "state": "TERMINAL_RESULT", "status": "RESULT", "task_id": "crypto:TASK-012f5d55aa3000fa92bce4a8de811193"}
{"action": "skipped", "episode_id": "crypto:episode-12", "state": "TERMINAL_RESULT", "status": "RESULT", "task_id": "crypto:TASK-8075320c169e3679d3da0cbf875ce83d"}
{"action": "skipped", "episode_id": "crypto:episode-14", "state": "TERMINAL_RESULT", "status": "DUPLICATE", "task_id": "crypto:TASK-e1b9c54ae66cb5429906c7192474f592"}
{"action": "skipped", "episode_id": "crypto:episode-15", "state": "TERMINAL_RESULT", "status": "RESULT", "task_id": "crypto:TASK-14a347da62048ed8c735e34ddf54bc5b"}
{"action": "skipped", "episode_id": "crypto:episode-16", "state": "TERMINAL_RESULT", "status": "RESULT", "task_id": "crypto:TASK-6e2d003552c4cdc6a185532267c5931f"}
{"action": "skipped", "episode_id": "crypto:episode-17", "state": "TERMINAL_RESULT", "status": "RESULT", "task_id": "crypto:TASK-a7ff76614894d1b4f94f3f4b8a493849"}
{"action": "skipped", "episode_id": "crypto:episode-19", "state": "TERMINAL_RESULT", "status": "DUPLICATE", "task_id": "crypto:TASK-c867e60770f59699273a55415d4bd298"}
{"action": "skipped", "episode_id": "crypto:episode-20", "state": "TERMINAL_RESULT", "status": "RESULT", "task_id": "crypto:TASK-4a37fd926277a3ef0cae079b96c2ce99"}
{"action": "skipped", "episode_id": "crypto:episode-21", "state": "TERMINAL_RESULT", "status": "RESULT", "task_id": "crypto:TASK-15d9723c7d6dd424375798ad8639ed70"}
{"action": "skipped", "episode_id": "crypto:episode-22", "state": "TERMINAL_RESULT", "status": "RESULT", "task_id": "crypto:TASK-6a7e5eb91676be82445c3c99937349f4"}
--- stderr
--- end
{"n": 118, "label": "ingest redelivered 17", "at": "2026-09-28T18:06:53Z", "seconds": 0.103, "argv": ["/home/runner/work/_temp/work/rt/cain-venv/bin/cain", "research", "ingest", "--domain", "crypto", "--state", "/home/runner/work/_temp/work/soak/cain-state", "--spool", "/home/runner/work/_temp/work/soak/spool"], "fault_env": {}, "exit": 0}
--- stdout
{"action": "duplicate", "file": "TASK-012f5d55aa3000fa92bce4a8de811193.f03a88a1b234ab62.json"}
{"action": "duplicate", "file": "TASK-14a347da62048ed8c735e34ddf54bc5b.b3697728625b7f81.json"}
{"action": "duplicate", "file": "TASK-14e7ea21534e45e23a4277dac60a4f2a.362eb9030a46ae8e.json"}
{"action": "duplicate", "file": "TASK-15d9723c7d6dd424375798ad8639ed70.89098dcc5884e843.json"}
{"action": "duplicate", "file": "TASK-15d9723c7d6dd424375798ad8639ed70.bd780b3a5c0ecddb.json"}
{"action": "duplicate", "file": "TASK-44ab5a05adcbec305debd521451ac735.299b328a5b7b3530.json"}
{"action": "duplicate", "file": "TASK-4a37fd926277a3ef0cae079b96c2ce99.c18d0b47ba140e68.json"}
{"action": "duplicate", "file": "TASK-5a61224f3e2255c51110cfae4b996804.8ed028653ee08b24.json"}
{"action": "duplicate", "file": "TASK-6a7e5eb91676be82445c3c99937349f4.9f9c5feaa59b3c67.json"}
{"action": "duplicate", "file": "TASK-6e2d003552c4cdc6a185532267c5931f.3e917293ff7f6c46.json"}
{"action": "duplicate", "file": "TASK-8075320c169e3679d3da0cbf875ce83d.3d3b141a544007f6.json"}
{"action": "duplicate", "file": "TASK-a7ff76614894d1b4f94f3f4b8a493849.17ca57dcab21d0d6.json"}
{"action": "duplicate", "file": "TASK-c0756a400f58e2eb20df8cd25130c567.f16ecae094bd6f23.json"}
{"action": "duplicate", "file": "TASK-c867e60770f59699273a55415d4bd298.ead37dcc3f188ad3.json"}
{"action": "duplicate", "file": "TASK-d367c7f0a69accff2e52948d85e2cfc9.4e6a1f5401af1748.json"}
{"action": "duplicate", "file": "TASK-d367c7f0a69accff2e52948d85e2cfc9.ea2062ab82f012d7.json"}
{"action": "duplicate", "file": "TASK-e1b9c54ae66cb5429906c7192474f592.e00bc787dab74447.json"}
{"action": "duplicate", "file": "TASK-ec6e000af508cc684f074d56cf1d65d4.b881328d94ee8f91.json"}
{"action": "duplicate", "file": "TASK-fa5b145dd0e59b9b1f3c53919c0aad7f.c2de4272d33bfb49.json"}
{"action": "skipped", "code": "DOMAIN_MISMATCH", "file": "interleaved-003-stocks.json", "state": "REJECTED"}
{"action": "skipped", "code": "DOMAIN_MISMATCH", "file": "interleaved-007-brasileirao.json", "state": "REJECTED"}
{"action": "skipped", "code": "DOMAIN_MISMATCH", "file": "interleaved-011-stocks.json", "state": "REJECTED"}
{"action": "skipped", "code": "DOMAIN_MISMATCH", "file": "interleaved-015-brasileirao.json", "state": "REJECTED"}
{"action": "duplicate", "file": "redelivered-001-TASK-5a61224f3e2255c51110cfae4b996804.8ed028653ee08b24.json"}
{"action": "duplicate", "file": "redelivered-005-TASK-44ab5a05adcbec305debd521451ac735.299b328a5b7b3530.json"}
{"action": "duplicate", "file": "redelivered-009-TASK-8075320c169e3679d3da0cbf875ce83d.3d3b141a544007f6.json"}
{"action": "duplicate", "file": "redelivered-013-TASK-a7ff76614894d1b4f94f3f4b8a493849.17ca57dcab21d0d6.json"}
{"action": "duplicate", "file": "redelivered-017-TASK-6a7e5eb91676be82445c3c99937349f4.9f9c5feaa59b3c67.json"}
--- stderr
--- end
{"n": 119, "label": "propose duplicate 17", "at": "2026-09-28T18:06:53Z", "seconds": 0.103, "argv": ["/home/runner/work/_temp/work/rt/cain-venv/bin/cain", "research", "propose", "--domain", "crypto", "--state", "/home/runner/work/_temp/work/soak/cain-state", "--proposal", "/home/runner/work/_temp/work/soak/proposals/017-again.json", "--as-of", "2026-09-28T18:06:53Z"], "fault_env": {}, "exit": 0}
--- stdout
{"decision": "DUPLICATE", "episode_id": "crypto:episode-23", "reason_code": "DUPLICATE_REQUEST", "receipt_sha256": "fd5236a48072d091a57ed887a6c5b3e142a27f8a8e7c62d7cab5af5e8488276f", "rule": "R08", "status": "RECORDED", "task": null}
--- stderr
--- end
{"n": 120, "label": "propose 18", "at": "2026-09-28T18:06:53Z", "seconds": 0.105, "argv": ["/home/runner/work/_temp/work/rt/cain-venv/bin/cain", "research", "propose", "--domain", "crypto", "--state", "/home/runner/work/_temp/work/soak/cain-state", "--proposal", "/home/runner/work/_temp/work/soak/proposals/018.json", "--as-of", "2026-09-28T18:06:53Z"], "fault_env": {}, "exit": 0}
--- stdout
{"decision": "ALLOW", "episode_id": "crypto:episode-24", "reason_code": "ALLOWED", "receipt_sha256": "fcd2d7b96051c6f1a06e96b73069759ab108d84cb6e32c0fa5b968e5f413041b", "rule": "R14", "status": "RECORDED", "task": {"payload_sha256": "b02b722f896f4186ca60708ffc28fd37cd4102fd66a4a1a75c23758bb77cd320", "previous_task_id": "crypto:TASK-6a7e5eb91676be82445c3c99937349f4", "task_id": "crypto:TASK-717252ae1f67e55d82a5319735ab9c0a"}}
--- stderr
--- end
{"n": 121, "label": "dispatch 18", "at": "2026-09-28T18:06:53Z", "seconds": 0.104, "argv": ["/home/runner/work/_temp/work/rt/cain-venv/bin/cain", "research", "dispatch", "--domain", "crypto", "--state", "/home/runner/work/_temp/work/soak/cain-state", "--spool", "/home/runner/work/_temp/work/soak/spool"], "fault_env": {}, "exit": 0}
--- stdout
{"action": "dispatched", "file": "crypto/tasks/TASK-717252ae1f67e55d82a5319735ab9c0a.json", "spool": "WRITTEN", "task_id": "crypto:TASK-717252ae1f67e55d82a5319735ab9c0a"}
--- stderr
--- end
{"n": 122, "label": "consumer 18 (fault)", "at": "2026-09-28T18:06:54Z", "seconds": 0.389, "argv": ["/home/runner/work/_temp/work/rt/consumer-venv/bin/predictor-research-consumer", "--domain", "crypto", "--spool", "/home/runner/work/_temp/work/soak/spool", "--ledger", "/home/runner/work/_temp/work/soak/consumer/ledger.sqlite", "--state", "/home/runner/work/_temp/work/soak/domain-state", "--policy", "/home/runner/work/_temp/work/rt/op/policy.json", "--objects", "/home/runner/work/_temp/work/rt/op/objects"], "fault_env": {"PREDICTOR_RESEARCH_TRANSPORT_FAULT": "after_domain_before_result_write"}, "exit": 86}
--- stdout
--- stderr
{"duration_ms": 206, "event": "job_finished", "job_id": "crypto-research-126846d20f9777eeedbbf677", "level": "INFO", "run_id": "f70aa94aaa0c4a1993fb9db76106c239", "run_status": "SUCCEEDED", "service": "predictor_ops", "timestamp": "2026-09-28T18:06:54.298396Z"}
--- end
{"n": 123, "label": "consumer 18", "at": "2026-09-28T18:06:54Z", "seconds": 0.156, "argv": ["/home/runner/work/_temp/work/rt/consumer-venv/bin/predictor-research-consumer", "--domain", "crypto", "--spool", "/home/runner/work/_temp/work/soak/spool", "--ledger", "/home/runner/work/_temp/work/soak/consumer/ledger.sqlite", "--state", "/home/runner/work/_temp/work/soak/domain-state", "--policy", "/home/runner/work/_temp/work/rt/op/policy.json", "--objects", "/home/runner/work/_temp/work/rt/op/objects"], "fault_env": {}, "exit": 0}
--- stdout
{"action": "skipped", "episode_id": "crypto:episode-1", "state": "TERMINAL_RESULT", "status": "RESULT", "task_id": "crypto:TASK-5a61224f3e2255c51110cfae4b996804"}
{"action": "skipped", "episode_id": "crypto:episode-3", "state": "TERMINAL_RESULT", "status": "DUPLICATE", "task_id": "crypto:TASK-ec6e000af508cc684f074d56cf1d65d4"}
{"action": "skipped", "episode_id": "crypto:episode-4", "state": "TERMINAL_RESULT", "status": "RESULT", "task_id": "crypto:TASK-c0756a400f58e2eb20df8cd25130c567"}
{"action": "skipped", "episode_id": "crypto:episode-6", "state": "TERMINAL_RESULT", "status": "RESULT", "task_id": "crypto:TASK-d367c7f0a69accff2e52948d85e2cfc9"}
{"action": "skipped", "episode_id": "crypto:episode-7", "state": "TERMINAL_RESULT", "status": "RESULT", "task_id": "crypto:TASK-44ab5a05adcbec305debd521451ac735"}
{"action": "skipped", "episode_id": "crypto:episode-9", "state": "TERMINAL_RESULT", "status": "DUPLICATE", "task_id": "crypto:TASK-14e7ea21534e45e23a4277dac60a4f2a"}
{"action": "skipped", "episode_id": "crypto:episode-10", "state": "TERMINAL_RESULT", "status": "RESULT", "task_id": "crypto:TASK-fa5b145dd0e59b9b1f3c53919c0aad7f"}
{"action": "skipped", "episode_id": "crypto:episode-11", "state": "TERMINAL_RESULT", "status": "RESULT", "task_id": "crypto:TASK-012f5d55aa3000fa92bce4a8de811193"}
{"action": "skipped", "episode_id": "crypto:episode-12", "state": "TERMINAL_RESULT", "status": "RESULT", "task_id": "crypto:TASK-8075320c169e3679d3da0cbf875ce83d"}
{"action": "skipped", "episode_id": "crypto:episode-14", "state": "TERMINAL_RESULT", "status": "DUPLICATE", "task_id": "crypto:TASK-e1b9c54ae66cb5429906c7192474f592"}
{"action": "skipped", "episode_id": "crypto:episode-15", "state": "TERMINAL_RESULT", "status": "RESULT", "task_id": "crypto:TASK-14a347da62048ed8c735e34ddf54bc5b"}
{"action": "skipped", "episode_id": "crypto:episode-16", "state": "TERMINAL_RESULT", "status": "RESULT", "task_id": "crypto:TASK-6e2d003552c4cdc6a185532267c5931f"}
{"action": "skipped", "episode_id": "crypto:episode-17", "state": "TERMINAL_RESULT", "status": "RESULT", "task_id": "crypto:TASK-a7ff76614894d1b4f94f3f4b8a493849"}
{"action": "skipped", "episode_id": "crypto:episode-19", "state": "TERMINAL_RESULT", "status": "DUPLICATE", "task_id": "crypto:TASK-c867e60770f59699273a55415d4bd298"}
{"action": "skipped", "episode_id": "crypto:episode-20", "state": "TERMINAL_RESULT", "status": "RESULT", "task_id": "crypto:TASK-4a37fd926277a3ef0cae079b96c2ce99"}
{"action": "skipped", "episode_id": "crypto:episode-21", "state": "TERMINAL_RESULT", "status": "RESULT", "task_id": "crypto:TASK-15d9723c7d6dd424375798ad8639ed70"}
{"action": "skipped", "episode_id": "crypto:episode-22", "state": "TERMINAL_RESULT", "status": "RESULT", "task_id": "crypto:TASK-6a7e5eb91676be82445c3c99937349f4"}
{"action": "delivered", "attempt": 2, "class": "TERMINAL_RESULT", "episode_id": "crypto:episode-24", "result_file": "crypto/results/TASK-717252ae1f67e55d82a5319735ab9c0a.e75ed8da46b21442.json", "result_write": "WRITTEN", "status": "DUPLICATE", "task_id": "crypto:TASK-717252ae1f67e55d82a5319735ab9c0a"}
--- stderr
--- end
{"n": 124, "label": "ingest 18", "at": "2026-09-28T18:06:54Z", "seconds": 0.112, "argv": ["/home/runner/work/_temp/work/rt/cain-venv/bin/cain", "research", "ingest", "--domain", "crypto", "--state", "/home/runner/work/_temp/work/soak/cain-state", "--spool", "/home/runner/work/_temp/work/soak/spool"], "fault_env": {}, "exit": 0}
--- stdout
{"action": "duplicate", "file": "TASK-012f5d55aa3000fa92bce4a8de811193.f03a88a1b234ab62.json"}
{"action": "duplicate", "file": "TASK-14a347da62048ed8c735e34ddf54bc5b.b3697728625b7f81.json"}
{"action": "duplicate", "file": "TASK-14e7ea21534e45e23a4277dac60a4f2a.362eb9030a46ae8e.json"}
{"action": "duplicate", "file": "TASK-15d9723c7d6dd424375798ad8639ed70.89098dcc5884e843.json"}
{"action": "duplicate", "file": "TASK-15d9723c7d6dd424375798ad8639ed70.bd780b3a5c0ecddb.json"}
{"action": "duplicate", "file": "TASK-44ab5a05adcbec305debd521451ac735.299b328a5b7b3530.json"}
{"action": "duplicate", "file": "TASK-4a37fd926277a3ef0cae079b96c2ce99.c18d0b47ba140e68.json"}
{"action": "duplicate", "file": "TASK-5a61224f3e2255c51110cfae4b996804.8ed028653ee08b24.json"}
{"action": "duplicate", "file": "TASK-6a7e5eb91676be82445c3c99937349f4.9f9c5feaa59b3c67.json"}
{"action": "duplicate", "file": "TASK-6e2d003552c4cdc6a185532267c5931f.3e917293ff7f6c46.json"}
{"action": "ingested", "class": "TERMINAL_RESULT", "fact": "fact:7c18384ed403406b9d829a4e2f756a89", "file": "TASK-717252ae1f67e55d82a5319735ab9c0a.e75ed8da46b21442.json", "status": "DUPLICATE", "task_id": "crypto:TASK-717252ae1f67e55d82a5319735ab9c0a"}
{"action": "duplicate", "file": "TASK-8075320c169e3679d3da0cbf875ce83d.3d3b141a544007f6.json"}
{"action": "duplicate", "file": "TASK-a7ff76614894d1b4f94f3f4b8a493849.17ca57dcab21d0d6.json"}
{"action": "duplicate", "file": "TASK-c0756a400f58e2eb20df8cd25130c567.f16ecae094bd6f23.json"}
{"action": "duplicate", "file": "TASK-c867e60770f59699273a55415d4bd298.ead37dcc3f188ad3.json"}
{"action": "duplicate", "file": "TASK-d367c7f0a69accff2e52948d85e2cfc9.4e6a1f5401af1748.json"}
{"action": "duplicate", "file": "TASK-d367c7f0a69accff2e52948d85e2cfc9.ea2062ab82f012d7.json"}
{"action": "duplicate", "file": "TASK-e1b9c54ae66cb5429906c7192474f592.e00bc787dab74447.json"}
{"action": "duplicate", "file": "TASK-ec6e000af508cc684f074d56cf1d65d4.b881328d94ee8f91.json"}
{"action": "duplicate", "file": "TASK-fa5b145dd0e59b9b1f3c53919c0aad7f.c2de4272d33bfb49.json"}
{"action": "skipped", "code": "DOMAIN_MISMATCH", "file": "interleaved-003-stocks.json", "state": "REJECTED"}
{"action": "skipped", "code": "DOMAIN_MISMATCH", "file": "interleaved-007-brasileirao.json", "state": "REJECTED"}
{"action": "skipped", "code": "DOMAIN_MISMATCH", "file": "interleaved-011-stocks.json", "state": "REJECTED"}
{"action": "skipped", "code": "DOMAIN_MISMATCH", "file": "interleaved-015-brasileirao.json", "state": "REJECTED"}
{"action": "duplicate", "file": "redelivered-001-TASK-5a61224f3e2255c51110cfae4b996804.8ed028653ee08b24.json"}
{"action": "duplicate", "file": "redelivered-005-TASK-44ab5a05adcbec305debd521451ac735.299b328a5b7b3530.json"}
{"action": "duplicate", "file": "redelivered-009-TASK-8075320c169e3679d3da0cbf875ce83d.3d3b141a544007f6.json"}
{"action": "duplicate", "file": "redelivered-013-TASK-a7ff76614894d1b4f94f3f4b8a493849.17ca57dcab21d0d6.json"}
{"action": "duplicate", "file": "redelivered-017-TASK-6a7e5eb91676be82445c3c99937349f4.9f9c5feaa59b3c67.json"}
--- stderr
--- end
{"n": 125, "label": "propose 19", "at": "2026-09-28T18:06:54Z", "seconds": 0.106, "argv": ["/home/runner/work/_temp/work/rt/cain-venv/bin/cain", "research", "propose", "--domain", "crypto", "--state", "/home/runner/work/_temp/work/soak/cain-state", "--proposal", "/home/runner/work/_temp/work/soak/proposals/019.json", "--as-of", "2026-09-28T18:06:54Z"], "fault_env": {}, "exit": 0}
--- stdout
{"decision": "ALLOW", "episode_id": "crypto:episode-25", "reason_code": "ALLOWED", "receipt_sha256": "79abae84434092a182c3637b0db3abb6cd404af0126d9c193be22a4769ac6856", "rule": "R14", "status": "RECORDED", "task": {"payload_sha256": "e6aec9a5a074bc7467ccd01e0c6cc10afdf9afb0df31778e5e46992b8574c68e", "previous_task_id": "crypto:TASK-717252ae1f67e55d82a5319735ab9c0a", "task_id": "crypto:TASK-27ade8a7380b708600b008ed8602d756"}}
--- stderr
--- end
{"n": 126, "label": "dispatch 19", "at": "2026-09-28T18:06:54Z", "seconds": 0.099, "argv": ["/home/runner/work/_temp/work/rt/cain-venv/bin/cain", "research", "dispatch", "--domain", "crypto", "--state", "/home/runner/work/_temp/work/soak/cain-state", "--spool", "/home/runner/work/_temp/work/soak/spool"], "fault_env": {}, "exit": 0}
--- stdout
{"action": "dispatched", "file": "crypto/tasks/TASK-27ade8a7380b708600b008ed8602d756.json", "spool": "WRITTEN", "task_id": "crypto:TASK-27ade8a7380b708600b008ed8602d756"}
--- stderr
--- end
{"n": 127, "label": "consumer 19", "at": "2026-09-28T18:06:55Z", "seconds": 0.438, "argv": ["/home/runner/work/_temp/work/rt/consumer-venv/bin/predictor-research-consumer", "--domain", "crypto", "--spool", "/home/runner/work/_temp/work/soak/spool", "--ledger", "/home/runner/work/_temp/work/soak/consumer/ledger.sqlite", "--state", "/home/runner/work/_temp/work/soak/domain-state", "--policy", "/home/runner/work/_temp/work/rt/op/policy.json", "--objects", "/home/runner/work/_temp/work/rt/op/objects"], "fault_env": {}, "exit": 0}
--- stdout
{"action": "skipped", "episode_id": "crypto:episode-1", "state": "TERMINAL_RESULT", "status": "RESULT", "task_id": "crypto:TASK-5a61224f3e2255c51110cfae4b996804"}
{"action": "skipped", "episode_id": "crypto:episode-3", "state": "TERMINAL_RESULT", "status": "DUPLICATE", "task_id": "crypto:TASK-ec6e000af508cc684f074d56cf1d65d4"}
{"action": "skipped", "episode_id": "crypto:episode-4", "state": "TERMINAL_RESULT", "status": "RESULT", "task_id": "crypto:TASK-c0756a400f58e2eb20df8cd25130c567"}
{"action": "skipped", "episode_id": "crypto:episode-6", "state": "TERMINAL_RESULT", "status": "RESULT", "task_id": "crypto:TASK-d367c7f0a69accff2e52948d85e2cfc9"}
{"action": "skipped", "episode_id": "crypto:episode-7", "state": "TERMINAL_RESULT", "status": "RESULT", "task_id": "crypto:TASK-44ab5a05adcbec305debd521451ac735"}
{"action": "skipped", "episode_id": "crypto:episode-9", "state": "TERMINAL_RESULT", "status": "DUPLICATE", "task_id": "crypto:TASK-14e7ea21534e45e23a4277dac60a4f2a"}
{"action": "skipped", "episode_id": "crypto:episode-10", "state": "TERMINAL_RESULT", "status": "RESULT", "task_id": "crypto:TASK-fa5b145dd0e59b9b1f3c53919c0aad7f"}
{"action": "skipped", "episode_id": "crypto:episode-11", "state": "TERMINAL_RESULT", "status": "RESULT", "task_id": "crypto:TASK-012f5d55aa3000fa92bce4a8de811193"}
{"action": "skipped", "episode_id": "crypto:episode-12", "state": "TERMINAL_RESULT", "status": "RESULT", "task_id": "crypto:TASK-8075320c169e3679d3da0cbf875ce83d"}
{"action": "skipped", "episode_id": "crypto:episode-14", "state": "TERMINAL_RESULT", "status": "DUPLICATE", "task_id": "crypto:TASK-e1b9c54ae66cb5429906c7192474f592"}
{"action": "skipped", "episode_id": "crypto:episode-15", "state": "TERMINAL_RESULT", "status": "RESULT", "task_id": "crypto:TASK-14a347da62048ed8c735e34ddf54bc5b"}
{"action": "skipped", "episode_id": "crypto:episode-16", "state": "TERMINAL_RESULT", "status": "RESULT", "task_id": "crypto:TASK-6e2d003552c4cdc6a185532267c5931f"}
{"action": "skipped", "episode_id": "crypto:episode-17", "state": "TERMINAL_RESULT", "status": "RESULT", "task_id": "crypto:TASK-a7ff76614894d1b4f94f3f4b8a493849"}
{"action": "skipped", "episode_id": "crypto:episode-19", "state": "TERMINAL_RESULT", "status": "DUPLICATE", "task_id": "crypto:TASK-c867e60770f59699273a55415d4bd298"}
{"action": "skipped", "episode_id": "crypto:episode-20", "state": "TERMINAL_RESULT", "status": "RESULT", "task_id": "crypto:TASK-4a37fd926277a3ef0cae079b96c2ce99"}
{"action": "skipped", "episode_id": "crypto:episode-21", "state": "TERMINAL_RESULT", "status": "RESULT", "task_id": "crypto:TASK-15d9723c7d6dd424375798ad8639ed70"}
{"action": "skipped", "episode_id": "crypto:episode-22", "state": "TERMINAL_RESULT", "status": "RESULT", "task_id": "crypto:TASK-6a7e5eb91676be82445c3c99937349f4"}
{"action": "skipped", "episode_id": "crypto:episode-24", "state": "TERMINAL_RESULT", "status": "DUPLICATE", "task_id": "crypto:TASK-717252ae1f67e55d82a5319735ab9c0a"}
{"action": "delivered", "attempt": 1, "class": "TERMINAL_RESULT", "episode_id": "crypto:episode-25", "result_file": "crypto/results/TASK-27ade8a7380b708600b008ed8602d756.548c6e6fcf113cc0.json", "result_write": "WRITTEN", "status": "RESULT", "task_id": "crypto:TASK-27ade8a7380b708600b008ed8602d756"}
--- stderr
{"duration_ms": 206, "event": "job_finished", "job_id": "crypto-research-b61bd1177df266aee88a3c3f", "level": "INFO", "run_id": "3c2b772ddad343a0aa654cc5825b2cf8", "run_status": "SUCCEEDED", "service": "predictor_ops", "timestamp": "2026-09-28T18:06:55.183468Z"}
--- end
{"n": 128, "label": "ingest 19", "at": "2026-09-28T18:06:55Z", "seconds": 0.111, "argv": ["/home/runner/work/_temp/work/rt/cain-venv/bin/cain", "research", "ingest", "--domain", "crypto", "--state", "/home/runner/work/_temp/work/soak/cain-state", "--spool", "/home/runner/work/_temp/work/soak/spool"], "fault_env": {}, "exit": 0}
--- stdout
{"action": "duplicate", "file": "TASK-012f5d55aa3000fa92bce4a8de811193.f03a88a1b234ab62.json"}
{"action": "duplicate", "file": "TASK-14a347da62048ed8c735e34ddf54bc5b.b3697728625b7f81.json"}
{"action": "duplicate", "file": "TASK-14e7ea21534e45e23a4277dac60a4f2a.362eb9030a46ae8e.json"}
{"action": "duplicate", "file": "TASK-15d9723c7d6dd424375798ad8639ed70.89098dcc5884e843.json"}
{"action": "duplicate", "file": "TASK-15d9723c7d6dd424375798ad8639ed70.bd780b3a5c0ecddb.json"}
{"action": "ingested", "class": "TERMINAL_RESULT", "fact": "fact:26c748a5da2f4e8eb1ad41ccdd418c95", "file": "TASK-27ade8a7380b708600b008ed8602d756.548c6e6fcf113cc0.json", "status": "RESULT", "task_id": "crypto:TASK-27ade8a7380b708600b008ed8602d756"}
{"action": "duplicate", "file": "TASK-44ab5a05adcbec305debd521451ac735.299b328a5b7b3530.json"}
{"action": "duplicate", "file": "TASK-4a37fd926277a3ef0cae079b96c2ce99.c18d0b47ba140e68.json"}
{"action": "duplicate", "file": "TASK-5a61224f3e2255c51110cfae4b996804.8ed028653ee08b24.json"}
{"action": "duplicate", "file": "TASK-6a7e5eb91676be82445c3c99937349f4.9f9c5feaa59b3c67.json"}
{"action": "duplicate", "file": "TASK-6e2d003552c4cdc6a185532267c5931f.3e917293ff7f6c46.json"}
{"action": "duplicate", "file": "TASK-717252ae1f67e55d82a5319735ab9c0a.e75ed8da46b21442.json"}
{"action": "duplicate", "file": "TASK-8075320c169e3679d3da0cbf875ce83d.3d3b141a544007f6.json"}
{"action": "duplicate", "file": "TASK-a7ff76614894d1b4f94f3f4b8a493849.17ca57dcab21d0d6.json"}
{"action": "duplicate", "file": "TASK-c0756a400f58e2eb20df8cd25130c567.f16ecae094bd6f23.json"}
{"action": "duplicate", "file": "TASK-c867e60770f59699273a55415d4bd298.ead37dcc3f188ad3.json"}
{"action": "duplicate", "file": "TASK-d367c7f0a69accff2e52948d85e2cfc9.4e6a1f5401af1748.json"}
{"action": "duplicate", "file": "TASK-d367c7f0a69accff2e52948d85e2cfc9.ea2062ab82f012d7.json"}
{"action": "duplicate", "file": "TASK-e1b9c54ae66cb5429906c7192474f592.e00bc787dab74447.json"}
{"action": "duplicate", "file": "TASK-ec6e000af508cc684f074d56cf1d65d4.b881328d94ee8f91.json"}
{"action": "duplicate", "file": "TASK-fa5b145dd0e59b9b1f3c53919c0aad7f.c2de4272d33bfb49.json"}
{"action": "skipped", "code": "DOMAIN_MISMATCH", "file": "interleaved-003-stocks.json", "state": "REJECTED"}
{"action": "skipped", "code": "DOMAIN_MISMATCH", "file": "interleaved-007-brasileirao.json", "state": "REJECTED"}
{"action": "skipped", "code": "DOMAIN_MISMATCH", "file": "interleaved-011-stocks.json", "state": "REJECTED"}
{"action": "skipped", "code": "DOMAIN_MISMATCH", "file": "interleaved-015-brasileirao.json", "state": "REJECTED"}
{"action": "duplicate", "file": "redelivered-001-TASK-5a61224f3e2255c51110cfae4b996804.8ed028653ee08b24.json"}
{"action": "duplicate", "file": "redelivered-005-TASK-44ab5a05adcbec305debd521451ac735.299b328a5b7b3530.json"}
{"action": "duplicate", "file": "redelivered-009-TASK-8075320c169e3679d3da0cbf875ce83d.3d3b141a544007f6.json"}
{"action": "duplicate", "file": "redelivered-013-TASK-a7ff76614894d1b4f94f3f4b8a493849.17ca57dcab21d0d6.json"}
{"action": "duplicate", "file": "redelivered-017-TASK-6a7e5eb91676be82445c3c99937349f4.9f9c5feaa59b3c67.json"}
--- stderr
--- end
{"n": 129, "label": "ingest interleaved stocks 19", "at": "2026-09-28T18:06:55Z", "seconds": 0.103, "argv": ["/home/runner/work/_temp/work/rt/cain-venv/bin/cain", "research", "ingest", "--domain", "crypto", "--state", "/home/runner/work/_temp/work/soak/cain-state", "--spool", "/home/runner/work/_temp/work/soak/spool"], "fault_env": {}, "exit": 2}
--- stdout
{"action": "duplicate", "file": "TASK-012f5d55aa3000fa92bce4a8de811193.f03a88a1b234ab62.json"}
{"action": "duplicate", "file": "TASK-14a347da62048ed8c735e34ddf54bc5b.b3697728625b7f81.json"}
{"action": "duplicate", "file": "TASK-14e7ea21534e45e23a4277dac60a4f2a.362eb9030a46ae8e.json"}
{"action": "duplicate", "file": "TASK-15d9723c7d6dd424375798ad8639ed70.89098dcc5884e843.json"}
{"action": "duplicate", "file": "TASK-15d9723c7d6dd424375798ad8639ed70.bd780b3a5c0ecddb.json"}
{"action": "duplicate", "file": "TASK-27ade8a7380b708600b008ed8602d756.548c6e6fcf113cc0.json"}
{"action": "duplicate", "file": "TASK-44ab5a05adcbec305debd521451ac735.299b328a5b7b3530.json"}
{"action": "duplicate", "file": "TASK-4a37fd926277a3ef0cae079b96c2ce99.c18d0b47ba140e68.json"}
{"action": "duplicate", "file": "TASK-5a61224f3e2255c51110cfae4b996804.8ed028653ee08b24.json"}
{"action": "duplicate", "file": "TASK-6a7e5eb91676be82445c3c99937349f4.9f9c5feaa59b3c67.json"}
{"action": "duplicate", "file": "TASK-6e2d003552c4cdc6a185532267c5931f.3e917293ff7f6c46.json"}
{"action": "duplicate", "file": "TASK-717252ae1f67e55d82a5319735ab9c0a.e75ed8da46b21442.json"}
{"action": "duplicate", "file": "TASK-8075320c169e3679d3da0cbf875ce83d.3d3b141a544007f6.json"}
{"action": "duplicate", "file": "TASK-a7ff76614894d1b4f94f3f4b8a493849.17ca57dcab21d0d6.json"}
{"action": "duplicate", "file": "TASK-c0756a400f58e2eb20df8cd25130c567.f16ecae094bd6f23.json"}
{"action": "duplicate", "file": "TASK-c867e60770f59699273a55415d4bd298.ead37dcc3f188ad3.json"}
{"action": "duplicate", "file": "TASK-d367c7f0a69accff2e52948d85e2cfc9.4e6a1f5401af1748.json"}
{"action": "duplicate", "file": "TASK-d367c7f0a69accff2e52948d85e2cfc9.ea2062ab82f012d7.json"}
{"action": "duplicate", "file": "TASK-e1b9c54ae66cb5429906c7192474f592.e00bc787dab74447.json"}
{"action": "duplicate", "file": "TASK-ec6e000af508cc684f074d56cf1d65d4.b881328d94ee8f91.json"}
{"action": "duplicate", "file": "TASK-fa5b145dd0e59b9b1f3c53919c0aad7f.c2de4272d33bfb49.json"}
{"action": "skipped", "code": "DOMAIN_MISMATCH", "file": "interleaved-003-stocks.json", "state": "REJECTED"}
{"action": "skipped", "code": "DOMAIN_MISMATCH", "file": "interleaved-007-brasileirao.json", "state": "REJECTED"}
{"action": "skipped", "code": "DOMAIN_MISMATCH", "file": "interleaved-011-stocks.json", "state": "REJECTED"}
{"action": "skipped", "code": "DOMAIN_MISMATCH", "file": "interleaved-015-brasileirao.json", "state": "REJECTED"}
{"action": "rejected", "code": "DOMAIN_MISMATCH", "file": "interleaved-019-stocks.json", "reason": "result of domain stocks"}
{"action": "duplicate", "file": "redelivered-001-TASK-5a61224f3e2255c51110cfae4b996804.8ed028653ee08b24.json"}
{"action": "duplicate", "file": "redelivered-005-TASK-44ab5a05adcbec305debd521451ac735.299b328a5b7b3530.json"}
{"action": "duplicate", "file": "redelivered-009-TASK-8075320c169e3679d3da0cbf875ce83d.3d3b141a544007f6.json"}
{"action": "duplicate", "file": "redelivered-013-TASK-a7ff76614894d1b4f94f3f4b8a493849.17ca57dcab21d0d6.json"}
{"action": "duplicate", "file": "redelivered-017-TASK-6a7e5eb91676be82445c3c99937349f4.9f9c5feaa59b3c67.json"}
--- stderr
--- end
{"n": 130, "label": "propose stocks H9 into crypto 19", "at": "2026-09-28T18:06:55Z", "seconds": 0.104, "argv": ["/home/runner/work/_temp/work/rt/cain-venv/bin/cain", "research", "propose", "--domain", "crypto", "--state", "/home/runner/work/_temp/work/soak/cain-state", "--proposal", "/home/runner/work/predictor-qualification/predictor-qualification/qualification/integration-crypto/fixtures/proposals/e2e/06-stocks-h9.json", "--as-of", "2026-09-28T18:06:55Z"], "fault_env": {}, "exit": 0}
--- stdout
{"decision": "BLOCK", "episode_id": "crypto:episode-5", "reason_code": "DOMAIN_MISMATCH", "receipt_sha256": "b9eca9a207b411d952fe07377204841b74b113806965f5350395ac25893e0110", "rule": "R01", "status": "EXISTING", "task": null}
--- stderr
--- end
{"n": 131, "label": "propose 20", "at": "2026-09-28T18:06:55Z", "seconds": 0.106, "argv": ["/home/runner/work/_temp/work/rt/cain-venv/bin/cain", "research", "propose", "--domain", "crypto", "--state", "/home/runner/work/_temp/work/soak/cain-state", "--proposal", "/home/runner/work/_temp/work/soak/proposals/020.json", "--as-of", "2026-09-28T18:06:55Z"], "fault_env": {}, "exit": 0}
--- stdout
{"decision": "ALLOW", "episode_id": "crypto:episode-26", "reason_code": "ALLOWED", "receipt_sha256": "ff0bb68ef66e5ceac316b70323242f38b0952fb862152335600e5a6d13196e9a", "rule": "R14", "status": "RECORDED", "task": {"payload_sha256": "acf78060f0a6d5b76ee3e2388b5c0b5b55d14a72abce5f483dadc54832caab05", "previous_task_id": "crypto:TASK-27ade8a7380b708600b008ed8602d756", "task_id": "crypto:TASK-ea5906e4dd8b3897bd126c12da09efbc"}}
--- stderr
--- end
{"n": 132, "label": "dispatch 20", "at": "2026-09-28T18:06:55Z", "seconds": 0.105, "argv": ["/home/runner/work/_temp/work/rt/cain-venv/bin/cain", "research", "dispatch", "--domain", "crypto", "--state", "/home/runner/work/_temp/work/soak/cain-state", "--spool", "/home/runner/work/_temp/work/soak/spool"], "fault_env": {}, "exit": 0}
--- stdout
{"action": "dispatched", "file": "crypto/tasks/TASK-ea5906e4dd8b3897bd126c12da09efbc.json", "spool": "WRITTEN", "task_id": "crypto:TASK-ea5906e4dd8b3897bd126c12da09efbc"}
--- stderr
--- end
{"n": 133, "label": "consumer 20", "at": "2026-09-28T18:06:56Z", "seconds": 0.418, "argv": ["/home/runner/work/_temp/work/rt/consumer-venv/bin/predictor-research-consumer", "--domain", "crypto", "--spool", "/home/runner/work/_temp/work/soak/spool", "--ledger", "/home/runner/work/_temp/work/soak/consumer/ledger.sqlite", "--state", "/home/runner/work/_temp/work/soak/domain-state", "--policy", "/home/runner/work/_temp/work/rt/op/policy.json", "--objects", "/home/runner/work/_temp/work/rt/op/objects"], "fault_env": {}, "exit": 0}
--- stdout
{"action": "skipped", "episode_id": "crypto:episode-1", "state": "TERMINAL_RESULT", "status": "RESULT", "task_id": "crypto:TASK-5a61224f3e2255c51110cfae4b996804"}
{"action": "skipped", "episode_id": "crypto:episode-3", "state": "TERMINAL_RESULT", "status": "DUPLICATE", "task_id": "crypto:TASK-ec6e000af508cc684f074d56cf1d65d4"}
{"action": "skipped", "episode_id": "crypto:episode-4", "state": "TERMINAL_RESULT", "status": "RESULT", "task_id": "crypto:TASK-c0756a400f58e2eb20df8cd25130c567"}
{"action": "skipped", "episode_id": "crypto:episode-6", "state": "TERMINAL_RESULT", "status": "RESULT", "task_id": "crypto:TASK-d367c7f0a69accff2e52948d85e2cfc9"}
{"action": "skipped", "episode_id": "crypto:episode-7", "state": "TERMINAL_RESULT", "status": "RESULT", "task_id": "crypto:TASK-44ab5a05adcbec305debd521451ac735"}
{"action": "skipped", "episode_id": "crypto:episode-9", "state": "TERMINAL_RESULT", "status": "DUPLICATE", "task_id": "crypto:TASK-14e7ea21534e45e23a4277dac60a4f2a"}
{"action": "skipped", "episode_id": "crypto:episode-10", "state": "TERMINAL_RESULT", "status": "RESULT", "task_id": "crypto:TASK-fa5b145dd0e59b9b1f3c53919c0aad7f"}
{"action": "skipped", "episode_id": "crypto:episode-11", "state": "TERMINAL_RESULT", "status": "RESULT", "task_id": "crypto:TASK-012f5d55aa3000fa92bce4a8de811193"}
{"action": "skipped", "episode_id": "crypto:episode-12", "state": "TERMINAL_RESULT", "status": "RESULT", "task_id": "crypto:TASK-8075320c169e3679d3da0cbf875ce83d"}
{"action": "skipped", "episode_id": "crypto:episode-14", "state": "TERMINAL_RESULT", "status": "DUPLICATE", "task_id": "crypto:TASK-e1b9c54ae66cb5429906c7192474f592"}
{"action": "skipped", "episode_id": "crypto:episode-15", "state": "TERMINAL_RESULT", "status": "RESULT", "task_id": "crypto:TASK-14a347da62048ed8c735e34ddf54bc5b"}
{"action": "skipped", "episode_id": "crypto:episode-16", "state": "TERMINAL_RESULT", "status": "RESULT", "task_id": "crypto:TASK-6e2d003552c4cdc6a185532267c5931f"}
{"action": "skipped", "episode_id": "crypto:episode-17", "state": "TERMINAL_RESULT", "status": "RESULT", "task_id": "crypto:TASK-a7ff76614894d1b4f94f3f4b8a493849"}
{"action": "skipped", "episode_id": "crypto:episode-19", "state": "TERMINAL_RESULT", "status": "DUPLICATE", "task_id": "crypto:TASK-c867e60770f59699273a55415d4bd298"}
{"action": "skipped", "episode_id": "crypto:episode-20", "state": "TERMINAL_RESULT", "status": "RESULT", "task_id": "crypto:TASK-4a37fd926277a3ef0cae079b96c2ce99"}
{"action": "skipped", "episode_id": "crypto:episode-21", "state": "TERMINAL_RESULT", "status": "RESULT", "task_id": "crypto:TASK-15d9723c7d6dd424375798ad8639ed70"}
{"action": "skipped", "episode_id": "crypto:episode-22", "state": "TERMINAL_RESULT", "status": "RESULT", "task_id": "crypto:TASK-6a7e5eb91676be82445c3c99937349f4"}
{"action": "skipped", "episode_id": "crypto:episode-24", "state": "TERMINAL_RESULT", "status": "DUPLICATE", "task_id": "crypto:TASK-717252ae1f67e55d82a5319735ab9c0a"}
{"action": "skipped", "episode_id": "crypto:episode-25", "state": "TERMINAL_RESULT", "status": "RESULT", "task_id": "crypto:TASK-27ade8a7380b708600b008ed8602d756"}
{"action": "delivered", "attempt": 1, "class": "TERMINAL_RESULT", "episode_id": "crypto:episode-26", "result_file": "crypto/results/TASK-ea5906e4dd8b3897bd126c12da09efbc.38ef198e6e27358a.json", "result_write": "WRITTEN", "status": "RESULT", "task_id": "crypto:TASK-ea5906e4dd8b3897bd126c12da09efbc"}
--- stderr
{"duration_ms": 206, "event": "job_finished", "job_id": "crypto-research-218f7a0887bd856b6bbae7b9", "level": "INFO", "run_id": "b4ad9da2ee3448219cf7a4e11cfd8de2", "run_status": "SUCCEEDED", "service": "predictor_ops", "timestamp": "2026-09-28T18:06:56.130695Z"}
--- end
{"n": 134, "label": "ingest 20", "at": "2026-09-28T18:06:56Z", "seconds": 0.11, "argv": ["/home/runner/work/_temp/work/rt/cain-venv/bin/cain", "research", "ingest", "--domain", "crypto", "--state", "/home/runner/work/_temp/work/soak/cain-state", "--spool", "/home/runner/work/_temp/work/soak/spool"], "fault_env": {}, "exit": 0}
--- stdout
{"action": "duplicate", "file": "TASK-012f5d55aa3000fa92bce4a8de811193.f03a88a1b234ab62.json"}
{"action": "duplicate", "file": "TASK-14a347da62048ed8c735e34ddf54bc5b.b3697728625b7f81.json"}
{"action": "duplicate", "file": "TASK-14e7ea21534e45e23a4277dac60a4f2a.362eb9030a46ae8e.json"}
{"action": "duplicate", "file": "TASK-15d9723c7d6dd424375798ad8639ed70.89098dcc5884e843.json"}
{"action": "duplicate", "file": "TASK-15d9723c7d6dd424375798ad8639ed70.bd780b3a5c0ecddb.json"}
{"action": "duplicate", "file": "TASK-27ade8a7380b708600b008ed8602d756.548c6e6fcf113cc0.json"}
{"action": "duplicate", "file": "TASK-44ab5a05adcbec305debd521451ac735.299b328a5b7b3530.json"}
{"action": "duplicate", "file": "TASK-4a37fd926277a3ef0cae079b96c2ce99.c18d0b47ba140e68.json"}
{"action": "duplicate", "file": "TASK-5a61224f3e2255c51110cfae4b996804.8ed028653ee08b24.json"}
{"action": "duplicate", "file": "TASK-6a7e5eb91676be82445c3c99937349f4.9f9c5feaa59b3c67.json"}
{"action": "duplicate", "file": "TASK-6e2d003552c4cdc6a185532267c5931f.3e917293ff7f6c46.json"}
{"action": "duplicate", "file": "TASK-717252ae1f67e55d82a5319735ab9c0a.e75ed8da46b21442.json"}
{"action": "duplicate", "file": "TASK-8075320c169e3679d3da0cbf875ce83d.3d3b141a544007f6.json"}
{"action": "duplicate", "file": "TASK-a7ff76614894d1b4f94f3f4b8a493849.17ca57dcab21d0d6.json"}
{"action": "duplicate", "file": "TASK-c0756a400f58e2eb20df8cd25130c567.f16ecae094bd6f23.json"}
{"action": "duplicate", "file": "TASK-c867e60770f59699273a55415d4bd298.ead37dcc3f188ad3.json"}
{"action": "duplicate", "file": "TASK-d367c7f0a69accff2e52948d85e2cfc9.4e6a1f5401af1748.json"}
{"action": "duplicate", "file": "TASK-d367c7f0a69accff2e52948d85e2cfc9.ea2062ab82f012d7.json"}
{"action": "duplicate", "file": "TASK-e1b9c54ae66cb5429906c7192474f592.e00bc787dab74447.json"}
{"action": "ingested", "class": "TERMINAL_RESULT", "fact": "fact:dda284d48db34abbb06202a175424a54", "file": "TASK-ea5906e4dd8b3897bd126c12da09efbc.38ef198e6e27358a.json", "status": "RESULT", "task_id": "crypto:TASK-ea5906e4dd8b3897bd126c12da09efbc"}
{"action": "duplicate", "file": "TASK-ec6e000af508cc684f074d56cf1d65d4.b881328d94ee8f91.json"}
{"action": "duplicate", "file": "TASK-fa5b145dd0e59b9b1f3c53919c0aad7f.c2de4272d33bfb49.json"}
{"action": "skipped", "code": "DOMAIN_MISMATCH", "file": "interleaved-003-stocks.json", "state": "REJECTED"}
{"action": "skipped", "code": "DOMAIN_MISMATCH", "file": "interleaved-007-brasileirao.json", "state": "REJECTED"}
{"action": "skipped", "code": "DOMAIN_MISMATCH", "file": "interleaved-011-stocks.json", "state": "REJECTED"}
{"action": "skipped", "code": "DOMAIN_MISMATCH", "file": "interleaved-015-brasileirao.json", "state": "REJECTED"}
{"action": "skipped", "code": "DOMAIN_MISMATCH", "file": "interleaved-019-stocks.json", "state": "REJECTED"}
{"action": "duplicate", "file": "redelivered-001-TASK-5a61224f3e2255c51110cfae4b996804.8ed028653ee08b24.json"}
{"action": "duplicate", "file": "redelivered-005-TASK-44ab5a05adcbec305debd521451ac735.299b328a5b7b3530.json"}
{"action": "duplicate", "file": "redelivered-009-TASK-8075320c169e3679d3da0cbf875ce83d.3d3b141a544007f6.json"}
{"action": "duplicate", "file": "redelivered-013-TASK-a7ff76614894d1b4f94f3f4b8a493849.17ca57dcab21d0d6.json"}
{"action": "duplicate", "file": "redelivered-017-TASK-6a7e5eb91676be82445c3c99937349f4.9f9c5feaa59b3c67.json"}
--- stderr
--- end
{"n": 135, "label": "propose 21", "at": "2026-09-28T18:06:56Z", "seconds": 0.104, "argv": ["/home/runner/work/_temp/work/rt/cain-venv/bin/cain", "research", "propose", "--domain", "crypto", "--state", "/home/runner/work/_temp/work/soak/cain-state", "--proposal", "/home/runner/work/_temp/work/soak/proposals/021.json", "--as-of", "2026-09-28T18:06:56Z"], "fault_env": {}, "exit": 0}
--- stdout
{"decision": "ALLOW", "episode_id": "crypto:episode-27", "reason_code": "ALLOWED", "receipt_sha256": "64c09091c22a020bf5a8afdf24bb5da0f4b5a1110133fc844150ca39b024d5dc", "rule": "R14", "status": "RECORDED", "task": {"payload_sha256": "c04d2a497e8cc5725b35756b93dc5d1f22de2e3e3ad1dd6d8a56eacc36443c69", "previous_task_id": "crypto:TASK-ea5906e4dd8b3897bd126c12da09efbc", "task_id": "crypto:TASK-a07a31993dffde0924b756f4d7c218cd"}}
--- stderr
--- end
{"n": 136, "label": "dispatch 21", "at": "2026-09-28T18:06:56Z", "seconds": 0.184, "argv": ["/home/runner/work/_temp/work/rt/cain-venv/bin/cain", "research", "dispatch", "--domain", "crypto", "--state", "/home/runner/work/_temp/work/soak/cain-state", "--spool", "/home/runner/work/_temp/work/soak/spool"], "fault_env": {}, "exit": 0}
--- stdout
{"action": "dispatched", "file": "crypto/tasks/TASK-a07a31993dffde0924b756f4d7c218cd.json", "spool": "WRITTEN", "task_id": "crypto:TASK-a07a31993dffde0924b756f4d7c218cd"}
--- stderr
--- end
{"n": 137, "label": "consumer 21", "at": "2026-09-28T18:06:56Z", "seconds": 0.416, "argv": ["/home/runner/work/_temp/work/rt/consumer-venv/bin/predictor-research-consumer", "--domain", "crypto", "--spool", "/home/runner/work/_temp/work/soak/spool", "--ledger", "/home/runner/work/_temp/work/soak/consumer/ledger.sqlite", "--state", "/home/runner/work/_temp/work/soak/domain-state", "--policy", "/home/runner/work/_temp/work/rt/op/policy.json", "--objects", "/home/runner/work/_temp/work/rt/op/objects"], "fault_env": {}, "exit": 0}
--- stdout
{"action": "skipped", "episode_id": "crypto:episode-1", "state": "TERMINAL_RESULT", "status": "RESULT", "task_id": "crypto:TASK-5a61224f3e2255c51110cfae4b996804"}
{"action": "skipped", "episode_id": "crypto:episode-3", "state": "TERMINAL_RESULT", "status": "DUPLICATE", "task_id": "crypto:TASK-ec6e000af508cc684f074d56cf1d65d4"}
{"action": "skipped", "episode_id": "crypto:episode-4", "state": "TERMINAL_RESULT", "status": "RESULT", "task_id": "crypto:TASK-c0756a400f58e2eb20df8cd25130c567"}
{"action": "skipped", "episode_id": "crypto:episode-6", "state": "TERMINAL_RESULT", "status": "RESULT", "task_id": "crypto:TASK-d367c7f0a69accff2e52948d85e2cfc9"}
{"action": "skipped", "episode_id": "crypto:episode-7", "state": "TERMINAL_RESULT", "status": "RESULT", "task_id": "crypto:TASK-44ab5a05adcbec305debd521451ac735"}
{"action": "skipped", "episode_id": "crypto:episode-9", "state": "TERMINAL_RESULT", "status": "DUPLICATE", "task_id": "crypto:TASK-14e7ea21534e45e23a4277dac60a4f2a"}
{"action": "skipped", "episode_id": "crypto:episode-10", "state": "TERMINAL_RESULT", "status": "RESULT", "task_id": "crypto:TASK-fa5b145dd0e59b9b1f3c53919c0aad7f"}
{"action": "skipped", "episode_id": "crypto:episode-11", "state": "TERMINAL_RESULT", "status": "RESULT", "task_id": "crypto:TASK-012f5d55aa3000fa92bce4a8de811193"}
{"action": "skipped", "episode_id": "crypto:episode-12", "state": "TERMINAL_RESULT", "status": "RESULT", "task_id": "crypto:TASK-8075320c169e3679d3da0cbf875ce83d"}
{"action": "skipped", "episode_id": "crypto:episode-14", "state": "TERMINAL_RESULT", "status": "DUPLICATE", "task_id": "crypto:TASK-e1b9c54ae66cb5429906c7192474f592"}
{"action": "skipped", "episode_id": "crypto:episode-15", "state": "TERMINAL_RESULT", "status": "RESULT", "task_id": "crypto:TASK-14a347da62048ed8c735e34ddf54bc5b"}
{"action": "skipped", "episode_id": "crypto:episode-16", "state": "TERMINAL_RESULT", "status": "RESULT", "task_id": "crypto:TASK-6e2d003552c4cdc6a185532267c5931f"}
{"action": "skipped", "episode_id": "crypto:episode-17", "state": "TERMINAL_RESULT", "status": "RESULT", "task_id": "crypto:TASK-a7ff76614894d1b4f94f3f4b8a493849"}
{"action": "skipped", "episode_id": "crypto:episode-19", "state": "TERMINAL_RESULT", "status": "DUPLICATE", "task_id": "crypto:TASK-c867e60770f59699273a55415d4bd298"}
{"action": "skipped", "episode_id": "crypto:episode-20", "state": "TERMINAL_RESULT", "status": "RESULT", "task_id": "crypto:TASK-4a37fd926277a3ef0cae079b96c2ce99"}
{"action": "skipped", "episode_id": "crypto:episode-21", "state": "TERMINAL_RESULT", "status": "RESULT", "task_id": "crypto:TASK-15d9723c7d6dd424375798ad8639ed70"}
{"action": "skipped", "episode_id": "crypto:episode-22", "state": "TERMINAL_RESULT", "status": "RESULT", "task_id": "crypto:TASK-6a7e5eb91676be82445c3c99937349f4"}
{"action": "skipped", "episode_id": "crypto:episode-24", "state": "TERMINAL_RESULT", "status": "DUPLICATE", "task_id": "crypto:TASK-717252ae1f67e55d82a5319735ab9c0a"}
{"action": "skipped", "episode_id": "crypto:episode-25", "state": "TERMINAL_RESULT", "status": "RESULT", "task_id": "crypto:TASK-27ade8a7380b708600b008ed8602d756"}
{"action": "skipped", "episode_id": "crypto:episode-26", "state": "TERMINAL_RESULT", "status": "RESULT", "task_id": "crypto:TASK-ea5906e4dd8b3897bd126c12da09efbc"}
{"action": "delivered", "attempt": 1, "class": "TERMINAL_RESULT", "episode_id": "crypto:episode-27", "result_file": "crypto/results/TASK-a07a31993dffde0924b756f4d7c218cd.7c52c3f43479f241.json", "result_write": "WRITTEN", "status": "RESULT", "task_id": "crypto:TASK-a07a31993dffde0924b756f4d7c218cd"}
--- stderr
{"duration_ms": 206, "event": "job_finished", "job_id": "crypto-research-8e2d5a50c7d41878be177ebe", "level": "INFO", "run_id": "39ceee7f6ffe48719517e3e0dff52b06", "run_status": "SUCCEEDED", "service": "predictor_ops", "timestamp": "2026-09-28T18:06:56.944129Z"}
--- end
{"n": 138, "label": "ingest 21", "at": "2026-09-28T18:06:57Z", "seconds": 0.114, "argv": ["/home/runner/work/_temp/work/rt/cain-venv/bin/cain", "research", "ingest", "--domain", "crypto", "--state", "/home/runner/work/_temp/work/soak/cain-state", "--spool", "/home/runner/work/_temp/work/soak/spool"], "fault_env": {}, "exit": 0}
--- stdout
{"action": "duplicate", "file": "TASK-012f5d55aa3000fa92bce4a8de811193.f03a88a1b234ab62.json"}
{"action": "duplicate", "file": "TASK-14a347da62048ed8c735e34ddf54bc5b.b3697728625b7f81.json"}
{"action": "duplicate", "file": "TASK-14e7ea21534e45e23a4277dac60a4f2a.362eb9030a46ae8e.json"}
{"action": "duplicate", "file": "TASK-15d9723c7d6dd424375798ad8639ed70.89098dcc5884e843.json"}
{"action": "duplicate", "file": "TASK-15d9723c7d6dd424375798ad8639ed70.bd780b3a5c0ecddb.json"}
{"action": "duplicate", "file": "TASK-27ade8a7380b708600b008ed8602d756.548c6e6fcf113cc0.json"}
{"action": "duplicate", "file": "TASK-44ab5a05adcbec305debd521451ac735.299b328a5b7b3530.json"}
{"action": "duplicate", "file": "TASK-4a37fd926277a3ef0cae079b96c2ce99.c18d0b47ba140e68.json"}
{"action": "duplicate", "file": "TASK-5a61224f3e2255c51110cfae4b996804.8ed028653ee08b24.json"}
{"action": "duplicate", "file": "TASK-6a7e5eb91676be82445c3c99937349f4.9f9c5feaa59b3c67.json"}
{"action": "duplicate", "file": "TASK-6e2d003552c4cdc6a185532267c5931f.3e917293ff7f6c46.json"}
{"action": "duplicate", "file": "TASK-717252ae1f67e55d82a5319735ab9c0a.e75ed8da46b21442.json"}
{"action": "duplicate", "file": "TASK-8075320c169e3679d3da0cbf875ce83d.3d3b141a544007f6.json"}
{"action": "ingested", "class": "TERMINAL_RESULT", "fact": "fact:2fc66c12196f4e599130139ee49725ef", "file": "TASK-a07a31993dffde0924b756f4d7c218cd.7c52c3f43479f241.json", "status": "RESULT", "task_id": "crypto:TASK-a07a31993dffde0924b756f4d7c218cd"}
{"action": "duplicate", "file": "TASK-a7ff76614894d1b4f94f3f4b8a493849.17ca57dcab21d0d6.json"}
{"action": "duplicate", "file": "TASK-c0756a400f58e2eb20df8cd25130c567.f16ecae094bd6f23.json"}
{"action": "duplicate", "file": "TASK-c867e60770f59699273a55415d4bd298.ead37dcc3f188ad3.json"}
{"action": "duplicate", "file": "TASK-d367c7f0a69accff2e52948d85e2cfc9.4e6a1f5401af1748.json"}
{"action": "duplicate", "file": "TASK-d367c7f0a69accff2e52948d85e2cfc9.ea2062ab82f012d7.json"}
{"action": "duplicate", "file": "TASK-e1b9c54ae66cb5429906c7192474f592.e00bc787dab74447.json"}
{"action": "duplicate", "file": "TASK-ea5906e4dd8b3897bd126c12da09efbc.38ef198e6e27358a.json"}
{"action": "duplicate", "file": "TASK-ec6e000af508cc684f074d56cf1d65d4.b881328d94ee8f91.json"}
{"action": "duplicate", "file": "TASK-fa5b145dd0e59b9b1f3c53919c0aad7f.c2de4272d33bfb49.json"}
{"action": "skipped", "code": "DOMAIN_MISMATCH", "file": "interleaved-003-stocks.json", "state": "REJECTED"}
{"action": "skipped", "code": "DOMAIN_MISMATCH", "file": "interleaved-007-brasileirao.json", "state": "REJECTED"}
{"action": "skipped", "code": "DOMAIN_MISMATCH", "file": "interleaved-011-stocks.json", "state": "REJECTED"}
{"action": "skipped", "code": "DOMAIN_MISMATCH", "file": "interleaved-015-brasileirao.json", "state": "REJECTED"}
{"action": "skipped", "code": "DOMAIN_MISMATCH", "file": "interleaved-019-stocks.json", "state": "REJECTED"}
{"action": "duplicate", "file": "redelivered-001-TASK-5a61224f3e2255c51110cfae4b996804.8ed028653ee08b24.json"}
{"action": "duplicate", "file": "redelivered-005-TASK-44ab5a05adcbec305debd521451ac735.299b328a5b7b3530.json"}
{"action": "duplicate", "file": "redelivered-009-TASK-8075320c169e3679d3da0cbf875ce83d.3d3b141a544007f6.json"}
{"action": "duplicate", "file": "redelivered-013-TASK-a7ff76614894d1b4f94f3f4b8a493849.17ca57dcab21d0d6.json"}
{"action": "duplicate", "file": "redelivered-017-TASK-6a7e5eb91676be82445c3c99937349f4.9f9c5feaa59b3c67.json"}
--- stderr
--- end
{"n": 139, "label": "resend 21", "at": "2026-09-28T18:06:57Z", "seconds": 0.132, "argv": ["/home/runner/work/_temp/work/rt/cain-venv/bin/cain", "research", "dispatch", "--domain", "crypto", "--state", "/home/runner/work/_temp/work/soak/cain-state", "--spool", "/home/runner/work/_temp/work/soak/spool", "--resend"], "fault_env": {}, "exit": 0}
--- stdout
{"action": "dispatched", "file": "crypto/tasks/TASK-5a61224f3e2255c51110cfae4b996804.json", "spool": "EXISTS", "task_id": "crypto:TASK-5a61224f3e2255c51110cfae4b996804"}
{"action": "dispatched", "file": "crypto/tasks/TASK-ec6e000af508cc684f074d56cf1d65d4.json", "spool": "EXISTS", "task_id": "crypto:TASK-ec6e000af508cc684f074d56cf1d65d4"}
{"action": "dispatched", "file": "crypto/tasks/TASK-c0756a400f58e2eb20df8cd25130c567.json", "spool": "EXISTS", "task_id": "crypto:TASK-c0756a400f58e2eb20df8cd25130c567"}
{"action": "dispatched", "file": "crypto/tasks/TASK-d367c7f0a69accff2e52948d85e2cfc9.json", "spool": "EXISTS", "task_id": "crypto:TASK-d367c7f0a69accff2e52948d85e2cfc9"}
{"action": "dispatched", "file": "crypto/tasks/TASK-44ab5a05adcbec305debd521451ac735.json", "spool": "EXISTS", "task_id": "crypto:TASK-44ab5a05adcbec305debd521451ac735"}
{"action": "dispatched", "file": "crypto/tasks/TASK-14e7ea21534e45e23a4277dac60a4f2a.json", "spool": "EXISTS", "task_id": "crypto:TASK-14e7ea21534e45e23a4277dac60a4f2a"}
{"action": "dispatched", "file": "crypto/tasks/TASK-fa5b145dd0e59b9b1f3c53919c0aad7f.json", "spool": "EXISTS", "task_id": "crypto:TASK-fa5b145dd0e59b9b1f3c53919c0aad7f"}
{"action": "dispatched", "file": "crypto/tasks/TASK-012f5d55aa3000fa92bce4a8de811193.json", "spool": "EXISTS", "task_id": "crypto:TASK-012f5d55aa3000fa92bce4a8de811193"}
{"action": "dispatched", "file": "crypto/tasks/TASK-8075320c169e3679d3da0cbf875ce83d.json", "spool": "EXISTS", "task_id": "crypto:TASK-8075320c169e3679d3da0cbf875ce83d"}
{"action": "dispatched", "file": "crypto/tasks/TASK-e1b9c54ae66cb5429906c7192474f592.json", "spool": "EXISTS", "task_id": "crypto:TASK-e1b9c54ae66cb5429906c7192474f592"}
{"action": "dispatched", "file": "crypto/tasks/TASK-14a347da62048ed8c735e34ddf54bc5b.json", "spool": "EXISTS", "task_id": "crypto:TASK-14a347da62048ed8c735e34ddf54bc5b"}
{"action": "dispatched", "file": "crypto/tasks/TASK-6e2d003552c4cdc6a185532267c5931f.json", "spool": "EXISTS", "task_id": "crypto:TASK-6e2d003552c4cdc6a185532267c5931f"}
{"action": "dispatched", "file": "crypto/tasks/TASK-a7ff76614894d1b4f94f3f4b8a493849.json", "spool": "EXISTS", "task_id": "crypto:TASK-a7ff76614894d1b4f94f3f4b8a493849"}
{"action": "dispatched", "file": "crypto/tasks/TASK-c867e60770f59699273a55415d4bd298.json", "spool": "EXISTS", "task_id": "crypto:TASK-c867e60770f59699273a55415d4bd298"}
{"action": "dispatched", "file": "crypto/tasks/TASK-4a37fd926277a3ef0cae079b96c2ce99.json", "spool": "EXISTS", "task_id": "crypto:TASK-4a37fd926277a3ef0cae079b96c2ce99"}
{"action": "dispatched", "file": "crypto/tasks/TASK-15d9723c7d6dd424375798ad8639ed70.json", "spool": "EXISTS", "task_id": "crypto:TASK-15d9723c7d6dd424375798ad8639ed70"}
{"action": "dispatched", "file": "crypto/tasks/TASK-6a7e5eb91676be82445c3c99937349f4.json", "spool": "EXISTS", "task_id": "crypto:TASK-6a7e5eb91676be82445c3c99937349f4"}
{"action": "dispatched", "file": "crypto/tasks/TASK-717252ae1f67e55d82a5319735ab9c0a.json", "spool": "EXISTS", "task_id": "crypto:TASK-717252ae1f67e55d82a5319735ab9c0a"}
{"action": "dispatched", "file": "crypto/tasks/TASK-27ade8a7380b708600b008ed8602d756.json", "spool": "EXISTS", "task_id": "crypto:TASK-27ade8a7380b708600b008ed8602d756"}
{"action": "dispatched", "file": "crypto/tasks/TASK-ea5906e4dd8b3897bd126c12da09efbc.json", "spool": "EXISTS", "task_id": "crypto:TASK-ea5906e4dd8b3897bd126c12da09efbc"}
{"action": "dispatched", "file": "crypto/tasks/TASK-a07a31993dffde0924b756f4d7c218cd.json", "spool": "EXISTS", "task_id": "crypto:TASK-a07a31993dffde0924b756f4d7c218cd"}
--- stderr
--- end
{"n": 140, "label": "consumer resend 21", "at": "2026-09-28T18:06:57Z", "seconds": 0.138, "argv": ["/home/runner/work/_temp/work/rt/consumer-venv/bin/predictor-research-consumer", "--domain", "crypto", "--spool", "/home/runner/work/_temp/work/soak/spool", "--ledger", "/home/runner/work/_temp/work/soak/consumer/ledger.sqlite", "--state", "/home/runner/work/_temp/work/soak/domain-state", "--policy", "/home/runner/work/_temp/work/rt/op/policy.json", "--objects", "/home/runner/work/_temp/work/rt/op/objects"], "fault_env": {}, "exit": 0}
--- stdout
{"action": "skipped", "episode_id": "crypto:episode-1", "state": "TERMINAL_RESULT", "status": "RESULT", "task_id": "crypto:TASK-5a61224f3e2255c51110cfae4b996804"}
{"action": "skipped", "episode_id": "crypto:episode-3", "state": "TERMINAL_RESULT", "status": "DUPLICATE", "task_id": "crypto:TASK-ec6e000af508cc684f074d56cf1d65d4"}
{"action": "skipped", "episode_id": "crypto:episode-4", "state": "TERMINAL_RESULT", "status": "RESULT", "task_id": "crypto:TASK-c0756a400f58e2eb20df8cd25130c567"}
{"action": "skipped", "episode_id": "crypto:episode-6", "state": "TERMINAL_RESULT", "status": "RESULT", "task_id": "crypto:TASK-d367c7f0a69accff2e52948d85e2cfc9"}
{"action": "skipped", "episode_id": "crypto:episode-7", "state": "TERMINAL_RESULT", "status": "RESULT", "task_id": "crypto:TASK-44ab5a05adcbec305debd521451ac735"}
{"action": "skipped", "episode_id": "crypto:episode-9", "state": "TERMINAL_RESULT", "status": "DUPLICATE", "task_id": "crypto:TASK-14e7ea21534e45e23a4277dac60a4f2a"}
{"action": "skipped", "episode_id": "crypto:episode-10", "state": "TERMINAL_RESULT", "status": "RESULT", "task_id": "crypto:TASK-fa5b145dd0e59b9b1f3c53919c0aad7f"}
{"action": "skipped", "episode_id": "crypto:episode-11", "state": "TERMINAL_RESULT", "status": "RESULT", "task_id": "crypto:TASK-012f5d55aa3000fa92bce4a8de811193"}
{"action": "skipped", "episode_id": "crypto:episode-12", "state": "TERMINAL_RESULT", "status": "RESULT", "task_id": "crypto:TASK-8075320c169e3679d3da0cbf875ce83d"}
{"action": "skipped", "episode_id": "crypto:episode-14", "state": "TERMINAL_RESULT", "status": "DUPLICATE", "task_id": "crypto:TASK-e1b9c54ae66cb5429906c7192474f592"}
{"action": "skipped", "episode_id": "crypto:episode-15", "state": "TERMINAL_RESULT", "status": "RESULT", "task_id": "crypto:TASK-14a347da62048ed8c735e34ddf54bc5b"}
{"action": "skipped", "episode_id": "crypto:episode-16", "state": "TERMINAL_RESULT", "status": "RESULT", "task_id": "crypto:TASK-6e2d003552c4cdc6a185532267c5931f"}
{"action": "skipped", "episode_id": "crypto:episode-17", "state": "TERMINAL_RESULT", "status": "RESULT", "task_id": "crypto:TASK-a7ff76614894d1b4f94f3f4b8a493849"}
{"action": "skipped", "episode_id": "crypto:episode-19", "state": "TERMINAL_RESULT", "status": "DUPLICATE", "task_id": "crypto:TASK-c867e60770f59699273a55415d4bd298"}
{"action": "skipped", "episode_id": "crypto:episode-20", "state": "TERMINAL_RESULT", "status": "RESULT", "task_id": "crypto:TASK-4a37fd926277a3ef0cae079b96c2ce99"}
{"action": "skipped", "episode_id": "crypto:episode-21", "state": "TERMINAL_RESULT", "status": "RESULT", "task_id": "crypto:TASK-15d9723c7d6dd424375798ad8639ed70"}
{"action": "skipped", "episode_id": "crypto:episode-22", "state": "TERMINAL_RESULT", "status": "RESULT", "task_id": "crypto:TASK-6a7e5eb91676be82445c3c99937349f4"}
{"action": "skipped", "episode_id": "crypto:episode-24", "state": "TERMINAL_RESULT", "status": "DUPLICATE", "task_id": "crypto:TASK-717252ae1f67e55d82a5319735ab9c0a"}
{"action": "skipped", "episode_id": "crypto:episode-25", "state": "TERMINAL_RESULT", "status": "RESULT", "task_id": "crypto:TASK-27ade8a7380b708600b008ed8602d756"}
{"action": "skipped", "episode_id": "crypto:episode-26", "state": "TERMINAL_RESULT", "status": "RESULT", "task_id": "crypto:TASK-ea5906e4dd8b3897bd126c12da09efbc"}
{"action": "skipped", "episode_id": "crypto:episode-27", "state": "TERMINAL_RESULT", "status": "RESULT", "task_id": "crypto:TASK-a07a31993dffde0924b756f4d7c218cd"}
--- stderr
--- end
{"n": 141, "label": "ingest redelivered 21", "at": "2026-09-28T18:06:57Z", "seconds": 0.106, "argv": ["/home/runner/work/_temp/work/rt/cain-venv/bin/cain", "research", "ingest", "--domain", "crypto", "--state", "/home/runner/work/_temp/work/soak/cain-state", "--spool", "/home/runner/work/_temp/work/soak/spool"], "fault_env": {}, "exit": 0}
--- stdout
{"action": "duplicate", "file": "TASK-012f5d55aa3000fa92bce4a8de811193.f03a88a1b234ab62.json"}
{"action": "duplicate", "file": "TASK-14a347da62048ed8c735e34ddf54bc5b.b3697728625b7f81.json"}
{"action": "duplicate", "file": "TASK-14e7ea21534e45e23a4277dac60a4f2a.362eb9030a46ae8e.json"}
{"action": "duplicate", "file": "TASK-15d9723c7d6dd424375798ad8639ed70.89098dcc5884e843.json"}
{"action": "duplicate", "file": "TASK-15d9723c7d6dd424375798ad8639ed70.bd780b3a5c0ecddb.json"}
{"action": "duplicate", "file": "TASK-27ade8a7380b708600b008ed8602d756.548c6e6fcf113cc0.json"}
{"action": "duplicate", "file": "TASK-44ab5a05adcbec305debd521451ac735.299b328a5b7b3530.json"}
{"action": "duplicate", "file": "TASK-4a37fd926277a3ef0cae079b96c2ce99.c18d0b47ba140e68.json"}
{"action": "duplicate", "file": "TASK-5a61224f3e2255c51110cfae4b996804.8ed028653ee08b24.json"}
{"action": "duplicate", "file": "TASK-6a7e5eb91676be82445c3c99937349f4.9f9c5feaa59b3c67.json"}
{"action": "duplicate", "file": "TASK-6e2d003552c4cdc6a185532267c5931f.3e917293ff7f6c46.json"}
{"action": "duplicate", "file": "TASK-717252ae1f67e55d82a5319735ab9c0a.e75ed8da46b21442.json"}
{"action": "duplicate", "file": "TASK-8075320c169e3679d3da0cbf875ce83d.3d3b141a544007f6.json"}
{"action": "duplicate", "file": "TASK-a07a31993dffde0924b756f4d7c218cd.7c52c3f43479f241.json"}
{"action": "duplicate", "file": "TASK-a7ff76614894d1b4f94f3f4b8a493849.17ca57dcab21d0d6.json"}
{"action": "duplicate", "file": "TASK-c0756a400f58e2eb20df8cd25130c567.f16ecae094bd6f23.json"}
{"action": "duplicate", "file": "TASK-c867e60770f59699273a55415d4bd298.ead37dcc3f188ad3.json"}
{"action": "duplicate", "file": "TASK-d367c7f0a69accff2e52948d85e2cfc9.4e6a1f5401af1748.json"}
{"action": "duplicate", "file": "TASK-d367c7f0a69accff2e52948d85e2cfc9.ea2062ab82f012d7.json"}
{"action": "duplicate", "file": "TASK-e1b9c54ae66cb5429906c7192474f592.e00bc787dab74447.json"}
{"action": "duplicate", "file": "TASK-ea5906e4dd8b3897bd126c12da09efbc.38ef198e6e27358a.json"}
{"action": "duplicate", "file": "TASK-ec6e000af508cc684f074d56cf1d65d4.b881328d94ee8f91.json"}
{"action": "duplicate", "file": "TASK-fa5b145dd0e59b9b1f3c53919c0aad7f.c2de4272d33bfb49.json"}
{"action": "skipped", "code": "DOMAIN_MISMATCH", "file": "interleaved-003-stocks.json", "state": "REJECTED"}
{"action": "skipped", "code": "DOMAIN_MISMATCH", "file": "interleaved-007-brasileirao.json", "state": "REJECTED"}
{"action": "skipped", "code": "DOMAIN_MISMATCH", "file": "interleaved-011-stocks.json", "state": "REJECTED"}
{"action": "skipped", "code": "DOMAIN_MISMATCH", "file": "interleaved-015-brasileirao.json", "state": "REJECTED"}
{"action": "skipped", "code": "DOMAIN_MISMATCH", "file": "interleaved-019-stocks.json", "state": "REJECTED"}
{"action": "duplicate", "file": "redelivered-001-TASK-5a61224f3e2255c51110cfae4b996804.8ed028653ee08b24.json"}
{"action": "duplicate", "file": "redelivered-005-TASK-44ab5a05adcbec305debd521451ac735.299b328a5b7b3530.json"}
{"action": "duplicate", "file": "redelivered-009-TASK-8075320c169e3679d3da0cbf875ce83d.3d3b141a544007f6.json"}
{"action": "duplicate", "file": "redelivered-013-TASK-a7ff76614894d1b4f94f3f4b8a493849.17ca57dcab21d0d6.json"}
{"action": "duplicate", "file": "redelivered-017-TASK-6a7e5eb91676be82445c3c99937349f4.9f9c5feaa59b3c67.json"}
{"action": "duplicate", "file": "redelivered-021-TASK-a07a31993dffde0924b756f4d7c218cd.7c52c3f43479f241.json"}
--- stderr
--- end
{"n": 142, "label": "propose duplicate 21", "at": "2026-09-28T18:06:57Z", "seconds": 0.106, "argv": ["/home/runner/work/_temp/work/rt/cain-venv/bin/cain", "research", "propose", "--domain", "crypto", "--state", "/home/runner/work/_temp/work/soak/cain-state", "--proposal", "/home/runner/work/_temp/work/soak/proposals/021-again.json", "--as-of", "2026-09-28T18:06:57Z"], "fault_env": {}, "exit": 0}
--- stdout
{"decision": "DUPLICATE", "episode_id": "crypto:episode-28", "reason_code": "DUPLICATE_REQUEST", "receipt_sha256": "04d0a8708b38a4c98f709e901691653f7ee5bb663606824cb39e446d0992d3e1", "rule": "R08", "status": "RECORDED", "task": null}
--- stderr
--- end
{"n": 143, "label": "propose 22", "at": "2026-09-28T18:06:57Z", "seconds": 0.11, "argv": ["/home/runner/work/_temp/work/rt/cain-venv/bin/cain", "research", "propose", "--domain", "crypto", "--state", "/home/runner/work/_temp/work/soak/cain-state", "--proposal", "/home/runner/work/_temp/work/soak/proposals/022.json", "--as-of", "2026-09-28T18:06:57Z"], "fault_env": {}, "exit": 0}
--- stdout
{"decision": "ALLOW", "episode_id": "crypto:episode-29", "reason_code": "ALLOWED", "receipt_sha256": "52d0768e5a7160a39dee34dac4bd75e60e68d66d4378e79718dbca5d3484f2e3", "rule": "R14", "status": "RECORDED", "task": {"payload_sha256": "25500a5ef94ab4c678eb6e21bbad918561642ced14a972f56c5be05819c49ca2", "previous_task_id": "crypto:TASK-a07a31993dffde0924b756f4d7c218cd", "task_id": "crypto:TASK-23de132dc972ced56b70c4a05e035a61"}}
--- stderr
--- end
{"n": 144, "label": "dispatch 22", "at": "2026-09-28T18:06:57Z", "seconds": 0.1, "argv": ["/home/runner/work/_temp/work/rt/cain-venv/bin/cain", "research", "dispatch", "--domain", "crypto", "--state", "/home/runner/work/_temp/work/soak/cain-state", "--spool", "/home/runner/work/_temp/work/soak/spool"], "fault_env": {}, "exit": 0}
--- stdout
{"action": "dispatched", "file": "crypto/tasks/TASK-23de132dc972ced56b70c4a05e035a61.json", "spool": "WRITTEN", "task_id": "crypto:TASK-23de132dc972ced56b70c4a05e035a61"}
--- stderr
--- end
{"n": 145, "label": "consumer 22 (fault)", "at": "2026-09-28T18:06:58Z", "seconds": 0.385, "argv": ["/home/runner/work/_temp/work/rt/consumer-venv/bin/predictor-research-consumer", "--domain", "crypto", "--spool", "/home/runner/work/_temp/work/soak/spool", "--ledger", "/home/runner/work/_temp/work/soak/consumer/ledger.sqlite", "--state", "/home/runner/work/_temp/work/soak/domain-state", "--policy", "/home/runner/work/_temp/work/rt/op/policy.json", "--objects", "/home/runner/work/_temp/work/rt/op/objects"], "fault_env": {"PREDICTOR_RESEARCH_TRANSPORT_FAULT": "after_domain_before_result_write"}, "exit": 86}
--- stdout
--- stderr
{"duration_ms": 207, "event": "job_finished", "job_id": "crypto-research-661379e9cfc6cb82b8741c8e", "level": "INFO", "run_id": "4860aac0b4d1467f8adde4eee1187e6a", "run_status": "SUCCEEDED", "service": "predictor_ops", "timestamp": "2026-09-28T18:06:58.165548Z"}
--- end
{"n": 146, "label": "consumer 22 (Ops crash)", "at": "2026-09-28T18:06:58Z", "seconds": 0.156, "argv": ["/home/runner/work/_temp/work/rt/consumer-venv/bin/predictor-research-consumer", "--domain", "crypto", "--spool", "/home/runner/work/_temp/work/soak/spool", "--ledger", "/home/runner/work/_temp/work/soak/consumer/ledger.sqlite", "--state", "/home/runner/work/_temp/work/soak/domain-state", "--policy", "/home/runner/work/_temp/work/rt/op/policy.json", "--objects", "/home/runner/work/_temp/work/rt/op/objects"], "fault_env": {"CRIPTO_RESEARCH_FAULT": "ops_worker_crash"}, "exit": 0}
--- stdout
{"action": "skipped", "episode_id": "crypto:episode-1", "state": "TERMINAL_RESULT", "status": "RESULT", "task_id": "crypto:TASK-5a61224f3e2255c51110cfae4b996804"}
{"action": "skipped", "episode_id": "crypto:episode-3", "state": "TERMINAL_RESULT", "status": "DUPLICATE", "task_id": "crypto:TASK-ec6e000af508cc684f074d56cf1d65d4"}
{"action": "skipped", "episode_id": "crypto:episode-4", "state": "TERMINAL_RESULT", "status": "RESULT", "task_id": "crypto:TASK-c0756a400f58e2eb20df8cd25130c567"}
{"action": "skipped", "episode_id": "crypto:episode-6", "state": "TERMINAL_RESULT", "status": "RESULT", "task_id": "crypto:TASK-d367c7f0a69accff2e52948d85e2cfc9"}
{"action": "skipped", "episode_id": "crypto:episode-7", "state": "TERMINAL_RESULT", "status": "RESULT", "task_id": "crypto:TASK-44ab5a05adcbec305debd521451ac735"}
{"action": "skipped", "episode_id": "crypto:episode-9", "state": "TERMINAL_RESULT", "status": "DUPLICATE", "task_id": "crypto:TASK-14e7ea21534e45e23a4277dac60a4f2a"}
{"action": "skipped", "episode_id": "crypto:episode-10", "state": "TERMINAL_RESULT", "status": "RESULT", "task_id": "crypto:TASK-fa5b145dd0e59b9b1f3c53919c0aad7f"}
{"action": "skipped", "episode_id": "crypto:episode-11", "state": "TERMINAL_RESULT", "status": "RESULT", "task_id": "crypto:TASK-012f5d55aa3000fa92bce4a8de811193"}
{"action": "skipped", "episode_id": "crypto:episode-12", "state": "TERMINAL_RESULT", "status": "RESULT", "task_id": "crypto:TASK-8075320c169e3679d3da0cbf875ce83d"}
{"action": "skipped", "episode_id": "crypto:episode-14", "state": "TERMINAL_RESULT", "status": "DUPLICATE", "task_id": "crypto:TASK-e1b9c54ae66cb5429906c7192474f592"}
{"action": "skipped", "episode_id": "crypto:episode-15", "state": "TERMINAL_RESULT", "status": "RESULT", "task_id": "crypto:TASK-14a347da62048ed8c735e34ddf54bc5b"}
{"action": "skipped", "episode_id": "crypto:episode-16", "state": "TERMINAL_RESULT", "status": "RESULT", "task_id": "crypto:TASK-6e2d003552c4cdc6a185532267c5931f"}
{"action": "skipped", "episode_id": "crypto:episode-17", "state": "TERMINAL_RESULT", "status": "RESULT", "task_id": "crypto:TASK-a7ff76614894d1b4f94f3f4b8a493849"}
{"action": "skipped", "episode_id": "crypto:episode-19", "state": "TERMINAL_RESULT", "status": "DUPLICATE", "task_id": "crypto:TASK-c867e60770f59699273a55415d4bd298"}
{"action": "skipped", "episode_id": "crypto:episode-20", "state": "TERMINAL_RESULT", "status": "RESULT", "task_id": "crypto:TASK-4a37fd926277a3ef0cae079b96c2ce99"}
{"action": "skipped", "episode_id": "crypto:episode-21", "state": "TERMINAL_RESULT", "status": "RESULT", "task_id": "crypto:TASK-15d9723c7d6dd424375798ad8639ed70"}
{"action": "skipped", "episode_id": "crypto:episode-22", "state": "TERMINAL_RESULT", "status": "RESULT", "task_id": "crypto:TASK-6a7e5eb91676be82445c3c99937349f4"}
{"action": "skipped", "episode_id": "crypto:episode-24", "state": "TERMINAL_RESULT", "status": "DUPLICATE", "task_id": "crypto:TASK-717252ae1f67e55d82a5319735ab9c0a"}
{"action": "skipped", "episode_id": "crypto:episode-25", "state": "TERMINAL_RESULT", "status": "RESULT", "task_id": "crypto:TASK-27ade8a7380b708600b008ed8602d756"}
{"action": "skipped", "episode_id": "crypto:episode-26", "state": "TERMINAL_RESULT", "status": "RESULT", "task_id": "crypto:TASK-ea5906e4dd8b3897bd126c12da09efbc"}
{"action": "skipped", "episode_id": "crypto:episode-27", "state": "TERMINAL_RESULT", "status": "RESULT", "task_id": "crypto:TASK-a07a31993dffde0924b756f4d7c218cd"}
{"action": "delivered", "attempt": 2, "class": "TERMINAL_RESULT", "episode_id": "crypto:episode-29", "result_file": "crypto/results/TASK-23de132dc972ced56b70c4a05e035a61.5a43754c6d5c52d4.json", "result_write": "WRITTEN", "status": "DUPLICATE", "task_id": "crypto:TASK-23de132dc972ced56b70c4a05e035a61"}
--- stderr
--- end
{"n": 147, "label": "ingest 22 retryable", "at": "2026-09-28T18:06:58Z", "seconds": 0.109, "argv": ["/home/runner/work/_temp/work/rt/cain-venv/bin/cain", "research", "ingest", "--domain", "crypto", "--state", "/home/runner/work/_temp/work/soak/cain-state", "--spool", "/home/runner/work/_temp/work/soak/spool"], "fault_env": {}, "exit": 0}
--- stdout
{"action": "duplicate", "file": "TASK-012f5d55aa3000fa92bce4a8de811193.f03a88a1b234ab62.json"}
{"action": "duplicate", "file": "TASK-14a347da62048ed8c735e34ddf54bc5b.b3697728625b7f81.json"}
{"action": "duplicate", "file": "TASK-14e7ea21534e45e23a4277dac60a4f2a.362eb9030a46ae8e.json"}
{"action": "duplicate", "file": "TASK-15d9723c7d6dd424375798ad8639ed70.89098dcc5884e843.json"}
{"action": "duplicate", "file": "TASK-15d9723c7d6dd424375798ad8639ed70.bd780b3a5c0ecddb.json"}
{"action": "ingested", "class": "TERMINAL_RESULT", "fact": "fact:f4665607898946ce9e01e7dc317d8571", "file": "TASK-23de132dc972ced56b70c4a05e035a61.5a43754c6d5c52d4.json", "status": "DUPLICATE", "task_id": "crypto:TASK-23de132dc972ced56b70c4a05e035a61"}
{"action": "duplicate", "file": "TASK-27ade8a7380b708600b008ed8602d756.548c6e6fcf113cc0.json"}
{"action": "duplicate", "file": "TASK-44ab5a05adcbec305debd521451ac735.299b328a5b7b3530.json"}
{"action": "duplicate", "file": "TASK-4a37fd926277a3ef0cae079b96c2ce99.c18d0b47ba140e68.json"}
{"action": "duplicate", "file": "TASK-5a61224f3e2255c51110cfae4b996804.8ed028653ee08b24.json"}
{"action": "duplicate", "file": "TASK-6a7e5eb91676be82445c3c99937349f4.9f9c5feaa59b3c67.json"}
{"action": "duplicate", "file": "TASK-6e2d003552c4cdc6a185532267c5931f.3e917293ff7f6c46.json"}
{"action": "duplicate", "file": "TASK-717252ae1f67e55d82a5319735ab9c0a.e75ed8da46b21442.json"}
{"action": "duplicate", "file": "TASK-8075320c169e3679d3da0cbf875ce83d.3d3b141a544007f6.json"}
{"action": "duplicate", "file": "TASK-a07a31993dffde0924b756f4d7c218cd.7c52c3f43479f241.json"}
{"action": "duplicate", "file": "TASK-a7ff76614894d1b4f94f3f4b8a493849.17ca57dcab21d0d6.json"}
{"action": "duplicate", "file": "TASK-c0756a400f58e2eb20df8cd25130c567.f16ecae094bd6f23.json"}
{"action": "duplicate", "file": "TASK-c867e60770f59699273a55415d4bd298.ead37dcc3f188ad3.json"}
{"action": "duplicate", "file": "TASK-d367c7f0a69accff2e52948d85e2cfc9.4e6a1f5401af1748.json"}
{"action": "duplicate", "file": "TASK-d367c7f0a69accff2e52948d85e2cfc9.ea2062ab82f012d7.json"}
{"action": "duplicate", "file": "TASK-e1b9c54ae66cb5429906c7192474f592.e00bc787dab74447.json"}
{"action": "duplicate", "file": "TASK-ea5906e4dd8b3897bd126c12da09efbc.38ef198e6e27358a.json"}
{"action": "duplicate", "file": "TASK-ec6e000af508cc684f074d56cf1d65d4.b881328d94ee8f91.json"}
{"action": "duplicate", "file": "TASK-fa5b145dd0e59b9b1f3c53919c0aad7f.c2de4272d33bfb49.json"}
{"action": "skipped", "code": "DOMAIN_MISMATCH", "file": "interleaved-003-stocks.json", "state": "REJECTED"}
{"action": "skipped", "code": "DOMAIN_MISMATCH", "file": "interleaved-007-brasileirao.json", "state": "REJECTED"}
{"action": "skipped", "code": "DOMAIN_MISMATCH", "file": "interleaved-011-stocks.json", "state": "REJECTED"}
{"action": "skipped", "code": "DOMAIN_MISMATCH", "file": "interleaved-015-brasileirao.json", "state": "REJECTED"}
{"action": "skipped", "code": "DOMAIN_MISMATCH", "file": "interleaved-019-stocks.json", "state": "REJECTED"}
{"action": "duplicate", "file": "redelivered-001-TASK-5a61224f3e2255c51110cfae4b996804.8ed028653ee08b24.json"}
{"action": "duplicate", "file": "redelivered-005-TASK-44ab5a05adcbec305debd521451ac735.299b328a5b7b3530.json"}
{"action": "duplicate", "file": "redelivered-009-TASK-8075320c169e3679d3da0cbf875ce83d.3d3b141a544007f6.json"}
{"action": "duplicate", "file": "redelivered-013-TASK-a7ff76614894d1b4f94f3f4b8a493849.17ca57dcab21d0d6.json"}
{"action": "duplicate", "file": "redelivered-017-TASK-6a7e5eb91676be82445c3c99937349f4.9f9c5feaa59b3c67.json"}
{"action": "duplicate", "file": "redelivered-021-TASK-a07a31993dffde0924b756f4d7c218cd.7c52c3f43479f241.json"}
--- stderr
--- end
{"n": 148, "label": "retry 22", "at": "2026-09-28T18:06:58Z", "seconds": 0.099, "argv": ["/home/runner/work/_temp/work/rt/cain-venv/bin/cain", "research", "retry", "--domain", "crypto", "--state", "/home/runner/work/_temp/work/soak/cain-state", "--spool", "/home/runner/work/_temp/work/soak/spool", "--task-id", "crypto:TASK-23de132dc972ced56b70c4a05e035a61"], "fault_env": {}, "exit": 2}
--- stdout
{"detail": "NOT_RETRYABLE: crypto:TASK-23de132dc972ced56b70c4a05e035a61 has outcome classes ['TERMINAL_RESULT']", "error": "NOT_RETRYABLE"}
--- stderr
--- end
{"n": 149, "label": "consumer 22", "at": "2026-09-28T18:06:58Z", "seconds": 0.149, "argv": ["/home/runner/work/_temp/work/rt/consumer-venv/bin/predictor-research-consumer", "--domain", "crypto", "--spool", "/home/runner/work/_temp/work/soak/spool", "--ledger", "/home/runner/work/_temp/work/soak/consumer/ledger.sqlite", "--state", "/home/runner/work/_temp/work/soak/domain-state", "--policy", "/home/runner/work/_temp/work/rt/op/policy.json", "--objects", "/home/runner/work/_temp/work/rt/op/objects"], "fault_env": {}, "exit": 0}
--- stdout
{"action": "skipped", "episode_id": "crypto:episode-1", "state": "TERMINAL_RESULT", "status": "RESULT", "task_id": "crypto:TASK-5a61224f3e2255c51110cfae4b996804"}
{"action": "skipped", "episode_id": "crypto:episode-3", "state": "TERMINAL_RESULT", "status": "DUPLICATE", "task_id": "crypto:TASK-ec6e000af508cc684f074d56cf1d65d4"}
{"action": "skipped", "episode_id": "crypto:episode-4", "state": "TERMINAL_RESULT", "status": "RESULT", "task_id": "crypto:TASK-c0756a400f58e2eb20df8cd25130c567"}
{"action": "skipped", "episode_id": "crypto:episode-6", "state": "TERMINAL_RESULT", "status": "RESULT", "task_id": "crypto:TASK-d367c7f0a69accff2e52948d85e2cfc9"}
{"action": "skipped", "episode_id": "crypto:episode-7", "state": "TERMINAL_RESULT", "status": "RESULT", "task_id": "crypto:TASK-44ab5a05adcbec305debd521451ac735"}
{"action": "skipped", "episode_id": "crypto:episode-9", "state": "TERMINAL_RESULT", "status": "DUPLICATE", "task_id": "crypto:TASK-14e7ea21534e45e23a4277dac60a4f2a"}
{"action": "skipped", "episode_id": "crypto:episode-10", "state": "TERMINAL_RESULT", "status": "RESULT", "task_id": "crypto:TASK-fa5b145dd0e59b9b1f3c53919c0aad7f"}
{"action": "skipped", "episode_id": "crypto:episode-11", "state": "TERMINAL_RESULT", "status": "RESULT", "task_id": "crypto:TASK-012f5d55aa3000fa92bce4a8de811193"}
{"action": "skipped", "episode_id": "crypto:episode-12", "state": "TERMINAL_RESULT", "status": "RESULT", "task_id": "crypto:TASK-8075320c169e3679d3da0cbf875ce83d"}
{"action": "skipped", "episode_id": "crypto:episode-14", "state": "TERMINAL_RESULT", "status": "DUPLICATE", "task_id": "crypto:TASK-e1b9c54ae66cb5429906c7192474f592"}
{"action": "skipped", "episode_id": "crypto:episode-15", "state": "TERMINAL_RESULT", "status": "RESULT", "task_id": "crypto:TASK-14a347da62048ed8c735e34ddf54bc5b"}
{"action": "skipped", "episode_id": "crypto:episode-16", "state": "TERMINAL_RESULT", "status": "RESULT", "task_id": "crypto:TASK-6e2d003552c4cdc6a185532267c5931f"}
{"action": "skipped", "episode_id": "crypto:episode-17", "state": "TERMINAL_RESULT", "status": "RESULT", "task_id": "crypto:TASK-a7ff76614894d1b4f94f3f4b8a493849"}
{"action": "skipped", "episode_id": "crypto:episode-19", "state": "TERMINAL_RESULT", "status": "DUPLICATE", "task_id": "crypto:TASK-c867e60770f59699273a55415d4bd298"}
{"action": "skipped", "episode_id": "crypto:episode-20", "state": "TERMINAL_RESULT", "status": "RESULT", "task_id": "crypto:TASK-4a37fd926277a3ef0cae079b96c2ce99"}
{"action": "skipped", "episode_id": "crypto:episode-21", "state": "TERMINAL_RESULT", "status": "RESULT", "task_id": "crypto:TASK-15d9723c7d6dd424375798ad8639ed70"}
{"action": "skipped", "episode_id": "crypto:episode-22", "state": "TERMINAL_RESULT", "status": "RESULT", "task_id": "crypto:TASK-6a7e5eb91676be82445c3c99937349f4"}
{"action": "skipped", "episode_id": "crypto:episode-24", "state": "TERMINAL_RESULT", "status": "DUPLICATE", "task_id": "crypto:TASK-717252ae1f67e55d82a5319735ab9c0a"}
{"action": "skipped", "episode_id": "crypto:episode-25", "state": "TERMINAL_RESULT", "status": "RESULT", "task_id": "crypto:TASK-27ade8a7380b708600b008ed8602d756"}
{"action": "skipped", "episode_id": "crypto:episode-26", "state": "TERMINAL_RESULT", "status": "RESULT", "task_id": "crypto:TASK-ea5906e4dd8b3897bd126c12da09efbc"}
{"action": "skipped", "episode_id": "crypto:episode-27", "state": "TERMINAL_RESULT", "status": "RESULT", "task_id": "crypto:TASK-a07a31993dffde0924b756f4d7c218cd"}
{"action": "skipped", "episode_id": "crypto:episode-29", "state": "TERMINAL_RESULT", "status": "DUPLICATE", "task_id": "crypto:TASK-23de132dc972ced56b70c4a05e035a61"}
--- stderr
--- end
{"n": 150, "label": "ingest 22", "at": "2026-09-28T18:06:58Z", "seconds": 0.109, "argv": ["/home/runner/work/_temp/work/rt/cain-venv/bin/cain", "research", "ingest", "--domain", "crypto", "--state", "/home/runner/work/_temp/work/soak/cain-state", "--spool", "/home/runner/work/_temp/work/soak/spool"], "fault_env": {}, "exit": 0}
--- stdout
{"action": "duplicate", "file": "TASK-012f5d55aa3000fa92bce4a8de811193.f03a88a1b234ab62.json"}
{"action": "duplicate", "file": "TASK-14a347da62048ed8c735e34ddf54bc5b.b3697728625b7f81.json"}
{"action": "duplicate", "file": "TASK-14e7ea21534e45e23a4277dac60a4f2a.362eb9030a46ae8e.json"}
{"action": "duplicate", "file": "TASK-15d9723c7d6dd424375798ad8639ed70.89098dcc5884e843.json"}
{"action": "duplicate", "file": "TASK-15d9723c7d6dd424375798ad8639ed70.bd780b3a5c0ecddb.json"}
{"action": "duplicate", "file": "TASK-23de132dc972ced56b70c4a05e035a61.5a43754c6d5c52d4.json"}
{"action": "duplicate", "file": "TASK-27ade8a7380b708600b008ed8602d756.548c6e6fcf113cc0.json"}
{"action": "duplicate", "file": "TASK-44ab5a05adcbec305debd521451ac735.299b328a5b7b3530.json"}
{"action": "duplicate", "file": "TASK-4a37fd926277a3ef0cae079b96c2ce99.c18d0b47ba140e68.json"}
{"action": "duplicate", "file": "TASK-5a61224f3e2255c51110cfae4b996804.8ed028653ee08b24.json"}
{"action": "duplicate", "file": "TASK-6a7e5eb91676be82445c3c99937349f4.9f9c5feaa59b3c67.json"}
{"action": "duplicate", "file": "TASK-6e2d003552c4cdc6a185532267c5931f.3e917293ff7f6c46.json"}
{"action": "duplicate", "file": "TASK-717252ae1f67e55d82a5319735ab9c0a.e75ed8da46b21442.json"}
{"action": "duplicate", "file": "TASK-8075320c169e3679d3da0cbf875ce83d.3d3b141a544007f6.json"}
{"action": "duplicate", "file": "TASK-a07a31993dffde0924b756f4d7c218cd.7c52c3f43479f241.json"}
{"action": "duplicate", "file": "TASK-a7ff76614894d1b4f94f3f4b8a493849.17ca57dcab21d0d6.json"}
{"action": "duplicate", "file": "TASK-c0756a400f58e2eb20df8cd25130c567.f16ecae094bd6f23.json"}
{"action": "duplicate", "file": "TASK-c867e60770f59699273a55415d4bd298.ead37dcc3f188ad3.json"}
{"action": "duplicate", "file": "TASK-d367c7f0a69accff2e52948d85e2cfc9.4e6a1f5401af1748.json"}
{"action": "duplicate", "file": "TASK-d367c7f0a69accff2e52948d85e2cfc9.ea2062ab82f012d7.json"}
{"action": "duplicate", "file": "TASK-e1b9c54ae66cb5429906c7192474f592.e00bc787dab74447.json"}
{"action": "duplicate", "file": "TASK-ea5906e4dd8b3897bd126c12da09efbc.38ef198e6e27358a.json"}
{"action": "duplicate", "file": "TASK-ec6e000af508cc684f074d56cf1d65d4.b881328d94ee8f91.json"}
{"action": "duplicate", "file": "TASK-fa5b145dd0e59b9b1f3c53919c0aad7f.c2de4272d33bfb49.json"}
{"action": "skipped", "code": "DOMAIN_MISMATCH", "file": "interleaved-003-stocks.json", "state": "REJECTED"}
{"action": "skipped", "code": "DOMAIN_MISMATCH", "file": "interleaved-007-brasileirao.json", "state": "REJECTED"}
{"action": "skipped", "code": "DOMAIN_MISMATCH", "file": "interleaved-011-stocks.json", "state": "REJECTED"}
{"action": "skipped", "code": "DOMAIN_MISMATCH", "file": "interleaved-015-brasileirao.json", "state": "REJECTED"}
{"action": "skipped", "code": "DOMAIN_MISMATCH", "file": "interleaved-019-stocks.json", "state": "REJECTED"}
{"action": "duplicate", "file": "redelivered-001-TASK-5a61224f3e2255c51110cfae4b996804.8ed028653ee08b24.json"}
{"action": "duplicate", "file": "redelivered-005-TASK-44ab5a05adcbec305debd521451ac735.299b328a5b7b3530.json"}
{"action": "duplicate", "file": "redelivered-009-TASK-8075320c169e3679d3da0cbf875ce83d.3d3b141a544007f6.json"}
{"action": "duplicate", "file": "redelivered-013-TASK-a7ff76614894d1b4f94f3f4b8a493849.17ca57dcab21d0d6.json"}
{"action": "duplicate", "file": "redelivered-017-TASK-6a7e5eb91676be82445c3c99937349f4.9f9c5feaa59b3c67.json"}
{"action": "duplicate", "file": "redelivered-021-TASK-a07a31993dffde0924b756f4d7c218cd.7c52c3f43479f241.json"}
--- stderr
--- end
{"n": 151, "label": "propose 23", "at": "2026-09-28T18:06:58Z", "seconds": 0.114, "argv": ["/home/runner/work/_temp/work/rt/cain-venv/bin/cain", "research", "propose", "--domain", "crypto", "--state", "/home/runner/work/_temp/work/soak/cain-state", "--proposal", "/home/runner/work/_temp/work/soak/proposals/023.json", "--as-of", "2026-09-28T18:06:58Z"], "fault_env": {}, "exit": 0}
--- stdout
{"decision": "ALLOW", "episode_id": "crypto:episode-30", "reason_code": "ALLOWED", "receipt_sha256": "574999faa17d7197658d0ebea0fde40e83945a1bc1393d65f96e9e6f7755399e", "rule": "R14", "status": "RECORDED", "task": {"payload_sha256": "f6d704d9c67f2957fb1005b46c5599009353d3a6263a35164157d98e876cbaef", "previous_task_id": "crypto:TASK-23de132dc972ced56b70c4a05e035a61", "task_id": "crypto:TASK-5932298d6553097abf5fb756201e37ec"}}
--- stderr
--- end
{"n": 152, "label": "dispatch 23", "at": "2026-09-28T18:06:59Z", "seconds": 0.115, "argv": ["/home/runner/work/_temp/work/rt/cain-venv/bin/cain", "research", "dispatch", "--domain", "crypto", "--state", "/home/runner/work/_temp/work/soak/cain-state", "--spool", "/home/runner/work/_temp/work/soak/spool"], "fault_env": {}, "exit": 0}
--- stdout
{"action": "dispatched", "file": "crypto/tasks/TASK-5932298d6553097abf5fb756201e37ec.json", "spool": "WRITTEN", "task_id": "crypto:TASK-5932298d6553097abf5fb756201e37ec"}
--- stderr
--- end
{"n": 153, "label": "consumer 23", "at": "2026-09-28T18:06:59Z", "seconds": 0.418, "argv": ["/home/runner/work/_temp/work/rt/consumer-venv/bin/predictor-research-consumer", "--domain", "crypto", "--spool", "/home/runner/work/_temp/work/soak/spool", "--ledger", "/home/runner/work/_temp/work/soak/consumer/ledger.sqlite", "--state", "/home/runner/work/_temp/work/soak/domain-state", "--policy", "/home/runner/work/_temp/work/rt/op/policy.json", "--objects", "/home/runner/work/_temp/work/rt/op/objects"], "fault_env": {}, "exit": 0}
--- stdout
{"action": "skipped", "episode_id": "crypto:episode-1", "state": "TERMINAL_RESULT", "status": "RESULT", "task_id": "crypto:TASK-5a61224f3e2255c51110cfae4b996804"}
{"action": "skipped", "episode_id": "crypto:episode-3", "state": "TERMINAL_RESULT", "status": "DUPLICATE", "task_id": "crypto:TASK-ec6e000af508cc684f074d56cf1d65d4"}
{"action": "skipped", "episode_id": "crypto:episode-4", "state": "TERMINAL_RESULT", "status": "RESULT", "task_id": "crypto:TASK-c0756a400f58e2eb20df8cd25130c567"}
{"action": "skipped", "episode_id": "crypto:episode-6", "state": "TERMINAL_RESULT", "status": "RESULT", "task_id": "crypto:TASK-d367c7f0a69accff2e52948d85e2cfc9"}
{"action": "skipped", "episode_id": "crypto:episode-7", "state": "TERMINAL_RESULT", "status": "RESULT", "task_id": "crypto:TASK-44ab5a05adcbec305debd521451ac735"}
{"action": "skipped", "episode_id": "crypto:episode-9", "state": "TERMINAL_RESULT", "status": "DUPLICATE", "task_id": "crypto:TASK-14e7ea21534e45e23a4277dac60a4f2a"}
{"action": "skipped", "episode_id": "crypto:episode-10", "state": "TERMINAL_RESULT", "status": "RESULT", "task_id": "crypto:TASK-fa5b145dd0e59b9b1f3c53919c0aad7f"}
{"action": "skipped", "episode_id": "crypto:episode-11", "state": "TERMINAL_RESULT", "status": "RESULT", "task_id": "crypto:TASK-012f5d55aa3000fa92bce4a8de811193"}
{"action": "skipped", "episode_id": "crypto:episode-12", "state": "TERMINAL_RESULT", "status": "RESULT", "task_id": "crypto:TASK-8075320c169e3679d3da0cbf875ce83d"}
{"action": "skipped", "episode_id": "crypto:episode-14", "state": "TERMINAL_RESULT", "status": "DUPLICATE", "task_id": "crypto:TASK-e1b9c54ae66cb5429906c7192474f592"}
{"action": "skipped", "episode_id": "crypto:episode-15", "state": "TERMINAL_RESULT", "status": "RESULT", "task_id": "crypto:TASK-14a347da62048ed8c735e34ddf54bc5b"}
{"action": "skipped", "episode_id": "crypto:episode-16", "state": "TERMINAL_RESULT", "status": "RESULT", "task_id": "crypto:TASK-6e2d003552c4cdc6a185532267c5931f"}
{"action": "skipped", "episode_id": "crypto:episode-17", "state": "TERMINAL_RESULT", "status": "RESULT", "task_id": "crypto:TASK-a7ff76614894d1b4f94f3f4b8a493849"}
{"action": "skipped", "episode_id": "crypto:episode-19", "state": "TERMINAL_RESULT", "status": "DUPLICATE", "task_id": "crypto:TASK-c867e60770f59699273a55415d4bd298"}
{"action": "skipped", "episode_id": "crypto:episode-20", "state": "TERMINAL_RESULT", "status": "RESULT", "task_id": "crypto:TASK-4a37fd926277a3ef0cae079b96c2ce99"}
{"action": "skipped", "episode_id": "crypto:episode-21", "state": "TERMINAL_RESULT", "status": "RESULT", "task_id": "crypto:TASK-15d9723c7d6dd424375798ad8639ed70"}
{"action": "skipped", "episode_id": "crypto:episode-22", "state": "TERMINAL_RESULT", "status": "RESULT", "task_id": "crypto:TASK-6a7e5eb91676be82445c3c99937349f4"}
{"action": "skipped", "episode_id": "crypto:episode-24", "state": "TERMINAL_RESULT", "status": "DUPLICATE", "task_id": "crypto:TASK-717252ae1f67e55d82a5319735ab9c0a"}
{"action": "skipped", "episode_id": "crypto:episode-25", "state": "TERMINAL_RESULT", "status": "RESULT", "task_id": "crypto:TASK-27ade8a7380b708600b008ed8602d756"}
{"action": "skipped", "episode_id": "crypto:episode-26", "state": "TERMINAL_RESULT", "status": "RESULT", "task_id": "crypto:TASK-ea5906e4dd8b3897bd126c12da09efbc"}
{"action": "skipped", "episode_id": "crypto:episode-27", "state": "TERMINAL_RESULT", "status": "RESULT", "task_id": "crypto:TASK-a07a31993dffde0924b756f4d7c218cd"}
{"action": "skipped", "episode_id": "crypto:episode-29", "state": "TERMINAL_RESULT", "status": "DUPLICATE", "task_id": "crypto:TASK-23de132dc972ced56b70c4a05e035a61"}
{"action": "delivered", "attempt": 1, "class": "TERMINAL_RESULT", "episode_id": "crypto:episode-30", "result_file": "crypto/results/TASK-5932298d6553097abf5fb756201e37ec.ab3fbd9759f3f262.json", "result_write": "WRITTEN", "status": "RESULT", "task_id": "crypto:TASK-5932298d6553097abf5fb756201e37ec"}
--- stderr
{"duration_ms": 206, "event": "job_finished", "job_id": "crypto-research-96634b7da63e286826ad9152", "level": "INFO", "run_id": "89d801cfc9c840fbac2c99c856cef572", "run_status": "SUCCEEDED", "service": "predictor_ops", "timestamp": "2026-09-28T18:06:59.411560Z"}
--- end
{"n": 154, "label": "ingest 23", "at": "2026-09-28T18:06:59Z", "seconds": 0.111, "argv": ["/home/runner/work/_temp/work/rt/cain-venv/bin/cain", "research", "ingest", "--domain", "crypto", "--state", "/home/runner/work/_temp/work/soak/cain-state", "--spool", "/home/runner/work/_temp/work/soak/spool"], "fault_env": {}, "exit": 0}
--- stdout
{"action": "duplicate", "file": "TASK-012f5d55aa3000fa92bce4a8de811193.f03a88a1b234ab62.json"}
{"action": "duplicate", "file": "TASK-14a347da62048ed8c735e34ddf54bc5b.b3697728625b7f81.json"}
{"action": "duplicate", "file": "TASK-14e7ea21534e45e23a4277dac60a4f2a.362eb9030a46ae8e.json"}
{"action": "duplicate", "file": "TASK-15d9723c7d6dd424375798ad8639ed70.89098dcc5884e843.json"}
{"action": "duplicate", "file": "TASK-15d9723c7d6dd424375798ad8639ed70.bd780b3a5c0ecddb.json"}
{"action": "duplicate", "file": "TASK-23de132dc972ced56b70c4a05e035a61.5a43754c6d5c52d4.json"}
{"action": "duplicate", "file": "TASK-27ade8a7380b708600b008ed8602d756.548c6e6fcf113cc0.json"}
{"action": "duplicate", "file": "TASK-44ab5a05adcbec305debd521451ac735.299b328a5b7b3530.json"}
{"action": "duplicate", "file": "TASK-4a37fd926277a3ef0cae079b96c2ce99.c18d0b47ba140e68.json"}
{"action": "ingested", "class": "TERMINAL_RESULT", "fact": "fact:59424d5aa3674143b2ac7bf25fd4113b", "file": "TASK-5932298d6553097abf5fb756201e37ec.ab3fbd9759f3f262.json", "status": "RESULT", "task_id": "crypto:TASK-5932298d6553097abf5fb756201e37ec"}
{"action": "duplicate", "file": "TASK-5a61224f3e2255c51110cfae4b996804.8ed028653ee08b24.json"}
{"action": "duplicate", "file": "TASK-6a7e5eb91676be82445c3c99937349f4.9f9c5feaa59b3c67.json"}
{"action": "duplicate", "file": "TASK-6e2d003552c4cdc6a185532267c5931f.3e917293ff7f6c46.json"}
{"action": "duplicate", "file": "TASK-717252ae1f67e55d82a5319735ab9c0a.e75ed8da46b21442.json"}
{"action": "duplicate", "file": "TASK-8075320c169e3679d3da0cbf875ce83d.3d3b141a544007f6.json"}
{"action": "duplicate", "file": "TASK-a07a31993dffde0924b756f4d7c218cd.7c52c3f43479f241.json"}
{"action": "duplicate", "file": "TASK-a7ff76614894d1b4f94f3f4b8a493849.17ca57dcab21d0d6.json"}
{"action": "duplicate", "file": "TASK-c0756a400f58e2eb20df8cd25130c567.f16ecae094bd6f23.json"}
{"action": "duplicate", "file": "TASK-c867e60770f59699273a55415d4bd298.ead37dcc3f188ad3.json"}
{"action": "duplicate", "file": "TASK-d367c7f0a69accff2e52948d85e2cfc9.4e6a1f5401af1748.json"}
{"action": "duplicate", "file": "TASK-d367c7f0a69accff2e52948d85e2cfc9.ea2062ab82f012d7.json"}
{"action": "duplicate", "file": "TASK-e1b9c54ae66cb5429906c7192474f592.e00bc787dab74447.json"}
{"action": "duplicate", "file": "TASK-ea5906e4dd8b3897bd126c12da09efbc.38ef198e6e27358a.json"}
{"action": "duplicate", "file": "TASK-ec6e000af508cc684f074d56cf1d65d4.b881328d94ee8f91.json"}
{"action": "duplicate", "file": "TASK-fa5b145dd0e59b9b1f3c53919c0aad7f.c2de4272d33bfb49.json"}
{"action": "skipped", "code": "DOMAIN_MISMATCH", "file": "interleaved-003-stocks.json", "state": "REJECTED"}
{"action": "skipped", "code": "DOMAIN_MISMATCH", "file": "interleaved-007-brasileirao.json", "state": "REJECTED"}
{"action": "skipped", "code": "DOMAIN_MISMATCH", "file": "interleaved-011-stocks.json", "state": "REJECTED"}
{"action": "skipped", "code": "DOMAIN_MISMATCH", "file": "interleaved-015-brasileirao.json", "state": "REJECTED"}
{"action": "skipped", "code": "DOMAIN_MISMATCH", "file": "interleaved-019-stocks.json", "state": "REJECTED"}
{"action": "duplicate", "file": "redelivered-001-TASK-5a61224f3e2255c51110cfae4b996804.8ed028653ee08b24.json"}
{"action": "duplicate", "file": "redelivered-005-TASK-44ab5a05adcbec305debd521451ac735.299b328a5b7b3530.json"}
{"action": "duplicate", "file": "redelivered-009-TASK-8075320c169e3679d3da0cbf875ce83d.3d3b141a544007f6.json"}
{"action": "duplicate", "file": "redelivered-013-TASK-a7ff76614894d1b4f94f3f4b8a493849.17ca57dcab21d0d6.json"}
{"action": "duplicate", "file": "redelivered-017-TASK-6a7e5eb91676be82445c3c99937349f4.9f9c5feaa59b3c67.json"}
{"action": "duplicate", "file": "redelivered-021-TASK-a07a31993dffde0924b756f4d7c218cd.7c52c3f43479f241.json"}
--- stderr
--- end
{"n": 155, "label": "ingest interleaved brasileirao 23", "at": "2026-09-28T18:06:59Z", "seconds": 0.105, "argv": ["/home/runner/work/_temp/work/rt/cain-venv/bin/cain", "research", "ingest", "--domain", "crypto", "--state", "/home/runner/work/_temp/work/soak/cain-state", "--spool", "/home/runner/work/_temp/work/soak/spool"], "fault_env": {}, "exit": 2}
--- stdout
{"action": "duplicate", "file": "TASK-012f5d55aa3000fa92bce4a8de811193.f03a88a1b234ab62.json"}
{"action": "duplicate", "file": "TASK-14a347da62048ed8c735e34ddf54bc5b.b3697728625b7f81.json"}
{"action": "duplicate", "file": "TASK-14e7ea21534e45e23a4277dac60a4f2a.362eb9030a46ae8e.json"}
{"action": "duplicate", "file": "TASK-15d9723c7d6dd424375798ad8639ed70.89098dcc5884e843.json"}
{"action": "duplicate", "file": "TASK-15d9723c7d6dd424375798ad8639ed70.bd780b3a5c0ecddb.json"}
{"action": "duplicate", "file": "TASK-23de132dc972ced56b70c4a05e035a61.5a43754c6d5c52d4.json"}
{"action": "duplicate", "file": "TASK-27ade8a7380b708600b008ed8602d756.548c6e6fcf113cc0.json"}
{"action": "duplicate", "file": "TASK-44ab5a05adcbec305debd521451ac735.299b328a5b7b3530.json"}
{"action": "duplicate", "file": "TASK-4a37fd926277a3ef0cae079b96c2ce99.c18d0b47ba140e68.json"}
{"action": "duplicate", "file": "TASK-5932298d6553097abf5fb756201e37ec.ab3fbd9759f3f262.json"}
{"action": "duplicate", "file": "TASK-5a61224f3e2255c51110cfae4b996804.8ed028653ee08b24.json"}
{"action": "duplicate", "file": "TASK-6a7e5eb91676be82445c3c99937349f4.9f9c5feaa59b3c67.json"}
{"action": "duplicate", "file": "TASK-6e2d003552c4cdc6a185532267c5931f.3e917293ff7f6c46.json"}
{"action": "duplicate", "file": "TASK-717252ae1f67e55d82a5319735ab9c0a.e75ed8da46b21442.json"}
{"action": "duplicate", "file": "TASK-8075320c169e3679d3da0cbf875ce83d.3d3b141a544007f6.json"}
{"action": "duplicate", "file": "TASK-a07a31993dffde0924b756f4d7c218cd.7c52c3f43479f241.json"}
{"action": "duplicate", "file": "TASK-a7ff76614894d1b4f94f3f4b8a493849.17ca57dcab21d0d6.json"}
{"action": "duplicate", "file": "TASK-c0756a400f58e2eb20df8cd25130c567.f16ecae094bd6f23.json"}
{"action": "duplicate", "file": "TASK-c867e60770f59699273a55415d4bd298.ead37dcc3f188ad3.json"}
{"action": "duplicate", "file": "TASK-d367c7f0a69accff2e52948d85e2cfc9.4e6a1f5401af1748.json"}
{"action": "duplicate", "file": "TASK-d367c7f0a69accff2e52948d85e2cfc9.ea2062ab82f012d7.json"}
{"action": "duplicate", "file": "TASK-e1b9c54ae66cb5429906c7192474f592.e00bc787dab74447.json"}
{"action": "duplicate", "file": "TASK-ea5906e4dd8b3897bd126c12da09efbc.38ef198e6e27358a.json"}
{"action": "duplicate", "file": "TASK-ec6e000af508cc684f074d56cf1d65d4.b881328d94ee8f91.json"}
{"action": "duplicate", "file": "TASK-fa5b145dd0e59b9b1f3c53919c0aad7f.c2de4272d33bfb49.json"}
{"action": "skipped", "code": "DOMAIN_MISMATCH", "file": "interleaved-003-stocks.json", "state": "REJECTED"}
{"action": "skipped", "code": "DOMAIN_MISMATCH", "file": "interleaved-007-brasileirao.json", "state": "REJECTED"}
{"action": "skipped", "code": "DOMAIN_MISMATCH", "file": "interleaved-011-stocks.json", "state": "REJECTED"}
{"action": "skipped", "code": "DOMAIN_MISMATCH", "file": "interleaved-015-brasileirao.json", "state": "REJECTED"}
{"action": "skipped", "code": "DOMAIN_MISMATCH", "file": "interleaved-019-stocks.json", "state": "REJECTED"}
{"action": "rejected", "code": "DOMAIN_MISMATCH", "file": "interleaved-023-brasileirao.json", "reason": "result of domain brasileirao"}
{"action": "duplicate", "file": "redelivered-001-TASK-5a61224f3e2255c51110cfae4b996804.8ed028653ee08b24.json"}
{"action": "duplicate", "file": "redelivered-005-TASK-44ab5a05adcbec305debd521451ac735.299b328a5b7b3530.json"}
{"action": "duplicate", "file": "redelivered-009-TASK-8075320c169e3679d3da0cbf875ce83d.3d3b141a544007f6.json"}
{"action": "duplicate", "file": "redelivered-013-TASK-a7ff76614894d1b4f94f3f4b8a493849.17ca57dcab21d0d6.json"}
{"action": "duplicate", "file": "redelivered-017-TASK-6a7e5eb91676be82445c3c99937349f4.9f9c5feaa59b3c67.json"}
{"action": "duplicate", "file": "redelivered-021-TASK-a07a31993dffde0924b756f4d7c218cd.7c52c3f43479f241.json"}
--- stderr
--- end
{"n": 156, "label": "propose brasileirao H9 into crypto 23", "at": "2026-09-28T18:06:59Z", "seconds": 0.098, "argv": ["/home/runner/work/_temp/work/rt/cain-venv/bin/cain", "research", "propose", "--domain", "crypto", "--state", "/home/runner/work/_temp/work/soak/cain-state", "--proposal", "/home/runner/work/predictor-qualification/predictor-qualification/qualification/integration-crypto/fixtures/proposals/e2e/06-stocks-h9.json", "--as-of", "2026-09-28T18:06:59Z"], "fault_env": {}, "exit": 0}
--- stdout
{"decision": "BLOCK", "episode_id": "crypto:episode-5", "reason_code": "DOMAIN_MISMATCH", "receipt_sha256": "b9eca9a207b411d952fe07377204841b74b113806965f5350395ac25893e0110", "rule": "R01", "status": "EXISTING", "task": null}
--- stderr
--- end
{"n": 157, "label": "propose 24", "at": "2026-09-28T18:06:59Z", "seconds": 0.113, "argv": ["/home/runner/work/_temp/work/rt/cain-venv/bin/cain", "research", "propose", "--domain", "crypto", "--state", "/home/runner/work/_temp/work/soak/cain-state", "--proposal", "/home/runner/work/_temp/work/soak/proposals/024.json", "--as-of", "2026-09-28T18:06:59Z"], "fault_env": {}, "exit": 0}
--- stdout
{"decision": "ALLOW", "episode_id": "crypto:episode-31", "reason_code": "ALLOWED", "receipt_sha256": "a15e2f542eb30b6a046eef226592070933c71c0cad4f69bf94a4a16bb110058a", "rule": "R14", "status": "RECORDED", "task": {"payload_sha256": "3959a9b490742b4bd849d7aa74c47f97cd34493cfd8cc696e84887b1c49c20c7", "previous_task_id": "crypto:TASK-5932298d6553097abf5fb756201e37ec", "task_id": "crypto:TASK-0c38ef914ce8c3fd60a9a6eb167b7690"}}
--- stderr
--- end
{"n": 158, "label": "dispatch 24", "at": "2026-09-28T18:06:59Z", "seconds": 0.11, "argv": ["/home/runner/work/_temp/work/rt/cain-venv/bin/cain", "research", "dispatch", "--domain", "crypto", "--state", "/home/runner/work/_temp/work/soak/cain-state", "--spool", "/home/runner/work/_temp/work/soak/spool"], "fault_env": {}, "exit": 0}
--- stdout
{"action": "dispatched", "file": "crypto/tasks/TASK-0c38ef914ce8c3fd60a9a6eb167b7690.json", "spool": "WRITTEN", "task_id": "crypto:TASK-0c38ef914ce8c3fd60a9a6eb167b7690"}
--- stderr
--- end
{"n": 159, "label": "consumer 24", "at": "2026-09-28T18:07:00Z", "seconds": 0.427, "argv": ["/home/runner/work/_temp/work/rt/consumer-venv/bin/predictor-research-consumer", "--domain", "crypto", "--spool", "/home/runner/work/_temp/work/soak/spool", "--ledger", "/home/runner/work/_temp/work/soak/consumer/ledger.sqlite", "--state", "/home/runner/work/_temp/work/soak/domain-state", "--policy", "/home/runner/work/_temp/work/rt/op/policy.json", "--objects", "/home/runner/work/_temp/work/rt/op/objects"], "fault_env": {}, "exit": 0}
--- stdout
{"action": "skipped", "episode_id": "crypto:episode-1", "state": "TERMINAL_RESULT", "status": "RESULT", "task_id": "crypto:TASK-5a61224f3e2255c51110cfae4b996804"}
{"action": "skipped", "episode_id": "crypto:episode-3", "state": "TERMINAL_RESULT", "status": "DUPLICATE", "task_id": "crypto:TASK-ec6e000af508cc684f074d56cf1d65d4"}
{"action": "skipped", "episode_id": "crypto:episode-4", "state": "TERMINAL_RESULT", "status": "RESULT", "task_id": "crypto:TASK-c0756a400f58e2eb20df8cd25130c567"}
{"action": "skipped", "episode_id": "crypto:episode-6", "state": "TERMINAL_RESULT", "status": "RESULT", "task_id": "crypto:TASK-d367c7f0a69accff2e52948d85e2cfc9"}
{"action": "skipped", "episode_id": "crypto:episode-7", "state": "TERMINAL_RESULT", "status": "RESULT", "task_id": "crypto:TASK-44ab5a05adcbec305debd521451ac735"}
{"action": "skipped", "episode_id": "crypto:episode-9", "state": "TERMINAL_RESULT", "status": "DUPLICATE", "task_id": "crypto:TASK-14e7ea21534e45e23a4277dac60a4f2a"}
{"action": "skipped", "episode_id": "crypto:episode-10", "state": "TERMINAL_RESULT", "status": "RESULT", "task_id": "crypto:TASK-fa5b145dd0e59b9b1f3c53919c0aad7f"}
{"action": "skipped", "episode_id": "crypto:episode-11", "state": "TERMINAL_RESULT", "status": "RESULT", "task_id": "crypto:TASK-012f5d55aa3000fa92bce4a8de811193"}
{"action": "skipped", "episode_id": "crypto:episode-12", "state": "TERMINAL_RESULT", "status": "RESULT", "task_id": "crypto:TASK-8075320c169e3679d3da0cbf875ce83d"}
{"action": "skipped", "episode_id": "crypto:episode-14", "state": "TERMINAL_RESULT", "status": "DUPLICATE", "task_id": "crypto:TASK-e1b9c54ae66cb5429906c7192474f592"}
{"action": "skipped", "episode_id": "crypto:episode-15", "state": "TERMINAL_RESULT", "status": "RESULT", "task_id": "crypto:TASK-14a347da62048ed8c735e34ddf54bc5b"}
{"action": "skipped", "episode_id": "crypto:episode-16", "state": "TERMINAL_RESULT", "status": "RESULT", "task_id": "crypto:TASK-6e2d003552c4cdc6a185532267c5931f"}
{"action": "skipped", "episode_id": "crypto:episode-17", "state": "TERMINAL_RESULT", "status": "RESULT", "task_id": "crypto:TASK-a7ff76614894d1b4f94f3f4b8a493849"}
{"action": "skipped", "episode_id": "crypto:episode-19", "state": "TERMINAL_RESULT", "status": "DUPLICATE", "task_id": "crypto:TASK-c867e60770f59699273a55415d4bd298"}
{"action": "skipped", "episode_id": "crypto:episode-20", "state": "TERMINAL_RESULT", "status": "RESULT", "task_id": "crypto:TASK-4a37fd926277a3ef0cae079b96c2ce99"}
{"action": "skipped", "episode_id": "crypto:episode-21", "state": "TERMINAL_RESULT", "status": "RESULT", "task_id": "crypto:TASK-15d9723c7d6dd424375798ad8639ed70"}
{"action": "skipped", "episode_id": "crypto:episode-22", "state": "TERMINAL_RESULT", "status": "RESULT", "task_id": "crypto:TASK-6a7e5eb91676be82445c3c99937349f4"}
{"action": "skipped", "episode_id": "crypto:episode-24", "state": "TERMINAL_RESULT", "status": "DUPLICATE", "task_id": "crypto:TASK-717252ae1f67e55d82a5319735ab9c0a"}
{"action": "skipped", "episode_id": "crypto:episode-25", "state": "TERMINAL_RESULT", "status": "RESULT", "task_id": "crypto:TASK-27ade8a7380b708600b008ed8602d756"}
{"action": "skipped", "episode_id": "crypto:episode-26", "state": "TERMINAL_RESULT", "status": "RESULT", "task_id": "crypto:TASK-ea5906e4dd8b3897bd126c12da09efbc"}
{"action": "skipped", "episode_id": "crypto:episode-27", "state": "TERMINAL_RESULT", "status": "RESULT", "task_id": "crypto:TASK-a07a31993dffde0924b756f4d7c218cd"}
{"action": "skipped", "episode_id": "crypto:episode-29", "state": "TERMINAL_RESULT", "status": "DUPLICATE", "task_id": "crypto:TASK-23de132dc972ced56b70c4a05e035a61"}
{"action": "skipped", "episode_id": "crypto:episode-30", "state": "TERMINAL_RESULT", "status": "RESULT", "task_id": "crypto:TASK-5932298d6553097abf5fb756201e37ec"}
{"action": "delivered", "attempt": 1, "class": "TERMINAL_RESULT", "episode_id": "crypto:episode-31", "result_file": "crypto/results/TASK-0c38ef914ce8c3fd60a9a6eb167b7690.fd2ff2cd37252f13.json", "result_write": "WRITTEN", "status": "RESULT", "task_id": "crypto:TASK-0c38ef914ce8c3fd60a9a6eb167b7690"}
--- stderr
{"duration_ms": 206, "event": "job_finished", "job_id": "crypto-research-222e116e5dc795a9a7ad842f", "level": "INFO", "run_id": "4c58d0110bc24c53aa33c4d0a5a9574b", "run_status": "SUCCEEDED", "service": "predictor_ops", "timestamp": "2026-09-28T18:07:00.376400Z"}
--- end
{"n": 160, "label": "ingest 24", "at": "2026-09-28T18:07:00Z", "seconds": 0.111, "argv": ["/home/runner/work/_temp/work/rt/cain-venv/bin/cain", "research", "ingest", "--domain", "crypto", "--state", "/home/runner/work/_temp/work/soak/cain-state", "--spool", "/home/runner/work/_temp/work/soak/spool"], "fault_env": {}, "exit": 0}
--- stdout
{"action": "duplicate", "file": "TASK-012f5d55aa3000fa92bce4a8de811193.f03a88a1b234ab62.json"}
{"action": "ingested", "class": "TERMINAL_RESULT", "fact": "fact:ceb91d0454f748399b907e70d3f0972e", "file": "TASK-0c38ef914ce8c3fd60a9a6eb167b7690.fd2ff2cd37252f13.json", "status": "RESULT", "task_id": "crypto:TASK-0c38ef914ce8c3fd60a9a6eb167b7690"}
{"action": "duplicate", "file": "TASK-14a347da62048ed8c735e34ddf54bc5b.b3697728625b7f81.json"}
{"action": "duplicate", "file": "TASK-14e7ea21534e45e23a4277dac60a4f2a.362eb9030a46ae8e.json"}
{"action": "duplicate", "file": "TASK-15d9723c7d6dd424375798ad8639ed70.89098dcc5884e843.json"}
{"action": "duplicate", "file": "TASK-15d9723c7d6dd424375798ad8639ed70.bd780b3a5c0ecddb.json"}
{"action": "duplicate", "file": "TASK-23de132dc972ced56b70c4a05e035a61.5a43754c6d5c52d4.json"}
{"action": "duplicate", "file": "TASK-27ade8a7380b708600b008ed8602d756.548c6e6fcf113cc0.json"}
{"action": "duplicate", "file": "TASK-44ab5a05adcbec305debd521451ac735.299b328a5b7b3530.json"}
{"action": "duplicate", "file": "TASK-4a37fd926277a3ef0cae079b96c2ce99.c18d0b47ba140e68.json"}
{"action": "duplicate", "file": "TASK-5932298d6553097abf5fb756201e37ec.ab3fbd9759f3f262.json"}
{"action": "duplicate", "file": "TASK-5a61224f3e2255c51110cfae4b996804.8ed028653ee08b24.json"}
{"action": "duplicate", "file": "TASK-6a7e5eb91676be82445c3c99937349f4.9f9c5feaa59b3c67.json"}
{"action": "duplicate", "file": "TASK-6e2d003552c4cdc6a185532267c5931f.3e917293ff7f6c46.json"}
{"action": "duplicate", "file": "TASK-717252ae1f67e55d82a5319735ab9c0a.e75ed8da46b21442.json"}
{"action": "duplicate", "file": "TASK-8075320c169e3679d3da0cbf875ce83d.3d3b141a544007f6.json"}
{"action": "duplicate", "file": "TASK-a07a31993dffde0924b756f4d7c218cd.7c52c3f43479f241.json"}
{"action": "duplicate", "file": "TASK-a7ff76614894d1b4f94f3f4b8a493849.17ca57dcab21d0d6.json"}
{"action": "duplicate", "file": "TASK-c0756a400f58e2eb20df8cd25130c567.f16ecae094bd6f23.json"}
{"action": "duplicate", "file": "TASK-c867e60770f59699273a55415d4bd298.ead37dcc3f188ad3.json"}
{"action": "duplicate", "file": "TASK-d367c7f0a69accff2e52948d85e2cfc9.4e6a1f5401af1748.json"}
{"action": "duplicate", "file": "TASK-d367c7f0a69accff2e52948d85e2cfc9.ea2062ab82f012d7.json"}
{"action": "duplicate", "file": "TASK-e1b9c54ae66cb5429906c7192474f592.e00bc787dab74447.json"}
{"action": "duplicate", "file": "TASK-ea5906e4dd8b3897bd126c12da09efbc.38ef198e6e27358a.json"}
{"action": "duplicate", "file": "TASK-ec6e000af508cc684f074d56cf1d65d4.b881328d94ee8f91.json"}
{"action": "duplicate", "file": "TASK-fa5b145dd0e59b9b1f3c53919c0aad7f.c2de4272d33bfb49.json"}
{"action": "skipped", "code": "DOMAIN_MISMATCH", "file": "interleaved-003-stocks.json", "state": "REJECTED"}
{"action": "skipped", "code": "DOMAIN_MISMATCH", "file": "interleaved-007-brasileirao.json", "state": "REJECTED"}
{"action": "skipped", "code": "DOMAIN_MISMATCH", "file": "interleaved-011-stocks.json", "state": "REJECTED"}
{"action": "skipped", "code": "DOMAIN_MISMATCH", "file": "interleaved-015-brasileirao.json", "state": "REJECTED"}
{"action": "skipped", "code": "DOMAIN_MISMATCH", "file": "interleaved-019-stocks.json", "state": "REJECTED"}
{"action": "skipped", "code": "DOMAIN_MISMATCH", "file": "interleaved-023-brasileirao.json", "state": "REJECTED"}
{"action": "duplicate", "file": "redelivered-001-TASK-5a61224f3e2255c51110cfae4b996804.8ed028653ee08b24.json"}
{"action": "duplicate", "file": "redelivered-005-TASK-44ab5a05adcbec305debd521451ac735.299b328a5b7b3530.json"}
{"action": "duplicate", "file": "redelivered-009-TASK-8075320c169e3679d3da0cbf875ce83d.3d3b141a544007f6.json"}
{"action": "duplicate", "file": "redelivered-013-TASK-a7ff76614894d1b4f94f3f4b8a493849.17ca57dcab21d0d6.json"}
{"action": "duplicate", "file": "redelivered-017-TASK-6a7e5eb91676be82445c3c99937349f4.9f9c5feaa59b3c67.json"}
{"action": "duplicate", "file": "redelivered-021-TASK-a07a31993dffde0924b756f4d7c218cd.7c52c3f43479f241.json"}
--- stderr
--- end
{"n": 161, "label": "llm proposal 1", "at": "2026-09-28T18:07:19Z", "seconds": 19.088, "argv": ["/home/runner/work/_temp/work/rt/cain-venv/bin/cain", "research", "explain", "proximo experimento 1", "--propose-for-domain", "crypto", "--state", "/home/runner/work/_temp/work/soak/cain-state", "--proposal-out", "/home/runner/work/_temp/work/soak/proposals/llm-1.json", "--proposal-id", "cain:SOAK-LLM-1", "--config", "/home/runner/work/_temp/work/soak/cain-llm.toml"], "fault_env": {}, "exit": 0}
--- stdout
{"audit": "/home/runner/work/_temp/work/soak/proposals/llm-1.audit.json", "hypothesis_id": "crypto:QUAL-SHADOW-REAL-001", "model": {"digest": "a8b0c51577010a279d933d14c2a8ab4b268079d44c5c8830c0a93900f1827c67", "model": "qwen2.5:0.5b", "provider": "OllamaLLM"}, "proposal": "/home/runner/work/_temp/work/soak/proposals/llm-1.json", "rationale_check": {"count_mismatches": [], "eligibility_mismatches": [], "mentioned": [], "refusal_mismatches": [], "without_evidence": []}}
--- stderr
--- end
{"n": 162, "label": "propose llm 1", "at": "2026-09-28T18:07:19Z", "seconds": 0.108, "argv": ["/home/runner/work/_temp/work/rt/cain-venv/bin/cain", "research", "propose", "--domain", "crypto", "--state", "/home/runner/work/_temp/work/soak/cain-state", "--proposal", "/home/runner/work/_temp/work/soak/proposals/llm-1.json", "--as-of", "2026-09-28T18:07:19Z"], "fault_env": {}, "exit": 0}
--- stdout
{"decision": "ALLOW", "episode_id": "crypto:episode-32", "reason_code": "ALLOWED", "receipt_sha256": "6bcffd301f388eb8d922dac8390e8c7f454e0ce00b974dafd47085534a47ca5b", "rule": "R14", "status": "RECORDED", "task": {"payload_sha256": "9dc79679d8d113b7bb73fd8a08c3838a82d43edba2f7968bae0e2af88e13a03c", "previous_task_id": "crypto:TASK-0c38ef914ce8c3fd60a9a6eb167b7690", "task_id": "crypto:TASK-67d48052afe60c95ef2286d46e3f3f2a"}}
--- stderr
--- end
{"n": 163, "label": "dispatch llm 1", "at": "2026-09-28T18:07:19Z", "seconds": 0.101, "argv": ["/home/runner/work/_temp/work/rt/cain-venv/bin/cain", "research", "dispatch", "--domain", "crypto", "--state", "/home/runner/work/_temp/work/soak/cain-state", "--spool", "/home/runner/work/_temp/work/soak/spool"], "fault_env": {}, "exit": 0}
--- stdout
{"action": "dispatched", "file": "crypto/tasks/TASK-67d48052afe60c95ef2286d46e3f3f2a.json", "spool": "WRITTEN", "task_id": "crypto:TASK-67d48052afe60c95ef2286d46e3f3f2a"}
--- stderr
--- end
{"n": 164, "label": "consumer llm 1", "at": "2026-09-28T18:07:20Z", "seconds": 0.418, "argv": ["/home/runner/work/_temp/work/rt/consumer-venv/bin/predictor-research-consumer", "--domain", "crypto", "--spool", "/home/runner/work/_temp/work/soak/spool", "--ledger", "/home/runner/work/_temp/work/soak/consumer/ledger.sqlite", "--state", "/home/runner/work/_temp/work/soak/domain-state", "--policy", "/home/runner/work/_temp/work/rt/op/policy.json", "--objects", "/home/runner/work/_temp/work/rt/op/objects"], "fault_env": {}, "exit": 0}
--- stdout
{"action": "skipped", "episode_id": "crypto:episode-1", "state": "TERMINAL_RESULT", "status": "RESULT", "task_id": "crypto:TASK-5a61224f3e2255c51110cfae4b996804"}
{"action": "skipped", "episode_id": "crypto:episode-3", "state": "TERMINAL_RESULT", "status": "DUPLICATE", "task_id": "crypto:TASK-ec6e000af508cc684f074d56cf1d65d4"}
{"action": "skipped", "episode_id": "crypto:episode-4", "state": "TERMINAL_RESULT", "status": "RESULT", "task_id": "crypto:TASK-c0756a400f58e2eb20df8cd25130c567"}
{"action": "skipped", "episode_id": "crypto:episode-6", "state": "TERMINAL_RESULT", "status": "RESULT", "task_id": "crypto:TASK-d367c7f0a69accff2e52948d85e2cfc9"}
{"action": "skipped", "episode_id": "crypto:episode-7", "state": "TERMINAL_RESULT", "status": "RESULT", "task_id": "crypto:TASK-44ab5a05adcbec305debd521451ac735"}
{"action": "skipped", "episode_id": "crypto:episode-9", "state": "TERMINAL_RESULT", "status": "DUPLICATE", "task_id": "crypto:TASK-14e7ea21534e45e23a4277dac60a4f2a"}
{"action": "skipped", "episode_id": "crypto:episode-10", "state": "TERMINAL_RESULT", "status": "RESULT", "task_id": "crypto:TASK-fa5b145dd0e59b9b1f3c53919c0aad7f"}
{"action": "skipped", "episode_id": "crypto:episode-11", "state": "TERMINAL_RESULT", "status": "RESULT", "task_id": "crypto:TASK-012f5d55aa3000fa92bce4a8de811193"}
{"action": "skipped", "episode_id": "crypto:episode-12", "state": "TERMINAL_RESULT", "status": "RESULT", "task_id": "crypto:TASK-8075320c169e3679d3da0cbf875ce83d"}
{"action": "skipped", "episode_id": "crypto:episode-14", "state": "TERMINAL_RESULT", "status": "DUPLICATE", "task_id": "crypto:TASK-e1b9c54ae66cb5429906c7192474f592"}
{"action": "skipped", "episode_id": "crypto:episode-15", "state": "TERMINAL_RESULT", "status": "RESULT", "task_id": "crypto:TASK-14a347da62048ed8c735e34ddf54bc5b"}
{"action": "skipped", "episode_id": "crypto:episode-16", "state": "TERMINAL_RESULT", "status": "RESULT", "task_id": "crypto:TASK-6e2d003552c4cdc6a185532267c5931f"}
{"action": "skipped", "episode_id": "crypto:episode-17", "state": "TERMINAL_RESULT", "status": "RESULT", "task_id": "crypto:TASK-a7ff76614894d1b4f94f3f4b8a493849"}
{"action": "skipped", "episode_id": "crypto:episode-19", "state": "TERMINAL_RESULT", "status": "DUPLICATE", "task_id": "crypto:TASK-c867e60770f59699273a55415d4bd298"}
{"action": "skipped", "episode_id": "crypto:episode-20", "state": "TERMINAL_RESULT", "status": "RESULT", "task_id": "crypto:TASK-4a37fd926277a3ef0cae079b96c2ce99"}
{"action": "skipped", "episode_id": "crypto:episode-21", "state": "TERMINAL_RESULT", "status": "RESULT", "task_id": "crypto:TASK-15d9723c7d6dd424375798ad8639ed70"}
{"action": "skipped", "episode_id": "crypto:episode-22", "state": "TERMINAL_RESULT", "status": "RESULT", "task_id": "crypto:TASK-6a7e5eb91676be82445c3c99937349f4"}
{"action": "skipped", "episode_id": "crypto:episode-24", "state": "TERMINAL_RESULT", "status": "DUPLICATE", "task_id": "crypto:TASK-717252ae1f67e55d82a5319735ab9c0a"}
{"action": "skipped", "episode_id": "crypto:episode-25", "state": "TERMINAL_RESULT", "status": "RESULT", "task_id": "crypto:TASK-27ade8a7380b708600b008ed8602d756"}
{"action": "skipped", "episode_id": "crypto:episode-26", "state": "TERMINAL_RESULT", "status": "RESULT", "task_id": "crypto:TASK-ea5906e4dd8b3897bd126c12da09efbc"}
{"action": "skipped", "episode_id": "crypto:episode-27", "state": "TERMINAL_RESULT", "status": "RESULT", "task_id": "crypto:TASK-a07a31993dffde0924b756f4d7c218cd"}
{"action": "skipped", "episode_id": "crypto:episode-29", "state": "TERMINAL_RESULT", "status": "DUPLICATE", "task_id": "crypto:TASK-23de132dc972ced56b70c4a05e035a61"}
{"action": "skipped", "episode_id": "crypto:episode-30", "state": "TERMINAL_RESULT", "status": "RESULT", "task_id": "crypto:TASK-5932298d6553097abf5fb756201e37ec"}
{"action": "skipped", "episode_id": "crypto:episode-31", "state": "TERMINAL_RESULT", "status": "RESULT", "task_id": "crypto:TASK-0c38ef914ce8c3fd60a9a6eb167b7690"}
{"action": "delivered", "attempt": 1, "class": "TERMINAL_RESULT", "episode_id": "crypto:episode-32", "result_file": "crypto/results/TASK-67d48052afe60c95ef2286d46e3f3f2a.81f44e73d3ad003f.json", "result_write": "WRITTEN", "status": "RESULT", "task_id": "crypto:TASK-67d48052afe60c95ef2286d46e3f3f2a"}
--- stderr
{"duration_ms": 206, "event": "job_finished", "job_id": "crypto-research-6a3d64e511ab3c7e311749c8", "level": "INFO", "run_id": "0f4b8d9fb74b4a11b90f28570ca2e479", "run_status": "SUCCEEDED", "service": "predictor_ops", "timestamp": "2026-09-28T18:07:20.204512Z"}
--- end
{"n": 165, "label": "ingest llm 1", "at": "2026-09-28T18:07:20Z", "seconds": 0.111, "argv": ["/home/runner/work/_temp/work/rt/cain-venv/bin/cain", "research", "ingest", "--domain", "crypto", "--state", "/home/runner/work/_temp/work/soak/cain-state", "--spool", "/home/runner/work/_temp/work/soak/spool"], "fault_env": {}, "exit": 0}
--- stdout
{"action": "duplicate", "file": "TASK-012f5d55aa3000fa92bce4a8de811193.f03a88a1b234ab62.json"}
{"action": "duplicate", "file": "TASK-0c38ef914ce8c3fd60a9a6eb167b7690.fd2ff2cd37252f13.json"}
{"action": "duplicate", "file": "TASK-14a347da62048ed8c735e34ddf54bc5b.b3697728625b7f81.json"}
{"action": "duplicate", "file": "TASK-14e7ea21534e45e23a4277dac60a4f2a.362eb9030a46ae8e.json"}
{"action": "duplicate", "file": "TASK-15d9723c7d6dd424375798ad8639ed70.89098dcc5884e843.json"}
{"action": "duplicate", "file": "TASK-15d9723c7d6dd424375798ad8639ed70.bd780b3a5c0ecddb.json"}
{"action": "duplicate", "file": "TASK-23de132dc972ced56b70c4a05e035a61.5a43754c6d5c52d4.json"}
{"action": "duplicate", "file": "TASK-27ade8a7380b708600b008ed8602d756.548c6e6fcf113cc0.json"}
{"action": "duplicate", "file": "TASK-44ab5a05adcbec305debd521451ac735.299b328a5b7b3530.json"}
{"action": "duplicate", "file": "TASK-4a37fd926277a3ef0cae079b96c2ce99.c18d0b47ba140e68.json"}
{"action": "duplicate", "file": "TASK-5932298d6553097abf5fb756201e37ec.ab3fbd9759f3f262.json"}
{"action": "duplicate", "file": "TASK-5a61224f3e2255c51110cfae4b996804.8ed028653ee08b24.json"}
{"action": "ingested", "class": "TERMINAL_RESULT", "fact": "fact:7323844424074560a96a1b13fefec0d5", "file": "TASK-67d48052afe60c95ef2286d46e3f3f2a.81f44e73d3ad003f.json", "status": "RESULT", "task_id": "crypto:TASK-67d48052afe60c95ef2286d46e3f3f2a"}
{"action": "duplicate", "file": "TASK-6a7e5eb91676be82445c3c99937349f4.9f9c5feaa59b3c67.json"}
{"action": "duplicate", "file": "TASK-6e2d003552c4cdc6a185532267c5931f.3e917293ff7f6c46.json"}
{"action": "duplicate", "file": "TASK-717252ae1f67e55d82a5319735ab9c0a.e75ed8da46b21442.json"}
{"action": "duplicate", "file": "TASK-8075320c169e3679d3da0cbf875ce83d.3d3b141a544007f6.json"}
{"action": "duplicate", "file": "TASK-a07a31993dffde0924b756f4d7c218cd.7c52c3f43479f241.json"}
{"action": "duplicate", "file": "TASK-a7ff76614894d1b4f94f3f4b8a493849.17ca57dcab21d0d6.json"}
{"action": "duplicate", "file": "TASK-c0756a400f58e2eb20df8cd25130c567.f16ecae094bd6f23.json"}
{"action": "duplicate", "file": "TASK-c867e60770f59699273a55415d4bd298.ead37dcc3f188ad3.json"}
{"action": "duplicate", "file": "TASK-d367c7f0a69accff2e52948d85e2cfc9.4e6a1f5401af1748.json"}
{"action": "duplicate", "file": "TASK-d367c7f0a69accff2e52948d85e2cfc9.ea2062ab82f012d7.json"}
{"action": "duplicate", "file": "TASK-e1b9c54ae66cb5429906c7192474f592.e00bc787dab74447.json"}
{"action": "duplicate", "file": "TASK-ea5906e4dd8b3897bd126c12da09efbc.38ef198e6e27358a.json"}
{"action": "duplicate", "file": "TASK-ec6e000af508cc684f074d56cf1d65d4.b881328d94ee8f91.json"}
{"action": "duplicate", "file": "TASK-fa5b145dd0e59b9b1f3c53919c0aad7f.c2de4272d33bfb49.json"}
{"action": "skipped", "code": "DOMAIN_MISMATCH", "file": "interleaved-003-stocks.json", "state": "REJECTED"}
{"action": "skipped", "code": "DOMAIN_MISMATCH", "file": "interleaved-007-brasileirao.json", "state": "REJECTED"}
{"action": "skipped", "code": "DOMAIN_MISMATCH", "file": "interleaved-011-stocks.json", "state": "REJECTED"}
{"action": "skipped", "code": "DOMAIN_MISMATCH", "file": "interleaved-015-brasileirao.json", "state": "REJECTED"}
{"action": "skipped", "code": "DOMAIN_MISMATCH", "file": "interleaved-019-stocks.json", "state": "REJECTED"}
{"action": "skipped", "code": "DOMAIN_MISMATCH", "file": "interleaved-023-brasileirao.json", "state": "REJECTED"}
{"action": "duplicate", "file": "redelivered-001-TASK-5a61224f3e2255c51110cfae4b996804.8ed028653ee08b24.json"}
{"action": "duplicate", "file": "redelivered-005-TASK-44ab5a05adcbec305debd521451ac735.299b328a5b7b3530.json"}
{"action": "duplicate", "file": "redelivered-009-TASK-8075320c169e3679d3da0cbf875ce83d.3d3b141a544007f6.json"}
{"action": "duplicate", "file": "redelivered-013-TASK-a7ff76614894d1b4f94f3f4b8a493849.17ca57dcab21d0d6.json"}
{"action": "duplicate", "file": "redelivered-017-TASK-6a7e5eb91676be82445c3c99937349f4.9f9c5feaa59b3c67.json"}
{"action": "duplicate", "file": "redelivered-021-TASK-a07a31993dffde0924b756f4d7c218cd.7c52c3f43479f241.json"}
--- stderr
--- end
{"n": 166, "label": "llm proposal 2", "at": "2026-09-28T18:07:37Z", "seconds": 16.874, "argv": ["/home/runner/work/_temp/work/rt/cain-venv/bin/cain", "research", "explain", "proximo experimento 2", "--propose-for-domain", "crypto", "--state", "/home/runner/work/_temp/work/soak/cain-state", "--proposal-out", "/home/runner/work/_temp/work/soak/proposals/llm-2.json", "--proposal-id", "cain:SOAK-LLM-2", "--config", "/home/runner/work/_temp/work/soak/cain-llm.toml"], "fault_env": {}, "exit": 0}
--- stdout
{"audit": "/home/runner/work/_temp/work/soak/proposals/llm-2.audit.json", "hypothesis_id": "crypto:QUAL-SHADOW-REAL-002", "model": {"digest": "a8b0c51577010a279d933d14c2a8ab4b268079d44c5c8830c0a93900f1827c67", "model": "qwen2.5:0.5b", "provider": "OllamaLLM"}, "proposal": "/home/runner/work/_temp/work/soak/proposals/llm-2.json", "rationale_check": {"count_mismatches": [], "eligibility_mismatches": [], "mentioned": [], "refusal_mismatches": [], "without_evidence": []}}
--- stderr
--- end
{"n": 167, "label": "propose llm 2", "at": "2026-09-28T18:07:37Z", "seconds": 0.111, "argv": ["/home/runner/work/_temp/work/rt/cain-venv/bin/cain", "research", "propose", "--domain", "crypto", "--state", "/home/runner/work/_temp/work/soak/cain-state", "--proposal", "/home/runner/work/_temp/work/soak/proposals/llm-2.json", "--as-of", "2026-09-28T18:07:37Z"], "fault_env": {}, "exit": 0}
--- stdout
{"decision": "ALLOW", "episode_id": "crypto:episode-33", "reason_code": "ALLOWED", "receipt_sha256": "6f815394532955992431bdbe6e15994889ed3778d15ed30ac0d18cf44fb1b7ca", "rule": "R14", "status": "RECORDED", "task": {"payload_sha256": "e6f566a4aabb7bdd0f453cf2e463f42a48a0524f7230c081f83a24a9effbc19c", "previous_task_id": "crypto:TASK-67d48052afe60c95ef2286d46e3f3f2a", "task_id": "crypto:TASK-08a6e733c77e5f13f1632b309d91eb34"}}
--- stderr
--- end
{"n": 168, "label": "dispatch llm 2", "at": "2026-09-28T18:07:37Z", "seconds": 0.102, "argv": ["/home/runner/work/_temp/work/rt/cain-venv/bin/cain", "research", "dispatch", "--domain", "crypto", "--state", "/home/runner/work/_temp/work/soak/cain-state", "--spool", "/home/runner/work/_temp/work/soak/spool"], "fault_env": {}, "exit": 0}
--- stdout
{"action": "dispatched", "file": "crypto/tasks/TASK-08a6e733c77e5f13f1632b309d91eb34.json", "spool": "WRITTEN", "task_id": "crypto:TASK-08a6e733c77e5f13f1632b309d91eb34"}
--- stderr
--- end
{"n": 169, "label": "consumer llm 2", "at": "2026-09-28T18:07:37Z", "seconds": 0.432, "argv": ["/home/runner/work/_temp/work/rt/consumer-venv/bin/predictor-research-consumer", "--domain", "crypto", "--spool", "/home/runner/work/_temp/work/soak/spool", "--ledger", "/home/runner/work/_temp/work/soak/consumer/ledger.sqlite", "--state", "/home/runner/work/_temp/work/soak/domain-state", "--policy", "/home/runner/work/_temp/work/rt/op/policy.json", "--objects", "/home/runner/work/_temp/work/rt/op/objects"], "fault_env": {}, "exit": 0}
--- stdout
{"action": "skipped", "episode_id": "crypto:episode-1", "state": "TERMINAL_RESULT", "status": "RESULT", "task_id": "crypto:TASK-5a61224f3e2255c51110cfae4b996804"}
{"action": "skipped", "episode_id": "crypto:episode-3", "state": "TERMINAL_RESULT", "status": "DUPLICATE", "task_id": "crypto:TASK-ec6e000af508cc684f074d56cf1d65d4"}
{"action": "skipped", "episode_id": "crypto:episode-4", "state": "TERMINAL_RESULT", "status": "RESULT", "task_id": "crypto:TASK-c0756a400f58e2eb20df8cd25130c567"}
{"action": "skipped", "episode_id": "crypto:episode-6", "state": "TERMINAL_RESULT", "status": "RESULT", "task_id": "crypto:TASK-d367c7f0a69accff2e52948d85e2cfc9"}
{"action": "skipped", "episode_id": "crypto:episode-7", "state": "TERMINAL_RESULT", "status": "RESULT", "task_id": "crypto:TASK-44ab5a05adcbec305debd521451ac735"}
{"action": "skipped", "episode_id": "crypto:episode-9", "state": "TERMINAL_RESULT", "status": "DUPLICATE", "task_id": "crypto:TASK-14e7ea21534e45e23a4277dac60a4f2a"}
{"action": "skipped", "episode_id": "crypto:episode-10", "state": "TERMINAL_RESULT", "status": "RESULT", "task_id": "crypto:TASK-fa5b145dd0e59b9b1f3c53919c0aad7f"}
{"action": "skipped", "episode_id": "crypto:episode-11", "state": "TERMINAL_RESULT", "status": "RESULT", "task_id": "crypto:TASK-012f5d55aa3000fa92bce4a8de811193"}
{"action": "skipped", "episode_id": "crypto:episode-12", "state": "TERMINAL_RESULT", "status": "RESULT", "task_id": "crypto:TASK-8075320c169e3679d3da0cbf875ce83d"}
{"action": "skipped", "episode_id": "crypto:episode-14", "state": "TERMINAL_RESULT", "status": "DUPLICATE", "task_id": "crypto:TASK-e1b9c54ae66cb5429906c7192474f592"}
{"action": "skipped", "episode_id": "crypto:episode-15", "state": "TERMINAL_RESULT", "status": "RESULT", "task_id": "crypto:TASK-14a347da62048ed8c735e34ddf54bc5b"}
{"action": "skipped", "episode_id": "crypto:episode-16", "state": "TERMINAL_RESULT", "status": "RESULT", "task_id": "crypto:TASK-6e2d003552c4cdc6a185532267c5931f"}
{"action": "skipped", "episode_id": "crypto:episode-17", "state": "TERMINAL_RESULT", "status": "RESULT", "task_id": "crypto:TASK-a7ff76614894d1b4f94f3f4b8a493849"}
{"action": "skipped", "episode_id": "crypto:episode-19", "state": "TERMINAL_RESULT", "status": "DUPLICATE", "task_id": "crypto:TASK-c867e60770f59699273a55415d4bd298"}
{"action": "skipped", "episode_id": "crypto:episode-20", "state": "TERMINAL_RESULT", "status": "RESULT", "task_id": "crypto:TASK-4a37fd926277a3ef0cae079b96c2ce99"}
{"action": "skipped", "episode_id": "crypto:episode-21", "state": "TERMINAL_RESULT", "status": "RESULT", "task_id": "crypto:TASK-15d9723c7d6dd424375798ad8639ed70"}
{"action": "skipped", "episode_id": "crypto:episode-22", "state": "TERMINAL_RESULT", "status": "RESULT", "task_id": "crypto:TASK-6a7e5eb91676be82445c3c99937349f4"}
{"action": "skipped", "episode_id": "crypto:episode-24", "state": "TERMINAL_RESULT", "status": "DUPLICATE", "task_id": "crypto:TASK-717252ae1f67e55d82a5319735ab9c0a"}
{"action": "skipped", "episode_id": "crypto:episode-25", "state": "TERMINAL_RESULT", "status": "RESULT", "task_id": "crypto:TASK-27ade8a7380b708600b008ed8602d756"}
{"action": "skipped", "episode_id": "crypto:episode-26", "state": "TERMINAL_RESULT", "status": "RESULT", "task_id": "crypto:TASK-ea5906e4dd8b3897bd126c12da09efbc"}
{"action": "skipped", "episode_id": "crypto:episode-27", "state": "TERMINAL_RESULT", "status": "RESULT", "task_id": "crypto:TASK-a07a31993dffde0924b756f4d7c218cd"}
{"action": "skipped", "episode_id": "crypto:episode-29", "state": "TERMINAL_RESULT", "status": "DUPLICATE", "task_id": "crypto:TASK-23de132dc972ced56b70c4a05e035a61"}
{"action": "skipped", "episode_id": "crypto:episode-30", "state": "TERMINAL_RESULT", "status": "RESULT", "task_id": "crypto:TASK-5932298d6553097abf5fb756201e37ec"}
{"action": "skipped", "episode_id": "crypto:episode-31", "state": "TERMINAL_RESULT", "status": "RESULT", "task_id": "crypto:TASK-0c38ef914ce8c3fd60a9a6eb167b7690"}
{"action": "skipped", "episode_id": "crypto:episode-32", "state": "TERMINAL_RESULT", "status": "RESULT", "task_id": "crypto:TASK-67d48052afe60c95ef2286d46e3f3f2a"}
{"action": "delivered", "attempt": 1, "class": "TERMINAL_RESULT", "episode_id": "crypto:episode-33", "result_file": "crypto/results/TASK-08a6e733c77e5f13f1632b309d91eb34.7fbf02edd9ebee1e.json", "result_write": "WRITTEN", "status": "RESULT", "task_id": "crypto:TASK-08a6e733c77e5f13f1632b309d91eb34"}
--- stderr
{"duration_ms": 206, "event": "job_finished", "job_id": "crypto-research-74ec7d8c878d7ec0f3e563e2", "level": "INFO", "run_id": "2aee5901a50e4054a375b8c29a1f4924", "run_status": "SUCCEEDED", "service": "predictor_ops", "timestamp": "2026-09-28T18:07:37.822162Z"}
--- end
{"n": 170, "label": "ingest llm 2", "at": "2026-09-28T18:07:37Z", "seconds": 0.121, "argv": ["/home/runner/work/_temp/work/rt/cain-venv/bin/cain", "research", "ingest", "--domain", "crypto", "--state", "/home/runner/work/_temp/work/soak/cain-state", "--spool", "/home/runner/work/_temp/work/soak/spool"], "fault_env": {}, "exit": 0}
--- stdout
{"action": "duplicate", "file": "TASK-012f5d55aa3000fa92bce4a8de811193.f03a88a1b234ab62.json"}
{"action": "ingested", "class": "TERMINAL_RESULT", "fact": "fact:c7a85ed67e17429aaf10429eaa8b5fb3", "file": "TASK-08a6e733c77e5f13f1632b309d91eb34.7fbf02edd9ebee1e.json", "status": "RESULT", "task_id": "crypto:TASK-08a6e733c77e5f13f1632b309d91eb34"}
{"action": "duplicate", "file": "TASK-0c38ef914ce8c3fd60a9a6eb167b7690.fd2ff2cd37252f13.json"}
{"action": "duplicate", "file": "TASK-14a347da62048ed8c735e34ddf54bc5b.b3697728625b7f81.json"}
{"action": "duplicate", "file": "TASK-14e7ea21534e45e23a4277dac60a4f2a.362eb9030a46ae8e.json"}
{"action": "duplicate", "file": "TASK-15d9723c7d6dd424375798ad8639ed70.89098dcc5884e843.json"}
{"action": "duplicate", "file": "TASK-15d9723c7d6dd424375798ad8639ed70.bd780b3a5c0ecddb.json"}
{"action": "duplicate", "file": "TASK-23de132dc972ced56b70c4a05e035a61.5a43754c6d5c52d4.json"}
{"action": "duplicate", "file": "TASK-27ade8a7380b708600b008ed8602d756.548c6e6fcf113cc0.json"}
{"action": "duplicate", "file": "TASK-44ab5a05adcbec305debd521451ac735.299b328a5b7b3530.json"}
{"action": "duplicate", "file": "TASK-4a37fd926277a3ef0cae079b96c2ce99.c18d0b47ba140e68.json"}
{"action": "duplicate", "file": "TASK-5932298d6553097abf5fb756201e37ec.ab3fbd9759f3f262.json"}
{"action": "duplicate", "file": "TASK-5a61224f3e2255c51110cfae4b996804.8ed028653ee08b24.json"}
{"action": "duplicate", "file": "TASK-67d48052afe60c95ef2286d46e3f3f2a.81f44e73d3ad003f.json"}
{"action": "duplicate", "file": "TASK-6a7e5eb91676be82445c3c99937349f4.9f9c5feaa59b3c67.json"}
{"action": "duplicate", "file": "TASK-6e2d003552c4cdc6a185532267c5931f.3e917293ff7f6c46.json"}
{"action": "duplicate", "file": "TASK-717252ae1f67e55d82a5319735ab9c0a.e75ed8da46b21442.json"}
{"action": "duplicate", "file": "TASK-8075320c169e3679d3da0cbf875ce83d.3d3b141a544007f6.json"}
{"action": "duplicate", "file": "TASK-a07a31993dffde0924b756f4d7c218cd.7c52c3f43479f241.json"}
{"action": "duplicate", "file": "TASK-a7ff76614894d1b4f94f3f4b8a493849.17ca57dcab21d0d6.json"}
{"action": "duplicate", "file": "TASK-c0756a400f58e2eb20df8cd25130c567.f16ecae094bd6f23.json"}
{"action": "duplicate", "file": "TASK-c867e60770f59699273a55415d4bd298.ead37dcc3f188ad3.json"}
{"action": "duplicate", "file": "TASK-d367c7f0a69accff2e52948d85e2cfc9.4e6a1f5401af1748.json"}
{"action": "duplicate", "file": "TASK-d367c7f0a69accff2e52948d85e2cfc9.ea2062ab82f012d7.json"}
{"action": "duplicate", "file": "TASK-e1b9c54ae66cb5429906c7192474f592.e00bc787dab74447.json"}
{"action": "duplicate", "file": "TASK-ea5906e4dd8b3897bd126c12da09efbc.38ef198e6e27358a.json"}
{"action": "duplicate", "file": "TASK-ec6e000af508cc684f074d56cf1d65d4.b881328d94ee8f91.json"}
{"action": "duplicate", "file": "TASK-fa5b145dd0e59b9b1f3c53919c0aad7f.c2de4272d33bfb49.json"}
{"action": "skipped", "code": "DOMAIN_MISMATCH", "file": "interleaved-003-stocks.json", "state": "REJECTED"}
{"action": "skipped", "code": "DOMAIN_MISMATCH", "file": "interleaved-007-brasileirao.json", "state": "REJECTED"}
{"action": "skipped", "code": "DOMAIN_MISMATCH", "file": "interleaved-011-stocks.json", "state": "REJECTED"}
{"action": "skipped", "code": "DOMAIN_MISMATCH", "file": "interleaved-015-brasileirao.json", "state": "REJECTED"}
{"action": "skipped", "code": "DOMAIN_MISMATCH", "file": "interleaved-019-stocks.json", "state": "REJECTED"}
{"action": "skipped", "code": "DOMAIN_MISMATCH", "file": "interleaved-023-brasileirao.json", "state": "REJECTED"}
{"action": "duplicate", "file": "redelivered-001-TASK-5a61224f3e2255c51110cfae4b996804.8ed028653ee08b24.json"}
{"action": "duplicate", "file": "redelivered-005-TASK-44ab5a05adcbec305debd521451ac735.299b328a5b7b3530.json"}
{"action": "duplicate", "file": "redelivered-009-TASK-8075320c169e3679d3da0cbf875ce83d.3d3b141a544007f6.json"}
{"action": "duplicate", "file": "redelivered-013-TASK-a7ff76614894d1b4f94f3f4b8a493849.17ca57dcab21d0d6.json"}
{"action": "duplicate", "file": "redelivered-017-TASK-6a7e5eb91676be82445c3c99937349f4.9f9c5feaa59b3c67.json"}
{"action": "duplicate", "file": "redelivered-021-TASK-a07a31993dffde0924b756f4d7c218cd.7c52c3f43479f241.json"}
--- stderr
--- end
{"n": 171, "label": "llm proposal 3", "at": "2026-09-28T18:07:55Z", "seconds": 17.262, "argv": ["/home/runner/work/_temp/work/rt/cain-venv/bin/cain", "research", "explain", "proximo experimento 3", "--propose-for-domain", "crypto", "--state", "/home/runner/work/_temp/work/soak/cain-state", "--proposal-out", "/home/runner/work/_temp/work/soak/proposals/llm-3.json", "--proposal-id", "cain:SOAK-LLM-3", "--config", "/home/runner/work/_temp/work/soak/cain-llm.toml"], "fault_env": {}, "exit": 0}
--- stdout
{"audit": "/home/runner/work/_temp/work/soak/proposals/llm-3.audit.json", "hypothesis_id": "crypto:QUAL-SHADOW-REAL-003", "model": {"digest": "a8b0c51577010a279d933d14c2a8ab4b268079d44c5c8830c0a93900f1827c67", "model": "qwen2.5:0.5b", "provider": "OllamaLLM"}, "proposal": "/home/runner/work/_temp/work/soak/proposals/llm-3.json", "rationale_check": {"count_mismatches": [], "eligibility_mismatches": [], "mentioned": [], "refusal_mismatches": [], "without_evidence": []}}
--- stderr
--- end
{"n": 172, "label": "propose llm 3", "at": "2026-09-28T18:07:55Z", "seconds": 0.111, "argv": ["/home/runner/work/_temp/work/rt/cain-venv/bin/cain", "research", "propose", "--domain", "crypto", "--state", "/home/runner/work/_temp/work/soak/cain-state", "--proposal", "/home/runner/work/_temp/work/soak/proposals/llm-3.json", "--as-of", "2026-09-28T18:07:55Z"], "fault_env": {}, "exit": 0}
--- stdout
{"decision": "ALLOW", "episode_id": "crypto:episode-34", "reason_code": "ALLOWED", "receipt_sha256": "78c0bc5275b112bcb0e839bc9e0427c2e7df1739a8f74cdce60998fd707de11a", "rule": "R14", "status": "RECORDED", "task": {"payload_sha256": "a7fc3fdfa635c6ec7700bab75dc737ae4ef4ab08f71a75f425794991a707f0db", "previous_task_id": "crypto:TASK-08a6e733c77e5f13f1632b309d91eb34", "task_id": "crypto:TASK-266d1014b4e5d3f6011b8cc0a9f72697"}}
--- stderr
--- end
{"n": 173, "label": "dispatch llm 3", "at": "2026-09-28T18:07:55Z", "seconds": 0.105, "argv": ["/home/runner/work/_temp/work/rt/cain-venv/bin/cain", "research", "dispatch", "--domain", "crypto", "--state", "/home/runner/work/_temp/work/soak/cain-state", "--spool", "/home/runner/work/_temp/work/soak/spool"], "fault_env": {}, "exit": 0}
--- stdout
{"action": "dispatched", "file": "crypto/tasks/TASK-266d1014b4e5d3f6011b8cc0a9f72697.json", "spool": "WRITTEN", "task_id": "crypto:TASK-266d1014b4e5d3f6011b8cc0a9f72697"}
--- stderr
--- end
{"n": 174, "label": "consumer llm 3", "at": "2026-09-28T18:07:55Z", "seconds": 0.419, "argv": ["/home/runner/work/_temp/work/rt/consumer-venv/bin/predictor-research-consumer", "--domain", "crypto", "--spool", "/home/runner/work/_temp/work/soak/spool", "--ledger", "/home/runner/work/_temp/work/soak/consumer/ledger.sqlite", "--state", "/home/runner/work/_temp/work/soak/domain-state", "--policy", "/home/runner/work/_temp/work/rt/op/policy.json", "--objects", "/home/runner/work/_temp/work/rt/op/objects"], "fault_env": {}, "exit": 0}
--- stdout
{"action": "skipped", "episode_id": "crypto:episode-1", "state": "TERMINAL_RESULT", "status": "RESULT", "task_id": "crypto:TASK-5a61224f3e2255c51110cfae4b996804"}
{"action": "skipped", "episode_id": "crypto:episode-3", "state": "TERMINAL_RESULT", "status": "DUPLICATE", "task_id": "crypto:TASK-ec6e000af508cc684f074d56cf1d65d4"}
{"action": "skipped", "episode_id": "crypto:episode-4", "state": "TERMINAL_RESULT", "status": "RESULT", "task_id": "crypto:TASK-c0756a400f58e2eb20df8cd25130c567"}
{"action": "skipped", "episode_id": "crypto:episode-6", "state": "TERMINAL_RESULT", "status": "RESULT", "task_id": "crypto:TASK-d367c7f0a69accff2e52948d85e2cfc9"}
{"action": "skipped", "episode_id": "crypto:episode-7", "state": "TERMINAL_RESULT", "status": "RESULT", "task_id": "crypto:TASK-44ab5a05adcbec305debd521451ac735"}
{"action": "skipped", "episode_id": "crypto:episode-9", "state": "TERMINAL_RESULT", "status": "DUPLICATE", "task_id": "crypto:TASK-14e7ea21534e45e23a4277dac60a4f2a"}
{"action": "skipped", "episode_id": "crypto:episode-10", "state": "TERMINAL_RESULT", "status": "RESULT", "task_id": "crypto:TASK-fa5b145dd0e59b9b1f3c53919c0aad7f"}
{"action": "skipped", "episode_id": "crypto:episode-11", "state": "TERMINAL_RESULT", "status": "RESULT", "task_id": "crypto:TASK-012f5d55aa3000fa92bce4a8de811193"}
{"action": "skipped", "episode_id": "crypto:episode-12", "state": "TERMINAL_RESULT", "status": "RESULT", "task_id": "crypto:TASK-8075320c169e3679d3da0cbf875ce83d"}
{"action": "skipped", "episode_id": "crypto:episode-14", "state": "TERMINAL_RESULT", "status": "DUPLICATE", "task_id": "crypto:TASK-e1b9c54ae66cb5429906c7192474f592"}
{"action": "skipped", "episode_id": "crypto:episode-15", "state": "TERMINAL_RESULT", "status": "RESULT", "task_id": "crypto:TASK-14a347da62048ed8c735e34ddf54bc5b"}
{"action": "skipped", "episode_id": "crypto:episode-16", "state": "TERMINAL_RESULT", "status": "RESULT", "task_id": "crypto:TASK-6e2d003552c4cdc6a185532267c5931f"}
{"action": "skipped", "episode_id": "crypto:episode-17", "state": "TERMINAL_RESULT", "status": "RESULT", "task_id": "crypto:TASK-a7ff76614894d1b4f94f3f4b8a493849"}
{"action": "skipped", "episode_id": "crypto:episode-19", "state": "TERMINAL_RESULT", "status": "DUPLICATE", "task_id": "crypto:TASK-c867e60770f59699273a55415d4bd298"}
{"action": "skipped", "episode_id": "crypto:episode-20", "state": "TERMINAL_RESULT", "status": "RESULT", "task_id": "crypto:TASK-4a37fd926277a3ef0cae079b96c2ce99"}
{"action": "skipped", "episode_id": "crypto:episode-21", "state": "TERMINAL_RESULT", "status": "RESULT", "task_id": "crypto:TASK-15d9723c7d6dd424375798ad8639ed70"}
{"action": "skipped", "episode_id": "crypto:episode-22", "state": "TERMINAL_RESULT", "status": "RESULT", "task_id": "crypto:TASK-6a7e5eb91676be82445c3c99937349f4"}
{"action": "skipped", "episode_id": "crypto:episode-24", "state": "TERMINAL_RESULT", "status": "DUPLICATE", "task_id": "crypto:TASK-717252ae1f67e55d82a5319735ab9c0a"}
{"action": "skipped", "episode_id": "crypto:episode-25", "state": "TERMINAL_RESULT", "status": "RESULT", "task_id": "crypto:TASK-27ade8a7380b708600b008ed8602d756"}
{"action": "skipped", "episode_id": "crypto:episode-26", "state": "TERMINAL_RESULT", "status": "RESULT", "task_id": "crypto:TASK-ea5906e4dd8b3897bd126c12da09efbc"}
{"action": "skipped", "episode_id": "crypto:episode-27", "state": "TERMINAL_RESULT", "status": "RESULT", "task_id": "crypto:TASK-a07a31993dffde0924b756f4d7c218cd"}
{"action": "skipped", "episode_id": "crypto:episode-29", "state": "TERMINAL_RESULT", "status": "DUPLICATE", "task_id": "crypto:TASK-23de132dc972ced56b70c4a05e035a61"}
{"action": "skipped", "episode_id": "crypto:episode-30", "state": "TERMINAL_RESULT", "status": "RESULT", "task_id": "crypto:TASK-5932298d6553097abf5fb756201e37ec"}
{"action": "skipped", "episode_id": "crypto:episode-31", "state": "TERMINAL_RESULT", "status": "RESULT", "task_id": "crypto:TASK-0c38ef914ce8c3fd60a9a6eb167b7690"}
{"action": "skipped", "episode_id": "crypto:episode-32", "state": "TERMINAL_RESULT", "status": "RESULT", "task_id": "crypto:TASK-67d48052afe60c95ef2286d46e3f3f2a"}
{"action": "skipped", "episode_id": "crypto:episode-33", "state": "TERMINAL_RESULT", "status": "RESULT", "task_id": "crypto:TASK-08a6e733c77e5f13f1632b309d91eb34"}
{"action": "delivered", "attempt": 1, "class": "TERMINAL_RESULT", "episode_id": "crypto:episode-34", "result_file": "crypto/results/TASK-266d1014b4e5d3f6011b8cc0a9f72697.c823277c83c80c62.json", "result_write": "WRITTEN", "status": "RESULT", "task_id": "crypto:TASK-266d1014b4e5d3f6011b8cc0a9f72697"}
--- stderr
{"duration_ms": 206, "event": "job_finished", "job_id": "crypto-research-4330ef9ae1a43848a33dfa47", "level": "INFO", "run_id": "5323580070d5406bba111610c49ae584", "run_status": "SUCCEEDED", "service": "predictor_ops", "timestamp": "2026-09-28T18:07:55.853738Z"}
--- end
{"n": 175, "label": "ingest llm 3", "at": "2026-09-28T18:07:56Z", "seconds": 0.121, "argv": ["/home/runner/work/_temp/work/rt/cain-venv/bin/cain", "research", "ingest", "--domain", "crypto", "--state", "/home/runner/work/_temp/work/soak/cain-state", "--spool", "/home/runner/work/_temp/work/soak/spool"], "fault_env": {}, "exit": 0}
--- stdout
{"action": "duplicate", "file": "TASK-012f5d55aa3000fa92bce4a8de811193.f03a88a1b234ab62.json"}
{"action": "duplicate", "file": "TASK-08a6e733c77e5f13f1632b309d91eb34.7fbf02edd9ebee1e.json"}
{"action": "duplicate", "file": "TASK-0c38ef914ce8c3fd60a9a6eb167b7690.fd2ff2cd37252f13.json"}
{"action": "duplicate", "file": "TASK-14a347da62048ed8c735e34ddf54bc5b.b3697728625b7f81.json"}
{"action": "duplicate", "file": "TASK-14e7ea21534e45e23a4277dac60a4f2a.362eb9030a46ae8e.json"}
{"action": "duplicate", "file": "TASK-15d9723c7d6dd424375798ad8639ed70.89098dcc5884e843.json"}
{"action": "duplicate", "file": "TASK-15d9723c7d6dd424375798ad8639ed70.bd780b3a5c0ecddb.json"}
{"action": "duplicate", "file": "TASK-23de132dc972ced56b70c4a05e035a61.5a43754c6d5c52d4.json"}
{"action": "ingested", "class": "TERMINAL_RESULT", "fact": "fact:502f4107d8354246b0bef5f5ca80cc28", "file": "TASK-266d1014b4e5d3f6011b8cc0a9f72697.c823277c83c80c62.json", "status": "RESULT", "task_id": "crypto:TASK-266d1014b4e5d3f6011b8cc0a9f72697"}
{"action": "duplicate", "file": "TASK-27ade8a7380b708600b008ed8602d756.548c6e6fcf113cc0.json"}
{"action": "duplicate", "file": "TASK-44ab5a05adcbec305debd521451ac735.299b328a5b7b3530.json"}
{"action": "duplicate", "file": "TASK-4a37fd926277a3ef0cae079b96c2ce99.c18d0b47ba140e68.json"}
{"action": "duplicate", "file": "TASK-5932298d6553097abf5fb756201e37ec.ab3fbd9759f3f262.json"}
{"action": "duplicate", "file": "TASK-5a61224f3e2255c51110cfae4b996804.8ed028653ee08b24.json"}
{"action": "duplicate", "file": "TASK-67d48052afe60c95ef2286d46e3f3f2a.81f44e73d3ad003f.json"}
{"action": "duplicate", "file": "TASK-6a7e5eb91676be82445c3c99937349f4.9f9c5feaa59b3c67.json"}
{"action": "duplicate", "file": "TASK-6e2d003552c4cdc6a185532267c5931f.3e917293ff7f6c46.json"}
{"action": "duplicate", "file": "TASK-717252ae1f67e55d82a5319735ab9c0a.e75ed8da46b21442.json"}
{"action": "duplicate", "file": "TASK-8075320c169e3679d3da0cbf875ce83d.3d3b141a544007f6.json"}
{"action": "duplicate", "file": "TASK-a07a31993dffde0924b756f4d7c218cd.7c52c3f43479f241.json"}
{"action": "duplicate", "file": "TASK-a7ff76614894d1b4f94f3f4b8a493849.17ca57dcab21d0d6.json"}
{"action": "duplicate", "file": "TASK-c0756a400f58e2eb20df8cd25130c567.f16ecae094bd6f23.json"}
{"action": "duplicate", "file": "TASK-c867e60770f59699273a55415d4bd298.ead37dcc3f188ad3.json"}
{"action": "duplicate", "file": "TASK-d367c7f0a69accff2e52948d85e2cfc9.4e6a1f5401af1748.json"}
{"action": "duplicate", "file": "TASK-d367c7f0a69accff2e52948d85e2cfc9.ea2062ab82f012d7.json"}
{"action": "duplicate", "file": "TASK-e1b9c54ae66cb5429906c7192474f592.e00bc787dab74447.json"}
{"action": "duplicate", "file": "TASK-ea5906e4dd8b3897bd126c12da09efbc.38ef198e6e27358a.json"}
{"action": "duplicate", "file": "TASK-ec6e000af508cc684f074d56cf1d65d4.b881328d94ee8f91.json"}
{"action": "duplicate", "file": "TASK-fa5b145dd0e59b9b1f3c53919c0aad7f.c2de4272d33bfb49.json"}
{"action": "skipped", "code": "DOMAIN_MISMATCH", "file": "interleaved-003-stocks.json", "state": "REJECTED"}
{"action": "skipped", "code": "DOMAIN_MISMATCH", "file": "interleaved-007-brasileirao.json", "state": "REJECTED"}
{"action": "skipped", "code": "DOMAIN_MISMATCH", "file": "interleaved-011-stocks.json", "state": "REJECTED"}
{"action": "skipped", "code": "DOMAIN_MISMATCH", "file": "interleaved-015-brasileirao.json", "state": "REJECTED"}
{"action": "skipped", "code": "DOMAIN_MISMATCH", "file": "interleaved-019-stocks.json", "state": "REJECTED"}
{"action": "skipped", "code": "DOMAIN_MISMATCH", "file": "interleaved-023-brasileirao.json", "state": "REJECTED"}
{"action": "duplicate", "file": "redelivered-001-TASK-5a61224f3e2255c51110cfae4b996804.8ed028653ee08b24.json"}
{"action": "duplicate", "file": "redelivered-005-TASK-44ab5a05adcbec305debd521451ac735.299b328a5b7b3530.json"}
{"action": "duplicate", "file": "redelivered-009-TASK-8075320c169e3679d3da0cbf875ce83d.3d3b141a544007f6.json"}
{"action": "duplicate", "file": "redelivered-013-TASK-a7ff76614894d1b4f94f3f4b8a493849.17ca57dcab21d0d6.json"}
{"action": "duplicate", "file": "redelivered-017-TASK-6a7e5eb91676be82445c3c99937349f4.9f9c5feaa59b3c67.json"}
{"action": "duplicate", "file": "redelivered-021-TASK-a07a31993dffde0924b756f4d7c218cd.7c52c3f43479f241.json"}
--- stderr
--- end
{"n": 176, "label": "llm proposal 4", "at": "2026-09-28T18:08:12Z", "seconds": 16.318, "argv": ["/home/runner/work/_temp/work/rt/cain-venv/bin/cain", "research", "explain", "proximo experimento 4", "--propose-for-domain", "crypto", "--state", "/home/runner/work/_temp/work/soak/cain-state", "--proposal-out", "/home/runner/work/_temp/work/soak/proposals/llm-4.json", "--proposal-id", "cain:SOAK-LLM-4", "--config", "/home/runner/work/_temp/work/soak/cain-llm.toml"], "fault_env": {}, "exit": 0}
--- stdout
{"audit": "/home/runner/work/_temp/work/soak/proposals/llm-4.audit.json", "hypothesis_id": "crypto:QUAL-SHADOW-REAL-001", "model": {"digest": "a8b0c51577010a279d933d14c2a8ab4b268079d44c5c8830c0a93900f1827c67", "model": "qwen2.5:0.5b", "provider": "OllamaLLM"}, "proposal": "/home/runner/work/_temp/work/soak/proposals/llm-4.json", "rationale_check": {"count_mismatches": [], "eligibility_mismatches": [], "mentioned": [], "refusal_mismatches": [], "without_evidence": []}}
--- stderr
--- end
{"n": 177, "label": "propose llm 4", "at": "2026-09-28T18:08:12Z", "seconds": 0.107, "argv": ["/home/runner/work/_temp/work/rt/cain-venv/bin/cain", "research", "propose", "--domain", "crypto", "--state", "/home/runner/work/_temp/work/soak/cain-state", "--proposal", "/home/runner/work/_temp/work/soak/proposals/llm-4.json", "--as-of", "2026-09-28T18:08:12Z"], "fault_env": {}, "exit": 0}
--- stdout
{"decision": "ALLOW", "episode_id": "crypto:episode-35", "reason_code": "ALLOWED", "receipt_sha256": "915d654870ee205243aafd4d04de42f4a16e0c6527654b9d78d3eb5ac3d4185d", "rule": "R14", "status": "RECORDED", "task": {"payload_sha256": "c43b2b0c1302a4a35fbdafa439a2081727c1a4e026f39889321ae20fb72acf1e", "previous_task_id": "crypto:TASK-266d1014b4e5d3f6011b8cc0a9f72697", "task_id": "crypto:TASK-abbc676c0e60f5af204c4a139f48c35c"}}
--- stderr
--- end
{"n": 178, "label": "dispatch llm 4", "at": "2026-09-28T18:08:12Z", "seconds": 0.101, "argv": ["/home/runner/work/_temp/work/rt/cain-venv/bin/cain", "research", "dispatch", "--domain", "crypto", "--state", "/home/runner/work/_temp/work/soak/cain-state", "--spool", "/home/runner/work/_temp/work/soak/spool"], "fault_env": {}, "exit": 0}
--- stdout
{"action": "dispatched", "file": "crypto/tasks/TASK-abbc676c0e60f5af204c4a139f48c35c.json", "spool": "WRITTEN", "task_id": "crypto:TASK-abbc676c0e60f5af204c4a139f48c35c"}
--- stderr
--- end
{"n": 179, "label": "consumer llm 4", "at": "2026-09-28T18:08:12Z", "seconds": 0.412, "argv": ["/home/runner/work/_temp/work/rt/consumer-venv/bin/predictor-research-consumer", "--domain", "crypto", "--spool", "/home/runner/work/_temp/work/soak/spool", "--ledger", "/home/runner/work/_temp/work/soak/consumer/ledger.sqlite", "--state", "/home/runner/work/_temp/work/soak/domain-state", "--policy", "/home/runner/work/_temp/work/rt/op/policy.json", "--objects", "/home/runner/work/_temp/work/rt/op/objects"], "fault_env": {}, "exit": 0}
--- stdout
{"action": "skipped", "episode_id": "crypto:episode-1", "state": "TERMINAL_RESULT", "status": "RESULT", "task_id": "crypto:TASK-5a61224f3e2255c51110cfae4b996804"}
{"action": "skipped", "episode_id": "crypto:episode-3", "state": "TERMINAL_RESULT", "status": "DUPLICATE", "task_id": "crypto:TASK-ec6e000af508cc684f074d56cf1d65d4"}
{"action": "skipped", "episode_id": "crypto:episode-4", "state": "TERMINAL_RESULT", "status": "RESULT", "task_id": "crypto:TASK-c0756a400f58e2eb20df8cd25130c567"}
{"action": "skipped", "episode_id": "crypto:episode-6", "state": "TERMINAL_RESULT", "status": "RESULT", "task_id": "crypto:TASK-d367c7f0a69accff2e52948d85e2cfc9"}
{"action": "skipped", "episode_id": "crypto:episode-7", "state": "TERMINAL_RESULT", "status": "RESULT", "task_id": "crypto:TASK-44ab5a05adcbec305debd521451ac735"}
{"action": "skipped", "episode_id": "crypto:episode-9", "state": "TERMINAL_RESULT", "status": "DUPLICATE", "task_id": "crypto:TASK-14e7ea21534e45e23a4277dac60a4f2a"}
{"action": "skipped", "episode_id": "crypto:episode-10", "state": "TERMINAL_RESULT", "status": "RESULT", "task_id": "crypto:TASK-fa5b145dd0e59b9b1f3c53919c0aad7f"}
{"action": "skipped", "episode_id": "crypto:episode-11", "state": "TERMINAL_RESULT", "status": "RESULT", "task_id": "crypto:TASK-012f5d55aa3000fa92bce4a8de811193"}
{"action": "skipped", "episode_id": "crypto:episode-12", "state": "TERMINAL_RESULT", "status": "RESULT", "task_id": "crypto:TASK-8075320c169e3679d3da0cbf875ce83d"}
{"action": "skipped", "episode_id": "crypto:episode-14", "state": "TERMINAL_RESULT", "status": "DUPLICATE", "task_id": "crypto:TASK-e1b9c54ae66cb5429906c7192474f592"}
{"action": "skipped", "episode_id": "crypto:episode-15", "state": "TERMINAL_RESULT", "status": "RESULT", "task_id": "crypto:TASK-14a347da62048ed8c735e34ddf54bc5b"}
{"action": "skipped", "episode_id": "crypto:episode-16", "state": "TERMINAL_RESULT", "status": "RESULT", "task_id": "crypto:TASK-6e2d003552c4cdc6a185532267c5931f"}
{"action": "skipped", "episode_id": "crypto:episode-17", "state": "TERMINAL_RESULT", "status": "RESULT", "task_id": "crypto:TASK-a7ff76614894d1b4f94f3f4b8a493849"}
{"action": "skipped", "episode_id": "crypto:episode-19", "state": "TERMINAL_RESULT", "status": "DUPLICATE", "task_id": "crypto:TASK-c867e60770f59699273a55415d4bd298"}
{"action": "skipped", "episode_id": "crypto:episode-20", "state": "TERMINAL_RESULT", "status": "RESULT", "task_id": "crypto:TASK-4a37fd926277a3ef0cae079b96c2ce99"}
{"action": "skipped", "episode_id": "crypto:episode-21", "state": "TERMINAL_RESULT", "status": "RESULT", "task_id": "crypto:TASK-15d9723c7d6dd424375798ad8639ed70"}
{"action": "skipped", "episode_id": "crypto:episode-22", "state": "TERMINAL_RESULT", "status": "RESULT", "task_id": "crypto:TASK-6a7e5eb91676be82445c3c99937349f4"}
{"action": "skipped", "episode_id": "crypto:episode-24", "state": "TERMINAL_RESULT", "status": "DUPLICATE", "task_id": "crypto:TASK-717252ae1f67e55d82a5319735ab9c0a"}
{"action": "skipped", "episode_id": "crypto:episode-25", "state": "TERMINAL_RESULT", "status": "RESULT", "task_id": "crypto:TASK-27ade8a7380b708600b008ed8602d756"}
{"action": "skipped", "episode_id": "crypto:episode-26", "state": "TERMINAL_RESULT", "status": "RESULT", "task_id": "crypto:TASK-ea5906e4dd8b3897bd126c12da09efbc"}
{"action": "skipped", "episode_id": "crypto:episode-27", "state": "TERMINAL_RESULT", "status": "RESULT", "task_id": "crypto:TASK-a07a31993dffde0924b756f4d7c218cd"}
{"action": "skipped", "episode_id": "crypto:episode-29", "state": "TERMINAL_RESULT", "status": "DUPLICATE", "task_id": "crypto:TASK-23de132dc972ced56b70c4a05e035a61"}
{"action": "skipped", "episode_id": "crypto:episode-30", "state": "TERMINAL_RESULT", "status": "RESULT", "task_id": "crypto:TASK-5932298d6553097abf5fb756201e37ec"}
{"action": "skipped", "episode_id": "crypto:episode-31", "state": "TERMINAL_RESULT", "status": "RESULT", "task_id": "crypto:TASK-0c38ef914ce8c3fd60a9a6eb167b7690"}
{"action": "skipped", "episode_id": "crypto:episode-32", "state": "TERMINAL_RESULT", "status": "RESULT", "task_id": "crypto:TASK-67d48052afe60c95ef2286d46e3f3f2a"}
{"action": "skipped", "episode_id": "crypto:episode-33", "state": "TERMINAL_RESULT", "status": "RESULT", "task_id": "crypto:TASK-08a6e733c77e5f13f1632b309d91eb34"}
{"action": "skipped", "episode_id": "crypto:episode-34", "state": "TERMINAL_RESULT", "status": "RESULT", "task_id": "crypto:TASK-266d1014b4e5d3f6011b8cc0a9f72697"}
{"action": "delivered", "attempt": 1, "class": "TERMINAL_RESULT", "episode_id": "crypto:episode-35", "result_file": "crypto/results/TASK-abbc676c0e60f5af204c4a139f48c35c.b6eea0284af0ea84.json", "result_write": "WRITTEN", "status": "RESULT", "task_id": "crypto:TASK-abbc676c0e60f5af204c4a139f48c35c"}
--- stderr
{"duration_ms": 206, "event": "job_finished", "job_id": "crypto-research-72636ea3505e3a92a159840b", "level": "INFO", "run_id": "061768b8aeca4c928e077a3f75ba0b9c", "run_status": "SUCCEEDED", "service": "predictor_ops", "timestamp": "2026-09-28T18:08:12.914519Z"}
--- end
{"n": 180, "label": "ingest llm 4", "at": "2026-09-28T18:08:13Z", "seconds": 0.117, "argv": ["/home/runner/work/_temp/work/rt/cain-venv/bin/cain", "research", "ingest", "--domain", "crypto", "--state", "/home/runner/work/_temp/work/soak/cain-state", "--spool", "/home/runner/work/_temp/work/soak/spool"], "fault_env": {}, "exit": 0}
--- stdout
{"action": "duplicate", "file": "TASK-012f5d55aa3000fa92bce4a8de811193.f03a88a1b234ab62.json"}
{"action": "duplicate", "file": "TASK-08a6e733c77e5f13f1632b309d91eb34.7fbf02edd9ebee1e.json"}
{"action": "duplicate", "file": "TASK-0c38ef914ce8c3fd60a9a6eb167b7690.fd2ff2cd37252f13.json"}
{"action": "duplicate", "file": "TASK-14a347da62048ed8c735e34ddf54bc5b.b3697728625b7f81.json"}
{"action": "duplicate", "file": "TASK-14e7ea21534e45e23a4277dac60a4f2a.362eb9030a46ae8e.json"}
{"action": "duplicate", "file": "TASK-15d9723c7d6dd424375798ad8639ed70.89098dcc5884e843.json"}
{"action": "duplicate", "file": "TASK-15d9723c7d6dd424375798ad8639ed70.bd780b3a5c0ecddb.json"}
{"action": "duplicate", "file": "TASK-23de132dc972ced56b70c4a05e035a61.5a43754c6d5c52d4.json"}
{"action": "duplicate", "file": "TASK-266d1014b4e5d3f6011b8cc0a9f72697.c823277c83c80c62.json"}
{"action": "duplicate", "file": "TASK-27ade8a7380b708600b008ed8602d756.548c6e6fcf113cc0.json"}
{"action": "duplicate", "file": "TASK-44ab5a05adcbec305debd521451ac735.299b328a5b7b3530.json"}
{"action": "duplicate", "file": "TASK-4a37fd926277a3ef0cae079b96c2ce99.c18d0b47ba140e68.json"}
{"action": "duplicate", "file": "TASK-5932298d6553097abf5fb756201e37ec.ab3fbd9759f3f262.json"}
{"action": "duplicate", "file": "TASK-5a61224f3e2255c51110cfae4b996804.8ed028653ee08b24.json"}
{"action": "duplicate", "file": "TASK-67d48052afe60c95ef2286d46e3f3f2a.81f44e73d3ad003f.json"}
{"action": "duplicate", "file": "TASK-6a7e5eb91676be82445c3c99937349f4.9f9c5feaa59b3c67.json"}
{"action": "duplicate", "file": "TASK-6e2d003552c4cdc6a185532267c5931f.3e917293ff7f6c46.json"}
{"action": "duplicate", "file": "TASK-717252ae1f67e55d82a5319735ab9c0a.e75ed8da46b21442.json"}
{"action": "duplicate", "file": "TASK-8075320c169e3679d3da0cbf875ce83d.3d3b141a544007f6.json"}
{"action": "duplicate", "file": "TASK-a07a31993dffde0924b756f4d7c218cd.7c52c3f43479f241.json"}
{"action": "duplicate", "file": "TASK-a7ff76614894d1b4f94f3f4b8a493849.17ca57dcab21d0d6.json"}
{"action": "ingested", "class": "TERMINAL_RESULT", "fact": "fact:2a729cae2379410e9aa0da9b16410f54", "file": "TASK-abbc676c0e60f5af204c4a139f48c35c.b6eea0284af0ea84.json", "status": "RESULT", "task_id": "crypto:TASK-abbc676c0e60f5af204c4a139f48c35c"}
{"action": "duplicate", "file": "TASK-c0756a400f58e2eb20df8cd25130c567.f16ecae094bd6f23.json"}
{"action": "duplicate", "file": "TASK-c867e60770f59699273a55415d4bd298.ead37dcc3f188ad3.json"}
{"action": "duplicate", "file": "TASK-d367c7f0a69accff2e52948d85e2cfc9.4e6a1f5401af1748.json"}
{"action": "duplicate", "file": "TASK-d367c7f0a69accff2e52948d85e2cfc9.ea2062ab82f012d7.json"}
{"action": "duplicate", "file": "TASK-e1b9c54ae66cb5429906c7192474f592.e00bc787dab74447.json"}
{"action": "duplicate", "file": "TASK-ea5906e4dd8b3897bd126c12da09efbc.38ef198e6e27358a.json"}
{"action": "duplicate", "file": "TASK-ec6e000af508cc684f074d56cf1d65d4.b881328d94ee8f91.json"}
{"action": "duplicate", "file": "TASK-fa5b145dd0e59b9b1f3c53919c0aad7f.c2de4272d33bfb49.json"}
{"action": "skipped", "code": "DOMAIN_MISMATCH", "file": "interleaved-003-stocks.json", "state": "REJECTED"}
{"action": "skipped", "code": "DOMAIN_MISMATCH", "file": "interleaved-007-brasileirao.json", "state": "REJECTED"}
{"action": "skipped", "code": "DOMAIN_MISMATCH", "file": "interleaved-011-stocks.json", "state": "REJECTED"}
{"action": "skipped", "code": "DOMAIN_MISMATCH", "file": "interleaved-015-brasileirao.json", "state": "REJECTED"}
{"action": "skipped", "code": "DOMAIN_MISMATCH", "file": "interleaved-019-stocks.json", "state": "REJECTED"}
{"action": "skipped", "code": "DOMAIN_MISMATCH", "file": "interleaved-023-brasileirao.json", "state": "REJECTED"}
{"action": "duplicate", "file": "redelivered-001-TASK-5a61224f3e2255c51110cfae4b996804.8ed028653ee08b24.json"}
{"action": "duplicate", "file": "redelivered-005-TASK-44ab5a05adcbec305debd521451ac735.299b328a5b7b3530.json"}
{"action": "duplicate", "file": "redelivered-009-TASK-8075320c169e3679d3da0cbf875ce83d.3d3b141a544007f6.json"}
{"action": "duplicate", "file": "redelivered-013-TASK-a7ff76614894d1b4f94f3f4b8a493849.17ca57dcab21d0d6.json"}
{"action": "duplicate", "file": "redelivered-017-TASK-6a7e5eb91676be82445c3c99937349f4.9f9c5feaa59b3c67.json"}
{"action": "duplicate", "file": "redelivered-021-TASK-a07a31993dffde0924b756f4d7c218cd.7c52c3f43479f241.json"}
--- stderr
--- end
{"n": 181, "label": "llm proposal 5", "at": "2026-09-28T18:08:29Z", "seconds": 16.631, "argv": ["/home/runner/work/_temp/work/rt/cain-venv/bin/cain", "research", "explain", "proximo experimento 5", "--propose-for-domain", "crypto", "--state", "/home/runner/work/_temp/work/soak/cain-state", "--proposal-out", "/home/runner/work/_temp/work/soak/proposals/llm-5.json", "--proposal-id", "cain:SOAK-LLM-5", "--config", "/home/runner/work/_temp/work/soak/cain-llm.toml"], "fault_env": {}, "exit": 0}
--- stdout
{"audit": "/home/runner/work/_temp/work/soak/proposals/llm-5.audit.json", "hypothesis_id": "crypto:QUAL-SHADOW-REAL-002", "model": {"digest": "a8b0c51577010a279d933d14c2a8ab4b268079d44c5c8830c0a93900f1827c67", "model": "qwen2.5:0.5b", "provider": "OllamaLLM"}, "proposal": "/home/runner/work/_temp/work/soak/proposals/llm-5.json", "rationale_check": {"count_mismatches": [], "eligibility_mismatches": [], "mentioned": [], "refusal_mismatches": [], "without_evidence": []}}
--- stderr
--- end
{"n": 182, "label": "propose llm 5", "at": "2026-09-28T18:08:29Z", "seconds": 0.109, "argv": ["/home/runner/work/_temp/work/rt/cain-venv/bin/cain", "research", "propose", "--domain", "crypto", "--state", "/home/runner/work/_temp/work/soak/cain-state", "--proposal", "/home/runner/work/_temp/work/soak/proposals/llm-5.json", "--as-of", "2026-09-28T18:08:29Z"], "fault_env": {}, "exit": 0}
--- stdout
{"decision": "ALLOW", "episode_id": "crypto:episode-36", "reason_code": "ALLOWED", "receipt_sha256": "c5dbe5638b932cfd8919ddb14d0fba850527680680cde156ad0dfcadbcffd881", "rule": "R14", "status": "RECORDED", "task": {"payload_sha256": "d21d0aab991c8d86ba71cd15573c42a5223dc1ade2982d82a598ac2eaceafccb", "previous_task_id": "crypto:TASK-abbc676c0e60f5af204c4a139f48c35c", "task_id": "crypto:TASK-b72d6de09b2e25e714298fcc3af4304d"}}
--- stderr
--- end
{"n": 183, "label": "dispatch llm 5", "at": "2026-09-28T18:08:29Z", "seconds": 0.104, "argv": ["/home/runner/work/_temp/work/rt/cain-venv/bin/cain", "research", "dispatch", "--domain", "crypto", "--state", "/home/runner/work/_temp/work/soak/cain-state", "--spool", "/home/runner/work/_temp/work/soak/spool"], "fault_env": {}, "exit": 0}
--- stdout
{"action": "dispatched", "file": "crypto/tasks/TASK-b72d6de09b2e25e714298fcc3af4304d.json", "spool": "WRITTEN", "task_id": "crypto:TASK-b72d6de09b2e25e714298fcc3af4304d"}
--- stderr
--- end
{"n": 184, "label": "consumer llm 5", "at": "2026-09-28T18:08:30Z", "seconds": 0.415, "argv": ["/home/runner/work/_temp/work/rt/consumer-venv/bin/predictor-research-consumer", "--domain", "crypto", "--spool", "/home/runner/work/_temp/work/soak/spool", "--ledger", "/home/runner/work/_temp/work/soak/consumer/ledger.sqlite", "--state", "/home/runner/work/_temp/work/soak/domain-state", "--policy", "/home/runner/work/_temp/work/rt/op/policy.json", "--objects", "/home/runner/work/_temp/work/rt/op/objects"], "fault_env": {}, "exit": 0}
--- stdout
{"action": "skipped", "episode_id": "crypto:episode-1", "state": "TERMINAL_RESULT", "status": "RESULT", "task_id": "crypto:TASK-5a61224f3e2255c51110cfae4b996804"}
{"action": "skipped", "episode_id": "crypto:episode-3", "state": "TERMINAL_RESULT", "status": "DUPLICATE", "task_id": "crypto:TASK-ec6e000af508cc684f074d56cf1d65d4"}
{"action": "skipped", "episode_id": "crypto:episode-4", "state": "TERMINAL_RESULT", "status": "RESULT", "task_id": "crypto:TASK-c0756a400f58e2eb20df8cd25130c567"}
{"action": "skipped", "episode_id": "crypto:episode-6", "state": "TERMINAL_RESULT", "status": "RESULT", "task_id": "crypto:TASK-d367c7f0a69accff2e52948d85e2cfc9"}
{"action": "skipped", "episode_id": "crypto:episode-7", "state": "TERMINAL_RESULT", "status": "RESULT", "task_id": "crypto:TASK-44ab5a05adcbec305debd521451ac735"}
{"action": "skipped", "episode_id": "crypto:episode-9", "state": "TERMINAL_RESULT", "status": "DUPLICATE", "task_id": "crypto:TASK-14e7ea21534e45e23a4277dac60a4f2a"}
{"action": "skipped", "episode_id": "crypto:episode-10", "state": "TERMINAL_RESULT", "status": "RESULT", "task_id": "crypto:TASK-fa5b145dd0e59b9b1f3c53919c0aad7f"}
{"action": "skipped", "episode_id": "crypto:episode-11", "state": "TERMINAL_RESULT", "status": "RESULT", "task_id": "crypto:TASK-012f5d55aa3000fa92bce4a8de811193"}
{"action": "skipped", "episode_id": "crypto:episode-12", "state": "TERMINAL_RESULT", "status": "RESULT", "task_id": "crypto:TASK-8075320c169e3679d3da0cbf875ce83d"}
{"action": "skipped", "episode_id": "crypto:episode-14", "state": "TERMINAL_RESULT", "status": "DUPLICATE", "task_id": "crypto:TASK-e1b9c54ae66cb5429906c7192474f592"}
{"action": "skipped", "episode_id": "crypto:episode-15", "state": "TERMINAL_RESULT", "status": "RESULT", "task_id": "crypto:TASK-14a347da62048ed8c735e34ddf54bc5b"}
{"action": "skipped", "episode_id": "crypto:episode-16", "state": "TERMINAL_RESULT", "status": "RESULT", "task_id": "crypto:TASK-6e2d003552c4cdc6a185532267c5931f"}
{"action": "skipped", "episode_id": "crypto:episode-17", "state": "TERMINAL_RESULT", "status": "RESULT", "task_id": "crypto:TASK-a7ff76614894d1b4f94f3f4b8a493849"}
{"action": "skipped", "episode_id": "crypto:episode-19", "state": "TERMINAL_RESULT", "status": "DUPLICATE", "task_id": "crypto:TASK-c867e60770f59699273a55415d4bd298"}
{"action": "skipped", "episode_id": "crypto:episode-20", "state": "TERMINAL_RESULT", "status": "RESULT", "task_id": "crypto:TASK-4a37fd926277a3ef0cae079b96c2ce99"}
{"action": "skipped", "episode_id": "crypto:episode-21", "state": "TERMINAL_RESULT", "status": "RESULT", "task_id": "crypto:TASK-15d9723c7d6dd424375798ad8639ed70"}
{"action": "skipped", "episode_id": "crypto:episode-22", "state": "TERMINAL_RESULT", "status": "RESULT", "task_id": "crypto:TASK-6a7e5eb91676be82445c3c99937349f4"}
{"action": "skipped", "episode_id": "crypto:episode-24", "state": "TERMINAL_RESULT", "status": "DUPLICATE", "task_id": "crypto:TASK-717252ae1f67e55d82a5319735ab9c0a"}
{"action": "skipped", "episode_id": "crypto:episode-25", "state": "TERMINAL_RESULT", "status": "RESULT", "task_id": "crypto:TASK-27ade8a7380b708600b008ed8602d756"}
{"action": "skipped", "episode_id": "crypto:episode-26", "state": "TERMINAL_RESULT", "status": "RESULT", "task_id": "crypto:TASK-ea5906e4dd8b3897bd126c12da09efbc"}
{"action": "skipped", "episode_id": "crypto:episode-27", "state": "TERMINAL_RESULT", "status": "RESULT", "task_id": "crypto:TASK-a07a31993dffde0924b756f4d7c218cd"}
{"action": "skipped", "episode_id": "crypto:episode-29", "state": "TERMINAL_RESULT", "status": "DUPLICATE", "task_id": "crypto:TASK-23de132dc972ced56b70c4a05e035a61"}
{"action": "skipped", "episode_id": "crypto:episode-30", "state": "TERMINAL_RESULT", "status": "RESULT", "task_id": "crypto:TASK-5932298d6553097abf5fb756201e37ec"}
{"action": "skipped", "episode_id": "crypto:episode-31", "state": "TERMINAL_RESULT", "status": "RESULT", "task_id": "crypto:TASK-0c38ef914ce8c3fd60a9a6eb167b7690"}
{"action": "skipped", "episode_id": "crypto:episode-32", "state": "TERMINAL_RESULT", "status": "RESULT", "task_id": "crypto:TASK-67d48052afe60c95ef2286d46e3f3f2a"}
{"action": "skipped", "episode_id": "crypto:episode-33", "state": "TERMINAL_RESULT", "status": "RESULT", "task_id": "crypto:TASK-08a6e733c77e5f13f1632b309d91eb34"}
{"action": "skipped", "episode_id": "crypto:episode-34", "state": "TERMINAL_RESULT", "status": "RESULT", "task_id": "crypto:TASK-266d1014b4e5d3f6011b8cc0a9f72697"}
{"action": "skipped", "episode_id": "crypto:episode-35", "state": "TERMINAL_RESULT", "status": "RESULT", "task_id": "crypto:TASK-abbc676c0e60f5af204c4a139f48c35c"}
{"action": "delivered", "attempt": 1, "class": "TERMINAL_RESULT", "episode_id": "crypto:episode-36", "result_file": "crypto/results/TASK-b72d6de09b2e25e714298fcc3af4304d.89ce802a9a62408f.json", "result_write": "WRITTEN", "status": "RESULT", "task_id": "crypto:TASK-b72d6de09b2e25e714298fcc3af4304d"}
--- stderr
{"duration_ms": 206, "event": "job_finished", "job_id": "crypto-research-c14076c1306d48df0505acbb", "level": "INFO", "run_id": "0088ed92425c4f45af2c93c10aeb42c7", "run_status": "SUCCEEDED", "service": "predictor_ops", "timestamp": "2026-09-28T18:08:30.292536Z"}
--- end
{"n": 185, "label": "ingest llm 5", "at": "2026-09-28T18:08:30Z", "seconds": 0.11, "argv": ["/home/runner/work/_temp/work/rt/cain-venv/bin/cain", "research", "ingest", "--domain", "crypto", "--state", "/home/runner/work/_temp/work/soak/cain-state", "--spool", "/home/runner/work/_temp/work/soak/spool"], "fault_env": {}, "exit": 0}
--- stdout
{"action": "duplicate", "file": "TASK-012f5d55aa3000fa92bce4a8de811193.f03a88a1b234ab62.json"}
{"action": "duplicate", "file": "TASK-08a6e733c77e5f13f1632b309d91eb34.7fbf02edd9ebee1e.json"}
{"action": "duplicate", "file": "TASK-0c38ef914ce8c3fd60a9a6eb167b7690.fd2ff2cd37252f13.json"}
{"action": "duplicate", "file": "TASK-14a347da62048ed8c735e34ddf54bc5b.b3697728625b7f81.json"}
{"action": "duplicate", "file": "TASK-14e7ea21534e45e23a4277dac60a4f2a.362eb9030a46ae8e.json"}
{"action": "duplicate", "file": "TASK-15d9723c7d6dd424375798ad8639ed70.89098dcc5884e843.json"}
{"action": "duplicate", "file": "TASK-15d9723c7d6dd424375798ad8639ed70.bd780b3a5c0ecddb.json"}
{"action": "duplicate", "file": "TASK-23de132dc972ced56b70c4a05e035a61.5a43754c6d5c52d4.json"}
{"action": "duplicate", "file": "TASK-266d1014b4e5d3f6011b8cc0a9f72697.c823277c83c80c62.json"}
{"action": "duplicate", "file": "TASK-27ade8a7380b708600b008ed8602d756.548c6e6fcf113cc0.json"}
{"action": "duplicate", "file": "TASK-44ab5a05adcbec305debd521451ac735.299b328a5b7b3530.json"}
{"action": "duplicate", "file": "TASK-4a37fd926277a3ef0cae079b96c2ce99.c18d0b47ba140e68.json"}
{"action": "duplicate", "file": "TASK-5932298d6553097abf5fb756201e37ec.ab3fbd9759f3f262.json"}
{"action": "duplicate", "file": "TASK-5a61224f3e2255c51110cfae4b996804.8ed028653ee08b24.json"}
{"action": "duplicate", "file": "TASK-67d48052afe60c95ef2286d46e3f3f2a.81f44e73d3ad003f.json"}
{"action": "duplicate", "file": "TASK-6a7e5eb91676be82445c3c99937349f4.9f9c5feaa59b3c67.json"}
{"action": "duplicate", "file": "TASK-6e2d003552c4cdc6a185532267c5931f.3e917293ff7f6c46.json"}
{"action": "duplicate", "file": "TASK-717252ae1f67e55d82a5319735ab9c0a.e75ed8da46b21442.json"}
{"action": "duplicate", "file": "TASK-8075320c169e3679d3da0cbf875ce83d.3d3b141a544007f6.json"}
{"action": "duplicate", "file": "TASK-a07a31993dffde0924b756f4d7c218cd.7c52c3f43479f241.json"}
{"action": "duplicate", "file": "TASK-a7ff76614894d1b4f94f3f4b8a493849.17ca57dcab21d0d6.json"}
{"action": "duplicate", "file": "TASK-abbc676c0e60f5af204c4a139f48c35c.b6eea0284af0ea84.json"}
{"action": "ingested", "class": "TERMINAL_RESULT", "fact": "fact:ca2aa3c6cae247a8afad99480af9738b", "file": "TASK-b72d6de09b2e25e714298fcc3af4304d.89ce802a9a62408f.json", "status": "RESULT", "task_id": "crypto:TASK-b72d6de09b2e25e714298fcc3af4304d"}
{"action": "duplicate", "file": "TASK-c0756a400f58e2eb20df8cd25130c567.f16ecae094bd6f23.json"}
{"action": "duplicate", "file": "TASK-c867e60770f59699273a55415d4bd298.ead37dcc3f188ad3.json"}
{"action": "duplicate", "file": "TASK-d367c7f0a69accff2e52948d85e2cfc9.4e6a1f5401af1748.json"}
{"action": "duplicate", "file": "TASK-d367c7f0a69accff2e52948d85e2cfc9.ea2062ab82f012d7.json"}
{"action": "duplicate", "file": "TASK-e1b9c54ae66cb5429906c7192474f592.e00bc787dab74447.json"}
{"action": "duplicate", "file": "TASK-ea5906e4dd8b3897bd126c12da09efbc.38ef198e6e27358a.json"}
{"action": "duplicate", "file": "TASK-ec6e000af508cc684f074d56cf1d65d4.b881328d94ee8f91.json"}
{"action": "duplicate", "file": "TASK-fa5b145dd0e59b9b1f3c53919c0aad7f.c2de4272d33bfb49.json"}
{"action": "skipped", "code": "DOMAIN_MISMATCH", "file": "interleaved-003-stocks.json", "state": "REJECTED"}
{"action": "skipped", "code": "DOMAIN_MISMATCH", "file": "interleaved-007-brasileirao.json", "state": "REJECTED"}
{"action": "skipped", "code": "DOMAIN_MISMATCH", "file": "interleaved-011-stocks.json", "state": "REJECTED"}
{"action": "skipped", "code": "DOMAIN_MISMATCH", "file": "interleaved-015-brasileirao.json", "state": "REJECTED"}
{"action": "skipped", "code": "DOMAIN_MISMATCH", "file": "interleaved-019-stocks.json", "state": "REJECTED"}
{"action": "skipped", "code": "DOMAIN_MISMATCH", "file": "interleaved-023-brasileirao.json", "state": "REJECTED"}
{"action": "duplicate", "file": "redelivered-001-TASK-5a61224f3e2255c51110cfae4b996804.8ed028653ee08b24.json"}
{"action": "duplicate", "file": "redelivered-005-TASK-44ab5a05adcbec305debd521451ac735.299b328a5b7b3530.json"}
{"action": "duplicate", "file": "redelivered-009-TASK-8075320c169e3679d3da0cbf875ce83d.3d3b141a544007f6.json"}
{"action": "duplicate", "file": "redelivered-013-TASK-a7ff76614894d1b4f94f3f4b8a493849.17ca57dcab21d0d6.json"}
{"action": "duplicate", "file": "redelivered-017-TASK-6a7e5eb91676be82445c3c99937349f4.9f9c5feaa59b3c67.json"}
{"action": "duplicate", "file": "redelivered-021-TASK-a07a31993dffde0924b756f4d7c218cd.7c52c3f43479f241.json"}
--- stderr
--- end
{"n": 186, "label": "llm proposal 6", "at": "2026-09-28T18:08:47Z", "seconds": 17.26, "argv": ["/home/runner/work/_temp/work/rt/cain-venv/bin/cain", "research", "explain", "proximo experimento 6", "--propose-for-domain", "crypto", "--state", "/home/runner/work/_temp/work/soak/cain-state", "--proposal-out", "/home/runner/work/_temp/work/soak/proposals/llm-6.json", "--proposal-id", "cain:SOAK-LLM-6", "--config", "/home/runner/work/_temp/work/soak/cain-llm.toml"], "fault_env": {}, "exit": 0}
--- stdout
{"audit": "/home/runner/work/_temp/work/soak/proposals/llm-6.audit.json", "hypothesis_id": "crypto:QUAL-SHADOW-REAL-003", "model": {"digest": "a8b0c51577010a279d933d14c2a8ab4b268079d44c5c8830c0a93900f1827c67", "model": "qwen2.5:0.5b", "provider": "OllamaLLM"}, "proposal": "/home/runner/work/_temp/work/soak/proposals/llm-6.json", "rationale_check": {"count_mismatches": [], "eligibility_mismatches": [], "mentioned": [], "refusal_mismatches": [], "without_evidence": []}}
--- stderr
--- end
{"n": 187, "label": "propose llm 6", "at": "2026-09-28T18:08:47Z", "seconds": 0.124, "argv": ["/home/runner/work/_temp/work/rt/cain-venv/bin/cain", "research", "propose", "--domain", "crypto", "--state", "/home/runner/work/_temp/work/soak/cain-state", "--proposal", "/home/runner/work/_temp/work/soak/proposals/llm-6.json", "--as-of", "2026-09-28T18:08:47Z"], "fault_env": {}, "exit": 0}
--- stdout
{"decision": "ALLOW", "episode_id": "crypto:episode-37", "reason_code": "ALLOWED", "receipt_sha256": "efa8fa4d1daa5e70bb21de257d3f3b5ca7a05ee7ddc28c5430d6a0ad843d6a42", "rule": "R14", "status": "RECORDED", "task": {"payload_sha256": "c100a8e3f3241bf35b84d1300598ad287c241b9080ebd39e3cca9db51278fbb3", "previous_task_id": "crypto:TASK-b72d6de09b2e25e714298fcc3af4304d", "task_id": "crypto:TASK-2cdb932e1c13ccb07f0d8df03548819d"}}
--- stderr
--- end
{"n": 188, "label": "dispatch llm 6", "at": "2026-09-28T18:08:47Z", "seconds": 0.101, "argv": ["/home/runner/work/_temp/work/rt/cain-venv/bin/cain", "research", "dispatch", "--domain", "crypto", "--state", "/home/runner/work/_temp/work/soak/cain-state", "--spool", "/home/runner/work/_temp/work/soak/spool"], "fault_env": {}, "exit": 0}
--- stdout
{"action": "dispatched", "file": "crypto/tasks/TASK-2cdb932e1c13ccb07f0d8df03548819d.json", "spool": "WRITTEN", "task_id": "crypto:TASK-2cdb932e1c13ccb07f0d8df03548819d"}
--- stderr
--- end
{"n": 189, "label": "consumer llm 6", "at": "2026-09-28T18:08:48Z", "seconds": 0.416, "argv": ["/home/runner/work/_temp/work/rt/consumer-venv/bin/predictor-research-consumer", "--domain", "crypto", "--spool", "/home/runner/work/_temp/work/soak/spool", "--ledger", "/home/runner/work/_temp/work/soak/consumer/ledger.sqlite", "--state", "/home/runner/work/_temp/work/soak/domain-state", "--policy", "/home/runner/work/_temp/work/rt/op/policy.json", "--objects", "/home/runner/work/_temp/work/rt/op/objects"], "fault_env": {}, "exit": 0}
--- stdout
{"action": "skipped", "episode_id": "crypto:episode-1", "state": "TERMINAL_RESULT", "status": "RESULT", "task_id": "crypto:TASK-5a61224f3e2255c51110cfae4b996804"}
{"action": "skipped", "episode_id": "crypto:episode-3", "state": "TERMINAL_RESULT", "status": "DUPLICATE", "task_id": "crypto:TASK-ec6e000af508cc684f074d56cf1d65d4"}
{"action": "skipped", "episode_id": "crypto:episode-4", "state": "TERMINAL_RESULT", "status": "RESULT", "task_id": "crypto:TASK-c0756a400f58e2eb20df8cd25130c567"}
{"action": "skipped", "episode_id": "crypto:episode-6", "state": "TERMINAL_RESULT", "status": "RESULT", "task_id": "crypto:TASK-d367c7f0a69accff2e52948d85e2cfc9"}
{"action": "skipped", "episode_id": "crypto:episode-7", "state": "TERMINAL_RESULT", "status": "RESULT", "task_id": "crypto:TASK-44ab5a05adcbec305debd521451ac735"}
{"action": "skipped", "episode_id": "crypto:episode-9", "state": "TERMINAL_RESULT", "status": "DUPLICATE", "task_id": "crypto:TASK-14e7ea21534e45e23a4277dac60a4f2a"}
{"action": "skipped", "episode_id": "crypto:episode-10", "state": "TERMINAL_RESULT", "status": "RESULT", "task_id": "crypto:TASK-fa5b145dd0e59b9b1f3c53919c0aad7f"}
{"action": "skipped", "episode_id": "crypto:episode-11", "state": "TERMINAL_RESULT", "status": "RESULT", "task_id": "crypto:TASK-012f5d55aa3000fa92bce4a8de811193"}
{"action": "skipped", "episode_id": "crypto:episode-12", "state": "TERMINAL_RESULT", "status": "RESULT", "task_id": "crypto:TASK-8075320c169e3679d3da0cbf875ce83d"}
{"action": "skipped", "episode_id": "crypto:episode-14", "state": "TERMINAL_RESULT", "status": "DUPLICATE", "task_id": "crypto:TASK-e1b9c54ae66cb5429906c7192474f592"}
{"action": "skipped", "episode_id": "crypto:episode-15", "state": "TERMINAL_RESULT", "status": "RESULT", "task_id": "crypto:TASK-14a347da62048ed8c735e34ddf54bc5b"}
{"action": "skipped", "episode_id": "crypto:episode-16", "state": "TERMINAL_RESULT", "status": "RESULT", "task_id": "crypto:TASK-6e2d003552c4cdc6a185532267c5931f"}
{"action": "skipped", "episode_id": "crypto:episode-17", "state": "TERMINAL_RESULT", "status": "RESULT", "task_id": "crypto:TASK-a7ff76614894d1b4f94f3f4b8a493849"}
{"action": "skipped", "episode_id": "crypto:episode-19", "state": "TERMINAL_RESULT", "status": "DUPLICATE", "task_id": "crypto:TASK-c867e60770f59699273a55415d4bd298"}
{"action": "skipped", "episode_id": "crypto:episode-20", "state": "TERMINAL_RESULT", "status": "RESULT", "task_id": "crypto:TASK-4a37fd926277a3ef0cae079b96c2ce99"}
{"action": "skipped", "episode_id": "crypto:episode-21", "state": "TERMINAL_RESULT", "status": "RESULT", "task_id": "crypto:TASK-15d9723c7d6dd424375798ad8639ed70"}
{"action": "skipped", "episode_id": "crypto:episode-22", "state": "TERMINAL_RESULT", "status": "RESULT", "task_id": "crypto:TASK-6a7e5eb91676be82445c3c99937349f4"}
{"action": "skipped", "episode_id": "crypto:episode-24", "state": "TERMINAL_RESULT", "status": "DUPLICATE", "task_id": "crypto:TASK-717252ae1f67e55d82a5319735ab9c0a"}
{"action": "skipped", "episode_id": "crypto:episode-25", "state": "TERMINAL_RESULT", "status": "RESULT", "task_id": "crypto:TASK-27ade8a7380b708600b008ed8602d756"}
{"action": "skipped", "episode_id": "crypto:episode-26", "state": "TERMINAL_RESULT", "status": "RESULT", "task_id": "crypto:TASK-ea5906e4dd8b3897bd126c12da09efbc"}
{"action": "skipped", "episode_id": "crypto:episode-27", "state": "TERMINAL_RESULT", "status": "RESULT", "task_id": "crypto:TASK-a07a31993dffde0924b756f4d7c218cd"}
{"action": "skipped", "episode_id": "crypto:episode-29", "state": "TERMINAL_RESULT", "status": "DUPLICATE", "task_id": "crypto:TASK-23de132dc972ced56b70c4a05e035a61"}
{"action": "skipped", "episode_id": "crypto:episode-30", "state": "TERMINAL_RESULT", "status": "RESULT", "task_id": "crypto:TASK-5932298d6553097abf5fb756201e37ec"}
{"action": "skipped", "episode_id": "crypto:episode-31", "state": "TERMINAL_RESULT", "status": "RESULT", "task_id": "crypto:TASK-0c38ef914ce8c3fd60a9a6eb167b7690"}
{"action": "skipped", "episode_id": "crypto:episode-32", "state": "TERMINAL_RESULT", "status": "RESULT", "task_id": "crypto:TASK-67d48052afe60c95ef2286d46e3f3f2a"}
{"action": "skipped", "episode_id": "crypto:episode-33", "state": "TERMINAL_RESULT", "status": "RESULT", "task_id": "crypto:TASK-08a6e733c77e5f13f1632b309d91eb34"}
{"action": "skipped", "episode_id": "crypto:episode-34", "state": "TERMINAL_RESULT", "status": "RESULT", "task_id": "crypto:TASK-266d1014b4e5d3f6011b8cc0a9f72697"}
{"action": "skipped", "episode_id": "crypto:episode-35", "state": "TERMINAL_RESULT", "status": "RESULT", "task_id": "crypto:TASK-abbc676c0e60f5af204c4a139f48c35c"}
{"action": "skipped", "episode_id": "crypto:episode-36", "state": "TERMINAL_RESULT", "status": "RESULT", "task_id": "crypto:TASK-b72d6de09b2e25e714298fcc3af4304d"}
{"action": "delivered", "attempt": 1, "class": "TERMINAL_RESULT", "episode_id": "crypto:episode-37", "result_file": "crypto/results/TASK-2cdb932e1c13ccb07f0d8df03548819d.006a3d2483430832.json", "result_write": "WRITTEN", "status": "RESULT", "task_id": "crypto:TASK-2cdb932e1c13ccb07f0d8df03548819d"}
--- stderr
{"duration_ms": 206, "event": "job_finished", "job_id": "crypto-research-4fafc2657ba925e733c62ebe", "level": "INFO", "run_id": "fa913299a021495eabbc01357f209778", "run_status": "SUCCEEDED", "service": "predictor_ops", "timestamp": "2026-09-28T18:08:48.304789Z"}
--- end
{"n": 190, "label": "ingest llm 6", "at": "2026-09-28T18:08:48Z", "seconds": 0.113, "argv": ["/home/runner/work/_temp/work/rt/cain-venv/bin/cain", "research", "ingest", "--domain", "crypto", "--state", "/home/runner/work/_temp/work/soak/cain-state", "--spool", "/home/runner/work/_temp/work/soak/spool"], "fault_env": {}, "exit": 0}
--- stdout
{"action": "duplicate", "file": "TASK-012f5d55aa3000fa92bce4a8de811193.f03a88a1b234ab62.json"}
{"action": "duplicate", "file": "TASK-08a6e733c77e5f13f1632b309d91eb34.7fbf02edd9ebee1e.json"}
{"action": "duplicate", "file": "TASK-0c38ef914ce8c3fd60a9a6eb167b7690.fd2ff2cd37252f13.json"}
{"action": "duplicate", "file": "TASK-14a347da62048ed8c735e34ddf54bc5b.b3697728625b7f81.json"}
{"action": "duplicate", "file": "TASK-14e7ea21534e45e23a4277dac60a4f2a.362eb9030a46ae8e.json"}
{"action": "duplicate", "file": "TASK-15d9723c7d6dd424375798ad8639ed70.89098dcc5884e843.json"}
{"action": "duplicate", "file": "TASK-15d9723c7d6dd424375798ad8639ed70.bd780b3a5c0ecddb.json"}
{"action": "duplicate", "file": "TASK-23de132dc972ced56b70c4a05e035a61.5a43754c6d5c52d4.json"}
{"action": "duplicate", "file": "TASK-266d1014b4e5d3f6011b8cc0a9f72697.c823277c83c80c62.json"}
{"action": "duplicate", "file": "TASK-27ade8a7380b708600b008ed8602d756.548c6e6fcf113cc0.json"}
{"action": "ingested", "class": "TERMINAL_RESULT", "fact": "fact:2f2098afeda342dc8e0285dc60ebe1ed", "file": "TASK-2cdb932e1c13ccb07f0d8df03548819d.006a3d2483430832.json", "status": "RESULT", "task_id": "crypto:TASK-2cdb932e1c13ccb07f0d8df03548819d"}
{"action": "duplicate", "file": "TASK-44ab5a05adcbec305debd521451ac735.299b328a5b7b3530.json"}
{"action": "duplicate", "file": "TASK-4a37fd926277a3ef0cae079b96c2ce99.c18d0b47ba140e68.json"}
{"action": "duplicate", "file": "TASK-5932298d6553097abf5fb756201e37ec.ab3fbd9759f3f262.json"}
{"action": "duplicate", "file": "TASK-5a61224f3e2255c51110cfae4b996804.8ed028653ee08b24.json"}
{"action": "duplicate", "file": "TASK-67d48052afe60c95ef2286d46e3f3f2a.81f44e73d3ad003f.json"}
{"action": "duplicate", "file": "TASK-6a7e5eb91676be82445c3c99937349f4.9f9c5feaa59b3c67.json"}
{"action": "duplicate", "file": "TASK-6e2d003552c4cdc6a185532267c5931f.3e917293ff7f6c46.json"}
{"action": "duplicate", "file": "TASK-717252ae1f67e55d82a5319735ab9c0a.e75ed8da46b21442.json"}
{"action": "duplicate", "file": "TASK-8075320c169e3679d3da0cbf875ce83d.3d3b141a544007f6.json"}
{"action": "duplicate", "file": "TASK-a07a31993dffde0924b756f4d7c218cd.7c52c3f43479f241.json"}
{"action": "duplicate", "file": "TASK-a7ff76614894d1b4f94f3f4b8a493849.17ca57dcab21d0d6.json"}
{"action": "duplicate", "file": "TASK-abbc676c0e60f5af204c4a139f48c35c.b6eea0284af0ea84.json"}
{"action": "duplicate", "file": "TASK-b72d6de09b2e25e714298fcc3af4304d.89ce802a9a62408f.json"}
{"action": "duplicate", "file": "TASK-c0756a400f58e2eb20df8cd25130c567.f16ecae094bd6f23.json"}
{"action": "duplicate", "file": "TASK-c867e60770f59699273a55415d4bd298.ead37dcc3f188ad3.json"}
{"action": "duplicate", "file": "TASK-d367c7f0a69accff2e52948d85e2cfc9.4e6a1f5401af1748.json"}
{"action": "duplicate", "file": "TASK-d367c7f0a69accff2e52948d85e2cfc9.ea2062ab82f012d7.json"}
{"action": "duplicate", "file": "TASK-e1b9c54ae66cb5429906c7192474f592.e00bc787dab74447.json"}
{"action": "duplicate", "file": "TASK-ea5906e4dd8b3897bd126c12da09efbc.38ef198e6e27358a.json"}
{"action": "duplicate", "file": "TASK-ec6e000af508cc684f074d56cf1d65d4.b881328d94ee8f91.json"}
{"action": "duplicate", "file": "TASK-fa5b145dd0e59b9b1f3c53919c0aad7f.c2de4272d33bfb49.json"}
{"action": "skipped", "code": "DOMAIN_MISMATCH", "file": "interleaved-003-stocks.json", "state": "REJECTED"}
{"action": "skipped", "code": "DOMAIN_MISMATCH", "file": "interleaved-007-brasileirao.json", "state": "REJECTED"}
{"action": "skipped", "code": "DOMAIN_MISMATCH", "file": "interleaved-011-stocks.json", "state": "REJECTED"}
{"action": "skipped", "code": "DOMAIN_MISMATCH", "file": "interleaved-015-brasileirao.json", "state": "REJECTED"}
{"action": "skipped", "code": "DOMAIN_MISMATCH", "file": "interleaved-019-stocks.json", "state": "REJECTED"}
{"action": "skipped", "code": "DOMAIN_MISMATCH", "file": "interleaved-023-brasileirao.json", "state": "REJECTED"}
{"action": "duplicate", "file": "redelivered-001-TASK-5a61224f3e2255c51110cfae4b996804.8ed028653ee08b24.json"}
{"action": "duplicate", "file": "redelivered-005-TASK-44ab5a05adcbec305debd521451ac735.299b328a5b7b3530.json"}
{"action": "duplicate", "file": "redelivered-009-TASK-8075320c169e3679d3da0cbf875ce83d.3d3b141a544007f6.json"}
{"action": "duplicate", "file": "redelivered-013-TASK-a7ff76614894d1b4f94f3f4b8a493849.17ca57dcab21d0d6.json"}
{"action": "duplicate", "file": "redelivered-017-TASK-6a7e5eb91676be82445c3c99937349f4.9f9c5feaa59b3c67.json"}
{"action": "duplicate", "file": "redelivered-021-TASK-a07a31993dffde0924b756f4d7c218cd.7c52c3f43479f241.json"}
--- stderr
--- end
{"n": 191, "label": "episodes final", "at": "2026-09-28T18:08:48Z", "seconds": 0.111, "argv": ["/home/runner/work/_temp/work/rt/cain-venv/bin/cain", "research", "episodes", "--domain", "crypto", "--state", "/home/runner/work/_temp/work/soak/cain-state"], "fault_env": {}, "exit": 0}
--- stdout
{"domain": "crypto", "episodes": [{"as_of": "2026-09-28T18:06:33Z", "decision": "ALLOW", "number": 1, "outbox": {"dispatches": 7, "retries_requested": 0, "status": "PUBLISHED", "task_id": "crypto:TASK-5a61224f3e2255c51110cfae4b996804"}, "proposal_id": "cain:SOAK-001", "reason_code": "ALLOWED", "receipt_sha256": "19bb399d9a578ea52d3d3f20be2a3f31b086c161d44767b1d9f39fd4fe43e9a7", "source": "operator", "task_id": "crypto:TASK-5a61224f3e2255c51110cfae4b996804"}, {"as_of": "2026-09-28T18:06:34Z", "decision": "DUPLICATE", "number": 2, "outbox": null, "proposal_id": "cain:SOAK-001-again", "reason_code": "DUPLICATE_REQUEST", "receipt_sha256": "1e5546463487a1a02cdc2637f04b518e41fc593dce0d1ecbc961d1ef056ca554", "source": "operator", "task_id": null}, {"as_of": "2026-09-28T18:06:34Z", "decision": "ALLOW", "number": 3, "outbox": {"dispatches": 6, "retries_requested": 0, "status": "PUBLISHED", "task_id": "crypto:TASK-ec6e000af508cc684f074d56cf1d65d4"}, "proposal_id": "cain:SOAK-002", "reason_code": "ALLOWED", "receipt_sha256": "7472c6de85947c9ae5dd5bfdc88dd6089dfd448469b201e9c44f5ac398747165", "source": "operator", "task_id": "crypto:TASK-ec6e000af508cc684f074d56cf1d65d4"}, {"as_of": "2026-09-28T18:06:35Z", "decision": "ALLOW", "number": 4, "outbox": {"dispatches": 6, "retries_requested": 0, "status": "PUBLISHED", "task_id": "crypto:TASK-c0756a400f58e2eb20df8cd25130c567"}, "proposal_id": "cain:SOAK-003", "reason_code": "ALLOWED", "receipt_sha256": "22324cb3b1cb81136bc3b385fa8a45cddd41a99da299b085af99176124883234", "source": "operator", "task_id": "crypto:TASK-c0756a400f58e2eb20df8cd25130c567"}, {"as_of": "2026-09-28T18:06:36Z", "decision": "BLOCK", "number": 5, "outbox": null, "proposal_id": "cain:E2E-06", "reason_code": "DOMAIN_MISMATCH", "receipt_sha256": "b9eca9a207b411d952fe07377204841b74b113806965f5350395ac25893e0110", "source": "operator", "task_id": null}, {"as_of": "2026-09-28T18:06:37Z", "decision": "ALLOW", "number": 6, "outbox": {"dispatches": 6, "retries_requested": 1, "status": "PUBLISHED", "task_id": "crypto:TASK-d367c7f0a69accff2e52948d85e2cfc9"}, "proposal_id": "cain:SOAK-004", "reason_code": "ALLOWED", "receipt_sha256": "00d6486859feb0e6eda850efe873849bc1adde29a16031f6c9b7f2e4781574fe", "source": "operator", "task_id": "crypto:TASK-d367c7f0a69accff2e52948d85e2cfc9"}, {"as_of": "2026-09-28T18:06:38Z", "decision": "ALLOW", "number": 7, "outbox": {"dispatches": 6, "retries_requested": 0, "status": "PUBLISHED", "task_id": "crypto:TASK-44ab5a05adcbec305debd521451ac735"}, "proposal_id": "cain:SOAK-005", "reason_code": "ALLOWED", "receipt_sha256": "ad6f07166eb2ff14e1f7ca195c2da76713c28cfae8e02df3668c4d2ae02dfe2c", "source": "operator", "task_id": "crypto:TASK-44ab5a05adcbec305debd521451ac735"}, {"as_of": "2026-09-28T18:06:39Z", "decision": "DUPLICATE", "number": 8, "outbox": null, "proposal_id": "cain:SOAK-005-again", "reason_code": "DUPLICATE_REQUEST", "receipt_sha256": "dca61b930b81ba107e527cd70c0e3928d6b458153ed550070115392945619b04", "source": "operator", "task_id": null}, {"as_of": "2026-09-28T18:06:39Z", "decision": "ALLOW", "number": 9, "outbox": {"dispatches": 5, "retries_requested": 0, "status": "PUBLISHED", "task_id": "crypto:TASK-14e7ea21534e45e23a4277dac60a4f2a"}, "proposal_id": "cain:SOAK-006", "reason_code": "ALLOWED", "receipt_sha256": "6cb3f59051c34f8af98ac3a2656dcfe81c78f72749da269bc057b9497dc7419f", "source": "operator", "task_id": "crypto:TASK-14e7ea21534e45e23a4277dac60a4f2a"}, {"as_of": "2026-09-28T18:06:41Z", "decision": "ALLOW", "number": 10, "outbox": {"dispatches": 5, "retries_requested": 0, "status": "PUBLISHED", "task_id": "crypto:TASK-fa5b145dd0e59b9b1f3c53919c0aad7f"}, "proposal_id": "cain:SOAK-007", "reason_code": "ALLOWED", "receipt_sha256": "5334081ea99d27036c015c834949a8d933179e75b260e183dbaf7ed89bd170e1", "source": "operator", "task_id": "crypto:TASK-fa5b145dd0e59b9b1f3c53919c0aad7f"}, {"as_of": "2026-09-28T18:06:42Z", "decision": "ALLOW", "number": 11, "outbox": {"dispatches": 5, "retries_requested": 0, "status": "PUBLISHED", "task_id": "crypto:TASK-012f5d55aa3000fa92bce4a8de811193"}, "proposal_id": "cain:SOAK-008", "reason_code": "ALLOWED", "receipt_sha256": "cb7a667f36a7459cf0cb5d1d7513adee9b7fc6702ed999dade5f575f73d6b59e", "source": "operator", "task_id": "crypto:TASK-012f5d55aa3000fa92bce4a8de811193"}, {"as_of": "2026-09-28T18:06:43Z", "decision": "ALLOW", "number": 12, "outbox": {"dispatches": 5, "retries_requested": 0, "status": "PUBLISHED", "task_id": "crypto:TASK-8075320c169e3679d3da0cbf875ce83d"}, "proposal_id": "cain:SOAK-009", "reason_code": "ALLOWED", "receipt_sha256": "347217075080218d98bb43a58944497c64ce2c89fb8edf26a876bdb1e26a11cc", "source": "operator", "task_id": "crypto:TASK-8075320c169e3679d3da0cbf875ce83d"}, {"as_of": "2026-09-28T18:06:44Z", "decision": "DUPLICATE", "number": 13, "outbox": null, "proposal_id": "cain:SOAK-009-again", "reason_code": "DUPLICATE_REQUEST", "receipt_sha256": "6ef9e0fdbd3707faabda710179fb1ceec9279def6e97172a68fe988dd98cbcc6", "source": "operator", "task_id": null}, {"as_of": "2026-09-28T18:06:44Z", "decision": "ALLOW", "number": 14, "outbox": {"dispatches": 4, "retries_requested": 0, "status": "PUBLISHED", "task_id": "crypto:TASK-e1b9c54ae66cb5429906c7192474f592"}, "proposal_id": "cain:SOAK-010", "reason_code": "ALLOWED", "receipt_sha256": "76f8ba05397ca6e4ad49967605d5061d57c12498caef6952912841f3c7bd92df", "source": "operator", "task_id": "crypto:TASK-e1b9c54ae66cb5429906c7192474f592"}, {"as_of": "2026-09-28T18:06:46Z", "decision": "ALLOW", "number": 15, "outbox": {"dispatches": 4, "retries_requested": 0, "status": "PUBLISHED", "task_id": "crypto:TASK-14a347da62048ed8c735e34ddf54bc5b"}, "proposal_id": "cain:SOAK-011", "reason_code": "ALLOWED", "receipt_sha256": "de3cc6973be3194ede88b205c383f0a6f2ebde05f7ac2c83c8e3aafece4eeaa2", "source": "operator", "task_id": "crypto:TASK-14a347da62048ed8c735e34ddf54bc5b"}, {"as_of": "2026-09-28T18:06:47Z", "decision": "ALLOW", "number": 16, "outbox": {"dispatches": 4, "retries_requested": 0, "status": "PUBLISHED", "task_id": "crypto:TASK-6e2d003552c4cdc6a185532267c5931f"}, "proposal_id": "cain:SOAK-012", "reason_code": "ALLOWED", "receipt_sha256": "2c9187297914483d70c9699b4146d99e8c8c9ea537e4d03ba5bdde208e6969a6", "source": "operator", "task_id": "crypto:TASK-6e2d003552c4cdc6a185532267c5931f"}, {"as_of": "2026-09-28T18:06:48Z", "decision": "ALLOW", "number": 17, "outbox": {"dispatches": 4, "retries_requested": 0, "status": "PUBLISHED", "task_id": "crypto:TASK-a7ff76614894d1b4f94f3f4b8a493849"}, "proposal_id": "cain:SOAK-013", "reason_code": "ALLOWED", "receipt_sha256": "ba8bccb83804c334e9afa7d0eb0433cf49525851db6ea4f4700a890e1179895a", "source": "operator", "task_id": "crypto:TASK-a7ff76614894d1b4f94f3f4b8a493849"}, {"as_of": "2026-09-28T18:06:49Z", "decision": "DUPLICATE", "number": 18, "outbox": null, "proposal_id": "cain:SOAK-013-again", "reason_code": "DUPLICATE_REQUEST", "receipt_sha256": "82e8df32be87a35a227e3119b8bb95dc5c632af2df37acee1333b6f399376ddd", "source": "operator", "task_id": null}, {"as_of": "2026-09-28T18:06:49Z", "decision": "ALLOW", "number": 19, "outbox": {"dispatches": 3, "retries_requested": 0, "status": "PUBLISHED", "task_id": "crypto:TASK-c867e60770f59699273a55415d4bd298"}, "proposal_id": "cain:SOAK-014", "reason_code": "ALLOWED", "receipt_sha256": "f6c1f03babcdcffd75533cae2224a96632b54ab8bbe7607a00589c41921eb39e", "source": "operator", "task_id": "crypto:TASK-c867e60770f59699273a55415d4bd298"}, {"as_of": "2026-09-28T18:06:50Z", "decision": "ALLOW", "number": 20, "outbox": {"dispatches": 3, "retries_requested": 0, "status": "PUBLISHED", "task_id": "crypto:TASK-4a37fd926277a3ef0cae079b96c2ce99"}, "proposal_id": "cain:SOAK-015", "reason_code": "ALLOWED", "receipt_sha256": "80832a41ddf0614a812e2053113f3cef8c87c02a4b90eb85667ea1b584cc27ad", "source": "operator", "task_id": "crypto:TASK-4a37fd926277a3ef0cae079b96c2ce99"}, {"as_of": "2026-09-28T18:06:51Z", "decision": "ALLOW", "number": 21, "outbox": {"dispatches": 3, "retries_requested": 1, "status": "PUBLISHED", "task_id": "crypto:TASK-15d9723c7d6dd424375798ad8639ed70"}, "proposal_id": "cain:SOAK-016", "reason_code": "ALLOWED", "receipt_sha256": "075798383891d56c8d54cbaa61ef4ee80f0e46062ae3ae3e115b3e59af484ccd", "source": "operator", "task_id": "crypto:TASK-15d9723c7d6dd424375798ad8639ed70"}, {"as_of": "2026-09-28T18:06:52Z", "decision": "ALLOW", "number": 22, "outbox": {"dispatches": 3, "retries_requested": 0, "status": "PUBLISHED", "task_id": "crypto:TASK-6a7e5eb91676be82445c3c99937349f4"}, "proposal_id": "cain:SOAK-017", "reason_code": "ALLOWED", "receipt_sha256": "21c3b2087aeaa74925bf5601c1245fa4cb306cca2c777b907f0f51de2ac8f945", "source": "operator", "task_id": "crypto:TASK-6a7e5eb91676be82445c3c99937349f4"}, {"as_of": "2026-09-28T18:06:53Z", "decision": "DUPLICATE", "number": 23, "outbox": null, "proposal_id": "cain:SOAK-017-again", "reason_code": "DUPLICATE_REQUEST", "receipt_sha256": "fd5236a48072d091a57ed887a6c5b3e142a27f8a8e7c62d7cab5af5e8488276f", "source": "operator", "task_id": null}, {"as_of": "2026-09-28T18:06:53Z", "decision": "ALLOW", "number": 24, "outbox": {"dispatches": 2, "retries_requested": 0, "status": "PUBLISHED", "task_id": "crypto:TASK-717252ae1f67e55d82a5319735ab9c0a"}, "proposal_id": "cain:SOAK-018", "reason_code": "ALLOWED", "receipt_sha256": "fcd2d7b96051c6f1a06e96b73069759ab108d84cb6e32c0fa5b968e5f413041b", "source": "operator", "task_id": "crypto:TASK-717252ae1f67e55d82a5319735ab9c0a"}, {"as_of": "2026-09-28T18:06:54Z", "decision": "ALLOW", "number": 25, "outbox": {"dispatches": 2, "retries_requested": 0, "status": "PUBLISHED", "task_id": "crypto:TASK-27ade8a7380b708600b008ed8602d756"}, "proposal_id": "cain:SOAK-019", "reason_code": "ALLOWED", "receipt_sha256": "79abae84434092a182c3637b0db3abb6cd404af0126d9c193be22a4769ac6856", "source": "operator", "task_id": "crypto:TASK-27ade8a7380b708600b008ed8602d756"}, {"as_of": "2026-09-28T18:06:55Z", "decision": "ALLOW", "number": 26, "outbox": {"dispatches": 2, "retries_requested": 0, "status": "PUBLISHED", "task_id": "crypto:TASK-ea5906e4dd8b3897bd126c12da09efbc"}, "proposal_id": "cain:SOAK-020", "reason_code": "ALLOWED", "receipt_sha256": "ff0bb68ef66e5ceac316b70323242f38b0952fb862152335600e5a6d13196e9a", "source": "operator", "task_id": "crypto:TASK-ea5906e4dd8b3897bd126c12da09efbc"}, {"as_of": "2026-09-28T18:06:56Z", "decision": "ALLOW", "number": 27, "outbox": {"dispatches": 2, "retries_requested": 0, "status": "PUBLISHED", "task_id": "crypto:TASK-a07a31993dffde0924b756f4d7c218cd"}, "proposal_id": "cain:SOAK-021", "reason_code": "ALLOWED", "receipt_sha256": "64c09091c22a020bf5a8afdf24bb5da0f4b5a1110133fc844150ca39b024d5dc", "source": "operator", "task_id": "crypto:TASK-a07a31993dffde0924b756f4d7c218cd"}, {"as_of": "2026-09-28T18:06:57Z", "decision": "DUPLICATE", "number": 28, "outbox": null, "proposal_id": "cain:SOAK-021-again", "reason_code": "DUPLICATE_REQUEST", "receipt_sha256": "04d0a8708b38a4c98f709e901691653f7ee5bb663606824cb39e446d0992d3e1", "source": "operator", "task_id": null}, {"as_of": "2026-09-28T18:06:57Z", "decision": "ALLOW", "number": 29, "outbox": {"dispatches": 1, "retries_requested": 0, "status": "PUBLISHED", "task_id": "crypto:TASK-23de132dc972ced56b70c4a05e035a61"}, "proposal_id": "cain:SOAK-022", "reason_code": "ALLOWED", "receipt_sha256": "52d0768e5a7160a39dee34dac4bd75e60e68d66d4378e79718dbca5d3484f2e3", "source": "operator", "task_id": "crypto:TASK-23de132dc972ced56b70c4a05e035a61"}, {"as_of": "2026-09-28T18:06:58Z", "decision": "ALLOW", "number": 30, "outbox": {"dispatches": 1, "retries_requested": 0, "status": "PUBLISHED", "task_id": "crypto:TASK-5932298d6553097abf5fb756201e37ec"}, "proposal_id": "cain:SOAK-023", "reason_code": "ALLOWED", "receipt_sha256": "574999faa17d7197658d0ebea0fde40e83945a1bc1393d65f96e9e6f7755399e", "source": "operator", "task_id": "crypto:TASK-5932298d6553097abf5fb756201e37ec"}, {"as_of": "2026-09-28T18:06:59Z", "decision": "ALLOW", "number": 31, "outbox": {"dispatches": 1, "retries_requested": 0, "status": "PUBLISHED", "task_id": "crypto:TASK-0c38ef914ce8c3fd60a9a6eb167b7690"}, "proposal_id": "cain:SOAK-024", "reason_code": "ALLOWED", "receipt_sha256": "a15e2f542eb30b6a046eef226592070933c71c0cad4f69bf94a4a16bb110058a", "source": "operator", "task_id": "crypto:TASK-0c38ef914ce8c3fd60a9a6eb167b7690"}, {"as_of": "2026-09-28T18:07:19Z", "decision": "ALLOW", "number": 32, "outbox": {"dispatches": 1, "retries_requested": 0, "status": "PUBLISHED", "task_id": "crypto:TASK-67d48052afe60c95ef2286d46e3f3f2a"}, "proposal_id": "cain:SOAK-LLM-1", "reason_code": "ALLOWED", "receipt_sha256": "6bcffd301f388eb8d922dac8390e8c7f454e0ce00b974dafd47085534a47ca5b", "source": "operator", "task_id": "crypto:TASK-67d48052afe60c95ef2286d46e3f3f2a"}, {"as_of": "2026-09-28T18:07:37Z", "decision": "ALLOW", "number": 33, "outbox": {"dispatches": 1, "retries_requested": 0, "status": "PUBLISHED", "task_id": "crypto:TASK-08a6e733c77e5f13f1632b309d91eb34"}, "proposal_id": "cain:SOAK-LLM-2", "reason_code": "ALLOWED", "receipt_sha256": "6f815394532955992431bdbe6e15994889ed3778d15ed30ac0d18cf44fb1b7ca", "source": "operator", "task_id": "crypto:TASK-08a6e733c77e5f13f1632b309d91eb34"}, {"as_of": "2026-09-28T18:07:55Z", "decision": "ALLOW", "number": 34, "outbox": {"dispatches": 1, "retries_requested": 0, "status": "PUBLISHED", "task_id": "crypto:TASK-266d1014b4e5d3f6011b8cc0a9f72697"}, "proposal_id": "cain:SOAK-LLM-3", "reason_code": "ALLOWED", "receipt_sha256": "78c0bc5275b112bcb0e839bc9e0427c2e7df1739a8f74cdce60998fd707de11a", "source": "operator", "task_id": "crypto:TASK-266d1014b4e5d3f6011b8cc0a9f72697"}, {"as_of": "2026-09-28T18:08:12Z", "decision": "ALLOW", "number": 35, "outbox": {"dispatches": 1, "retries_requested": 0, "status": "PUBLISHED", "task_id": "crypto:TASK-abbc676c0e60f5af204c4a139f48c35c"}, "proposal_id": "cain:SOAK-LLM-4", "reason_code": "ALLOWED", "receipt_sha256": "915d654870ee205243aafd4d04de42f4a16e0c6527654b9d78d3eb5ac3d4185d", "source": "operator", "task_id": "crypto:TASK-abbc676c0e60f5af204c4a139f48c35c"}, {"as_of": "2026-09-28T18:08:29Z", "decision": "ALLOW", "number": 36, "outbox": {"dispatches": 1, "retries_requested": 0, "status": "PUBLISHED", "task_id": "crypto:TASK-b72d6de09b2e25e714298fcc3af4304d"}, "proposal_id": "cain:SOAK-LLM-5", "reason_code": "ALLOWED", "receipt_sha256": "c5dbe5638b932cfd8919ddb14d0fba850527680680cde156ad0dfcadbcffd881", "source": "operator", "task_id": "crypto:TASK-b72d6de09b2e25e714298fcc3af4304d"}, {"as_of": "2026-09-28T18:08:47Z", "decision": "ALLOW", "number": 37, "outbox": {"dispatches": 1, "retries_requested": 0, "status": "PUBLISHED", "task_id": "crypto:TASK-2cdb932e1c13ccb07f0d8df03548819d"}, "proposal_id": "cain:SOAK-LLM-6", "reason_code": "ALLOWED", "receipt_sha256": "efa8fa4d1daa5e70bb21de257d3f3b5ca7a05ee7ddc28c5430d6a0ad843d6a42", "source": "operator", "task_id": "crypto:TASK-2cdb932e1c13ccb07f0d8df03548819d"}], "inbox": [{"class": "TERMINAL_RESULT", "fact_id": "fact:e2182b53cbfa42b1a56a456b26ba7e27", "payload_sha256": "83aaeb02b1d384efe8b7b617fd8b35189db3d673e809f4e30c10dc05c46cf911", "status": "RESULT", "task_id": "crypto:TASK-5a61224f3e2255c51110cfae4b996804"}, {"class": "TERMINAL_RESULT", "fact_id": "fact:c251d9623b3144439e63429d34fa91fb", "payload_sha256": "367ba6e96a4ed06549e785a382b813c193ed9ab6dc7262ff92db8c042fb5266d", "status": "DUPLICATE", "task_id": "crypto:TASK-ec6e000af508cc684f074d56cf1d65d4"}, {"class": "TERMINAL_RESULT", "fact_id": "fact:001e19aa79ec4ea788ab5fb829fcd5ba", "payload_sha256": "273e6e799e7d87d8955ab9dcc8cad26ce9c153c44b2f97676e942f9c4316234b", "status": "RESULT", "task_id": "crypto:TASK-c0756a400f58e2eb20df8cd25130c567"}, {"class": "RETRYABLE", "fact_id": null, "payload_sha256": null, "status": "OPS_FAILED_RETRYABLE", "task_id": "crypto:TASK-d367c7f0a69accff2e52948d85e2cfc9"}, {"class": "TERMINAL_RESULT", "fact_id": "fact:c9f67b6a2e6848c4891b0608d7927f6b", "payload_sha256": "a8c1bb91a58716c5f8401b6c31240585a43c823de850c704b63a9c35f8df7cd4", "status": "RESULT", "task_id": "crypto:TASK-d367c7f0a69accff2e52948d85e2cfc9"}, {"class": "TERMINAL_RESULT", "fact_id": "fact:c89bdb0bdcc84730b1ea335d491355c2", "payload_sha256": "1b9b210e3ca9eee88ca86cf0c88fad14b8a5322d8561cfab31d36eddaa78d0a9", "status": "RESULT", "task_id": "crypto:TASK-44ab5a05adcbec305debd521451ac735"}, {"class": "TERMINAL_RESULT", "fact_id": "fact:518ed21e7917401eb9d339353ce9fa4e", "payload_sha256": "c7140d688a0e2e82de978b15eabe278efca96679c300cfeb004cbae6605827b4", "status": "DUPLICATE", "task_id": "crypto:TASK-14e7ea21534e45e23a4277dac60a4f2a"}, {"class": "TERMINAL_RESULT", "fact_id": "fact:d875ea272bd74d97acd2b6872431d824", "payload_sha256": "4c849e61e7e8eb277cbf57d224e827d20eb3a8c38d0b570980763424c4eacddf", "status": "RESULT", "task_id": "crypto:TASK-fa5b145dd0e59b9b1f3c53919c0aad7f"}, {"class": "TERMINAL_RESULT", "fact_id": "fact:ba8e09284a694ef0b8360144c2b9d16e", "payload_sha256": "c27788ca7a44ebba297af56d5d63e5345fa3048bf5ee4a1cf05ba967c2c4bddc", "status": "RESULT", "task_id": "crypto:TASK-012f5d55aa3000fa92bce4a8de811193"}, {"class": "TERMINAL_RESULT", "fact_id": "fact:9af3978bbfe54598be8210a5ae065f09", "payload_sha256": "21875481f6ff2679652ea68fe0b098a97aa24d2bd03498d293f8841215efa773", "status": "RESULT", "task_id": "crypto:TASK-8075320c169e3679d3da0cbf875ce83d"}, {"class": "TERMINAL_RESULT", "fact_id": "fact:4d12f75e85a345efbf4f86e21fc61440", "payload_sha256": "143bddb6f263e060dbdd7f9ed4152f8b343ddd30bf61f72c0065ed2c5c09e9f2", "status": "DUPLICATE", "task_id": "crypto:TASK-e1b9c54ae66cb5429906c7192474f592"}, {"class": "TERMINAL_RESULT", "fact_id": "fact:c8aae2550a7b4addbc0eda572b378a8a", "payload_sha256": "de8276dd5f56935afb58a0bbc02fbf9ea2351c80e1250cdf39f5daabe492cfcb", "status": "RESULT", "task_id": "crypto:TASK-14a347da62048ed8c735e34ddf54bc5b"}, {"class": "TERMINAL_RESULT", "fact_id": "fact:e7d34d5cee484ba9920c79c0ce217ca9", "payload_sha256": "a0042ade74ff05a7e79a0d8cac02218cb2a3cc8345f3c64e73a90b86e5e96772", "status": "RESULT", "task_id": "crypto:TASK-6e2d003552c4cdc6a185532267c5931f"}, {"class": "TERMINAL_RESULT", "fact_id": "fact:166aff6bc0364b1db6505755557c4ea4", "payload_sha256": "cd4c902cb5625d7e65fe09e8348be349f3faa300868e8b92ff10049aad71e9fb", "status": "RESULT", "task_id": "crypto:TASK-a7ff76614894d1b4f94f3f4b8a493849"}, {"class": "TERMINAL_RESULT", "fact_id": "fact:9c5d353d860540478a6dc9dae87e5105", "payload_sha256": "44db32c57191ddb9bae8f2c51bf1b601ad62279c7b8099e44805e3638e644dae", "status": "DUPLICATE", "task_id": "crypto:TASK-c867e60770f59699273a55415d4bd298"}, {"class": "TERMINAL_RESULT", "fact_id": "fact:34adfef065ff46c092e1efa41d86ff73", "payload_sha256": "697b428cd3ea9c99a8dfcf447296663e99f597da1c4a6e3d08e326683a17b91b", "status": "RESULT", "task_id": "crypto:TASK-4a37fd926277a3ef0cae079b96c2ce99"}, {"class": "RETRYABLE", "fact_id": null, "payload_sha256": null, "status": "OPS_FAILED_RETRYABLE", "task_id": "crypto:TASK-15d9723c7d6dd424375798ad8639ed70"}, {"class": "TERMINAL_RESULT", "fact_id": "fact:4e0365aa51f24a5ba82c09060bd7ca68", "payload_sha256": "64dc018f84d58e4aba703d78a8e1821fefd613d07ffef72f727cbba2a616b53c", "status": "RESULT", "task_id": "crypto:TASK-15d9723c7d6dd424375798ad8639ed70"}, {"class": "TERMINAL_RESULT", "fact_id": "fact:50cd88067dc54f899ebaa5d8ecfb3eb9", "payload_sha256": "f0bfa02fbf59891915aa45758404e5bc351ab8e929268d9d816859c31c535cec", "status": "RESULT", "task_id": "crypto:TASK-6a7e5eb91676be82445c3c99937349f4"}, {"class": "TERMINAL_RESULT", "fact_id": "fact:7c18384ed403406b9d829a4e2f756a89", "payload_sha256": "f0a068517ffe9c7a7bbc19f4d85543396a0d780e0f71c9482b0bd844cd3402b2", "status": "DUPLICATE", "task_id": "crypto:TASK-717252ae1f67e55d82a5319735ab9c0a"}, {"class": "TERMINAL_RESULT", "fact_id": "fact:26c748a5da2f4e8eb1ad41ccdd418c95", "payload_sha256": "45b8369171ec5e5c03858ecf303b6dd14b51de031c8b32b83fdb00ef6539f3eb", "status": "RESULT", "task_id": "crypto:TASK-27ade8a7380b708600b008ed8602d756"}, {"class": "TERMINAL_RESULT", "fact_id": "fact:dda284d48db34abbb06202a175424a54", "payload_sha256": "8e212479e81565984cb8bc55604e3b02ccf4c42ae2bd970adc607b6ba8f10f0b", "status": "RESULT", "task_id": "crypto:TASK-ea5906e4dd8b3897bd126c12da09efbc"}, {"class": "TERMINAL_RESULT", "fact_id": "fact:2fc66c12196f4e599130139ee49725ef", "payload_sha256": "0f75e02ed58a5b4a85030e5696a2b8059fdd21552ddb84d83fae61143f1bfe31", "status": "RESULT", "task_id": "crypto:TASK-a07a31993dffde0924b756f4d7c218cd"}, {"class": "TERMINAL_RESULT", "fact_id": "fact:f4665607898946ce9e01e7dc317d8571", "payload_sha256": "5cd59fe9536bfaeae26852015080860d1eed9ce8a9daae1ade385ddf206d801a", "status": "DUPLICATE", "task_id": "crypto:TASK-23de132dc972ced56b70c4a05e035a61"}, {"class": "TERMINAL_RESULT", "fact_id": "fact:59424d5aa3674143b2ac7bf25fd4113b", "payload_sha256": "f6516cffdc2a2a8233cadaee910142f9b669a74d3e61692badda944a63501066", "status": "RESULT", "task_id": "crypto:TASK-5932298d6553097abf5fb756201e37ec"}, {"class": "TERMINAL_RESULT", "fact_id": "fact:ceb91d0454f748399b907e70d3f0972e", "payload_sha256": "fc4c2704867b0d7972eb4fa23fe6c0dc065187d62927839bfe61b032d7ce6a26", "status": "RESULT", "task_id": "crypto:TASK-0c38ef914ce8c3fd60a9a6eb167b7690"}, {"class": "TERMINAL_RESULT", "fact_id": "fact:7323844424074560a96a1b13fefec0d5", "payload_sha256": "6e91d5e1c402fc8343088bff4cc1304d4586adc81d4d4e0d068603e05a89ad73", "status": "RESULT", "task_id": "crypto:TASK-67d48052afe60c95ef2286d46e3f3f2a"}, {"class": "TERMINAL_RESULT", "fact_id": "fact:c7a85ed67e17429aaf10429eaa8b5fb3", "payload_sha256": "5730508816eb938f4b320f56a6fa146977b3191a86f239e66b690e97583ce9af", "status": "RESULT", "task_id": "crypto:TASK-08a6e733c77e5f13f1632b309d91eb34"}, {"class": "TERMINAL_RESULT", "fact_id": "fact:502f4107d8354246b0bef5f5ca80cc28", "payload_sha256": "70866d334180c5695896f048b72a4208e2a3bd47a3dfdce38948deb2df897639", "status": "RESULT", "task_id": "crypto:TASK-266d1014b4e5d3f6011b8cc0a9f72697"}, {"class": "TERMINAL_RESULT", "fact_id": "fact:2a729cae2379410e9aa0da9b16410f54", "payload_sha256": "faf13967002da1b898800d66159db9392f10a617e10476ec4921d4cb5184fe71", "status": "RESULT", "task_id": "crypto:TASK-abbc676c0e60f5af204c4a139f48c35c"}, {"class": "TERMINAL_RESULT", "fact_id": "fact:ca2aa3c6cae247a8afad99480af9738b", "payload_sha256": "084ef89bc108e0baabd47595074916af415f26282a0b7b7ef5cc43e888433dc2", "status": "RESULT", "task_id": "crypto:TASK-b72d6de09b2e25e714298fcc3af4304d"}, {"class": "TERMINAL_RESULT", "fact_id": "fact:2f2098afeda342dc8e0285dc60ebe1ed", "payload_sha256": "ff79c77188eb42b19d760ee5c22d835888b0cadb31ed6918a19f45c85ae41124", "status": "RESULT", "task_id": "crypto:TASK-2cdb932e1c13ccb07f0d8df03548819d"}], "memory": {"broken_at": null, "entries": 30, "head": "e86417ed27d601ef1a3ebe280ff271a52f1ec3485368699d6799e8a36a3f56a3", "head_recorded_at": "2026-09-28T18:08:48.439039Z", "projection": "consistent", "status": "intact"}, "rejections": [{"code": "DOMAIN_MISMATCH", "file": "interleaved-003-stocks.json"}, {"code": "DOMAIN_MISMATCH", "file": "interleaved-007-brasileirao.json"}, {"code": "DOMAIN_MISMATCH", "file": "interleaved-011-stocks.json"}, {"code": "DOMAIN_MISMATCH", "file": "interleaved-015-brasileirao.json"}, {"code": "DOMAIN_MISMATCH", "file": "interleaved-019-stocks.json"}, {"code": "DOMAIN_MISMATCH", "file": "interleaved-023-brasileirao.json"}]}
--- stderr
--- end
{"n": 192, "label": "show crypto:REQ-IC-SOAK-008", "at": "2026-09-28T18:08:48Z", "seconds": 0.13, "argv": ["/home/runner/work/_temp/work/rt/consumer-venv/bin/cripto-research", "--state", "/home/runner/work/_temp/work/soak/domain-state", "show", "crypto:REQ-IC-SOAK-008"], "fault_env": {}, "exit": 0}
--- stdout
{"request_id": "crypto:REQ-IC-SOAK-008", "result": {"admission_id": "crypto:ADM-710c3caa48637d2ec05aef3dc97ab144", "capital_permission": false, "core_facts": {"dataset_fingerprint": "1e6356ed1c918f083af953f558a5d23fc6d777ec95bb6cdbde16ee34d257dddb", "identity": {"package": "predictor-core", "record_sha256": "eb8c5553379422a4317e5d6749a98912e95e873d52c80d7fa1fd87e6d96977c2", "version": "3.2.1"}, "scientific_state_source": "core_trial_registry", "statistics": {"gross_ci_high": 0.0206863091337751, "gross_ci_low": -0.012912112121487932, "mean_gross_return": 0.0038113319241447896, "mean_net_return": 0.0007878886549140192, "net_ci_high": 0.017753186056852024, "net_ci_low": -0.016108130967641777}, "temporal_validation": {"data_cutoff": "2026-08-31T00:00:00Z", "inequality": "available_at <= data_cutoff and observed_at monotonic and observed_at <= available_at", "max_available_at": "2026-08-31T00:00:00Z", "method": "predictor_core.measurement.replay", "rows": 52, "status": "PASS"}, "trial_ids": ["crypto:TRIAL-7d1124cb4707b63c1f1cb36bec4aa07d"], "trial_registry": "predictor_core.contracts.trial_v2.TrialRegistryV2", "trial_row_hash": "966d4da42cb1a8652a4be51422af125bfcd233fe4f1a15963b04dbc886bc1eaa"}, "domain_facts": {"baseline_comparison": {"baseline_id": "crypto:BASELINE-FLAT", "gross_delta_bps": 38, "net_delta_bps": 8, "outcome": "BEATS"}, "baseline_identity": {"content_hash": "4cfdb5417495d2ab5067d67ad9d199d59d330fa4600a8d451b32a7b62e6be136", "name": "flat", "revision_id": "baseline:flat:real-v1", "version": "v1"}, "cost_model_identity": {"content_hash": "6168c2abe0d77bcceffc084905a6a2ba54a8cbdf5a1a55f48fbc1e30f3e44e65", "name": "v3-frozen", "revision_id": "cost_model:v3-frozen:real-v1", "version": "v1"}, "costs": {"cost_aware_decision": "NO_TRADE", "mean_funding_pnl_bps": 0, "mean_total_cost_bps": 30, "model": "GarimpoInvestimentos.v3.costs.CostModel", "round_trip_friction_bps": 30, "slippage_bps_per_leg": 5, "taker_fee_bps_per_leg": 10}, "data_cutoff": "2026-08-31T00:00:00Z", "data_quality": {"ok": true}, "dataset_identity": {"content_hash": "0d04cf7c11e8b27fd294a3c354dee3750c9de9d2b312f0044436e7a1751b9a33", "name": "real-in-sample", "revision_id": "dataset:real-in-sample:v1", "version": "v1"}, "effect_sha256": "40fc56b4a3068d7c3fb666abc8a3c0ad21e6f201b58b20175cb63118157cea7a", "evidence_identity": {"content_hash": "6f36df6bf689e20cc90c92fcd74baca040d4d6fa1a25368c71f35baf0fcf4bc9", "name": "none", "revision_id": "evidence:none:real-v1", "version": "v1"}, "handler": "crypto.handlers.backtest_existing_hypothesis.v1", "identity": {"package": "cripto-predictor", "record_sha256": "0cde203bc21746dc97498403c0d24fe62e4982340a720e8c7af049514462a262", "version": "1.2.0rc3"}, "metrics": {"ci": {"confidence": 0.95, "n_boot": 500, "scheme": "iid", "seed": 17}, "gross_ci_high_bps": 207, "gross_ci_low_bps": -129, "gross_return_bps": 38, "long_observations": 26, "max_drawdown_bps": -4152, "net_ci_high_bps": 178, "net_ci_low_bps": -161, "net_return_bps": 8, "sample_size": 52, "short_observations": 26, "turnover_round_trips": 52}, "model_identity": {"content_hash": "07225498b8d4834d762a198bc63ee650512fdf02e536d1b0a623bbe9a6fb3582", "name": "fixed-shadow", "revision_id": "protocol:fixed-shadow:real-v1", "version": "v1"}, "placebo_seed": 1008}, "economic_state": "NO_EDGE", "experiment_id": "crypto:EXP-7d1124cb4707b63c1f1cb36bec4aa07d", "hypothesis_id": "crypto:QUAL-SHADOW-REAL-002", "operational_state": "SUCCEEDED", "ops_facts": {"attempt_ids": ["crypto:ATTEMPT-63202887d38943f29d13db994fe6a712"], "attempts": 1, "economic_lock_id": "economic-8cae0adfb7f17e305ff9e848d081d02c9f3b510a5b4d6a0145e27a9048077ac1", "exit_code": 0, "finished_at": "2026-09-28T18:06:43.363Z", "heartbeat_at": "2026-09-28T18:06:43.162Z", "identity": {"package": "predictor-ops", "record_sha256": "1c7946e1d994f63bc3e732fe4666edfb42967f3a7b7b11664af63ca572f0018f", "version": "4.2.2rc1"}, "job_id": "crypto-research-7d1124cb4707b63c1f1cb36b", "operational_state": "SUCCEEDED", "ops_record_hash": "50156c2b99940e20a946309479e364c7761879b9e09af684ca5486894d2de4ef", "ops_run_id": "fbb9f6ee8fe2436587e85c3a3787bc4f", "ops_run_ids": ["fbb9f6ee8fe2436587e85c3a3787bc4f"], "retry_count": 0, "started_at": "2026-09-28T18:06:43.157Z"}, "produced_at": "2026-09-28T18:06:43.369243Z", "provenance": {"admission_policy_hash": "78e8b2d76c589c02254b299bcc633eaddfe82d6a93e7849a9b91d11f31563729", "admission_policy_id": "crypto-integration-qualification", "admission_policy_version": 1, "handler_identity": "crypto.handlers.backtest_existing_hypothesis.v1", "journal_identity": "cc428037f088297c158cd48b7d436b574c1b48fcf17906783cd2f422f30ba44d", "logical_experiment_hash": "7d1124cb4707b63c1f1cb36bec4aa07ddf522d47994ad763f32717cbe0a383db", "reference_materialization_receipt_hash": "d82c7420caaccfe3a476359ec2fc0201e4882e65db9798ea0f43053a8b55c911", "request_content_hash": "12835a76c6b49ab13c0908032ad316dd99338c803818a1e94ef4a78d5facb83a", "resolved_references_hash": "257b00d8d257e56401219b8ae046e9e5a1d90efaba5ab7cc654a493d0f59ee64"}, "request_id": "crypto:REQ-IC-SOAK-008", "research_id": "crypto:RESEARCH-INTEGRATION-QUALIFICATION", "result_id": "crypto:RESULT-7d1124cb4707b63c1f1cb36bec4aa07d", "result_state": "INCONCLUSIVE", "schema_version": "crypto-research-result/1", "scientific_state": "INCONCLUSIVE"}, "result_sha256": "c27788ca7a44ebba297af56d5d63e5345fa3048bf5ee4a1cf05ba967c2c4bddc", "source": "authoritative_result_store", "status": "RESULT"}
--- stderr
--- end
{"n": 193, "label": "show crypto:REQ-LLM-d516b11929b7a7de", "at": "2026-09-28T18:08:48Z", "seconds": 0.126, "argv": ["/home/runner/work/_temp/work/rt/consumer-venv/bin/cripto-research", "--state", "/home/runner/work/_temp/work/soak/domain-state", "show", "crypto:REQ-LLM-d516b11929b7a7de"], "fault_env": {}, "exit": 0}
--- stdout
{"request_id": "crypto:REQ-LLM-d516b11929b7a7de", "result": {"admission_id": "crypto:ADM-605a92259d9eaaa345d243c9442ef8a6", "capital_permission": false, "core_facts": {"dataset_fingerprint": "1e6356ed1c918f083af953f558a5d23fc6d777ec95bb6cdbde16ee34d257dddb", "identity": {"package": "predictor-core", "record_sha256": "eb8c5553379422a4317e5d6749a98912e95e873d52c80d7fa1fd87e6d96977c2", "version": "3.2.1"}, "scientific_state_source": "core_trial_registry", "statistics": {"gross_ci_high": 0.014075955929853862, "gross_ci_low": -0.019868770638396444, "mean_gross_return": -0.003857748022633334, "mean_net_return": -0.006953043599556412, "net_ci_high": 0.011088095545238477, "net_ci_low": -0.023127850552656315}, "temporal_validation": {"data_cutoff": "2026-08-31T00:00:00Z", "inequality": "available_at <= data_cutoff and observed_at monotonic and observed_at <= available_at", "max_available_at": "2026-08-31T00:00:00Z", "method": "predictor_core.measurement.replay", "rows": 52, "status": "PASS"}, "trial_ids": ["crypto:TRIAL-74ec7d8c878d7ec0f3e563e2cacca1c3"], "trial_registry": "predictor_core.contracts.trial_v2.TrialRegistryV2", "trial_row_hash": "e1e6b6230c437be0bd06eda497ebd17fcdc31dc5deacf6cfb07bd9d0d0696d07"}, "domain_facts": {"baseline_comparison": {"baseline_id": "crypto:BASELINE-FLAT", "gross_delta_bps": -39, "net_delta_bps": -70, "outcome": "LOSES"}, "baseline_identity": {"content_hash": "4cfdb5417495d2ab5067d67ad9d199d59d330fa4600a8d451b32a7b62e6be136", "name": "flat", "revision_id": "baseline:flat:real-v1", "version": "v1"}, "cost_model_identity": {"content_hash": "6168c2abe0d77bcceffc084905a6a2ba54a8cbdf5a1a55f48fbc1e30f3e44e65", "name": "v3-frozen", "revision_id": "cost_model:v3-frozen:real-v1", "version": "v1"}, "costs": {"cost_aware_decision": "NO_TRADE", "mean_funding_pnl_bps": -1, "mean_total_cost_bps": 31, "model": "GarimpoInvestimentos.v3.costs.CostModel", "round_trip_friction_bps": 30, "slippage_bps_per_leg": 5, "taker_fee_bps_per_leg": 10}, "data_cutoff": "2026-08-31T00:00:00Z", "data_quality": {"ok": true}, "dataset_identity": {"content_hash": "0d04cf7c11e8b27fd294a3c354dee3750c9de9d2b312f0044436e7a1751b9a33", "name": "real-in-sample", "revision_id": "dataset:real-in-sample:v1", "version": "v1"}, "effect_sha256": "3c350f1d500f9384dfdb63c53e1bbcd81f7b51790d44e6e6686402a82fcee481", "evidence_identity": {"content_hash": "6f36df6bf689e20cc90c92fcd74baca040d4d6fa1a25368c71f35baf0fcf4bc9", "name": "none", "revision_id": "evidence:none:real-v1", "version": "v1"}, "handler": "crypto.handlers.backtest_existing_hypothesis.v1", "identity": {"package": "cripto-predictor", "record_sha256": "0cde203bc21746dc97498403c0d24fe62e4982340a720e8c7af049514462a262", "version": "1.2.0rc3"}, "metrics": {"ci": {"confidence": 0.95, "n_boot": 500, "scheme": "iid", "seed": 17}, "gross_ci_high_bps": 141, "gross_ci_low_bps": -199, "gross_return_bps": -39, "long_observations": 26, "max_drawdown_bps": -6055, "net_ci_high_bps": 111, "net_ci_low_bps": -231, "net_return_bps": -70, "sample_size": 52, "short_observations": 26, "turnover_round_trips": 52}, "model_identity": {"content_hash": "07225498b8d4834d762a198bc63ee650512fdf02e536d1b0a623bbe9a6fb3582", "name": "fixed-shadow", "revision_id": "protocol:fixed-shadow:real-v1", "version": "v1"}, "placebo_seed": 34137}, "economic_state": "NO_EDGE", "experiment_id": "crypto:EXP-74ec7d8c878d7ec0f3e563e2cacca1c3", "hypothesis_id": "crypto:QUAL-SHADOW-REAL-002", "operational_state": "SUCCEEDED", "ops_facts": {"attempt_ids": ["crypto:ATTEMPT-074024868fad462295e986c53076e541"], "attempts": 1, "economic_lock_id": "economic-5634fd0c20cf3dd4fb5c95a8194846b54da1818cad145098946f05e6fc5505af", "exit_code": 0, "finished_at": "2026-09-28T18:07:37.819Z", "heartbeat_at": "2026-09-28T18:07:37.617Z", "identity": {"package": "predictor-ops", "record_sha256": "1c7946e1d994f63bc3e732fe4666edfb42967f3a7b7b11664af63ca572f0018f", "version": "4.2.2rc1"}, "job_id": "crypto-research-74ec7d8c878d7ec0f3e563e2", "operational_state": "SUCCEEDED", "ops_record_hash": "51f44819ede8fbd7edf7ddae2b51f5db954d1e9f7c79ab10b728478696938b24", "ops_run_id": "2aee5901a50e4054a375b8c29a1f4924", "ops_run_ids": ["2aee5901a50e4054a375b8c29a1f4924"], "retry_count": 0, "started_at": "2026-09-28T18:07:37.613Z"}, "produced_at": "2026-09-28T18:07:37.834068Z", "provenance": {"admission_policy_hash": "78e8b2d76c589c02254b299bcc633eaddfe82d6a93e7849a9b91d11f31563729", "admission_policy_id": "crypto-integration-qualification", "admission_policy_version": 1, "handler_identity": "crypto.handlers.backtest_existing_hypothesis.v1", "journal_identity": "ec11cf95583e6f900dafa5a85142716987e2094f4cd8ca462ac8aa0b170dce47", "logical_experiment_hash": "74ec7d8c878d7ec0f3e563e2cacca1c33065b57a8f1d8acae58ae57a4c21c757", "reference_materialization_receipt_hash": "4231917e097a4dcdb6cd5d63a2f193ec5d0413fc769c6c9c83a059d10491c9cb", "request_content_hash": "e6f566a4aabb7bdd0f453cf2e463f42a48a0524f7230c081f83a24a9effbc19c", "resolved_references_hash": "257b00d8d257e56401219b8ae046e9e5a1d90efaba5ab7cc654a493d0f59ee64"}, "request_id": "crypto:REQ-LLM-d516b11929b7a7de", "research_id": "crypto:RESEARCH-INTEGRATION-QUALIFICATION", "result_id": "crypto:RESULT-74ec7d8c878d7ec0f3e563e2cacca1c3", "result_state": "INCONCLUSIVE", "schema_version": "crypto-research-result/1", "scientific_state": "INCONCLUSIVE"}, "result_sha256": "5730508816eb938f4b320f56a6fa146977b3191a86f239e66b690e97583ce9af", "source": "authoritative_result_store", "status": "RESULT"}
--- stderr
--- end
{"n": 194, "label": "show crypto:REQ-IC-SOAK-024", "at": "2026-09-28T18:08:48Z", "seconds": 0.126, "argv": ["/home/runner/work/_temp/work/rt/consumer-venv/bin/cripto-research", "--state", "/home/runner/work/_temp/work/soak/domain-state", "show", "crypto:REQ-IC-SOAK-024"], "fault_env": {}, "exit": 0}
--- stdout
{"request_id": "crypto:REQ-IC-SOAK-024", "result": {"admission_id": "crypto:ADM-6bdbdae97137a40ab36be5366d0b5fe0", "capital_permission": false, "core_facts": {"dataset_fingerprint": "1e6356ed1c918f083af953f558a5d23fc6d777ec95bb6cdbde16ee34d257dddb", "identity": {"package": "predictor-core", "record_sha256": "eb8c5553379422a4317e5d6749a98912e95e873d52c80d7fa1fd87e6d96977c2", "version": "3.2.1"}, "scientific_state_source": "core_trial_registry", "statistics": {"gross_ci_high": 0.017213013221921758, "gross_ci_low": -0.015979456756561147, "mean_gross_return": 0.0014813065879295069, "mean_net_return": -0.0015624743736089553, "net_ci_high": 0.014325690337306372, "net_ci_low": -0.018976952345069627}, "temporal_validation": {"data_cutoff": "2026-08-31T00:00:00Z", "inequality": "available_at <= data_cutoff and observed_at monotonic and observed_at <= available_at", "max_available_at": "2026-08-31T00:00:00Z", "method": "predictor_core.measurement.replay", "rows": 52, "status": "PASS"}, "trial_ids": ["crypto:TRIAL-222e116e5dc795a9a7ad842ffb4910f7"], "trial_registry": "predictor_core.contracts.trial_v2.TrialRegistryV2", "trial_row_hash": "52e446dcd565ea62cc2df99f6d8e5778b2fd90ab9e97a98e73458aee9020bce9"}, "domain_facts": {"baseline_comparison": {"baseline_id": "crypto:BASELINE-FLAT", "gross_delta_bps": 15, "net_delta_bps": -16, "outcome": "LOSES"}, "baseline_identity": {"content_hash": "4cfdb5417495d2ab5067d67ad9d199d59d330fa4600a8d451b32a7b62e6be136", "name": "flat", "revision_id": "baseline:flat:real-v1", "version": "v1"}, "cost_model_identity": {"content_hash": "6168c2abe0d77bcceffc084905a6a2ba54a8cbdf5a1a55f48fbc1e30f3e44e65", "name": "v3-frozen", "revision_id": "cost_model:v3-frozen:real-v1", "version": "v1"}, "costs": {"cost_aware_decision": "NO_TRADE", "mean_funding_pnl_bps": 0, "mean_total_cost_bps": 31, "model": "GarimpoInvestimentos.v3.costs.CostModel", "round_trip_friction_bps": 30, "slippage_bps_per_leg": 5, "taker_fee_bps_per_leg": 10}, "data_cutoff": "2026-08-31T00:00:00Z", "data_quality": {"ok": true}, "dataset_identity": {"content_hash": "0d04cf7c11e8b27fd294a3c354dee3750c9de9d2b312f0044436e7a1751b9a33", "name": "real-in-sample", "revision_id": "dataset:real-in-sample:v1", "version": "v1"}, "effect_sha256": "c06e66074c8309ae603c84ba45850bfdddc6f4ff0a7fa7b656475921be7659fd", "evidence_identity": {"content_hash": "6f36df6bf689e20cc90c92fcd74baca040d4d6fa1a25368c71f35baf0fcf4bc9", "name": "none", "revision_id": "evidence:none:real-v1", "version": "v1"}, "handler": "crypto.handlers.backtest_existing_hypothesis.v1", "identity": {"package": "cripto-predictor", "record_sha256": "0cde203bc21746dc97498403c0d24fe62e4982340a720e8c7af049514462a262", "version": "1.2.0rc3"}, "metrics": {"ci": {"confidence": 0.95, "n_boot": 500, "scheme": "iid", "seed": 17}, "gross_ci_high_bps": 172, "gross_ci_low_bps": -160, "gross_return_bps": 15, "long_observations": 25, "max_drawdown_bps": -3440, "net_ci_high_bps": 143, "net_ci_low_bps": -190, "net_return_bps": -16, "sample_size": 52, "short_observations": 27, "turnover_round_trips": 52}, "model_identity": {"content_hash": "07225498b8d4834d762a198bc63ee650512fdf02e536d1b0a623bbe9a6fb3582", "name": "fixed-shadow", "revision_id": "protocol:fixed-shadow:real-v1", "version": "v1"}, "placebo_seed": 1024}, "economic_state": "NO_EDGE", "experiment_id": "crypto:EXP-222e116e5dc795a9a7ad842ffb4910f7", "hypothesis_id": "crypto:QUAL-SHADOW-REAL-003", "operational_state": "SUCCEEDED", "ops_facts": {"attempt_ids": ["crypto:ATTEMPT-bab06c838b9648a2ab182fa7332b62c8"], "attempts": 1, "economic_lock_id": "economic-f4f2f836b734be3a5a31686d0e8c1dd49951735a12ac7edfbfcd9da7a873f5e7", "exit_code": 0, "finished_at": "2026-09-28T18:07:00.364Z", "heartbeat_at": "2026-09-28T18:07:00.162Z", "identity": {"package": "predictor-ops", "record_sha256": "1c7946e1d994f63bc3e732fe4666edfb42967f3a7b7b11664af63ca572f0018f", "version": "4.2.2rc1"}, "job_id": "crypto-research-222e116e5dc795a9a7ad842f", "operational_state": "SUCCEEDED", "ops_record_hash": "4cd01aafd2308f067e9dc5687074c610e983594dcce22ae2e28fb162a53e5639", "ops_run_id": "4c58d0110bc24c53aa33c4d0a5a9574b", "ops_run_ids": ["4c58d0110bc24c53aa33c4d0a5a9574b"], "retry_count": 0, "started_at": "2026-09-28T18:07:00.158Z"}, "produced_at": "2026-09-28T18:07:00.378519Z", "provenance": {"admission_policy_hash": "78e8b2d76c589c02254b299bcc633eaddfe82d6a93e7849a9b91d11f31563729", "admission_policy_id": "crypto-integration-qualification", "admission_policy_version": 1, "handler_identity": "crypto.handlers.backtest_existing_hypothesis.v1", "journal_identity": "8d450029b33d937261bd6fe2646ee856ef6dccf0703f86fa436d44be8993a008", "logical_experiment_hash": "222e116e5dc795a9a7ad842ffb4910f7fc0527437650659bbd04f9e5b9f47c26", "reference_materialization_receipt_hash": "01f35b421d8ba1250c88514741079b2a35817b67a2a22d7b4f89b0679b1babfe", "request_content_hash": "3959a9b490742b4bd849d7aa74c47f97cd34493cfd8cc696e84887b1c49c20c7", "resolved_references_hash": "257b00d8d257e56401219b8ae046e9e5a1d90efaba5ab7cc654a493d0f59ee64"}, "request_id": "crypto:REQ-IC-SOAK-024", "research_id": "crypto:RESEARCH-INTEGRATION-QUALIFICATION", "result_id": "crypto:RESULT-222e116e5dc795a9a7ad842ffb4910f7", "result_state": "INCONCLUSIVE", "schema_version": "crypto-research-result/1", "scientific_state": "INCONCLUSIVE"}, "result_sha256": "fc4c2704867b0d7972eb4fa23fe6c0dc065187d62927839bfe61b032d7ce6a26", "source": "authoritative_result_store", "status": "RESULT"}
--- stderr
--- end
{"n": 195, "label": "show crypto:REQ-IC-SOAK-011", "at": "2026-09-28T18:08:49Z", "seconds": 0.126, "argv": ["/home/runner/work/_temp/work/rt/consumer-venv/bin/cripto-research", "--state", "/home/runner/work/_temp/work/soak/domain-state", "show", "crypto:REQ-IC-SOAK-011"], "fault_env": {}, "exit": 0}
--- stdout
{"request_id": "crypto:REQ-IC-SOAK-011", "result": {"admission_id": "crypto:ADM-edd2ad33d4d2bdaafd52b4ef92704d3b", "capital_permission": false, "core_facts": {"dataset_fingerprint": "1e6356ed1c918f083af953f558a5d23fc6d777ec95bb6cdbde16ee34d257dddb", "identity": {"package": "predictor-core", "record_sha256": "eb8c5553379422a4317e5d6749a98912e95e873d52c80d7fa1fd87e6d96977c2", "version": "3.2.1"}, "scientific_state_source": "core_trial_registry", "statistics": {"gross_ci_high": 0.008164304869306672, "gross_ci_low": -0.02404768167180167, "mean_gross_return": -0.007401098256511149, "mean_net_return": -0.010454256525741919, "net_ci_high": 0.005230660830845132, "net_ci_low": -0.027419248402570904}, "temporal_validation": {"data_cutoff": "2026-08-31T00:00:00Z", "inequality": "available_at <= data_cutoff and observed_at monotonic and observed_at <= available_at", "max_available_at": "2026-08-31T00:00:00Z", "method": "predictor_core.measurement.replay", "rows": 52, "status": "PASS"}, "trial_ids": ["crypto:TRIAL-5c57c4fde032024ffac28d479db0300e"], "trial_registry": "predictor_core.contracts.trial_v2.TrialRegistryV2", "trial_row_hash": "d344af40882202126e69a9a8e7de7fefa94748e03ac74b6940b0c5e25c00ae1d"}, "domain_facts": {"baseline_comparison": {"baseline_id": "crypto:BASELINE-FLAT", "gross_delta_bps": -74, "net_delta_bps": -105, "outcome": "LOSES"}, "baseline_identity": {"content_hash": "4cfdb5417495d2ab5067d67ad9d199d59d330fa4600a8d451b32a7b62e6be136", "name": "flat", "revision_id": "baseline:flat:real-v1", "version": "v1"}, "cost_model_identity": {"content_hash": "6168c2abe0d77bcceffc084905a6a2ba54a8cbdf5a1a55f48fbc1e30f3e44e65", "name": "v3-frozen", "revision_id": "cost_model:v3-frozen:real-v1", "version": "v1"}, "costs": {"cost_aware_decision": "NO_TRADE", "mean_funding_pnl_bps": -1, "mean_total_cost_bps": 31, "model": "GarimpoInvestimentos.v3.costs.CostModel", "round_trip_friction_bps": 30, "slippage_bps_per_leg": 5, "taker_fee_bps_per_leg": 10}, "data_cutoff": "2026-08-31T00:00:00Z", "data_quality": {"ok": true}, "dataset_identity": {"content_hash": "0d04cf7c11e8b27fd294a3c354dee3750c9de9d2b312f0044436e7a1751b9a33", "name": "real-in-sample", "revision_id": "dataset:real-in-sample:v1", "version": "v1"}, "effect_sha256": "4bb7b312e1979a136b95ae6446db4b1975225707cd4695563fda400da355487c", "evidence_identity": {"content_hash": "6f36df6bf689e20cc90c92fcd74baca040d4d6fa1a25368c71f35baf0fcf4bc9", "name": "none", "revision_id": "evidence:none:real-v1", "version": "v1"}, "handler": "crypto.handlers.backtest_existing_hypothesis.v1", "identity": {"package": "cripto-predictor", "record_sha256": "0cde203bc21746dc97498403c0d24fe62e4982340a720e8c7af049514462a262", "version": "1.2.0rc3"}, "metrics": {"ci": {"confidence": 0.95, "n_boot": 500, "scheme": "iid", "seed": 17}, "gross_ci_high_bps": 82, "gross_ci_low_bps": -240, "gross_return_bps": -74, "long_observations": 27, "max_drawdown_bps": -5066, "net_ci_high_bps": 52, "net_ci_low_bps": -274, "net_return_bps": -105, "sample_size": 52, "short_observations": 25, "turnover_round_trips": 52}, "model_identity": {"content_hash": "07225498b8d4834d762a198bc63ee650512fdf02e536d1b0a623bbe9a6fb3582", "name": "fixed-shadow", "revision_id": "protocol:fixed-shadow:real-v1", "version": "v1"}, "placebo_seed": 1011}, "economic_state": "NO_EDGE", "experiment_id": "crypto:EXP-5c57c4fde032024ffac28d479db0300e", "hypothesis_id": "crypto:QUAL-SHADOW-REAL-002", "operational_state": "SUCCEEDED", "ops_facts": {"attempt_ids": ["crypto:ATTEMPT-cab15681670e4403a849ea9e1b35a742"], "attempts": 1, "economic_lock_id": "economic-87537858f6b403b7faba3fedbe8be7bdf2578ca7527995935bdf17d390d8a461", "exit_code": 0, "finished_at": "2026-09-28T18:06:46.826Z", "heartbeat_at": "2026-09-28T18:06:46.625Z", "identity": {"package": "predictor-ops", "record_sha256": "1c7946e1d994f63bc3e732fe4666edfb42967f3a7b7b11664af63ca572f0018f", "version": "4.2.2rc1"}, "job_id": "crypto-research-5c57c4fde032024ffac28d47", "operational_state": "SUCCEEDED", "ops_record_hash": "cf903e5129cb06296182249d02113609836c0154a09c24488309c80295079512", "ops_run_id": "0a82fc1bb1334437a14f4817256f11d2", "ops_run_ids": ["0a82fc1bb1334437a14f4817256f11d2"], "retry_count": 0, "started_at": "2026-09-28T18:06:46.619Z"}, "produced_at": "2026-09-28T18:06:46.832179Z", "provenance": {"admission_policy_hash": "78e8b2d76c589c02254b299bcc633eaddfe82d6a93e7849a9b91d11f31563729", "admission_policy_id": "crypto-integration-qualification", "admission_policy_version": 1, "handler_identity": "crypto.handlers.backtest_existing_hypothesis.v1", "journal_identity": "d2dba7043dfe236515938e54426661a0b753c4a41056ae336755328403625861", "logical_experiment_hash": "5c57c4fde032024ffac28d479db0300e13f979ae1c11e725ed78a599a65b9a7c", "reference_materialization_receipt_hash": "a3ea047acf96d7c7016c39efcef8b09220ee488ab0af69482fddc32d20578cc9", "request_content_hash": "35a1b28a7a05f2c97cff1964fd3273f9550aaabdefde072c598a7848f249c020", "resolved_references_hash": "257b00d8d257e56401219b8ae046e9e5a1d90efaba5ab7cc654a493d0f59ee64"}, "request_id": "crypto:REQ-IC-SOAK-011", "research_id": "crypto:RESEARCH-INTEGRATION-QUALIFICATION", "result_id": "crypto:RESULT-5c57c4fde032024ffac28d479db0300e", "result_state": "INCONCLUSIVE", "schema_version": "crypto-research-result/1", "scientific_state": "INCONCLUSIVE"}, "result_sha256": "de8276dd5f56935afb58a0bbc02fbf9ea2351c80e1250cdf39f5daabe492cfcb", "source": "authoritative_result_store", "status": "RESULT"}
--- stderr
--- end
{"n": 196, "label": "show crypto:REQ-IC-SOAK-016", "at": "2026-09-28T18:08:49Z", "seconds": 0.127, "argv": ["/home/runner/work/_temp/work/rt/consumer-venv/bin/cripto-research", "--state", "/home/runner/work/_temp/work/soak/domain-state", "show", "crypto:REQ-IC-SOAK-016"], "fault_env": {}, "exit": 0}
--- stdout
{"request_id": "crypto:REQ-IC-SOAK-016", "result": {"admission_id": "crypto:ADM-3accea69be67017a9fb752968dc382d8", "capital_permission": false, "core_facts": {"dataset_fingerprint": "1e6356ed1c918f083af953f558a5d23fc6d777ec95bb6cdbde16ee34d257dddb", "identity": {"package": "predictor-core", "record_sha256": "eb8c5553379422a4317e5d6749a98912e95e873d52c80d7fa1fd87e6d96977c2", "version": "3.2.1"}, "scientific_state_source": "core_trial_registry", "statistics": {"gross_ci_high": 0.009980049424179759, "gross_ci_low": -0.02256156105422991, "mean_gross_return": -0.007623126939725542, "mean_net_return": -0.010941523285879388, "net_ci_high": 0.006791267501102836, "net_ci_low": -0.026044415669614525}, "temporal_validation": {"data_cutoff": "2026-08-31T00:00:00Z", "inequality": "available_at <= data_cutoff and observed_at monotonic and observed_at <= available_at", "max_available_at": "2026-08-31T00:00:00Z", "method": "predictor_core.measurement.replay", "rows": 52, "status": "PASS"}, "trial_ids": ["crypto:TRIAL-f30b16928dde55b06afeb74e5d38f276"], "trial_registry": "predictor_core.contracts.trial_v2.TrialRegistryV2", "trial_row_hash": "55159751b4b1d1d84f02a279955f1560512082f5186252fb1e8d002c4bcf3238"}, "domain_facts": {"baseline_comparison": {"baseline_id": "crypto:BASELINE-FLAT", "gross_delta_bps": -76, "net_delta_bps": -109, "outcome": "LOSES"}, "baseline_identity": {"content_hash": "4cfdb5417495d2ab5067d67ad9d199d59d330fa4600a8d451b32a7b62e6be136", "name": "flat", "revision_id": "baseline:flat:real-v1", "version": "v1"}, "cost_model_identity": {"content_hash": "6168c2abe0d77bcceffc084905a6a2ba54a8cbdf5a1a55f48fbc1e30f3e44e65", "name": "v3-frozen", "revision_id": "cost_model:v3-frozen:real-v1", "version": "v1"}, "costs": {"cost_aware_decision": "NO_TRADE", "mean_funding_pnl_bps": -3, "mean_total_cost_bps": 33, "model": "GarimpoInvestimentos.v3.costs.CostModel", "round_trip_friction_bps": 30, "slippage_bps_per_leg": 5, "taker_fee_bps_per_leg": 10}, "data_cutoff": "2026-08-31T00:00:00Z", "data_quality": {"ok": true}, "dataset_identity": {"content_hash": "0d04cf7c11e8b27fd294a3c354dee3750c9de9d2b312f0044436e7a1751b9a33", "name": "real-in-sample", "revision_id": "dataset:real-in-sample:v1", "version": "v1"}, "effect_sha256": "cfe29a2772cd90eb6bdf216cd3bfa554ba3260a4983b2c002c23db70200c0777", "evidence_identity": {"content_hash": "6f36df6bf689e20cc90c92fcd74baca040d4d6fa1a25368c71f35baf0fcf4bc9", "name": "none", "revision_id": "evidence:none:real-v1", "version": "v1"}, "handler": "crypto.handlers.backtest_existing_hypothesis.v1", "identity": {"package": "cripto-predictor", "record_sha256": "0cde203bc21746dc97498403c0d24fe62e4982340a720e8c7af049514462a262", "version": "1.2.0rc3"}, "metrics": {"ci": {"confidence": 0.95, "n_boot": 500, "scheme": "iid", "seed": 17}, "gross_ci_high_bps": 100, "gross_ci_low_bps": -226, "gross_return_bps": -76, "long_observations": 33, "max_drawdown_bps": -6228, "net_ci_high_bps": 68, "net_ci_low_bps": -260, "net_return_bps": -109, "sample_size": 52, "short_observations": 19, "turnover_round_trips": 52}, "model_identity": {"content_hash": "07225498b8d4834d762a198bc63ee650512fdf02e536d1b0a623bbe9a6fb3582", "name": "fixed-shadow", "revision_id": "protocol:fixed-shadow:real-v1", "version": "v1"}, "placebo_seed": 1016}, "economic_state": "NO_EDGE", "experiment_id": "crypto:EXP-f30b16928dde55b06afeb74e5d38f276", "hypothesis_id": "crypto:QUAL-SHADOW-REAL-001", "operational_state": "SUCCEEDED", "ops_facts": {"attempt_ids": ["crypto:ATTEMPT-bdb4e33859ae4ff08e56e92d6984e11a", "crypto:ATTEMPT-e0530e23315246c58636e23df9c1d4bf"], "attempts": 2, "economic_lock_id": "economic-ecc81edae35cac5956226048da5a98774b28c01d2c416f18d10c8ed48c78d9c7", "exit_code": 0, "finished_at": "2026-09-28T18:06:52.358Z", "heartbeat_at": "2026-09-28T18:06:52.157Z", "identity": {"package": "predictor-ops", "record_sha256": "1c7946e1d994f63bc3e732fe4666edfb42967f3a7b7b11664af63ca572f0018f", "version": "4.2.2rc1"}, "job_id": "crypto-research-f30b16928dde55b06afeb74e", "operational_state": "SUCCEEDED", "ops_record_hash": "630afca8e1734bd64d55db2cd07870da8457dfb3dcaefb7ff2f355e708bc67f0", "ops_run_id": "1b22630ace414b06bc4e4893286fe881", "ops_run_ids": ["fec664b091954d439370eb0de5198139", "1b22630ace414b06bc4e4893286fe881"], "retry_count": 1, "started_at": "2026-09-28T18:06:52.152Z"}, "produced_at": "2026-09-28T18:06:52.363608Z", "provenance": {"admission_policy_hash": "78e8b2d76c589c02254b299bcc633eaddfe82d6a93e7849a9b91d11f31563729", "admission_policy_id": "crypto-integration-qualification", "admission_policy_version": 1, "handler_identity": "crypto.handlers.backtest_existing_hypothesis.v1", "journal_identity": "74b1b325d0fb1e4d6800f0c11bffa5ab0f83e969c5c4b4a61eec852c97881689", "logical_experiment_hash": "f30b16928dde55b06afeb74e5d38f276433e970279cd427baec28e264ef8db07", "reference_materialization_receipt_hash": "5120240f6ba6d1ca83043b32a5b91faeae9d7c89688a7d4462141d2649df5ed9", "request_content_hash": "925d149c17c7fa1c7ba898945cb5008557201363cc3bbfbd6c46517d28a206db", "resolved_references_hash": "257b00d8d257e56401219b8ae046e9e5a1d90efaba5ab7cc654a493d0f59ee64"}, "request_id": "crypto:REQ-IC-SOAK-016", "research_id": "crypto:RESEARCH-INTEGRATION-QUALIFICATION", "result_id": "crypto:RESULT-f30b16928dde55b06afeb74e5d38f276", "result_state": "INCONCLUSIVE", "schema_version": "crypto-research-result/1", "scientific_state": "INCONCLUSIVE"}, "result_sha256": "64dc018f84d58e4aba703d78a8e1821fefd613d07ffef72f727cbba2a616b53c", "source": "authoritative_result_store", "status": "RESULT"}
--- stderr
--- end
{"n": 197, "label": "show crypto:REQ-LLM-d0fe310e5118d78c", "at": "2026-09-28T18:08:49Z", "seconds": 0.125, "argv": ["/home/runner/work/_temp/work/rt/consumer-venv/bin/cripto-research", "--state", "/home/runner/work/_temp/work/soak/domain-state", "show", "crypto:REQ-LLM-d0fe310e5118d78c"], "fault_env": {}, "exit": 0}
--- stdout
{"request_id": "crypto:REQ-LLM-d0fe310e5118d78c", "result": {"admission_id": "crypto:ADM-d7ffd82930d103f747afcb19733dcaa4", "capital_permission": false, "core_facts": {"dataset_fingerprint": "1e6356ed1c918f083af953f558a5d23fc6d777ec95bb6cdbde16ee34d257dddb", "identity": {"package": "predictor-core", "record_sha256": "eb8c5553379422a4317e5d6749a98912e95e873d52c80d7fa1fd87e6d96977c2", "version": "3.2.1"}, "scientific_state_source": "core_trial_registry", "statistics": {"gross_ci_high": 0.02792533099061392, "gross_ci_low": -0.00714473815595816, "mean_gross_return": 0.009630645418651359, "mean_net_return": 0.006579062149420589, "net_ci_high": 0.02496598214446007, "net_ci_low": -0.01030715369222092}, "temporal_validation": {"data_cutoff": "2026-08-31T00:00:00Z", "inequality": "available_at <= data_cutoff and observed_at monotonic and observed_at <= available_at", "max_available_at": "2026-08-31T00:00:00Z", "method": "predictor_core.measurement.replay", "rows": 52, "status": "PASS"}, "trial_ids": ["crypto:TRIAL-4330ef9ae1a43848a33dfa47b88a0b7c"], "trial_registry": "predictor_core.contracts.trial_v2.TrialRegistryV2", "trial_row_hash": "563866bdb989355fd97cfeff31c2bac4ea5b71acf8797dd4492a15d0187a9e80"}, "domain_facts": {"baseline_comparison": {"baseline_id": "crypto:BASELINE-FLAT", "gross_delta_bps": 96, "net_delta_bps": 66, "outcome": "BEATS"}, "baseline_identity": {"content_hash": "4cfdb5417495d2ab5067d67ad9d199d59d330fa4600a8d451b32a7b62e6be136", "name": "flat", "revision_id": "baseline:flat:real-v1", "version": "v1"}, "cost_model_identity": {"content_hash": "6168c2abe0d77bcceffc084905a6a2ba54a8cbdf5a1a55f48fbc1e30f3e44e65", "name": "v3-frozen", "revision_id": "cost_model:v3-frozen:real-v1", "version": "v1"}, "costs": {"cost_aware_decision": "NO_TRADE", "mean_funding_pnl_bps": -1, "mean_total_cost_bps": 30, "model": "GarimpoInvestimentos.v3.costs.CostModel", "round_trip_friction_bps": 30, "slippage_bps_per_leg": 5, "taker_fee_bps_per_leg": 10}, "data_cutoff": "2026-08-31T00:00:00Z", "data_quality": {"ok": true}, "dataset_identity": {"content_hash": "0d04cf7c11e8b27fd294a3c354dee3750c9de9d2b312f0044436e7a1751b9a33", "name": "real-in-sample", "revision_id": "dataset:real-in-sample:v1", "version": "v1"}, "effect_sha256": "b0b9d87b4c99050a08b401e0f191588200d4abf532a326c14329d97335d2bc29", "evidence_identity": {"content_hash": "6f36df6bf689e20cc90c92fcd74baca040d4d6fa1a25368c71f35baf0fcf4bc9", "name": "none", "revision_id": "evidence:none:real-v1", "version": "v1"}, "handler": "crypto.handlers.backtest_existing_hypothesis.v1", "identity": {"package": "cripto-predictor", "record_sha256": "0cde203bc21746dc97498403c0d24fe62e4982340a720e8c7af049514462a262", "version": "1.2.0rc3"}, "metrics": {"ci": {"confidence": 0.95, "n_boot": 500, "scheme": "iid", "seed": 17}, "gross_ci_high_bps": 279, "gross_ci_low_bps": -71, "gross_return_bps": 96, "long_observations": 27, "max_drawdown_bps": -3113, "net_ci_high_bps": 250, "net_ci_low_bps": -103, "net_return_bps": 66, "sample_size": 52, "short_observations": 25, "turnover_round_trips": 52}, "model_identity": {"content_hash": "07225498b8d4834d762a198bc63ee650512fdf02e536d1b0a623bbe9a6fb3582", "name": "fixed-shadow", "revision_id": "protocol:fixed-shadow:real-v1", "version": "v1"}, "placebo_seed": 319630}, "economic_state": "NO_EDGE", "experiment_id": "crypto:EXP-4330ef9ae1a43848a33dfa47b88a0b7c", "hypothesis_id": "crypto:QUAL-SHADOW-REAL-003", "operational_state": "SUCCEEDED", "ops_facts": {"attempt_ids": ["crypto:ATTEMPT-7650dfb9654a4aebbd624899cffeec39"], "attempts": 1, "economic_lock_id": "economic-6b6d653196eccce4e02510ab4dc9e6b1ab81a4be850a6109c79df25d50a25b62", "exit_code": 0, "finished_at": "2026-09-28T18:07:55.851Z", "heartbeat_at": "2026-09-28T18:07:55.650Z", "identity": {"package": "predictor-ops", "record_sha256": "1c7946e1d994f63bc3e732fe4666edfb42967f3a7b7b11664af63ca572f0018f", "version": "4.2.2rc1"}, "job_id": "crypto-research-4330ef9ae1a43848a33dfa47", "operational_state": "SUCCEEDED", "ops_record_hash": "d5f71c54fca62fb62e1022b2802d217d71076fd936bb9001fa8635ec5220c781", "ops_run_id": "5323580070d5406bba111610c49ae584", "ops_run_ids": ["5323580070d5406bba111610c49ae584"], "retry_count": 0, "started_at": "2026-09-28T18:07:55.645Z"}, "produced_at": "2026-09-28T18:07:55.856261Z", "provenance": {"admission_policy_hash": "78e8b2d76c589c02254b299bcc633eaddfe82d6a93e7849a9b91d11f31563729", "admission_policy_id": "crypto-integration-qualification", "admission_policy_version": 1, "handler_identity": "crypto.handlers.backtest_existing_hypothesis.v1", "journal_identity": "311d989a9c83b53b047c954f657a37a2b048d6e0a5d4bcba9c49cdb28a22cdad", "logical_experiment_hash": "4330ef9ae1a43848a33dfa47b88a0b7c87925d2b4f4127dca8e40257e4ef7511", "reference_materialization_receipt_hash": "e4f262df997f9ef0eaef0931c37ea37d11563479705d0e0e9fb4533cea4b86f3", "request_content_hash": "a7fc3fdfa635c6ec7700bab75dc737ae4ef4ab08f71a75f425794991a707f0db", "resolved_references_hash": "257b00d8d257e56401219b8ae046e9e5a1d90efaba5ab7cc654a493d0f59ee64"}, "request_id": "crypto:REQ-LLM-d0fe310e5118d78c", "research_id": "crypto:RESEARCH-INTEGRATION-QUALIFICATION", "result_id": "crypto:RESULT-4330ef9ae1a43848a33dfa47b88a0b7c", "result_state": "INCONCLUSIVE", "schema_version": "crypto-research-result/1", "scientific_state": "INCONCLUSIVE"}, "result_sha256": "70866d334180c5695896f048b72a4208e2a3bd47a3dfdce38948deb2df897639", "source": "authoritative_result_store", "status": "RESULT"}
--- stderr
--- end
{"n": 198, "label": "show crypto:REQ-IC-SOAK-019", "at": "2026-09-28T18:08:49Z", "seconds": 0.125, "argv": ["/home/runner/work/_temp/work/rt/consumer-venv/bin/cripto-research", "--state", "/home/runner/work/_temp/work/soak/domain-state", "show", "crypto:REQ-IC-SOAK-019"], "fault_env": {}, "exit": 0}
--- stdout
{"request_id": "crypto:REQ-IC-SOAK-019", "result": {"admission_id": "crypto:ADM-381c618ea94fd38f6966c45ad8e41044", "capital_permission": false, "core_facts": {"dataset_fingerprint": "1e6356ed1c918f083af953f558a5d23fc6d777ec95bb6cdbde16ee34d257dddb", "identity": {"package": "predictor-core", "record_sha256": "eb8c5553379422a4317e5d6749a98912e95e873d52c80d7fa1fd87e6d96977c2", "version": "3.2.1"}, "scientific_state_source": "core_trial_registry", "statistics": {"gross_ci_high": 0.0003756861262510727, "gross_ci_low": -0.03362341525367689, "mean_gross_return": -0.01693832936684607, "mean_net_return": -0.02004326071299992, "net_ci_high": -0.0026460316133788903, "net_ci_low": -0.03682005602290766}, "temporal_validation": {"data_cutoff": "2026-08-31T00:00:00Z", "inequality": "available_at <= data_cutoff and observed_at monotonic and observed_at <= available_at", "max_available_at": "2026-08-31T00:00:00Z", "method": "predictor_core.measurement.replay", "rows": 52, "status": "PASS"}, "trial_ids": ["crypto:TRIAL-b61bd1177df266aee88a3c3fd6f57099"], "trial_registry": "predictor_core.contracts.trial_v2.TrialRegistryV2", "trial_row_hash": "d805828f7b6f0f687f721faff6dc8155c778149fb5708a359300b47c1115c554"}, "domain_facts": {"baseline_comparison": {"baseline_id": "crypto:BASELINE-FLAT", "gross_delta_bps": -169, "net_delta_bps": -200, "outcome": "LOSES"}, "baseline_identity": {"content_hash": "4cfdb5417495d2ab5067d67ad9d199d59d330fa4600a8d451b32a7b62e6be136", "name": "flat", "revision_id": "baseline:flat:real-v1", "version": "v1"}, "cost_model_identity": {"content_hash": "6168c2abe0d77bcceffc084905a6a2ba54a8cbdf5a1a55f48fbc1e30f3e44e65", "name": "v3-frozen", "revision_id": "cost_model:v3-frozen:real-v1", "version": "v1"}, "costs": {"cost_aware_decision": "NO_TRADE", "mean_funding_pnl_bps": -1, "mean_total_cost_bps": 31, "model": "GarimpoInvestimentos.v3.costs.CostModel", "round_trip_friction_bps": 30, "slippage_bps_per_leg": 5, "taker_fee_bps_per_leg": 10}, "data_cutoff": "2026-08-31T00:00:00Z", "data_quality": {"ok": true}, "dataset_identity": {"content_hash": "0d04cf7c11e8b27fd294a3c354dee3750c9de9d2b312f0044436e7a1751b9a33", "name": "real-in-sample", "revision_id": "dataset:real-in-sample:v1", "version": "v1"}, "effect_sha256": "222beb60a370c2f59b5d7918b9f5769858563ab34c4f288d55b53f4722cf7dc5", "evidence_identity": {"content_hash": "6f36df6bf689e20cc90c92fcd74baca040d4d6fa1a25368c71f35baf0fcf4bc9", "name": "none", "revision_id": "evidence:none:real-v1", "version": "v1"}, "handler": "crypto.handlers.backtest_existing_hypothesis.v1", "identity": {"package": "cripto-predictor", "record_sha256": "0cde203bc21746dc97498403c0d24fe62e4982340a720e8c7af049514462a262", "version": "1.2.0rc3"}, "metrics": {"ci": {"confidence": 0.95, "n_boot": 500, "scheme": "iid", "seed": 17}, "gross_ci_high_bps": 4, "gross_ci_low_bps": -336, "gross_return_bps": -169, "long_observations": 27, "max_drawdown_bps": -6923, "net_ci_high_bps": -26, "net_ci_low_bps": -368, "net_return_bps": -200, "sample_size": 52, "short_observations": 25, "turnover_round_trips": 52}, "model_identity": {"content_hash": "07225498b8d4834d762a198bc63ee650512fdf02e536d1b0a623bbe9a6fb3582", "name": "fixed-shadow", "revision_id": "protocol:fixed-shadow:real-v1", "version": "v1"}, "placebo_seed": 1019}, "economic_state": "NO_EDGE", "experiment_id": "crypto:EXP-b61bd1177df266aee88a3c3fd6f57099", "hypothesis_id": "crypto:QUAL-SHADOW-REAL-001", "operational_state": "SUCCEEDED", "ops_facts": {"attempt_ids": ["crypto:ATTEMPT-3fbac21553fc4b989996d7d626bbc9c1"], "attempts": 1, "economic_lock_id": "economic-402c68270f4d147796885aca9914fc14ee96c23bcc0d64635b19e895d212eef2", "exit_code": 0, "finished_at": "2026-09-28T18:06:55.180Z", "heartbeat_at": "2026-09-28T18:06:54.979Z", "identity": {"package": "predictor-ops", "record_sha256": "1c7946e1d994f63bc3e732fe4666edfb42967f3a7b7b11664af63ca572f0018f", "version": "4.2.2rc1"}, "job_id": "crypto-research-b61bd1177df266aee88a3c3f", "operational_state": "SUCCEEDED", "ops_record_hash": "91332acdd4c334bc5ed3fdc159bfe40982b4bf53b6da4f92c8cb974509307ed3", "ops_run_id": "3c2b772ddad343a0aa654cc5825b2cf8", "ops_run_ids": ["3c2b772ddad343a0aa654cc5825b2cf8"], "retry_count": 0, "started_at": "2026-09-28T18:06:54.974Z"}, "produced_at": "2026-09-28T18:06:55.185516Z", "provenance": {"admission_policy_hash": "78e8b2d76c589c02254b299bcc633eaddfe82d6a93e7849a9b91d11f31563729", "admission_policy_id": "crypto-integration-qualification", "admission_policy_version": 1, "handler_identity": "crypto.handlers.backtest_existing_hypothesis.v1", "journal_identity": "debb9d71ab49dfacc0556eae3e1a8e92d2b62a1fa065fd18d5be525bc4314435", "logical_experiment_hash": "b61bd1177df266aee88a3c3fd6f57099c3e700c07eec3418016d1c6d5b935d70", "reference_materialization_receipt_hash": "1a85ebc3ac5c3c739d141e6f5acee9c71f6c15655e386e9ecc95ffa8cab81e50", "request_content_hash": "e6aec9a5a074bc7467ccd01e0c6cc10afdf9afb0df31778e5e46992b8574c68e", "resolved_references_hash": "257b00d8d257e56401219b8ae046e9e5a1d90efaba5ab7cc654a493d0f59ee64"}, "request_id": "crypto:REQ-IC-SOAK-019", "research_id": "crypto:RESEARCH-INTEGRATION-QUALIFICATION", "result_id": "crypto:RESULT-b61bd1177df266aee88a3c3fd6f57099", "result_state": "INCONCLUSIVE", "schema_version": "crypto-research-result/1", "scientific_state": "INCONCLUSIVE"}, "result_sha256": "45b8369171ec5e5c03858ecf303b6dd14b51de031c8b32b83fdb00ef6539f3eb", "source": "authoritative_result_store", "status": "RESULT"}
--- stderr
--- end
{"n": 199, "label": "show crypto:REQ-LLM-9ae4d056a2e7b32a", "at": "2026-09-28T18:08:49Z", "seconds": 0.124, "argv": ["/home/runner/work/_temp/work/rt/consumer-venv/bin/cripto-research", "--state", "/home/runner/work/_temp/work/soak/domain-state", "show", "crypto:REQ-LLM-9ae4d056a2e7b32a"], "fault_env": {}, "exit": 0}
--- stdout
{"request_id": "crypto:REQ-LLM-9ae4d056a2e7b32a", "result": {"admission_id": "crypto:ADM-b236a2a6fff0995306a5b467565dbb11", "capital_permission": false, "core_facts": {"dataset_fingerprint": "1e6356ed1c918f083af953f558a5d23fc6d777ec95bb6cdbde16ee34d257dddb", "identity": {"package": "predictor-core", "record_sha256": "eb8c5553379422a4317e5d6749a98912e95e873d52c80d7fa1fd87e6d96977c2", "version": "3.2.1"}, "scientific_state_source": "core_trial_registry", "statistics": {"gross_ci_high": 0.008805212547544038, "gross_ci_low": -0.02571737318212723, "mean_gross_return": -0.007189722442335255, "mean_net_return": -0.010199402634642947, "net_ci_high": 0.006078996009082498, "net_ci_low": -0.028836763231754256}, "temporal_validation": {"data_cutoff": "2026-08-31T00:00:00Z", "inequality": "available_at <= data_cutoff and observed_at monotonic and observed_at <= available_at", "max_available_at": "2026-08-31T00:00:00Z", "method": "predictor_core.measurement.replay", "rows": 52, "status": "PASS"}, "trial_ids": ["crypto:TRIAL-4fafc2657ba925e733c62ebe2b29a6f8"], "trial_registry": "predictor_core.contracts.trial_v2.TrialRegistryV2", "trial_row_hash": "8633685ebf95dc7605c38a5ca087dc1238428920c145c4ab36e48a8bd55f7cfb"}, "domain_facts": {"baseline_comparison": {"baseline_id": "crypto:BASELINE-FLAT", "gross_delta_bps": -72, "net_delta_bps": -102, "outcome": "LOSES"}, "baseline_identity": {"content_hash": "4cfdb5417495d2ab5067d67ad9d199d59d330fa4600a8d451b32a7b62e6be136", "name": "flat", "revision_id": "baseline:flat:real-v1", "version": "v1"}, "cost_model_identity": {"content_hash": "6168c2abe0d77bcceffc084905a6a2ba54a8cbdf5a1a55f48fbc1e30f3e44e65", "name": "v3-frozen", "revision_id": "cost_model:v3-frozen:real-v1", "version": "v1"}, "costs": {"cost_aware_decision": "NO_TRADE", "mean_funding_pnl_bps": 0, "mean_total_cost_bps": 30, "model": "GarimpoInvestimentos.v3.costs.CostModel", "round_trip_friction_bps": 30, "slippage_bps_per_leg": 5, "taker_fee_bps_per_leg": 10}, "data_cutoff": "2026-08-31T00:00:00Z", "data_quality": {"ok": true}, "dataset_identity": {"content_hash": "0d04cf7c11e8b27fd294a3c354dee3750c9de9d2b312f0044436e7a1751b9a33", "name": "real-in-sample", "revision_id": "dataset:real-in-sample:v1", "version": "v1"}, "effect_sha256": "2c3f57ac3bff53eeabbab2cd2c0f65dcc72eb4f56876373d7394be2b0beab21d", "evidence_identity": {"content_hash": "6f36df6bf689e20cc90c92fcd74baca040d4d6fa1a25368c71f35baf0fcf4bc9", "name": "none", "revision_id": "evidence:none:real-v1", "version": "v1"}, "handler": "crypto.handlers.backtest_existing_hypothesis.v1", "identity": {"package": "cripto-predictor", "record_sha256": "0cde203bc21746dc97498403c0d24fe62e4982340a720e8c7af049514462a262", "version": "1.2.0rc3"}, "metrics": {"ci": {"confidence": 0.95, "n_boot": 500, "scheme": "iid", "seed": 17}, "gross_ci_high_bps": 88, "gross_ci_low_bps": -257, "gross_return_bps": -72, "long_observations": 23, "max_drawdown_bps": -4837, "net_ci_high_bps": 61, "net_ci_low_bps": -288, "net_return_bps": -102, "sample_size": 52, "short_observations": 29, "turnover_round_trips": 52}, "model_identity": {"content_hash": "07225498b8d4834d762a198bc63ee650512fdf02e536d1b0a623bbe9a6fb3582", "name": "fixed-shadow", "revision_id": "protocol:fixed-shadow:real-v1", "version": "v1"}, "placebo_seed": 686806}, "economic_state": "NO_EDGE", "experiment_id": "crypto:EXP-4fafc2657ba925e733c62ebe2b29a6f8", "hypothesis_id": "crypto:QUAL-SHADOW-REAL-003", "operational_state": "SUCCEEDED", "ops_facts": {"attempt_ids": ["crypto:ATTEMPT-4431b9df4c8c47259f8fb06d3682e2db"], "attempts": 1, "economic_lock_id": "economic-86125ec628348f5f60e6f6e99e616d22afef3be0cab3d7bd6d029b2fa2cfed50", "exit_code": 0, "finished_at": "2026-09-28T18:08:48.302Z", "heartbeat_at": "2026-09-28T18:08:48.100Z", "identity": {"package": "predictor-ops", "record_sha256": "1c7946e1d994f63bc3e732fe4666edfb42967f3a7b7b11664af63ca572f0018f", "version": "4.2.2rc1"}, "job_id": "crypto-research-4fafc2657ba925e733c62ebe", "operational_state": "SUCCEEDED", "ops_record_hash": "59f43e4e39828f5f5d26df5012c44f3fc228ab85f5a8ca81d4b2e5c7a1b0fedc", "ops_run_id": "fa913299a021495eabbc01357f209778", "ops_run_ids": ["fa913299a021495eabbc01357f209778"], "retry_count": 0, "started_at": "2026-09-28T18:08:48.095Z"}, "produced_at": "2026-09-28T18:08:48.306980Z", "provenance": {"admission_policy_hash": "78e8b2d76c589c02254b299bcc633eaddfe82d6a93e7849a9b91d11f31563729", "admission_policy_id": "crypto-integration-qualification", "admission_policy_version": 1, "handler_identity": "crypto.handlers.backtest_existing_hypothesis.v1", "journal_identity": "e7f040940f94ab62a5b6d9331da33f64145d1133e6a3e58fa07b4dbdf314166c", "logical_experiment_hash": "4fafc2657ba925e733c62ebe2b29a6f8002fc661d8f12753c9f0250bb37b20f4", "reference_materialization_receipt_hash": "0959781c59bb4a81e242160ecae341f818cf45168d64386bc35ba26eb9497d2c", "request_content_hash": "c100a8e3f3241bf35b84d1300598ad287c241b9080ebd39e3cca9db51278fbb3", "resolved_references_hash": "257b00d8d257e56401219b8ae046e9e5a1d90efaba5ab7cc654a493d0f59ee64"}, "request_id": "crypto:REQ-LLM-9ae4d056a2e7b32a", "research_id": "crypto:RESEARCH-INTEGRATION-QUALIFICATION", "result_id": "crypto:RESULT-4fafc2657ba925e733c62ebe2b29a6f8", "result_state": "INCONCLUSIVE", "schema_version": "crypto-research-result/1", "scientific_state": "INCONCLUSIVE"}, "result_sha256": "ff79c77188eb42b19d760ee5c22d835888b0cadb31ed6918a19f45c85ae41124", "source": "authoritative_result_store", "status": "RESULT"}
--- stderr
--- end
{"n": 200, "label": "show crypto:REQ-IC-SOAK-005", "at": "2026-09-28T18:08:49Z", "seconds": 0.122, "argv": ["/home/runner/work/_temp/work/rt/consumer-venv/bin/cripto-research", "--state", "/home/runner/work/_temp/work/soak/domain-state", "show", "crypto:REQ-IC-SOAK-005"], "fault_env": {}, "exit": 0}
--- stdout
{"request_id": "crypto:REQ-IC-SOAK-005", "result": {"admission_id": "crypto:ADM-f55bb20b882587f08a5ea800929a6a83", "capital_permission": false, "core_facts": {"dataset_fingerprint": "1e6356ed1c918f083af953f558a5d23fc6d777ec95bb6cdbde16ee34d257dddb", "identity": {"package": "predictor-core", "record_sha256": "eb8c5553379422a4317e5d6749a98912e95e873d52c80d7fa1fd87e6d96977c2", "version": "3.2.1"}, "scientific_state_source": "core_trial_registry", "statistics": {"gross_ci_high": 0.010208916788953692, "gross_ci_low": -0.02320684260511376, "mean_gross_return": -0.006025421317052304, "mean_net_return": -0.00917600343243692, "net_ci_high": 0.007236146133887015, "net_ci_low": -0.026348752159692273}, "temporal_validation": {"data_cutoff": "2026-08-31T00:00:00Z", "inequality": "available_at <= data_cutoff and observed_at monotonic and observed_at <= available_at", "max_available_at": "2026-08-31T00:00:00Z", "method": "predictor_core.measurement.replay", "rows": 52, "status": "PASS"}, "trial_ids": ["crypto:TRIAL-3cce76453452f335809675784c455554"], "trial_registry": "predictor_core.contracts.trial_v2.TrialRegistryV2", "trial_row_hash": "6eb61d8eb554b7b6d125ce5771ff52c3a32b0306102be8a11301497f57cf5054"}, "domain_facts": {"baseline_comparison": {"baseline_id": "crypto:BASELINE-FLAT", "gross_delta_bps": -60, "net_delta_bps": -92, "outcome": "LOSES"}, "baseline_identity": {"content_hash": "4cfdb5417495d2ab5067d67ad9d199d59d330fa4600a8d451b32a7b62e6be136", "name": "flat", "revision_id": "baseline:flat:real-v1", "version": "v1"}, "cost_model_identity": {"content_hash": "6168c2abe0d77bcceffc084905a6a2ba54a8cbdf5a1a55f48fbc1e30f3e44e65", "name": "v3-frozen", "revision_id": "cost_model:v3-frozen:real-v1", "version": "v1"}, "costs": {"cost_aware_decision": "NO_TRADE", "mean_funding_pnl_bps": -2, "mean_total_cost_bps": 32, "model": "GarimpoInvestimentos.v3.costs.CostModel", "round_trip_friction_bps": 30, "slippage_bps_per_leg": 5, "taker_fee_bps_per_leg": 10}, "data_cutoff": "2026-08-31T00:00:00Z", "data_quality": {"ok": true}, "dataset_identity": {"content_hash": "0d04cf7c11e8b27fd294a3c354dee3750c9de9d2b312f0044436e7a1751b9a33", "name": "real-in-sample", "revision_id": "dataset:real-in-sample:v1", "version": "v1"}, "effect_sha256": "7409f52cad5892b87a483fb82ae3ffa5128183aeab03075cf391987fab5e18d9", "evidence_identity": {"content_hash": "6f36df6bf689e20cc90c92fcd74baca040d4d6fa1a25368c71f35baf0fcf4bc9", "name": "none", "revision_id": "evidence:none:real-v1", "version": "v1"}, "handler": "crypto.handlers.backtest_existing_hypothesis.v1", "identity": {"package": "cripto-predictor", "record_sha256": "0cde203bc21746dc97498403c0d24fe62e4982340a720e8c7af049514462a262", "version": "1.2.0rc3"}, "metrics": {"ci": {"confidence": 0.95, "n_boot": 500, "scheme": "iid", "seed": 17}, "gross_ci_high_bps": 102, "gross_ci_low_bps": -232, "gross_return_bps": -60, "long_observations": 31, "max_drawdown_bps": -5331, "net_ci_high_bps": 72, "net_ci_low_bps": -263, "net_return_bps": -92, "sample_size": 52, "short_observations": 21, "turnover_round_trips": 52}, "model_identity": {"content_hash": "07225498b8d4834d762a198bc63ee650512fdf02e536d1b0a623bbe9a6fb3582", "name": "fixed-shadow", "revision_id": "protocol:fixed-shadow:real-v1", "version": "v1"}, "placebo_seed": 1005}, "economic_state": "NO_EDGE", "experiment_id": "crypto:EXP-3cce76453452f335809675784c455554", "hypothesis_id": "crypto:QUAL-SHADOW-REAL-002", "operational_state": "SUCCEEDED", "ops_facts": {"attempt_ids": ["crypto:ATTEMPT-a404c71ca9634296b8520b0e4e29d6f8"], "attempts": 1, "economic_lock_id": "economic-863323cea75558dd3e6d284ba3af57d4dfb90a650756981ddb39991d1d96daee", "exit_code": 0, "finished_at": "2026-09-28T18:06:39.003Z", "heartbeat_at": "2026-09-28T18:06:38.801Z", "identity": {"package": "predictor-ops", "record_sha256": "1c7946e1d994f63bc3e732fe4666edfb42967f3a7b7b11664af63ca572f0018f", "version": "4.2.2rc1"}, "job_id": "crypto-research-3cce76453452f33580967578", "operational_state": "SUCCEEDED", "ops_record_hash": "ad3cb40148ffd589e67a6c7b512e1fe4be72a7821e75b3590627967650e46b74", "ops_run_id": "3f8338aa0b6d4dc8a4127fb830ca4739", "ops_run_ids": ["3f8338aa0b6d4dc8a4127fb830ca4739"], "retry_count": 0, "started_at": "2026-09-28T18:06:38.797Z"}, "produced_at": "2026-09-28T18:06:39.008119Z", "provenance": {"admission_policy_hash": "78e8b2d76c589c02254b299bcc633eaddfe82d6a93e7849a9b91d11f31563729", "admission_policy_id": "crypto-integration-qualification", "admission_policy_version": 1, "handler_identity": "crypto.handlers.backtest_existing_hypothesis.v1", "journal_identity": "50ddf904887476ee5aa23991048f325773dfc562a9db66384ec8459355f9121a", "logical_experiment_hash": "3cce76453452f335809675784c455554b82deaaef63e33ba8b60ff60d89c9c8d", "reference_materialization_receipt_hash": "c6bfd07f830e01c9da3c6f13c58f948a46a49d531c541d166caa60c357dc8a64", "request_content_hash": "4d35f42f2f282aee147519de041b909c3df612d0fc5cbc18222ddbd041116d4a", "resolved_references_hash": "257b00d8d257e56401219b8ae046e9e5a1d90efaba5ab7cc654a493d0f59ee64"}, "request_id": "crypto:REQ-IC-SOAK-005", "research_id": "crypto:RESEARCH-INTEGRATION-QUALIFICATION", "result_id": "crypto:RESULT-3cce76453452f335809675784c455554", "result_state": "INCONCLUSIVE", "schema_version": "crypto-research-result/1", "scientific_state": "INCONCLUSIVE"}, "result_sha256": "1b9b210e3ca9eee88ca86cf0c88fad14b8a5322d8561cfab31d36eddaa78d0a9", "source": "authoritative_result_store", "status": "RESULT"}
--- stderr
--- end
{"n": 201, "label": "show crypto:REQ-IC-SOAK-015", "at": "2026-09-28T18:08:49Z", "seconds": 0.122, "argv": ["/home/runner/work/_temp/work/rt/consumer-venv/bin/cripto-research", "--state", "/home/runner/work/_temp/work/soak/domain-state", "show", "crypto:REQ-IC-SOAK-015"], "fault_env": {}, "exit": 0}
--- stdout
{"request_id": "crypto:REQ-IC-SOAK-015", "result": {"admission_id": "crypto:ADM-181f69be1f7c63f6df0f5b5b91d3e46a", "capital_permission": false, "core_facts": {"dataset_fingerprint": "1e6356ed1c918f083af953f558a5d23fc6d777ec95bb6cdbde16ee34d257dddb", "identity": {"package": "predictor-core", "record_sha256": "eb8c5553379422a4317e5d6749a98912e95e873d52c80d7fa1fd87e6d96977c2", "version": "3.2.1"}, "scientific_state_source": "core_trial_registry", "statistics": {"gross_ci_high": 0.02625836953303416, "gross_ci_low": -0.007654503030228369, "mean_gross_return": 0.010084177572267074, "mean_net_return": 0.007039273918420918, "net_ci_high": 0.02319666360733986, "net_ci_low": -0.010817239101550857}, "temporal_validation": {"data_cutoff": "2026-08-31T00:00:00Z", "inequality": "available_at <= data_cutoff and observed_at monotonic and observed_at <= available_at", "max_available_at": "2026-08-31T00:00:00Z", "method": "predictor_core.measurement.replay", "rows": 52, "status": "PASS"}, "trial_ids": ["crypto:TRIAL-d04c61223969f2536a9a5e9d752f596e"], "trial_registry": "predictor_core.contracts.trial_v2.TrialRegistryV2", "trial_row_hash": "f5d18f8b1302d46bbee07da96503a5a94367eec8507c202c926f3c0cd69f6200"}, "domain_facts": {"baseline_comparison": {"baseline_id": "crypto:BASELINE-FLAT", "gross_delta_bps": 101, "net_delta_bps": 70, "outcome": "BEATS"}, "baseline_identity": {"content_hash": "4cfdb5417495d2ab5067d67ad9d199d59d330fa4600a8d451b32a7b62e6be136", "name": "flat", "revision_id": "baseline:flat:real-v1", "version": "v1"}, "cost_model_identity": {"content_hash": "6168c2abe0d77bcceffc084905a6a2ba54a8cbdf5a1a55f48fbc1e30f3e44e65", "name": "v3-frozen", "revision_id": "cost_model:v3-frozen:real-v1", "version": "v1"}, "costs": {"cost_aware_decision": "NO_TRADE", "mean_funding_pnl_bps": 0, "mean_total_cost_bps": 31, "model": "GarimpoInvestimentos.v3.costs.CostModel", "round_trip_friction_bps": 30, "slippage_bps_per_leg": 5, "taker_fee_bps_per_leg": 10}, "data_cutoff": "2026-08-31T00:00:00Z", "data_quality": {"ok": true}, "dataset_identity": {"content_hash": "0d04cf7c11e8b27fd294a3c354dee3750c9de9d2b312f0044436e7a1751b9a33", "name": "real-in-sample", "revision_id": "dataset:real-in-sample:v1", "version": "v1"}, "effect_sha256": "b5d803272a8221fbcb8a9cd5a584ac9a2882841f1f3ed96c9b27de10778f23bd", "evidence_identity": {"content_hash": "6f36df6bf689e20cc90c92fcd74baca040d4d6fa1a25368c71f35baf0fcf4bc9", "name": "none", "revision_id": "evidence:none:real-v1", "version": "v1"}, "handler": "crypto.handlers.backtest_existing_hypothesis.v1", "identity": {"package": "cripto-predictor", "record_sha256": "0cde203bc21746dc97498403c0d24fe62e4982340a720e8c7af049514462a262", "version": "1.2.0rc3"}, "metrics": {"ci": {"confidence": 0.95, "n_boot": 500, "scheme": "iid", "seed": 17}, "gross_ci_high_bps": 263, "gross_ci_low_bps": -77, "gross_return_bps": 101, "long_observations": 28, "max_drawdown_bps": -2330, "net_ci_high_bps": 232, "net_ci_low_bps": -108, "net_return_bps": 70, "sample_size": 52, "short_observations": 24, "turnover_round_trips": 52}, "model_identity": {"content_hash": "07225498b8d4834d762a198bc63ee650512fdf02e536d1b0a623bbe9a6fb3582", "name": "fixed-shadow", "revision_id": "protocol:fixed-shadow:real-v1", "version": "v1"}, "placebo_seed": 1015}, "economic_state": "NO_EDGE", "experiment_id": "crypto:EXP-d04c61223969f2536a9a5e9d752f596e", "hypothesis_id": "crypto:QUAL-SHADOW-REAL-003", "operational_state": "SUCCEEDED", "ops_facts": {"attempt_ids": ["crypto:ATTEMPT-9de2c897b15146b89adc7621943e0937"], "attempts": 1, "economic_lock_id": "economic-851b8394f0b34b145172c39dd8f1073fd9d34fba47b58ce6a96f259fcb80f3f8", "exit_code": 0, "finished_at": "2026-09-28T18:06:50.810Z", "heartbeat_at": "2026-09-28T18:06:50.609Z", "identity": {"package": "predictor-ops", "record_sha256": "1c7946e1d994f63bc3e732fe4666edfb42967f3a7b7b11664af63ca572f0018f", "version": "4.2.2rc1"}, "job_id": "crypto-research-d04c61223969f2536a9a5e9d", "operational_state": "SUCCEEDED", "ops_record_hash": "df6dedc771a3a22079ed4df51d2fd3125737c484df9f036e5a562c6b1176d4be", "ops_run_id": "bcf3adf4cafe4fa78db5d2dca74a912a", "ops_run_ids": ["bcf3adf4cafe4fa78db5d2dca74a912a"], "retry_count": 0, "started_at": "2026-09-28T18:06:50.604Z"}, "produced_at": "2026-09-28T18:06:50.824196Z", "provenance": {"admission_policy_hash": "78e8b2d76c589c02254b299bcc633eaddfe82d6a93e7849a9b91d11f31563729", "admission_policy_id": "crypto-integration-qualification", "admission_policy_version": 1, "handler_identity": "crypto.handlers.backtest_existing_hypothesis.v1", "journal_identity": "d692d9c091acf9645d68cde7ea07728765157dd1aec2ca1665ea15692511c54c", "logical_experiment_hash": "d04c61223969f2536a9a5e9d752f596e6962292786f99c566d487f784a7a88d5", "reference_materialization_receipt_hash": "5fbe36f094514447e4fdb71dc7d4c89584a9d73baf1a7139b07edeed7fb77681", "request_content_hash": "f45eea3fd19161f599ceb168d8106d828adbcb0941b1b91d42602b9fc5868d87", "resolved_references_hash": "257b00d8d257e56401219b8ae046e9e5a1d90efaba5ab7cc654a493d0f59ee64"}, "request_id": "crypto:REQ-IC-SOAK-015", "research_id": "crypto:RESEARCH-INTEGRATION-QUALIFICATION", "result_id": "crypto:RESULT-d04c61223969f2536a9a5e9d752f596e", "result_state": "INCONCLUSIVE", "schema_version": "crypto-research-result/1", "scientific_state": "INCONCLUSIVE"}, "result_sha256": "697b428cd3ea9c99a8dfcf447296663e99f597da1c4a6e3d08e326683a17b91b", "source": "authoritative_result_store", "status": "RESULT"}
--- stderr
--- end
{"n": 202, "label": "show crypto:REQ-IC-SOAK-023", "at": "2026-09-28T18:08:49Z", "seconds": 0.123, "argv": ["/home/runner/work/_temp/work/rt/consumer-venv/bin/cripto-research", "--state", "/home/runner/work/_temp/work/soak/domain-state", "show", "crypto:REQ-IC-SOAK-023"], "fault_env": {}, "exit": 0}
--- stdout
{"request_id": "crypto:REQ-IC-SOAK-023", "result": {"admission_id": "crypto:ADM-6312ad15797a4a9fa3ed0ef4d77b8ddd", "capital_permission": false, "core_facts": {"dataset_fingerprint": "1e6356ed1c918f083af953f558a5d23fc6d777ec95bb6cdbde16ee34d257dddb", "identity": {"package": "predictor-core", "record_sha256": "eb8c5553379422a4317e5d6749a98912e95e873d52c80d7fa1fd87e6d96977c2", "version": "3.2.1"}, "scientific_state_source": "core_trial_registry", "statistics": {"gross_ci_high": 0.02455358606823386, "gross_ci_low": -0.010384968885199455, "mean_gross_return": 0.007503447679070732, "mean_net_return": 0.004337406332916884, "net_ci_high": 0.02141079818361847, "net_ci_low": -0.013483285764723055}, "temporal_validation": {"data_cutoff": "2026-08-31T00:00:00Z", "inequality": "available_at <= data_cutoff and observed_at monotonic and observed_at <= available_at", "max_available_at": "2026-08-31T00:00:00Z", "method": "predictor_core.measurement.replay", "rows": 52, "status": "PASS"}, "trial_ids": ["crypto:TRIAL-96634b7da63e286826ad91529b38f764"], "trial_registry": "predictor_core.contracts.trial_v2.TrialRegistryV2", "trial_row_hash": "0cf940cc914240e6691f4fe4b4c3f000cb719914dd79b9546c0a6dbda7a91b70"}, "domain_facts": {"baseline_comparison": {"baseline_id": "crypto:BASELINE-FLAT", "gross_delta_bps": 75, "net_delta_bps": 43, "outcome": "BEATS"}, "baseline_identity": {"content_hash": "4cfdb5417495d2ab5067d67ad9d199d59d330fa4600a8d451b32a7b62e6be136", "name": "flat", "revision_id": "baseline:flat:real-v1", "version": "v1"}, "cost_model_identity": {"content_hash": "6168c2abe0d77bcceffc084905a6a2ba54a8cbdf5a1a55f48fbc1e30f3e44e65", "name": "v3-frozen", "revision_id": "cost_model:v3-frozen:real-v1", "version": "v1"}, "costs": {"cost_aware_decision": "NO_TRADE", "mean_funding_pnl_bps": -2, "mean_total_cost_bps": 32, "model": "GarimpoInvestimentos.v3.costs.CostModel", "round_trip_friction_bps": 30, "slippage_bps_per_leg": 5, "taker_fee_bps_per_leg": 10}, "data_cutoff": "2026-08-31T00:00:00Z", "data_quality": {"ok": true}, "dataset_identity": {"content_hash": "0d04cf7c11e8b27fd294a3c354dee3750c9de9d2b312f0044436e7a1751b9a33", "name": "real-in-sample", "revision_id": "dataset:real-in-sample:v1", "version": "v1"}, "effect_sha256": "b5f2f60a915b32e220b863246bf7d8c2bc5e0dd89b32514ff4f4f3ab3cd18ee2", "evidence_identity": {"content_hash": "6f36df6bf689e20cc90c92fcd74baca040d4d6fa1a25368c71f35baf0fcf4bc9", "name": "none", "revision_id": "evidence:none:real-v1", "version": "v1"}, "handler": "crypto.handlers.backtest_existing_hypothesis.v1", "identity": {"package": "cripto-predictor", "record_sha256": "0cde203bc21746dc97498403c0d24fe62e4982340a720e8c7af049514462a262", "version": "1.2.0rc3"}, "metrics": {"ci": {"confidence": 0.95, "n_boot": 500, "scheme": "iid", "seed": 17}, "gross_ci_high_bps": 246, "gross_ci_low_bps": -104, "gross_return_bps": 75, "long_observations": 34, "max_drawdown_bps": -2933, "net_ci_high_bps": 214, "net_ci_low_bps": -135, "net_return_bps": 43, "sample_size": 52, "short_observations": 18, "turnover_round_trips": 52}, "model_identity": {"content_hash": "07225498b8d4834d762a198bc63ee650512fdf02e536d1b0a623bbe9a6fb3582", "name": "fixed-shadow", "revision_id": "protocol:fixed-shadow:real-v1", "version": "v1"}, "placebo_seed": 1023}, "economic_state": "NO_EDGE", "experiment_id": "crypto:EXP-96634b7da63e286826ad91529b38f764", "hypothesis_id": "crypto:QUAL-SHADOW-REAL-002", "operational_state": "SUCCEEDED", "ops_facts": {"attempt_ids": ["crypto:ATTEMPT-c244c8e42fcd4f5ba5d324c1db8bd56f"], "attempts": 1, "economic_lock_id": "economic-763098e9035c4da6a6ae55a8bde4dd5104844e80a66016a3c56dcaeae9c233b3", "exit_code": 0, "finished_at": "2026-09-28T18:06:59.408Z", "heartbeat_at": "2026-09-28T18:06:59.207Z", "identity": {"package": "predictor-ops", "record_sha256": "1c7946e1d994f63bc3e732fe4666edfb42967f3a7b7b11664af63ca572f0018f", "version": "4.2.2rc1"}, "job_id": "crypto-research-96634b7da63e286826ad9152", "operational_state": "SUCCEEDED", "ops_record_hash": "58718b003b5a783e2b111883920f404fd3e268491328743cd510a62f9b9bee0e", "ops_run_id": "89d801cfc9c840fbac2c99c856cef572", "ops_run_ids": ["89d801cfc9c840fbac2c99c856cef572"], "retry_count": 0, "started_at": "2026-09-28T18:06:59.203Z"}, "produced_at": "2026-09-28T18:06:59.413676Z", "provenance": {"admission_policy_hash": "78e8b2d76c589c02254b299bcc633eaddfe82d6a93e7849a9b91d11f31563729", "admission_policy_id": "crypto-integration-qualification", "admission_policy_version": 1, "handler_identity": "crypto.handlers.backtest_existing_hypothesis.v1", "journal_identity": "63693cd1011816251d1727128c124b009dc3249473b0348d0b7b8cbe797ea949", "logical_experiment_hash": "96634b7da63e286826ad91529b38f76406d4b875db7293ef31192dc7b2ec1953", "reference_materialization_receipt_hash": "fa5f2717d8525fe6f0d5a9df369c442ff48bd5c3b88bb0da5cc17156c11c544e", "request_content_hash": "f6d704d9c67f2957fb1005b46c5599009353d3a6263a35164157d98e876cbaef", "resolved_references_hash": "257b00d8d257e56401219b8ae046e9e5a1d90efaba5ab7cc654a493d0f59ee64"}, "request_id": "crypto:REQ-IC-SOAK-023", "research_id": "crypto:RESEARCH-INTEGRATION-QUALIFICATION", "result_id": "crypto:RESULT-96634b7da63e286826ad91529b38f764", "result_state": "INCONCLUSIVE", "schema_version": "crypto-research-result/1", "scientific_state": "INCONCLUSIVE"}, "result_sha256": "f6516cffdc2a2a8233cadaee910142f9b669a74d3e61692badda944a63501066", "source": "authoritative_result_store", "status": "RESULT"}
--- stderr
--- end
{"n": 203, "label": "show crypto:REQ-IC-SOAK-001", "at": "2026-09-28T18:08:50Z", "seconds": 0.127, "argv": ["/home/runner/work/_temp/work/rt/consumer-venv/bin/cripto-research", "--state", "/home/runner/work/_temp/work/soak/domain-state", "show", "crypto:REQ-IC-SOAK-001"], "fault_env": {}, "exit": 0}
--- stdout
{"request_id": "crypto:REQ-IC-SOAK-001", "result": {"admission_id": "crypto:ADM-395aa11560ea1ed1161aa05e45897d4c", "capital_permission": false, "core_facts": {"dataset_fingerprint": "1e6356ed1c918f083af953f558a5d23fc6d777ec95bb6cdbde16ee34d257dddb", "identity": {"package": "predictor-core", "record_sha256": "eb8c5553379422a4317e5d6749a98912e95e873d52c80d7fa1fd87e6d96977c2", "version": "3.2.1"}, "scientific_state_source": "core_trial_registry", "statistics": {"gross_ci_high": 0.02097556617499297, "gross_ci_low": -0.01293524247506108, "mean_gross_return": 0.0029078051302545748, "mean_net_return": 0.0002800826302545736, "net_ci_high": 0.018542404921981528, "net_ci_low": -0.015406912697513432}, "temporal_validation": {"data_cutoff": "2026-08-31T00:00:00Z", "inequality": "available_at <= data_cutoff and observed_at monotonic and observed_at <= available_at", "max_available_at": "2026-08-31T00:00:00Z", "method": "predictor_core.measurement.replay", "rows": 52, "status": "PASS"}, "trial_ids": ["crypto:TRIAL-7d17de648068fb895eff31a5615e5b52"], "trial_registry": "predictor_core.contracts.trial_v2.TrialRegistryV2", "trial_row_hash": "1ba83da1272235978268372d0bdc3fb0a8a9f6ac2d06c112a857017b650136bf"}, "domain_facts": {"baseline_comparison": {"baseline_id": "crypto:BASELINE-FLAT", "gross_delta_bps": 29, "net_delta_bps": 3, "outcome": "BEATS"}, "baseline_identity": {"content_hash": "4cfdb5417495d2ab5067d67ad9d199d59d330fa4600a8d451b32a7b62e6be136", "name": "flat", "revision_id": "baseline:flat:real-v1", "version": "v1"}, "cost_model_identity": {"content_hash": "6168c2abe0d77bcceffc084905a6a2ba54a8cbdf5a1a55f48fbc1e30f3e44e65", "name": "v3-frozen", "revision_id": "cost_model:v3-frozen:real-v1", "version": "v1"}, "costs": {"cost_aware_decision": "NO_TRADE", "mean_funding_pnl_bps": 4, "mean_total_cost_bps": 26, "model": "GarimpoInvestimentos.v3.costs.CostModel", "round_trip_friction_bps": 30, "slippage_bps_per_leg": 5, "taker_fee_bps_per_leg": 10}, "data_cutoff": "2026-08-31T00:00:00Z", "data_quality": {"ok": true}, "dataset_identity": {"content_hash": "0d04cf7c11e8b27fd294a3c354dee3750c9de9d2b312f0044436e7a1751b9a33", "name": "real-in-sample", "revision_id": "dataset:real-in-sample:v1", "version": "v1"}, "effect_sha256": "5bcc2e8ae78c1aa3dcd80317a20f0fdda7e0c7b9d4c81934f485e19ab029e2d7", "evidence_identity": {"content_hash": "6f36df6bf689e20cc90c92fcd74baca040d4d6fa1a25368c71f35baf0fcf4bc9", "name": "none", "revision_id": "evidence:none:real-v1", "version": "v1"}, "handler": "crypto.handlers.backtest_existing_hypothesis.v1", "identity": {"package": "cripto-predictor", "record_sha256": "0cde203bc21746dc97498403c0d24fe62e4982340a720e8c7af049514462a262", "version": "1.2.0rc3"}, "metrics": {"ci": {"confidence": 0.95, "n_boot": 500, "scheme": "iid", "seed": 17}, "gross_ci_high_bps": 210, "gross_ci_low_bps": -129, "gross_return_bps": 29, "long_observations": 20, "max_drawdown_bps": -2937, "net_ci_high_bps": 185, "net_ci_low_bps": -154, "net_return_bps": 3, "sample_size": 52, "short_observations": 32, "turnover_round_trips": 52}, "model_identity": {"content_hash": "07225498b8d4834d762a198bc63ee650512fdf02e536d1b0a623bbe9a6fb3582", "name": "fixed-shadow", "revision_id": "protocol:fixed-shadow:real-v1", "version": "v1"}, "placebo_seed": 1001}, "economic_state": "NO_EDGE", "experiment_id": "crypto:EXP-7d17de648068fb895eff31a5615e5b52", "hypothesis_id": "crypto:QUAL-SHADOW-REAL-001", "operational_state": "SUCCEEDED", "ops_facts": {"attempt_ids": ["crypto:ATTEMPT-1281ea175f294f6b87943e54f1259ad0"], "attempts": 1, "economic_lock_id": "economic-e83af8bb555e40535848b421ea773a429f879713172b90c921ddd9703befeb5e", "exit_code": 0, "finished_at": "2026-09-28T18:06:34.202Z", "heartbeat_at": "2026-09-28T18:06:33.901Z", "identity": {"package": "predictor-ops", "record_sha256": "1c7946e1d994f63bc3e732fe4666edfb42967f3a7b7b11664af63ca572f0018f", "version": "4.2.2rc1"}, "job_id": "crypto-research-7d17de648068fb895eff31a5", "operational_state": "SUCCEEDED", "ops_record_hash": "378dc7cb66d4e1428842e8975c077aef59c7b15ddaefd59b2c82ba2ddac23344", "ops_run_id": "304cffde4d214263b4c31b36b5a71b2b", "ops_run_ids": ["304cffde4d214263b4c31b36b5a71b2b"], "retry_count": 0, "started_at": "2026-09-28T18:06:33.896Z"}, "produced_at": "2026-09-28T18:06:34.278692Z", "provenance": {"admission_policy_hash": "78e8b2d76c589c02254b299bcc633eaddfe82d6a93e7849a9b91d11f31563729", "admission_policy_id": "crypto-integration-qualification", "admission_policy_version": 1, "handler_identity": "crypto.handlers.backtest_existing_hypothesis.v1", "journal_identity": "6267ecf51da5870967f9341d4a2077bee40cf4d5946e23bec2d4689f9d861656", "logical_experiment_hash": "7d17de648068fb895eff31a5615e5b52ccb0544763c16c03fc8774a3d93b27ab", "reference_materialization_receipt_hash": "35a4b954afc64580c77cae985f835bc6214f36cc380251f0fafa1b60ad612b30", "request_content_hash": "769f89ca36b49f5ba69692a62e5a1aa9e722555c1c415eb782527d7853dbc5ef", "resolved_references_hash": "257b00d8d257e56401219b8ae046e9e5a1d90efaba5ab7cc654a493d0f59ee64"}, "request_id": "crypto:REQ-IC-SOAK-001", "research_id": "crypto:RESEARCH-INTEGRATION-QUALIFICATION", "result_id": "crypto:RESULT-7d17de648068fb895eff31a5615e5b52", "result_state": "INCONCLUSIVE", "schema_version": "crypto-research-result/1", "scientific_state": "INCONCLUSIVE"}, "result_sha256": "83aaeb02b1d384efe8b7b617fd8b35189db3d673e809f4e30c10dc05c46cf911", "source": "authoritative_result_store", "status": "RESULT"}
--- stderr
--- end
{"n": 204, "label": "show crypto:REQ-LLM-af16d633be77596f", "at": "2026-09-28T18:08:50Z", "seconds": 0.124, "argv": ["/home/runner/work/_temp/work/rt/consumer-venv/bin/cripto-research", "--state", "/home/runner/work/_temp/work/soak/domain-state", "show", "crypto:REQ-LLM-af16d633be77596f"], "fault_env": {}, "exit": 0}
--- stdout
{"request_id": "crypto:REQ-LLM-af16d633be77596f", "result": {"admission_id": "crypto:ADM-59e2a82c015cfb922cef09c146447f61", "capital_permission": false, "core_facts": {"dataset_fingerprint": "1e6356ed1c918f083af953f558a5d23fc6d777ec95bb6cdbde16ee34d257dddb", "identity": {"package": "predictor-core", "record_sha256": "eb8c5553379422a4317e5d6749a98912e95e873d52c80d7fa1fd87e6d96977c2", "version": "3.2.1"}, "scientific_state_source": "core_trial_registry", "statistics": {"gross_ci_high": 0.01601638868935312, "gross_ci_low": -0.01961421547355012, "mean_gross_return": -0.002993077906031406, "mean_net_return": -0.005930687713723715, "net_ci_high": 0.01314871395220116, "net_ci_low": -0.022854027396627046}, "temporal_validation": {"data_cutoff": "2026-08-31T00:00:00Z", "inequality": "available_at <= data_cutoff and observed_at monotonic and observed_at <= available_at", "max_available_at": "2026-08-31T00:00:00Z", "method": "predictor_core.measurement.replay", "rows": 52, "status": "PASS"}, "trial_ids": ["crypto:TRIAL-6a3d64e511ab3c7e311749c820efbfed"], "trial_registry": "predictor_core.contracts.trial_v2.TrialRegistryV2", "trial_row_hash": "abf4fe00d114725c2ad299eb226e002f2d29972557497ce36a4e698aaca1cf55"}, "domain_facts": {"baseline_comparison": {"baseline_id": "crypto:BASELINE-FLAT", "gross_delta_bps": -30, "net_delta_bps": -59, "outcome": "LOSES"}, "baseline_identity": {"content_hash": "4cfdb5417495d2ab5067d67ad9d199d59d330fa4600a8d451b32a7b62e6be136", "name": "flat", "revision_id": "baseline:flat:real-v1", "version": "v1"}, "cost_model_identity": {"content_hash": "6168c2abe0d77bcceffc084905a6a2ba54a8cbdf5a1a55f48fbc1e30f3e44e65", "name": "v3-frozen", "revision_id": "cost_model:v3-frozen:real-v1", "version": "v1"}, "costs": {"cost_aware_decision": "NO_TRADE", "mean_funding_pnl_bps": 1, "mean_total_cost_bps": 29, "model": "GarimpoInvestimentos.v3.costs.CostModel", "round_trip_friction_bps": 30, "slippage_bps_per_leg": 5, "taker_fee_bps_per_leg": 10}, "data_cutoff": "2026-08-31T00:00:00Z", "data_quality": {"ok": true}, "dataset_identity": {"content_hash": "0d04cf7c11e8b27fd294a3c354dee3750c9de9d2b312f0044436e7a1751b9a33", "name": "real-in-sample", "revision_id": "dataset:real-in-sample:v1", "version": "v1"}, "effect_sha256": "d2dbf43d26899e38c0e0ca8b964d33145a296381dc95159f93673b0a6283079b", "evidence_identity": {"content_hash": "6f36df6bf689e20cc90c92fcd74baca040d4d6fa1a25368c71f35baf0fcf4bc9", "name": "none", "revision_id": "evidence:none:real-v1", "version": "v1"}, "handler": "crypto.handlers.backtest_existing_hypothesis.v1", "identity": {"package": "cripto-predictor", "record_sha256": "0cde203bc21746dc97498403c0d24fe62e4982340a720e8c7af049514462a262", "version": "1.2.0rc3"}, "metrics": {"ci": {"confidence": 0.95, "n_boot": 500, "scheme": "iid", "seed": 17}, "gross_ci_high_bps": 160, "gross_ci_low_bps": -196, "gross_return_bps": -30, "long_observations": 23, "max_drawdown_bps": -5766, "net_ci_high_bps": 131, "net_ci_low_bps": -229, "net_return_bps": -59, "sample_size": 52, "short_observations": 29, "turnover_round_trips": 52}, "model_identity": {"content_hash": "07225498b8d4834d762a198bc63ee650512fdf02e536d1b0a623bbe9a6fb3582", "name": "fixed-shadow", "revision_id": "protocol:fixed-shadow:real-v1", "version": "v1"}, "placebo_seed": 509427}, "economic_state": "NO_EDGE", "experiment_id": "crypto:EXP-6a3d64e511ab3c7e311749c820efbfed", "hypothesis_id": "crypto:QUAL-SHADOW-REAL-001", "operational_state": "SUCCEEDED", "ops_facts": {"attempt_ids": ["crypto:ATTEMPT-ee38cce0a19a49faaad5c69c8c049484"], "attempts": 1, "economic_lock_id": "economic-8ff381526f22e139c570046aa60788b9daa5ffffb2305d647067ff115f849fd1", "exit_code": 0, "finished_at": "2026-09-28T18:07:20.201Z", "heartbeat_at": "2026-09-28T18:07:20.000Z", "identity": {"package": "predictor-ops", "record_sha256": "1c7946e1d994f63bc3e732fe4666edfb42967f3a7b7b11664af63ca572f0018f", "version": "4.2.2rc1"}, "job_id": "crypto-research-6a3d64e511ab3c7e311749c8", "operational_state": "SUCCEEDED", "ops_record_hash": "6427bc2c72f5b2d890a0600555cc91ebc0ce42e5516605ffef83efab014987db", "ops_run_id": "0f4b8d9fb74b4a11b90f28570ca2e479", "ops_run_ids": ["0f4b8d9fb74b4a11b90f28570ca2e479"], "retry_count": 0, "started_at": "2026-09-28T18:07:19.995Z"}, "produced_at": "2026-09-28T18:07:20.206839Z", "provenance": {"admission_policy_hash": "78e8b2d76c589c02254b299bcc633eaddfe82d6a93e7849a9b91d11f31563729", "admission_policy_id": "crypto-integration-qualification", "admission_policy_version": 1, "handler_identity": "crypto.handlers.backtest_existing_hypothesis.v1", "journal_identity": "e09ee022da87d7520036f71f6b09ddbe1925a24564c02a2a091a135063c8993d", "logical_experiment_hash": "6a3d64e511ab3c7e311749c820efbfed19f70fc2ad276fd73c68be60ae20f491", "reference_materialization_receipt_hash": "13107c3c0e0a7626f7cde8a19cd9b27aa0fa015c98667076859c7f8caa19dd82", "request_content_hash": "9dc79679d8d113b7bb73fd8a08c3838a82d43edba2f7968bae0e2af88e13a03c", "resolved_references_hash": "257b00d8d257e56401219b8ae046e9e5a1d90efaba5ab7cc654a493d0f59ee64"}, "request_id": "crypto:REQ-LLM-af16d633be77596f", "research_id": "crypto:RESEARCH-INTEGRATION-QUALIFICATION", "result_id": "crypto:RESULT-6a3d64e511ab3c7e311749c820efbfed", "result_state": "INCONCLUSIVE", "schema_version": "crypto-research-result/1", "scientific_state": "INCONCLUSIVE"}, "result_sha256": "6e91d5e1c402fc8343088bff4cc1304d4586adc81d4d4e0d068603e05a89ad73", "source": "authoritative_result_store", "status": "RESULT"}
--- stderr
--- end
{"n": 205, "label": "show crypto:REQ-IC-SOAK-017", "at": "2026-09-28T18:08:50Z", "seconds": 0.122, "argv": ["/home/runner/work/_temp/work/rt/consumer-venv/bin/cripto-research", "--state", "/home/runner/work/_temp/work/soak/domain-state", "show", "crypto:REQ-IC-SOAK-017"], "fault_env": {}, "exit": 0}
--- stdout
{"request_id": "crypto:REQ-IC-SOAK-017", "result": {"admission_id": "crypto:ADM-c17da261b4c540683eebe52d84ac8137", "capital_permission": false, "core_facts": {"dataset_fingerprint": "1e6356ed1c918f083af953f558a5d23fc6d777ec95bb6cdbde16ee34d257dddb", "identity": {"package": "predictor-core", "record_sha256": "eb8c5553379422a4317e5d6749a98912e95e873d52c80d7fa1fd87e6d96977c2", "version": "3.2.1"}, "scientific_state_source": "core_trial_registry", "statistics": {"gross_ci_high": 0.002643109013777817, "gross_ci_low": -0.028344903306726607, "mean_gross_return": -0.010995622210591745, "mean_net_return": -0.014174828941360977, "net_ci_high": -0.0006175859693624069, "net_ci_low": -0.03125263253749584}, "temporal_validation": {"data_cutoff": "2026-08-31T00:00:00Z", "inequality": "available_at <= data_cutoff and observed_at monotonic and observed_at <= available_at", "max_available_at": "2026-08-31T00:00:00Z", "method": "predictor_core.measurement.replay", "rows": 52, "status": "PASS"}, "trial_ids": ["crypto:TRIAL-2fdd2246cf03e217f7b9c9b4c0bd600c"], "trial_registry": "predictor_core.contracts.trial_v2.TrialRegistryV2", "trial_row_hash": "ae50e01bd319cef5fcab002e08580eef5d620c722cd62b0f195b7ad0cac70e0b"}, "domain_facts": {"baseline_comparison": {"baseline_id": "crypto:BASELINE-FLAT", "gross_delta_bps": -110, "net_delta_bps": -142, "outcome": "LOSES"}, "baseline_identity": {"content_hash": "4cfdb5417495d2ab5067d67ad9d199d59d330fa4600a8d451b32a7b62e6be136", "name": "flat", "revision_id": "baseline:flat:real-v1", "version": "v1"}, "cost_model_identity": {"content_hash": "6168c2abe0d77bcceffc084905a6a2ba54a8cbdf5a1a55f48fbc1e30f3e44e65", "name": "v3-frozen", "revision_id": "cost_model:v3-frozen:real-v1", "version": "v1"}, "costs": {"cost_aware_decision": "NO_TRADE", "mean_funding_pnl_bps": -2, "mean_total_cost_bps": 32, "model": "GarimpoInvestimentos.v3.costs.CostModel", "round_trip_friction_bps": 30, "slippage_bps_per_leg": 5, "taker_fee_bps_per_leg": 10}, "data_cutoff": "2026-08-31T00:00:00Z", "data_quality": {"ok": true}, "dataset_identity": {"content_hash": "0d04cf7c11e8b27fd294a3c354dee3750c9de9d2b312f0044436e7a1751b9a33", "name": "real-in-sample", "revision_id": "dataset:real-in-sample:v1", "version": "v1"}, "effect_sha256": "7aec670c228963efd8a2b742436b299c4c7386429b72a911dd9db5276332e666", "evidence_identity": {"content_hash": "6f36df6bf689e20cc90c92fcd74baca040d4d6fa1a25368c71f35baf0fcf4bc9", "name": "none", "revision_id": "evidence:none:real-v1", "version": "v1"}, "handler": "crypto.handlers.backtest_existing_hypothesis.v1", "identity": {"package": "cripto-predictor", "record_sha256": "0cde203bc21746dc97498403c0d24fe62e4982340a720e8c7af049514462a262", "version": "1.2.0rc3"}, "metrics": {"ci": {"confidence": 0.95, "n_boot": 500, "scheme": "iid", "seed": 17}, "gross_ci_high_bps": 26, "gross_ci_low_bps": -283, "gross_return_bps": -110, "long_observations": 30, "max_drawdown_bps": -6501, "net_ci_high_bps": -6, "net_ci_low_bps": -313, "net_return_bps": -142, "sample_size": 52, "short_observations": 22, "turnover_round_trips": 52}, "model_identity": {"content_hash": "07225498b8d4834d762a198bc63ee650512fdf02e536d1b0a623bbe9a6fb3582", "name": "fixed-shadow", "revision_id": "protocol:fixed-shadow:real-v1", "version": "v1"}, "placebo_seed": 1017}, "economic_state": "NO_EDGE", "experiment_id": "crypto:EXP-2fdd2246cf03e217f7b9c9b4c0bd600c", "hypothesis_id": "crypto:QUAL-SHADOW-REAL-002", "operational_state": "SUCCEEDED", "ops_facts": {"attempt_ids": ["crypto:ATTEMPT-ffcd2c41fe114909aa4da7d99cfd8dd1"], "attempts": 1, "economic_lock_id": "economic-3c5a6e0b5fdf621763f93aa7387282bfff09e1a5d84c9b6d1a02dff5aea1723e", "exit_code": 0, "finished_at": "2026-09-28T18:06:53.083Z", "heartbeat_at": "2026-09-28T18:06:52.882Z", "identity": {"package": "predictor-ops", "record_sha256": "1c7946e1d994f63bc3e732fe4666edfb42967f3a7b7b11664af63ca572f0018f", "version": "4.2.2rc1"}, "job_id": "crypto-research-2fdd2246cf03e217f7b9c9b4", "operational_state": "SUCCEEDED", "ops_record_hash": "ff00ad9ace9ca51c3951b5ec8e969942c110554c1988646546e8b098f916e081", "ops_run_id": "3ee8ff9dfab3478c99a282008fb1f5e6", "ops_run_ids": ["3ee8ff9dfab3478c99a282008fb1f5e6"], "retry_count": 0, "started_at": "2026-09-28T18:06:52.877Z"}, "produced_at": "2026-09-28T18:06:53.088229Z", "provenance": {"admission_policy_hash": "78e8b2d76c589c02254b299bcc633eaddfe82d6a93e7849a9b91d11f31563729", "admission_policy_id": "crypto-integration-qualification", "admission_policy_version": 1, "handler_identity": "crypto.handlers.backtest_existing_hypothesis.v1", "journal_identity": "9f7b81533a4192a028e7445356c2a9e09b702e18416c383ffb77ca282b72ff43", "logical_experiment_hash": "2fdd2246cf03e217f7b9c9b4c0bd600c2ce0f1c78e7d1e3afe94cdc21a891407", "reference_materialization_receipt_hash": "ecdc23df30c56d61c5622471f0d4d4739577c77d64366f8b1bbb880b57bbffb9", "request_content_hash": "7c23939c10102c5bb5258528be6447a97838452da862671fdd97f4d2b0acdd71", "resolved_references_hash": "257b00d8d257e56401219b8ae046e9e5a1d90efaba5ab7cc654a493d0f59ee64"}, "request_id": "crypto:REQ-IC-SOAK-017", "research_id": "crypto:RESEARCH-INTEGRATION-QUALIFICATION", "result_id": "crypto:RESULT-2fdd2246cf03e217f7b9c9b4c0bd600c", "result_state": "INCONCLUSIVE", "schema_version": "crypto-research-result/1", "scientific_state": "INCONCLUSIVE"}, "result_sha256": "f0bfa02fbf59891915aa45758404e5bc351ab8e929268d9d816859c31c535cec", "source": "authoritative_result_store", "status": "RESULT"}
--- stderr
--- end
{"n": 206, "label": "show crypto:REQ-IC-SOAK-012", "at": "2026-09-28T18:08:50Z", "seconds": 0.122, "argv": ["/home/runner/work/_temp/work/rt/consumer-venv/bin/cripto-research", "--state", "/home/runner/work/_temp/work/soak/domain-state", "show", "crypto:REQ-IC-SOAK-012"], "fault_env": {}, "exit": 0}
--- stdout
{"request_id": "crypto:REQ-IC-SOAK-012", "result": {"admission_id": "crypto:ADM-dc4f01c89bcac75e796c3585f4a60e04", "capital_permission": false, "core_facts": {"dataset_fingerprint": "1e6356ed1c918f083af953f558a5d23fc6d777ec95bb6cdbde16ee34d257dddb", "identity": {"package": "predictor-core", "record_sha256": "eb8c5553379422a4317e5d6749a98912e95e873d52c80d7fa1fd87e6d96977c2", "version": "3.2.1"}, "scientific_state_source": "core_trial_registry", "statistics": {"gross_ci_high": 0.022716299998775703, "gross_ci_low": -0.012129496942043759, "mean_gross_return": 0.005274676945859625, "mean_net_return": 0.002532964830475009, "net_ci_high": 0.01993323807569878, "net_ci_low": -0.014965075018966838}, "temporal_validation": {"data_cutoff": "2026-08-31T00:00:00Z", "inequality": "available_at <= data_cutoff and observed_at monotonic and observed_at <= available_at", "max_available_at": "2026-08-31T00:00:00Z", "method": "predictor_core.measurement.replay", "rows": 52, "status": "PASS"}, "trial_ids": ["crypto:TRIAL-586c7ba5961695a0b036ec8b4639b700"], "trial_registry": "predictor_core.contracts.trial_v2.TrialRegistryV2", "trial_row_hash": "f37d26bafdc1310b40f135f8aaf49786b1becab751fbe13a92e436af9c6bf326"}, "domain_facts": {"baseline_comparison": {"baseline_id": "crypto:BASELINE-FLAT", "gross_delta_bps": 53, "net_delta_bps": 25, "outcome": "BEATS"}, "baseline_identity": {"content_hash": "4cfdb5417495d2ab5067d67ad9d199d59d330fa4600a8d451b32a7b62e6be136", "name": "flat", "revision_id": "baseline:flat:real-v1", "version": "v1"}, "cost_model_identity": {"content_hash": "6168c2abe0d77bcceffc084905a6a2ba54a8cbdf5a1a55f48fbc1e30f3e44e65", "name": "v3-frozen", "revision_id": "cost_model:v3-frozen:real-v1", "version": "v1"}, "costs": {"cost_aware_decision": "NO_TRADE", "mean_funding_pnl_bps": 3, "mean_total_cost_bps": 28, "model": "GarimpoInvestimentos.v3.costs.CostModel", "round_trip_friction_bps": 30, "slippage_bps_per_leg": 5, "taker_fee_bps_per_leg": 10}, "data_cutoff": "2026-08-31T00:00:00Z", "data_quality": {"ok": true}, "dataset_identity": {"content_hash": "0d04cf7c11e8b27fd294a3c354dee3750c9de9d2b312f0044436e7a1751b9a33", "name": "real-in-sample", "revision_id": "dataset:real-in-sample:v1", "version": "v1"}, "effect_sha256": "26f3e501060f59197e5c6ef2c3b5c1f3564b0c86f9f1ae9e2b4c50c0ad7655a1", "evidence_identity": {"content_hash": "6f36df6bf689e20cc90c92fcd74baca040d4d6fa1a25368c71f35baf0fcf4bc9", "name": "none", "revision_id": "evidence:none:real-v1", "version": "v1"}, "handler": "crypto.handlers.backtest_existing_hypothesis.v1", "identity": {"package": "cripto-predictor", "record_sha256": "0cde203bc21746dc97498403c0d24fe62e4982340a720e8c7af049514462a262", "version": "1.2.0rc3"}, "metrics": {"ci": {"confidence": 0.95, "n_boot": 500, "scheme": "iid", "seed": 17}, "gross_ci_high_bps": 227, "gross_ci_low_bps": -121, "gross_return_bps": 53, "long_observations": 22, "max_drawdown_bps": -2383, "net_ci_high_bps": 199, "net_ci_low_bps": -150, "net_return_bps": 25, "sample_size": 52, "short_observations": 30, "turnover_round_trips": 52}, "model_identity": {"content_hash": "07225498b8d4834d762a198bc63ee650512fdf02e536d1b0a623bbe9a6fb3582", "name": "fixed-shadow", "revision_id": "protocol:fixed-shadow:real-v1", "version": "v1"}, "placebo_seed": 1012}, "economic_state": "NO_EDGE", "experiment_id": "crypto:EXP-586c7ba5961695a0b036ec8b4639b700", "hypothesis_id": "crypto:QUAL-SHADOW-REAL-003", "operational_state": "SUCCEEDED", "ops_facts": {"attempt_ids": ["crypto:ATTEMPT-80b51cb2940b4c3c8ff93fccca12458b"], "attempts": 1, "economic_lock_id": "economic-c4206c158265e97121cefb8dea27e1493c2b04fda46364493c29e7fbe45ec075", "exit_code": 0, "finished_at": "2026-09-28T18:06:47.794Z", "heartbeat_at": "2026-09-28T18:06:47.593Z", "identity": {"package": "predictor-ops", "record_sha256": "1c7946e1d994f63bc3e732fe4666edfb42967f3a7b7b11664af63ca572f0018f", "version": "4.2.2rc1"}, "job_id": "crypto-research-586c7ba5961695a0b036ec8b", "operational_state": "SUCCEEDED", "ops_record_hash": "15cf239ce95f3e6d7574cce3ba680c52bd799eb99abe11a18aef1d0bc531c2d6", "ops_run_id": "e2dd631294704a859ba49dba7058c2ee", "ops_run_ids": ["e2dd631294704a859ba49dba7058c2ee"], "retry_count": 0, "started_at": "2026-09-28T18:06:47.588Z"}, "produced_at": "2026-09-28T18:06:47.976745Z", "provenance": {"admission_policy_hash": "78e8b2d76c589c02254b299bcc633eaddfe82d6a93e7849a9b91d11f31563729", "admission_policy_id": "crypto-integration-qualification", "admission_policy_version": 1, "handler_identity": "crypto.handlers.backtest_existing_hypothesis.v1", "journal_identity": "7f0f9793cebcbddf90788fb477244eeb1eafb8a69057fd779f4216b51166e6f9", "logical_experiment_hash": "586c7ba5961695a0b036ec8b4639b700531ca0ce974780346f5b2d8824d90e08", "reference_materialization_receipt_hash": "df317ecfe865cf060e8eda4972062bd6694053c5843ba9cb3ff123c6350e60db", "request_content_hash": "f7e5387833cb89a2b72fb4311b034377d2340a2f8487b564449b65c575a483bf", "resolved_references_hash": "257b00d8d257e56401219b8ae046e9e5a1d90efaba5ab7cc654a493d0f59ee64"}, "request_id": "crypto:REQ-IC-SOAK-012", "research_id": "crypto:RESEARCH-INTEGRATION-QUALIFICATION", "result_id": "crypto:RESULT-586c7ba5961695a0b036ec8b4639b700", "result_state": "INCONCLUSIVE", "schema_version": "crypto-research-result/1", "scientific_state": "INCONCLUSIVE"}, "result_sha256": "a0042ade74ff05a7e79a0d8cac02218cb2a3cc8345f3c64e73a90b86e5e96772", "source": "authoritative_result_store", "status": "RESULT"}
--- stderr
--- end
{"n": 207, "label": "show crypto:REQ-IC-SOAK-009", "at": "2026-09-28T18:08:50Z", "seconds": 0.123, "argv": ["/home/runner/work/_temp/work/rt/consumer-venv/bin/cripto-research", "--state", "/home/runner/work/_temp/work/soak/domain-state", "show", "crypto:REQ-IC-SOAK-009"], "fault_env": {}, "exit": 0}
--- stdout
{"request_id": "crypto:REQ-IC-SOAK-009", "result": {"admission_id": "crypto:ADM-f6b32d4940ae0429f864956474a92afe", "capital_permission": false, "core_facts": {"dataset_fingerprint": "1e6356ed1c918f083af953f558a5d23fc6d777ec95bb6cdbde16ee34d257dddb", "identity": {"package": "predictor-core", "record_sha256": "eb8c5553379422a4317e5d6749a98912e95e873d52c80d7fa1fd87e6d96977c2", "version": "3.2.1"}, "scientific_state_source": "core_trial_registry", "statistics": {"gross_ci_high": 0.020618891829705357, "gross_ci_low": -0.011357786305096939, "mean_gross_return": 0.0031816741191134004, "mean_net_return": 0.0002129681575749378, "net_ci_high": 0.01786859798355151, "net_ci_low": -0.014377412286122564}, "temporal_validation": {"data_cutoff": "2026-08-31T00:00:00Z", "inequality": "available_at <= data_cutoff and observed_at monotonic and observed_at <= available_at", "max_available_at": "2026-08-31T00:00:00Z", "method": "predictor_core.measurement.replay", "rows": 52, "status": "PASS"}, "trial_ids": ["crypto:TRIAL-19d29255f73c45bfc461df67c20a5083"], "trial_registry": "predictor_core.contracts.trial_v2.TrialRegistryV2", "trial_row_hash": "88aa7153d9a0b47a9a7809f21446daa865b40d2eacfe65240220bb68c44366e4"}, "domain_facts": {"baseline_comparison": {"baseline_id": "crypto:BASELINE-FLAT", "gross_delta_bps": 32, "net_delta_bps": 2, "outcome": "BEATS"}, "baseline_identity": {"content_hash": "4cfdb5417495d2ab5067d67ad9d199d59d330fa4600a8d451b32a7b62e6be136", "name": "flat", "revision_id": "baseline:flat:real-v1", "version": "v1"}, "cost_model_identity": {"content_hash": "6168c2abe0d77bcceffc084905a6a2ba54a8cbdf5a1a55f48fbc1e30f3e44e65", "name": "v3-frozen", "revision_id": "cost_model:v3-frozen:real-v1", "version": "v1"}, "costs": {"cost_aware_decision": "NO_TRADE", "mean_funding_pnl_bps": 0, "mean_total_cost_bps": 30, "model": "GarimpoInvestimentos.v3.costs.CostModel", "round_trip_friction_bps": 30, "slippage_bps_per_leg": 5, "taker_fee_bps_per_leg": 10}, "data_cutoff": "2026-08-31T00:00:00Z", "data_quality": {"ok": true}, "dataset_identity": {"content_hash": "0d04cf7c11e8b27fd294a3c354dee3750c9de9d2b312f0044436e7a1751b9a33", "name": "real-in-sample", "revision_id": "dataset:real-in-sample:v1", "version": "v1"}, "effect_sha256": "cede094543c500a1c6bcf413c4b7e7d01def9529431b2b1375be33bb825f1548", "evidence_identity": {"content_hash": "6f36df6bf689e20cc90c92fcd74baca040d4d6fa1a25368c71f35baf0fcf4bc9", "name": "none", "revision_id": "evidence:none:real-v1", "version": "v1"}, "handler": "crypto.handlers.backtest_existing_hypothesis.v1", "identity": {"package": "cripto-predictor", "record_sha256": "0cde203bc21746dc97498403c0d24fe62e4982340a720e8c7af049514462a262", "version": "1.2.0rc3"}, "metrics": {"ci": {"confidence": 0.95, "n_boot": 500, "scheme": "iid", "seed": 17}, "gross_ci_high_bps": 206, "gross_ci_low_bps": -114, "gross_return_bps": 32, "long_observations": 24, "max_drawdown_bps": -3927, "net_ci_high_bps": 179, "net_ci_low_bps": -144, "net_return_bps": 2, "sample_size": 52, "short_observations": 28, "turnover_round_trips": 52}, "model_identity": {"content_hash": "07225498b8d4834d762a198bc63ee650512fdf02e536d1b0a623bbe9a6fb3582", "name": "fixed-shadow", "revision_id": "protocol:fixed-shadow:real-v1", "version": "v1"}, "placebo_seed": 1009}, "economic_state": "NO_EDGE", "experiment_id": "crypto:EXP-19d29255f73c45bfc461df67c20a5083", "hypothesis_id": "crypto:QUAL-SHADOW-REAL-003", "operational_state": "SUCCEEDED", "ops_facts": {"attempt_ids": ["crypto:ATTEMPT-c07675bc68ef4d829ff136e715cb83d3"], "attempts": 1, "economic_lock_id": "economic-0c311052c40e055f2cbe1c6a3479b8f113cfde4d29f1cc0da6ad760f77c81129", "exit_code": 0, "finished_at": "2026-09-28T18:06:44.215Z", "heartbeat_at": "2026-09-28T18:06:44.014Z", "identity": {"package": "predictor-ops", "record_sha256": "1c7946e1d994f63bc3e732fe4666edfb42967f3a7b7b11664af63ca572f0018f", "version": "4.2.2rc1"}, "job_id": "crypto-research-19d29255f73c45bfc461df67", "operational_state": "SUCCEEDED", "ops_record_hash": "60053ef0aaa518fc769e38a4f610a5a29d3e66185c26eb46ce0e1c0a07d45618", "ops_run_id": "eb0a18e02668473a94cdf4281e362158", "ops_run_ids": ["eb0a18e02668473a94cdf4281e362158"], "retry_count": 0, "started_at": "2026-09-28T18:06:44.009Z"}, "produced_at": "2026-09-28T18:06:44.220885Z", "provenance": {"admission_policy_hash": "78e8b2d76c589c02254b299bcc633eaddfe82d6a93e7849a9b91d11f31563729", "admission_policy_id": "crypto-integration-qualification", "admission_policy_version": 1, "handler_identity": "crypto.handlers.backtest_existing_hypothesis.v1", "journal_identity": "f6ec5b28b70887fb3c40d82323b15f38ee6c0bdca78a72e2fc70b00591a363f8", "logical_experiment_hash": "19d29255f73c45bfc461df67c20a508399acc51ff21fd931119fe123204ffee8", "reference_materialization_receipt_hash": "b194ddbb0ca35aca97a3467d04dd0dd45d59fdc1fb220b91ed9f1f2313b9c71c", "request_content_hash": "4b3f9297dc8f1b3e9f2200bd7b16f6816a167955aea4609fac9b7ba93c8f4c9a", "resolved_references_hash": "257b00d8d257e56401219b8ae046e9e5a1d90efaba5ab7cc654a493d0f59ee64"}, "request_id": "crypto:REQ-IC-SOAK-009", "research_id": "crypto:RESEARCH-INTEGRATION-QUALIFICATION", "result_id": "crypto:RESULT-19d29255f73c45bfc461df67c20a5083", "result_state": "INCONCLUSIVE", "schema_version": "crypto-research-result/1", "scientific_state": "INCONCLUSIVE"}, "result_sha256": "21875481f6ff2679652ea68fe0b098a97aa24d2bd03498d293f8841215efa773", "source": "authoritative_result_store", "status": "RESULT"}
--- stderr
--- end
{"n": 208, "label": "show crypto:REQ-IC-SOAK-021", "at": "2026-09-28T18:08:50Z", "seconds": 0.122, "argv": ["/home/runner/work/_temp/work/rt/consumer-venv/bin/cripto-research", "--state", "/home/runner/work/_temp/work/soak/domain-state", "show", "crypto:REQ-IC-SOAK-021"], "fault_env": {}, "exit": 0}
--- stdout
{"request_id": "crypto:REQ-IC-SOAK-021", "result": {"admission_id": "crypto:ADM-1c966a74d3b1668eb48a5cc2dd9edfc4", "capital_permission": false, "core_facts": {"dataset_fingerprint": "1e6356ed1c918f083af953f558a5d23fc6d777ec95bb6cdbde16ee34d257dddb", "identity": {"package": "predictor-core", "record_sha256": "eb8c5553379422a4317e5d6749a98912e95e873d52c80d7fa1fd87e6d96977c2", "version": "3.2.1"}, "scientific_state_source": "core_trial_registry", "statistics": {"gross_ci_high": 0.021251905145999523, "gross_ci_low": -0.012003781823799685, "mean_gross_return": 0.004943594822802975, "mean_net_return": 0.0018300696304952811, "net_ci_high": 0.01799921456907644, "net_ci_low": -0.015170626823799686}, "temporal_validation": {"data_cutoff": "2026-08-31T00:00:00Z", "inequality": "available_at <= data_cutoff and observed_at monotonic and observed_at <= available_at", "max_available_at": "2026-08-31T00:00:00Z", "method": "predictor_core.measurement.replay", "rows": 52, "status": "PASS"}, "trial_ids": ["crypto:TRIAL-8e2d5a50c7d41878be177ebe315aca17"], "trial_registry": "predictor_core.contracts.trial_v2.TrialRegistryV2", "trial_row_hash": "f478b661d37f2f281482d36351e58373ea964e7fb82231b673531ad9fbd0717f"}, "domain_facts": {"baseline_comparison": {"baseline_id": "crypto:BASELINE-FLAT", "gross_delta_bps": 49, "net_delta_bps": 18, "outcome": "BEATS"}, "baseline_identity": {"content_hash": "4cfdb5417495d2ab5067d67ad9d199d59d330fa4600a8d451b32a7b62e6be136", "name": "flat", "revision_id": "baseline:flat:real-v1", "version": "v1"}, "cost_model_identity": {"content_hash": "6168c2abe0d77bcceffc084905a6a2ba54a8cbdf5a1a55f48fbc1e30f3e44e65", "name": "v3-frozen", "revision_id": "cost_model:v3-frozen:real-v1", "version": "v1"}, "costs": {"cost_aware_decision": "NO_TRADE", "mean_funding_pnl_bps": -1, "mean_total_cost_bps": 31, "model": "GarimpoInvestimentos.v3.costs.CostModel", "round_trip_friction_bps": 30, "slippage_bps_per_leg": 5, "taker_fee_bps_per_leg": 10}, "data_cutoff": "2026-08-31T00:00:00Z", "data_quality": {"ok": true}, "dataset_identity": {"content_hash": "0d04cf7c11e8b27fd294a3c354dee3750c9de9d2b312f0044436e7a1751b9a33", "name": "real-in-sample", "revision_id": "dataset:real-in-sample:v1", "version": "v1"}, "effect_sha256": "1fbf4989ff0eabe60be7e56d0fda1c1fcc1c9182021d3de6fba37cbcaa200aa5", "evidence_identity": {"content_hash": "6f36df6bf689e20cc90c92fcd74baca040d4d6fa1a25368c71f35baf0fcf4bc9", "name": "none", "revision_id": "evidence:none:real-v1", "version": "v1"}, "handler": "crypto.handlers.backtest_existing_hypothesis.v1", "identity": {"package": "cripto-predictor", "record_sha256": "0cde203bc21746dc97498403c0d24fe62e4982340a720e8c7af049514462a262", "version": "1.2.0rc3"}, "metrics": {"ci": {"confidence": 0.95, "n_boot": 500, "scheme": "iid", "seed": 17}, "gross_ci_high_bps": 213, "gross_ci_low_bps": -120, "gross_return_bps": 49, "long_observations": 30, "max_drawdown_bps": -2816, "net_ci_high_bps": 180, "net_ci_low_bps": -152, "net_return_bps": 18, "sample_size": 52, "short_observations": 22, "turnover_round_trips": 52}, "model_identity": {"content_hash": "07225498b8d4834d762a198bc63ee650512fdf02e536d1b0a623bbe9a6fb3582", "name": "fixed-shadow", "revision_id": "protocol:fixed-shadow:real-v1", "version": "v1"}, "placebo_seed": 1021}, "economic_state": "NO_EDGE", "experiment_id": "crypto:EXP-8e2d5a50c7d41878be177ebe315aca17", "hypothesis_id": "crypto:QUAL-SHADOW-REAL-003", "operational_state": "SUCCEEDED", "ops_facts": {"attempt_ids": ["crypto:ATTEMPT-96c1559ae3064f51a1a6b04b40bd997e"], "attempts": 1, "economic_lock_id": "economic-89a9facf8149bb98ca2f8d90faff7fa55f88cc9d06105d390dc9664bcbf9e349", "exit_code": 0, "finished_at": "2026-09-28T18:06:56.941Z", "heartbeat_at": "2026-09-28T18:06:56.740Z", "identity": {"package": "predictor-ops", "record_sha256": "1c7946e1d994f63bc3e732fe4666edfb42967f3a7b7b11664af63ca572f0018f", "version": "4.2.2rc1"}, "job_id": "crypto-research-8e2d5a50c7d41878be177ebe", "operational_state": "SUCCEEDED", "ops_record_hash": "c6851ec558ca9c8e2080c2b0813650fd5fba882b23c3e864088d866f3ee7420c", "ops_run_id": "39ceee7f6ffe48719517e3e0dff52b06", "ops_run_ids": ["39ceee7f6ffe48719517e3e0dff52b06"], "retry_count": 0, "started_at": "2026-09-28T18:06:56.735Z"}, "produced_at": "2026-09-28T18:06:56.946301Z", "provenance": {"admission_policy_hash": "78e8b2d76c589c02254b299bcc633eaddfe82d6a93e7849a9b91d11f31563729", "admission_policy_id": "crypto-integration-qualification", "admission_policy_version": 1, "handler_identity": "crypto.handlers.backtest_existing_hypothesis.v1", "journal_identity": "a10b8cb47800045bdb32e4eed305f869dd5c3aa330a5218951a7cbfe80b70eb0", "logical_experiment_hash": "8e2d5a50c7d41878be177ebe315aca17abfa179cfe77da08b4e29aa2042092a3", "reference_materialization_receipt_hash": "c735f12d02cb89d352ac29d64f0c47eecffdaeb8abd6ee11de95c8a82e5fb858", "request_content_hash": "c04d2a497e8cc5725b35756b93dc5d1f22de2e3e3ad1dd6d8a56eacc36443c69", "resolved_references_hash": "257b00d8d257e56401219b8ae046e9e5a1d90efaba5ab7cc654a493d0f59ee64"}, "request_id": "crypto:REQ-IC-SOAK-021", "research_id": "crypto:RESEARCH-INTEGRATION-QUALIFICATION", "result_id": "crypto:RESULT-8e2d5a50c7d41878be177ebe315aca17", "result_state": "INCONCLUSIVE", "schema_version": "crypto-research-result/1", "scientific_state": "INCONCLUSIVE"}, "result_sha256": "0f75e02ed58a5b4a85030e5696a2b8059fdd21552ddb84d83fae61143f1bfe31", "source": "authoritative_result_store", "status": "RESULT"}
--- stderr
--- end
{"n": 209, "label": "show crypto:REQ-IC-SOAK-013", "at": "2026-09-28T18:08:50Z", "seconds": 0.126, "argv": ["/home/runner/work/_temp/work/rt/consumer-venv/bin/cripto-research", "--state", "/home/runner/work/_temp/work/soak/domain-state", "show", "crypto:REQ-IC-SOAK-013"], "fault_env": {}, "exit": 0}
--- stdout
{"request_id": "crypto:REQ-IC-SOAK-013", "result": {"admission_id": "crypto:ADM-143d8d07e7ba727896d68bb9093b194e", "capital_permission": false, "core_facts": {"dataset_fingerprint": "1e6356ed1c918f083af953f558a5d23fc6d777ec95bb6cdbde16ee34d257dddb", "identity": {"package": "predictor-core", "record_sha256": "eb8c5553379422a4317e5d6749a98912e95e873d52c80d7fa1fd87e6d96977c2", "version": "3.2.1"}, "scientific_state_source": "core_trial_registry", "statistics": {"gross_ci_high": 0.018175662775572452, "gross_ci_low": -0.012291308040156709, "mean_gross_return": 0.0033852670993929634, "mean_net_return": 0.00014022536862373126, "net_ci_high": 0.014915716487163265, "net_ci_low": -0.015645170155541323}, "temporal_validation": {"data_cutoff": "2026-08-31T00:00:00Z", "inequality": "available_at <= data_cutoff and observed_at monotonic and observed_at <= available_at", "max_available_at": "2026-08-31T00:00:00Z", "method": "predictor_core.measurement.replay", "rows": 52, "status": "PASS"}, "trial_ids": ["crypto:TRIAL-f17b22cacfb09f8ebff57faa0b4a5c81"], "trial_registry": "predictor_core.contracts.trial_v2.TrialRegistryV2", "trial_row_hash": "5059532a94ebbe6cc55d40b42f814a7966e5ae468a30d9c2a57f81bcc7179029"}, "domain_facts": {"baseline_comparison": {"baseline_id": "crypto:BASELINE-FLAT", "gross_delta_bps": 34, "net_delta_bps": 1, "outcome": "BEATS"}, "baseline_identity": {"content_hash": "4cfdb5417495d2ab5067d67ad9d199d59d330fa4600a8d451b32a7b62e6be136", "name": "flat", "revision_id": "baseline:flat:real-v1", "version": "v1"}, "cost_model_identity": {"content_hash": "6168c2abe0d77bcceffc084905a6a2ba54a8cbdf5a1a55f48fbc1e30f3e44e65", "name": "v3-frozen", "revision_id": "cost_model:v3-frozen:real-v1", "version": "v1"}, "costs": {"cost_aware_decision": "NO_TRADE", "mean_funding_pnl_bps": -2, "mean_total_cost_bps": 33, "model": "GarimpoInvestimentos.v3.costs.CostModel", "round_trip_friction_bps": 30, "slippage_bps_per_leg": 5, "taker_fee_bps_per_leg": 10}, "data_cutoff": "2026-08-31T00:00:00Z", "data_quality": {"ok": true}, "dataset_identity": {"content_hash": "0d04cf7c11e8b27fd294a3c354dee3750c9de9d2b312f0044436e7a1751b9a33", "name": "real-in-sample", "revision_id": "dataset:real-in-sample:v1", "version": "v1"}, "effect_sha256": "2f115af766ebd5c19c8b43dd31dd23aa7f044f8fc459440bc6142521d8a9ce4f", "evidence_identity": {"content_hash": "6f36df6bf689e20cc90c92fcd74baca040d4d6fa1a25368c71f35baf0fcf4bc9", "name": "none", "revision_id": "evidence:none:real-v1", "version": "v1"}, "handler": "crypto.handlers.backtest_existing_hypothesis.v1", "identity": {"package": "cripto-predictor", "record_sha256": "0cde203bc21746dc97498403c0d24fe62e4982340a720e8c7af049514462a262", "version": "1.2.0rc3"}, "metrics": {"ci": {"confidence": 0.95, "n_boot": 500, "scheme": "iid", "seed": 17}, "gross_ci_high_bps": 182, "gross_ci_low_bps": -123, "gross_return_bps": 34, "long_observations": 32, "max_drawdown_bps": -3370, "net_ci_high_bps": 149, "net_ci_low_bps": -156, "net_return_bps": 1, "sample_size": 52, "short_observations": 20, "turnover_round_trips": 52}, "model_identity": {"content_hash": "07225498b8d4834d762a198bc63ee650512fdf02e536d1b0a623bbe9a6fb3582", "name": "fixed-shadow", "revision_id": "protocol:fixed-shadow:real-v1", "version": "v1"}, "placebo_seed": 1013}, "economic_state": "NO_EDGE", "experiment_id": "crypto:EXP-f17b22cacfb09f8ebff57faa0b4a5c81", "hypothesis_id": "crypto:QUAL-SHADOW-REAL-001", "operational_state": "SUCCEEDED", "ops_facts": {"attempt_ids": ["crypto:ATTEMPT-d7ebe0d39a8c4a7ea5fe42e94569f0c5"], "attempts": 1, "economic_lock_id": "economic-09acfc019c293ebdda661f295e1c765ece1bff884905f7ed7c45b87acc5547d4", "exit_code": 0, "finished_at": "2026-09-28T18:06:48.715Z", "heartbeat_at": "2026-09-28T18:06:48.513Z", "identity": {"package": "predictor-ops", "record_sha256": "1c7946e1d994f63bc3e732fe4666edfb42967f3a7b7b11664af63ca572f0018f", "version": "4.2.2rc1"}, "job_id": "crypto-research-f17b22cacfb09f8ebff57faa", "operational_state": "SUCCEEDED", "ops_record_hash": "e30d9d543e2233dfb4110f93da211c7489c4b1d5b7535cf92a84f8a351c3d5d1", "ops_run_id": "bf9b7819dda34094a5183c7a1fab525c", "ops_run_ids": ["bf9b7819dda34094a5183c7a1fab525c"], "retry_count": 0, "started_at": "2026-09-28T18:06:48.509Z"}, "produced_at": "2026-09-28T18:06:48.721334Z", "provenance": {"admission_policy_hash": "78e8b2d76c589c02254b299bcc633eaddfe82d6a93e7849a9b91d11f31563729", "admission_policy_id": "crypto-integration-qualification", "admission_policy_version": 1, "handler_identity": "crypto.handlers.backtest_existing_hypothesis.v1", "journal_identity": "6641998efe9002e9a79e8e06c61cdbe5d7c403e4eaaf928bcf4e7066e84f8926", "logical_experiment_hash": "f17b22cacfb09f8ebff57faa0b4a5c814cf93b6cddb8fa8483dd44153e8bbd59", "reference_materialization_receipt_hash": "1a1b9bc5e8c30fc45fbcf391eb6ebdb234d066a040c05ab1ae034aa9fc877176", "request_content_hash": "be8dc32f9bbe2b907c8ac03926ff6ff3552844c6d3cd1eed2cf0ef830c0a1a7b", "resolved_references_hash": "257b00d8d257e56401219b8ae046e9e5a1d90efaba5ab7cc654a493d0f59ee64"}, "request_id": "crypto:REQ-IC-SOAK-013", "research_id": "crypto:RESEARCH-INTEGRATION-QUALIFICATION", "result_id": "crypto:RESULT-f17b22cacfb09f8ebff57faa0b4a5c81", "result_state": "INCONCLUSIVE", "schema_version": "crypto-research-result/1", "scientific_state": "INCONCLUSIVE"}, "result_sha256": "cd4c902cb5625d7e65fe09e8348be349f3faa300868e8b92ff10049aad71e9fb", "source": "authoritative_result_store", "status": "RESULT"}
--- stderr
--- end
{"n": 210, "label": "show crypto:REQ-LLM-07dfb4d65ab14036", "at": "2026-09-28T18:08:50Z", "seconds": 0.13, "argv": ["/home/runner/work/_temp/work/rt/consumer-venv/bin/cripto-research", "--state", "/home/runner/work/_temp/work/soak/domain-state", "show", "crypto:REQ-LLM-07dfb4d65ab14036"], "fault_env": {}, "exit": 0}
--- stdout
{"request_id": "crypto:REQ-LLM-07dfb4d65ab14036", "result": {"admission_id": "crypto:ADM-9b2a9b84cf7e245caef6f53b91978290", "capital_permission": false, "core_facts": {"dataset_fingerprint": "1e6356ed1c918f083af953f558a5d23fc6d777ec95bb6cdbde16ee34d257dddb", "identity": {"package": "predictor-core", "record_sha256": "eb8c5553379422a4317e5d6749a98912e95e873d52c80d7fa1fd87e6d96977c2", "version": "3.2.1"}, "scientific_state_source": "core_trial_registry", "statistics": {"gross_ci_high": 0.025491888319027364, "gross_ci_low": -0.0073627586029645685, "mean_gross_return": 0.00890702008556286, "mean_net_return": 0.005587396047101322, "net_ci_high": 0.022228257549796595, "net_ci_low": -0.010573665190755826}, "temporal_validation": {"data_cutoff": "2026-08-31T00:00:00Z", "inequality": "available_at <= data_cutoff and observed_at monotonic and observed_at <= available_at", "max_available_at": "2026-08-31T00:00:00Z", "method": "predictor_core.measurement.replay", "rows": 52, "status": "PASS"}, "trial_ids": ["crypto:TRIAL-72636ea3505e3a92a159840b870b2086"], "trial_registry": "predictor_core.contracts.trial_v2.TrialRegistryV2", "trial_row_hash": "d181f6f95cb5e6301b7b77152107e2481ce02628a9c3357712b9879df698ba28"}, "domain_facts": {"baseline_comparison": {"baseline_id": "crypto:BASELINE-FLAT", "gross_delta_bps": 89, "net_delta_bps": 56, "outcome": "BEATS"}, "baseline_identity": {"content_hash": "4cfdb5417495d2ab5067d67ad9d199d59d330fa4600a8d451b32a7b62e6be136", "name": "flat", "revision_id": "baseline:flat:real-v1", "version": "v1"}, "cost_model_identity": {"content_hash": "6168c2abe0d77bcceffc084905a6a2ba54a8cbdf5a1a55f48fbc1e30f3e44e65", "name": "v3-frozen", "revision_id": "cost_model:v3-frozen:real-v1", "version": "v1"}, "costs": {"cost_aware_decision": "NO_TRADE", "mean_funding_pnl_bps": -3, "mean_total_cost_bps": 33, "model": "GarimpoInvestimentos.v3.costs.CostModel", "round_trip_friction_bps": 30, "slippage_bps_per_leg": 5, "taker_fee_bps_per_leg": 10}, "data_cutoff": "2026-08-31T00:00:00Z", "data_quality": {"ok": true}, "dataset_identity": {"content_hash": "0d04cf7c11e8b27fd294a3c354dee3750c9de9d2b312f0044436e7a1751b9a33", "name": "real-in-sample", "revision_id": "dataset:real-in-sample:v1", "version": "v1"}, "effect_sha256": "46bfbf6891def3dc1a06cfa2cda83f84b6b7d741f9a5c91a97c670f1eff0467f", "evidence_identity": {"content_hash": "6f36df6bf689e20cc90c92fcd74baca040d4d6fa1a25368c71f35baf0fcf4bc9", "name": "none", "revision_id": "evidence:none:real-v1", "version": "v1"}, "handler": "crypto.handlers.backtest_existing_hypothesis.v1", "identity": {"package": "cripto-predictor", "record_sha256": "0cde203bc21746dc97498403c0d24fe62e4982340a720e8c7af049514462a262", "version": "1.2.0rc3"}, "metrics": {"ci": {"confidence": 0.95, "n_boot": 500, "scheme": "iid", "seed": 17}, "gross_ci_high_bps": 255, "gross_ci_low_bps": -74, "gross_return_bps": 89, "long_observations": 34, "max_drawdown_bps": -2554, "net_ci_high_bps": 222, "net_ci_low_bps": -106, "net_return_bps": 56, "sample_size": 52, "short_observations": 18, "turnover_round_trips": 52}, "model_identity": {"content_hash": "07225498b8d4834d762a198bc63ee650512fdf02e536d1b0a623bbe9a6fb3582", "name": "fixed-shadow", "revision_id": "protocol:fixed-shadow:real-v1", "version": "v1"}, "placebo_seed": 101334}, "economic_state": "NO_EDGE", "experiment_id": "crypto:EXP-72636ea3505e3a92a159840b870b2086", "hypothesis_id": "crypto:QUAL-SHADOW-REAL-001", "operational_state": "SUCCEEDED", "ops_facts": {"attempt_ids": ["crypto:ATTEMPT-0a571c929aab41c68170f30572a93f1d"], "attempts": 1, "economic_lock_id": "economic-607fc490ad464f9bbdd27176b976908e725c343d2e9853a80d0e6736ebbe1341", "exit_code": 0, "finished_at": "2026-09-28T18:08:12.911Z", "heartbeat_at": "2026-09-28T18:08:12.710Z", "identity": {"package": "predictor-ops", "record_sha256": "1c7946e1d994f63bc3e732fe4666edfb42967f3a7b7b11664af63ca572f0018f", "version": "4.2.2rc1"}, "job_id": "crypto-research-72636ea3505e3a92a159840b", "operational_state": "SUCCEEDED", "ops_record_hash": "6ea6ae4bbe39574e6b39c3e11c0722199b42269cbc7aa13dd4f27fe248cfa467", "ops_run_id": "061768b8aeca4c928e077a3f75ba0b9c", "ops_run_ids": ["061768b8aeca4c928e077a3f75ba0b9c"], "retry_count": 0, "started_at": "2026-09-28T18:08:12.706Z"}, "produced_at": "2026-09-28T18:08:12.916516Z", "provenance": {"admission_policy_hash": "78e8b2d76c589c02254b299bcc633eaddfe82d6a93e7849a9b91d11f31563729", "admission_policy_id": "crypto-integration-qualification", "admission_policy_version": 1, "handler_identity": "crypto.handlers.backtest_existing_hypothesis.v1", "journal_identity": "a90c77763152ce442038370e3fe9f700d13f15c16a3401877414aa63ce6afbbb", "logical_experiment_hash": "72636ea3505e3a92a159840b870b20867077f211fdfb6875ce750859743a5404", "reference_materialization_receipt_hash": "1eaa80eef8a5127a7828f898d2b2457a94ae48348dd2f4e1aa2df1c5d2732522", "request_content_hash": "c43b2b0c1302a4a35fbdafa439a2081727c1a4e026f39889321ae20fb72acf1e", "resolved_references_hash": "257b00d8d257e56401219b8ae046e9e5a1d90efaba5ab7cc654a493d0f59ee64"}, "request_id": "crypto:REQ-LLM-07dfb4d65ab14036", "research_id": "crypto:RESEARCH-INTEGRATION-QUALIFICATION", "result_id": "crypto:RESULT-72636ea3505e3a92a159840b870b2086", "result_state": "INCONCLUSIVE", "schema_version": "crypto-research-result/1", "scientific_state": "INCONCLUSIVE"}, "result_sha256": "faf13967002da1b898800d66159db9392f10a617e10476ec4921d4cb5184fe71", "source": "authoritative_result_store", "status": "RESULT"}
--- stderr
--- end
{"n": 211, "label": "show crypto:REQ-LLM-74964fc17c52c897", "at": "2026-09-28T18:08:51Z", "seconds": 0.13, "argv": ["/home/runner/work/_temp/work/rt/consumer-venv/bin/cripto-research", "--state", "/home/runner/work/_temp/work/soak/domain-state", "show", "crypto:REQ-LLM-74964fc17c52c897"], "fault_env": {}, "exit": 0}
--- stdout
{"request_id": "crypto:REQ-LLM-74964fc17c52c897", "result": {"admission_id": "crypto:ADM-2713561c0266ec95b331ba1c0f5be749", "capital_permission": false, "core_facts": {"dataset_fingerprint": "1e6356ed1c918f083af953f558a5d23fc6d777ec95bb6cdbde16ee34d257dddb", "identity": {"package": "predictor-core", "record_sha256": "eb8c5553379422a4317e5d6749a98912e95e873d52c80d7fa1fd87e6d96977c2", "version": "3.2.1"}, "scientific_state_source": "core_trial_registry", "statistics": {"gross_ci_high": 0.010739734737202012, "gross_ci_low": -0.02280687743666319, "mean_gross_return": -0.00662855035817167, "mean_net_return": -0.009842746319710133, "net_ci_high": 0.007608456467971241, "net_ci_low": -0.026165184458667765}, "temporal_validation": {"data_cutoff": "2026-08-31T00:00:00Z", "inequality": "available_at <= data_cutoff and observed_at monotonic and observed_at <= available_at", "max_available_at": "2026-08-31T00:00:00Z", "method": "predictor_core.measurement.replay", "rows": 52, "status": "PASS"}, "trial_ids": ["crypto:TRIAL-c14076c1306d48df0505acbb11ad3157"], "trial_registry": "predictor_core.contracts.trial_v2.TrialRegistryV2", "trial_row_hash": "9de73e2aeaaf4d01c0d8c1f59ef640dbbd35b6ec05d3f7c8066593d2ca0675e7"}, "domain_facts": {"baseline_comparison": {"baseline_id": "crypto:BASELINE-FLAT", "gross_delta_bps": -66, "net_delta_bps": -98, "outcome": "LOSES"}, "baseline_identity": {"content_hash": "4cfdb5417495d2ab5067d67ad9d199d59d330fa4600a8d451b32a7b62e6be136", "name": "flat", "revision_id": "baseline:flat:real-v1", "version": "v1"}, "cost_model_identity": {"content_hash": "6168c2abe0d77bcceffc084905a6a2ba54a8cbdf5a1a55f48fbc1e30f3e44e65", "name": "v3-frozen", "revision_id": "cost_model:v3-frozen:real-v1", "version": "v1"}, "costs": {"cost_aware_decision": "NO_TRADE", "mean_funding_pnl_bps": -2, "mean_total_cost_bps": 32, "model": "GarimpoInvestimentos.v3.costs.CostModel", "round_trip_friction_bps": 30, "slippage_bps_per_leg": 5, "taker_fee_bps_per_leg": 10}, "data_cutoff": "2026-08-31T00:00:00Z", "data_quality": {"ok": true}, "dataset_identity": {"content_hash": "0d04cf7c11e8b27fd294a3c354dee3750c9de9d2b312f0044436e7a1751b9a33", "name": "real-in-sample", "revision_id": "dataset:real-in-sample:v1", "version": "v1"}, "effect_sha256": "9a2f35124504a1a7ff6a936418c746bd6ae0a1ef6fd543aa6c5880b7194fbbd9", "evidence_identity": {"content_hash": "6f36df6bf689e20cc90c92fcd74baca040d4d6fa1a25368c71f35baf0fcf4bc9", "name": "none", "revision_id": "evidence:none:real-v1", "version": "v1"}, "handler": "crypto.handlers.backtest_existing_hypothesis.v1", "identity": {"package": "cripto-predictor", "record_sha256": "0cde203bc21746dc97498403c0d24fe62e4982340a720e8c7af049514462a262", "version": "1.2.0rc3"}, "metrics": {"ci": {"confidence": 0.95, "n_boot": 500, "scheme": "iid", "seed": 17}, "gross_ci_high_bps": 107, "gross_ci_low_bps": -228, "gross_return_bps": -66, "long_observations": 25, "max_drawdown_bps": -5775, "net_ci_high_bps": 76, "net_ci_low_bps": -262, "net_return_bps": -98, "sample_size": 52, "short_observations": 27, "turnover_round_trips": 52}, "model_identity": {"content_hash": "07225498b8d4834d762a198bc63ee650512fdf02e536d1b0a623bbe9a6fb3582", "name": "fixed-shadow", "revision_id": "protocol:fixed-shadow:real-v1", "version": "v1"}, "placebo_seed": 7873}, "economic_state": "NO_EDGE", "experiment_id": "crypto:EXP-c14076c1306d48df0505acbb11ad3157", "hypothesis_id": "crypto:QUAL-SHADOW-REAL-002", "operational_state": "SUCCEEDED", "ops_facts": {"attempt_ids": ["crypto:ATTEMPT-c8d1a6bd734440df8090cd1d29f35d77"], "attempts": 1, "economic_lock_id": "economic-996b3e667a785e3d277b3b9e76e1611afcca3a3813bf997e25d98b9d3e5dc1af", "exit_code": 0, "finished_at": "2026-09-28T18:08:30.289Z", "heartbeat_at": "2026-09-28T18:08:30.088Z", "identity": {"package": "predictor-ops", "record_sha256": "1c7946e1d994f63bc3e732fe4666edfb42967f3a7b7b11664af63ca572f0018f", "version": "4.2.2rc1"}, "job_id": "crypto-research-c14076c1306d48df0505acbb", "operational_state": "SUCCEEDED", "ops_record_hash": "a1ae6d633bf6ad4a07f84cf798d8b643b5d5729e5a4d1045fdab6558fc72c166", "ops_run_id": "0088ed92425c4f45af2c93c10aeb42c7", "ops_run_ids": ["0088ed92425c4f45af2c93c10aeb42c7"], "retry_count": 0, "started_at": "2026-09-28T18:08:30.084Z"}, "produced_at": "2026-09-28T18:08:30.294313Z", "provenance": {"admission_policy_hash": "78e8b2d76c589c02254b299bcc633eaddfe82d6a93e7849a9b91d11f31563729", "admission_policy_id": "crypto-integration-qualification", "admission_policy_version": 1, "handler_identity": "crypto.handlers.backtest_existing_hypothesis.v1", "journal_identity": "106d3ed2cef98c22c0ff93557ff48052491cd22623ae8d748853b7f10a8e6888", "logical_experiment_hash": "c14076c1306d48df0505acbb11ad315772df416ff4b82af1c039e951d529ac57", "reference_materialization_receipt_hash": "2d46fc4ad200c453f7cfe4058dfb883389366002d8394d49cef94980064920c7", "request_content_hash": "d21d0aab991c8d86ba71cd15573c42a5223dc1ade2982d82a598ac2eaceafccb", "resolved_references_hash": "257b00d8d257e56401219b8ae046e9e5a1d90efaba5ab7cc654a493d0f59ee64"}, "request_id": "crypto:REQ-LLM-74964fc17c52c897", "research_id": "crypto:RESEARCH-INTEGRATION-QUALIFICATION", "result_id": "crypto:RESULT-c14076c1306d48df0505acbb11ad3157", "result_state": "INCONCLUSIVE", "schema_version": "crypto-research-result/1", "scientific_state": "INCONCLUSIVE"}, "result_sha256": "084ef89bc108e0baabd47595074916af415f26282a0b7b7ef5cc43e888433dc2", "source": "authoritative_result_store", "status": "RESULT"}
--- stderr
--- end
{"n": 212, "label": "show crypto:REQ-IC-SOAK-003", "at": "2026-09-28T18:08:51Z", "seconds": 0.123, "argv": ["/home/runner/work/_temp/work/rt/consumer-venv/bin/cripto-research", "--state", "/home/runner/work/_temp/work/soak/domain-state", "show", "crypto:REQ-IC-SOAK-003"], "fault_env": {}, "exit": 0}
--- stdout
{"request_id": "crypto:REQ-IC-SOAK-003", "result": {"admission_id": "crypto:ADM-225cd122f98cf0cb3f318cdf743b5d97", "capital_permission": false, "core_facts": {"dataset_fingerprint": "1e6356ed1c918f083af953f558a5d23fc6d777ec95bb6cdbde16ee34d257dddb", "identity": {"package": "predictor-core", "record_sha256": "eb8c5553379422a4317e5d6749a98912e95e873d52c80d7fa1fd87e6d96977c2", "version": "3.2.1"}, "scientific_state_source": "core_trial_registry", "statistics": {"gross_ci_high": 0.014194428820115759, "gross_ci_low": -0.015952125294048738, "mean_gross_return": -0.0014510333074158183, "mean_net_return": -0.004611606576646589, "net_ci_high": 0.011116450166269602, "net_ci_low": -0.019125484403766414}, "temporal_validation": {"data_cutoff": "2026-08-31T00:00:00Z", "inequality": "available_at <= data_cutoff and observed_at monotonic and observed_at <= available_at", "max_available_at": "2026-08-31T00:00:00Z", "method": "predictor_core.measurement.replay", "rows": 52, "status": "PASS"}, "trial_ids": ["crypto:TRIAL-0a533b46fb6301e263d659dd9342b4c1"], "trial_registry": "predictor_core.contracts.trial_v2.TrialRegistryV2", "trial_row_hash": "6679e8f9f01b49f4ada4082a6134d653e44c225cc58917a9e27f8a5817debea8"}, "domain_facts": {"baseline_comparison": {"baseline_id": "crypto:BASELINE-FLAT", "gross_delta_bps": -15, "net_delta_bps": -46, "outcome": "LOSES"}, "baseline_identity": {"content_hash": "4cfdb5417495d2ab5067d67ad9d199d59d330fa4600a8d451b32a7b62e6be136", "name": "flat", "revision_id": "baseline:flat:real-v1", "version": "v1"}, "cost_model_identity": {"content_hash": "6168c2abe0d77bcceffc084905a6a2ba54a8cbdf5a1a55f48fbc1e30f3e44e65", "name": "v3-frozen", "revision_id": "cost_model:v3-frozen:real-v1", "version": "v1"}, "costs": {"cost_aware_decision": "NO_TRADE", "mean_funding_pnl_bps": -2, "mean_total_cost_bps": 31, "model": "GarimpoInvestimentos.v3.costs.CostModel", "round_trip_friction_bps": 30, "slippage_bps_per_leg": 5, "taker_fee_bps_per_leg": 10}, "data_cutoff": "2026-08-31T00:00:00Z", "data_quality": {"ok": true}, "dataset_identity": {"content_hash": "0d04cf7c11e8b27fd294a3c354dee3750c9de9d2b312f0044436e7a1751b9a33", "name": "real-in-sample", "revision_id": "dataset:real-in-sample:v1", "version": "v1"}, "effect_sha256": "e73ae003f384f2fb39522935525a6639ccf70a7fc7774c0e162cbaa54523625b", "evidence_identity": {"content_hash": "6f36df6bf689e20cc90c92fcd74baca040d4d6fa1a25368c71f35baf0fcf4bc9", "name": "none", "revision_id": "evidence:none:real-v1", "version": "v1"}, "handler": "crypto.handlers.backtest_existing_hypothesis.v1", "identity": {"package": "cripto-predictor", "record_sha256": "0cde203bc21746dc97498403c0d24fe62e4982340a720e8c7af049514462a262", "version": "1.2.0rc3"}, "metrics": {"ci": {"confidence": 0.95, "n_boot": 500, "scheme": "iid", "seed": 17}, "gross_ci_high_bps": 142, "gross_ci_low_bps": -160, "gross_return_bps": -15, "long_observations": 29, "max_drawdown_bps": -5146, "net_ci_high_bps": 111, "net_ci_low_bps": -191, "net_return_bps": -46, "sample_size": 52, "short_observations": 23, "turnover_round_trips": 52}, "model_identity": {"content_hash": "07225498b8d4834d762a198bc63ee650512fdf02e536d1b0a623bbe9a6fb3582", "name": "fixed-shadow", "revision_id": "protocol:fixed-shadow:real-v1", "version": "v1"}, "placebo_seed": 1003}, "economic_state": "NO_EDGE", "experiment_id": "crypto:EXP-0a533b46fb6301e263d659dd9342b4c1", "hypothesis_id": "crypto:QUAL-SHADOW-REAL-003", "operational_state": "SUCCEEDED", "ops_facts": {"attempt_ids": ["crypto:ATTEMPT-8cb574976e3a47cb8f55a96c52b6d4a0"], "attempts": 1, "economic_lock_id": "economic-6631101004d8634fa3ced286645f70ce2d08af4d0c5a76eeb93c1522bf179df1", "exit_code": 0, "finished_at": "2026-09-28T18:06:36.388Z", "heartbeat_at": "2026-09-28T18:06:36.187Z", "identity": {"package": "predictor-ops", "record_sha256": "1c7946e1d994f63bc3e732fe4666edfb42967f3a7b7b11664af63ca572f0018f", "version": "4.2.2rc1"}, "job_id": "crypto-research-0a533b46fb6301e263d659dd", "operational_state": "SUCCEEDED", "ops_record_hash": "f70f5df5b0020e3ccb7591b8fe871cadb12f904c639edd5c00290b6e4a06ed1c", "ops_run_id": "cc14149c729f400c8a844331b0dae1a3", "ops_run_ids": ["cc14149c729f400c8a844331b0dae1a3"], "retry_count": 0, "started_at": "2026-09-28T18:06:36.183Z"}, "produced_at": "2026-09-28T18:06:36.393631Z", "provenance": {"admission_policy_hash": "78e8b2d76c589c02254b299bcc633eaddfe82d6a93e7849a9b91d11f31563729", "admission_policy_id": "crypto-integration-qualification", "admission_policy_version": 1, "handler_identity": "crypto.handlers.backtest_existing_hypothesis.v1", "journal_identity": "c48d53f76f21e8e5fc29667d3fdac2a46d807b11cd75baf3961df43bca49fb07", "logical_experiment_hash": "0a533b46fb6301e263d659dd9342b4c101f6a1d85dd766a39467f7cc74d218b5", "reference_materialization_receipt_hash": "a7bc6a71f385f5df0de633764980aa4e009ef443063af2439bb10b4d223a7229", "request_content_hash": "220ba83fb93c9fbfa9453133c99ec0d13402579756dba12d9f9d04a104237258", "resolved_references_hash": "257b00d8d257e56401219b8ae046e9e5a1d90efaba5ab7cc654a493d0f59ee64"}, "request_id": "crypto:REQ-IC-SOAK-003", "research_id": "crypto:RESEARCH-INTEGRATION-QUALIFICATION", "result_id": "crypto:RESULT-0a533b46fb6301e263d659dd9342b4c1", "result_state": "INCONCLUSIVE", "schema_version": "crypto-research-result/1", "scientific_state": "INCONCLUSIVE"}, "result_sha256": "273e6e799e7d87d8955ab9dcc8cad26ce9c153c44b2f97676e942f9c4316234b", "source": "authoritative_result_store", "status": "RESULT"}
--- stderr
--- end
{"n": 213, "label": "show crypto:REQ-IC-SOAK-004", "at": "2026-09-28T18:08:51Z", "seconds": 0.124, "argv": ["/home/runner/work/_temp/work/rt/consumer-venv/bin/cripto-research", "--state", "/home/runner/work/_temp/work/soak/domain-state", "show", "crypto:REQ-IC-SOAK-004"], "fault_env": {}, "exit": 0}
--- stdout
{"request_id": "crypto:REQ-IC-SOAK-004", "result": {"admission_id": "crypto:ADM-294780e63e7472bc9b8e79ec27e40412", "capital_permission": false, "core_facts": {"dataset_fingerprint": "1e6356ed1c918f083af953f558a5d23fc6d777ec95bb6cdbde16ee34d257dddb", "identity": {"package": "predictor-core", "record_sha256": "eb8c5553379422a4317e5d6749a98912e95e873d52c80d7fa1fd87e6d96977c2", "version": "3.2.1"}, "scientific_state_source": "core_trial_registry", "statistics": {"gross_ci_high": 0.029912088490805348, "gross_ci_low": -0.0016564041119536282, "mean_gross_return": 0.01421716501110429, "mean_net_return": 0.011344017126488904, "net_ci_high": 0.02717975368311304, "net_ci_low": -0.004608184881184398}, "temporal_validation": {"data_cutoff": "2026-08-31T00:00:00Z", "inequality": "available_at <= data_cutoff and observed_at monotonic and observed_at <= available_at", "max_available_at": "2026-08-31T00:00:00Z", "method": "predictor_core.measurement.replay", "rows": 52, "status": "PASS"}, "trial_ids": ["crypto:TRIAL-0a11c0616653c63a435f68f399363439"], "trial_registry": "predictor_core.contracts.trial_v2.TrialRegistryV2", "trial_row_hash": "39a8b888c0e2333ffc197f21cb1850541b6eede1fcd3321030cd4e696e0ae3ac"}, "domain_facts": {"baseline_comparison": {"baseline_id": "crypto:BASELINE-FLAT", "gross_delta_bps": 142, "net_delta_bps": 113, "outcome": "BEATS"}, "baseline_identity": {"content_hash": "4cfdb5417495d2ab5067d67ad9d199d59d330fa4600a8d451b32a7b62e6be136", "name": "flat", "revision_id": "baseline:flat:real-v1", "version": "v1"}, "cost_model_identity": {"content_hash": "6168c2abe0d77bcceffc084905a6a2ba54a8cbdf5a1a55f48fbc1e30f3e44e65", "name": "v3-frozen", "revision_id": "cost_model:v3-frozen:real-v1", "version": "v1"}, "costs": {"cost_aware_decision": "NO_TRADE", "mean_funding_pnl_bps": 1, "mean_total_cost_bps": 29, "model": "GarimpoInvestimentos.v3.costs.CostModel", "round_trip_friction_bps": 30, "slippage_bps_per_leg": 5, "taker_fee_bps_per_leg": 10}, "data_cutoff": "2026-08-31T00:00:00Z", "data_quality": {"ok": true}, "dataset_identity": {"content_hash": "0d04cf7c11e8b27fd294a3c354dee3750c9de9d2b312f0044436e7a1751b9a33", "name": "real-in-sample", "revision_id": "dataset:real-in-sample:v1", "version": "v1"}, "effect_sha256": "91ff544a96d3932cdde833bd44b9118c6458ac55544d757ca4e9c366ee02d5bf", "evidence_identity": {"content_hash": "6f36df6bf689e20cc90c92fcd74baca040d4d6fa1a25368c71f35baf0fcf4bc9", "name": "none", "revision_id": "evidence:none:real-v1", "version": "v1"}, "handler": "crypto.handlers.backtest_existing_hypothesis.v1", "identity": {"package": "cripto-predictor", "record_sha256": "0cde203bc21746dc97498403c0d24fe62e4982340a720e8c7af049514462a262", "version": "1.2.0rc3"}, "metrics": {"ci": {"confidence": 0.95, "n_boot": 500, "scheme": "iid", "seed": 17}, "gross_ci_high_bps": 299, "gross_ci_low_bps": -17, "gross_return_bps": 142, "long_observations": 21, "max_drawdown_bps": -2708, "net_ci_high_bps": 272, "net_ci_low_bps": -46, "net_return_bps": 113, "sample_size": 52, "short_observations": 31, "turnover_round_trips": 52}, "model_identity": {"content_hash": "07225498b8d4834d762a198bc63ee650512fdf02e536d1b0a623bbe9a6fb3582", "name": "fixed-shadow", "revision_id": "protocol:fixed-shadow:real-v1", "version": "v1"}, "placebo_seed": 1004}, "economic_state": "NO_EDGE", "experiment_id": "crypto:EXP-0a11c0616653c63a435f68f399363439", "hypothesis_id": "crypto:QUAL-SHADOW-REAL-001", "operational_state": "SUCCEEDED", "ops_facts": {"attempt_ids": ["crypto:ATTEMPT-12b62c3264c541bcba0221a38f7e64f9", "crypto:ATTEMPT-f7ed7bf226e84baf907103df9ec9b315"], "attempts": 2, "economic_lock_id": "economic-6aa4a4ec7bee0834d5b9afdae6b4f828439c977550edd1ab4f0eb03b16e808c9", "exit_code": 0, "finished_at": "2026-09-28T18:06:38.088Z", "heartbeat_at": "2026-09-28T18:06:37.886Z", "identity": {"package": "predictor-ops", "record_sha256": "1c7946e1d994f63bc3e732fe4666edfb42967f3a7b7b11664af63ca572f0018f", "version": "4.2.2rc1"}, "job_id": "crypto-research-0a11c0616653c63a435f68f3", "operational_state": "SUCCEEDED", "ops_record_hash": "264718de500c0e4d12912e75ac5d7b90db09e59cf80c7102888df468bd6d79e3", "ops_run_id": "66aa7af947404b9b9bf020fd8584842a", "ops_run_ids": ["28544042667e40ebae7e5524a8c58576", "66aa7af947404b9b9bf020fd8584842a"], "retry_count": 1, "started_at": "2026-09-28T18:06:37.881Z"}, "produced_at": "2026-09-28T18:06:38.092489Z", "provenance": {"admission_policy_hash": "78e8b2d76c589c02254b299bcc633eaddfe82d6a93e7849a9b91d11f31563729", "admission_policy_id": "crypto-integration-qualification", "admission_policy_version": 1, "handler_identity": "crypto.handlers.backtest_existing_hypothesis.v1", "journal_identity": "33112c42d4b42573b4b998fc2e91086ac9e478feffd468d67c4e5b2c6793521e", "logical_experiment_hash": "0a11c0616653c63a435f68f3993634395866245a411d6e34c279a9335fa69682", "reference_materialization_receipt_hash": "b8ee764587206226a08055de2eafd0e1525e0867ede83b8a62ca9bfe81892911", "request_content_hash": "fb4711a007710d7605daf31671bd747715f478a2507a25884033d18f47a0a556", "resolved_references_hash": "257b00d8d257e56401219b8ae046e9e5a1d90efaba5ab7cc654a493d0f59ee64"}, "request_id": "crypto:REQ-IC-SOAK-004", "research_id": "crypto:RESEARCH-INTEGRATION-QUALIFICATION", "result_id": "crypto:RESULT-0a11c0616653c63a435f68f399363439", "result_state": "INCONCLUSIVE", "schema_version": "crypto-research-result/1", "scientific_state": "INCONCLUSIVE"}, "result_sha256": "a8c1bb91a58716c5f8401b6c31240585a43c823de850c704b63a9c35f8df7cd4", "source": "authoritative_result_store", "status": "RESULT"}
--- stderr
--- end
{"n": 214, "label": "show crypto:REQ-IC-SOAK-020", "at": "2026-09-28T18:08:51Z", "seconds": 0.129, "argv": ["/home/runner/work/_temp/work/rt/consumer-venv/bin/cripto-research", "--state", "/home/runner/work/_temp/work/soak/domain-state", "show", "crypto:REQ-IC-SOAK-020"], "fault_env": {}, "exit": 0}
--- stdout
{"request_id": "crypto:REQ-IC-SOAK-020", "result": {"admission_id": "crypto:ADM-0ea74baf884d658aca4c705686c5527f", "capital_permission": false, "core_facts": {"dataset_fingerprint": "1e6356ed1c918f083af953f558a5d23fc6d777ec95bb6cdbde16ee34d257dddb", "identity": {"package": "predictor-core", "record_sha256": "eb8c5553379422a4317e5d6749a98912e95e873d52c80d7fa1fd87e6d96977c2", "version": "3.2.1"}, "scientific_state_source": "core_trial_registry", "statistics": {"gross_ci_high": 0.0089630367440064, "gross_ci_low": -0.02540287689270776, "mean_gross_return": -0.008601608592425139, "mean_net_return": -0.01171666032319437, "net_ci_high": 0.0059951828978525535, "net_ci_low": -0.028647110703373543}, "temporal_validation": {"data_cutoff": "2026-08-31T00:00:00Z", "inequality": "available_at <= data_cutoff and observed_at monotonic and observed_at <= available_at", "max_available_at": "2026-08-31T00:00:00Z", "method": "predictor_core.measurement.replay", "rows": 52, "status": "PASS"}, "trial_ids": ["crypto:TRIAL-218f7a0887bd856b6bbae7b920fddb90"], "trial_registry": "predictor_core.contracts.trial_v2.TrialRegistryV2", "trial_row_hash": "c4d8690ce93a4f73c41250710e479a7eb428ebf26fbc07c0a35ac6031d37b5a0"}, "domain_facts": {"baseline_comparison": {"baseline_id": "crypto:BASELINE-FLAT", "gross_delta_bps": -86, "net_delta_bps": -117, "outcome": "LOSES"}, "baseline_identity": {"content_hash": "4cfdb5417495d2ab5067d67ad9d199d59d330fa4600a8d451b32a7b62e6be136", "name": "flat", "revision_id": "baseline:flat:real-v1", "version": "v1"}, "cost_model_identity": {"content_hash": "6168c2abe0d77bcceffc084905a6a2ba54a8cbdf5a1a55f48fbc1e30f3e44e65", "name": "v3-frozen", "revision_id": "cost_model:v3-frozen:real-v1", "version": "v1"}, "costs": {"cost_aware_decision": "NO_TRADE", "mean_funding_pnl_bps": -1, "mean_total_cost_bps": 31, "model": "GarimpoInvestimentos.v3.costs.CostModel", "round_trip_friction_bps": 30, "slippage_bps_per_leg": 5, "taker_fee_bps_per_leg": 10}, "data_cutoff": "2026-08-31T00:00:00Z", "data_quality": {"ok": true}, "dataset_identity": {"content_hash": "0d04cf7c11e8b27fd294a3c354dee3750c9de9d2b312f0044436e7a1751b9a33", "name": "real-in-sample", "revision_id": "dataset:real-in-sample:v1", "version": "v1"}, "effect_sha256": "f3c40acd0aad7339f0f085490fc0b30cb92a0d877466ff73eb8b9ee0a238534e", "evidence_identity": {"content_hash": "6f36df6bf689e20cc90c92fcd74baca040d4d6fa1a25368c71f35baf0fcf4bc9", "name": "none", "revision_id": "evidence:none:real-v1", "version": "v1"}, "handler": "crypto.handlers.backtest_existing_hypothesis.v1", "identity": {"package": "cripto-predictor", "record_sha256": "0cde203bc21746dc97498403c0d24fe62e4982340a720e8c7af049514462a262", "version": "1.2.0rc3"}, "metrics": {"ci": {"confidence": 0.95, "n_boot": 500, "scheme": "iid", "seed": 17}, "gross_ci_high_bps": 90, "gross_ci_low_bps": -254, "gross_return_bps": -86, "long_observations": 26, "max_drawdown_bps": -6025, "net_ci_high_bps": 60, "net_ci_low_bps": -286, "net_return_bps": -117, "sample_size": 52, "short_observations": 26, "turnover_round_trips": 52}, "model_identity": {"content_hash": "07225498b8d4834d762a198bc63ee650512fdf02e536d1b0a623bbe9a6fb3582", "name": "fixed-shadow", "revision_id": "protocol:fixed-shadow:real-v1", "version": "v1"}, "placebo_seed": 1020}, "economic_state": "NO_EDGE", "experiment_id": "crypto:EXP-218f7a0887bd856b6bbae7b920fddb90", "hypothesis_id": "crypto:QUAL-SHADOW-REAL-002", "operational_state": "SUCCEEDED", "ops_facts": {"attempt_ids": ["crypto:ATTEMPT-49f54abce512413e9e3c26ade5dc13a4"], "attempts": 1, "economic_lock_id": "economic-1695afb0fa829bfd5e3a739d758b373b82501b36eb6b0f0d03c4821abd3e90bf", "exit_code": 0, "finished_at": "2026-09-28T18:06:56.127Z", "heartbeat_at": "2026-09-28T18:06:55.926Z", "identity": {"package": "predictor-ops", "record_sha256": "1c7946e1d994f63bc3e732fe4666edfb42967f3a7b7b11664af63ca572f0018f", "version": "4.2.2rc1"}, "job_id": "crypto-research-218f7a0887bd856b6bbae7b9", "operational_state": "SUCCEEDED", "ops_record_hash": "4c2a33d5bd1f8ecdb744bddb45854c4b1e5941ebe909081418d16e144d88eb21", "ops_run_id": "b4ad9da2ee3448219cf7a4e11cfd8de2", "ops_run_ids": ["b4ad9da2ee3448219cf7a4e11cfd8de2"], "retry_count": 0, "started_at": "2026-09-28T18:06:55.921Z"}, "produced_at": "2026-09-28T18:06:56.132875Z", "provenance": {"admission_policy_hash": "78e8b2d76c589c02254b299bcc633eaddfe82d6a93e7849a9b91d11f31563729", "admission_policy_id": "crypto-integration-qualification", "admission_policy_version": 1, "handler_identity": "crypto.handlers.backtest_existing_hypothesis.v1", "journal_identity": "0231aaf27aff50907653695d5dc9a735a13c310e3058298fce61e308158be881", "logical_experiment_hash": "218f7a0887bd856b6bbae7b920fddb90a9767247d6752ce104631f55d2dbad7b", "reference_materialization_receipt_hash": "26b91c972cc52e54dcb291818cc453dba0b6c62ae5adb91c6675945c4e1cc7a8", "request_content_hash": "acf78060f0a6d5b76ee3e2388b5c0b5b55d14a72abce5f483dadc54832caab05", "resolved_references_hash": "257b00d8d257e56401219b8ae046e9e5a1d90efaba5ab7cc654a493d0f59ee64"}, "request_id": "crypto:REQ-IC-SOAK-020", "research_id": "crypto:RESEARCH-INTEGRATION-QUALIFICATION", "result_id": "crypto:RESULT-218f7a0887bd856b6bbae7b920fddb90", "result_state": "INCONCLUSIVE", "schema_version": "crypto-research-result/1", "scientific_state": "INCONCLUSIVE"}, "result_sha256": "8e212479e81565984cb8bc55604e3b02ccf4c42ae2bd970adc607b6ba8f10f0b", "source": "authoritative_result_store", "status": "RESULT"}
--- stderr
--- end
{"n": 215, "label": "show crypto:REQ-IC-SOAK-007", "at": "2026-09-28T18:08:51Z", "seconds": 0.123, "argv": ["/home/runner/work/_temp/work/rt/consumer-venv/bin/cripto-research", "--state", "/home/runner/work/_temp/work/soak/domain-state", "show", "crypto:REQ-IC-SOAK-007"], "fault_env": {}, "exit": 0}
--- stdout
{"request_id": "crypto:REQ-IC-SOAK-007", "result": {"admission_id": "crypto:ADM-b62d9e856bac13f416da27a908e4d133", "capital_permission": false, "core_facts": {"dataset_fingerprint": "1e6356ed1c918f083af953f558a5d23fc6d777ec95bb6cdbde16ee34d257dddb", "identity": {"package": "predictor-core", "record_sha256": "eb8c5553379422a4317e5d6749a98912e95e873d52c80d7fa1fd87e6d96977c2", "version": "3.2.1"}, "scientific_state_source": "core_trial_registry", "statistics": {"gross_ci_high": 0.012433784064893158, "gross_ci_low": -0.02293255392678414, "mean_gross_return": -0.005884491888449383, "mean_net_return": -0.008803847849987846, "net_ci_high": 0.009557494257200849, "net_ci_low": -0.026134291234476453}, "temporal_validation": {"data_cutoff": "2026-08-31T00:00:00Z", "inequality": "available_at <= data_cutoff and observed_at monotonic and observed_at <= available_at", "max_available_at": "2026-08-31T00:00:00Z", "method": "predictor_core.measurement.replay", "rows": 52, "status": "PASS"}, "trial_ids": ["crypto:TRIAL-a85b3ad5b545e0d21625bf1e16b701f9"], "trial_registry": "predictor_core.contracts.trial_v2.TrialRegistryV2", "trial_row_hash": "d01b460a818a321f29946a0b69a84e242a0e1c3c409c865d86e29ff4ccb3be72"}, "domain_facts": {"baseline_comparison": {"baseline_id": "crypto:BASELINE-FLAT", "gross_delta_bps": -59, "net_delta_bps": -88, "outcome": "LOSES"}, "baseline_identity": {"content_hash": "4cfdb5417495d2ab5067d67ad9d199d59d330fa4600a8d451b32a7b62e6be136", "name": "flat", "revision_id": "baseline:flat:real-v1", "version": "v1"}, "cost_model_identity": {"content_hash": "6168c2abe0d77bcceffc084905a6a2ba54a8cbdf5a1a55f48fbc1e30f3e44e65", "name": "v3-frozen", "revision_id": "cost_model:v3-frozen:real-v1", "version": "v1"}, "costs": {"cost_aware_decision": "NO_TRADE", "mean_funding_pnl_bps": 1, "mean_total_cost_bps": 29, "model": "GarimpoInvestimentos.v3.costs.CostModel", "round_trip_friction_bps": 30, "slippage_bps_per_leg": 5, "taker_fee_bps_per_leg": 10}, "data_cutoff": "2026-08-31T00:00:00Z", "data_quality": {"ok": true}, "dataset_identity": {"content_hash": "0d04cf7c11e8b27fd294a3c354dee3750c9de9d2b312f0044436e7a1751b9a33", "name": "real-in-sample", "revision_id": "dataset:real-in-sample:v1", "version": "v1"}, "effect_sha256": "75d9afe4521a9e8a5f15527b065858620b436c34b69ec87ddf5ba79b38059f4c", "evidence_identity": {"content_hash": "6f36df6bf689e20cc90c92fcd74baca040d4d6fa1a25368c71f35baf0fcf4bc9", "name": "none", "revision_id": "evidence:none:real-v1", "version": "v1"}, "handler": "crypto.handlers.backtest_existing_hypothesis.v1", "identity": {"package": "cripto-predictor", "record_sha256": "0cde203bc21746dc97498403c0d24fe62e4982340a720e8c7af049514462a262", "version": "1.2.0rc3"}, "metrics": {"ci": {"confidence": 0.95, "n_boot": 500, "scheme": "iid", "seed": 17}, "gross_ci_high_bps": 124, "gross_ci_low_bps": -229, "gross_return_bps": -59, "long_observations": 22, "max_drawdown_bps": -4457, "net_ci_high_bps": 96, "net_ci_low_bps": -261, "net_return_bps": -88, "sample_size": 52, "short_observations": 30, "turnover_round_trips": 52}, "model_identity": {"content_hash": "07225498b8d4834d762a198bc63ee650512fdf02e536d1b0a623bbe9a6fb3582", "name": "fixed-shadow", "revision_id": "protocol:fixed-shadow:real-v1", "version": "v1"}, "placebo_seed": 1007}, "economic_state": "NO_EDGE", "experiment_id": "crypto:EXP-a85b3ad5b545e0d21625bf1e16b701f9", "hypothesis_id": "crypto:QUAL-SHADOW-REAL-001", "operational_state": "SUCCEEDED", "ops_facts": {"attempt_ids": ["crypto:ATTEMPT-4b833cbcdf0343929df1b101d6111060"], "attempts": 1, "economic_lock_id": "economic-ae06bceb8a63aa6e2befcbe9e4a5dcefb89029a7c8f36dd676cdca95e6fa21d6", "exit_code": 0, "finished_at": "2026-09-28T18:06:42.083Z", "heartbeat_at": "2026-09-28T18:06:41.882Z", "identity": {"package": "predictor-ops", "record_sha256": "1c7946e1d994f63bc3e732fe4666edfb42967f3a7b7b11664af63ca572f0018f", "version": "4.2.2rc1"}, "job_id": "crypto-research-a85b3ad5b545e0d21625bf1e", "operational_state": "SUCCEEDED", "ops_record_hash": "65d1558e2dd3278114bb45a84bccdcb07af6fd83904d11ca59c6b5398f781ccc", "ops_run_id": "a845c2ef1287499fa8223a7572424c8e", "ops_run_ids": ["a845c2ef1287499fa8223a7572424c8e"], "retry_count": 0, "started_at": "2026-09-28T18:06:41.877Z"}, "produced_at": "2026-09-28T18:06:42.092206Z", "provenance": {"admission_policy_hash": "78e8b2d76c589c02254b299bcc633eaddfe82d6a93e7849a9b91d11f31563729", "admission_policy_id": "crypto-integration-qualification", "admission_policy_version": 1, "handler_identity": "crypto.handlers.backtest_existing_hypothesis.v1", "journal_identity": "9e7b71e04b9a6052bb6d7fc6ff93446c83e0bb1302683380fcc5cd09c5a9f63d", "logical_experiment_hash": "a85b3ad5b545e0d21625bf1e16b701f9e53e6031e21425cfbf8c24095a8a1a22", "reference_materialization_receipt_hash": "d3a54f52ad72da95ea6f6d816b2e16d3dee461357f9b08ec86cd8c09d034e49e", "request_content_hash": "1ebdc53c1a60b7c790f8f7ffa67dbd02bd87b4ee60314fd41d3e0355cd0f6b0f", "resolved_references_hash": "257b00d8d257e56401219b8ae046e9e5a1d90efaba5ab7cc654a493d0f59ee64"}, "request_id": "crypto:REQ-IC-SOAK-007", "research_id": "crypto:RESEARCH-INTEGRATION-QUALIFICATION", "result_id": "crypto:RESULT-a85b3ad5b545e0d21625bf1e16b701f9", "result_state": "INCONCLUSIVE", "schema_version": "crypto-research-result/1", "scientific_state": "INCONCLUSIVE"}, "result_sha256": "4c849e61e7e8eb277cbf57d224e827d20eb3a8c38d0b570980763424c4eacddf", "source": "authoritative_result_store", "status": "RESULT"}
--- stderr
--- end
