$ (cwd=None) git -C C:\QUALIFICACAO\repos\core-predictor rev-parse HEAD
[exit 0]
5a0841509f091ea0aa95bde0d3d65e2a1a9e984d

$ (cwd=None) git -C C:\QUALIFICACAO\repos\core-predictor rev-parse origin/main
[exit 0]
5a0841509f091ea0aa95bde0d3d65e2a1a9e984d

$ (cwd=None) git -C C:\QUALIFICACAO\repos\core-predictor rev-parse --abbrev-ref HEAD
[exit 0]
main

$ (cwd=None) git -C C:\QUALIFICACAO\repos\core-predictor status --porcelain --untracked-files=all
[exit 0]

$ (cwd=None) git -C C:\QUALIFICACAO\repos\core-predictor remote get-url origin
[exit 0]
https://github.com/leonardosovienski/core-predictor.git

$ (cwd=None) git -C C:\QUALIFICACAO\repos\core-predictor ls-tree -r HEAD
[exit 0]
100644 blob 9361112b4b78614db332523ccb9785a0ee5703d2	.gitattributes
100644 blob 055d34a2952ded821c3c625e4c3869a0ec3a3582	.github/dependabot.yml
100644 blob 4dca01059bc64a901d792f20effcf3c02fb7fc86	.github/workflows/ci.yml
100644 blob 34b02f8c37d6f71c94c0a3314cf5fddb1e0bac59	.github/workflows/consumer-compatibility.yml
100644 blob 04deb923340d76b141d33835b8bfa1f8d2185c59	.github/workflows/dependency-review.yml
100644 blob 54e2a7e895b64397bd9f760cbb1e9ab1983694b9	.github/workflows/release.yml
100644 blob 452c1a57bf4af5f7ed61702908bd34f85ac3fd5a	.gitignore
100644 blob 67fa42ef29c0522765e70ad07d01b2f2da22cad6	.pre-commit-config.yaml
100644 blob 24ee5b1be9961e38a503c8e764b7385dbb6ba124	.python-version
100644 blob 2094f1a617d3d7aef158ac68020caed677f46ce3	ARCHITECTURE_IMPLEMENTATION.md
100644 blob a04a867f170c42d2742167dfc45eb13a40817d1a	CHANGELOG.md
100644 blob 642d7f7430660884e5aa7b97f66940c72973ea4e	HANDOFF.md
100644 blob 7249f068cfebf13be110b29625e4e948ccfbcb97	PUBLICATION_STATUS_20260912.md
100644 blob f116f715c4c3c927faf48af93dfd23a40c879b31	README.md
100644 blob 4fa98db9666dd301b98d6342709e74b054d8daa4	SECURITY.md
100644 blob f60f9ec895b43a15daf572cd267843f7aff42339	docs/ADR-001-scientific-state-and-dataset-freeze.md
100644 blob 817889751e6e424b03f8bf63783c954871173b92	docs/ADR-002-domain-neutral-economic-contracts.md
100644 blob c7545800e946265ffa3441f126a99d274a69ab77	docs/API_COMPATIBILITY.md
100644 blob 6236e7167f9c00bb2dc0affe5b4dd132b197ca96	docs/COLLECTION_ONLY_HANDOFF.md
100644 blob 16c1164b549e512768e55ce93375f31583ebba4b	docs/DEC-010-domain-ownership.md
100644 blob e458f6b69ee3b0e04004c1742b4048398ec486b5	docs/HYPOTHESES.md
100644 blob 2b1e4665f80fd48aaa9979574961f290f137d5de	docs/MIGRATION_FROM_VENDOR.md
100644 blob 9feb7b4a411b9683bfd7ac631a8fb4be4bc0e60b	docs/TEMPORAL_CONTRACT.md
100644 blob f7089a9c96750d2a14e4628c8fb7e8145062d039	docs/TRIAL_REGISTRY_V2.md
100644 blob 3ca41728e1407cab191fa30c141f28af9f9e0172	docs/VERSIONING.md
100644 blob 6fc5edb707f3a3ae1acd3bae8655ddae43dcd358	pyproject.toml
100644 blob d8f23efd28f92976075cb6cc863d77f7621c078a	src/predictor_core/__init__.py
100644 blob 49086cd4f0140c4817b7fcd0f82e5f35a07557d5	src/predictor_core/contracts/__init__.py
100644 blob a5abaa4971640475125692fd745a1b63b00eaa35	src/predictor_core/contracts/collection.py
100644 blob c6924d191ce6bd02fc635fc9ebd47e5a35eeefbf	src/predictor_core/contracts/points.py
100644 blob 5c3839afb7c3403839a29775b36788600403f677	src/predictor_core/contracts/registry.py
100644 blob bc54eeebe00710ca022eccb275c6557b3fc30d60	src/predictor_core/contracts/scientific.py
100644 blob 21163c8ecc788f1ffb683a7fcbd1464e1cfafc16	src/predictor_core/contracts/trial_v2.py
100644 blob 0992e13881af1ca605395ffb3ba2e862caca6b2a	src/predictor_core/data/__init__.py
100644 blob b812fc2bbc0ad736678befa182052ab08b924453	src/predictor_core/data/aggregation.py
100644 blob 8c54b2fc913fe06bca176687a52403c69cc49ac1	src/predictor_core/data/circuit_breaker.py
100644 blob f8071b5d1ffbe75c34951da9bf48e0acbc919cb5	src/predictor_core/data/collection.py
100644 blob b75996f72345842a193fbee52d46c9caee61feab	src/predictor_core/data/contracts.py
100644 blob 635e3fca88c9edd67e3588e32eb7e523c6b6354b	src/predictor_core/data/quality.py
100644 blob 026e5f12065dfec24b3d4ec4f0c0904b5a630b68	src/predictor_core/data/router.py
100644 blob b5a003af902cc59240f9cffcceaea82f41a908ba	src/predictor_core/data/source_quality.py
100644 blob fec79881f89fe7e3d9d943ca4680435671f15fd2	src/predictor_core/infra.py
100644 blob e28e6ddd5cc3f95639eac5c1d15117a489e8ebcf	src/predictor_core/kernel/__init__.py
100644 blob 76bf772fb91bbb3c66ecd1108975f2a512ae6359	src/predictor_core/kernel/infra.py
100644 blob 38df572f3126a1ffa714b8db81424c87cf3da73e	src/predictor_core/kernel/jsonable.py
100644 blob c26389a820ee5365ce342fa46ccacd77ba4b473e	src/predictor_core/kernel/jsonl_store.py
100644 blob 7720b84094949be8dc4ca7b55e1a40fa7180ec39	src/predictor_core/kernel/meta.py
100644 blob 1150f36b5c72415c0a984a918db66e9b9fe64813	src/predictor_core/kernel/net.py
100644 blob 3c2e00b0bcc3b1c647b8f94e178c9e3746cc0d4a	src/predictor_core/kernel/obs.py
100644 blob 52bc0c718647fc55577112c90ec099685f360d7d	src/predictor_core/kernel/settings.py
100644 blob f6ef54292ead5cd4bd7918e0a2f2c9e7df81c8ad	src/predictor_core/kernel/timeindex.py
100644 blob 1b9fc3903b3b10f5b0f3a72e1fd847e34c3ba199	src/predictor_core/measurement/__init__.py
100644 blob 141db34a673951b5df43fda6bb456f6af72a16b8	src/predictor_core/measurement/bootstrap.py
100644 blob 8508b65b46fb718a3e6be7d96909eab9ef34cc7a	src/predictor_core/measurement/metrics.py
100644 blob 8bf9e4a2bbe3696683699c6adcd4dab0e255878a	src/predictor_core/measurement/replay.py
100644 blob c24f76c62510fecab13e8d0cbfb109b1803fdb40	src/predictor_core/measurement/stats.py
100644 blob b86c80882863fff92255f2475fee9391c53edf09	src/predictor_core/measurement/trials.py
100644 blob 4921c1b64a707be6a3b5d936398be0a0fee43ca3	src/predictor_core/net.py
100644 blob 583e2a477ec4d2b017480e9b6e3fef528095b746	src/predictor_core/obs.py
100644 blob 0e48cf233f0bf13b263996eb66abfe695178cbbd	src/predictor_core/replay.py
100644 blob ad975eb1a7a02a61886c424f679aa706060df59a	src/predictor_core/settings.py
100644 blob b3153af3c1f5d9bce9fde7470d5115d87c75be78	src/predictor_core/stats.py
100644 blob 76963d07662aa4f32cb7b95d25ba277fc8b0c1fc	src/predictor_core/testing/__init__.py
100644 blob bdea0195c3da075a48adff718440d8b029aaa5ab	src/predictor_core/testing/harness.py
100644 blob c7dfcf0914e6dc224100212f8261be629f072341	src/predictor_core/testing/prequential.py
100644 blob 6f67620ca1cd1cd48af5f3c848f90c2260a66baa	src/predictor_core/testing/secrets.py
100644 blob 0b4acb1807e1492c787b66dabe803e67adf7d8ec	src/predictor_core/testing/synth.py
100644 blob 55a165fa8a1f01d5058c2f66faa9721c0c450bad	sync_core.py
100644 blob e69de29bb2d1d6434b8b29ae775ad8c2e48c5391	tests/__init__.py
100644 blob d1a48be41448bb0d179688eabec06f770c1dba2c	tests/test_attestation_dirty_tree.py
100644 blob 9a5e64b075dbd28d7f4856dd96075f66c6fcc549	tests/test_bootstrap.py
100644 blob c5e1ce6d781099fe5946f1321ed42a8078c064bf	tests/test_contracts_facade.py
100644 blob 5766ea1f2157f639acdaf5dab1cdc051a4499949	tests/test_data/conftest.py
100644 blob 7a96620dec07076598a6c749a2c0b25309ef4514	tests/test_data/test_aggregation.py
100644 blob 3432a0ca75be8d14463c9f6c16bb910c77676eda	tests/test_data/test_circuit_breaker.py
100644 blob a9d36b2ab1fb79ed3b26b6416fee6c02b1ca91b2	tests/test_data/test_collection.py
100644 blob 46cfd31b23275539bf0b5bd7ca6e3d2750867327	tests/test_data/test_contracts.py
100644 blob 1468ddf9d5c0e0dc9c98952fa801d6b128a6995c	tests/test_data/test_prediction_point.py
100644 blob 5c1cd45f823d83a3716e49c28bf98afc1d03d4cb	tests/test_data/test_quality.py
100644 blob 6e5092668af0a56c2b1c569545b997e8301f7a14	tests/test_data/test_router.py
100644 blob d4f6538682d02b2c84f7810aa9cd2590fe16418a	tests/test_dsr_degeneration_is_visible.py
100644 blob 24f2433351f8bb6a640715d02d8008605c30a249	tests/test_finite_scientific_contracts.py
100644 blob aca403ce38f6976ed2e5a4301d813f695773a4e4	tests/test_infra.py
100644 blob 80138bc70dfa58f27d8cf8562f2e34c64f7e3fab	tests/test_jsonable.py
100644 blob 4e955dad3140f8d61d615335d7a34a5862dc3ee6	tests/test_jsonl_store.py
100644 blob d03bd9de1a12f78f04342598feb62c72ec55aa3b	tests/test_lazy_facade.py
100644 blob ca25df89e07575e17589777e324c1a30d96610bb	tests/test_meta.py
100644 blob 7ad4988244308278935825095700066449f7c754	tests/test_metric_lock.py
100644 blob 3da71f78b3b95316e53706e2708baac1eec8466c	tests/test_metrics.py
100644 blob b9e90d75cf07b344e187d1f392347da5586f6f8e	tests/test_net.py
100644 blob 12c4f6fccefa96f40162b4112bb6356c68075ce0	tests/test_obs.py
100644 blob 6379ca538374427bc2e036ff15111deb6a39e418	tests/test_public_api.py
100644 blob c066200022b1d1674e40cd2d771642cc081dd393	tests/test_replay.py
100644 blob 677c63ccfc13d864489de4ba92a246eae2d66e56	tests/test_scientific_golden.py
100644 blob fa6368279d4047580351347bf4c049f26c17f2cc	tests/test_scientific_governance.py
100644 blob af502914df177b084f9317ee4777e40dd8056e6b	tests/test_settings.py
100644 blob 73b9a41358aab54474df7fada54138fdea541b19	tests/test_source_quality.py
100644 blob 3f33a9180c853fb2749306834827f4933049ce38	tests/test_stats.py
100644 blob 1cba22e8656b19d6d273d20df76030532cf6316e	tests/test_sync_core.py
100644 blob 771fa384b46788a8b9a0357ceb158b8cdbdf6e56	tests/test_testing/test_harness.py
100644 blob 1c55a7e98bb239a8eb289e18fc6d107f2e08baf4	tests/test_testing/test_prequential.py
100644 blob 61df03d80b5352ba0b4b27ca4d15c943f258c55e	tests/test_testing/test_secrets.py
100644 blob 4d42091b3c726b2f94b5997cd23ee3a3f8eceae5	tests/test_testing/test_synth.py
100644 blob fcf55da34730cf5a45f039f5d5f36f2642a34739	tests/test_timeindex.py
100644 blob 52073e9d7acfd214135fa17e79f10b89f5c7b7af	tests/test_trial_v2.py
100644 blob a766b309d779e855789ad96f57a47039828965f6	tests/test_trials.py
100644 blob b0c7583e90db2341a178364a32ada70f81f51972	tests/test_verdict_change_requires_attestation.py
100644 blob 5919dcbe8440ff445403353fe783ccbf23a7ef51	tests/test_version.py
100644 blob ac334ac4f350481903b744631bf8c38e1ee0abdf	tools/check_installed_wheel.py
100644 blob 2ecbe202f912d0758315f38acfb51f655f48bd92	tools/compatibility_candidate.json
100644 blob 53cd83167784687c5d99be603f92aaafd350022e	uv.lock

$ (cwd=None) git -C C:\QUALIFICACAO\repos\core-predictor grep -l -i CREATE TABLE HEAD -- *.py
[exit 0]
HEAD:src/predictor_core/kernel/infra.py
HEAD:tests/test_infra.py

$ (cwd=None) gh api repos/leonardosovienski/core-predictor/actions/runs?head_sha=5a0841509f091ea0aa95bde0d3d65e2a1a9e984d&per_page=100
[exit 0]
{"total_count":2,"workflow_runs":[{"id":35823003554,"name":"CI","node_id":"WFR_kwLOTAqQF88AAAAIVzenog","head_branch":"main","head_sha":"5a0841509f091ea0aa95bde0d3d65e2a1a9e984d","path":".github/workflows/ci.yml","display_title":"Merge pull request #30 from leonardosovienski/dependabot/github_actio…","run_number":63,"event":"push","status":"completed","conclusion":"success","workflow_id":325394640,"check_suite_id":96996614439,"check_suite_node_id":"CS_kwDOTAqQF88AAAAWlXLhJw","url":"https://api.github.com/repos/leonardosovienski/core-predictor/actions/runs/35823003554","html_url":"https://github.com/leonardosovienski/core-predictor/actions/runs/35823003554","pull_requests":[],"created_at":"2026-09-23T05:34:58Z","updated_at":"2026-09-23T05:35:23Z","actor":{"login":"leonardosovienski","id":86319239,"node_id":"MDQ6VXNlcjg2MzE5MjM5","avatar_url":"https://avatars.githubusercontent.com/u/86319239?v=4","gravatar_id":"","url":"https://api.github.com/users/leonardosovienski","html_url":"https://github.com/leonardosovienski","followers_url":"https://api.github.com/users/leonardosovienski/followers","following_url":"https://api.github.com/users/leonardosovienski/following{/other_user}","gists_url":"https://api.github.com/users/leonardosovienski/gists{/gist_id}","starred_url":"https://api.github.com/users/leonardosovienski/starred{/owner}{/repo}","subscriptions_url":"https://api.github.com/users/leonardosovienski/subscriptions","organizations_url":"https://api.github.com/users/leonardosovienski/orgs","repos_url":"https://api.github.com/users/leonardosovienski/repos","events_url":"https://api.github.com/users/leonardosovienski/events{/privacy}","received_events_url":"https://api.github.com/users/leonardosovienski/received_events","type":"User","user_view_type":"public","site_admin":false},"run_attempt":1,"referenced_workflows":[],"run_started_at":"2026-09-23T05:34:58Z","triggering_actor":{"login":"leonardosovienski","id":86319239,"node_id":"MDQ6VXNlcjg2MzE5MjM5","avatar_url":"https://avatars.githubusercontent.com/u/86319239?v=4","gravatar_id":"","url":"https://api.github.com/users/leonardosovienski","html_url":"https://github.com/leonardosovienski","followers_url":"https://api.github.com/users/leonardosovienski/followers","following_url":"https://api.github.com/users/leonardosovienski/following{/other_user}","gists_url":"https://api.github.com/users/leonardosovienski/gists{/gist_id}","starred_url":"https://api.github.com/users/leonardosovienski/starred{/owner}{/repo}","subscriptions_url":"https://api.github.com/users/leonardosovienski/subscriptions","organizations_url":"https://api.github.com/users/leonardosovienski/orgs","repos_url":"https://api.github.com/users/leonardosovienski/repos","events_url":"https://api.github.com/users/leonardosovienski/events{/privacy}","received_events_url":"https://api.github.com/users/leonardosovienski/received_events","type":"User","user_view_type":"public","site_admin":false},"jobs_url":"https://api.github.com/repos/leonardosovienski/core-predictor/actions/runs/35823003554/jobs","logs_url":"https://api.github.com/repos/leonardosovienski/core-predictor/actions/runs/35823003554/logs","check_suite_url":"https://api.github.com/repos/leonardosovienski/core-predictor/check-suites/96996614439","artifacts_url":"https://api.github.com/repos/leonardosovienski/core-predictor/actions/runs/35823003554/artifacts","cancel_url":"https://api.github.com/repos/leonardosovienski/core-predictor/actions/runs/35823003554/cancel","rerun_url":"https://api.github.com/repos/leonardosovienski/core-predictor/actions/runs/35823003554/rerun","previous_attempt_url":null,"workflow_url":"https://api.github.com/repos/leonardosovienski/core-predictor/actions/workflows/325394640","head_commit":{"id":"5a0841509f091ea0aa95bde0d3d65e2a1a9e984d","tree_id":"9ef5e3d0f2deefccaa5217e1c01abae1578b1bee","message":"Merge pull request #30 from leonardosovienski/dependabot/github_actions/actions/upload-artifact-7\n\nci(deps): bump actions/upload-artifact from 4 to 7","timestamp":"2026-09-23T05:34:56Z","author":{"name":"Leonardo Sanches Sovienski","email":"86319239+leonardosovienski@users.noreply.github.com"},"committer":{"name":"GitHub","email":"noreply@github.com"}},"repository":{"id":1275760663,"node_id":"R_kgDOTAqQFw","name":"core-predictor","full_name":"leonardosovienski/core-predictor","private":false,"owner":{"login":"leonardosovienski","id":86319239,"node_id":"MDQ6VXNlcjg2MzE5MjM5","avatar_url":"https://avatars.githubusercontent.com/u/86319239?v=4","gravatar_id":"","url":"https://api.github.com/users/leonardosovienski","html_url":"https://github.com/leonardosovienski","followers_url":"https://api.github.com/users/leonardosovienski/followers","following_url":"https://api.github.com/users/leonardosovienski/following{/other_user}","gists_url":"https://api.github.com/users/leonardosovienski/gists{/gist_id}","starred_url":"https://api.github.com/users/leonardosovienski/starred{/owner}{/repo}","subscriptions_url":"https://api.github.com/users/leonardosovienski/subscriptions","organizations_url":"https://api.github.com/users/leonardosovienski/orgs","repos_url":"https://api.github.com/users/leonardosovienski/repos","events_url":"https://api.github.com/users/leonardosovienski/events{/privacy}","received_events_url":"https://api.github.com/users/leonardosovienski/received_events","type":"User","user_view_type":"public","site_admin":false},"html_url":"https://github.com/leonardosovienski/core-predictor","description":null,"fork":false,"url":"https://api.github.com/repos/leonardosovienski/core-predictor","forks_url":"https://api.github.com/repos/leonardosovienski/core-predictor/forks","keys_url":"https://api.github.com/repos/leonardosovienski/core-predictor/keys{/key_id}","collaborators_url":"https://api.github.com/repos/leonardosovienski/core-predictor/collaborators{/collaborator}","teams_url":"https://api.github.com/repos/leonardosovienski/core-predictor/teams","hooks_url":"https://api.github.com/repos/leonardosovienski/core-predictor/hooks","issue_events_url":"https://api.github.com/repos/leonardosovienski/core-predictor/issues/events{/number}","events_url":"https://api.github.com/repos/leonardosovienski/core-predictor/events","assignees_url":"https://api.github.com/repos/leonardosovienski/core-predictor/assignees{/user}","branches_url":"https://api.github.com/repos/leonardosovienski/core-predictor/branches{/branch}","tags_url":"https://api.github.com/repos/leonardosovienski/core-predictor/tags","blobs_url":"https://api.github.com/repos/leonardosovienski/core-predictor/git/blobs{/sha}","git_tags_url":"https://api.github.com/repos/leonardosovienski/core-predictor/git/tags{/sha}","git_refs_url":"https://api.github.com/repos/leonardosovienski/core-predictor/git/refs{/sha}","trees_url":"https://api.github.com/repos/leonardosovienski/core-predictor/git/trees{/sha}","statuses_url":"https://api.github.com/repos/leonardosovienski/core-predictor/statuses/{sha}","languages_url":"https://api.github.com/repos/leonardosovienski/core-predictor/languages","stargazers_url":"https://api.github.com/repos/leonardosovienski/core-predictor/stargazers","contributors_url":"https://api.github.com/repos/leonardosovienski/core-predictor/contributors","subscribers_url":"https://api.github.com/repos/leonardosovienski/core-predictor/subscribers","subscription_url":"https://api.github.com/repos/leonardosovienski/core-predictor/subscription","commits_url":"https://api.github.com/repos/leonardosovienski/core-predictor/commits{/sha}","git_commits_url":"https://api.github.com/repos/leonardosovienski/core-predictor/git/commits{/sha}","comments_url":"https://api.github.com/repos/leonardosovienski/core-predictor/comments{/number}","issue_comment_url":"https://api.github.com/repos/leonardosovienski/core-predictor/issues/comments{/number}","contents_url":"https://api.github.com/repos/leonardosovienski/core-predictor/contents/{+path}","compare_url":"https://api.github.com/repos/leonardosovienski/core-predictor/compare/{base}...{head}","merges_url":"https://api.github.com/repos/leonardosovienski/core-predictor/merges","archive_url":"https://api.github.com/repos/leonardosovienski/core-predictor/{archive_format}{/ref}","downloads_url":"https://api.github.com/repos/leonardosovienski/core-predictor/downloads","issues_url":"https://api.github.com/repos/leonardosovienski/core-predictor/issues{/number}","pulls_url":"https://api.github.com/repos/leonardosovienski/core-predictor/pulls{/number}","milestones_url":"https://api.github.com/repos/leonardosovienski/core-predictor/milestones{/number}","notifications_url":"https://api.github.com/repos/leonardosovienski/core-predictor/notifications{?since,all,participating}","labels_url":"https://api.github.com/repos/leonardosovienski/core-predictor/labels{/name}","releases_url":"https://api.github.com/repos/leonardosovienski/core-predictor/releases{/id}","deployments_url":"https://api.github.com/repos/leonardosovienski/core-predictor/deployments"},"head_repository":{"id":1275760663,"node_id":"R_kgDOTAqQFw","name":"core-predictor","full_name":"leonardosovienski/core-predictor","private":false,"owner":{"login":"leonardosovienski","id":86319239,"node_id":"MDQ6VXNlcjg2MzE5MjM5","avatar_url":"https://avatars.githubusercontent.com/u/86319239?v=4","gravatar_id":"","url":"https://api.github.com/users/leonardosovienski","html_url":"https://github.com/leonardosovienski","followers_url":"https://api.github.com/users/leonardosovienski/followers","following_url":"https://api.github.com/users/leonardosovienski/following{/other_user}","gists_url":"https://api.github.com/users/leonardosovienski/gists{/gist_id}","starred_url":"https://api.github.com/users/leonardosovienski/starred{/owner}{/repo}","subscriptions_url":"https://api.github.com/users/leonardosovienski/subscriptions","organizations_url":"https://api.github.com/users/leonardosovienski/orgs","repos_url":"https://api.github.com/users/leonardosovienski/repos","events_url":"https://api.github.com/users/leonardosovienski/events{/privacy}","received_events_url":"https://api.github.com/users/leonardosovienski/received_events","type":"User","user_view_type":"public","site_admin":false},"html_url":"https://github.com/leonardosovienski/core-predictor","description":null,"fork":false,"url":"https://api.github.com/repos/leonardosovienski/core-predictor","forks_url":"https://api.github.com/repos/leonardosovienski/core-predictor/forks","keys_url":"https://api.github.com/repos/leonardosovienski/core-predictor/keys{/key_id}","collaborators_url":"https://api.github.com/repos/leonardosovienski/core-predictor/collaborators{/collaborator}","teams_url":"https://api.github.com/repos/leonardosovienski/core-predictor/teams","hooks_url":"https://api.github.com/repos/leonardosovienski/core-predictor/hooks","issue_events_url":"https://api.github.com/repos/leonardosovienski/core-predictor/issues/events{/number}","events_url":"https://api.github.com/repos/leonardosovienski/core-predictor/events","assignees_url":"https://api.github.com/repos/leonardosovienski/core-predictor/assignees{/user}","branches_url":"https://api.github.com/repos/leonardosovienski/core-predictor/branches{/branch}","tags_url":"https://api.github.com/repos/leonardosovienski/core-predictor/tags","blobs_url":"https://api.github.com/repos/leonardosovienski/core-predictor/git/blobs{/sha}","git_tags_url":"https://api.github.com/repos/leonardosovienski/core-predictor/git/tags{/sha}","git_refs_url":"https://api.github.com/repos/leonardosovienski/core-predictor/git/refs{/sha}","trees_url":"https://api.github.com/repos/leonardosovienski/core-predictor/git/trees{/sha}","statuses_url":"https://api.github.com/repos/leonardosovienski/core-predictor/statuses/{sha}","languages_url":"https://api.github.com/repos/leonardosovienski/core-predictor/languages","stargazers_url":"https://api.github.com/repos/leonardosovienski/core-predictor/stargazers","contributors_url":"https://api.github.com/repos/leonardosovienski/core-predictor/contributors","subscribers_url":"https://api.github.com/repos/leonardosovienski/core-predictor/subscribers","subscription_url":"https://api.github.com/repos/leonardosovienski/core-predictor/subscription","commits_url":"https://api.github.com/repos/leonardosovienski/core-predictor/commits{/sha}","git_commits_url":"https://api.github.com/repos/leonardosovienski/core-predictor/git/commits{/sha}","comments_url":"https://api.github.com/repos/leonardosovienski/core-predictor/comments{/number}","issue_comment_url":"https://api.github.com/repos/leonardosovienski/core-predictor/issues/comments{/number}","contents_url":"https://api.github.com/repos/leonardosovienski/core-predictor/contents/{+path}","compare_url":"https://api.github.com/repos/leonardosovienski/core-predictor/compare/{base}...{head}","merges_url":"https://api.github.com/repos/leonardosovienski/core-predictor/merges","archive_url":"https://api.github.com/repos/leonardosovienski/core-predictor/{archive_format}{/ref}","downloads_url":"https://api.github.com/repos/leonardosovienski/core-predictor/downloads","issues_url":"https://api.github.com/repos/leonardosovienski/core-predictor/issues{/number}","pulls_url":"https://api.github.com/repos/leonardosovienski/core-predictor/pulls{/number}","milestones_url":"https://api.github.com/repos/leonardosovienski/core-predictor/milestones{/number}","notifications_url":"https://api.github.com/repos/leonardosovienski/core-predictor/notifications{?since,all,participating}","labels_url":"https://api.github.com/repos/leonardosovienski/core-predictor/labels{/name}","releases_url":"https://api.github.com/repos/leonardosovienski/core-predictor/releases{/id}","deployments_url":"https://api.github.com/repos/leonardosovienski/core-predictor/deployments"}},{"id":35823003519,"name":"Push on main","node_id":"WFR_kwLOTAqQF88AAAAIVzenfw","head_branch":"main","head_sha":"5a0841509f091ea0aa95bde0d3d65e2a1a9e984d","path":"dynamic/github-code-scanning/codeql","display_title":"Push on main","run_number":51,"event":"dynamic","status":"completed","conclusion":"success","workflow_id":328757425,"check_suite_id":96996614349,"check_suite_node_id":"CS_kwDOTAqQF88AAAAWlXLgzQ","url":"https://api.github.com/repos/leonardosovienski/core-predictor/actions/runs/35823003519","html_url":"https://github.com/leonardosovienski/core-predictor/actions/runs/35823003519","pull_requests":[],"created_at":"2026-09-23T05:34:58Z","updated_at":"2026-09-23T05:35:58Z","actor":{"login":"leonardosovienski","id":86319239,"node_id":"MDQ6VXNlcjg2MzE5MjM5","avatar_url":"https://avatars.githubusercontent.com/u/86319239?v=4","gravatar_id":"","url":"https://api.github.com/users/leonardosovienski","html_url":"https://github.com/leonardosovienski","followers_url":"https://api.github.com/users/leonardosovienski/followers","following_url":"https://api.github.com/users/leonardosovienski/following{/other_user}","gists_url":"https://api.github.com/users/leonardosovienski/gists{/gist_id}","starred_url":"https://api.github.com/users/leonardosovienski/starred{/owner}{/repo}","subscriptions_url":"https://api.github.com/users/leonardosovienski/subscriptions","organizations_url":"https://api.github.com/users/leonardosovienski/orgs","repos_url":"https://api.github.com/users/leonardosovienski/repos","events_url":"https://api.github.com/users/leonardosovienski/events{/privacy}","received_events_url":"https://api.github.com/users/leonardosovienski/received_events","type":"User","user_view_type":"public","site_admin":false},"run_attempt":1,"referenced_workflows":[],"run_started_at":"2026-09-23T05:34:58Z","triggering_actor":{"login":"leonardosovienski","id":86319239,"node_id":"MDQ6VXNlcjg2MzE5MjM5","avatar_url":"https://avatars.githubusercontent.com/u/86319239?v=4","gravatar_id":"","url":"https://api.github.com/users/leonardosovienski","html_url":"https://github.com/leonardosovienski","followers_url":"https://api.github.com/users/leonardosovienski/followers","following_url":"https://api.github.com/users/leonardosovienski/following{/other_user}","gists_url":"https://api.github.com/users/leonardosovienski/gists{/gist_id}","starred_url":"https://api.github.com/users/leonardosovienski/starred{/owner}{/repo}","subscriptions_url":"https://api.github.com/users/leonardosovienski/subscriptions","organizations_url":"https://api.github.com/users/leonardosovienski/orgs","repos_url":"https://api.github.com/users/leonardosovienski/repos","events_url":"https://api.github.com/users/leonardosovienski/events{/privacy}","received_events_url":"https://api.github.com/users/leonardosovienski/received_events","type":"User","user_view_type":"public","site_admin":false},"jobs_url":"https://api.github.com/repos/leonardosovienski/core-predictor/actions/runs/35823003519/jobs","logs_url":"https://api.github.com/repos/leonardosovienski/core-predictor/actions/runs/35823003519/logs","check_suite_url":"https://api.github.com/repos/leonardosovienski/core-predictor/check-suites/96996614349","artifacts_url":"https://api.github.com/repos/leonardosovienski/core-predictor/actions/runs/35823003519/artifacts","cancel_url":"https://api.github.com/repos/leonardosovienski/core-predictor/actions/runs/35823003519/cancel","rerun_url":"https://api.github.com/repos/leonardosovienski/core-predictor/actions/runs/35823003519/rerun","previous_attempt_url":null,"workflow_url":"https://api.github.com/repos/leonardosovienski/core-predictor/actions/workflows/328757425","head_commit":{"id":"5a0841509f091ea0aa95bde0d3d65e2a1a9e984d","tree_id":"9ef5e3d0f2deefccaa5217e1c01abae1578b1bee","message":"Merge pull request #30 from leonardosovienski/dependabot/github_actions/actions/upload-artifact-7\n\nci(deps): bump actions/upload-artifact from 4 to 7","timestamp":"2026-09-23T05:34:56Z","author":{"name":"Leonardo Sanches Sovienski","email":"86319239+leonardosovienski@users.noreply.github.com"},"committer":{"name":"GitHub","email":"noreply@github.com"}},"repository":{"id":1275760663,"node_id":"R_kgDOTAqQFw","name":"core-predictor","full_name":"leonardosovienski/core-predictor","private":false,"owner":{"login":"leonardosovienski","id":86319239,"node_id":"MDQ6VXNlcjg2MzE5MjM5","avatar_url":"https://avatars.githubusercontent.com/u/86319239?v=4","gravatar_id":"","url":"https://api.github.com/users/leonardosovienski","html_url":"https://github.com/leonardosovienski","followers_url":"https://api.github.com/users/leonardosovienski/followers","following_url":"https://api.github.com/users/leonardosovienski/following{/other_user}","gists_url":"https://api.github.com/users/leonardosovienski/gists{/gist_id}","starred_url":"https://api.github.com/users/leonardosovienski/starred{/owner}{/repo}","subscriptions_url":"https://api.github.com/users/leonardosovienski/subscriptions","organizations_url":"https://api.github.com/users/leonardosovienski/orgs","repos_url":"https://api.github.com/users/leonardosovienski/repos","events_url":"https://api.github.com/users/leonardosovienski/events{/privacy}","received_events_url":"https://api.github.com/users/leonardosovienski/received_events","type":"User","user_view_type":"public","site_admin":false},"html_url":"https://github.com/leonardosovienski/core-predictor","description":null,"fork":false,"url":"https://api.github.com/repos/leonardosovienski/core-predictor","forks_url":"https://api.github.com/repos/leonardosovienski/core-predictor/forks","keys_url":"https://api.github.com/repos/leonardosovienski/core-predictor/keys{/key_id}","collaborators_url":"https://api.github.com/repos/leonardosovienski/core-predictor/collaborators{/collaborator}","teams_url":"https://api.github.com/repos/leonardosovienski/core-predictor/teams","hooks_url":"https://api.github.com/repos/leonardosovienski/core-predictor/hooks","issue_events_url":"https://api.github.com/repos/leonardosovienski/core-predictor/issues/events{/number}","events_url":"https://api.github.com/repos/leonardosovienski/core-predictor/events","assignees_url":"https://api.github.com/repos/leonardosovienski/core-predictor/assignees{/user}","branches_url":"https://api.github.com/repos/leonardosovienski/core-predictor/branches{/branch}","tags_url":"https://api.github.com/repos/leonardosovienski/core-predictor/tags","blobs_url":"https://api.github.com/repos/leonardosovienski/core-predictor/git/blobs{/sha}","git_tags_url":"https://api.github.com/repos/leonardosovienski/core-predictor/git/tags{/sha}","git_refs_url":"https://api.github.com/repos/leonardosovienski/core-predictor/git/refs{/sha}","trees_url":"https://api.github.com/repos/leonardosovienski/core-predictor/git/trees{/sha}","statuses_url":"https://api.github.com/repos/leonardosovienski/core-predictor/statuses/{sha}","languages_url":"https://api.github.com/repos/leonardosovienski/core-predictor/languages","stargazers_url":"https://api.github.com/repos/leonardosovienski/core-predictor/stargazers","contributors_url":"https://api.github.com/repos/leonardosovienski/core-predictor/contributors","subscribers_url":"https://api.github.com/repos/leonardosovienski/core-predictor/subscribers","subscription_url":"https://api.github.com/repos/leonardosovienski/core-predictor/subscription","commits_url":"https://api.github.com/repos/leonardosovienski/core-predictor/commits{/sha}","git_commits_url":"https://api.github.com/repos/leonardosovienski/core-predictor/git/commits{/sha}","comments_url":"https://api.github.com/repos/leonardosovienski/core-predictor/comments{/number}","issue_comment_url":"https://api.github.com/repos/leonardosovienski/core-predictor/issues/comments{/number}","contents_url":"https://api.github.com/repos/leonardosovienski/core-predictor/contents/{+path}","compare_url":"https://api.github.com/repos/leonardosovienski/core-predictor/compare/{base}...{head}","merges_url":"https://api.github.com/repos/leonardosovienski/core-predictor/merges","archive_url":"https://api.github.com/repos/leonardosovienski/core-predictor/{archive_format}{/ref}","downloads_url":"https://api.github.com/repos/leonardosovienski/core-predictor/downloads","issues_url":"https://api.github.com/repos/leonardosovienski/core-predictor/issues{/number}","pulls_url":"https://api.github.com/repos/leonardosovienski/core-predictor/pulls{/number}","milestones_url":"https://api.github.com/repos/leonardosovienski/core-predictor/milestones{/number}","notifications_url":"https://api.github.com/repos/leonardosovienski/core-predictor/notifications{?since,all,participating}","labels_url":"https://api.github.com/repos/leonardosovienski/core-predictor/labels{/name}","releases_url":"https://api.github.com/repos/leonardosovienski/core-predictor/releases{/id}","deployments_url":"https://api.github.com/repos/leonardosovienski/core-predictor/deployments"},"head_repository":{"id":1275760663,"node_id":"R_kgDOTAqQFw","name":"core-predictor","full_name":"leonardosovienski/core-predictor","private":false,"owner":{"login":"leonardosovienski","id":86319239,"node_id":"MDQ6VXNlcjg2MzE5MjM5","avatar_url":"https://avatars.githubusercontent.com/u/86319239?v=4","gravatar_id":"","url":"https://api.github.com/users/leonardosovienski","html_url":"https://github.com/leonardosovienski","followers_url":"https://api.github.com/users/leonardosovienski/followers","following_url":"https://api.github.com/users/leonardosovienski/following{/other_user}","gists_url":"https://api.github.com/users/leonardosovienski/gists{/gist_id}","starred_url":"https://api.github.com/users/leonardosovienski/starred{/owner}{/repo}","subscriptions_url":"https://api.github.com/users/leonardosovienski/subscriptions","organizations_url":"https://api.github.com/users/leonardosovienski/orgs","repos_url":"https://api.github.com/users/leonardosovienski/repos","events_url":"https://api.github.com/users/leonardosovienski/events{/privacy}","received_events_url":"https://api.github.com/users/leonardosovienski/received_events","type":"User","user_view_type":"public","site_admin":false},"html_url":"https://github.com/leonardosovienski/core-predictor","description":null,"fork":false,"url":"https://api.github.com/repos/leonardosovienski/core-predictor","forks_url":"https://api.github.com/repos/leonardosovienski/core-predictor/forks","keys_url":"https://api.github.com/repos/leonardosovienski/core-predictor/keys{/key_id}","collaborators_url":"https://api.github.com/repos/leonardosovienski/core-predictor/collaborators{/collaborator}","teams_url":"https://api.github.com/repos/leonardosovienski/core-predictor/teams","hooks_url":"https://api.github.com/repos/leonardosovienski/core-predictor/hooks","issue_events_url":"https://api.github.com/repos/leonardosovienski/core-predictor/issues/events{/number}","events_url":"https://api.github.com/repos/leonardosovienski/core-predictor/events","assignees_url":"https://api.github.com/repos/leonardosovienski/core-predictor/assignees{/user}","branches_url":"https://api.github.com/repos/leonardosovienski/core-predictor/branches{/branch}","tags_url":"https://api.github.com/repos/leonardosovienski/core-predictor/tags","blobs_url":"https://api.github.com/repos/leonardosovienski/core-predictor/git/blobs{/sha}","git_tags_url":"https://api.github.com/repos/leonardosovienski/core-predictor/git/tags{/sha}","git_refs_url":"https://api.github.com/repos/leonardosovienski/core-predictor/git/refs{/sha}","trees_url":"https://api.github.com/repos/leonardosovienski/core-predictor/git/trees{/sha}","statuses_url":"https://api.github.com/repos/leonardosovienski/core-predictor/statuses/{sha}","languages_url":"https://api.github.com/repos/leonardosovienski/core-predictor/languages","stargazers_url":"https://api.github.com/repos/leonardosovienski/core-predictor/stargazers","contributors_url":"https://api.github.com/repos/leonardosovienski/core-predictor/contributors","subscribers_url":"https://api.github.com/repos/leonardosovienski/core-predictor/subscribers","subscription_url":"https://api.github.com/repos/leonardosovienski/core-predictor/subscription","commits_url":"https://api.github.com/repos/leonardosovienski/core-predictor/commits{/sha}","git_commits_url":"https://api.github.com/repos/leonardosovienski/core-predictor/git/commits{/sha}","comments_url":"https://api.github.com/repos/leonardosovienski/core-predictor/comments{/number}","issue_comment_url":"https://api.github.com/repos/leonardosovienski/core-predictor/issues/comments{/number}","contents_url":"https://api.github.com/repos/leonardosovienski/core-predictor/contents/{+path}","compare_url":"https://api.github.com/repos/leonardosovienski/core-predictor/compare/{base}...{head}","merges_url":"https://api.github.com/repos/leonardosovienski/core-predictor/merges","archive_url":"https://api.github.com/repos/leonardosovienski/core-predictor/{archive_format}{/ref}","downloads_url":"https://api.github.com/repos/leonardosovienski/core-predictor/downloads","issues_url":"https://api.github.com/repos/leonardosovienski/core-predictor/issues{/number}","pulls_url":"https://api.github.com/repos/leonardosovienski/core-predictor/pulls{/number}","milestones_url":"https://api.github.com/repos/leonardosovienski/core-predictor/milestones{/number}","notifications_url":"https://api.github.com/repos/leonardosovienski/core-predictor/notifications{?since,all,participating}","labels_url":"https://api.github.com/repos/leonardosovienski/core-predictor/labels{/name}","releases_url":"https://api.github.com/repos/leonardosovienski/core-predictor/releases{/id}","deployments_url":"https://api.github.com/repos/leonardosovienski/core-predictor/deployments"}}]}
$ (cwd=None) gh api repos/leonardosovienski/core-predictor/releases?per_page=100
[exit 0]
[{"url":"https://api.github.com/repos/leonardosovienski/core-predictor/releases/387220099","assets_url":"https://api.github.com/repos/leonardosovienski/core-predictor/releases/387220099/assets","upload_url":"https://uploads.github.com/repos/leonardosovienski/core-predictor/releases/387220099/assets{?name,label}","html_url":"https://github.com/leonardosovienski/core-predictor/releases/tag/v3.2.1","id":387220099,"author":{"login":"github-actions[bot]","id":41898282,"node_id":"MDM6Qm90NDE4OTgyODI=","avatar_url":"https://avatars.githubusercontent.com/in/15368?v=4","gravatar_id":"","url":"https://api.github.com/users/github-actions%5Bbot%5D","html_url":"https://github.com/apps/github-actions","followers_url":"https://api.github.com/users/github-actions%5Bbot%5D/followers","following_url":"https://api.github.com/users/github-actions%5Bbot%5D/following{/other_user}","gists_url":"https://api.github.com/users/github-actions%5Bbot%5D/gists{/gist_id}","starred_url":"https://api.github.com/users/github-actions%5Bbot%5D/starred{/owner}{/repo}","subscriptions_url":"https://api.github.com/users/github-actions%5Bbot%5D/subscriptions","organizations_url":"https://api.github.com/users/github-actions%5Bbot%5D/orgs","repos_url":"https://api.github.com/users/github-actions%5Bbot%5D/repos","events_url":"https://api.github.com/users/github-actions%5Bbot%5D/events{/privacy}","received_events_url":"https://api.github.com/users/github-actions%5Bbot%5D/received_events","type":"Bot","user_view_type":"public","site_admin":false},"node_id":"RE_kwDOTAqQF84XFIKD","tag_name":"v3.2.1","target_commitish":"main","name":"v3.2.1","draft":false,"immutable":false,"prerelease":false,"created_at":"2026-09-11T17:22:41Z","updated_at":"2026-09-11T17:28:11Z","published_at":"2026-09-11T17:28:11Z","assets":[{"url":"https://api.github.com/repos/leonardosovienski/core-predictor/releases/assets/557688551","id":557688551,"node_id":"RA_kwDOTAqQF84hPabn","name":"predictor_core-3.2.1-py3-none-any.whl","label":"","uploader":{"login":"github-actions[bot]","id":41898282,"node_id":"MDM6Qm90NDE4OTgyODI=","avatar_url":"https://avatars.githubusercontent.com/in/15368?v=4","gravatar_id":"","url":"https://api.github.com/users/github-actions%5Bbot%5D","html_url":"https://github.com/apps/github-actions","followers_url":"https://api.github.com/users/github-actions%5Bbot%5D/followers","following_url":"https://api.github.com/users/github-actions%5Bbot%5D/following{/other_user}","gists_url":"https://api.github.com/users/github-actions%5Bbot%5D/gists{/gist_id}","starred_url":"https://api.github.com/users/github-actions%5Bbot%5D/starred{/owner}{/repo}","subscriptions_url":"https://api.github.com/users/github-actions%5Bbot%5D/subscriptions","organizations_url":"https://api.github.com/users/github-actions%5Bbot%5D/orgs","repos_url":"https://api.github.com/users/github-actions%5Bbot%5D/repos","events_url":"https://api.github.com/users/github-actions%5Bbot%5D/events{/privacy}","received_events_url":"https://api.github.com/users/github-actions%5Bbot%5D/received_events","type":"Bot","user_view_type":"public","site_admin":false},"content_type":"application/octet-stream","state":"uploaded","size":85415,"digest":"sha256:10ef42f34ace8bb2df5f83ff7de2ceec79b035a25ea0a690e8942bd60d2fb4e3","download_count":1086,"created_at":"2026-09-11T17:28:10Z","updated_at":"2026-09-11T17:28:11Z","browser_download_url":"https://github.com/leonardosovienski/core-predictor/releases/download/v3.2.1/predictor_core-3.2.1-py3-none-any.whl"},{"url":"https://api.github.com/repos/leonardosovienski/core-predictor/releases/assets/557688555","id":557688555,"node_id":"RA_kwDOTAqQF84hPabr","name":"predictor_core-3.2.1.tar.gz","label":"","uploader":{"login":"github-actions[bot]","id":41898282,"node_id":"MDM6Qm90NDE4OTgyODI=","avatar_url":"https://avatars.githubusercontent.com/in/15368?v=4","gravatar_id":"","url":"https://api.github.com/users/github-actions%5Bbot%5D","html_url":"https://github.com/apps/github-actions","followers_url":"https://api.github.com/users/github-actions%5Bbot%5D/followers","following_url":"https://api.github.com/users/github-actions%5Bbot%5D/following{/other_user}","gists_url":"https://api.github.com/users/github-actions%5Bbot%5D/gists{/gist_id}","starred_url":"https://api.github.com/users/github-actions%5Bbot%5D/starred{/owner}{/repo}","subscriptions_url":"https://api.github.com/users/github-actions%5Bbot%5D/subscriptions","organizations_url":"https://api.github.com/users/github-actions%5Bbot%5D/orgs","repos_url":"https://api.github.com/users/github-actions%5Bbot%5D/repos","events_url":"https://api.github.com/users/github-actions%5Bbot%5D/events{/privacy}","received_events_url":"https://api.github.com/users/github-actions%5Bbot%5D/received_events","type":"Bot","user_view_type":"public","site_admin":false},"content_type":"application/x-gtar","state":"uploaded","size":168368,"digest":"sha256:03c8e7cbbd7727484d9185358c4f7144dfc3bd419a5446537d845b708dc5a6b4","download_count":0,"created_at":"2026-09-11T17:28:11Z","updated_at":"2026-09-11T17:28:11Z","browser_download_url":"https://github.com/leonardosovienski/core-predictor/releases/download/v3.2.1/predictor_core-3.2.1.tar.gz"}],"tarball_url":"https://api.github.com/repos/leonardosovienski/core-predictor/tarball/v3.2.1","zipball_url":"https://api.github.com/repos/leonardosovienski/core-predictor/zipball/v3.2.1","body":"## What's Changed\n* docs: o 3.2.0 não é aditivo para quem atualiza veredito — CHANGELOG corrigido by @leonardosovienski in https://github.com/leonardosovienski/core-predictor/pull/27\n* Isolate scientific imports and reject nonfinite contracts by @leonardosovienski in https://github.com/leonardosovienski/core-predictor/pull/28\n\n\n**Full Changelog**: https://github.com/leonardosovienski/core-predictor/compare/v3.2.0...v3.2.1","mentions_count":1},{"url":"https://api.github.com/repos/leonardosovienski/core-predictor/releases/383646601","assets_url":"https://api.github.com/repos/leonardosovienski/core-predictor/releases/383646601/assets","upload_url":"https://uploads.github.com/repos/leonardosovienski/core-predictor/releases/383646601/assets{?name,label}","html_url":"https://github.com/leonardosovienski/core-predictor/releases/tag/v3.2.0","id":383646601,"author":{"login":"leonardosovienski","id":86319239,"node_id":"MDQ6VXNlcjg2MzE5MjM5","avatar_url":"https://avatars.githubusercontent.com/u/86319239?v=4","gravatar_id":"","url":"https://api.github.com/users/leonardosovienski","html_url":"https://github.com/leonardosovienski","followers_url":"https://api.github.com/users/leonardosovienski/followers","following_url":"https://api.github.com/users/leonardosovienski/following{/other_user}","gists_url":"https://api.github.com/users/leonardosovienski/gists{/gist_id}","starred_url":"https://api.github.com/users/leonardosovienski/starred{/owner}{/repo}","subscriptions_url":"https://api.github.com/users/leonardosovienski/subscriptions","organizations_url":"https://api.github.com/users/leonardosovienski/orgs","repos_url":"https://api.github.com/users/leonardosovienski/repos","events_url":"https://api.github.com/users/leonardosovienski/events{/privacy}","received_events_url":"https://api.github.com/users/leonardosovienski/received_events","type":"User","user_view_type":"public","site_admin":false},"node_id":"RE_kwDOTAqQF84W3fuJ","tag_name":"v3.2.0","target_commitish":"main","name":"v3.2.0","draft":false,"immutable":false,"prerelease":false,"created_at":"2026-09-06T02:52:15Z","updated_at":"2026-09-06T16:25:25Z","published_at":"2026-09-06T16:24:49Z","assets":[{"url":"https://api.github.com/repos/leonardosovienski/core-predictor/releases/assets/547406330","id":547406330,"node_id":"RA_kwDOTAqQF84goMH6","name":"predictor_core-3.2.0-py3-none-any.whl","label":"","uploader":{"login":"github-actions[bot]","id":41898282,"node_id":"MDM6Qm90NDE4OTgyODI=","avatar_url":"https://avatars.githubusercontent.com/in/15368?v=4","gravatar_id":"","url":"https://api.github.com/users/github-actions%5Bbot%5D","html_url":"https://github.com/apps/github-actions","followers_url":"https://api.github.com/users/github-actions%5Bbot%5D/followers","following_url":"https://api.github.com/users/github-actions%5Bbot%5D/following{/other_user}","gists_url":"https://api.github.com/users/github-actions%5Bbot%5D/gists{/gist_id}","starred_url":"https://api.github.com/users/github-actions%5Bbot%5D/starred{/owner}{/repo}","subscriptions_url":"https://api.github.com/users/github-actions%5Bbot%5D/subscriptions","organizations_url":"https://api.github.com/users/github-actions%5Bbot%5D/orgs","repos_url":"https://api.github.com/users/github-actions%5Bbot%5D/repos","events_url":"https://api.github.com/users/github-actions%5Bbot%5D/events{/privacy}","received_events_url":"https://api.github.com/users/github-actions%5Bbot%5D/received_events","type":"Bot","user_view_type":"public","site_admin":false},"content_type":"application/octet-stream","state":"uploaded","size":83850,"digest":"sha256:9166dd6bd3be99668c0eb8bd3c59a92061e765186608465c0caf48a2417e3009","download_count":794,"created_at":"2026-09-06T16:25:25Z","updated_at":"2026-09-06T16:25:25Z","browser_download_url":"https://github.com/leonardosovienski/core-predictor/releases/download/v3.2.0/predictor_core-3.2.0-py3-none-any.whl"},{"url":"https://api.github.com/repos/leonardosovienski/core-predictor/releases/assets/547406331","id":547406331,"node_id":"RA_kwDOTAqQF84goMH7","name":"predictor_core-3.2.0.tar.gz","label":"","uploader":{"login":"github-actions[bot]","id":41898282,"node_id":"MDM6Qm90NDE4OTgyODI=","avatar_url":"https://avatars.githubusercontent.com/in/15368?v=4","gravatar_id":"","url":"https://api.github.com/users/github-actions%5Bbot%5D","html_url":"https://github.com/apps/github-actions","followers_url":"https://api.github.com/users/github-actions%5Bbot%5D/followers","following_url":"https://api.github.com/users/github-actions%5Bbot%5D/following{/other_user}","gists_url":"https://api.github.com/users/github-actions%5Bbot%5D/gists{/gist_id}","starred_url":"https://api.github.com/users/github-actions%5Bbot%5D/starred{/owner}{/repo}","subscriptions_url":"https://api.github.com/users/github-actions%5Bbot%5D/subscriptions","organizations_url":"https://api.github.com/users/github-actions%5Bbot%5D/orgs","repos_url":"https://api.github.com/users/github-actions%5Bbot%5D/repos","events_url":"https://api.github.com/users/github-actions%5Bbot%5D/events{/privacy}","received_events_url":"https://api.github.com/users/github-actions%5Bbot%5D/received_events","type":"Bot","user_view_type":"public","site_admin":false},"content_type":"application/x-gtar","state":"uploaded","size":158462,"digest":"sha256:7455e1cb6533be3083a6ad56df9bd49669f764889071834698706d77fb3d75f2","download_count":1,"created_at":"2026-09-06T16:25:25Z","updated_at":"2026-09-06T16:25:25Z","browser_download_url":"https://github.com/leonardosovienski/core-predictor/releases/download/v3.2.0/predictor_core-3.2.0.tar.gz"}],"tarball_url":"https://api.github.com/repos/leonardosovienski/core-predictor/tarball/v3.2.0","zipball_url":"https://api.github.com/repos/leonardosovienski/core-predictor/zipball/v3.2.0","body":""},{"url":"https://api.github.com/repos/leonardosovienski/core-predictor/releases/381632059","assets_url":"https://api.github.com/repos/leonardosovienski/core-predictor/releases/381632059/assets","upload_url":"https://uploads.github.com/repos/leonardosovienski/core-predictor/releases/381632059/assets{?name,label}","html_url":"https://github.com/leonardosovienski/core-predictor/releases/tag/v3.1.0","id":381632059,"author":{"login":"github-actions[bot]","id":41898282,"node_id":"MDM6Qm90NDE4OTgyODI=","avatar_url":"https://avatars.githubusercontent.com/in/15368?v=4","gravatar_id":"","url":"https://api.github.com/users/github-actions%5Bbot%5D","html_url":"https://github.com/apps/github-actions","followers_url":"https://api.github.com/users/github-actions%5Bbot%5D/followers","following_url":"https://api.github.com/users/github-actions%5Bbot%5D/following{/other_user}","gists_url":"https://api.github.com/users/github-actions%5Bbot%5D/gists{/gist_id}","starred_url":"https://api.github.com/users/github-actions%5Bbot%5D/starred{/owner}{/repo}","subscriptions_url":"https://api.github.com/users/github-actions%5Bbot%5D/subscriptions","organizations_url":"https://api.github.com/users/github-actions%5Bbot%5D/orgs","repos_url":"https://api.github.com/users/github-actions%5Bbot%5D/repos","events_url":"https://api.github.com/users/github-actions%5Bbot%5D/events{/privacy}","received_events_url":"https://api.github.com/users/github-actions%5Bbot%5D/received_events","type":"Bot","user_view_type":"public","site_admin":false},"node_id":"RE_kwDOTAqQF84Wvz47","tag_name":"v3.1.0","target_commitish":"main","name":"v3.1.0","draft":false,"immutable":false,"prerelease":false,"created_at":"2026-09-02T23:29:56Z","updated_at":"2026-09-02T23:30:34Z","published_at":"2026-09-02T23:30:34Z","assets":[{"url":"https://api.github.com/repos/leonardosovienski/core-predictor/releases/assets/541893044","id":541893044,"node_id":"RA_kwDOTAqQF84gTKG0","name":"predictor_core-3.1.0-py3-none-any.whl","label":"","uploader":{"login":"github-actions[bot]","id":41898282,"node_id":"MDM6Qm90NDE4OTgyODI=","avatar_url":"https://avatars.githubusercontent.com/in/15368?v=4","gravatar_id":"","url":"https://api.github.com/users/github-actions%5Bbot%5D","html_url":"https://github.com/apps/github-actions","followers_url":"https://api.github.com/users/github-actions%5Bbot%5D/followers","following_url":"https://api.github.com/users/github-actions%5Bbot%5D/following{/other_user}","gists_url":"https://api.github.com/users/github-actions%5Bbot%5D/gists{/gist_id}","starred_url":"https://api.github.com/users/github-actions%5Bbot%5D/starred{/owner}{/repo}","subscriptions_url":"https://api.github.com/users/github-actions%5Bbot%5D/subscriptions","organizations_url":"https://api.github.com/users/github-actions%5Bbot%5D/orgs","repos_url":"https://api.github.com/users/github-actions%5Bbot%5D/repos","events_url":"https://api.github.com/users/github-actions%5Bbot%5D/events{/privacy}","received_events_url":"https://api.github.com/users/github-actions%5Bbot%5D/received_events","type":"Bot","user_view_type":"public","site_admin":false},"content_type":"application/octet-stream","state":"uploaded","size":80978,"digest":"sha256:b4ef7d4723c8255f93a3e47f54af292195e913fca60e7b7e9c6de90ebdd5a491","download_count":309,"created_at":"2026-09-02T23:30:33Z","updated_at":"2026-09-02T23:30:34Z","browser_download_url":"https://github.com/leonardosovienski/core-predictor/releases/download/v3.1.0/predictor_core-3.1.0-py3-none-any.whl"},{"url":"https://api.github.com/repos/leonardosovienski/core-predictor/releases/assets/541893042","id":541893042,"node_id":"RA_kwDOTAqQF84gTKGy","name":"predictor_core-3.1.0.tar.gz","label":"","uploader":{"login":"github-actions[bot]","id":41898282,"node_id":"MDM6Qm90NDE4OTgyODI=","avatar_url":"https://avatars.githubusercontent.com/in/15368?v=4","gravatar_id":"","url":"https://api.github.com/users/github-actions%5Bbot%5D","html_url":"https://github.com/apps/github-actions","followers_url":"https://api.github.com/users/github-actions%5Bbot%5D/followers","following_url":"https://api.github.com/users/github-actions%5Bbot%5D/following{/other_user}","gists_url":"https://api.github.com/users/github-actions%5Bbot%5D/gists{/gist_id}","starred_url":"https://api.github.com/users/github-actions%5Bbot%5D/starred{/owner}{/repo}","subscriptions_url":"https://api.github.com/users/github-actions%5Bbot%5D/subscriptions","organizations_url":"https://api.github.com/users/github-actions%5Bbot%5D/orgs","repos_url":"https://api.github.com/users/github-actions%5Bbot%5D/repos","events_url":"https://api.github.com/users/github-actions%5Bbot%5D/events{/privacy}","received_events_url":"https://api.github.com/users/github-actions%5Bbot%5D/received_events","type":"Bot","user_view_type":"public","site_admin":false},"content_type":"application/x-gtar","state":"uploaded","size":150374,"digest":"sha256:e5a40d51f8d7af9cc2a3d86792a0f2600993f3b84ce1b1deca3222b39b723333","download_count":0,"created_at":"2026-09-02T23:30:33Z","updated_at":"2026-09-02T23:30:34Z","browser_download_url":"https://github.com/leonardosovienski/core-predictor/releases/download/v3.1.0/predictor_core-3.1.0.tar.gz"}],"tarball_url":"https://api.github.com/repos/leonardosovienski/core-predictor/tarball/v3.1.0","zipball_url":"https://api.github.com/repos/leonardosovienski/core-predictor/zipball/v3.1.0","body":"**Full Changelog**: https://github.com/leonardosovienski/core-predictor/compare/v3.0.0...v3.1.0"},{"url":"https://api.github.com/repos/leonardosovienski/core-predictor/releases/380073864","assets_url":"https://api.github.com/repos/leonardosovienski/core-predictor/releases/380073864/assets","upload_url":"https://uploads.github.com/repos/leonardosovienski/core-predictor/releases/380073864/assets{?name,label}","html_url":"https://github.com/leonardosovienski/core-predictor/releases/tag/v3.0.0","id":380073864,"author":{"login":"leonardosovienski","id":86319239,"node_id":"MDQ6VXNlcjg2MzE5MjM5","avatar_url":"https://avatars.githubusercontent.com/u/86319239?v=4","gravatar_id":"","url":"https://api.github.com/users/leonardosovienski","html_url":"https://github.com/leonardosovienski","followers_url":"https://api.github.com/users/leonardosovienski/followers","following_url":"https://api.github.com/users/leonardosovienski/following{/other_user}","gists_url":"https://api.github.com/users/leonardosovienski/gists{/gist_id}","starred_url":"https://api.github.com/users/leonardosovienski/starred{/owner}{/repo}","subscriptions_url":"https://api.github.com/users/leonardosovienski/subscriptions","organizations_url":"https://api.github.com/users/leonardosovienski/orgs","repos_url":"https://api.github.com/users/leonardosovienski/repos","events_url":"https://api.github.com/users/leonardosovienski/events{/privacy}","received_events_url":"https://api.github.com/users/leonardosovienski/received_events","type":"User","user_view_type":"public","site_admin":false},"node_id":"RE_kwDOTAqQF84Wp3eI","tag_name":"v3.0.0","target_commitish":"main","name":"Predictor Core 3.0.0","draft":false,"immutable":false,"prerelease":false,"created_at":"2026-08-31T21:50:23Z","updated_at":"2026-08-31T21:51:09Z","published_at":"2026-08-31T21:50:33Z","assets":[{"url":"https://api.github.com/repos/leonardosovienski/core-predictor/releases/assets/538568303","id":538568303,"node_id":"RA_kwDOTAqQF84gGeZv","name":"predictor_core-3.0.0-py3-none-any.whl","label":"","uploader":{"login":"github-actions[bot]","id":41898282,"node_id":"MDM6Qm90NDE4OTgyODI=","avatar_url":"https://avatars.githubusercontent.com/in/15368?v=4","gravatar_id":"","url":"https://api.github.com/users/github-actions%5Bbot%5D","html_url":"https://github.com/apps/github-actions","followers_url":"https://api.github.com/users/github-actions%5Bbot%5D/followers","following_url":"https://api.github.com/users/github-actions%5Bbot%5D/following{/other_user}","gists_url":"https://api.github.com/users/github-actions%5Bbot%5D/gists{/gist_id}","starred_url":"https://api.github.com/users/github-actions%5Bbot%5D/starred{/owner}{/repo}","subscriptions_url":"https://api.github.com/users/github-actions%5Bbot%5D/subscriptions","organizations_url":"https://api.github.com/users/github-actions%5Bbot%5D/orgs","repos_url":"https://api.github.com/users/github-actions%5Bbot%5D/repos","events_url":"https://api.github.com/users/github-actions%5Bbot%5D/events{/privacy}","received_events_url":"https://api.github.com/users/github-actions%5Bbot%5D/received_events","type":"Bot","user_view_type":"public","site_admin":false},"content_type":"application/octet-stream","state":"uploaded","size":76093,"digest":"sha256:fdc1d3e27b6805a1d125702b6e3bb88f6fa3483791c22ea310bf6c56d5581c4d","download_count":1051,"created_at":"2026-08-31T21:51:08Z","updated_at":"2026-08-31T21:51:08Z","browser_download_url":"https://github.com/leonardosovienski/core-predictor/releases/download/v3.0.0/predictor_core-3.0.0-py3-none-any.whl"},{"url":"https://api.github.com/repos/leonardosovienski/core-predictor/releases/assets/538568302","id":538568302,"node_id":"RA_kwDOTAqQF84gGeZu","name":"predictor_core-3.0.0.tar.gz","label":"","uploader":{"login":"github-actions[bot]","id":41898282,"node_id":"MDM6Qm90NDE4OTgyODI=","avatar_url":"https://avatars.githubusercontent.com/in/15368?v=4","gravatar_id":"","url":"https://api.github.com/users/github-actions%5Bbot%5D","html_url":"https://github.com/apps/github-actions","followers_url":"https://api.github.com/users/github-actions%5Bbot%5D/followers","following_url":"https://api.github.com/users/github-actions%5Bbot%5D/following{/other_user}","gists_url":"https://api.github.com/users/github-actions%5Bbot%5D/gists{/gist_id}","starred_url":"https://api.github.com/users/github-actions%5Bbot%5D/starred{/owner}{/repo}","subscriptions_url":"https://api.github.com/users/github-actions%5Bbot%5D/subscriptions","organizations_url":"https://api.github.com/users/github-actions%5Bbot%5D/orgs","repos_url":"https://api.github.com/users/github-actions%5Bbot%5D/repos","events_url":"https://api.github.com/users/github-actions%5Bbot%5D/events{/privacy}","received_events_url":"https://api.github.com/users/github-actions%5Bbot%5D/received_events","type":"Bot","user_view_type":"public","site_admin":false},"content_type":"application/x-gtar","state":"uploaded","size":142054,"digest":"sha256:3a66e35072135d47ec335e842a9157608102431aa6dabb97fef7d020ce39192a","download_count":0,"created_at":"2026-08-31T21:51:08Z","updated_at":"2026-08-31T21:51:08Z","browser_download_url":"https://github.com/leonardosovienski/core-predictor/releases/download/v3.0.0/predictor_core-3.0.0.tar.gz"}],"tarball_url":"https://api.github.com/repos/leonardosovienski/core-predictor/tarball/v3.0.0","zipball_url":"https://api.github.com/repos/leonardosovienski/core-predictor/zipball/v3.0.0","body":"## What's Changed\n* Reconcile current Core documentation by @leonardosovienski in https://github.com/leonardosovienski/core-predictor/pull/19\n\n\n**Full Changelog**: https://github.com/leonardosovienski/core-predictor/compare/v2.3.0...v3.0.0","mentions_count":1},{"url":"https://api.github.com/repos/leonardosovienski/core-predictor/releases/371755665","assets_url":"https://api.github.com/repos/leonardosovienski/core-predictor/releases/371755665/assets","upload_url":"https://uploads.github.com/repos/leonardosovienski/core-predictor/releases/371755665/assets{?name,label}","html_url":"https://github.com/leonardosovienski/core-predictor/releases/tag/v2.3.0","id":371755665,"author":{"login":"github-actions[bot]","id":41898282,"node_id":"MDM6Qm90NDE4OTgyODI=","avatar_url":"https://avatars.githubusercontent.com/in/15368?v=4","gravatar_id":"","url":"https://api.github.com/users/github-actions%5Bbot%5D","html_url":"https://github.com/apps/github-actions","followers_url":"https://api.github.com/users/github-actions%5Bbot%5D/followers","following_url":"https://api.github.com/users/github-actions%5Bbot%5D/following{/other_user}","gists_url":"https://api.github.com/users/github-actions%5Bbot%5D/gists{/gist_id}","starred_url":"https://api.github.com/users/github-actions%5Bbot%5D/starred{/owner}{/repo}","subscriptions_url":"https://api.github.com/users/github-actions%5Bbot%5D/subscriptions","organizations_url":"https://api.github.com/users/github-actions%5Bbot%5D/orgs","repos_url":"https://api.github.com/users/github-actions%5Bbot%5D/repos","events_url":"https://api.github.com/users/github-actions%5Bbot%5D/events{/privacy}","received_events_url":"https://api.github.com/users/github-actions%5Bbot%5D/received_events","type":"Bot","user_view_type":"public","site_admin":false},"node_id":"RE_kwDOTAqQF84WKIqR","tag_name":"v2.3.0","target_commitish":"main","name":"v2.3.0","draft":false,"immutable":false,"prerelease":false,"created_at":"2026-08-17T12:53:36Z","updated_at":"2026-08-17T12:56:02Z","published_at":"2026-08-17T12:56:02Z","assets":[{"url":"https://api.github.com/repos/leonardosovienski/core-predictor/releases/assets/518109589","id":518109589,"node_id":"RA_kwDOTAqQF84e4bmV","name":"predictor_core-2.3.0-py3-none-any.whl","label":"","uploader":{"login":"github-actions[bot]","id":41898282,"node_id":"MDM6Qm90NDE4OTgyODI=","avatar_url":"https://avatars.githubusercontent.com/in/15368?v=4","gravatar_id":"","url":"https://api.github.com/users/github-actions%5Bbot%5D","html_url":"https://github.com/apps/github-actions","followers_url":"https://api.github.com/users/github-actions%5Bbot%5D/followers","following_url":"https://api.github.com/users/github-actions%5Bbot%5D/following{/other_user}","gists_url":"https://api.github.com/users/github-actions%5Bbot%5D/gists{/gist_id}","starred_url":"https://api.github.com/users/github-actions%5Bbot%5D/starred{/owner}{/repo}","subscriptions_url":"https://api.github.com/users/github-actions%5Bbot%5D/subscriptions","organizations_url":"https://api.github.com/users/github-actions%5Bbot%5D/orgs","repos_url":"https://api.github.com/users/github-actions%5Bbot%5D/repos","events_url":"https://api.github.com/users/github-actions%5Bbot%5D/events{/privacy}","received_events_url":"https://api.github.com/users/github-actions%5Bbot%5D/received_events","type":"Bot","user_view_type":"public","site_admin":false},"content_type":"application/octet-stream","state":"uploaded","size":98822,"digest":"sha256:e0d29eac348e2be4092dde1b629c101d54973b54b5d43014cdaee69e4e17b3b9","download_count":2429,"created_at":"2026-08-17T12:56:01Z","updated_at":"2026-08-17T12:56:01Z","browser_download_url":"https://github.com/leonardosovienski/core-predictor/releases/download/v2.3.0/predictor_core-2.3.0-py3-none-any.whl"},{"url":"https://api.github.com/repos/leonardosovienski/core-predictor/releases/assets/518109590","id":518109590,"node_id":"RA_kwDOTAqQF84e4bmW","name":"predictor_core-2.3.0.tar.gz","label":"","uploader":{"login":"github-actions[bot]","id":41898282,"node_id":"MDM6Qm90NDE4OTgyODI=","avatar_url":"https://avatars.githubusercontent.com/in/15368?v=4","gravatar_id":"","url":"https://api.github.com/users/github-actions%5Bbot%5D","html_url":"https://github.com/apps/github-actions","followers_url":"https://api.github.com/users/github-actions%5Bbot%5D/followers","following_url":"https://api.github.com/users/github-actions%5Bbot%5D/following{/other_user}","gists_url":"https://api.github.com/users/github-actions%5Bbot%5D/gists{/gist_id}","starred_url":"https://api.github.com/users/github-actions%5Bbot%5D/starred{/owner}{/repo}","subscriptions_url":"https://api.github.com/users/github-actions%5Bbot%5D/subscriptions","organizations_url":"https://api.github.com/users/github-actions%5Bbot%5D/orgs","repos_url":"https://api.github.com/users/github-actions%5Bbot%5D/repos","events_url":"https://api.github.com/users/github-actions%5Bbot%5D/events{/privacy}","received_events_url":"https://api.github.com/users/github-actions%5Bbot%5D/received_events","type":"Bot","user_view_type":"public","site_admin":false},"content_type":"application/x-gtar","state":"uploaded","size":167187,"digest":"sha256:590afd7031f9d9d5201175571f2cd3d50ccc1a2221efac93e77992ddb1eec5c8","download_count":0,"created_at":"2026-08-17T12:56:01Z","updated_at":"2026-08-17T12:56:01Z","browser_download_url":"https://github.com/leonardosovienski/core-predictor/releases/download/v2.3.0/predictor_core-2.3.0.tar.gz"}],"tarball_url":"https://api.github.com/repos/leonardosovienski/core-predictor/tarball/v2.3.0","zipball_url":"https://api.github.com/repos/leonardosovienski/core-predictor/zipball/v2.3.0","body":"## What's Changed\n* Document temporal contract boundaries by @leonardosovienski in https://github.com/leonardosovienski/core-predictor/pull/18\n\n\n**Full Changelog**: https://github.com/leonardosovienski/core-predictor/compare/v2.2.1...v2.3.0","mentions_count":1},{"url":"https://api.github.com/repos/leonardosovienski/core-predictor/releases/367478729","assets_url":"https://api.github.com/repos/leonardosovienski/core-predictor/releases/367478729/assets","upload_url":"https://uploads.github.com/repos/leonardosovienski/core-predictor/releases/367478729/assets{?name,label}","html_url":"https://github.com/leonardosovienski/core-predictor/releases/tag/v2.2.1","id":367478729,"author":{"login":"github-actions[bot]","id":41898282,"node_id":"MDM6Qm90NDE4OTgyODI=","avatar_url":"https://avatars.githubusercontent.com/in/15368?v=4","gravatar_id":"","url":"https://api.github.com/users/github-actions%5Bbot%5D","html_url":"https://github.com/apps/github-actions","followers_url":"https://api.github.com/users/github-actions%5Bbot%5D/followers","following_url":"https://api.github.com/users/github-actions%5Bbot%5D/following{/other_user}","gists_url":"https://api.github.com/users/github-actions%5Bbot%5D/gists{/gist_id}","starred_url":"https://api.github.com/users/github-actions%5Bbot%5D/starred{/owner}{/repo}","subscriptions_url":"https://api.github.com/users/github-actions%5Bbot%5D/subscriptions","organizations_url":"https://api.github.com/users/github-actions%5Bbot%5D/orgs","repos_url":"https://api.github.com/users/github-actions%5Bbot%5D/repos","events_url":"https://api.github.com/users/github-actions%5Bbot%5D/events{/privacy}","received_events_url":"https://api.github.com/users/github-actions%5Bbot%5D/received_events","type":"Bot","user_view_type":"public","site_admin":false},"node_id":"RE_kwDOTAqQF84V50fJ","tag_name":"v2.2.1","target_commitish":"main","name":"v2.2.1","draft":false,"immutable":false,"prerelease":false,"created_at":"2026-08-09T12:53:49Z","updated_at":"2026-08-09T12:56:21Z","published_at":"2026-08-09T12:56:21Z","assets":[{"url":"https://api.github.com/repos/leonardosovienski/core-predictor/releases/assets/507513031","id":507513031,"node_id":"RA_kwDOTAqQF84eQAjH","name":"predictor_core-2.2.1-py3-none-any.whl","label":"","uploader":{"login":"github-actions[bot]","id":41898282,"node_id":"MDM6Qm90NDE4OTgyODI=","avatar_url":"https://avatars.githubusercontent.com/in/15368?v=4","gravatar_id":"","url":"https://api.github.com/users/github-actions%5Bbot%5D","html_url":"https://github.com/apps/github-actions","followers_url":"https://api.github.com/users/github-actions%5Bbot%5D/followers","following_url":"https://api.github.com/users/github-actions%5Bbot%5D/following{/other_user}","gists_url":"https://api.github.com/users/github-actions%5Bbot%5D/gists{/gist_id}","starred_url":"https://api.github.com/users/github-actions%5Bbot%5D/starred{/owner}{/repo}","subscriptions_url":"https://api.github.com/users/github-actions%5Bbot%5D/subscriptions","organizations_url":"https://api.github.com/users/github-actions%5Bbot%5D/orgs","repos_url":"https://api.github.com/users/github-actions%5Bbot%5D/repos","events_url":"https://api.github.com/users/github-actions%5Bbot%5D/events{/privacy}","received_events_url":"https://api.github.com/users/github-actions%5Bbot%5D/received_events","type":"Bot","user_view_type":"public","site_admin":false},"content_type":"application/octet-stream","state":"uploaded","size":93734,"digest":"sha256:e9ff0783d451ba63f06540ca7e89368b83449953ad3bc005ab777e48d14a9095","download_count":139,"created_at":"2026-08-09T12:56:21Z","updated_at":"2026-08-09T12:56:21Z","browser_download_url":"https://github.com/leonardosovienski/core-predictor/releases/download/v2.2.1/predictor_core-2.2.1-py3-none-any.whl"},{"url":"https://api.github.com/repos/leonardosovienski/core-predictor/releases/assets/507513030","id":507513030,"node_id":"RA_kwDOTAqQF84eQAjG","name":"predictor_core-2.2.1.tar.gz","label":"","uploader":{"login":"github-actions[bot]","id":41898282,"node_id":"MDM6Qm90NDE4OTgyODI=","avatar_url":"https://avatars.githubusercontent.com/in/15368?v=4","gravatar_id":"","url":"https://api.github.com/users/github-actions%5Bbot%5D","html_url":"https://github.com/apps/github-actions","followers_url":"https://api.github.com/users/github-actions%5Bbot%5D/followers","following_url":"https://api.github.com/users/github-actions%5Bbot%5D/following{/other_user}","gists_url":"https://api.github.com/users/github-actions%5Bbot%5D/gists{/gist_id}","starred_url":"https://api.github.com/users/github-actions%5Bbot%5D/starred{/owner}{/repo}","subscriptions_url":"https://api.github.com/users/github-actions%5Bbot%5D/subscriptions","organizations_url":"https://api.github.com/users/github-actions%5Bbot%5D/orgs","repos_url":"https://api.github.com/users/github-actions%5Bbot%5D/repos","events_url":"https://api.github.com/users/github-actions%5Bbot%5D/events{/privacy}","received_events_url":"https://api.github.com/users/github-actions%5Bbot%5D/received_events","type":"Bot","user_view_type":"public","site_admin":false},"content_type":"application/x-gtar","state":"uploaded","size":158519,"digest":"sha256:9042fd711f50eaeee897563878e38dab2ec8ffccad17891c9ca3b99b06abe185","download_count":0,"created_at":"2026-08-09T12:56:21Z","updated_at":"2026-08-09T12:56:21Z","browser_download_url":"https://github.com/leonardosovienski/core-predictor/releases/download/v2.2.1/predictor_core-2.2.1.tar.gz"}],"tarball_url":"https://api.github.com/repos/leonardosovienski/core-predictor/tarball/v2.2.1","zipball_url":"https://api.github.com/repos/leonardosovienski/core-predictor/zipball/v2.2.1","body":"## What's Changed\n* docs: align core migration guidance with 2.2.0 by @leonardosovienski in https://github.com/leonardosovienski/core-predictor/pull/16\n* Extend RatingBook for domain expectations by @leonardosovienski in https://github.com/leonardosovienski/core-predictor/pull/17\n\n\n**Full Changelog**: https://github.com/leonardosovienski/core-predictor/compare/v2.2.0...v2.2.1","mentions_count":1},{"url":"https://api.github.com/repos/leonardosovienski/core-predictor/releases/367164496","assets_url":"https://api.github.com/repos/leonardosovienski/core-predictor/releases/367164496/assets","upload_url":"https://uploads.github.com/repos/leonardosovienski/core-predictor/releases/367164496/assets{?name,label}","html_url":"https://github.com/leonardosovienski/core-predictor/releases/tag/v2.2.0","id":367164496,"author":{"login":"github-actions[bot]","id":41898282,"node_id":"MDM6Qm90NDE4OTgyODI=","avatar_url":"https://avatars.githubusercontent.com/in/15368?v=4","gravatar_id":"","url":"https://api.github.com/users/github-actions%5Bbot%5D","html_url":"https://github.com/apps/github-actions","followers_url":"https://api.github.com/users/github-actions%5Bbot%5D/followers","following_url":"https://api.github.com/users/github-actions%5Bbot%5D/following{/other_user}","gists_url":"https://api.github.com/users/github-actions%5Bbot%5D/gists{/gist_id}","starred_url":"https://api.github.com/users/github-actions%5Bbot%5D/starred{/owner}{/repo}","subscriptions_url":"https://api.github.com/users/github-actions%5Bbot%5D/subscriptions","organizations_url":"https://api.github.com/users/github-actions%5Bbot%5D/orgs","repos_url":"https://api.github.com/users/github-actions%5Bbot%5D/repos","events_url":"https://api.github.com/users/github-actions%5Bbot%5D/events{/privacy}","received_events_url":"https://api.github.com/users/github-actions%5Bbot%5D/received_events","type":"Bot","user_view_type":"public","site_admin":false},"node_id":"RE_kwDOTAqQF84V4nxQ","tag_name":"v2.2.0","target_commitish":"main","name":"v2.2.0","draft":false,"immutable":false,"prerelease":false,"created_at":"2026-08-08T09:25:52Z","updated_at":"2026-08-08T09:28:10Z","published_at":"2026-08-08T09:28:10Z","assets":[{"url":"https://api.github.com/repos/leonardosovienski/core-predictor/releases/assets/506241803","id":506241803,"node_id":"RA_kwDOTAqQF84eLKML","name":"predictor_core-2.2.0-py3-none-any.whl","label":"","uploader":{"login":"github-actions[bot]","id":41898282,"node_id":"MDM6Qm90NDE4OTgyODI=","avatar_url":"https://avatars.githubusercontent.com/in/15368?v=4","gravatar_id":"","url":"https://api.github.com/users/github-actions%5Bbot%5D","html_url":"https://github.com/apps/github-actions","followers_url":"https://api.github.com/users/github-actions%5Bbot%5D/followers","following_url":"https://api.github.com/users/github-actions%5Bbot%5D/following{/other_user}","gists_url":"https://api.github.com/users/github-actions%5Bbot%5D/gists{/gist_id}","starred_url":"https://api.github.com/users/github-actions%5Bbot%5D/starred{/owner}{/repo}","subscriptions_url":"https://api.github.com/users/github-actions%5Bbot%5D/subscriptions","organizations_url":"https://api.github.com/users/github-actions%5Bbot%5D/orgs","repos_url":"https://api.github.com/users/github-actions%5Bbot%5D/repos","events_url":"https://api.github.com/users/github-actions%5Bbot%5D/events{/privacy}","received_events_url":"https://api.github.com/users/github-actions%5Bbot%5D/received_events","type":"Bot","user_view_type":"public","site_admin":false},"content_type":"application/octet-stream","state":"uploaded","size":93628,"digest":"sha256:fe95dece93a2c91436ffd60058cea1d9192022d2170abb7e8e8512ccb76f9fdd","download_count":910,"created_at":"2026-08-08T09:28:09Z","updated_at":"2026-08-08T09:28:09Z","browser_download_url":"https://github.com/leonardosovienski/core-predictor/releases/download/v2.2.0/predictor_core-2.2.0-py3-none-any.whl"},{"url":"https://api.github.com/repos/leonardosovienski/core-predictor/releases/assets/506241802","id":506241802,"node_id":"RA_kwDOTAqQF84eLKMK","name":"predictor_core-2.2.0.tar.gz","label":"","uploader":{"login":"github-actions[bot]","id":41898282,"node_id":"MDM6Qm90NDE4OTgyODI=","avatar_url":"https://avatars.githubusercontent.com/in/15368?v=4","gravatar_id":"","url":"https://api.github.com/users/github-actions%5Bbot%5D","html_url":"https://github.com/apps/github-actions","followers_url":"https://api.github.com/users/github-actions%5Bbot%5D/followers","following_url":"https://api.github.com/users/github-actions%5Bbot%5D/following{/other_user}","gists_url":"https://api.github.com/users/github-actions%5Bbot%5D/gists{/gist_id}","starred_url":"https://api.github.com/users/github-actions%5Bbot%5D/starred{/owner}{/repo}","subscriptions_url":"https://api.github.com/users/github-actions%5Bbot%5D/subscriptions","organizations_url":"https://api.github.com/users/github-actions%5Bbot%5D/orgs","repos_url":"https://api.github.com/users/github-actions%5Bbot%5D/repos","events_url":"https://api.github.com/users/github-actions%5Bbot%5D/events{/privacy}","received_events_url":"https://api.github.com/users/github-actions%5Bbot%5D/received_events","type":"Bot","user_view_type":"public","site_admin":false},"content_type":"application/x-gtar","state":"uploaded","size":157853,"digest":"sha256:c7a4f5e54061dd42de64e109ee057f499c6ec1d8d0113de4bbd292f767458b35","download_count":0,"created_at":"2026-08-08T09:28:09Z","updated_at":"2026-08-08T09:28:09Z","browser_download_url":"https://github.com/leonardosovienski/core-predictor/releases/download/v2.2.0/predictor_core-2.2.0.tar.gz"}],"tarball_url":"https://api.github.com/repos/leonardosovienski/core-predictor/tarball/v2.2.0","zipball_url":"https://api.github.com/repos/leonardosovienski/core-predictor/zipball/v2.2.0","body":"## What's Changed\n* fix(ci): make experimental Python 3.14 job non-blocking by @leonardosovienski in https://github.com/leonardosovienski/core-predictor/pull/11\n* chore(deps-dev): bump pytest from 8.4.2 to 9.0.3 by @dependabot[bot] in https://github.com/leonardosovienski/core-predictor/pull/9\n* chore(deps-dev): update pytest-cov requirement from <7,>=6.2 to >=6.2,<8 by @dependabot[bot] in https://github.com/leonardosovienski/core-predictor/pull/12\n* ci(deps): bump actions/download-artifact from 7 to 8 by @dependabot[bot] in https://github.com/leonardosovienski/core-predictor/pull/15\n* ci(deps): bump actions/upload-artifact from 6 to 7 by @dependabot[bot] in https://github.com/leonardosovienski/core-predictor/pull/14\n* ci(deps): bump actions/dependency-review-action from 4 to 5 by @dependabot[bot] in https://github.com/leonardosovienski/core-predictor/pull/13\n\n\n**Full Changelog**: https://github.com/leonardosovienski/core-predictor/compare/v2.1.0...v2.2.0","mentions_count":2},{"url":"https://api.github.com/repos/leonardosovienski/core-predictor/releases/363725926","assets_url":"https://api.github.com/repos/leonardosovienski/core-predictor/releases/363725926/assets","upload_url":"https://uploads.github.com/repos/leonardosovienski/core-predictor/releases/363725926/assets{?name,label}","html_url":"https://github.com/leonardosovienski/core-predictor/releases/tag/v2.1.0","id":363725926,"author":{"login":"leonardosovienski","id":86319239,"node_id":"MDQ6VXNlcjg2MzE5MjM5","avatar_url":"https://avatars.githubusercontent.com/u/86319239?v=4","gravatar_id":"","url":"https://api.github.com/users/leonardosovienski","html_url":"https://github.com/leonardosovienski","followers_url":"https://api.github.com/users/leonardosovienski/followers","following_url":"https://api.github.com/users/leonardosovienski/following{/other_user}","gists_url":"https://api.github.com/users/leonardosovienski/gists{/gist_id}","starred_url":"https://api.github.com/users/leonardosovienski/starred{/owner}{/repo}","subscriptions_url":"https://api.github.com/users/leonardosovienski/subscriptions","organizations_url":"https://api.github.com/users/leonardosovienski/orgs","repos_url":"https://api.github.com/users/leonardosovienski/repos","events_url":"https://api.github.com/users/leonardosovienski/events{/privacy}","received_events_url":"https://api.github.com/users/leonardosovienski/received_events","type":"User","user_view_type":"public","site_admin":false},"node_id":"RE_kwDOTAqQF84VrgRm","tag_name":"v2.1.0","target_commitish":"main","name":"predictor_core 2.1.0","draft":false,"immutable":false,"prerelease":false,"created_at":"2026-08-02T07:15:10Z","updated_at":"2026-08-02T07:24:25Z","published_at":"2026-08-02T07:24:25Z","assets":[{"url":"https://api.github.com/repos/leonardosovienski/core-predictor/releases/assets/498676228","id":498676228,"node_id":"RA_kwDOTAqQF84duTIE","name":"predictor_core-2.1.0-py3-none-any.whl","label":"","uploader":{"login":"leonardosovienski","id":86319239,"node_id":"MDQ6VXNlcjg2MzE5MjM5","avatar_url":"https://avatars.githubusercontent.com/u/86319239?v=4","gravatar_id":"","url":"https://api.github.com/users/leonardosovienski","html_url":"https://github.com/leonardosovienski","followers_url":"https://api.github.com/users/leonardosovienski/followers","following_url":"https://api.github.com/users/leonardosovienski/following{/other_user}","gists_url":"https://api.github.com/users/leonardosovienski/gists{/gist_id}","starred_url":"https://api.github.com/users/leonardosovienski/starred{/owner}{/repo}","subscriptions_url":"https://api.github.com/users/leonardosovienski/subscriptions","organizations_url":"https://api.github.com/users/leonardosovienski/orgs","repos_url":"https://api.github.com/users/leonardosovienski/repos","events_url":"https://api.github.com/users/leonardosovienski/events{/privacy}","received_events_url":"https://api.github.com/users/leonardosovienski/received_events","type":"User","user_view_type":"public","site_admin":false},"content_type":"application/octet-stream","state":"uploaded","size":87379,"digest":"sha256:83de1d4415700dedaf387bc46dd9685e046de1fa47f37367bf2167462b09761b","download_count":756,"created_at":"2026-08-02T07:24:25Z","updated_at":"2026-08-02T07:24:25Z","browser_download_url":"https://github.com/leonardosovienski/core-predictor/releases/download/v2.1.0/predictor_core-2.1.0-py3-none-any.whl"},{"url":"https://api.github.com/repos/leonardosovienski/core-predictor/releases/assets/498676216","id":498676216,"node_id":"RA_kwDOTAqQF84duTH4","name":"predictor_core-2.1.0.tar.gz","label":"","uploader":{"login":"leonardosovienski","id":86319239,"node_id":"MDQ6VXNlcjg2MzE5MjM5","avatar_url":"https://avatars.githubusercontent.com/u/86319239?v=4","gravatar_id":"","url":"https://api.github.com/users/leonardosovienski","html_url":"https://github.com/leonardosovienski","followers_url":"https://api.github.com/users/leonardosovienski/followers","following_url":"https://api.github.com/users/leonardosovienski/following{/other_user}","gists_url":"https://api.github.com/users/leonardosovienski/gists{/gist_id}","starred_url":"https://api.github.com/users/leonardosovienski/starred{/owner}{/repo}","subscriptions_url":"https://api.github.com/users/leonardosovienski/subscriptions","organizations_url":"https://api.github.com/users/leonardosovienski/orgs","repos_url":"https://api.github.com/users/leonardosovienski/repos","events_url":"https://api.github.com/users/leonardosovienski/events{/privacy}","received_events_url":"https://api.github.com/users/leonardosovienski/received_events","type":"User","user_view_type":"public","site_admin":false},"content_type":"application/x-gtar","state":"uploaded","size":147219,"digest":"sha256:6522ec445e9eb5d17ac920f5af10015fe239d7d4d9581b6fab41ec425d4779a1","download_count":1,"created_at":"2026-08-02T07:24:25Z","updated_at":"2026-08-02T07:24:25Z","browser_download_url":"https://github.com/leonardosovienski/core-predictor/releases/download/v2.1.0/predictor_core-2.1.0.tar.gz"}],"tarball_url":"https://api.github.com/repos/leonardosovienski/core-predictor/tarball/v2.1.0","zipball_url":"https://api.github.com/repos/leonardosovienski/core-predictor/zipball/v2.1.0","body":"Wheel/sdist reproduzidos localmente do commit be1aba3 (PR #10), homologado."},{"url":"https://api.github.com/repos/leonardosovienski/core-predictor/releases/361311287","assets_url":"https://api.github.com/repos/leonardosovienski/core-predictor/releases/361311287/assets","upload_url":"https://uploads.github.com/repos/leonardosovienski/core-predictor/releases/361311287/assets{?name,label}","html_url":"https://github.com/leonardosovienski/core-predictor/releases/tag/1.0.1","id":361311287,"author":{"login":"leonardosovienski","id":86319239,"node_id":"MDQ6VXNlcjg2MzE5MjM5","avatar_url":"https://avatars.githubusercontent.com/u/86319239?v=4","gravatar_id":"","url":"https://api.github.com/users/leonardosovienski","html_url":"https://github.com/leonardosovienski","followers_url":"https://api.github.com/users/leonardosovienski/followers","following_url":"https://api.github.com/users/leonardosovienski/following{/other_user}","gists_url":"https://api.github.com/users/leonardosovienski/gists{/gist_id}","starred_url":"https://api.github.com/users/leonardosovienski/starred{/owner}{/repo}","subscriptions_url":"https://api.github.com/users/leonardosovienski/subscriptions","organizations_url":"https://api.github.com/users/leonardosovienski/orgs","repos_url":"https://api.github.com/users/leonardosovienski/repos","events_url":"https://api.github.com/users/leonardosovienski/events{/privacy}","received_events_url":"https://api.github.com/users/leonardosovienski/received_events","type":"User","user_view_type":"public","site_admin":false},"node_id":"RE_kwDOTAqQF84ViSw3","tag_name":"1.0.1","target_commitish":"main","name":"1.0.1","draft":false,"immutable":false,"prerelease":false,"created_at":"2026-07-28T18:49:02Z","updated_at":"2026-07-28T19:02:57Z","published_at":"2026-07-28T19:02:57Z","assets":[],"tarball_url":"https://api.github.com/repos/leonardosovienski/core-predictor/tarball/1.0.1","zipball_url":"https://api.github.com/repos/leonardosovienski/core-predictor/zipball/1.0.1","body":"1.0.1"},{"url":"https://api.github.com/repos/leonardosovienski/core-predictor/releases/361307326","assets_url":"https://api.github.com/repos/leonardosovienski/core-predictor/releases/361307326/assets","upload_url":"https://uploads.github.com/repos/leonardosovienski/core-predictor/releases/361307326/assets{?name,label}","html_url":"https://github.com/leonardosovienski/core-predictor/releases/tag/1.0.0","id":361307326,"author":{"login":"leonardosovienski","id":86319239,"node_id":"MDQ6VXNlcjg2MzE5MjM5","avatar_url":"https://avatars.githubusercontent.com/u/86319239?v=4","gravatar_id":"","url":"https://api.github.com/users/leonardosovienski","html_url":"https://github.com/leonardosovienski","followers_url":"https://api.github.com/users/leonardosovienski/followers","following_url":"https://api.github.com/users/leonardosovienski/following{/other_user}","gists_url":"https://api.github.com/users/leonardosovienski/gists{/gist_id}","starred_url":"https://api.github.com/users/leonardosovienski/starred{/owner}{/repo}","subscriptions_url":"https://api.github.com/users/leonardosovienski/subscriptions","organizations_url":"https://api.github.com/users/leonardosovienski/orgs","repos_url":"https://api.github.com/users/leonardosovienski/repos","events_url":"https://api.github.com/users/leonardosovienski/events{/privacy}","received_events_url":"https://api.github.com/users/leonardosovienski/received_events","type":"User","user_view_type":"public","site_admin":false},"node_id":"RE_kwDOTAqQF84ViRy-","tag_name":"1.0.0","target_commitish":"main","name":"1.0.2","draft":false,"immutable":false,"prerelease":false,"created_at":"2026-07-28T18:38:09Z","updated_at":"2026-07-28T18:55:17Z","published_at":"2026-07-28T18:55:17Z","assets":[],"tarball_url":"https://api.github.com/repos/leonardosovienski/core-predictor/tarball/1.0.0","zipball_url":"https://api.github.com/repos/leonardosovienski/core-predictor/zipball/1.0.0","body":"1.0.2"}]
$ (cwd=None) gh api repos/leonardosovienski/core-predictor/git/ref/tags/v3.2.1
[exit 0]
{"ref":"refs/tags/v3.2.1","node_id":"REF_kwDOTAqQF7ByZWZzL3RhZ3MvdjMuMi4x","url":"https://api.github.com/repos/leonardosovienski/core-predictor/git/refs/tags/v3.2.1","object":{"sha":"7bb212cfa06333886e11e849b209c5aab801c04b","type":"commit","url":"https://api.github.com/repos/leonardosovienski/core-predictor/git/commits/7bb212cfa06333886e11e849b209c5aab801c04b"}}
$ (cwd=None) git -C C:\QUALIFICACAO\repos\core-predictor diff --name-only 7bb212cfa06333886e11e849b209c5aab801c04b 5a0841509f091ea0aa95bde0d3d65e2a1a9e984d -- src/predictor_core
[exit 0]

$ (cwd=None) gh api repos/leonardosovienski/core-predictor/git/ref/tags/v3.2.0
[exit 0]
{"ref":"refs/tags/v3.2.0","node_id":"REF_kwDOTAqQF7ByZWZzL3RhZ3MvdjMuMi4w","url":"https://api.github.com/repos/leonardosovienski/core-predictor/git/refs/tags/v3.2.0","object":{"sha":"9fd83179c800302be50d1c47a38d677656505625","type":"commit","url":"https://api.github.com/repos/leonardosovienski/core-predictor/git/commits/9fd83179c800302be50d1c47a38d677656505625"}}
$ (cwd=None) git -C C:\QUALIFICACAO\repos\core-predictor diff --name-only 9fd83179c800302be50d1c47a38d677656505625 5a0841509f091ea0aa95bde0d3d65e2a1a9e984d -- src/predictor_core
[exit 0]
src/predictor_core/__init__.py
src/predictor_core/contracts/__init__.py
src/predictor_core/contracts/scientific.py

$ (cwd=None) gh api repos/leonardosovienski/core-predictor/git/ref/tags/v3.1.0
[exit 0]
{"ref":"refs/tags/v3.1.0","node_id":"REF_kwDOTAqQF7ByZWZzL3RhZ3MvdjMuMS4w","url":"https://api.github.com/repos/leonardosovienski/core-predictor/git/refs/tags/v3.1.0","object":{"sha":"111097bc920f707567066f4fbe1e7a4ca94208ff","type":"tag","url":"https://api.github.com/repos/leonardosovienski/core-predictor/git/tags/111097bc920f707567066f4fbe1e7a4ca94208ff"}}
$ (cwd=None) gh api repos/leonardosovienski/core-predictor/git/tags/111097bc920f707567066f4fbe1e7a4ca94208ff
[exit 0]
{"node_id":"TA_kwDOTAqQF9oAKDExMTA5N2JjOTIwZjcwNzU2NzA2NmY0ZmJlMWU3YTRjYTk0MjA4ZmY","sha":"111097bc920f707567066f4fbe1e7a4ca94208ff","url":"https://api.github.com/repos/leonardosovienski/core-predictor/git/tags/111097bc920f707567066f4fbe1e7a4ca94208ff","tagger":{"name":"Leonardo Sanches Sovienski","email":"leonardo.sovienski@outlook.com","date":"2026-09-02T23:29:56Z"},"object":{"sha":"29eb8b73cc10d4599109a7dec7177a944fa730cc","type":"commit","url":"https://api.github.com/repos/leonardosovienski/core-predictor/git/commits/29eb8b73cc10d4599109a7dec7177a944fa730cc"},"tag":"v3.1.0","message":"predictor-core 3.1.0\n","verification":{"verified":false,"reason":"unsigned","signature":null,"payload":null,"verified_at":null}}
$ (cwd=None) git -C C:\QUALIFICACAO\repos\core-predictor diff --name-only 29eb8b73cc10d4599109a7dec7177a944fa730cc 5a0841509f091ea0aa95bde0d3d65e2a1a9e984d -- src/predictor_core
[exit 0]
src/predictor_core/__init__.py
src/predictor_core/contracts/__init__.py
src/predictor_core/contracts/registry.py
src/predictor_core/contracts/scientific.py
src/predictor_core/measurement/trials.py
src/predictor_core/testing/harness.py

$ (cwd=None) gh api repos/leonardosovienski/core-predictor/git/ref/tags/v3.0.0
[exit 0]
{"ref":"refs/tags/v3.0.0","node_id":"REF_kwDOTAqQF7ByZWZzL3RhZ3MvdjMuMC4w","url":"https://api.github.com/repos/leonardosovienski/core-predictor/git/refs/tags/v3.0.0","object":{"sha":"d209ddd89780d6a5deb11713fa9193cca43cbac8","type":"tag","url":"https://api.github.com/repos/leonardosovienski/core-predictor/git/tags/d209ddd89780d6a5deb11713fa9193cca43cbac8"}}
$ (cwd=None) gh api repos/leonardosovienski/core-predictor/git/tags/d209ddd89780d6a5deb11713fa9193cca43cbac8
[exit 0]
{"node_id":"TA_kwDOTAqQF9oAKGQyMDlkZGQ4OTc4MGQ2YTVkZWIxMTcxM2ZhOTE5M2NjYTQzY2JhYzg","sha":"d209ddd89780d6a5deb11713fa9193cca43cbac8","url":"https://api.github.com/repos/leonardosovienski/core-predictor/git/tags/d209ddd89780d6a5deb11713fa9193cca43cbac8","tagger":{"name":"Leonardo Sanches","email":"Leonardo.sovienski@gmail.com","date":"2026-08-31T21:50:23Z"},"object":{"sha":"628b509d55b62cfdece94ad7fbae9737f2446048","type":"commit","url":"https://api.github.com/repos/leonardosovienski/core-predictor/git/commits/628b509d55b62cfdece94ad7fbae9737f2446048"},"tag":"v3.0.0","message":"Predictor Core 3.0.0\n","verification":{"verified":false,"reason":"unsigned","signature":null,"payload":null,"verified_at":null}}
$ (cwd=None) git -C C:\QUALIFICACAO\repos\core-predictor diff --name-only 628b509d55b62cfdece94ad7fbae9737f2446048 5a0841509f091ea0aa95bde0d3d65e2a1a9e984d -- src/predictor_core
[exit 0]
src/predictor_core/__init__.py
src/predictor_core/contracts/__init__.py
src/predictor_core/contracts/registry.py
src/predictor_core/contracts/scientific.py
src/predictor_core/contracts/trial_v2.py
src/predictor_core/measurement/replay.py
src/predictor_core/measurement/trials.py
src/predictor_core/testing/harness.py

$ (cwd=None) gh api repos/leonardosovienski/core-predictor/git/ref/tags/v2.3.0
[exit 0]
{"ref":"refs/tags/v2.3.0","node_id":"REF_kwDOTAqQF7ByZWZzL3RhZ3MvdjIuMy4w","url":"https://api.github.com/repos/leonardosovienski/core-predictor/git/refs/tags/v2.3.0","object":{"sha":"97e7e5347fb56e419d47334e9141e6488efab476","type":"tag","url":"https://api.github.com/repos/leonardosovienski/core-predictor/git/tags/97e7e5347fb56e419d47334e9141e6488efab476"}}
$ (cwd=None) gh api repos/leonardosovienski/core-predictor/git/tags/97e7e5347fb56e419d47334e9141e6488efab476
[exit 0]
{"node_id":"TA_kwDOTAqQF9oAKDk3ZTdlNTM0N2ZiNTZlNDE5ZDQ3MzM0ZTkxNDFlNjQ4OGVmYWI0NzY","sha":"97e7e5347fb56e419d47334e9141e6488efab476","url":"https://api.github.com/repos/leonardosovienski/core-predictor/git/tags/97e7e5347fb56e419d47334e9141e6488efab476","tagger":{"name":"Leonardo Sanches","email":"Leonardo.sovienski@gmail.com","date":"2026-08-17T12:53:36Z"},"object":{"sha":"f6754957eaed619a9a0e800668d845aec4c227f1","type":"commit","url":"https://api.github.com/repos/leonardosovienski/core-predictor/git/commits/f6754957eaed619a9a0e800668d845aec4c227f1"},"tag":"v2.3.0","message":"Release predictor-core 2.3.0\n","verification":{"verified":false,"reason":"unsigned","signature":null,"payload":null,"verified_at":null}}
$ (cwd=None) git -C C:\QUALIFICACAO\repos\core-predictor diff --name-only f6754957eaed619a9a0e800668d845aec4c227f1 5a0841509f091ea0aa95bde0d3d65e2a1a9e984d -- src/predictor_core
[exit 0]
src/predictor_core/__init__.py
src/predictor_core/contracts/__init__.py
src/predictor_core/contracts/economic.py
src/predictor_core/contracts/registry.py
src/predictor_core/contracts/scientific.py
src/predictor_core/contracts/trial_v2.py
src/predictor_core/data/asof.py
src/predictor_core/kernel/rating.py
src/predictor_core/measurement/calibration.py
src/predictor_core/measurement/ledger.py
src/predictor_core/measurement/nullref.py
src/predictor_core/measurement/ordinal.py
src/predictor_core/measurement/replay.py
src/predictor_core/measurement/trials.py
src/predictor_core/testing/coverage.py
src/predictor_core/testing/harness.py
src/predictor_core/testing/stress.py

$ (cwd=None) gh api repos/leonardosovienski/core-predictor/git/ref/tags/v2.2.1
[exit 0]
{"ref":"refs/tags/v2.2.1","node_id":"REF_kwDOTAqQF7ByZWZzL3RhZ3MvdjIuMi4x","url":"https://api.github.com/repos/leonardosovienski/core-predictor/git/refs/tags/v2.2.1","object":{"sha":"4303c280ead1ce57f3635ce24f0109df9bcca08c","type":"tag","url":"https://api.github.com/repos/leonardosovienski/core-predictor/git/tags/4303c280ead1ce57f3635ce24f0109df9bcca08c"}}
$ (cwd=None) gh api repos/leonardosovienski/core-predictor/git/tags/4303c280ead1ce57f3635ce24f0109df9bcca08c
[exit 0]
{"node_id":"TA_kwDOTAqQF9oAKDQzMDNjMjgwZWFkMWNlNTdmMzYzNWNlMjRmMDEwOWRmOWJjY2EwOGM","sha":"4303c280ead1ce57f3635ce24f0109df9bcca08c","url":"https://api.github.com/repos/leonardosovienski/core-predictor/git/tags/4303c280ead1ce57f3635ce24f0109df9bcca08c","tagger":{"name":"Leonardo Sanches Sovienski","email":"leonardo.sovienski@outlook.com","date":"2026-08-09T12:53:49Z"},"object":{"sha":"7933e4aca0ceabf4e55b4922e2ffd53a9812957e","type":"commit","url":"https://api.github.com/repos/leonardosovienski/core-predictor/git/commits/7933e4aca0ceabf4e55b4922e2ffd53a9812957e"},"tag":"v2.2.1","message":"predictor-core 2.2.1: domain-aware RatingBook updates and Python 3.14-safe secret validation\n","verification":{"verified":false,"reason":"unsigned","signature":null,"payload":null,"verified_at":null}}
$ (cwd=None) git -C C:\QUALIFICACAO\repos\core-predictor diff --name-only 7933e4aca0ceabf4e55b4922e2ffd53a9812957e 5a0841509f091ea0aa95bde0d3d65e2a1a9e984d -- src/predictor_core
[exit 0]
src/predictor_core/__init__.py
src/predictor_core/contracts/__init__.py
src/predictor_core/contracts/registry.py
src/predictor_core/contracts/scientific.py
src/predictor_core/contracts/trial_v2.py
src/predictor_core/data/asof.py
src/predictor_core/kernel/rating.py
src/predictor_core/measurement/calibration.py
src/predictor_core/measurement/ledger.py
src/predictor_core/measurement/nullref.py
src/predictor_core/measurement/ordinal.py
src/predictor_core/measurement/replay.py
src/predictor_core/measurement/trials.py
src/predictor_core/testing/coverage.py
src/predictor_core/testing/harness.py
src/predictor_core/testing/stress.py

$ (cwd=None) gh api repos/leonardosovienski/core-predictor/git/ref/tags/v2.2.0
[exit 0]
{"ref":"refs/tags/v2.2.0","node_id":"REF_kwDOTAqQF7ByZWZzL3RhZ3MvdjIuMi4w","url":"https://api.github.com/repos/leonardosovienski/core-predictor/git/refs/tags/v2.2.0","object":{"sha":"05a1d051660267fab93d9a6bc6eed8494a6f7613","type":"tag","url":"https://api.github.com/repos/leonardosovienski/core-predictor/git/tags/05a1d051660267fab93d9a6bc6eed8494a6f7613"}}
$ (cwd=None) gh api repos/leonardosovienski/core-predictor/git/tags/05a1d051660267fab93d9a6bc6eed8494a6f7613
[exit 0]
{"node_id":"TA_kwDOTAqQF9oAKDA1YTFkMDUxNjYwMjY3ZmFiOTNkOWE2YmM2ZWVkODQ5NGE2Zjc2MTM","sha":"05a1d051660267fab93d9a6bc6eed8494a6f7613","url":"https://api.github.com/repos/leonardosovienski/core-predictor/git/tags/05a1d051660267fab93d9a6bc6eed8494a6f7613","tagger":{"name":"Leonardo Sanches Sovienski","email":"leonardo.sovienski@outlook.com","date":"2026-08-08T09:25:52Z"},"object":{"sha":"b6dc482bf77b4e9a522183ca07292ca5a54c8d78","type":"commit","url":"https://api.github.com/repos/leonardosovienski/core-predictor/git/commits/b6dc482bf77b4e9a522183ca07292ca5a54c8d78"},"tag":"v2.2.0","message":"predictor-core 2.2.0\n","verification":{"verified":false,"reason":"unsigned","signature":null,"payload":null,"verified_at":null}}
$ (cwd=None) git -C C:\QUALIFICACAO\repos\core-predictor diff --name-only b6dc482bf77b4e9a522183ca07292ca5a54c8d78 5a0841509f091ea0aa95bde0d3d65e2a1a9e984d -- src/predictor_core
[exit 0]
src/predictor_core/__init__.py
src/predictor_core/contracts/__init__.py
src/predictor_core/contracts/registry.py
src/predictor_core/contracts/scientific.py
src/predictor_core/contracts/trial_v2.py
src/predictor_core/data/asof.py
src/predictor_core/kernel/rating.py
src/predictor_core/kernel/settings.py
src/predictor_core/measurement/calibration.py
src/predictor_core/measurement/ledger.py
src/predictor_core/measurement/nullref.py
src/predictor_core/measurement/ordinal.py
src/predictor_core/measurement/replay.py
src/predictor_core/measurement/trials.py
src/predictor_core/testing/coverage.py
src/predictor_core/testing/harness.py
src/predictor_core/testing/stress.py

$ (cwd=None) gh api repos/leonardosovienski/core-predictor/git/ref/tags/v2.1.0
[exit 0]
{"ref":"refs/tags/v2.1.0","node_id":"REF_kwDOTAqQF7ByZWZzL3RhZ3MvdjIuMS4w","url":"https://api.github.com/repos/leonardosovienski/core-predictor/git/refs/tags/v2.1.0","object":{"sha":"5e55c7a38c440803c97d8122267ca3e237c8aa37","type":"tag","url":"https://api.github.com/repos/leonardosovienski/core-predictor/git/tags/5e55c7a38c440803c97d8122267ca3e237c8aa37"}}
$ (cwd=None) gh api repos/leonardosovienski/core-predictor/git/tags/5e55c7a38c440803c97d8122267ca3e237c8aa37
[exit 0]
{"node_id":"TA_kwDOTAqQF9oAKDVlNTVjN2EzOGM0NDA4MDNjOTdkODEyMjI2N2NhM2UyMzdjOGFhMzc","sha":"5e55c7a38c440803c97d8122267ca3e237c8aa37","url":"https://api.github.com/repos/leonardosovienski/core-predictor/git/tags/5e55c7a38c440803c97d8122267ca3e237c8aa37","tagger":{"name":"Leonardo Sanches Sovienski","email":"leonardo.sovienski@outlook.com","date":"2026-08-02T07:15:10Z"},"object":{"sha":"be1aba338909747a26adf9c2b1cf4bfcd65781c0","type":"commit","url":"https://api.github.com/repos/leonardosovienski/core-predictor/git/commits/be1aba338909747a26adf9c2b1cf4bfcd65781c0"},"tag":"v2.1.0","message":"predictor_core 2.1.0\n","verification":{"verified":false,"reason":"unsigned","signature":null,"payload":null,"verified_at":null}}
$ (cwd=None) git -C C:\QUALIFICACAO\repos\core-predictor diff --name-only be1aba338909747a26adf9c2b1cf4bfcd65781c0 5a0841509f091ea0aa95bde0d3d65e2a1a9e984d -- src/predictor_core
[exit 0]
src/predictor_core/__init__.py
src/predictor_core/contracts/__init__.py
src/predictor_core/contracts/registry.py
src/predictor_core/contracts/scientific.py
src/predictor_core/contracts/trial_v2.py
src/predictor_core/data/asof.py
src/predictor_core/data/contracts.py
src/predictor_core/data/source_quality.py
src/predictor_core/kernel/rating.py
src/predictor_core/kernel/settings.py
src/predictor_core/measurement/calibration.py
src/predictor_core/measurement/ledger.py
src/predictor_core/measurement/nullref.py
src/predictor_core/measurement/ordinal.py
src/predictor_core/measurement/replay.py
src/predictor_core/measurement/trials.py
src/predictor_core/testing/coverage.py
src/predictor_core/testing/harness.py
src/predictor_core/testing/stress.py

$ (cwd=None) gh api repos/leonardosovienski/core-predictor/git/ref/tags/1.0.1
[exit 0]
{"ref":"refs/tags/1.0.1","node_id":"REF_kwDOTAqQF69yZWZzL3RhZ3MvMS4wLjE","url":"https://api.github.com/repos/leonardosovienski/core-predictor/git/refs/tags/1.0.1","object":{"sha":"6588502a6a7a5b51bc89ba17024926da9687db3b","type":"commit","url":"https://api.github.com/repos/leonardosovienski/core-predictor/git/commits/6588502a6a7a5b51bc89ba17024926da9687db3b"}}
$ (cwd=None) gh api repos/leonardosovienski/core-predictor/git/ref/tags/1.0.0
[exit 0]
{"ref":"refs/tags/1.0.0","node_id":"REF_kwDOTAqQF69yZWZzL3RhZ3MvMS4wLjA","url":"https://api.github.com/repos/leonardosovienski/core-predictor/git/refs/tags/1.0.0","object":{"sha":"86fad6d50b3c48041abc8a28a46e05736de62af2","type":"commit","url":"https://api.github.com/repos/leonardosovienski/core-predictor/git/commits/86fad6d50b3c48041abc8a28a46e05736de62af2"}}
$ (cwd=None) git -C C:\QUALIFICACAO\repos\predictor-ops rev-parse HEAD
[exit 0]
31d393973e27a34292e86df054fb5ea7e206570f

$ (cwd=None) git -C C:\QUALIFICACAO\repos\predictor-ops rev-parse origin/main
[exit 0]
31d393973e27a34292e86df054fb5ea7e206570f

$ (cwd=None) git -C C:\QUALIFICACAO\repos\predictor-ops rev-parse --abbrev-ref HEAD
[exit 0]
main

$ (cwd=None) git -C C:\QUALIFICACAO\repos\predictor-ops status --porcelain --untracked-files=all
[exit 0]

$ (cwd=None) git -C C:\QUALIFICACAO\repos\predictor-ops remote get-url origin
[exit 0]
https://github.com/leonardosovienski/predictor-ops.git

$ (cwd=None) git -C C:\QUALIFICACAO\repos\predictor-ops ls-tree -r HEAD
[exit 0]
100644 blob 19dd13b0fe876adecaa7a35e2c87c0b5965efc6c	.dockerignore
100644 blob 9361112b4b78614db332523ccb9785a0ee5703d2	.gitattributes
100644 blob ef03c49d9263a11da1afc2744c3e5eae874d70df	.github/dependabot.yml
100644 blob ac3cadd4986b4227530693d4c27d5af9dca1845f	.github/workflows/ci.yml
100644 blob 245fcc87483a95fe10d7e4bd47e981acf6565cc3	.github/workflows/consumer-contracts.yml
100644 blob 335e04b1e57cd025f09cda217baeb224e28cd043	.github/workflows/dependency-review.yml
100644 blob ad5db2f2bca86180f38908c7f4f792bcec817e33	.github/workflows/release.yml
100644 blob 5463f7918081b704db6e31deb2b41e9f32cf907f	.gitignore
100644 blob 8e98e90a3bc26633fff5f2bae8e03dbbbac5273c	.pre-commit-config.yaml
100644 blob fcadf782dce885c34f61f265a64d461668a7f788	ARCHITECTURE_IMPLEMENTATION.md
100644 blob b7c6d04480957a3ab3a5a041072b788a6d60b12a	CHANGELOG.md
100644 blob 115575f8c1dbd5ccfac117d9e1ea500922db9ef3	Dockerfile
100644 blob 9594f1fd67b8eb5bf4d4cc421c6cd4b24e4452ec	HANDOFF.md
100644 blob 31f2c42733436a5fa6c0c334bf1df79a050b4dd7	PUBLICATION_STATUS_20260912.md
100644 blob 9d30eea2a2a0d5b101f2adb841c37ac1e459973a	README.md
100644 blob 2e750de4ce52c0cd36749805788b9002349841f9	SECURITY.md
100644 blob 8f6487e1900261cd1ea54846e3a768ee4f6c91bc	docs/DEPLOYMENT_20260913.md
100644 blob b8080218d962474e99edded4b66681c9c03f35fb	docs/OPERATIONS_CONTRACT.md
100644 blob faadc4b449c8cc2874ee28b521ab11512c3c4813	docs/audit-evidence.md
100644 blob 3accdcf98d53c78dfc8ad86e41c985c73bb4b1e1	docs/compatibility-migration.md
100644 blob 69e71d88905973dbcc501ecb2bddc0ee2f611485	docs/legacy-behavior-migration-matrix.md
100644 blob f94e6e68f860bc9412e5a0f6e34081c3a3859c47	docs/removed-operations-migration-plan.md
100644 blob 4f2b7d2f665bc7efb66c0ccf1dbacc5904bc2edc	docs/stabilization-20260912/REPORT.md
100644 blob 363af77693c04b61f39677962104d6b2a9c857ea	docs/stabilization-20260912/baseline-summary.txt
100644 blob 6b7e2f2be6716b24e954dd67b3211b445bff5b29	docs/stabilization-20260912/branches.json
100644 blob 0b3dcd4574d5a6b264e0ee4a8d3eebaf4b95f77a	docs/stabilization-20260912/closing-ci.json
100644 blob e36d841057f5bcb1d77434dcad4dabde01f53057	docs/stabilization-20260912/consumer-contracts-candidate.json
100644 blob 6de20c1f7b2c1520533c5abc1a4a20ae86e519c4	docs/stabilization-20260912/delivery-ci.json
100644 blob 93727fe96be3c250d394c5a2e796054fbcb22226	docs/stabilization-20260912/dependency-inventory.json
100644 blob 9088c69173626f3f083b228d58dcbc3ec2f4ba39	docs/stabilization-20260912/descendant-before.txt
100644 blob 5df015ad63e8cfd390c8791b1458c3d58d2df6bd	docs/stabilization-20260912/git-cleanup.json
100644 blob 186e6d096324ff7ccfc1f01edd9f3a0c9b8ed770	docs/stabilization-20260912/inventory.json
100644 blob 524360f8a54a26cf7eb07f6bacb481fa1d987f4f	docs/stabilization-20260912/published-consumer-contracts.json
100644 blob bc8f0ce1555e2beec5d4109324dc17c0c08c0598	docs/stabilization-20260912/published-wheel-validation.txt
100644 blob ef4ec4b9488b6469bf309e67cc9819eaf2f907fa	docs/stabilization-20260912/regressions-before.txt
100644 blob 67b27353078ff77d8c51565937cca3e4b18e96ff	jobs.example.json
100644 blob 4f6b1da060756023d08d9a87be251aa2425661f8	posix_integration/test_signals_real.py
100644 blob d63f879f574c650f3773eec1976505495305ab3e	pyproject.toml
100644 blob baa370772b86ad3636745703e9183eba393cb451	scripts/validate_consumers.py
100644 blob 84747d0b4d2e740a2861182990cfbaae2e6035f4	scripts/validate_installed.py
100644 blob 94a92390228ad55d2cb773d4e04e6c8ef57fe249	scripts/validate_published.py
100644 blob f9a67e08bc8567870226da4cb95b1dc41eb441c4	src/predictor_ops/__init__.py
100644 blob eb53e2f31b2f703ad32ef64b8a41faa3e7d18e08	src/predictor_ops/__main__.py
100644 blob e16853e636052cf932e2b9ea0978d038cdd389b8	src/predictor_ops/cli.py
100644 blob 24c2ee589d61f761fd11785b74de26a81cb36a82	src/predictor_ops/config.py
100644 blob 8df4f4f7d5a14381bf5e92bf79c6afe5fdf4e923	src/predictor_ops/health.py
100644 blob 74a985964d23305428b9fa62510592716fa19f54	src/predictor_ops/models.py
100644 blob 9401465dae42577bb53c25d8e140144d5ca01104	src/predictor_ops/observability.py
100644 blob da2b17c93a1f16843538ca995b2505823d93d989	src/predictor_ops/operations.py
100644 blob 7a95929671d6486a137cc0518b78c7962cd091e0	src/predictor_ops/processes.py
100644 blob 77c333a6129f2b487271cdc0818de3c451ec4646	src/predictor_ops/provenance.py
100644 blob c99b098f0fe9b7e49975618c8914a940583af2e2	src/predictor_ops/redaction.py
100644 blob 989866f515596b1f95ef3922ba3e0ee02f00b14d	src/predictor_ops/runner.py
100644 blob a6654db9c9bcd16d07f63e2566ae91723da34def	src/predictor_ops/runtime.py
100644 blob 4807dfa717f74d19a57c7b187223bcbae86b70a5	src/predictor_ops/windows.py
100644 blob 3423ac846459391d75a8642e1c0b0255b80971ce	tests_v2/test_architecture_safety.py
100644 blob d23c2447b67478dfcfc8a6540846cf745f89e629	tests_v2/test_cli.py
100644 blob e0c2e2c9179c24628b3ea73b900759d11a5dc4f1	tests_v2/test_health.py
100644 blob e3ed736796192d91bb4fe6844a7b9b7fe3e19071	tests_v2/test_models_config.py
100644 blob c84dc5df3225597defc801b0fd930d7e32b3487b	tests_v2/test_operational_safety.py
100644 blob 8feffa3f06feb3907354cdb217185ead0a25e672	tests_v2/test_process_cleanup.py
100644 blob f481dbbac565aca0d8f8cd6a4f71bc0051cf9fe7	tests_v2/test_process_tree.py
100644 blob 7bd46489ddd93a02c22bf0afde15283ac0921115	tests_v2/test_provenance.py
100644 blob 6256f78be747c8685bed63775f93976a22c7e64a	tests_v2/test_redaction_adversarial.py
100644 blob 0b579a5b6999d70cc5947c5e84ef1d54a76ad63d	tests_v2/test_runner.py
100644 blob e7f4ef9bc940279d9f999a0d187000d69fdf03b7	tests_v2/test_runner_extended.py
100644 blob bfb2516ade473d9685168345ffe27734e61602c7	tests_v2/test_runtime.py
100644 blob 8e28596db1ef129811f07c64091ee58c1735311d	tests_v2/test_stabilization.py
100644 blob 1121cb97ebc8fafd736c368fdc55569ac85fad95	tests_v2/test_version_contract.py
100644 blob e087e1341220d606a311c56b93fb8d22ec7593d3	tests_v2/test_windows_adapter.py
100644 blob 66f2679391f928cdbb1f35fa45742963e28bdc59	uv.lock
100644 blob 6cb7a25130d68e71cd9ec3d49ab5604a032c32d7	windows_integration/test_windows_real.py

$ (cwd=None) git -C C:\QUALIFICACAO\repos\predictor-ops grep -l -i CREATE TABLE HEAD -- *.py
[exit 1]

$ (cwd=None) gh api repos/leonardosovienski/predictor-ops/actions/runs?head_sha=31d393973e27a34292e86df054fb5ea7e206570f&per_page=100
[exit 0]
{"total_count":3,"workflow_runs":[{"id":35936261958,"name":"Graph Update: uv in /. #1589447541","node_id":"WFR_kwLOTdWj1c8AAAAIXffXRg","head_branch":"main","head_sha":"31d393973e27a34292e86df054fb5ea7e206570f","path":"dynamic/dependabot/update-graph","display_title":"Graph Update: uv in /. #1589447541","run_number":9,"event":"dynamic","status":"completed","conclusion":"success","workflow_id":328751465,"check_suite_id":97311728565,"check_suite_node_id":"CS_kwDOTdWj1c8AAAAWqDsjtQ","url":"https://api.github.com/repos/leonardosovienski/predictor-ops/actions/runs/35936261958","html_url":"https://github.com/leonardosovienski/predictor-ops/actions/runs/35936261958","pull_requests":[],"created_at":"2026-09-23T23:59:19Z","updated_at":"2026-09-24T00:00:05Z","actor":{"login":"dependabot[bot]","id":49699333,"node_id":"MDM6Qm90NDk2OTkzMzM=","avatar_url":"https://avatars.githubusercontent.com/in/29110?v=4","gravatar_id":"","url":"https://api.github.com/users/dependabot%5Bbot%5D","html_url":"https://github.com/apps/dependabot","followers_url":"https://api.github.com/users/dependabot%5Bbot%5D/followers","following_url":"https://api.github.com/users/dependabot%5Bbot%5D/following{/other_user}","gists_url":"https://api.github.com/users/dependabot%5Bbot%5D/gists{/gist_id}","starred_url":"https://api.github.com/users/dependabot%5Bbot%5D/starred{/owner}{/repo}","subscriptions_url":"https://api.github.com/users/dependabot%5Bbot%5D/subscriptions","organizations_url":"https://api.github.com/users/dependabot%5Bbot%5D/orgs","repos_url":"https://api.github.com/users/dependabot%5Bbot%5D/repos","events_url":"https://api.github.com/users/dependabot%5Bbot%5D/events{/privacy}","received_events_url":"https://api.github.com/users/dependabot%5Bbot%5D/received_events","type":"Bot","user_view_type":"public","site_admin":false},"run_attempt":1,"referenced_workflows":[],"run_started_at":"2026-09-23T23:59:19Z","triggering_actor":{"login":"dependabot[bot]","id":49699333,"node_id":"MDM6Qm90NDk2OTkzMzM=","avatar_url":"https://avatars.githubusercontent.com/in/29110?v=4","gravatar_id":"","url":"https://api.github.com/users/dependabot%5Bbot%5D","html_url":"https://github.com/apps/dependabot","followers_url":"https://api.github.com/users/dependabot%5Bbot%5D/followers","following_url":"https://api.github.com/users/dependabot%5Bbot%5D/following{/other_user}","gists_url":"https://api.github.com/users/dependabot%5Bbot%5D/gists{/gist_id}","starred_url":"https://api.github.com/users/dependabot%5Bbot%5D/starred{/owner}{/repo}","subscriptions_url":"https://api.github.com/users/dependabot%5Bbot%5D/subscriptions","organizations_url":"https://api.github.com/users/dependabot%5Bbot%5D/orgs","repos_url":"https://api.github.com/users/dependabot%5Bbot%5D/repos","events_url":"https://api.github.com/users/dependabot%5Bbot%5D/events{/privacy}","received_events_url":"https://api.github.com/users/dependabot%5Bbot%5D/received_events","type":"Bot","user_view_type":"public","site_admin":false},"jobs_url":"https://api.github.com/repos/leonardosovienski/predictor-ops/actions/runs/35936261958/jobs","logs_url":"https://api.github.com/repos/leonardosovienski/predictor-ops/actions/runs/35936261958/logs","check_suite_url":"https://api.github.com/repos/leonardosovienski/predictor-ops/check-suites/97311728565","artifacts_url":"https://api.github.com/repos/leonardosovienski/predictor-ops/actions/runs/35936261958/artifacts","cancel_url":"https://api.github.com/repos/leonardosovienski/predictor-ops/actions/runs/35936261958/cancel","rerun_url":"https://api.github.com/repos/leonardosovienski/predictor-ops/actions/runs/35936261958/rerun","previous_attempt_url":null,"workflow_url":"https://api.github.com/repos/leonardosovienski/predictor-ops/actions/workflows/328751465","head_commit":{"id":"31d393973e27a34292e86df054fb5ea7e206570f","tree_id":"29387d58403799556b93180773dbca506330fed8","message":"fix(runtime): lock guard não derruba o processo perdedor no Windows (SHARED-005) (#26)\n\nDois processos disputando o lock de um job novo: o primeiro inicializa\n.mutation.guard e trava o byte 0; o segundo escrevia o byte inicial com\nescrita bufferizada sobre o byte travado. No Windows o lock é obrigatório, e o\nPermissionError escapava de LocalBackend.acquire e de run_job. Agora a guarda é\ninicializada por um descritor sem buffer, e a escrita recusada espera no laço\nde lock.\n\n- teste determinístico: test_empty_guard_locked_by_another_process_waits_instead_of_crashing\n  (falha antes da correção, passa depois; corrida real 50/50 no Windows)\n- versão 4.2.2rc1; o contrato de versão do CHANGELOG aceita pré-releases PEP 440\n\nAutorizado pelo dono (missão crypto, SHARED-005).\n\nCo-authored-by: Claude Opus 5.5 (1M context) <noreply@anthropic.com>","timestamp":"2026-09-23T23:59:13Z","author":{"name":"Leonardo Sanches Sovienski","email":"86319239+leonardosovienski@users.noreply.github.com"},"committer":{"name":"GitHub","email":"noreply@github.com"}},"repository":{"id":1305846741,"node_id":"R_kgDOTdWj1Q","name":"predictor-ops","full_name":"leonardosovienski/predictor-ops","private":false,"owner":{"login":"leonardosovienski","id":86319239,"node_id":"MDQ6VXNlcjg2MzE5MjM5","avatar_url":"https://avatars.githubusercontent.com/u/86319239?v=4","gravatar_id":"","url":"https://api.github.com/users/leonardosovienski","html_url":"https://github.com/leonardosovienski","followers_url":"https://api.github.com/users/leonardosovienski/followers","following_url":"https://api.github.com/users/leonardosovienski/following{/other_user}","gists_url":"https://api.github.com/users/leonardosovienski/gists{/gist_id}","starred_url":"https://api.github.com/users/leonardosovienski/starred{/owner}{/repo}","subscriptions_url":"https://api.github.com/users/leonardosovienski/subscriptions","organizations_url":"https://api.github.com/users/leonardosovienski/orgs","repos_url":"https://api.github.com/users/leonardosovienski/repos","events_url":"https://api.github.com/users/leonardosovienski/events{/privacy}","received_events_url":"https://api.github.com/users/leonardosovienski/received_events","type":"User","user_view_type":"public","site_admin":false},"html_url":"https://github.com/leonardosovienski/predictor-ops","description":null,"fork":false,"url":"https://api.github.com/repos/leonardosovienski/predictor-ops","forks_url":"https://api.github.com/repos/leonardosovienski/predictor-ops/forks","keys_url":"https://api.github.com/repos/leonardosovienski/predictor-ops/keys{/key_id}","collaborators_url":"https://api.github.com/repos/leonardosovienski/predictor-ops/collaborators{/collaborator}","teams_url":"https://api.github.com/repos/leonardosovienski/predictor-ops/teams","hooks_url":"https://api.github.com/repos/leonardosovienski/predictor-ops/hooks","issue_events_url":"https://api.github.com/repos/leonardosovienski/predictor-ops/issues/events{/number}","events_url":"https://api.github.com/repos/leonardosovienski/predictor-ops/events","assignees_url":"https://api.github.com/repos/leonardosovienski/predictor-ops/assignees{/user}","branches_url":"https://api.github.com/repos/leonardosovienski/predictor-ops/branches{/branch}","tags_url":"https://api.github.com/repos/leonardosovienski/predictor-ops/tags","blobs_url":"https://api.github.com/repos/leonardosovienski/predictor-ops/git/blobs{/sha}","git_tags_url":"https://api.github.com/repos/leonardosovienski/predictor-ops/git/tags{/sha}","git_refs_url":"https://api.github.com/repos/leonardosovienski/predictor-ops/git/refs{/sha}","trees_url":"https://api.github.com/repos/leonardosovienski/predictor-ops/git/trees{/sha}","statuses_url":"https://api.github.com/repos/leonardosovienski/predictor-ops/statuses/{sha}","languages_url":"https://api.github.com/repos/leonardosovienski/predictor-ops/languages","stargazers_url":"https://api.github.com/repos/leonardosovienski/predictor-ops/stargazers","contributors_url":"https://api.github.com/repos/leonardosovienski/predictor-ops/contributors","subscribers_url":"https://api.github.com/repos/leonardosovienski/predictor-ops/subscribers","subscription_url":"https://api.github.com/repos/leonardosovienski/predictor-ops/subscription","commits_url":"https://api.github.com/repos/leonardosovienski/predictor-ops/commits{/sha}","git_commits_url":"https://api.github.com/repos/leonardosovienski/predictor-ops/git/commits{/sha}","comments_url":"https://api.github.com/repos/leonardosovienski/predictor-ops/comments{/number}","issue_comment_url":"https://api.github.com/repos/leonardosovienski/predictor-ops/issues/comments{/number}","contents_url":"https://api.github.com/repos/leonardosovienski/predictor-ops/contents/{+path}","compare_url":"https://api.github.com/repos/leonardosovienski/predictor-ops/compare/{base}...{head}","merges_url":"https://api.github.com/repos/leonardosovienski/predictor-ops/merges","archive_url":"https://api.github.com/repos/leonardosovienski/predictor-ops/{archive_format}{/ref}","downloads_url":"https://api.github.com/repos/leonardosovienski/predictor-ops/downloads","issues_url":"https://api.github.com/repos/leonardosovienski/predictor-ops/issues{/number}","pulls_url":"https://api.github.com/repos/leonardosovienski/predictor-ops/pulls{/number}","milestones_url":"https://api.github.com/repos/leonardosovienski/predictor-ops/milestones{/number}","notifications_url":"https://api.github.com/repos/leonardosovienski/predictor-ops/notifications{?since,all,participating}","labels_url":"https://api.github.com/repos/leonardosovienski/predictor-ops/labels{/name}","releases_url":"https://api.github.com/repos/leonardosovienski/predictor-ops/releases{/id}","deployments_url":"https://api.github.com/repos/leonardosovienski/predictor-ops/deployments"},"head_repository":{"id":1305846741,"node_id":"R_kgDOTdWj1Q","name":"predictor-ops","full_name":"leonardosovienski/predictor-ops","private":false,"owner":{"login":"leonardosovienski","id":86319239,"node_id":"MDQ6VXNlcjg2MzE5MjM5","avatar_url":"https://avatars.githubusercontent.com/u/86319239?v=4","gravatar_id":"","url":"https://api.github.com/users/leonardosovienski","html_url":"https://github.com/leonardosovienski","followers_url":"https://api.github.com/users/leonardosovienski/followers","following_url":"https://api.github.com/users/leonardosovienski/following{/other_user}","gists_url":"https://api.github.com/users/leonardosovienski/gists{/gist_id}","starred_url":"https://api.github.com/users/leonardosovienski/starred{/owner}{/repo}","subscriptions_url":"https://api.github.com/users/leonardosovienski/subscriptions","organizations_url":"https://api.github.com/users/leonardosovienski/orgs","repos_url":"https://api.github.com/users/leonardosovienski/repos","events_url":"https://api.github.com/users/leonardosovienski/events{/privacy}","received_events_url":"https://api.github.com/users/leonardosovienski/received_events","type":"User","user_view_type":"public","site_admin":false},"html_url":"https://github.com/leonardosovienski/predictor-ops","description":null,"fork":false,"url":"https://api.github.com/repos/leonardosovienski/predictor-ops","forks_url":"https://api.github.com/repos/leonardosovienski/predictor-ops/forks","keys_url":"https://api.github.com/repos/leonardosovienski/predictor-ops/keys{/key_id}","collaborators_url":"https://api.github.com/repos/leonardosovienski/predictor-ops/collaborators{/collaborator}","teams_url":"https://api.github.com/repos/leonardosovienski/predictor-ops/teams","hooks_url":"https://api.github.com/repos/leonardosovienski/predictor-ops/hooks","issue_events_url":"https://api.github.com/repos/leonardosovienski/predictor-ops/issues/events{/number}","events_url":"https://api.github.com/repos/leonardosovienski/predictor-ops/events","assignees_url":"https://api.github.com/repos/leonardosovienski/predictor-ops/assignees{/user}","branches_url":"https://api.github.com/repos/leonardosovienski/predictor-ops/branches{/branch}","tags_url":"https://api.github.com/repos/leonardosovienski/predictor-ops/tags","blobs_url":"https://api.github.com/repos/leonardosovienski/predictor-ops/git/blobs{/sha}","git_tags_url":"https://api.github.com/repos/leonardosovienski/predictor-ops/git/tags{/sha}","git_refs_url":"https://api.github.com/repos/leonardosovienski/predictor-ops/git/refs{/sha}","trees_url":"https://api.github.com/repos/leonardosovienski/predictor-ops/git/trees{/sha}","statuses_url":"https://api.github.com/repos/leonardosovienski/predictor-ops/statuses/{sha}","languages_url":"https://api.github.com/repos/leonardosovienski/predictor-ops/languages","stargazers_url":"https://api.github.com/repos/leonardosovienski/predictor-ops/stargazers","contributors_url":"https://api.github.com/repos/leonardosovienski/predictor-ops/contributors","subscribers_url":"https://api.github.com/repos/leonardosovienski/predictor-ops/subscribers","subscription_url":"https://api.github.com/repos/leonardosovienski/predictor-ops/subscription","commits_url":"https://api.github.com/repos/leonardosovienski/predictor-ops/commits{/sha}","git_commits_url":"https://api.github.com/repos/leonardosovienski/predictor-ops/git/commits{/sha}","comments_url":"https://api.github.com/repos/leonardosovienski/predictor-ops/comments{/number}","issue_comment_url":"https://api.github.com/repos/leonardosovienski/predictor-ops/issues/comments{/number}","contents_url":"https://api.github.com/repos/leonardosovienski/predictor-ops/contents/{+path}","compare_url":"https://api.github.com/repos/leonardosovienski/predictor-ops/compare/{base}...{head}","merges_url":"https://api.github.com/repos/leonardosovienski/predictor-ops/merges","archive_url":"https://api.github.com/repos/leonardosovienski/predictor-ops/{archive_format}{/ref}","downloads_url":"https://api.github.com/repos/leonardosovienski/predictor-ops/downloads","issues_url":"https://api.github.com/repos/leonardosovienski/predictor-ops/issues{/number}","pulls_url":"https://api.github.com/repos/leonardosovienski/predictor-ops/pulls{/number}","milestones_url":"https://api.github.com/repos/leonardosovienski/predictor-ops/milestones{/number}","notifications_url":"https://api.github.com/repos/leonardosovienski/predictor-ops/notifications{?since,all,participating}","labels_url":"https://api.github.com/repos/leonardosovienski/predictor-ops/labels{/name}","releases_url":"https://api.github.com/repos/leonardosovienski/predictor-ops/releases{/id}","deployments_url":"https://api.github.com/repos/leonardosovienski/predictor-ops/deployments"}},{"id":35936257309,"name":"CI","node_id":"WFR_kwLOTdWj1c8AAAAIXffFHQ","head_branch":"main","head_sha":"31d393973e27a34292e86df054fb5ea7e206570f","path":".github/workflows/ci.yml","display_title":"fix(runtime): lock guard não derruba o processo perdedor no Windows (…","run_number":119,"event":"push","status":"completed","conclusion":"success","workflow_id":325394510,"check_suite_id":97311716355,"check_suite_node_id":"CS_kwDOTdWj1c8AAAAWqDr0Aw","url":"https://api.github.com/repos/leonardosovienski/predictor-ops/actions/runs/35936257309","html_url":"https://github.com/leonardosovienski/predictor-ops/actions/runs/35936257309","pull_requests":[],"created_at":"2026-09-23T23:59:16Z","updated_at":"2026-09-24T00:00:34Z","actor":{"login":"leonardosovienski","id":86319239,"node_id":"MDQ6VXNlcjg2MzE5MjM5","avatar_url":"https://avatars.githubusercontent.com/u/86319239?v=4","gravatar_id":"","url":"https://api.github.com/users/leonardosovienski","html_url":"https://github.com/leonardosovienski","followers_url":"https://api.github.com/users/leonardosovienski/followers","following_url":"https://api.github.com/users/leonardosovienski/following{/other_user}","gists_url":"https://api.github.com/users/leonardosovienski/gists{/gist_id}","starred_url":"https://api.github.com/users/leonardosovienski/starred{/owner}{/repo}","subscriptions_url":"https://api.github.com/users/leonardosovienski/subscriptions","organizations_url":"https://api.github.com/users/leonardosovienski/orgs","repos_url":"https://api.github.com/users/leonardosovienski/repos","events_url":"https://api.github.com/users/leonardosovienski/events{/privacy}","received_events_url":"https://api.github.com/users/leonardosovienski/received_events","type":"User","user_view_type":"public","site_admin":false},"run_attempt":1,"referenced_workflows":[],"run_started_at":"2026-09-23T23:59:16Z","triggering_actor":{"login":"leonardosovienski","id":86319239,"node_id":"MDQ6VXNlcjg2MzE5MjM5","avatar_url":"https://avatars.githubusercontent.com/u/86319239?v=4","gravatar_id":"","url":"https://api.github.com/users/leonardosovienski","html_url":"https://github.com/leonardosovienski","followers_url":"https://api.github.com/users/leonardosovienski/followers","following_url":"https://api.github.com/users/leonardosovienski/following{/other_user}","gists_url":"https://api.github.com/users/leonardosovienski/gists{/gist_id}","starred_url":"https://api.github.com/users/leonardosovienski/starred{/owner}{/repo}","subscriptions_url":"https://api.github.com/users/leonardosovienski/subscriptions","organizations_url":"https://api.github.com/users/leonardosovienski/orgs","repos_url":"https://api.github.com/users/leonardosovienski/repos","events_url":"https://api.github.com/users/leonardosovienski/events{/privacy}","received_events_url":"https://api.github.com/users/leonardosovienski/received_events","type":"User","user_view_type":"public","site_admin":false},"jobs_url":"https://api.github.com/repos/leonardosovienski/predictor-ops/actions/runs/35936257309/jobs","logs_url":"https://api.github.com/repos/leonardosovienski/predictor-ops/actions/runs/35936257309/logs","check_suite_url":"https://api.github.com/repos/leonardosovienski/predictor-ops/check-suites/97311716355","artifacts_url":"https://api.github.com/repos/leonardosovienski/predictor-ops/actions/runs/35936257309/artifacts","cancel_url":"https://api.github.com/repos/leonardosovienski/predictor-ops/actions/runs/35936257309/cancel","rerun_url":"https://api.github.com/repos/leonardosovienski/predictor-ops/actions/runs/35936257309/rerun","previous_attempt_url":null,"workflow_url":"https://api.github.com/repos/leonardosovienski/predictor-ops/actions/workflows/325394510","head_commit":{"id":"31d393973e27a34292e86df054fb5ea7e206570f","tree_id":"29387d58403799556b93180773dbca506330fed8","message":"fix(runtime): lock guard não derruba o processo perdedor no Windows (SHARED-005) (#26)\n\nDois processos disputando o lock de um job novo: o primeiro inicializa\n.mutation.guard e trava o byte 0; o segundo escrevia o byte inicial com\nescrita bufferizada sobre o byte travado. No Windows o lock é obrigatório, e o\nPermissionError escapava de LocalBackend.acquire e de run_job. Agora a guarda é\ninicializada por um descritor sem buffer, e a escrita recusada espera no laço\nde lock.\n\n- teste determinístico: test_empty_guard_locked_by_another_process_waits_instead_of_crashing\n  (falha antes da correção, passa depois; corrida real 50/50 no Windows)\n- versão 4.2.2rc1; o contrato de versão do CHANGELOG aceita pré-releases PEP 440\n\nAutorizado pelo dono (missão crypto, SHARED-005).\n\nCo-authored-by: Claude Opus 5.5 (1M context) <noreply@anthropic.com>","timestamp":"2026-09-23T23:59:13Z","author":{"name":"Leonardo Sanches Sovienski","email":"86319239+leonardosovienski@users.noreply.github.com"},"committer":{"name":"GitHub","email":"noreply@github.com"}},"repository":{"id":1305846741,"node_id":"R_kgDOTdWj1Q","name":"predictor-ops","full_name":"leonardosovienski/predictor-ops","private":false,"owner":{"login":"leonardosovienski","id":86319239,"node_id":"MDQ6VXNlcjg2MzE5MjM5","avatar_url":"https://avatars.githubusercontent.com/u/86319239?v=4","gravatar_id":"","url":"https://api.github.com/users/leonardosovienski","html_url":"https://github.com/leonardosovienski","followers_url":"https://api.github.com/users/leonardosovienski/followers","following_url":"https://api.github.com/users/leonardosovienski/following{/other_user}","gists_url":"https://api.github.com/users/leonardosovienski/gists{/gist_id}","starred_url":"https://api.github.com/users/leonardosovienski/starred{/owner}{/repo}","subscriptions_url":"https://api.github.com/users/leonardosovienski/subscriptions","organizations_url":"https://api.github.com/users/leonardosovienski/orgs","repos_url":"https://api.github.com/users/leonardosovienski/repos","events_url":"https://api.github.com/users/leonardosovienski/events{/privacy}","received_events_url":"https://api.github.com/users/leonardosovienski/received_events","type":"User","user_view_type":"public","site_admin":false},"html_url":"https://github.com/leonardosovienski/predictor-ops","description":null,"fork":false,"url":"https://api.github.com/repos/leonardosovienski/predictor-ops","forks_url":"https://api.github.com/repos/leonardosovienski/predictor-ops/forks","keys_url":"https://api.github.com/repos/leonardosovienski/predictor-ops/keys{/key_id}","collaborators_url":"https://api.github.com/repos/leonardosovienski/predictor-ops/collaborators{/collaborator}","teams_url":"https://api.github.com/repos/leonardosovienski/predictor-ops/teams","hooks_url":"https://api.github.com/repos/leonardosovienski/predictor-ops/hooks","issue_events_url":"https://api.github.com/repos/leonardosovienski/predictor-ops/issues/events{/number}","events_url":"https://api.github.com/repos/leonardosovienski/predictor-ops/events","assignees_url":"https://api.github.com/repos/leonardosovienski/predictor-ops/assignees{/user}","branches_url":"https://api.github.com/repos/leonardosovienski/predictor-ops/branches{/branch}","tags_url":"https://api.github.com/repos/leonardosovienski/predictor-ops/tags","blobs_url":"https://api.github.com/repos/leonardosovienski/predictor-ops/git/blobs{/sha}","git_tags_url":"https://api.github.com/repos/leonardosovienski/predictor-ops/git/tags{/sha}","git_refs_url":"https://api.github.com/repos/leonardosovienski/predictor-ops/git/refs{/sha}","trees_url":"https://api.github.com/repos/leonardosovienski/predictor-ops/git/trees{/sha}","statuses_url":"https://api.github.com/repos/leonardosovienski/predictor-ops/statuses/{sha}","languages_url":"https://api.github.com/repos/leonardosovienski/predictor-ops/languages","stargazers_url":"https://api.github.com/repos/leonardosovienski/predictor-ops/stargazers","contributors_url":"https://api.github.com/repos/leonardosovienski/predictor-ops/contributors","subscribers_url":"https://api.github.com/repos/leonardosovienski/predictor-ops/subscribers","subscription_url":"https://api.github.com/repos/leonardosovienski/predictor-ops/subscription","commits_url":"https://api.github.com/repos/leonardosovienski/predictor-ops/commits{/sha}","git_commits_url":"https://api.github.com/repos/leonardosovienski/predictor-ops/git/commits{/sha}","comments_url":"https://api.github.com/repos/leonardosovienski/predictor-ops/comments{/number}","issue_comment_url":"https://api.github.com/repos/leonardosovienski/predictor-ops/issues/comments{/number}","contents_url":"https://api.github.com/repos/leonardosovienski/predictor-ops/contents/{+path}","compare_url":"https://api.github.com/repos/leonardosovienski/predictor-ops/compare/{base}...{head}","merges_url":"https://api.github.com/repos/leonardosovienski/predictor-ops/merges","archive_url":"https://api.github.com/repos/leonardosovienski/predictor-ops/{archive_format}{/ref}","downloads_url":"https://api.github.com/repos/leonardosovienski/predictor-ops/downloads","issues_url":"https://api.github.com/repos/leonardosovienski/predictor-ops/issues{/number}","pulls_url":"https://api.github.com/repos/leonardosovienski/predictor-ops/pulls{/number}","milestones_url":"https://api.github.com/repos/leonardosovienski/predictor-ops/milestones{/number}","notifications_url":"https://api.github.com/repos/leonardosovienski/predictor-ops/notifications{?since,all,participating}","labels_url":"https://api.github.com/repos/leonardosovienski/predictor-ops/labels{/name}","releases_url":"https://api.github.com/repos/leonardosovienski/predictor-ops/releases{/id}","deployments_url":"https://api.github.com/repos/leonardosovienski/predictor-ops/deployments"},"head_repository":{"id":1305846741,"node_id":"R_kgDOTdWj1Q","name":"predictor-ops","full_name":"leonardosovienski/predictor-ops","private":false,"owner":{"login":"leonardosovienski","id":86319239,"node_id":"MDQ6VXNlcjg2MzE5MjM5","avatar_url":"https://avatars.githubusercontent.com/u/86319239?v=4","gravatar_id":"","url":"https://api.github.com/users/leonardosovienski","html_url":"https://github.com/leonardosovienski","followers_url":"https://api.github.com/users/leonardosovienski/followers","following_url":"https://api.github.com/users/leonardosovienski/following{/other_user}","gists_url":"https://api.github.com/users/leonardosovienski/gists{/gist_id}","starred_url":"https://api.github.com/users/leonardosovienski/starred{/owner}{/repo}","subscriptions_url":"https://api.github.com/users/leonardosovienski/subscriptions","organizations_url":"https://api.github.com/users/leonardosovienski/orgs","repos_url":"https://api.github.com/users/leonardosovienski/repos","events_url":"https://api.github.com/users/leonardosovienski/events{/privacy}","received_events_url":"https://api.github.com/users/leonardosovienski/received_events","type":"User","user_view_type":"public","site_admin":false},"html_url":"https://github.com/leonardosovienski/predictor-ops","description":null,"fork":false,"url":"https://api.github.com/repos/leonardosovienski/predictor-ops","forks_url":"https://api.github.com/repos/leonardosovienski/predictor-ops/forks","keys_url":"https://api.github.com/repos/leonardosovienski/predictor-ops/keys{/key_id}","collaborators_url":"https://api.github.com/repos/leonardosovienski/predictor-ops/collaborators{/collaborator}","teams_url":"https://api.github.com/repos/leonardosovienski/predictor-ops/teams","hooks_url":"https://api.github.com/repos/leonardosovienski/predictor-ops/hooks","issue_events_url":"https://api.github.com/repos/leonardosovienski/predictor-ops/issues/events{/number}","events_url":"https://api.github.com/repos/leonardosovienski/predictor-ops/events","assignees_url":"https://api.github.com/repos/leonardosovienski/predictor-ops/assignees{/user}","branches_url":"https://api.github.com/repos/leonardosovienski/predictor-ops/branches{/branch}","tags_url":"https://api.github.com/repos/leonardosovienski/predictor-ops/tags","blobs_url":"https://api.github.com/repos/leonardosovienski/predictor-ops/git/blobs{/sha}","git_tags_url":"https://api.github.com/repos/leonardosovienski/predictor-ops/git/tags{/sha}","git_refs_url":"https://api.github.com/repos/leonardosovienski/predictor-ops/git/refs{/sha}","trees_url":"https://api.github.com/repos/leonardosovienski/predictor-ops/git/trees{/sha}","statuses_url":"https://api.github.com/repos/leonardosovienski/predictor-ops/statuses/{sha}","languages_url":"https://api.github.com/repos/leonardosovienski/predictor-ops/languages","stargazers_url":"https://api.github.com/repos/leonardosovienski/predictor-ops/stargazers","contributors_url":"https://api.github.com/repos/leonardosovienski/predictor-ops/contributors","subscribers_url":"https://api.github.com/repos/leonardosovienski/predictor-ops/subscribers","subscription_url":"https://api.github.com/repos/leonardosovienski/predictor-ops/subscription","commits_url":"https://api.github.com/repos/leonardosovienski/predictor-ops/commits{/sha}","git_commits_url":"https://api.github.com/repos/leonardosovienski/predictor-ops/git/commits{/sha}","comments_url":"https://api.github.com/repos/leonardosovienski/predictor-ops/comments{/number}","issue_comment_url":"https://api.github.com/repos/leonardosovienski/predictor-ops/issues/comments{/number}","contents_url":"https://api.github.com/repos/leonardosovienski/predictor-ops/contents/{+path}","compare_url":"https://api.github.com/repos/leonardosovienski/predictor-ops/compare/{base}...{head}","merges_url":"https://api.github.com/repos/leonardosovienski/predictor-ops/merges","archive_url":"https://api.github.com/repos/leonardosovienski/predictor-ops/{archive_format}{/ref}","downloads_url":"https://api.github.com/repos/leonardosovienski/predictor-ops/downloads","issues_url":"https://api.github.com/repos/leonardosovienski/predictor-ops/issues{/number}","pulls_url":"https://api.github.com/repos/leonardosovienski/predictor-ops/pulls{/number}","milestones_url":"https://api.github.com/repos/leonardosovienski/predictor-ops/milestones{/number}","notifications_url":"https://api.github.com/repos/leonardosovienski/predictor-ops/notifications{?since,all,participating}","labels_url":"https://api.github.com/repos/leonardosovienski/predictor-ops/labels{/name}","releases_url":"https://api.github.com/repos/leonardosovienski/predictor-ops/releases{/id}","deployments_url":"https://api.github.com/repos/leonardosovienski/predictor-ops/deployments"}},{"id":35936256768,"name":"Push on main","node_id":"WFR_kwLOTdWj1c8AAAAIXffDAA","head_branch":"main","head_sha":"31d393973e27a34292e86df054fb5ea7e206570f","path":"dynamic/github-code-scanning/codeql","display_title":"Push on main","run_number":47,"event":"dynamic","status":"completed","conclusion":"success","workflow_id":328752408,"check_suite_id":97311715049,"check_suite_node_id":"CS_kwDOTdWj1c8AAAAWqDru6Q","url":"https://api.github.com/repos/leonardosovienski/predictor-ops/actions/runs/35936256768","html_url":"https://github.com/leonardosovienski/predictor-ops/actions/runs/35936256768","pull_requests":[],"created_at":"2026-09-23T23:59:15Z","updated_at":"2026-09-24T00:00:03Z","actor":{"login":"leonardosovienski","id":86319239,"node_id":"MDQ6VXNlcjg2MzE5MjM5","avatar_url":"https://avatars.githubusercontent.com/u/86319239?v=4","gravatar_id":"","url":"https://api.github.com/users/leonardosovienski","html_url":"https://github.com/leonardosovienski","followers_url":"https://api.github.com/users/leonardosovienski/followers","following_url":"https://api.github.com/users/leonardosovienski/following{/other_user}","gists_url":"https://api.github.com/users/leonardosovienski/gists{/gist_id}","starred_url":"https://api.github.com/users/leonardosovienski/starred{/owner}{/repo}","subscriptions_url":"https://api.github.com/users/leonardosovienski/subscriptions","organizations_url":"https://api.github.com/users/leonardosovienski/orgs","repos_url":"https://api.github.com/users/leonardosovienski/repos","events_url":"https://api.github.com/users/leonardosovienski/events{/privacy}","received_events_url":"https://api.github.com/users/leonardosovienski/received_events","type":"User","user_view_type":"public","site_admin":false},"run_attempt":1,"referenced_workflows":[],"run_started_at":"2026-09-23T23:59:15Z","triggering_actor":{"login":"leonardosovienski","id":86319239,"node_id":"MDQ6VXNlcjg2MzE5MjM5","avatar_url":"https://avatars.githubusercontent.com/u/86319239?v=4","gravatar_id":"","url":"https://api.github.com/users/leonardosovienski","html_url":"https://github.com/leonardosovienski","followers_url":"https://api.github.com/users/leonardosovienski/followers","following_url":"https://api.github.com/users/leonardosovienski/following{/other_user}","gists_url":"https://api.github.com/users/leonardosovienski/gists{/gist_id}","starred_url":"https://api.github.com/users/leonardosovienski/starred{/owner}{/repo}","subscriptions_url":"https://api.github.com/users/leonardosovienski/subscriptions","organizations_url":"https://api.github.com/users/leonardosovienski/orgs","repos_url":"https://api.github.com/users/leonardosovienski/repos","events_url":"https://api.github.com/users/leonardosovienski/events{/privacy}","received_events_url":"https://api.github.com/users/leonardosovienski/received_events","type":"User","user_view_type":"public","site_admin":false},"jobs_url":"https://api.github.com/repos/leonardosovienski/predictor-ops/actions/runs/35936256768/jobs","logs_url":"https://api.github.com/repos/leonardosovienski/predictor-ops/actions/runs/35936256768/logs","check_suite_url":"https://api.github.com/repos/leonardosovienski/predictor-ops/check-suites/97311715049","artifacts_url":"https://api.github.com/repos/leonardosovienski/predictor-ops/actions/runs/35936256768/artifacts","cancel_url":"https://api.github.com/repos/leonardosovienski/predictor-ops/actions/runs/35936256768/cancel","rerun_url":"https://api.github.com/repos/leonardosovienski/predictor-ops/actions/runs/35936256768/rerun","previous_attempt_url":null,"workflow_url":"https://api.github.com/repos/leonardosovienski/predictor-ops/actions/workflows/328752408","head_commit":{"id":"31d393973e27a34292e86df054fb5ea7e206570f","tree_id":"29387d58403799556b93180773dbca506330fed8","message":"fix(runtime): lock guard não derruba o processo perdedor no Windows (SHARED-005) (#26)\n\nDois processos disputando o lock de um job novo: o primeiro inicializa\n.mutation.guard e trava o byte 0; o segundo escrevia o byte inicial com\nescrita bufferizada sobre o byte travado. No Windows o lock é obrigatório, e o\nPermissionError escapava de LocalBackend.acquire e de run_job. Agora a guarda é\ninicializada por um descritor sem buffer, e a escrita recusada espera no laço\nde lock.\n\n- teste determinístico: test_empty_guard_locked_by_another_process_waits_instead_of_crashing\n  (falha antes da correção, passa depois; corrida real 50/50 no Windows)\n- versão 4.2.2rc1; o contrato de versão do CHANGELOG aceita pré-releases PEP 440\n\nAutorizado pelo dono (missão crypto, SHARED-005).\n\nCo-authored-by: Claude Opus 5.5 (1M context) <noreply@anthropic.com>","timestamp":"2026-09-23T23:59:13Z","author":{"name":"Leonardo Sanches Sovienski","email":"86319239+leonardosovienski@users.noreply.github.com"},"committer":{"name":"GitHub","email":"noreply@github.com"}},"repository":{"id":1305846741,"node_id":"R_kgDOTdWj1Q","name":"predictor-ops","full_name":"leonardosovienski/predictor-ops","private":false,"owner":{"login":"leonardosovienski","id":86319239,"node_id":"MDQ6VXNlcjg2MzE5MjM5","avatar_url":"https://avatars.githubusercontent.com/u/86319239?v=4","gravatar_id":"","url":"https://api.github.com/users/leonardosovienski","html_url":"https://github.com/leonardosovienski","followers_url":"https://api.github.com/users/leonardosovienski/followers","following_url":"https://api.github.com/users/leonardosovienski/following{/other_user}","gists_url":"https://api.github.com/users/leonardosovienski/gists{/gist_id}","starred_url":"https://api.github.com/users/leonardosovienski/starred{/owner}{/repo}","subscriptions_url":"https://api.github.com/users/leonardosovienski/subscriptions","organizations_url":"https://api.github.com/users/leonardosovienski/orgs","repos_url":"https://api.github.com/users/leonardosovienski/repos","events_url":"https://api.github.com/users/leonardosovienski/events{/privacy}","received_events_url":"https://api.github.com/users/leonardosovienski/received_events","type":"User","user_view_type":"public","site_admin":false},"html_url":"https://github.com/leonardosovienski/predictor-ops","description":null,"fork":false,"url":"https://api.github.com/repos/leonardosovienski/predictor-ops","forks_url":"https://api.github.com/repos/leonardosovienski/predictor-ops/forks","keys_url":"https://api.github.com/repos/leonardosovienski/predictor-ops/keys{/key_id}","collaborators_url":"https://api.github.com/repos/leonardosovienski/predictor-ops/collaborators{/collaborator}","teams_url":"https://api.github.com/repos/leonardosovienski/predictor-ops/teams","hooks_url":"https://api.github.com/repos/leonardosovienski/predictor-ops/hooks","issue_events_url":"https://api.github.com/repos/leonardosovienski/predictor-ops/issues/events{/number}","events_url":"https://api.github.com/repos/leonardosovienski/predictor-ops/events","assignees_url":"https://api.github.com/repos/leonardosovienski/predictor-ops/assignees{/user}","branches_url":"https://api.github.com/repos/leonardosovienski/predictor-ops/branches{/branch}","tags_url":"https://api.github.com/repos/leonardosovienski/predictor-ops/tags","blobs_url":"https://api.github.com/repos/leonardosovienski/predictor-ops/git/blobs{/sha}","git_tags_url":"https://api.github.com/repos/leonardosovienski/predictor-ops/git/tags{/sha}","git_refs_url":"https://api.github.com/repos/leonardosovienski/predictor-ops/git/refs{/sha}","trees_url":"https://api.github.com/repos/leonardosovienski/predictor-ops/git/trees{/sha}","statuses_url":"https://api.github.com/repos/leonardosovienski/predictor-ops/statuses/{sha}","languages_url":"https://api.github.com/repos/leonardosovienski/predictor-ops/languages","stargazers_url":"https://api.github.com/repos/leonardosovienski/predictor-ops/stargazers","contributors_url":"https://api.github.com/repos/leonardosovienski/predictor-ops/contributors","subscribers_url":"https://api.github.com/repos/leonardosovienski/predictor-ops/subscribers","subscription_url":"https://api.github.com/repos/leonardosovienski/predictor-ops/subscription","commits_url":"https://api.github.com/repos/leonardosovienski/predictor-ops/commits{/sha}","git_commits_url":"https://api.github.com/repos/leonardosovienski/predictor-ops/git/commits{/sha}","comments_url":"https://api.github.com/repos/leonardosovienski/predictor-ops/comments{/number}","issue_comment_url":"https://api.github.com/repos/leonardosovienski/predictor-ops/issues/comments{/number}","contents_url":"https://api.github.com/repos/leonardosovienski/predictor-ops/contents/{+path}","compare_url":"https://api.github.com/repos/leonardosovienski/predictor-ops/compare/{base}...{head}","merges_url":"https://api.github.com/repos/leonardosovienski/predictor-ops/merges","archive_url":"https://api.github.com/repos/leonardosovienski/predictor-ops/{archive_format}{/ref}","downloads_url":"https://api.github.com/repos/leonardosovienski/predictor-ops/downloads","issues_url":"https://api.github.com/repos/leonardosovienski/predictor-ops/issues{/number}","pulls_url":"https://api.github.com/repos/leonardosovienski/predictor-ops/pulls{/number}","milestones_url":"https://api.github.com/repos/leonardosovienski/predictor-ops/milestones{/number}","notifications_url":"https://api.github.com/repos/leonardosovienski/predictor-ops/notifications{?since,all,participating}","labels_url":"https://api.github.com/repos/leonardosovienski/predictor-ops/labels{/name}","releases_url":"https://api.github.com/repos/leonardosovienski/predictor-ops/releases{/id}","deployments_url":"https://api.github.com/repos/leonardosovienski/predictor-ops/deployments"},"head_repository":{"id":1305846741,"node_id":"R_kgDOTdWj1Q","name":"predictor-ops","full_name":"leonardosovienski/predictor-ops","private":false,"owner":{"login":"leonardosovienski","id":86319239,"node_id":"MDQ6VXNlcjg2MzE5MjM5","avatar_url":"https://avatars.githubusercontent.com/u/86319239?v=4","gravatar_id":"","url":"https://api.github.com/users/leonardosovienski","html_url":"https://github.com/leonardosovienski","followers_url":"https://api.github.com/users/leonardosovienski/followers","following_url":"https://api.github.com/users/leonardosovienski/following{/other_user}","gists_url":"https://api.github.com/users/leonardosovienski/gists{/gist_id}","starred_url":"https://api.github.com/users/leonardosovienski/starred{/owner}{/repo}","subscriptions_url":"https://api.github.com/users/leonardosovienski/subscriptions","organizations_url":"https://api.github.com/users/leonardosovienski/orgs","repos_url":"https://api.github.com/users/leonardosovienski/repos","events_url":"https://api.github.com/users/leonardosovienski/events{/privacy}","received_events_url":"https://api.github.com/users/leonardosovienski/received_events","type":"User","user_view_type":"public","site_admin":false},"html_url":"https://github.com/leonardosovienski/predictor-ops","description":null,"fork":false,"url":"https://api.github.com/repos/leonardosovienski/predictor-ops","forks_url":"https://api.github.com/repos/leonardosovienski/predictor-ops/forks","keys_url":"https://api.github.com/repos/leonardosovienski/predictor-ops/keys{/key_id}","collaborators_url":"https://api.github.com/repos/leonardosovienski/predictor-ops/collaborators{/collaborator}","teams_url":"https://api.github.com/repos/leonardosovienski/predictor-ops/teams","hooks_url":"https://api.github.com/repos/leonardosovienski/predictor-ops/hooks","issue_events_url":"https://api.github.com/repos/leonardosovienski/predictor-ops/issues/events{/number}","events_url":"https://api.github.com/repos/leonardosovienski/predictor-ops/events","assignees_url":"https://api.github.com/repos/leonardosovienski/predictor-ops/assignees{/user}","branches_url":"https://api.github.com/repos/leonardosovienski/predictor-ops/branches{/branch}","tags_url":"https://api.github.com/repos/leonardosovienski/predictor-ops/tags","blobs_url":"https://api.github.com/repos/leonardosovienski/predictor-ops/git/blobs{/sha}","git_tags_url":"https://api.github.com/repos/leonardosovienski/predictor-ops/git/tags{/sha}","git_refs_url":"https://api.github.com/repos/leonardosovienski/predictor-ops/git/refs{/sha}","trees_url":"https://api.github.com/repos/leonardosovienski/predictor-ops/git/trees{/sha}","statuses_url":"https://api.github.com/repos/leonardosovienski/predictor-ops/statuses/{sha}","languages_url":"https://api.github.com/repos/leonardosovienski/predictor-ops/languages","stargazers_url":"https://api.github.com/repos/leonardosovienski/predictor-ops/stargazers","contributors_url":"https://api.github.com/repos/leonardosovienski/predictor-ops/contributors","subscribers_url":"https://api.github.com/repos/leonardosovienski/predictor-ops/subscribers","subscription_url":"https://api.github.com/repos/leonardosovienski/predictor-ops/subscription","commits_url":"https://api.github.com/repos/leonardosovienski/predictor-ops/commits{/sha}","git_commits_url":"https://api.github.com/repos/leonardosovienski/predictor-ops/git/commits{/sha}","comments_url":"https://api.github.com/repos/leonardosovienski/predictor-ops/comments{/number}","issue_comment_url":"https://api.github.com/repos/leonardosovienski/predictor-ops/issues/comments{/number}","contents_url":"https://api.github.com/repos/leonardosovienski/predictor-ops/contents/{+path}","compare_url":"https://api.github.com/repos/leonardosovienski/predictor-ops/compare/{base}...{head}","merges_url":"https://api.github.com/repos/leonardosovienski/predictor-ops/merges","archive_url":"https://api.github.com/repos/leonardosovienski/predictor-ops/{archive_format}{/ref}","downloads_url":"https://api.github.com/repos/leonardosovienski/predictor-ops/downloads","issues_url":"https://api.github.com/repos/leonardosovienski/predictor-ops/issues{/number}","pulls_url":"https://api.github.com/repos/leonardosovienski/predictor-ops/pulls{/number}","milestones_url":"https://api.github.com/repos/leonardosovienski/predictor-ops/milestones{/number}","notifications_url":"https://api.github.com/repos/leonardosovienski/predictor-ops/notifications{?since,all,participating}","labels_url":"https://api.github.com/repos/leonardosovienski/predictor-ops/labels{/name}","releases_url":"https://api.github.com/repos/leonardosovienski/predictor-ops/releases{/id}","deployments_url":"https://api.github.com/repos/leonardosovienski/predictor-ops/deployments"}}]}
$ (cwd=None) gh api repos/leonardosovienski/predictor-ops/releases?per_page=100
[exit 0]
[{"url":"https://api.github.com/repos/leonardosovienski/predictor-ops/releases/394963487","assets_url":"https://api.github.com/repos/leonardosovienski/predictor-ops/releases/394963487/assets","upload_url":"https://uploads.github.com/repos/leonardosovienski/predictor-ops/releases/394963487/assets{?name,label}","html_url":"https://github.com/leonardosovienski/predictor-ops/releases/tag/v4.2.2rc1","id":394963487,"author":{"login":"leonardosovienski","id":86319239,"node_id":"MDQ6VXNlcjg2MzE5MjM5","avatar_url":"https://avatars.githubusercontent.com/u/86319239?v=4","gravatar_id":"","url":"https://api.github.com/users/leonardosovienski","html_url":"https://github.com/leonardosovienski","followers_url":"https://api.github.com/users/leonardosovienski/followers","following_url":"https://api.github.com/users/leonardosovienski/following{/other_user}","gists_url":"https://api.github.com/users/leonardosovienski/gists{/gist_id}","starred_url":"https://api.github.com/users/leonardosovienski/starred{/owner}{/repo}","subscriptions_url":"https://api.github.com/users/leonardosovienski/subscriptions","organizations_url":"https://api.github.com/users/leonardosovienski/orgs","repos_url":"https://api.github.com/users/leonardosovienski/repos","events_url":"https://api.github.com/users/leonardosovienski/events{/privacy}","received_events_url":"https://api.github.com/users/leonardosovienski/received_events","type":"User","user_view_type":"public","site_admin":false},"node_id":"RE_kwDOTdWj1c4Xiqof","tag_name":"v4.2.2rc1","target_commitish":"9831b0d5e727972b1d85ff48be14ffa58677898b","name":"predictor-ops 4.2.2rc1 (SHARED-005)","draft":false,"immutable":false,"prerelease":true,"created_at":"2026-09-23T18:51:36Z","updated_at":"2026-09-23T18:55:08Z","published_at":"2026-09-23T18:54:13Z","assets":[{"url":"https://api.github.com/repos/leonardosovienski/predictor-ops/releases/assets/584402824","id":584402824,"node_id":"RA_kwDOTdWj1c4i1UeI","name":"predictor_ops-4.2.2rc1-py3-none-any.whl","label":"","uploader":{"login":"github-actions[bot]","id":41898282,"node_id":"MDM6Qm90NDE4OTgyODI=","avatar_url":"https://avatars.githubusercontent.com/in/15368?v=4","gravatar_id":"","url":"https://api.github.com/users/github-actions%5Bbot%5D","html_url":"https://github.com/apps/github-actions","followers_url":"https://api.github.com/users/github-actions%5Bbot%5D/followers","following_url":"https://api.github.com/users/github-actions%5Bbot%5D/following{/other_user}","gists_url":"https://api.github.com/users/github-actions%5Bbot%5D/gists{/gist_id}","starred_url":"https://api.github.com/users/github-actions%5Bbot%5D/starred{/owner}{/repo}","subscriptions_url":"https://api.github.com/users/github-actions%5Bbot%5D/subscriptions","organizations_url":"https://api.github.com/users/github-actions%5Bbot%5D/orgs","repos_url":"https://api.github.com/users/github-actions%5Bbot%5D/repos","events_url":"https://api.github.com/users/github-actions%5Bbot%5D/events{/privacy}","received_events_url":"https://api.github.com/users/github-actions%5Bbot%5D/received_events","type":"Bot","user_view_type":"public","site_admin":false},"content_type":"application/octet-stream","state":"uploaded","size":26409,"digest":"sha256:0be70bfbb2437dfb080baceb9af41043a09d03b15a358903b8bd7007f5f169b3","download_count":47,"created_at":"2026-09-23T18:55:08Z","updated_at":"2026-09-23T18:55:08Z","browser_download_url":"https://github.com/leonardosovienski/predictor-ops/releases/download/v4.2.2rc1/predictor_ops-4.2.2rc1-py3-none-any.whl"},{"url":"https://api.github.com/repos/leonardosovienski/predictor-ops/releases/assets/584402826","id":584402826,"node_id":"RA_kwDOTdWj1c4i1UeK","name":"predictor_ops-4.2.2rc1.tar.gz","label":"","uploader":{"login":"github-actions[bot]","id":41898282,"node_id":"MDM6Qm90NDE4OTgyODI=","avatar_url":"https://avatars.githubusercontent.com/in/15368?v=4","gravatar_id":"","url":"https://api.github.com/users/github-actions%5Bbot%5D","html_url":"https://github.com/apps/github-actions","followers_url":"https://api.github.com/users/github-actions%5Bbot%5D/followers","following_url":"https://api.github.com/users/github-actions%5Bbot%5D/following{/other_user}","gists_url":"https://api.github.com/users/github-actions%5Bbot%5D/gists{/gist_id}","starred_url":"https://api.github.com/users/github-actions%5Bbot%5D/starred{/owner}{/repo}","subscriptions_url":"https://api.github.com/users/github-actions%5Bbot%5D/subscriptions","organizations_url":"https://api.github.com/users/github-actions%5Bbot%5D/orgs","repos_url":"https://api.github.com/users/github-actions%5Bbot%5D/repos","events_url":"https://api.github.com/users/github-actions%5Bbot%5D/events{/privacy}","received_events_url":"https://api.github.com/users/github-actions%5Bbot%5D/received_events","type":"Bot","user_view_type":"public","site_admin":false},"content_type":"application/x-gtar","state":"uploaded","size":140078,"digest":"sha256:4826eea2b7b4f6e88753f3099736c05a3cc515cf4065919a16910cd32c9bde67","download_count":0,"created_at":"2026-09-23T18:55:08Z","updated_at":"2026-09-23T18:55:08Z","browser_download_url":"https://github.com/leonardosovienski/predictor-ops/releases/download/v4.2.2rc1/predictor_ops-4.2.2rc1.tar.gz"}],"tarball_url":"https://api.github.com/repos/leonardosovienski/predictor-ops/tarball/v4.2.2rc1","zipball_url":"https://api.github.com/repos/leonardosovienski/predictor-ops/zipball/v4.2.2rc1","body":"Pré-release de qualificação (missão crypto, D-17). Corrige a SHARED-005: no Windows, o lock local não derruba mais o processo que perde a disputa por um job novo.\n\n- commit: 9831b0d5e727972b1d85ff48be14ffa58677898b (PR #26)\n- build reprodutível: git archive + SOURCE_DATE_EPOCH=1758240000, 2 builds idênticos\n- predictor_ops-4.2.2rc1-py3-none-any.whl sha256 82d4a33933841e2217d09a2af452f6c195bba204af6b5fa1182cecea421ec233\n- predictor_ops-4.2.2rc1.tar.gz sha256 729ec7feb66d01202d0d94ef43de31870bd508b535b3f0b32d837f4ea39dceb6"},{"url":"https://api.github.com/repos/leonardosovienski/predictor-ops/releases/387770942","assets_url":"https://api.github.com/repos/leonardosovienski/predictor-ops/releases/387770942/assets","upload_url":"https://uploads.github.com/repos/leonardosovienski/predictor-ops/releases/387770942/assets{?name,label}","html_url":"https://github.com/leonardosovienski/predictor-ops/releases/tag/v4.2.1","id":387770942,"author":{"login":"github-actions[bot]","id":41898282,"node_id":"MDM6Qm90NDE4OTgyODI=","avatar_url":"https://avatars.githubusercontent.com/in/15368?v=4","gravatar_id":"","url":"https://api.github.com/users/github-actions%5Bbot%5D","html_url":"https://github.com/apps/github-actions","followers_url":"https://api.github.com/users/github-actions%5Bbot%5D/followers","following_url":"https://api.github.com/users/github-actions%5Bbot%5D/following{/other_user}","gists_url":"https://api.github.com/users/github-actions%5Bbot%5D/gists{/gist_id}","starred_url":"https://api.github.com/users/github-actions%5Bbot%5D/starred{/owner}{/repo}","subscriptions_url":"https://api.github.com/users/github-actions%5Bbot%5D/subscriptions","organizations_url":"https://api.github.com/users/github-actions%5Bbot%5D/orgs","repos_url":"https://api.github.com/users/github-actions%5Bbot%5D/repos","events_url":"https://api.github.com/users/github-actions%5Bbot%5D/events{/privacy}","received_events_url":"https://api.github.com/users/github-actions%5Bbot%5D/received_events","type":"Bot","user_view_type":"public","site_admin":false},"node_id":"RE_kwDOTdWj1c4XHOo-","tag_name":"v4.2.1","target_commitish":"main","name":"v4.2.1","draft":false,"immutable":false,"prerelease":false,"created_at":"2026-09-13T02:34:02Z","updated_at":"2026-09-13T02:34:52Z","published_at":"2026-09-13T02:34:52Z","assets":[{"url":"https://api.github.com/repos/leonardosovienski/predictor-ops/releases/assets/560404827","id":560404827,"node_id":"RA_kwDOTdWj1c4hZxlb","name":"predictor_ops-4.2.1-py3-none-any.whl","label":"","uploader":{"login":"github-actions[bot]","id":41898282,"node_id":"MDM6Qm90NDE4OTgyODI=","avatar_url":"https://avatars.githubusercontent.com/in/15368?v=4","gravatar_id":"","url":"https://api.github.com/users/github-actions%5Bbot%5D","html_url":"https://github.com/apps/github-actions","followers_url":"https://api.github.com/users/github-actions%5Bbot%5D/followers","following_url":"https://api.github.com/users/github-actions%5Bbot%5D/following{/other_user}","gists_url":"https://api.github.com/users/github-actions%5Bbot%5D/gists{/gist_id}","starred_url":"https://api.github.com/users/github-actions%5Bbot%5D/starred{/owner}{/repo}","subscriptions_url":"https://api.github.com/users/github-actions%5Bbot%5D/subscriptions","organizations_url":"https://api.github.com/users/github-actions%5Bbot%5D/orgs","repos_url":"https://api.github.com/users/github-actions%5Bbot%5D/repos","events_url":"https://api.github.com/users/github-actions%5Bbot%5D/events{/privacy}","received_events_url":"https://api.github.com/users/github-actions%5Bbot%5D/received_events","type":"Bot","user_view_type":"public","site_admin":false},"content_type":"application/octet-stream","state":"uploaded","size":26093,"digest":"sha256:da4fa540703879669caba919521ec7d3c33734b5d57781122823df8817346f0e","download_count":671,"created_at":"2026-09-13T02:34:51Z","updated_at":"2026-09-13T02:34:51Z","browser_download_url":"https://github.com/leonardosovienski/predictor-ops/releases/download/v4.2.1/predictor_ops-4.2.1-py3-none-any.whl"},{"url":"https://api.github.com/repos/leonardosovienski/predictor-ops/releases/assets/560404828","id":560404828,"node_id":"RA_kwDOTdWj1c4hZxlc","name":"predictor_ops-4.2.1.tar.gz","label":"","uploader":{"login":"github-actions[bot]","id":41898282,"node_id":"MDM6Qm90NDE4OTgyODI=","avatar_url":"https://avatars.githubusercontent.com/in/15368?v=4","gravatar_id":"","url":"https://api.github.com/users/github-actions%5Bbot%5D","html_url":"https://github.com/apps/github-actions","followers_url":"https://api.github.com/users/github-actions%5Bbot%5D/followers","following_url":"https://api.github.com/users/github-actions%5Bbot%5D/following{/other_user}","gists_url":"https://api.github.com/users/github-actions%5Bbot%5D/gists{/gist_id}","starred_url":"https://api.github.com/users/github-actions%5Bbot%5D/starred{/owner}{/repo}","subscriptions_url":"https://api.github.com/users/github-actions%5Bbot%5D/subscriptions","organizations_url":"https://api.github.com/users/github-actions%5Bbot%5D/orgs","repos_url":"https://api.github.com/users/github-actions%5Bbot%5D/repos","events_url":"https://api.github.com/users/github-actions%5Bbot%5D/events{/privacy}","received_events_url":"https://api.github.com/users/github-actions%5Bbot%5D/received_events","type":"Bot","user_view_type":"public","site_admin":false},"content_type":"application/x-gtar","state":"uploaded","size":126358,"digest":"sha256:a9e5652c1b3177403f8302567c1e11dfe9db76220d70a027b11789c30fe254a5","download_count":1,"created_at":"2026-09-13T02:34:51Z","updated_at":"2026-09-13T02:34:51Z","browser_download_url":"https://github.com/leonardosovienski/predictor-ops/releases/download/v4.2.1/predictor_ops-4.2.1.tar.gz"}],"tarball_url":"https://api.github.com/repos/leonardosovienski/predictor-ops/tarball/v4.2.1","zipball_url":"https://api.github.com/repos/leonardosovienski/predictor-ops/zipball/v4.2.1","body":"## What's Changed\n* Stabilize locks, bounded capture and owned process cleanup by @leonardosovienski in https://github.com/leonardosovienski/predictor-ops/pull/23\n\n\n**Full Changelog**: https://github.com/leonardosovienski/predictor-ops/compare/v4.2.0...v4.2.1","mentions_count":1},{"url":"https://api.github.com/repos/leonardosovienski/predictor-ops/releases/387219029","assets_url":"https://api.github.com/repos/leonardosovienski/predictor-ops/releases/387219029/assets","upload_url":"https://uploads.github.com/repos/leonardosovienski/predictor-ops/releases/387219029/assets{?name,label}","html_url":"https://github.com/leonardosovienski/predictor-ops/releases/tag/v4.2.0","id":387219029,"author":{"login":"github-actions[bot]","id":41898282,"node_id":"MDM6Qm90NDE4OTgyODI=","avatar_url":"https://avatars.githubusercontent.com/in/15368?v=4","gravatar_id":"","url":"https://api.github.com/users/github-actions%5Bbot%5D","html_url":"https://github.com/apps/github-actions","followers_url":"https://api.github.com/users/github-actions%5Bbot%5D/followers","following_url":"https://api.github.com/users/github-actions%5Bbot%5D/following{/other_user}","gists_url":"https://api.github.com/users/github-actions%5Bbot%5D/gists{/gist_id}","starred_url":"https://api.github.com/users/github-actions%5Bbot%5D/starred{/owner}{/repo}","subscriptions_url":"https://api.github.com/users/github-actions%5Bbot%5D/subscriptions","organizations_url":"https://api.github.com/users/github-actions%5Bbot%5D/orgs","repos_url":"https://api.github.com/users/github-actions%5Bbot%5D/repos","events_url":"https://api.github.com/users/github-actions%5Bbot%5D/events{/privacy}","received_events_url":"https://api.github.com/users/github-actions%5Bbot%5D/received_events","type":"Bot","user_view_type":"public","site_admin":false},"node_id":"RE_kwDOTdWj1c4XFH5V","tag_name":"v4.2.0","target_commitish":"main","name":"v4.2.0","draft":false,"immutable":false,"prerelease":false,"created_at":"2026-09-11T17:18:36Z","updated_at":"2026-09-11T17:26:12Z","published_at":"2026-09-11T17:26:12Z","assets":[{"url":"https://api.github.com/repos/leonardosovienski/predictor-ops/releases/assets/557685428","id":557685428,"node_id":"RA_kwDOTdWj1c4hPZq0","name":"predictor_ops-4.2.0-py3-none-any.whl","label":"","uploader":{"login":"github-actions[bot]","id":41898282,"node_id":"MDM6Qm90NDE4OTgyODI=","avatar_url":"https://avatars.githubusercontent.com/in/15368?v=4","gravatar_id":"","url":"https://api.github.com/users/github-actions%5Bbot%5D","html_url":"https://github.com/apps/github-actions","followers_url":"https://api.github.com/users/github-actions%5Bbot%5D/followers","following_url":"https://api.github.com/users/github-actions%5Bbot%5D/following{/other_user}","gists_url":"https://api.github.com/users/github-actions%5Bbot%5D/gists{/gist_id}","starred_url":"https://api.github.com/users/github-actions%5Bbot%5D/starred{/owner}{/repo}","subscriptions_url":"https://api.github.com/users/github-actions%5Bbot%5D/subscriptions","organizations_url":"https://api.github.com/users/github-actions%5Bbot%5D/orgs","repos_url":"https://api.github.com/users/github-actions%5Bbot%5D/repos","events_url":"https://api.github.com/users/github-actions%5Bbot%5D/events{/privacy}","received_events_url":"https://api.github.com/users/github-actions%5Bbot%5D/received_events","type":"Bot","user_view_type":"public","site_admin":false},"content_type":"application/octet-stream","state":"uploaded","size":23452,"digest":"sha256:a6108ee1c6fe9c14752766a435109f9b6bcf98102ee178330512efbcac984000","download_count":218,"created_at":"2026-09-11T17:26:11Z","updated_at":"2026-09-11T17:26:11Z","browser_download_url":"https://github.com/leonardosovienski/predictor-ops/releases/download/v4.2.0/predictor_ops-4.2.0-py3-none-any.whl"},{"url":"https://api.github.com/repos/leonardosovienski/predictor-ops/releases/assets/557685429","id":557685429,"node_id":"RA_kwDOTdWj1c4hPZq1","name":"predictor_ops-4.2.0.tar.gz","label":"","uploader":{"login":"github-actions[bot]","id":41898282,"node_id":"MDM6Qm90NDE4OTgyODI=","avatar_url":"https://avatars.githubusercontent.com/in/15368?v=4","gravatar_id":"","url":"https://api.github.com/users/github-actions%5Bbot%5D","html_url":"https://github.com/apps/github-actions","followers_url":"https://api.github.com/users/github-actions%5Bbot%5D/followers","following_url":"https://api.github.com/users/github-actions%5Bbot%5D/following{/other_user}","gists_url":"https://api.github.com/users/github-actions%5Bbot%5D/gists{/gist_id}","starred_url":"https://api.github.com/users/github-actions%5Bbot%5D/starred{/owner}{/repo}","subscriptions_url":"https://api.github.com/users/github-actions%5Bbot%5D/subscriptions","organizations_url":"https://api.github.com/users/github-actions%5Bbot%5D/orgs","repos_url":"https://api.github.com/users/github-actions%5Bbot%5D/repos","events_url":"https://api.github.com/users/github-actions%5Bbot%5D/events{/privacy}","received_events_url":"https://api.github.com/users/github-actions%5Bbot%5D/received_events","type":"Bot","user_view_type":"public","site_admin":false},"content_type":"application/x-gtar","state":"uploaded","size":103715,"digest":"sha256:12a8ef12c9b8d27f2813c19c21644244eb6d1f4549243531d020f4a37400096a","download_count":0,"created_at":"2026-09-11T17:26:11Z","updated_at":"2026-09-11T17:26:11Z","browser_download_url":"https://github.com/leonardosovienski/predictor-ops/releases/download/v4.2.0/predictor_ops-4.2.0.tar.gz"}],"tarball_url":"https://api.github.com/repos/leonardosovienski/predictor-ops/tarball/v4.2.0","zipball_url":"https://api.github.com/repos/leonardosovienski/predictor-ops/zipball/v4.2.0","body":"## What's Changed\n* docs: README e HANDOFF ainda anunciavam 4.0.0; matriz de migração marcada como plano by @leonardosovienski in https://github.com/leonardosovienski/predictor-ops/pull/19\n* docs: o cripto já subiu para 4.1.0 — README desatualizou no mesmo dia by @leonardosovienski in https://github.com/leonardosovienski/predictor-ops/pull/20\n* docker(deps): bump python from `05b2b8b` to `c6ead21` by @dependabot[bot] in https://github.com/leonardosovienski/predictor-ops/pull/21\n* Require measured execution risk and serialize lease ownership by @leonardosovienski in https://github.com/leonardosovienski/predictor-ops/pull/22\n\n\n**Full Changelog**: https://github.com/leonardosovienski/predictor-ops/compare/v4.1.0...v4.2.0","mentions_count":2},{"url":"https://api.github.com/repos/leonardosovienski/predictor-ops/releases/383382848","assets_url":"https://api.github.com/repos/leonardosovienski/predictor-ops/releases/383382848/assets","upload_url":"https://uploads.github.com/repos/leonardosovienski/predictor-ops/releases/383382848/assets{?name,label}","html_url":"https://github.com/leonardosovienski/predictor-ops/releases/tag/v4.1.0","id":383382848,"author":{"login":"leonardosovienski","id":86319239,"node_id":"MDQ6VXNlcjg2MzE5MjM5","avatar_url":"https://avatars.githubusercontent.com/u/86319239?v=4","gravatar_id":"","url":"https://api.github.com/users/leonardosovienski","html_url":"https://github.com/leonardosovienski","followers_url":"https://api.github.com/users/leonardosovienski/followers","following_url":"https://api.github.com/users/leonardosovienski/following{/other_user}","gists_url":"https://api.github.com/users/leonardosovienski/gists{/gist_id}","starred_url":"https://api.github.com/users/leonardosovienski/starred{/owner}{/repo}","subscriptions_url":"https://api.github.com/users/leonardosovienski/subscriptions","organizations_url":"https://api.github.com/users/leonardosovienski/orgs","repos_url":"https://api.github.com/users/leonardosovienski/repos","events_url":"https://api.github.com/users/leonardosovienski/events{/privacy}","received_events_url":"https://api.github.com/users/leonardosovienski/received_events","type":"User","user_view_type":"public","site_admin":false},"node_id":"RE_kwDOTdWj1c4W2fVA","tag_name":"v4.1.0","target_commitish":"main","name":"v4.1.0","draft":false,"immutable":false,"prerelease":false,"created_at":"2026-09-05T00:36:44Z","updated_at":"2026-09-05T21:43:58Z","published_at":"2026-09-05T21:43:10Z","assets":[{"url":"https://api.github.com/repos/leonardosovienski/predictor-ops/releases/assets/546346485","id":546346485,"node_id":"RA_kwDOTdWj1c4gkJX1","name":"predictor_ops-4.1.0-py3-none-any.whl","label":"","uploader":{"login":"github-actions[bot]","id":41898282,"node_id":"MDM6Qm90NDE4OTgyODI=","avatar_url":"https://avatars.githubusercontent.com/in/15368?v=4","gravatar_id":"","url":"https://api.github.com/users/github-actions%5Bbot%5D","html_url":"https://github.com/apps/github-actions","followers_url":"https://api.github.com/users/github-actions%5Bbot%5D/followers","following_url":"https://api.github.com/users/github-actions%5Bbot%5D/following{/other_user}","gists_url":"https://api.github.com/users/github-actions%5Bbot%5D/gists{/gist_id}","starred_url":"https://api.github.com/users/github-actions%5Bbot%5D/starred{/owner}{/repo}","subscriptions_url":"https://api.github.com/users/github-actions%5Bbot%5D/subscriptions","organizations_url":"https://api.github.com/users/github-actions%5Bbot%5D/orgs","repos_url":"https://api.github.com/users/github-actions%5Bbot%5D/repos","events_url":"https://api.github.com/users/github-actions%5Bbot%5D/events{/privacy}","received_events_url":"https://api.github.com/users/github-actions%5Bbot%5D/received_events","type":"Bot","user_view_type":"public","site_admin":false},"content_type":"application/octet-stream","state":"uploaded","size":22391,"digest":"sha256:6d428a4d3d4fbd3f692725bf684024131f0fa65cc11d0e739e9ccb82ba9834e4","download_count":703,"created_at":"2026-09-05T21:43:58Z","updated_at":"2026-09-05T21:43:58Z","browser_download_url":"https://github.com/leonardosovienski/predictor-ops/releases/download/v4.1.0/predictor_ops-4.1.0-py3-none-any.whl"},{"url":"https://api.github.com/repos/leonardosovienski/predictor-ops/releases/assets/546346484","id":546346484,"node_id":"RA_kwDOTdWj1c4gkJX0","name":"predictor_ops-4.1.0.tar.gz","label":"","uploader":{"login":"github-actions[bot]","id":41898282,"node_id":"MDM6Qm90NDE4OTgyODI=","avatar_url":"https://avatars.githubusercontent.com/in/15368?v=4","gravatar_id":"","url":"https://api.github.com/users/github-actions%5Bbot%5D","html_url":"https://github.com/apps/github-actions","followers_url":"https://api.github.com/users/github-actions%5Bbot%5D/followers","following_url":"https://api.github.com/users/github-actions%5Bbot%5D/following{/other_user}","gists_url":"https://api.github.com/users/github-actions%5Bbot%5D/gists{/gist_id}","starred_url":"https://api.github.com/users/github-actions%5Bbot%5D/starred{/owner}{/repo}","subscriptions_url":"https://api.github.com/users/github-actions%5Bbot%5D/subscriptions","organizations_url":"https://api.github.com/users/github-actions%5Bbot%5D/orgs","repos_url":"https://api.github.com/users/github-actions%5Bbot%5D/repos","events_url":"https://api.github.com/users/github-actions%5Bbot%5D/events{/privacy}","received_events_url":"https://api.github.com/users/github-actions%5Bbot%5D/received_events","type":"Bot","user_view_type":"public","site_admin":false},"content_type":"application/x-gtar","state":"uploaded","size":99281,"digest":"sha256:de6a41b4c1eebb238fd53fa30f082084131e216ae9e4a1197bfc532c7cdd9079","download_count":1,"created_at":"2026-09-05T21:43:58Z","updated_at":"2026-09-05T21:43:58Z","browser_download_url":"https://github.com/leonardosovienski/predictor-ops/releases/download/v4.1.0/predictor_ops-4.1.0.tar.gz"}],"tarball_url":"https://api.github.com/repos/leonardosovienski/predictor-ops/tarball/v4.1.0","zipball_url":"https://api.github.com/repos/leonardosovienski/predictor-ops/zipball/v4.1.0","body":""},{"url":"https://api.github.com/repos/leonardosovienski/predictor-ops/releases/380073988","assets_url":"https://api.github.com/repos/leonardosovienski/predictor-ops/releases/380073988/assets","upload_url":"https://uploads.github.com/repos/leonardosovienski/predictor-ops/releases/380073988/assets{?name,label}","html_url":"https://github.com/leonardosovienski/predictor-ops/releases/tag/v4.0.0","id":380073988,"author":{"login":"leonardosovienski","id":86319239,"node_id":"MDQ6VXNlcjg2MzE5MjM5","avatar_url":"https://avatars.githubusercontent.com/u/86319239?v=4","gravatar_id":"","url":"https://api.github.com/users/leonardosovienski","html_url":"https://github.com/leonardosovienski","followers_url":"https://api.github.com/users/leonardosovienski/followers","following_url":"https://api.github.com/users/leonardosovienski/following{/other_user}","gists_url":"https://api.github.com/users/leonardosovienski/gists{/gist_id}","starred_url":"https://api.github.com/users/leonardosovienski/starred{/owner}{/repo}","subscriptions_url":"https://api.github.com/users/leonardosovienski/subscriptions","organizations_url":"https://api.github.com/users/leonardosovienski/orgs","repos_url":"https://api.github.com/users/leonardosovienski/repos","events_url":"https://api.github.com/users/leonardosovienski/events{/privacy}","received_events_url":"https://api.github.com/users/leonardosovienski/received_events","type":"User","user_view_type":"public","site_admin":false},"node_id":"RE_kwDOTdWj1c4Wp3gE","tag_name":"v4.0.0","target_commitish":"main","name":"Predictor Ops 4.0.0","draft":false,"immutable":false,"prerelease":false,"created_at":"2026-08-31T21:50:42Z","updated_at":"2026-08-31T21:54:17Z","published_at":"2026-08-31T21:54:17Z","assets":[{"url":"https://api.github.com/repos/leonardosovienski/predictor-ops/releases/assets/538570611","id":538570611,"node_id":"RA_kwDOTdWj1c4gGe9z","name":"predictor_ops-4.0.0-py3-none-any.whl","label":"","uploader":{"login":"leonardosovienski","id":86319239,"node_id":"MDQ6VXNlcjg2MzE5MjM5","avatar_url":"https://avatars.githubusercontent.com/u/86319239?v=4","gravatar_id":"","url":"https://api.github.com/users/leonardosovienski","html_url":"https://github.com/leonardosovienski","followers_url":"https://api.github.com/users/leonardosovienski/followers","following_url":"https://api.github.com/users/leonardosovienski/following{/other_user}","gists_url":"https://api.github.com/users/leonardosovienski/gists{/gist_id}","starred_url":"https://api.github.com/users/leonardosovienski/starred{/owner}{/repo}","subscriptions_url":"https://api.github.com/users/leonardosovienski/subscriptions","organizations_url":"https://api.github.com/users/leonardosovienski/orgs","repos_url":"https://api.github.com/users/leonardosovienski/repos","events_url":"https://api.github.com/users/leonardosovienski/events{/privacy}","received_events_url":"https://api.github.com/users/leonardosovienski/received_events","type":"User","user_view_type":"public","site_admin":false},"content_type":"application/octet-stream","state":"uploaded","size":22053,"digest":"sha256:a79b895492181c88c428ee8984a38d5f3da0d0105f060f89a061376d5cfe2b2b","download_count":1004,"created_at":"2026-08-31T21:54:14Z","updated_at":"2026-08-31T21:54:14Z","browser_download_url":"https://github.com/leonardosovienski/predictor-ops/releases/download/v4.0.0/predictor_ops-4.0.0-py3-none-any.whl"},{"url":"https://api.github.com/repos/leonardosovienski/predictor-ops/releases/assets/538570610","id":538570610,"node_id":"RA_kwDOTdWj1c4gGe9y","name":"predictor_ops-4.0.0.tar.gz","label":"","uploader":{"login":"leonardosovienski","id":86319239,"node_id":"MDQ6VXNlcjg2MzE5MjM5","avatar_url":"https://avatars.githubusercontent.com/u/86319239?v=4","gravatar_id":"","url":"https://api.github.com/users/leonardosovienski","html_url":"https://github.com/leonardosovienski","followers_url":"https://api.github.com/users/leonardosovienski/followers","following_url":"https://api.github.com/users/leonardosovienski/following{/other_user}","gists_url":"https://api.github.com/users/leonardosovienski/gists{/gist_id}","starred_url":"https://api.github.com/users/leonardosovienski/starred{/owner}{/repo}","subscriptions_url":"https://api.github.com/users/leonardosovienski/subscriptions","organizations_url":"https://api.github.com/users/leonardosovienski/orgs","repos_url":"https://api.github.com/users/leonardosovienski/repos","events_url":"https://api.github.com/users/leonardosovienski/events{/privacy}","received_events_url":"https://api.github.com/users/leonardosovienski/received_events","type":"User","user_view_type":"public","site_admin":false},"content_type":"application/x-gtar","state":"uploaded","size":77250,"digest":"sha256:e43903b15417cbbf2451f585181b3e2f0f185cb73128f0f900c6bdce1f9ad867","download_count":0,"created_at":"2026-08-31T21:54:14Z","updated_at":"2026-08-31T21:54:14Z","browser_download_url":"https://github.com/leonardosovienski/predictor-ops/releases/download/v4.0.0/predictor_ops-4.0.0.tar.gz"}],"tarball_url":"https://api.github.com/repos/leonardosovienski/predictor-ops/tarball/v4.0.0","zipball_url":"https://api.github.com/repos/leonardosovienski/predictor-ops/zipball/v4.0.0","body":"## What's Changed\n* docker(deps): bump python from `a132151` to `05b2b8b` by @dependabot[bot] in https://github.com/leonardosovienski/predictor-ops/pull/14\n* Floor auto-harvested secret length to stop accidental redaction corruption by @leonardosovienski in https://github.com/leonardosovienski/predictor-ops/pull/16\n\n\n**Full Changelog**: https://github.com/leonardosovienski/predictor-ops/compare/v3.1.0...v4.0.0","mentions_count":2},{"url":"https://api.github.com/repos/leonardosovienski/predictor-ops/releases/371754872","assets_url":"https://api.github.com/repos/leonardosovienski/predictor-ops/releases/371754872/assets","upload_url":"https://uploads.github.com/repos/leonardosovienski/predictor-ops/releases/371754872/assets{?name,label}","html_url":"https://github.com/leonardosovienski/predictor-ops/releases/tag/v3.1.0","id":371754872,"author":{"login":"github-actions[bot]","id":41898282,"node_id":"MDM6Qm90NDE4OTgyODI=","avatar_url":"https://avatars.githubusercontent.com/in/15368?v=4","gravatar_id":"","url":"https://api.github.com/users/github-actions%5Bbot%5D","html_url":"https://github.com/apps/github-actions","followers_url":"https://api.github.com/users/github-actions%5Bbot%5D/followers","following_url":"https://api.github.com/users/github-actions%5Bbot%5D/following{/other_user}","gists_url":"https://api.github.com/users/github-actions%5Bbot%5D/gists{/gist_id}","starred_url":"https://api.github.com/users/github-actions%5Bbot%5D/starred{/owner}{/repo}","subscriptions_url":"https://api.github.com/users/github-actions%5Bbot%5D/subscriptions","organizations_url":"https://api.github.com/users/github-actions%5Bbot%5D/orgs","repos_url":"https://api.github.com/users/github-actions%5Bbot%5D/repos","events_url":"https://api.github.com/users/github-actions%5Bbot%5D/events{/privacy}","received_events_url":"https://api.github.com/users/github-actions%5Bbot%5D/received_events","type":"Bot","user_view_type":"public","site_admin":false},"node_id":"RE_kwDOTdWj1c4WKId4","tag_name":"v3.1.0","target_commitish":"main","name":"v3.1.0","draft":false,"immutable":false,"prerelease":false,"created_at":"2026-08-17T12:53:36Z","updated_at":"2026-08-17T12:54:37Z","published_at":"2026-08-17T12:54:37Z","assets":[{"url":"https://api.github.com/repos/leonardosovienski/predictor-ops/releases/assets/518108121","id":518108121,"node_id":"RA_kwDOTdWj1c4e4bPZ","name":"predictor_ops-3.1.0-py3-none-any.whl","label":"","uploader":{"login":"github-actions[bot]","id":41898282,"node_id":"MDM6Qm90NDE4OTgyODI=","avatar_url":"https://avatars.githubusercontent.com/in/15368?v=4","gravatar_id":"","url":"https://api.github.com/users/github-actions%5Bbot%5D","html_url":"https://github.com/apps/github-actions","followers_url":"https://api.github.com/users/github-actions%5Bbot%5D/followers","following_url":"https://api.github.com/users/github-actions%5Bbot%5D/following{/other_user}","gists_url":"https://api.github.com/users/github-actions%5Bbot%5D/gists{/gist_id}","starred_url":"https://api.github.com/users/github-actions%5Bbot%5D/starred{/owner}{/repo}","subscriptions_url":"https://api.github.com/users/github-actions%5Bbot%5D/subscriptions","organizations_url":"https://api.github.com/users/github-actions%5Bbot%5D/orgs","repos_url":"https://api.github.com/users/github-actions%5Bbot%5D/repos","events_url":"https://api.github.com/users/github-actions%5Bbot%5D/events{/privacy}","received_events_url":"https://api.github.com/users/github-actions%5Bbot%5D/received_events","type":"Bot","user_view_type":"public","site_admin":false},"content_type":"application/octet-stream","state":"uploaded","size":26494,"digest":"sha256:490ece696f9173bbaa56c2c53a1ff6e5ffab1a7625fb00ac0a5f896c37081b37","download_count":2423,"created_at":"2026-08-17T12:54:36Z","updated_at":"2026-08-17T12:54:37Z","browser_download_url":"https://github.com/leonardosovienski/predictor-ops/releases/download/v3.1.0/predictor_ops-3.1.0-py3-none-any.whl"},{"url":"https://api.github.com/repos/leonardosovienski/predictor-ops/releases/assets/518108116","id":518108116,"node_id":"RA_kwDOTdWj1c4e4bPU","name":"predictor_ops-3.1.0.tar.gz","label":"","uploader":{"login":"github-actions[bot]","id":41898282,"node_id":"MDM6Qm90NDE4OTgyODI=","avatar_url":"https://avatars.githubusercontent.com/in/15368?v=4","gravatar_id":"","url":"https://api.github.com/users/github-actions%5Bbot%5D","html_url":"https://github.com/apps/github-actions","followers_url":"https://api.github.com/users/github-actions%5Bbot%5D/followers","following_url":"https://api.github.com/users/github-actions%5Bbot%5D/following{/other_user}","gists_url":"https://api.github.com/users/github-actions%5Bbot%5D/gists{/gist_id}","starred_url":"https://api.github.com/users/github-actions%5Bbot%5D/starred{/owner}{/repo}","subscriptions_url":"https://api.github.com/users/github-actions%5Bbot%5D/subscriptions","organizations_url":"https://api.github.com/users/github-actions%5Bbot%5D/orgs","repos_url":"https://api.github.com/users/github-actions%5Bbot%5D/repos","events_url":"https://api.github.com/users/github-actions%5Bbot%5D/events{/privacy}","received_events_url":"https://api.github.com/users/github-actions%5Bbot%5D/received_events","type":"Bot","user_view_type":"public","site_admin":false},"content_type":"application/x-gtar","state":"uploaded","size":113039,"digest":"sha256:8f236b9509c353f308e1a4dbfa7e161862c0847511caaef358ab9f43fa850856","download_count":0,"created_at":"2026-08-17T12:54:36Z","updated_at":"2026-08-17T12:54:36Z","browser_download_url":"https://github.com/leonardosovienski/predictor-ops/releases/download/v3.1.0/predictor_ops-3.1.0.tar.gz"}],"tarball_url":"https://api.github.com/repos/leonardosovienski/predictor-ops/tarball/v3.1.0","zipball_url":"https://api.github.com/repos/leonardosovienski/predictor-ops/zipball/v3.1.0","body":"## What's Changed\n* docker(deps): bump python from 3.13.14-alpine3.24 to 3.14-alpine3.24 in the docker-minor-patch group by @dependabot[bot] in https://github.com/leonardosovienski/predictor-ops/pull/11\n* Expose strict provenance verification CLI by @leonardosovienski in https://github.com/leonardosovienski/predictor-ops/pull/12\n* Remove unused vulnerable runtime tooling by @leonardosovienski in https://github.com/leonardosovienski/predictor-ops/pull/13\n\n\n**Full Changelog**: https://github.com/leonardosovienski/predictor-ops/compare/v3.0.0...v3.1.0","mentions_count":2},{"url":"https://api.github.com/repos/leonardosovienski/predictor-ops/releases/367164911","assets_url":"https://api.github.com/repos/leonardosovienski/predictor-ops/releases/367164911/assets","upload_url":"https://uploads.github.com/repos/leonardosovienski/predictor-ops/releases/367164911/assets{?name,label}","html_url":"https://github.com/leonardosovienski/predictor-ops/releases/tag/v3.0.0","id":367164911,"author":{"login":"github-actions[bot]","id":41898282,"node_id":"MDM6Qm90NDE4OTgyODI=","avatar_url":"https://avatars.githubusercontent.com/in/15368?v=4","gravatar_id":"","url":"https://api.github.com/users/github-actions%5Bbot%5D","html_url":"https://github.com/apps/github-actions","followers_url":"https://api.github.com/users/github-actions%5Bbot%5D/followers","following_url":"https://api.github.com/users/github-actions%5Bbot%5D/following{/other_user}","gists_url":"https://api.github.com/users/github-actions%5Bbot%5D/gists{/gist_id}","starred_url":"https://api.github.com/users/github-actions%5Bbot%5D/starred{/owner}{/repo}","subscriptions_url":"https://api.github.com/users/github-actions%5Bbot%5D/subscriptions","organizations_url":"https://api.github.com/users/github-actions%5Bbot%5D/orgs","repos_url":"https://api.github.com/users/github-actions%5Bbot%5D/repos","events_url":"https://api.github.com/users/github-actions%5Bbot%5D/events{/privacy}","received_events_url":"https://api.github.com/users/github-actions%5Bbot%5D/received_events","type":"Bot","user_view_type":"public","site_admin":false},"node_id":"RE_kwDOTdWj1c4V4n3v","tag_name":"v3.0.0","target_commitish":"main","name":"v3.0.0","draft":false,"immutable":false,"prerelease":false,"created_at":"2026-08-08T09:29:18Z","updated_at":"2026-08-08T09:30:15Z","published_at":"2026-08-08T09:30:15Z","assets":[{"url":"https://api.github.com/repos/leonardosovienski/predictor-ops/releases/assets/506243176","id":506243176,"node_id":"RA_kwDOTdWj1c4eLKho","name":"predictor_ops-3.0.0-py3-none-any.whl","label":"","uploader":{"login":"github-actions[bot]","id":41898282,"node_id":"MDM6Qm90NDE4OTgyODI=","avatar_url":"https://avatars.githubusercontent.com/in/15368?v=4","gravatar_id":"","url":"https://api.github.com/users/github-actions%5Bbot%5D","html_url":"https://github.com/apps/github-actions","followers_url":"https://api.github.com/users/github-actions%5Bbot%5D/followers","following_url":"https://api.github.com/users/github-actions%5Bbot%5D/following{/other_user}","gists_url":"https://api.github.com/users/github-actions%5Bbot%5D/gists{/gist_id}","starred_url":"https://api.github.com/users/github-actions%5Bbot%5D/starred{/owner}{/repo}","subscriptions_url":"https://api.github.com/users/github-actions%5Bbot%5D/subscriptions","organizations_url":"https://api.github.com/users/github-actions%5Bbot%5D/orgs","repos_url":"https://api.github.com/users/github-actions%5Bbot%5D/repos","events_url":"https://api.github.com/users/github-actions%5Bbot%5D/events{/privacy}","received_events_url":"https://api.github.com/users/github-actions%5Bbot%5D/received_events","type":"Bot","user_view_type":"public","site_admin":false},"content_type":"application/octet-stream","state":"uploaded","size":21092,"digest":"sha256:9574d5fa4d17232a9d7dbd1aaff0131b65f341974508c5457b8d570bf41e8945","download_count":1163,"created_at":"2026-08-08T09:30:14Z","updated_at":"2026-08-08T09:30:14Z","browser_download_url":"https://github.com/leonardosovienski/predictor-ops/releases/download/v3.0.0/predictor_ops-3.0.0-py3-none-any.whl"},{"url":"https://api.github.com/repos/leonardosovienski/predictor-ops/releases/assets/506243177","id":506243177,"node_id":"RA_kwDOTdWj1c4eLKhp","name":"predictor_ops-3.0.0.tar.gz","label":"","uploader":{"login":"github-actions[bot]","id":41898282,"node_id":"MDM6Qm90NDE4OTgyODI=","avatar_url":"https://avatars.githubusercontent.com/in/15368?v=4","gravatar_id":"","url":"https://api.github.com/users/github-actions%5Bbot%5D","html_url":"https://github.com/apps/github-actions","followers_url":"https://api.github.com/users/github-actions%5Bbot%5D/followers","following_url":"https://api.github.com/users/github-actions%5Bbot%5D/following{/other_user}","gists_url":"https://api.github.com/users/github-actions%5Bbot%5D/gists{/gist_id}","starred_url":"https://api.github.com/users/github-actions%5Bbot%5D/starred{/owner}{/repo}","subscriptions_url":"https://api.github.com/users/github-actions%5Bbot%5D/subscriptions","organizations_url":"https://api.github.com/users/github-actions%5Bbot%5D/orgs","repos_url":"https://api.github.com/users/github-actions%5Bbot%5D/repos","events_url":"https://api.github.com/users/github-actions%5Bbot%5D/events{/privacy}","received_events_url":"https://api.github.com/users/github-actions%5Bbot%5D/received_events","type":"Bot","user_view_type":"public","site_admin":false},"content_type":"application/x-gtar","state":"uploaded","size":100652,"digest":"sha256:55ff9d87df1d1654d4b5c24718ea52a06ce4ed11d9a7533f57a713ab475b818e","download_count":0,"created_at":"2026-08-08T09:30:14Z","updated_at":"2026-08-08T09:30:14Z","browser_download_url":"https://github.com/leonardosovienski/predictor-ops/releases/download/v3.0.0/predictor_ops-3.0.0.tar.gz"}],"tarball_url":"https://api.github.com/repos/leonardosovienski/predictor-ops/tarball/v3.0.0","zipball_url":"https://api.github.com/repos/leonardosovienski/predictor-ops/zipball/v3.0.0","body":"## What's Changed\n* deps(deps-dev): update redis requirement from <8,>=6 to >=6,<9 by @dependabot[bot] in https://github.com/leonardosovienski/tools-predictor/pull/10\n* ci(deps): bump actions/checkout from 4 to 7 by @dependabot[bot] in https://github.com/leonardosovienski/tools-predictor/pull/9\n* ci(deps): bump actions/dependency-review-action from 4 to 5 by @dependabot[bot] in https://github.com/leonardosovienski/tools-predictor/pull/8\n* ci(deps): bump actions/download-artifact from 7 to 8 by @dependabot[bot] in https://github.com/leonardosovienski/tools-predictor/pull/7\n* ci(deps): bump actions/upload-artifact from 6 to 7 by @dependabot[bot] in https://github.com/leonardosovienski/tools-predictor/pull/5\n* ci(deps): bump astral-sh/setup-uv from 6 to 7 by @dependabot[bot] in https://github.com/leonardosovienski/tools-predictor/pull/6\n\n## New Contributors\n* @dependabot[bot] made their first contribution in https://github.com/leonardosovienski/tools-predictor/pull/10\n\n**Full Changelog**: https://github.com/leonardosovienski/tools-predictor/compare/v2.0.1...v3.0.0","mentions_count":1},{"url":"https://api.github.com/repos/leonardosovienski/predictor-ops/releases/363725973","assets_url":"https://api.github.com/repos/leonardosovienski/predictor-ops/releases/363725973/assets","upload_url":"https://uploads.github.com/repos/leonardosovienski/predictor-ops/releases/363725973/assets{?name,label}","html_url":"https://github.com/leonardosovienski/predictor-ops/releases/tag/v2.0.1","id":363725973,"author":{"login":"leonardosovienski","id":86319239,"node_id":"MDQ6VXNlcjg2MzE5MjM5","avatar_url":"https://avatars.githubusercontent.com/u/86319239?v=4","gravatar_id":"","url":"https://api.github.com/users/leonardosovienski","html_url":"https://github.com/leonardosovienski","followers_url":"https://api.github.com/users/leonardosovienski/followers","following_url":"https://api.github.com/users/leonardosovienski/following{/other_user}","gists_url":"https://api.github.com/users/leonardosovienski/gists{/gist_id}","starred_url":"https://api.github.com/users/leonardosovienski/starred{/owner}{/repo}","subscriptions_url":"https://api.github.com/users/leonardosovienski/subscriptions","organizations_url":"https://api.github.com/users/leonardosovienski/orgs","repos_url":"https://api.github.com/users/leonardosovienski/repos","events_url":"https://api.github.com/users/leonardosovienski/events{/privacy}","received_events_url":"https://api.github.com/users/leonardosovienski/received_events","type":"User","user_view_type":"public","site_admin":false},"node_id":"RE_kwDOTdWj1c4VrgSV","tag_name":"v2.0.1","target_commitish":"main","name":"predictor_ops 2.0.1","draft":false,"immutable":false,"prerelease":false,"created_at":"2026-08-02T07:24:36Z","updated_at":"2026-08-02T07:24:40Z","published_at":"2026-08-02T07:24:40Z","assets":[{"url":"https://api.github.com/repos/leonardosovienski/predictor-ops/releases/assets/498676479","id":498676479,"node_id":"RA_kwDOTdWj1c4duTL_","name":"predictor_ops-2.0.1-py3-none-any.whl","label":"","uploader":{"login":"leonardosovienski","id":86319239,"node_id":"MDQ6VXNlcjg2MzE5MjM5","avatar_url":"https://avatars.githubusercontent.com/u/86319239?v=4","gravatar_id":"","url":"https://api.github.com/users/leonardosovienski","html_url":"https://github.com/leonardosovienski","followers_url":"https://api.github.com/users/leonardosovienski/followers","following_url":"https://api.github.com/users/leonardosovienski/following{/other_user}","gists_url":"https://api.github.com/users/leonardosovienski/gists{/gist_id}","starred_url":"https://api.github.com/users/leonardosovienski/starred{/owner}{/repo}","subscriptions_url":"https://api.github.com/users/leonardosovienski/subscriptions","organizations_url":"https://api.github.com/users/leonardosovienski/orgs","repos_url":"https://api.github.com/users/leonardosovienski/repos","events_url":"https://api.github.com/users/leonardosovienski/events{/privacy}","received_events_url":"https://api.github.com/users/leonardosovienski/received_events","type":"User","user_view_type":"public","site_admin":false},"content_type":"application/octet-stream","state":"uploaded","size":21211,"digest":"sha256:77ca2eb3f1090226dfef23b84d7fb2f9a61bd858c970d433d28303e637a8903e","download_count":646,"created_at":"2026-08-02T07:24:39Z","updated_at":"2026-08-02T07:24:39Z","browser_download_url":"https://github.com/leonardosovienski/predictor-ops/releases/download/v2.0.1/predictor_ops-2.0.1-py3-none-any.whl"},{"url":"https://api.github.com/repos/leonardosovienski/predictor-ops/releases/assets/498676478","id":498676478,"node_id":"RA_kwDOTdWj1c4duTL-","name":"predictor_ops-2.0.1.tar.gz","label":"","uploader":{"login":"leonardosovienski","id":86319239,"node_id":"MDQ6VXNlcjg2MzE5MjM5","avatar_url":"https://avatars.githubusercontent.com/u/86319239?v=4","gravatar_id":"","url":"https://api.github.com/users/leonardosovienski","html_url":"https://github.com/leonardosovienski","followers_url":"https://api.github.com/users/leonardosovienski/followers","following_url":"https://api.github.com/users/leonardosovienski/following{/other_user}","gists_url":"https://api.github.com/users/leonardosovienski/gists{/gist_id}","starred_url":"https://api.github.com/users/leonardosovienski/starred{/owner}{/repo}","subscriptions_url":"https://api.github.com/users/leonardosovienski/subscriptions","organizations_url":"https://api.github.com/users/leonardosovienski/orgs","repos_url":"https://api.github.com/users/leonardosovienski/repos","events_url":"https://api.github.com/users/leonardosovienski/events{/privacy}","received_events_url":"https://api.github.com/users/leonardosovienski/received_events","type":"User","user_view_type":"public","site_admin":false},"content_type":"application/x-gtar","state":"uploaded","size":79375,"digest":"sha256:fd68c16247f9433db6c00cc83bf6292bfe81987ba2fb20c1b789c76998af9e46","download_count":1,"created_at":"2026-08-02T07:24:39Z","updated_at":"2026-08-02T07:24:39Z","browser_download_url":"https://github.com/leonardosovienski/predictor-ops/releases/download/v2.0.1/predictor_ops-2.0.1.tar.gz"}],"tarball_url":"https://api.github.com/repos/leonardosovienski/predictor-ops/tarball/v2.0.1","zipball_url":"https://api.github.com/repos/leonardosovienski/predictor-ops/zipball/v2.0.1","body":"Wheel/sdist reproduzidos localmente do commit 8d0ac13 (PR #4), homologado."}]
$ (cwd=None) gh api repos/leonardosovienski/predictor-ops/git/ref/tags/v4.2.2rc1
[exit 0]
{"ref":"refs/tags/v4.2.2rc1","node_id":"REF_kwDOTdWj1bNyZWZzL3RhZ3MvdjQuMi4ycmMx","url":"https://api.github.com/repos/leonardosovienski/predictor-ops/git/refs/tags/v4.2.2rc1","object":{"sha":"9831b0d5e727972b1d85ff48be14ffa58677898b","type":"commit","url":"https://api.github.com/repos/leonardosovienski/predictor-ops/git/commits/9831b0d5e727972b1d85ff48be14ffa58677898b"}}
$ (cwd=None) git -C C:\QUALIFICACAO\repos\predictor-ops diff --name-only 9831b0d5e727972b1d85ff48be14ffa58677898b 31d393973e27a34292e86df054fb5ea7e206570f -- src/predictor_ops
[exit 0]

$ (cwd=None) gh api repos/leonardosovienski/predictor-ops/git/ref/tags/v4.2.1
[exit 0]
{"ref":"refs/tags/v4.2.1","node_id":"REF_kwDOTdWj1bByZWZzL3RhZ3MvdjQuMi4x","url":"https://api.github.com/repos/leonardosovienski/predictor-ops/git/refs/tags/v4.2.1","object":{"sha":"500d6f348a94741ec48dd99df4480b1ba437b27d","type":"tag","url":"https://api.github.com/repos/leonardosovienski/predictor-ops/git/tags/500d6f348a94741ec48dd99df4480b1ba437b27d"}}
$ (cwd=None) gh api repos/leonardosovienski/predictor-ops/git/tags/500d6f348a94741ec48dd99df4480b1ba437b27d
[exit 0]
{"node_id":"TA_kwDOTdWj1doAKDUwMGQ2ZjM0OGE5NDc0MWVjNDhkZDk5ZGY0NDgwYjFiYTQzN2IyN2Q","sha":"500d6f348a94741ec48dd99df4480b1ba437b27d","url":"https://api.github.com/repos/leonardosovienski/predictor-ops/git/tags/500d6f348a94741ec48dd99df4480b1ba437b27d","tagger":{"name":"leonardosovienski","email":"leonardo.sovienski@gmail.com","date":"2026-09-13T02:34:02Z"},"object":{"sha":"ddd91444282569ae8282e7c96e0ec372ef4e5144","type":"commit","url":"https://api.github.com/repos/leonardosovienski/predictor-ops/git/commits/ddd91444282569ae8282e7c96e0ec372ef4e5144"},"tag":"v4.2.1","message":"Ops 4.2.1: validated cleanup, bounded capture and installed integrations\n","verification":{"verified":false,"reason":"unsigned","signature":null,"payload":null,"verified_at":null}}
$ (cwd=None) git -C C:\QUALIFICACAO\repos\predictor-ops diff --name-only ddd91444282569ae8282e7c96e0ec372ef4e5144 31d393973e27a34292e86df054fb5ea7e206570f -- src/predictor_ops
[exit 0]
src/predictor_ops/runtime.py

$ (cwd=None) gh api repos/leonardosovienski/predictor-ops/git/ref/tags/v4.2.0
[exit 0]
{"ref":"refs/tags/v4.2.0","node_id":"REF_kwDOTdWj1bByZWZzL3RhZ3MvdjQuMi4w","url":"https://api.github.com/repos/leonardosovienski/predictor-ops/git/refs/tags/v4.2.0","object":{"sha":"e804ac8b5173156737e2212d9bd47cd3f2072700","type":"commit","url":"https://api.github.com/repos/leonardosovienski/predictor-ops/git/commits/e804ac8b5173156737e2212d9bd47cd3f2072700"}}
$ (cwd=None) git -C C:\QUALIFICACAO\repos\predictor-ops diff --name-only e804ac8b5173156737e2212d9bd47cd3f2072700 31d393973e27a34292e86df054fb5ea7e206570f -- src/predictor_ops
[exit 0]
src/predictor_ops/processes.py
src/predictor_ops/runner.py
src/predictor_ops/runtime.py

$ (cwd=None) gh api repos/leonardosovienski/predictor-ops/git/ref/tags/v4.1.0
[exit 0]
{"ref":"refs/tags/v4.1.0","node_id":"REF_kwDOTdWj1bByZWZzL3RhZ3MvdjQuMS4w","url":"https://api.github.com/repos/leonardosovienski/predictor-ops/git/refs/tags/v4.1.0","object":{"sha":"a9a47437abc30dffaad39d9518d39805752d0cb9","type":"commit","url":"https://api.github.com/repos/leonardosovienski/predictor-ops/git/commits/a9a47437abc30dffaad39d9518d39805752d0cb9"}}
$ (cwd=None) git -C C:\QUALIFICACAO\repos\predictor-ops diff --name-only a9a47437abc30dffaad39d9518d39805752d0cb9 31d393973e27a34292e86df054fb5ea7e206570f -- src/predictor_ops
[exit 0]
src/predictor_ops/models.py
src/predictor_ops/operations.py
src/predictor_ops/processes.py
src/predictor_ops/runner.py
src/predictor_ops/runtime.py

$ (cwd=None) gh api repos/leonardosovienski/predictor-ops/git/ref/tags/v4.0.0
[exit 0]
{"ref":"refs/tags/v4.0.0","node_id":"REF_kwDOTdWj1bByZWZzL3RhZ3MvdjQuMC4w","url":"https://api.github.com/repos/leonardosovienski/predictor-ops/git/refs/tags/v4.0.0","object":{"sha":"67d823b5721ddaa70c9586eff54595dd636d7bdd","type":"tag","url":"https://api.github.com/repos/leonardosovienski/predictor-ops/git/tags/67d823b5721ddaa70c9586eff54595dd636d7bdd"}}
$ (cwd=None) gh api repos/leonardosovienski/predictor-ops/git/tags/67d823b5721ddaa70c9586eff54595dd636d7bdd
[exit 0]
{"node_id":"TA_kwDOTdWj1doAKDY3ZDgyM2I1NzIxZGRhYTcwYzk1ODZlZmY1NDU5NWRkNjM2ZDdiZGQ","sha":"67d823b5721ddaa70c9586eff54595dd636d7bdd","url":"https://api.github.com/repos/leonardosovienski/predictor-ops/git/tags/67d823b5721ddaa70c9586eff54595dd636d7bdd","tagger":{"name":"Leonardo Sanches","email":"Leonardo.sovienski@gmail.com","date":"2026-08-31T21:50:42Z"},"object":{"sha":"6b695ea108cf23d90064b9299ce7993e67b4db26","type":"commit","url":"https://api.github.com/repos/leonardosovienski/predictor-ops/git/commits/6b695ea108cf23d90064b9299ce7993e67b4db26"},"tag":"v4.0.0","message":"Predictor Ops 4.0.0\n","verification":{"verified":false,"reason":"unsigned","signature":null,"payload":null,"verified_at":null}}
$ (cwd=None) git -C C:\QUALIFICACAO\repos\predictor-ops diff --name-only 6b695ea108cf23d90064b9299ce7993e67b4db26 31d393973e27a34292e86df054fb5ea7e206570f -- src/predictor_ops
[exit 0]
src/predictor_ops/models.py
src/predictor_ops/operations.py
src/predictor_ops/processes.py
src/predictor_ops/runner.py
src/predictor_ops/runtime.py

$ (cwd=None) gh api repos/leonardosovienski/predictor-ops/git/ref/tags/v3.1.0
[exit 0]
{"ref":"refs/tags/v3.1.0","node_id":"REF_kwDOTdWj1bByZWZzL3RhZ3MvdjMuMS4w","url":"https://api.github.com/repos/leonardosovienski/predictor-ops/git/refs/tags/v3.1.0","object":{"sha":"aab2da4557e1326b5b446346ae237ddc5c314e5b","type":"tag","url":"https://api.github.com/repos/leonardosovienski/predictor-ops/git/tags/aab2da4557e1326b5b446346ae237ddc5c314e5b"}}
$ (cwd=None) gh api repos/leonardosovienski/predictor-ops/git/tags/aab2da4557e1326b5b446346ae237ddc5c314e5b
[exit 0]
{"node_id":"TA_kwDOTdWj1doAKGFhYjJkYTQ1NTdlMTMyNmI1YjQ0NjM0NmFlMjM3ZGRjNWMzMTRlNWI","sha":"aab2da4557e1326b5b446346ae237ddc5c314e5b","url":"https://api.github.com/repos/leonardosovienski/predictor-ops/git/tags/aab2da4557e1326b5b446346ae237ddc5c314e5b","tagger":{"name":"Leonardo Sanches","email":"Leonardo.sovienski@gmail.com","date":"2026-08-17T12:53:36Z"},"object":{"sha":"eff6fc795a12132c1a87b606bbf951b05623d3b2","type":"commit","url":"https://api.github.com/repos/leonardosovienski/predictor-ops/git/commits/eff6fc795a12132c1a87b606bbf951b05623d3b2"},"tag":"v3.1.0","message":"Release predictor-ops 3.1.0\n","verification":{"verified":false,"reason":"unsigned","signature":null,"payload":null,"verified_at":null}}
$ (cwd=None) git -C C:\QUALIFICACAO\repos\predictor-ops diff --name-only eff6fc795a12132c1a87b606bbf951b05623d3b2 31d393973e27a34292e86df054fb5ea7e206570f -- src/predictor_ops
[exit 0]
src/predictor_ops/__init__.py
src/predictor_ops/audit.py
src/predictor_ops/compat/__init__.py
src/predictor_ops/compat/legacy.py
src/predictor_ops/compat/vendor_audit.py
src/predictor_ops/models.py
src/predictor_ops/operations.py
src/predictor_ops/processes.py
src/predictor_ops/redaction.py
src/predictor_ops/runner.py
src/predictor_ops/runtime.py

$ (cwd=None) gh api repos/leonardosovienski/predictor-ops/git/ref/tags/v3.0.0
[exit 0]
{"ref":"refs/tags/v3.0.0","node_id":"REF_kwDOTdWj1bByZWZzL3RhZ3MvdjMuMC4w","url":"https://api.github.com/repos/leonardosovienski/predictor-ops/git/refs/tags/v3.0.0","object":{"sha":"ec278c68e3b945f9aa0f8e76ec19c8e35c61d78f","type":"tag","url":"https://api.github.com/repos/leonardosovienski/predictor-ops/git/tags/ec278c68e3b945f9aa0f8e76ec19c8e35c61d78f"}}
$ (cwd=None) gh api repos/leonardosovienski/predictor-ops/git/tags/ec278c68e3b945f9aa0f8e76ec19c8e35c61d78f
[exit 0]
{"node_id":"TA_kwDOTdWj1doAKGVjMjc4YzY4ZTNiOTQ1ZjlhYTBmOGU3NmVjMTljOGUzNWM2MWQ3OGY","sha":"ec278c68e3b945f9aa0f8e76ec19c8e35c61d78f","url":"https://api.github.com/repos/leonardosovienski/predictor-ops/git/tags/ec278c68e3b945f9aa0f8e76ec19c8e35c61d78f","tagger":{"name":"Leonardo Sanches Sovienski","email":"leonardo.sovienski@outlook.com","date":"2026-08-08T09:29:18Z"},"object":{"sha":"3ca6995e3be1624b38976c638becdc3f897a7219","type":"commit","url":"https://api.github.com/repos/leonardosovienski/predictor-ops/git/commits/3ca6995e3be1624b38976c638becdc3f897a7219"},"tag":"v3.0.0","message":"predictor-ops 3.0.0\n","verification":{"verified":false,"reason":"unsigned","signature":null,"payload":null,"verified_at":null}}
$ (cwd=None) git -C C:\QUALIFICACAO\repos\predictor-ops diff --name-only 3ca6995e3be1624b38976c638becdc3f897a7219 31d393973e27a34292e86df054fb5ea7e206570f -- src/predictor_ops
[exit 0]
src/predictor_ops/__init__.py
src/predictor_ops/cli.py
src/predictor_ops/compat/__init__.py
src/predictor_ops/compat/legacy.py
src/predictor_ops/compat/vendor_audit.py
src/predictor_ops/models.py
src/predictor_ops/operations.py
src/predictor_ops/processes.py
src/predictor_ops/redaction.py
src/predictor_ops/runner.py
src/predictor_ops/runtime.py

$ (cwd=None) gh api repos/leonardosovienski/predictor-ops/git/ref/tags/v2.0.1
[exit 0]
{"ref":"refs/tags/v2.0.1","node_id":"REF_kwDOTdWj1bByZWZzL3RhZ3MvdjIuMC4x","url":"https://api.github.com/repos/leonardosovienski/predictor-ops/git/refs/tags/v2.0.1","object":{"sha":"4a0481879d9a4ffd81dab0282b2e2ea92cd74e8c","type":"tag","url":"https://api.github.com/repos/leonardosovienski/predictor-ops/git/tags/4a0481879d9a4ffd81dab0282b2e2ea92cd74e8c"}}
$ (cwd=None) gh api repos/leonardosovienski/predictor-ops/git/tags/4a0481879d9a4ffd81dab0282b2e2ea92cd74e8c
[exit 0]
{"node_id":"TA_kwDOTdWj1doAKDRhMDQ4MTg3OWQ5YTRmZmQ4MWRhYjAyODJiMmUyZWE5MmNkNzRlOGM","sha":"4a0481879d9a4ffd81dab0282b2e2ea92cd74e8c","url":"https://api.github.com/repos/leonardosovienski/predictor-ops/git/tags/4a0481879d9a4ffd81dab0282b2e2ea92cd74e8c","tagger":{"name":"Leonardo Sanches Sovienski","email":"leonardo.sovienski@outlook.com","date":"2026-08-02T07:24:36Z"},"object":{"sha":"8d0ac13d265cb8483902edceecd83391dc5d88bd","type":"commit","url":"https://api.github.com/repos/leonardosovienski/predictor-ops/git/commits/8d0ac13d265cb8483902edceecd83391dc5d88bd"},"tag":"v2.0.1","message":"predictor_ops 2.0.1\n","verification":{"verified":false,"reason":"unsigned","signature":null,"payload":null,"verified_at":null}}
$ (cwd=None) git -C C:\QUALIFICACAO\repos\predictor-ops diff --name-only 8d0ac13d265cb8483902edceecd83391dc5d88bd 31d393973e27a34292e86df054fb5ea7e206570f -- src/predictor_ops
[exit 0]
src/predictor_ops/__init__.py
src/predictor_ops/cli.py
src/predictor_ops/compat/__init__.py
src/predictor_ops/compat/legacy.py
src/predictor_ops/compat/vendor_audit.py
src/predictor_ops/health.py
src/predictor_ops/models.py
src/predictor_ops/operations.py
src/predictor_ops/processes.py
src/predictor_ops/redaction.py
src/predictor_ops/runner.py
src/predictor_ops/runtime.py
src/predictor_ops/windows.py

$ (cwd=None) git -C C:\QUALIFICACAO\repos\brasileirao-predictor rev-parse HEAD
[exit 0]
e14f3394c1908fae6d2f25754e6ab3a6792dbf1e

$ (cwd=None) git -C C:\QUALIFICACAO\repos\brasileirao-predictor rev-parse origin/main
[exit 0]
e14f3394c1908fae6d2f25754e6ab3a6792dbf1e

$ (cwd=None) git -C C:\QUALIFICACAO\repos\brasileirao-predictor rev-parse --abbrev-ref HEAD
[exit 0]
main

$ (cwd=None) git -C C:\QUALIFICACAO\repos\brasileirao-predictor status --porcelain --untracked-files=all
[exit 0]

$ (cwd=None) git -C C:\QUALIFICACAO\repos\brasileirao-predictor remote get-url origin
[exit 0]
https://github.com/leonardosovienski/brasileirao-predictor.git

$ (cwd=None) git -C C:\QUALIFICACAO\repos\brasileirao-predictor ls-tree -r HEAD
[exit 0]
100644 blob 5760b3398b92d59f6ee1bc71f185df6f1c8e0a36	.ci/cain-supply/overlay.zip
100644 blob 139aab52aca2b9ff471b0cb61be5b3866aa3877e	.dockerignore
100644 blob 1dce91a466e7e3025c005e81a1fe8c361937e07a	.env.example
100644 blob 25a8f5ab5476b0e5e6af47231e7b2ef3d5bb6cfe	.gitattributes
100644 blob e21fe7164150dda7feeee4d5bfb03f189e7f8a39	.github/dependabot.yml
100644 blob 93408b4df51a674c294540b30659288913fbdaab	.github/workflows/cain-export.yml
100644 blob 1f25bf46334aaa2acc61a4eb54d039708c9ffd11	.github/workflows/ci.yml
100644 blob cdf7661240d5070336a12e7c47d8478b4e2b5801	.github/workflows/publication-validation.yml
100644 blob cb357ef092a1c007005e06b543e0c69cdd8ec2e6	.gitignore
100644 blob 0534c55bb3094f5a0abae9fc3904f1433ebd7b55	ARCHITECTURE_IMPLEMENTATION.md
100644 blob cd68d8d5233882ccfbc115e1e56920dfee2f2852	Dockerfile.cli
100644 blob 212d4f9b737c3744c2e9e4e6db545fdb1ee84a6e	Dockerfile.kernel
100644 blob 673603074d87df63c33e3b2b25a03cf86aca1f1a	Dockerfile.worker
100644 blob 68902c7b6517d6c519b0fda2c53a4d00d9813bbb	HANDOFF.md
100644 blob 0ea317f8cc4c341c4bfec8297b75e4abfcdfec6f	PUBLICATION_STATUS_20260912.md
100644 blob 86239ca56ec05f9d55701307841a20e393f0cce2	README.md
100644 blob 3bda142c1278f62db15ed0c685e5fbbcd2ca785e	brasileirao_predictor/__init__.py
100644 blob 0dcbfa1e52f09ca2b8154174de799b325f4bdae2	brasileirao_predictor/a1_phase0.py
100644 blob 2c7b8542f23a20727a24e9c8502153854ac00e8c	brasileirao_predictor/a1_recommendation.py
100644 blob adb1465f2a4e50c30db04fc059aad00e98fd937f	brasileirao_predictor/backtest.py
100644 blob 42a58847c5f9264b38d7dc8c7e2df1330e009ed7	brasileirao_predictor/backtest_event.py
100644 blob 7cbce55445d6f07bfca8f828a5f92e08e9db4bf1	brasileirao_predictor/backup_restore.py
100644 blob ee975a0e9c1ff97d7eb15daf465f2474038170c0	brasileirao_predictor/bet_log.py
100644 blob d2f9042e7398c26fcbe63488bd35954a59a4bb29	brasileirao_predictor/bootstrap.py
100644 blob 3246672372790e5126f279ccedc6f4bcb053b5ce	brasileirao_predictor/check_coverage.py
100644 blob 8784de5c248d091ba0c56e5e3bcf2293ba99998e	brasileirao_predictor/collector_a1.py
100644 blob 491e769ff1f811b71d0104e9dc236a2791781fa7	brasileirao_predictor/cron_update_models.py
100644 blob 259309ca71ee1aef736a28074d794af2debb8d1a	brasileirao_predictor/data/api_football_provider.py
100644 blob f0b9aa68b4275d82c24f6f98f61f311edbb6a65f	brasileirao_predictor/data/bitemporal_store.py
100644 blob aa522f57be2cbca7144a696bd7bbdb6b4017a09d	brasileirao_predictor/data/bookmaker_odds.py
100644 blob fa42368711053fc69c6473bb7b1a8ff5015414f9	brasileirao_predictor/data/bookmaker_stability.py
100644 blob 9f9aaf185ad376a7eb8a8412a50c6c2030634b64	brasileirao_predictor/data/collection_only_archive.py
100644 blob bed2ad94bd63713271e6b77a1d4f2db85ca5c72a	brasileirao_predictor/data/historical_expansion.py
100644 blob f564a62fb399414b98137f996d5e0bfd341f83ec	brasileirao_predictor/data/lineup_archive.py
100644 blob b5ff17c81f28949b6a599525437da17b2f5074c9	brasileirao_predictor/data/lineup_envelopes.py
100644 blob 070e94faba478a8d1e5b91b46991a3defc40ca19	brasileirao_predictor/data/market_anchor.py
100644 blob 293b69bab20c55ce3f5e981f13048000c42fb365	brasileirao_predictor/data/missingness_audit.py
100644 blob 80b0455649225bf5ed34b88ac5e6481dffd5d560	brasileirao_predictor/data/odds_api_snapshot.py
100644 blob 7f79d3493790bbb73c35f35e67697d3d064dcc21	brasileirao_predictor/data/pit_backfill.py
100644 blob 973a0a860ce30ab92d65045c5390af7bf4a88dfd	brasileirao_predictor/data/promotions.py
100644 blob 75c62bf9b469db18f70b7f931cffd6250ff87d24	brasileirao_predictor/data/prospective_shadow.py
100644 blob eac31b193f2babad51f9d0e656394c106ce16342	brasileirao_predictor/data/sportmonks_provider.py
100644 blob 34bd1ae605ad270641180006806d37d5473ef0a1	brasileirao_predictor/data/the_odds_api_provider.py
100644 blob 814830500104ae05fcacdad7a7bf232ffdae90c0	brasileirao_predictor/data/xg_quality.py
100644 blob 66356e1f24d1c4fb71a9022bcf87c7117993740f	brasileirao_predictor/db.py
100644 blob 76e7f57da2c32353283ff810483937bf149d683e	brasileirao_predictor/diagnose_event_data.py
100644 blob 5997dc68a862864b51ecfeea47a5a854fdee8ee8	brasileirao_predictor/display.py
100644 blob d41c8f502981f568305f5554fb057da31d60b772	brasileirao_predictor/dixon_coles.py
100644 blob 184a3327fd62456bc39f895b0ab81b6235f9093b	brasileirao_predictor/dynamic_strength.py
100644 blob 2b01b0087299b89b3e71bde078baea114973ce63	brasileirao_predictor/ecosystem_plugin.py
100644 blob 426c55732caab20c659cbc3c308d2968728db6ed	brasileirao_predictor/elo_baseline.py
100644 blob fcb2600fd1af3d493576d6122f9617ce18803390	brasileirao_predictor/evaluator.py
100644 blob 64681b70fcd5bae4b9d62a08ea1c3d45fc71ed04	brasileirao_predictor/event_models.py
100644 blob 584fea1b7ee9604def80e2a120a858f09db29008	brasileirao_predictor/feature_builder.py
100644 blob bd8db9cb0189cfc7bf847d4f9ccd67840e51d888	brasileirao_predictor/formal_prediction.py
100644 blob c1fd06d745ad1bcc0d472743c3bec0ea560a9137	brasileirao_predictor/identity.py
100644 blob 12128b1543c193585d6f740265142352649d284d	brasileirao_predictor/ingest.py
100644 blob cee3d4b028bbfa2e61de1067b69fee4585fa0a6c	brasileirao_predictor/ingest_fbref.py
100644 blob cfeb1d81013b28a643125e22872cc6a4b3062a27	brasileirao_predictor/ingest_sofascore.py
100644 blob db48a140869b216e81def045312eda3480fd7c68	brasileirao_predictor/kernel_cli.py
100644 blob c73b52ebb1542e720ffeb6ce691fc15a00d78d40	brasileirao_predictor/kernel_daemon.py
100644 blob 215d88a4580ffdd329905a3b84bae8e156423d0b	brasileirao_predictor/kernel_message.py
100644 blob 88a19c20a75b69d7299523422dd2cbde1155064c	brasileirao_predictor/kernel_redis_v2.py
100644 blob 124455bd997eeb9479efeb0ab768d63dd885dc92	brasileirao_predictor/market_pricer.py
100644 blob 416c4515f415ad205ccb080254ec55e05735a4b7	brasileirao_predictor/math_utils.py
100644 blob e25f8df075c7764b7a17d6caecfd638e0b9c7951	brasileirao_predictor/model.py
100644 blob bf3749dd5e72ffa7c3426c1d3ffe97e0fd0f6da1	brasileirao_predictor/net.py
100644 blob 60f8384875eb107c3c25476ed8d9839f62442577	brasileirao_predictor/obs.py
100644 blob 70353b0f687bd97e3b13a7b0df75f4bd0d3f3fb9	brasileirao_predictor/operational_readiness.py
100644 blob bb9dbd70bbc10cb7233cf5763269346314ec63ff	brasileirao_predictor/paths.py
100644 blob 54796211c2f4bc98074cc74658692e2fb154c36c	brasileirao_predictor/predict.py
100644 blob 3038a12ecc681eb80bf9deb02b22d35d6b6b0142	brasileirao_predictor/prediction_log.py
100644 blob dab60eec31ae5d1daa4e34bc8d1c3b7bdf380e7e	brasileirao_predictor/prediction_protocol.py
100644 blob 31e8f339fec81e42b586ec067ec26d45cdf0a2d9	brasileirao_predictor/ratings.py
100644 blob e69de29bb2d1d6434b8b29ae775ad8c2e48c5391	brasileirao_predictor/research/__init__.py
100644 blob 6b49889b9736814eb4b233ae7a2b971fb17ff998	brasileirao_predictor/research/calibration_gate.py
100644 blob c0c9dee0426d84d58282a8ab11921ea5dfaffc92	brasileirao_predictor/research/contextual_ensemble.py
100644 blob ae92c2fbe5afd1f26c3ba2ab5d1b04ad6766f546	brasileirao_predictor/research/economic_decision.py
100644 blob 3d600364c78d30bd53eab98eab6aa1cff842f27e	brasileirao_predictor/research/h9_shadow.py
100644 blob 8a7cd29aac4f484d2b6fad92012fe3eaed698331	brasileirao_predictor/research/market_0b_resolution.py
100644 blob be167a7d1a86db51a762374126afb7972bfd8c4f	brasileirao_predictor/research/market_edge_ordering.py
100644 blob e12f8de99a9518497512e4446e45e0717379fad6	brasileirao_predictor/research/market_residual.py
100644 blob 6a9e74fe37cea804573326354c2d9f4ed68a320d	brasileirao_predictor/research/ou25_nested_replay.py
100644 blob d47e7c9c7062dff19b7cf3c435cd4142d3f0ed56	brasileirao_predictor/research/pit_features/__init__.py
100644 blob 8999b7cd9d7adf9f798a175ff03c589c041e4262	brasileirao_predictor/research/pit_features/absences.py
100644 blob 600b4d1a93baaf62fa4622af9a8708f9c0d9d665	brasileirao_predictor/research/pit_features/contextual.py
100644 blob 4df5c9c707e87f657e456c0fd0997b896cf883c1	brasileirao_predictor/research/pit_features/contracts.py
100644 blob 926fcff51c03e736832c3c13bfd7393b4416053e	brasileirao_predictor/research/pit_features/hierarchical_home_advantage.py
100644 blob 6aa187e376aca6d6ab22964e3589a3b2dfc65222	brasileirao_predictor/research/pit_features/isolated_xg.py
100644 blob f1b4de1fb61aaca843f3e06ee34a5f06d8ce1a59	brasileirao_predictor/research/pit_features/lineup.py
100644 blob dd6e096ff947be127c2e5765ed3b491f23282cb5	brasileirao_predictor/research/price_strength/README.md
100644 blob 3ba6009beb0f52ff3d2ea868be4d65983e7ff3b6	brasileirao_predictor/research/price_strength/__init__.py
100644 blob 0b11237ac13855c2eacefdfc25b2ebb996529ffd	brasileirao_predictor/research/price_strength/__main__.py
100644 blob 2868c65d229defc492a758655e061a818d4acf25	brasileirao_predictor/research/price_strength/artifacts.py
100644 blob 9838ed92d5472a558f0d51315c8d1909c8aecb90	brasileirao_predictor/research/price_strength/capture_decision.py
100644 blob 3e63e3772ac416aa7ae3fde8d3bb67587b59fdb6	brasileirao_predictor/research/price_strength/closing_scenario.py
100644 blob 3651e2037a6890b6fcccd96ebacd307914be0ef8	brasileirao_predictor/research/price_strength/demo.py
100644 blob 48213aac46d48850dcbd84926b8bc62fe86f548b	brasileirao_predictor/research/price_strength/dynamic_xg.py
100644 blob 868f1766e816029abf622f7a0eae5471ef8886dd	brasileirao_predictor/research/price_strength/economic_search.py
100644 blob 4f8efccec15979245487161e1317613e550b7d1b	brasileirao_predictor/research/price_strength/historical_admission.py
100644 blob 05bab0aab3833f3439a348c8cfde1dd1782f3263	brasileirao_predictor/research/price_strength/live_capture_admission.py
100644 blob 924e4b2ec08dbb7544f567e1349fd9e3091f1c0d	brasileirao_predictor/research/price_strength/price_hurdle.py
100644 blob ccfebd4a60c7d9bd4feee0d56e39aebf25ef8441	brasileirao_predictor/research/price_strength/quotes.py
100644 blob 559d02fd536c8d2f2b557a0d07a1ff762666e330	brasileirao_predictor/research/price_strength/study.py
100644 blob 78edd4ce7daee292a69065612dcf67b4219403ac	brasileirao_predictor/research/price_strength_reliability.py
100644 blob 51717fb4ebd91d787a7f2d5e7bf7431821dd16b4	brasileirao_predictor/research/promoted_cold_start.py
100644 blob 695ec560f4e8432d093134f88e40448eff56d680	brasileirao_predictor/research/prospective_validation/__init__.py
100644 blob c6760de625aee78013cb8b970929a3ed1277353c	brasileirao_predictor/research/prospective_validation/contracts.py
100644 blob b22752777b573cbe4e9d4a0b495a1ff1f4bc755e	brasileirao_predictor/research/prospective_validation/ledger.py
100644 blob d2b41471cb20b52e02114df595d9e16854382b94	brasileirao_predictor/research/prospective_validation/metrics.py
100644 blob b0399b0819deee6c092ba7a691a284728943dede	brasileirao_predictor/research/residual_dataset.py
100644 blob 7a224c08ff65507e0bf79e03c6a7f2c7c654f65e	brasileirao_predictor/research/residual_features.py
100644 blob 414a613e106790bd90ef73337be78f819666d357	brasileirao_predictor/research/residual_gate.py
100644 blob 87423e92fada2521a17b69b8e65d7fa186a2d568	brasileirao_predictor/research/residual_walkforward.py
100644 blob 16ce791eea3ccac52dd82dc30df214ba88547781	brasileirao_predictor/research/rho_stability.py
100644 blob 418d5f038d069821876a372afab7642c3f96d7a3	brasileirao_predictor/research/score_metrics.py
100644 blob d591d412a312f9d85901a243c86415c84f97a0ec	brasileirao_predictor/research/season_2026_split.py
100644 blob bb3a661be57a6250bf2dc21e55511472320abe9c	brasileirao_predictor/research/shadow_portfolio.py
100644 blob 37afae79eb77554e064382cf2f783ac3bc0daa27	brasileirao_predictor/research/sofascore_probe.py
100644 blob e84ab0a592605f30f37083579ca6215a64f2cf7b	brasileirao_predictor/research/structural_edge.py
100644 blob df2467f26fd0af36ea3134cc0eaa55c0aff3a581	brasileirao_predictor/research/survival_test.py
100644 blob 1d610d91822b94d831830a57f24ba02f314efbc6	brasileirao_predictor/research/temporal_replay.py
100644 blob e4ff71f993e9043cb1d2cadf3b6ec1851f3481a7	brasileirao_predictor/research/test_combinations.py
100644 blob 7170087df6d3b6d38cfc56106ccce8761c964a41	brasileirao_predictor/research/verify_calibration.py
100644 blob 2277856aebea32abc92126c47fd6dbd5705cc336	brasileirao_predictor/research/vorp_ridge.py
100644 blob 4c0d046802572b541521755b4ef4d926d84da7fc	brasileirao_predictor/serving_evaluator.py
100644 blob 219c29b95e1babd622f91c67fc06bfe30af63da5	brasileirao_predictor/settings.py
100644 blob de68f545bb0e7f736ee6150dbb34ac7ae2e7b616	brasileirao_predictor/settle.py
100644 blob 765768627e8e076a3a651fadfb34aff105bf0d11	brasileirao_predictor/simulator.py
100644 blob 6f7654ad75b5d3c30c9dc37cf02172782279f8d0	brasileirao_predictor/sofascore.py
100644 blob c829066300fba6a2008fc806f4b84dc846612124	brasileirao_predictor/status.py
100644 blob fb92fa135f71631d9df180be26aa9c276c243b50	brasileirao_predictor/temporal_policy.py
100644 blob b66558eb2c2399de3869973f3265c31f0b96a2a3	brasileirao_predictor/xg_model.py
100644 blob 39d9ef18790b35d933827214e3e9fc95131ace54	brasileirao_scripts/__init__.py
100644 blob 84c4360c558a7fb4379f3a1b9ef2b720e6040b7e	brasileirao_scripts/_attest_only.py
100644 blob f304b75ddeac4dc0dc16f556ca4b102e58d99942	brasileirao_scripts/_prospective_evaluation_guard.py
100644 blob ecf6ed7fc42e558252e5e37f50358e8b2db33203	brasileirao_scripts/a1_phase0.py
100644 blob 25e94fbcce24bc754588a240cf198bc9a76b1515	brasileirao_scripts/audit_missingness.py
100644 blob eba425f54ee73533fc662074f8c9f329fbc2b271	brasileirao_scripts/auditoria.py
100644 blob fe5b7a1fcd3a36ccecf420acd268ad99602c3455	brasileirao_scripts/backfill_bookmaker_smokes.py
100644 blob c21bdddc4a842a3fb5c40b0d894627e505279828	brasileirao_scripts/backfill_player_comp_stats_from_sofascore.py
100644 blob ecfe58a2b1cdb3bd896f72e145d178434b161354	brasileirao_scripts/backtest_close.py
100644 blob dc6208786b9016f9d99703da82d129f33969a65c	brasileirao_scripts/backtest_walkforward.py
100644 blob 9a7f1927dc933e68ed77afc5563b9253be7dc591	brasileirao_scripts/backup_h9_runtime.py
100644 blob 5ad84e7face381df1f094a8c3f3a7d1e498fee64	brasileirao_scripts/benchmark_predictor.py
100644 blob d7c82efc4b5234e9e4b56ada1f911a0fd9d98acf	brasileirao_scripts/bootstrap_calibration_window.py
100644 blob 79c9a614142df5a69a813bc29914d76a06db861e	brasileirao_scripts/bundle_h9_evidence.py
100644 blob 2eaae097a2b47b3fb087990c3e71b82e0ba93f8d	brasileirao_scripts/calib_empate.py
100644 blob e67436273aaffbe9df564317f7de4451b483dda9	brasileirao_scripts/calib_ou.py
100644 blob d907c34ffa9fc92bbcb28298d79fdbf63e2e740d	brasileirao_scripts/capture_sofascore_event.py
100644 blob eddf884a018048e00d6699c98b76a999a7e1b28a	brasileirao_scripts/check_prediction_readiness.py
100644 blob f812f160c3d174e6df2631fea2afe912b0c2cc09	brasileirao_scripts/ci_check.py
100644 blob 1e69d49e8bb84ee91986385034917171d89bc140	brasileirao_scripts/collect_collection_only.py
100644 blob 192a2cffb51f4161b33893f305589d9536087392	brasileirao_scripts/collect_market_research.py
100644 blob 99fa7fffac6a50eed06eea131df6ab0b1827c207	brasileirao_scripts/collect_odds_a1.py
100644 blob 67e46c19db8a8a390e8b4db774ba1257144b5a9a	brasileirao_scripts/collector_daily_metrics.py
100644 blob a01cf41a0a39222911e0cd8a2e05a8750900807a	brasileirao_scripts/compare_hypothesis_errors.py
100644 blob 1a5ac3f5726dbb90041611641a722e9dae0112ff	brasileirao_scripts/confound.py
100644 blob 8d50b9f350e2cad386a8d7411bc52bd29c5554cb	brasileirao_scripts/cosh_free.py
100644 blob 49c018454db918664ee5065994bd96a72365f6af	brasileirao_scripts/coverage_report.py
100644 blob e9c06adc774b3b8d7446e171e3823bbc6c221a26	brasileirao_scripts/diag_zebra.py
100644 blob a90222ef6bf0adba52d30a38964c2aad13005538	brasileirao_scripts/elasticidade.py
100644 blob d96d053baa37ab875fc9edf7f62e93a6fb8a3eee	brasileirao_scripts/emit_h9_shadow.py
100644 blob 27f50fdeddbdc949392d46939b032c855c29e7fa	brasileirao_scripts/eval_walkforward.py
100644 blob b9128ef08eded7d2198e2fb00da151631f7d2f87	brasileirao_scripts/evaluate_contextual_ensemble.py
100644 blob 3cb536236b9a648095ace27c69c25fafa95458ca	brasileirao_scripts/evaluate_gate_a1.py
100644 blob b09c104e9eac8ecdbe6d5577f0539ecc4003fd54	brasileirao_scripts/evaluate_h14_prospective.py
100644 blob e57aa63d23fbafd5fe4bb3930ab82cdf967a2869	brasileirao_scripts/evaluate_h15_prospective.py
100644 blob 006a47993e924578a14d5bee6a62a61dd88c7a16	brasileirao_scripts/evaluate_market_residual.py
100644 blob 0ac7502aa0d2d0c4c3a39fe5fda8b182452d06db	brasileirao_scripts/evaluate_promoted_cold_start.py
100644 blob 8fb424bdf8ed057982047cf7fdc5ae597173d149	brasileirao_scripts/evaluate_rho_stability.py
100644 blob b9fbb8e6edf38947ea2a0e953148a6f7a2fc9e23	brasileirao_scripts/evaluate_shadow_cohort.py
100644 blob 733abeffdb2fe00bfd007d4ca257ba515ccde9f8	brasileirao_scripts/exp001_coverage_audit.py
100644 blob e708dffab12af0742f774e7dfd029e6f5a5d58b5	brasileirao_scripts/exp001_data_pilot.py
100644 blob e1845dce75c2784719143302f6bf1123ad9d08f3	brasileirao_scripts/exp_a_calib.py
100644 blob 4049ef0c1734073bdbe687149d0681f5a6bd7cda	brasileirao_scripts/exp_f_rho.py
100644 blob 3b676ed4e146fa8e49e7a56465454b908665fe97	brasileirao_scripts/experimentos_causa.py
100644 blob a5beabf995891aedc1e7bdd4f7c9237e2909c43f	brasileirao_scripts/export_version_losses.py
100644 blob 491e6de5fbac76eb45cf355ae5f60709901bfea1	brasileirao_scripts/gen_teams_json.py
100644 blob b758b1ab58cec4ced0216f2c08a15b41b10982ed	brasileirao_scripts/governanca.py
100644 blob 30e9d517cc95c0926372971d35f50e1010227651	brasileirao_scripts/h10_fadiga_walkforward.py
100644 blob 2dd69972dd8f0f8bf75cc755c107cdc9e100af2b	brasileirao_scripts/h4_verdict_bootstrap.py
100644 blob f1fed036d3eae8a9dc467ee6d1a8883b7c8c32bc	brasileirao_scripts/hotpath_smoke.py
100644 blob 85de71f6552f2dbcb77aa03c86eb5ccba8bf9a1d	brasileirao_scripts/import_ou25_historical_backfill.py
100644 blob 4b2485ef32185cad462b1800c65c82032c719539	brasileirao_scripts/ingest_api_football_history.py
100644 blob 44c2c6c8ea4347feaf52cf62705449283082be9f	brasileirao_scripts/init_compose_data.py
100644 blob 53c9cc3584f308e1458b25c06f34d7851d86a841	brasileirao_scripts/install_closing_snapshot_task.ps1
100644 blob d37fe75301bf0e9264cca17cb94c11543c9fda65	brasileirao_scripts/install_collector_a1_task.ps1
100644 blob b4837da8e05570a186ac35fcafa32e80a1647d26	brasileirao_scripts/install_windows_scheduler.ps1
100644 blob 24933b3bf382dfe06991d8af0649c5855fa36661	brasileirao_scripts/inventario_dados.py
100644 blob 1de03ceaddcad378bde35c629857ad3a3c223af7	brasileirao_scripts/investigate_calibration_window.py
100644 blob 69102e0c433ba352438821f7e2f6952d182d191c	brasileirao_scripts/investigate_half_life.py
100644 blob f2c347dfbb9c56d3f175b795eeab7ac45b317fb7	brasileirao_scripts/lineup_inbox.py
100644 blob 5612ea8ebf5ddfed9fda14995b61b13675c910f3	brasileirao_scripts/maher.py
100644 blob 8c1b71ec7db48ebc3c974ecf0fdb3fd54dfef5fa	brasileirao_scripts/maher_verif.py
100644 blob a76abf102b63c3b105348d2596f29f421aaf94fb	brasileirao_scripts/monitor_h8_gate.py
100644 blob 7a5296db332d7e99e9a5bfe819f0cd065ba48d0a	brasileirao_scripts/monitor_shadow_cohort.py
100644 blob 26e9827ac1668d1da85e1e7e7534e3697cb13ed2	brasileirao_scripts/odds_shop.py
100644 blob 0293c82e5fa76bc34192c62e51a0d2feaf42a7c0	brasileirao_scripts/operational_readiness.py
100644 blob 5ed9014554095806ef96892b4034d3a82d49609a	brasileirao_scripts/p1_cost_probe.py
100644 blob dc83d7fa5c664c3a404a6dce06e471ab1143dc06	brasileirao_scripts/permutation_test.py
100644 blob fd7a34e416b4a4546cd57f5bea4f2e97e918d39b	brasileirao_scripts/persist_h14_prospective.py
100644 blob d4541977470df913828b772efa2ab6f2c7e0ac61	brasileirao_scripts/persist_h15_prospective.py
100644 blob cdaabf2aa35bda53c0f4f6a770230506889483fd	brasileirao_scripts/playoff_clv.py
100644 blob a1fa7acecfa0e8a0ad539ad380a8ab5c9a4b36a8	brasileirao_scripts/poc_fadiga.py
100644 blob de2bd928c0feed99efb144907e2f412922169119	brasileirao_scripts/predict_first18_2026.py
100644 blob cc91f4f7d23e22dba7c45d02b838aa476effc97e	brasileirao_scripts/predict_first18_ou_dc.py
100644 blob 088a952cd74c01bddee6b69d1724269433174ec9	brasileirao_scripts/predict_first18_teams.py
100644 blob 159f6c5269f211ddb5f26d157b6200a43763d059	brasileirao_scripts/predict_walkforward_ev.py
100644 blob 676520820b202ec713bad2c91da1634e94ec2a04	brasileirao_scripts/prereg_serving_vs_climatologia.py
100644 blob 35207fb074c5a59ff157ad33ecb57b6eb199e980	brasileirao_scripts/prever.py
100644 blob fa8b15c43489bfbe1dac60faa7784c9a83ff1a54	brasileirao_scripts/prospective_metrics.py
100644 blob b8cfc401a9ca19bfe979638030f0ada2ac2fc288	brasileirao_scripts/prospective_protocol_v2.py
100644 blob 7a06b0b9febc1310197aa24c0bffa0ed4dfd05d7	brasileirao_scripts/prospective_readiness.py
100644 blob 899ae3108778713c2ada92a96563318fcde64e00	brasileirao_scripts/prova_mecanismo.py
100644 blob 3a61e1ddda1bc1d33710a80409ef4e2133e822a0	brasileirao_scripts/record_closing_snapshots.py
100644 blob ac78b659bd736709fbeafdd379b904b0b59796bb	brasileirao_scripts/record_h9_closing_snapshots.py
100644 blob 7783c1ff66730ab09fb56da9a1b0c1548a46f469	brasileirao_scripts/record_odds_smoke.py
100644 blob 3eebbbedff0a00049d7d2f31ab3e06e0f815705f	brasileirao_scripts/register_h9_prospective.py
100644 blob 11b33aae1346b1a9532ea7572871aad402ec2ea5	brasileirao_scripts/register_retest_2023_2026.py
100644 blob fd43140cfeca4b4bb33178f7e5b7e5b41fb97870	brasileirao_scripts/registrar_h5.py
100644 blob 73ef2aaab6d14caf6d909293f01f974917c0f4be	brasileirao_scripts/renew_core3_harness.py
100644 blob 7d1e53eff0a93d234ac9e944290db00edca55310	brasileirao_scripts/replay_round_2026_08_22.py
100644 blob 6b0e527b4e8feca6e3e997516a1a5ae8a0e08661	brasileirao_scripts/report_h9_execution_quality.py
100644 blob eb50dcd50306a3f5270d0951c28346a6c41eb793	brasileirao_scripts/report_h9_missed_windows.py
100644 blob 3615d1dc9e26df308c0c7ee50f3c5774c1e3213e	brasileirao_scripts/report_shadow_mode.py
100644 blob 080b6376c28b55a544f8b13f1a3c3544ed72fd6d	brasileirao_scripts/research_01a_refit_cadence.py
100644 blob fe588cb88bda0ae5072897ce2bb5e80182a7e6a2	brasileirao_scripts/research_dynamic_strength.py
100644 blob 184c5919c40fb9335f0c0519e45a22314177339b	brasileirao_scripts/research_market02_1x2.py
100644 blob ab63415486fa27df91af9512f270c091d45f513e	brasileirao_scripts/research_market_0b_resolution.py
100644 blob 8f844b3aa0ba8a380493aae6edcbca79a1deab15	brasileirao_scripts/research_market_edge_ordering.py
100644 blob 473baf24bb2ea1b99ac036ab8b73bb5c1b8aefad	brasileirao_scripts/research_ou25_annual_2021_2026.py
100644 blob e24f776abd2c81cadebceb2354b91f5fe852110d	brasileirao_scripts/research_ou25_certainty.py
100644 blob b743b90d7f25badc130091469a589e8398822473	brasileirao_scripts/research_ou25_factorial.py
100644 blob 6958da453efb8682a4904d0ac189acef57071ea7	brasileirao_scripts/research_ou25_market_anchor.py
100644 blob bd104fa8a5be766e78499c3be1c6d4ba61e151df	brasileirao_scripts/research_ou25_nested_replay.py
100644 blob ae67881f17b035e11da68fe703f72d3a5b031e4f	brasileirao_scripts/research_residual_diagnostics.py
100644 blob 4b6217f47e0c098f805a5b7927feae55f8c7dbf0	brasileirao_scripts/research_xg_ensemble.py
100644 blob f200d82d1f7670098fc375abe0792042075f5aa2	brasileirao_scripts/run_h4_sweep.py
100644 blob 51fb27352515d004f8f84eb60850924ab7593f4f	brasileirao_scripts/run_passive_task.py
100644 blob dd22f60cf475877e79b8de2cceaaf9b1add6cd7e	brasileirao_scripts/seed_test_fixtures.py
100644 blob 8f7cc675e53e30235b3d6a8b7c30db75210d9c3b	brasileirao_scripts/settle_h9_shadow.py
100644 blob a313b25a7dd3f34b176751f30272df2037c557ba	brasileirao_scripts/settle_live_prediction.py
100644 blob d9b03268a18ba5c1fe57150314480df90d99ab4f	brasileirao_scripts/shadow_dashboard.py
100644 blob 83909843d831ef9d9493356b82b91c6a308474e5	brasileirao_scripts/sim_2025_2026.py
100644 blob 3e23f991d5185c047a767e4234ba818bd7a9ffbe	brasileirao_scripts/sim_melhorias.py
100644 blob 89a79c7ec67124c2690be1a8ac96245bad533e90	brasileirao_scripts/smoke_odds_source.py
100644 blob 0b005025ff98633d2f9906258c91503b271f53d4	brasileirao_scripts/sombra.py
100644 blob 36c219fecfe26d060cda1d97a92917e59c5adff2	brasileirao_scripts/sombra_diaria.py
100644 blob 1f5dc431fedd6fed5b0f25a3740bca4b6c0ef8c6	brasileirao_scripts/sombra_diaria_payload.py
100644 blob f6b2385ed1904be6b3d759d0725049c269870e39	brasileirao_scripts/sync_matches_from_sofascore.py
100644 blob a9f728d0e055bc4dbf1b8d802a46ae29d410f5a6	brasileirao_scripts/temporal_replay_manifest.py
100644 blob c7b48ab55b7bbf5b71d8e6dc4ed625070e945578	brasileirao_scripts/trial_draw_calibration_a10.py
100644 blob 0f263e8e798994f4a92602590566c664c150fe26	brasileirao_scripts/update_h9_fixtures.py
100644 blob 0f2776353ea2d26fb12e3f891b411d70a5aea1ba	brasileirao_scripts/validate_env_example.py
100644 blob d09c50088acedfa836ebafa536efabc762925d3b	compose.yaml
100644 blob a21da6d11e0c9b2af57645437d7c611e76ddcc71	config.yaml
100644 blob 9db54404197bb1a78bada36b43033cd26c3f53d4	constraints/shared-wheels.sha256
100644 blob d35f03a77fe7df79652052c4254086067537de02	contracts/a1-ou25-phase0-policy.json
100644 blob aa49bb8518bea74261dccbfd8025c7d9e1eebb67	contracts/brasileirao-api-football-fixtures-v1.json
100644 blob 15ce1bdb8fb50b24d75765dfa7ced567662550e9	contracts/h8-ou25-frozen-candidate.json
100644 blob a3bb314be48fa1b77e199fbb589bbe76ef269ef3	contracts/h9-ou25-prospective.json
100644 blob 679662500e64b26907d534d1d5cba30d64343a6d	contracts/ou25-nested-future-candidate.json
100644 blob f052380e077de563eed8bbbf62f37b5cd41fe589	contracts/ou25-paper-capital-round-2026-08-29.json
100644 blob 349528291ed1720c57326979f09e0e164701d6f9	contracts/ou25-recommendation-v2.json
100644 blob e002047ba665b8319cbb9695c53dcde9dec546f8	contracts/ou25-under-high-ev-prospective-2026.json
100644 blob 0583000cfea92c80911a286ad4106edc32922ae0	contracts/redis-fair-odds-v2.schema.json
100644 blob cfad489c12fb72f4c5f2df30b6ace439aedb82bb	contracts/redis-protocol-v1.schema.json
100644 blob 64f45405786b5a2c6ff55a64b742ab9fc848c8bd	contracts/redis-protocol-v2.md
100644 blob e740e28127afa2343b95c7c203bda314a1adf4ff	contracts/redis-protocol-v2.schema.json
100644 blob 4b882bfce228978b783090c969e6b7bf7a4602a5	contracts/season-2026-turn-split-paper.json
100644 blob 764acc52ff24b7736fdfc78af82db50c01b8b0d1	data/promotions_brasileirao_2018_2026.json
100644 blob 443218d7cace29a02070c6300a240d251541a2c4	data/team_aliases.json
100644 blob a89e9fe6ce252458e29208603516d56632ca83dd	data/teams_brasileirao.json
100644 blob 4fa7c038ffeb88b7f0df8bb5236192da6cefd7fc	data/trials.harness_attestation.json
100644 blob b7650129951f56038bbef529c31381b58c2a263a	data/trials.json
100644 blob 74f3f1cce89f91d0b1e78f9ad8f2e149fcc969eb	data/trials.v2.json
100644 blob 0967ef424bce6791893e9a57bb952f80fd536e93	docker/titularidade.json
100644 blob 769b253a16c8aae65508d8d56804182e16a54183	docker/vorp.json
100644 blob 7519e9db8f1b7d9969844aa820cf32c1f2f906fe	docs/A1_OU25_PHASE0_RUNBOOK.md
100644 blob a9188543339c2f4f5790a4f58fd6e0a030bca12f	docs/AUDITORIA_ADVERSARIAL_2026-09-05.md
100644 blob bee0608e46dc550d5e2d48caa35d6c06e486469f	docs/AUDITORIA_DOCS_VS_CODIGO_2026-09-06.md
100644 blob fc93a91b13888920070b2baba556b1fe2b017a6e	docs/AUDITORIA_MATEMATICA_E_CORRECOES_2026-08-26.md
100644 blob dc79068908ab82c65bc0fa68cf476e02cb3b6b22	docs/BACKFILL_POINT_IN_TIME.md
100644 blob 15408c76ea0e222e189d47260c54e6c53207f930	docs/BOOKMAKER_STABILITY.md
100644 blob 81ca694d58d9d4317c2db59168f340c3419c2803	docs/CAUSA_RAIZ.md
100644 blob 889dc5f76f38ff1ebb182d516ad02e417728d830	docs/CLOSING_LINE.md
100644 blob d5eb3401385c35c8a7b1ee1219d350406e803c7e	docs/COLLECTION_ONLY_HANDOFF.md
100644 blob 95d02e7731fd3d442cf6bb1a3d8a593df1a34a00	docs/COMPARACAO_HIPOTESES_VS_ERROS_ATUAIS_2026-08-26.md
100644 blob 2037a334b45d709c82eea5f810ea2001111663fe	docs/CONCLUSOES.md
100644 blob 11bbc2e59b2ba9de38e00045c77014c2d84008b7	docs/COPA_2026_PLAYBOOK.md
100644 blob 2f8ce28741a77ea16b4b42e9fe08ab045efdd7b8	docs/COVERAGE.md
100644 blob 6974eaa6d158155deb20490ca68dc7b076e19a4f	docs/DATA_MAP.md
100644 blob 1388fe7245cc5cbf0d7e301e9960576f850a2537	docs/DOSSIE_ANALISE_PREDICTOR_2026-08-26.md
100644 blob 69768463e4a25c300776cc5c2786424b86ac7492	docs/DRAW_VARIABLE_CATALOG.md
100644 blob 5b80a0b8a0c30f720de504d73bf800d7bd5513bc	docs/ESTADO_ATUAL.md
100644 blob e281c98be98b88bdb181a273604da1fba9d0b9f6	docs/ESTADO_LOCAL_E_OPERACAO.md
100644 blob 4bcf1657f7c41202696d603eeeb855045231d62b	docs/EVIDENCE_REGISTRY.md
100644 blob ee7c0066b6e167a7a27fc97ae071e84f29164b17	docs/FINAL_DELIVERY_ROADMAP_V2.md
100644 blob 3764e526df655f7008830cf118bca00fae7bd043	docs/HANDOFF_OU25_RODADA_2026_08_29.md
100644 blob 469be73079a10340ce38a29583aa8e7d2a70ee50	docs/HISTORICAL_SOURCE_REGISTER.md
100644 blob bcb7db132011e06522c8a70c57fea226c93a6118	docs/HYPERPARAMETERS.md
100644 blob dce0b9e444a3b0a413c515158a47bc31c5e2c99c	docs/INDICE_DOCUMENTACAO.md
100644 blob 1c980c3e5c26daa4f0a24ef620c8994f943101ad	docs/INTEGRATION_MAIN_20260912.md
100644 blob f44898f3c64d630e0537c365fd9bd7cf50dcdf6d	docs/KIMI_STRUCTURAL_EDGE_REVIEW.md
100644 blob e234917eee103fa0ca40e1cbb38c2015cf5616c1	docs/MAHER_RESULTADO.md
100644 blob c24118e8607e8c3c0e381e674e953e06a2b91f4f	docs/MARKET_RESIDUAL_ENGINE.md
100644 blob 0c24f8bb8ef8baed0a994a5efefad5a5e065c5f3	docs/MIGRACAO_WINDOWS.md
100644 blob eb432d9041d6cd88de542d4a9800d3e71780ee83	docs/MODERNIZATION.md
100644 blob 1938ccf1985da58f354785296d01eb13d9853652	docs/OU25_NESTED_REPLAY.md
100644 blob fbc4af568e62cb21c76630ed1fd36c616d2bc1c5	docs/PAST_ATTEMPT_LEDGER.md
100644 blob f30f84039edd9a7682304e6bd14788594795abc1	docs/PREDICTION_PROTOCOL.md
100644 blob dc361d47f0779d331e148b71813dace2a7a2457b	docs/PREDICTION_REQUIREMENTS.md
100644 blob 2c0e7272ed65685c52ea1eb8ec1220a1ff4cab6d	docs/PROJECT_LOGIC_REGISTER.md
100644 blob e18f2f740f81946be6b62626285a95b3594f3eab	docs/PROMPT_PROXIMA_SESSAO.md
100644 blob 32a517d499ed3bb56b8281f4eff157e0284e88cd	docs/PROTOCOL_DRAW_CALIBRATION_A10_2026-08-26.md
100644 blob 175d71a46ecf1eb9a6bdead1ece9fec8276e03fa	docs/READINESS.md
100644 blob 3b1728da052f7d00ba50915481e7bf59f23511b5	docs/RELATORIO_BACKTEST_2026-07-10.md
100644 blob 8ff881f635748192f3292eceff91d252f3e842e8	docs/RELATORIO_DIAGNOSTICOS_RESIDUAIS_2026-08-24.md
100644 blob 27ead19dba9f49021c18f326a3d2f127e3ca32f2	docs/RELATORIO_FINAL.md
100644 blob a5897e2b187cd73d3a5360ee73722f7ed03395ba	docs/RELATORIO_FINAL_CONSOLIDADO_2026-08-26.md
100644 blob 21492047ebd111e8a14b55a74799aa67c7a4c583	docs/RELATORIO_FORWARD_18JOGOS_2026-07-12.md
100644 blob d423f95fb4ede328759bd160436e8355ed2043ae	docs/RELATORIO_GATE_A1_IMPLEMENTACAO_2026-08-24.md
100644 blob 7d88245a7f3182ac0644a3a5089b1cc3b29c1591	docs/RELATORIO_LIVE_FEASIBILITY_L0_2026-08-24.md
100644 blob 8a052730f146edb8df972870c4272408af317f0f	docs/RELATORIO_RETESTE_2026-08-24.md
100644 blob c3456997cfe848c4ac3554d93dcb5a276d846a93	docs/RELATORIO_SESSAO_0B_2026-08-24.md
100644 blob bf0e77bc47f0733f2d63d86c7e62abc16e2f34d4	docs/RELATORIO_VIABILIDADE.md
100644 blob 46048af7cf2f40c2f0c9591e451e5811a0c812ef	docs/RESEARCH_BUNDLE_V1.md
100644 blob 2ddf25b9f2f34e69609f5459f7203d0edc0d09f8	docs/ROADMAP.md
100644 blob aaacf4bd8cc6518da8e656b8bcb867a384649f35	docs/RUFF_BASELINE.md
100644 blob 65c1fe2f5f4246bafc603e902a470b04e2b88bf6	docs/RUNBOOK_P0-P2.md
100644 blob d5a42d3cfc00d8accdc0962cc51271c88367dc0b	docs/SHADOW_PROSPECTIVE_RUNBOOK.md
100644 blob 1b468f7159b8e159b2c20a2b79909c46fc65e733	docs/SIMULACAO_2025_2026.md
100644 blob 41c466c7991e1cf85d9f0423929ccf7948bff3d1	docs/V2_BLUEPRINT.md
100644 blob 8255dee41763ea77e6e1ec8eab978cd4aafd799e	docs/V3_READINESS.md
100644 blob 845f13b2c8167535b3ba978ee238f77c01521a22	docs/VIES_ZEBRA.md
100644 blob 1ee94534e1ea82c9c65bcb1ad8644f32f6e6daa8	docs/continuation/.gitattributes
100644 blob c378ce0c51c1e1b007fdfade4c5bfc798cbc265b	docs/continuation/MANDATO_LUCRO_2026-09-09.md
100644 blob 956dcc4eb2e558685fb3ab926e95021109324af9	docs/continuation/PROMPT_FINAL_REVISAO_INTEGRAL_2026-09-09.md
100644 blob 38f4c04593e1e9e891c348470bb6aa4f85ee8b6f	docs/continuation/PROMPT_MELHORIA_LUCRO.md
100644 blob 2492ce9d51c01757c8ce17a2eb18f1db4c37e65c	docs/continuation/RETOMADA.md
100644 blob dbd020d4d0490bb20e85c6db2a5f7bbad7c9a1ab	docs/continuation/REVISAO_INTEGRAL_2026-09-09.md
100644 blob af299e984512a35c5334a8fbc3608b3f925171f3	docs/continuation/artifact_integrity_2026-09-10/MAPA_DADOS.md
100644 blob 61cb04a7a9a82bea9e3e561159b6544d209f1e38	docs/continuation/artifact_integrity_2026-09-10/MAPA_SISTEMA.md
100644 blob b7878b220b5257d6c6bb8530ed5edb1daaf07084	docs/continuation/artifact_integrity_2026-09-10/PLANO.md
100644 blob 2bfd840f949aec99c8e1cbdb617d753405db6023	docs/continuation/artifact_integrity_2026-09-10/PROXIMO_PROMPT.md
100644 blob b68b1eaba04f646c12a723a92e8422af70caa72d	docs/continuation/artifact_integrity_2026-09-10/REGISTROS.json
100644 blob e57459b3bacbedaf7f3e082a594873fad0555282	docs/continuation/artifact_integrity_2026-09-10/REGISTROS.md
100644 blob 65f85362183604d32a75ff09c6ffb981ed5ce4de	docs/continuation/artifact_integrity_2026-09-10/REPRODUZIR.md
100644 blob d368987a1fd1b62892f430448a39bc6222ee8f21	docs/continuation/artifact_integrity_2026-09-10/RESULTADO.md
100644 blob bcd1b67f6d77abaf858479262870b5a34655e7f3	docs/continuation/artifact_integrity_2026-09-10/evidence/.gitattributes
100644 blob c85d36687fc97c5422dd86b9dbd5ae8a11a1dcf4	docs/continuation/artifact_integrity_2026-09-10/evidence/after/isolation.json
100644 blob 07ba3a25f4faa508798440eb3ae3db2dec87f027	docs/continuation/artifact_integrity_2026-09-10/evidence/after/junit.xml
100644 blob cf47f45f79931b576b23e4609c0e331bc18a1e8f	docs/continuation/artifact_integrity_2026-09-10/evidence/before/isolation.json
100644 blob e34d5798703b741b59ff9b83d6a189b315ad8e82	docs/continuation/artifact_integrity_2026-09-10/evidence/before/junit.xml
100644 blob 6c83788d28e787ee2c87921b89e422fd5faa1f06	docs/continuation/artifact_integrity_2026-09-10/evidence/consumer/isolation.json
100644 blob 44abe3a65ea52ff2dfdbdc4bdd3ce05014405f37	docs/continuation/artifact_integrity_2026-09-10/evidence/consumer/junit.xml
100644 blob b5a453750da71499967d55d8f74dad6ae4a266d9	docs/continuation/artifact_integrity_2026-09-10/evidence/final/isolation.json
100644 blob 5c600d63892c1fc9c4e830b40cb4cea234523ca7	docs/continuation/artifact_integrity_2026-09-10/evidence/final/junit.xml
100644 blob 6e583933b3d57fb8b0740c148963bbe235d74317	docs/continuation/artifact_integrity_2026-09-10/evidence/followup-metadata.json
100644 blob 292c8a3f041471d95541d24f6130391d97917326	docs/continuation/artifact_integrity_2026-09-10/evidence/manifest.json
100644 blob cf17d63719c2905871fb23a80f8aff24e98b5580	docs/continuation/artifact_integrity_2026-09-10/evidence/package-receipt-final.json
100644 blob 2400c3891c6bd3beac605b0576172af02830e223	docs/continuation/artifact_integrity_2026-09-10/evidence/package-smoke-final/build.log
100644 blob 2a48c66466d55a01f540d99f892d2976614adf23	docs/continuation/artifact_integrity_2026-09-10/evidence/package-smoke-final/install.log
100644 blob 25ec51aeabf993353ffdff43d49ef9191d46f77b	docs/continuation/artifact_integrity_2026-09-10/evidence/package-smoke-final/installed-path.log
100644 blob bd6c95a877db28679900116d0e768d4670e21c04	docs/continuation/artifact_integrity_2026-09-10/evidence/package-smoke-final/odds-empty.log
100644 blob 587ed2eed7949ce6621403f309ada454b4a7d925	docs/continuation/artifact_integrity_2026-09-10/evidence/package-smoke-final/odds-invalid.log
100644 blob aea8cee6fdd29ce370c929e8b9bf2b2faa47a00f	docs/continuation/artifact_integrity_2026-09-10/evidence/package-smoke-final/readiness-False.log
100644 blob 1650368c9b02ca793169ebb40e9bc2eacb8ed1a3	docs/continuation/artifact_integrity_2026-09-10/evidence/package-smoke-final/readiness-True.log
100644 blob 4fd42411a67ec4270b06c7f7f80c984fcfc9e081	docs/continuation/artifact_integrity_2026-09-10/evidence/pyright-final.log
100644 blob 397dd17c5b66761ad15d50a32aa32d9d2dc14162	docs/continuation/artifact_integrity_2026-09-10/evidence/quality-checks-final.json
100644 blob 60eccf02d9664fef771910b561387c3e64b91baa	docs/continuation/artifact_integrity_2026-09-10/evidence/quality-first/pyright-final.log
100644 blob a64b7404715dc04664fb29d62d6430223acbc52b	docs/continuation/artifact_integrity_2026-09-10/evidence/quality-first/quality-checks-final.json
100644 blob 1f5f344d054fae10f39140fb7199c99321d9190a	docs/continuation/artifact_integrity_2026-09-10/evidence/quality-first/ruff-check-final.log
100644 blob 63c88103e92a42a0e4728ff17afd4f7df9b0f8e7	docs/continuation/artifact_integrity_2026-09-10/evidence/quality-first/ruff-fix-final.log
100644 blob 983e5b7d3b8260cd7b6465688368178dddd7e316	docs/continuation/artifact_integrity_2026-09-10/evidence/quality-first/ruff-format-check-final.log
100644 blob cb185d9658a3b2349c0bd8f2828b6dccfa26fd76	docs/continuation/artifact_integrity_2026-09-10/evidence/quality-first/ruff-format-final.log
100644 blob 1f5f344d054fae10f39140fb7199c99321d9190a	docs/continuation/artifact_integrity_2026-09-10/evidence/ruff-check-final.log
100644 blob 1f5f344d054fae10f39140fb7199c99321d9190a	docs/continuation/artifact_integrity_2026-09-10/evidence/ruff-fix-final.log
100644 blob 983e5b7d3b8260cd7b6465688368178dddd7e316	docs/continuation/artifact_integrity_2026-09-10/evidence/ruff-format-check-final.log
100644 blob b47d2ea170c7267ce23b1a6fcbc3dfd887927f57	docs/continuation/artifact_integrity_2026-09-10/evidence/ruff-format-final.log
100644 blob 27cd278e8475dc570cc26800b1f8e78503f5f147	docs/continuation/artifact_integrity_2026-09-10/evidence/source-inventory.json
100644 blob aff4a0d6496fdcf560f7b972cecf5ac613ebadcd	docs/continuation/artifact_integrity_2026-09-10/evidence/validation-summary.json
100644 blob 6608aa4dd765f2be5173a30e1ab20fa7cd8a2c3e	docs/continuation/auditoria_2026-09-16/BRASILEIRAO_CONTINUACAO_REPAROS.zip
100644 blob 0db9d1364f87672823f9788eb79544e3041ee2e0	docs/continuation/auditoria_2026-09-16/BRASILEIRAO_CORRECOES_ISOLADAS.zip
100644 blob 24dd18329cb60452ca525763f16e6b3c5379755e	docs/continuation/auditoria_2026-09-16/BUSCA_COMMITS_GITHUB.md
100644 blob 2d9a185c9a0005ed310997c07e8465ad0d1514c7	docs/continuation/auditoria_2026-09-16/BUSCA_HISTORICA_AMPLIADA.json
100644 blob 09547e8ff5d38c81925b7de89daa72d9997c5fcc	docs/continuation/auditoria_2026-09-16/CAIN_CORRECAO_SINTESE.patch
100644 blob fcbebf3235055bfd58f9316f0619882992faece5	docs/continuation/auditoria_2026-09-16/CAIN_ENTREGA_RECONSTRUCAO.md
100644 blob 397691dd5943533574b054eb15ab7ff71b60d6eb	docs/continuation/auditoria_2026-09-16/CAIN_O_QUE_FALTA.md
100644 blob 6543bf7bbbcce890ef369ff275dae46dd97134d4	docs/continuation/auditoria_2026-09-16/CAIN_O_QUE_TEM.md
100644 blob 3a7ff2339d6d11a568bb6cbfe51b8c93a9cef9c3	docs/continuation/auditoria_2026-09-16/CAIN_PERGUNTAS_VERIFICADAS.json
100644 blob 84398bae6cbb4a4d2725859988b3c2b997f3fd93	docs/continuation/auditoria_2026-09-16/CAIN_RECIBO_ADMISSAO.json
100644 blob 024a50545ccab3aa6566e94cf5271aa9cbdc0a0d	docs/continuation/auditoria_2026-09-16/CAIN_RECONSTRUCAO_FONTES_E_EVIDENCIAS.zip
100644 blob 6ac8bd0b5cc347871e1b15f802b73546c3fc941c	docs/continuation/auditoria_2026-09-16/CONTINUACAO_RECUPERACAO_EVIDENCIAS.zip
100644 blob fe56a1aa8b3d7895c9d03b2033bdcb747d37d365	docs/continuation/auditoria_2026-09-16/CONTINUACAO_RECUPERACAO_HISTORICA.md
100644 blob d12fa4620379cb00f26ee6f35e6d4ee9616093dd	docs/continuation/auditoria_2026-09-16/CONTINUACAO_REPAROS.md
100644 blob 66185854a796db07159bff61f24496d53f4a13f9	docs/continuation/auditoria_2026-09-16/CORRECOES.patch
100644 blob ceff49a8a81e2ab15707d1da757147c750a5d33f	docs/continuation/auditoria_2026-09-16/CORRECOES_INTEGRADAS.md
100644 blob 2c6c2dfc0558e80db4b93a396305b2502edcbe53	docs/continuation/auditoria_2026-09-16/CORRECOES_INTEGRADAS_CODIGO_E_EVIDENCIAS.zip
100644 blob 55b34e43f8d74394ed073c25a2ddb0404996d9d9	docs/continuation/auditoria_2026-09-16/DADOS_HISTORICOS_E_PROTOCOLO_V2.md
100644 blob 8d3f6bdd963ba3ea881e0ed51cca19c52ecb92ef	docs/continuation/auditoria_2026-09-16/ENCERRAMENTO.md
100644 blob 26e0a8f7d23aadaabc2a9a9a5f0f9e974cb3b7a4	docs/continuation/auditoria_2026-09-16/ENCERRAMENTO_INSTALACAO_E_EVIDENCIAS.zip
100644 blob 9afc732dfc14d1c8b033c5cd48bbf16ef8cb8160	docs/continuation/auditoria_2026-09-16/FONTES_COMPLEMENTARES_EXP001/exp001_coverage_identity_assessment_2026-09-02.json
100644 blob 8577f0f8508efd5bdac81f3b6a022a6959adcf5c	docs/continuation/auditoria_2026-09-16/FONTES_COMPLEMENTARES_EXP001/exp001_feature_pit_audit_2026-09-02.json
100644 blob 6d068dcf89c497bbb965ca92d594494eb452f0a4	docs/continuation/auditoria_2026-09-16/FONTES_COMPLEMENTARES_EXP001/exp001_readiness_decision_2026-09-02.json
100644 blob 3e846780f6ab966cd8f694c1a284905f5a309cb1	docs/continuation/auditoria_2026-09-16/H15_SUPLEMENTO_RETROSPECTIVO.json
100644 blob 41f28a4c9759c34e56f0eaceedf76e41eb103595	docs/continuation/auditoria_2026-09-16/H15_SUPLEMENTO_RETROSPECTIVO_V3.json
100644 blob 422c2821a76f08360a9c3797c74465c31e0c2068	docs/continuation/auditoria_2026-09-16/LEDGER_DERIVADO.json
100644 blob 8e8b0d23a517b3db47051dd1fbfafdffa96466f8	docs/continuation/auditoria_2026-09-16/LEIA_PRIMEIRO_CONTINUIDADE.md
100644 blob 746747e73b83d2326df029020416372243882d67	docs/continuation/auditoria_2026-09-16/PARECER_E_CORRECOES.md
100644 blob 728601b70cbca0702522ebfb071153557ae23404	docs/continuation/auditoria_2026-09-16/PROMPT_INICIAR_CAIN.md
100644 blob 14132679f714686a9731665a252c8e33f95d752e	docs/continuation/auditoria_2026-09-16/PROTOCOLO_SUCESSOR_V2.json
100644 blob 296b0391a7ef4ffddb404297b45f72b82c52700b	docs/continuation/auditoria_2026-09-16/PROTOCOLO_V2_CODIGO_TESTES_E_EVIDENCIAS.zip
100644 blob 865fe166e100cc06e4dd60f8ca1d16560e487a0e	docs/continuation/auditoria_2026-09-16/PUBLICACAO.md
100644 blob f4e5dd042e7bdac36b6f30284f14a322a45c1597	docs/continuation/auditoria_2026-09-16/PUBLICATION_SHA256.json
100644 blob 4ce27a76c5f508991dce13cdce2d77a199c0df71	docs/continuation/auditoria_2026-09-16/README.md
100644 blob 9edd1a7b5d3c2325f35d22fc576e9012bd27dc7b	docs/continuation/auditoria_2026-09-16/RECIBO_CONTINUACAO.json
100644 blob 405e5f48566f1e1fe88467501a52f70fb4f8927b	docs/continuation/auditoria_2026-09-16/RECIBO_ENCERRAMENTO.json
100644 blob 13ffabe4322f4d691bb99b269933333ec247388c	docs/continuation/auditoria_2026-09-16/RECIBO_EXECUCAO.json
100644 blob e328af505837ffd2e2ae6b6030661bba713cccf6	docs/continuation/auditoria_2026-09-16/RECIBO_INTEGRACAO_FINAL.json
100644 blob 31a05c385ae133b19aa999cfca9c330ce93e55b5	docs/continuation/auditoria_2026-09-16/RECIBO_PROTOCOLO_V2.json
100644 blob 7389830b0ce8c56d1a87fbb723e6b00a5d3712e2	docs/continuation/auditoria_2026-09-16/RECUPERACAO_PREVISOES_METADATA.json
100644 blob 232f109bf192d36f5e78c55cd385b174164880fd	docs/continuation/auditoria_2026-09-16/RODADA_CAIN_20260919.md
100644 blob 0f170b00eb9a7c768aad3831952e743e746d93ff	docs/continuation/auditoria_2026-09-16/SHA256.json
100644 blob 4d7fdb1e57648fab0402bccc98fc78f94f8c92f7	docs/continuation/auditoria_2026-09-16/TESTES.xml
100644 blob 1a3f2a035ac50e589bae890079c997e52b15f11b	docs/continuation/auditoria_2026-09-16/test_br.py
100644 blob 5e90a0d06db5733ab7d26e910f5816437de0f6ac	docs/continuation/backup_receipt.json
100644 blob 9ddd0eebe404591a32a1cbed2ee23b81aa88bf89	docs/continuation/closeout_2026-09-10/MAPA_DADOS.md
100644 blob 3cd36ca9232f4add8ca0fa82cbd8e5461984171f	docs/continuation/closeout_2026-09-10/MAPA_SISTEMA.md
100644 blob b2c00dd6f33f3943d9d9364e870731e932241fcf	docs/continuation/closeout_2026-09-10/NOTAS_DE_VERIFICACAO.md
100644 blob f00737adefd57cacee84b0589a5752a566b9c70a	docs/continuation/closeout_2026-09-10/PROXIMO_PROMPT.md
100644 blob 166f49ec6a456827bd5b045113400c43eae4359d	docs/continuation/closeout_2026-09-10/REGISTROS.json
100644 blob 5cd6544e1bf3b41fbf8bf2ad807030a179f5f975	docs/continuation/closeout_2026-09-10/REGISTROS.md
100644 blob 5d3e3b5cda10bc869fece3545b576285c4492d7b	docs/continuation/closeout_2026-09-10/REPRODUZIR.md
100644 blob 221a7f27d54064bf0638aa12b025eedb3ab8c1ed	docs/continuation/closeout_2026-09-10/RESULTADO.md
100644 blob bcd1b67f6d77abaf858479262870b5a34655e7f3	docs/continuation/closeout_2026-09-10/evidence/.gitattributes
100644 blob d43472c585f0b60e2b068b1e3e7ceef5c764f100	docs/continuation/closeout_2026-09-10/evidence/after/isolation.json
100644 blob 43259e6dba913453e64111e6d73a0f729c053e3b	docs/continuation/closeout_2026-09-10/evidence/after/junit.xml
100644 blob 1120fd69841c3ac703b874f8cc3bc9e885d38b1b	docs/continuation/closeout_2026-09-10/evidence/automation-config-attempt.json
100644 blob 4cdfffcec17b48348e5c7e9b66063f56a5ad4d0f	docs/continuation/closeout_2026-09-10/evidence/before/isolation.json
100644 blob 0b153e6f4f9d252d6a0327abb86cca7ad7944957	docs/continuation/closeout_2026-09-10/evidence/before/junit.xml
100644 blob 2cc4cd07ab4d75d313d60aec9239d62fe1fb4ae5	docs/continuation/closeout_2026-09-10/evidence/boundary-check.json
100644 blob 471f03ba04dd7ad0055b7f34f9e749f672787796	docs/continuation/closeout_2026-09-10/evidence/build-contract-review.json
100644 blob 3bda3ff8e4c7d449dc4ec6c19fd6a27f3596ded6	docs/continuation/closeout_2026-09-10/evidence/coverage-before/isolation.json
100644 blob 67022b206e79d7e9ef64d28c86aa653e72e50cf2	docs/continuation/closeout_2026-09-10/evidence/coverage-before/junit.xml
100644 blob d8994286abbe4c859967be1ceb96299b0b1754c5	docs/continuation/closeout_2026-09-10/evidence/coverage-summary.json
100644 blob 9667d46ab4d452660a95c8a242c5980e1d368b21	docs/continuation/closeout_2026-09-10/evidence/integrated-final/isolation.json
100644 blob 23960f7f7165cd36de5e027f60f4a3421349a0c2	docs/continuation/closeout_2026-09-10/evidence/integrated-final/junit.xml
100644 blob 6c6d46a6cd4c2a1c4b1f2024c014ee59cd45762f	docs/continuation/closeout_2026-09-10/evidence/integration-test-scope.json
100644 blob d29423190d781ea7ade5ba61987368712ebe5c2d	docs/continuation/closeout_2026-09-10/evidence/latency-after/_LEO_2026-09-10_13_56_04_net10.0.trx
100644 blob e3daa1a898e7c532d05623c6347c3fd57fc6e103	docs/continuation/closeout_2026-09-10/evidence/latency-after/coverage.cobertura.xml
100644 blob 4c46463a6422365a853b5a22d04d05a78509f64a	docs/continuation/closeout_2026-09-10/evidence/latency-after/dotnet-build.log
100644 blob 29a6efb335833b691da48779e9593f2adcaf6684	docs/continuation/closeout_2026-09-10/evidence/latency-after/dotnet-restore.log
100644 blob 33475560946e2259a8df866017972909378a6723	docs/continuation/closeout_2026-09-10/evidence/latency-after/dotnet-test.log
100644 blob 05d9a9a098d26b2c4ac768eb2927ac5db3dded35	docs/continuation/closeout_2026-09-10/evidence/latency-after/kernel-startup-24356.log
100644 blob 3354f7cc2952d790f0047373f5f4c18275607c96	docs/continuation/closeout_2026-09-10/evidence/latency-after/python-integration.log
100644 blob 11ff3b7342127b286d6a69bc8ddc3ab8332938db	docs/continuation/closeout_2026-09-10/evidence/latency-after/receipt.json
100644 blob 28e974c5b9d302fdd52a8014794cf16314ac1f5d	docs/continuation/closeout_2026-09-10/evidence/latency-after/redis.log
100644 blob 38434a03ca9f9015ab181c759cb30079358b641d	docs/continuation/closeout_2026-09-10/evidence/latency-before/_LEO_2026-09-10_13_52_27_net10.0.trx
100644 blob d9c7f769636696534084a282dd261c979c24b166	docs/continuation/closeout_2026-09-10/evidence/latency-before/coverage.cobertura.xml
100644 blob 3dcbab5754dcdde8b84b337cfc4f9826cc6cbbd1	docs/continuation/closeout_2026-09-10/evidence/latency-before/dotnet-build.log
100644 blob a32ccbb41405e1a6fa12d83ba5f6194e81767abc	docs/continuation/closeout_2026-09-10/evidence/latency-before/dotnet-restore.log
100644 blob 8def3de075ec38b8300c64df7870f784752e3a37	docs/continuation/closeout_2026-09-10/evidence/latency-before/dotnet-test.log
100644 blob 9f8cf6cf0bcf5a9a074ba20ee5abd9739eaa77c0	docs/continuation/closeout_2026-09-10/evidence/latency-before/kernel-startup-5708.log
100644 blob fdc0156673e7049a6c4dfb9ec9491406b9f0d700	docs/continuation/closeout_2026-09-10/evidence/latency-before/python-integration.log
100644 blob 48cab2857b36183c4fb1f9f282c83f4ed562a43b	docs/continuation/closeout_2026-09-10/evidence/latency-before/receipt.json
100644 blob 1038bf51b61bf1992d2f39f20259f93dcb3b0ce8	docs/continuation/closeout_2026-09-10/evidence/latency-before/redis.log
100644 blob 50be8c297cf6856807f959689d0eb8782e3f8402	docs/continuation/closeout_2026-09-10/evidence/manifest.json
100644 blob 83a85a722744e666416907e77804c86e47ca5fcc	docs/continuation/closeout_2026-09-10/evidence/package-receipt-final.json
100644 blob 4da55b387e00b20bbfb952575652daae6a2b98bb	docs/continuation/closeout_2026-09-10/evidence/package-smoke-final/build.log
100644 blob a6bd8bd8587f24c3aa7e34e9fab16a83d2ced9e3	docs/continuation/closeout_2026-09-10/evidence/package-smoke-final/install.log
100644 blob 1979dc0ec81125d837646c090e2ec5965a1fe910	docs/continuation/closeout_2026-09-10/evidence/package-smoke-final/installed-path.log
100644 blob bd6c95a877db28679900116d0e768d4670e21c04	docs/continuation/closeout_2026-09-10/evidence/package-smoke-final/odds-empty.log
100644 blob 587ed2eed7949ce6621403f309ada454b4a7d925	docs/continuation/closeout_2026-09-10/evidence/package-smoke-final/odds-invalid.log
100644 blob aea8cee6fdd29ce370c929e8b9bf2b2faa47a00f	docs/continuation/closeout_2026-09-10/evidence/package-smoke-final/readiness-False.log
100644 blob 1650368c9b02ca793169ebb40e9bc2eacb8ed1a3	docs/continuation/closeout_2026-09-10/evidence/package-smoke-final/readiness-True.log
100644 blob 4fd42411a67ec4270b06c7f7f80c984fcfc9e081	docs/continuation/closeout_2026-09-10/evidence/pyright-final.log
100644 blob 03bdbee799b1c3df10b6082b697b0e5f0a8e0010	docs/continuation/closeout_2026-09-10/evidence/quality-checks-final.json
100644 blob c3196abf7dd2a5e337bc7811b10479fc5e342cad	docs/continuation/closeout_2026-09-10/evidence/quality-first/pyright-final.log
100644 blob db39143128733e9caaf6f56c8b0496063a8b49ab	docs/continuation/closeout_2026-09-10/evidence/quality-first/quality-checks-final.json
100644 blob 783e8c7516b6fe530b38347c0a4a673ea3c09615	docs/continuation/closeout_2026-09-10/evidence/quality-first/ruff-check-final.log
100644 blob c184078bbf40dc1451c4ade33bf446bce7258304	docs/continuation/closeout_2026-09-10/evidence/quality-first/ruff-fix-final.log
100644 blob de74e481d73ab37debc8f86619ff65a591d6108e	docs/continuation/closeout_2026-09-10/evidence/quality-first/ruff-format-check-final.log
100644 blob 8706bf6a657decc8ed386603c07282bbe1bf40b8	docs/continuation/closeout_2026-09-10/evidence/quality-first/ruff-format-final.log
100644 blob 3936b23f3e59fa920e0b842595fa85f7c59a0096	docs/continuation/closeout_2026-09-10/evidence/research-before/isolation.json
100644 blob f36c054a468fd55f2f95402e1a13dea82fea29b4	docs/continuation/closeout_2026-09-10/evidence/research-before/junit.xml
100644 blob 1f5f344d054fae10f39140fb7199c99321d9190a	docs/continuation/closeout_2026-09-10/evidence/ruff-check-final.log
100644 blob 1f5f344d054fae10f39140fb7199c99321d9190a	docs/continuation/closeout_2026-09-10/evidence/ruff-fix-final.log
100644 blob de74e481d73ab37debc8f86619ff65a591d6108e	docs/continuation/closeout_2026-09-10/evidence/ruff-format-check-final.log
100644 blob 8706bf6a657decc8ed386603c07282bbe1bf40b8	docs/continuation/closeout_2026-09-10/evidence/ruff-format-final.log
100644 blob 739bae801cd584c18b5abedb8df5546a55f70acb	docs/continuation/closeout_2026-09-10/evidence/runtime/_LEO_2026-09-10_13_41_49_net10.0.trx
100644 blob 3f38638c28098cfdf2748da1bc624f9a713168ce	docs/continuation/closeout_2026-09-10/evidence/runtime/coverage.cobertura.xml
100644 blob f9d14cda8f4b786d28662ca94ab2294a58e71f84	docs/continuation/closeout_2026-09-10/evidence/runtime/dotnet-build.log
100644 blob 4c7273b98d64fb8e12396305778fbbe99cb2aa3b	docs/continuation/closeout_2026-09-10/evidence/runtime/dotnet-restore.log
100644 blob fbb2d944d4fcede2b01dc20870c5ecd76d0a63e5	docs/continuation/closeout_2026-09-10/evidence/runtime/dotnet-test.log
100644 blob ca77d566df0ef104ff1d4068a691b1b3aede8624	docs/continuation/closeout_2026-09-10/evidence/runtime/kernel-startup-1980.log
100644 blob 365982143badacd920fb1ff6d9ffb8332b5933b3	docs/continuation/closeout_2026-09-10/evidence/runtime/python-integration.log
100644 blob 1f173e5a787e99824681fcc67684174c52401b65	docs/continuation/closeout_2026-09-10/evidence/runtime/receipt.json
100644 blob be6225e919578e4c647d02bd02b84df681daae36	docs/continuation/closeout_2026-09-10/evidence/runtime/redis.log
100644 blob eeaed98f4edd3f41d6ff4e545636bd682fc97531	docs/continuation/closeout_2026-09-10/evidence/source-inventory.json
100644 blob 56e576b92af3f1ce87bcb55f6e62564faad901b7	docs/continuation/closeout_2026-09-10/evidence/status-before/isolation.json
100644 blob 9a84aa58de585935b6af6ca9f6854f087542ad96	docs/continuation/closeout_2026-09-10/evidence/status-before/junit.xml
100644 blob cf3ed5334014acd234a762fcd1e5f030f0dbe012	docs/continuation/closeout_2026-09-10/evidence/supplemental-after/isolation.json
100644 blob 027ea87353e91de6cdcaa1b18ddc9541812262ad	docs/continuation/closeout_2026-09-10/evidence/supplemental-after/junit.xml
100644 blob 709fb318921f3206bff66bbc63968c8726839e4d	docs/continuation/closeout_2026-09-10/evidence/validation-summary.json
100644 blob 77b1a58ca0cf43900f4d007db07637a856b6323f	docs/continuation/completion_2026-09-10/CHECKPOINT_INICIAL.md
100644 blob 518265ade8f08c582f92deed168d1290622fefab	docs/continuation/completion_2026-09-10/CHECKPOINT_TRABALHO.md
100644 blob dc3f9961a0af1165f90c62622b134bc48c3c7db4	docs/continuation/completion_2026-09-10/MAPA_DADOS.md
100644 blob 0f51c2c7612004212bc9556f629d6d006af07b35	docs/continuation/completion_2026-09-10/MAPA_SISTEMA.md
100644 blob cbb2adb92e67274683ea50383124c704f18b58df	docs/continuation/completion_2026-09-10/NOTAS_DE_VERIFICACAO.md
100644 blob b31cbb721626578a1881a1e88ad94ed446ed5627	docs/continuation/completion_2026-09-10/PROXIMO_PROMPT.md
100644 blob 318aa2f82a624f33abee785e8a267b04c58f8dcb	docs/continuation/completion_2026-09-10/REGISTROS.json
100644 blob d6b4f1b3fe72cd269cae828ee3224aabccbdfc01	docs/continuation/completion_2026-09-10/REGISTROS.md
100644 blob d14134b4a00673d27f8a6c87efca27e925c37e91	docs/continuation/completion_2026-09-10/REPRODUZIR.md
100644 blob 3ae06f4048b83c2c75f53dfd472934278462e1ea	docs/continuation/completion_2026-09-10/RESULTADO.md
100644 blob bcd1b67f6d77abaf858479262870b5a34655e7f3	docs/continuation/completion_2026-09-10/evidence/.gitattributes
100644 blob fb6e0e376e8b65d8d0293d237ffd15e03840f406	docs/continuation/completion_2026-09-10/evidence/anchor-period-before/isolation.json
100644 blob 5e92e0046546921fadd96ddf721efe5dba9f190e	docs/continuation/completion_2026-09-10/evidence/anchor-period-before/junit.xml
100644 blob 998baef298678bd93165383aa62700db8f14ce59	docs/continuation/completion_2026-09-10/evidence/automation-view.json
100644 blob bd72bf30958b5cdcec30029350a8c2b22306ba3e	docs/continuation/completion_2026-09-10/evidence/boundary-check.json
100644 blob 3d4bbd054d8fbfade53988d311f36f1d485076f6	docs/continuation/completion_2026-09-10/evidence/compose-init-after/isolation.json
100644 blob ef4a1094ae10c55aeee394b9f78a08f85e249234	docs/continuation/completion_2026-09-10/evidence/compose-init-after/junit.xml
100644 blob 89ae1b11a46637392edfd3724e6f0d86aa957db4	docs/continuation/completion_2026-09-10/evidence/compose-init-before/isolation.json
100644 blob 7882ebf42d8c5b4544da2851b9ca80dd951bd18e	docs/continuation/completion_2026-09-10/evidence/compose-init-before/junit.xml
100644 blob ef0e92ea431092d4916701a98d875f20772949e2	docs/continuation/completion_2026-09-10/evidence/confidence-before/isolation.json
100644 blob b20ce80888b3f00486b151acb9b3fbd64e053443	docs/continuation/completion_2026-09-10/evidence/confidence-before/junit.xml
100644 blob cd854c3084d412a903b125daf6198548d708656e	docs/continuation/completion_2026-09-10/evidence/coverage-summary.json
100644 blob ba2c03bf225a186cead7953cd32ef11e45ec37b9	docs/continuation/completion_2026-09-10/evidence/event-inputs-before/isolation.json
100644 blob 58492de2364ab7d14815a45237b33e181266f1cd	docs/continuation/completion_2026-09-10/evidence/event-inputs-before/junit.xml
100644 blob 26afcd5f9a2bd8989a084e1ac5f2c3e5028d0ee9	docs/continuation/completion_2026-09-10/evidence/frozen-followup.json
100644 blob 2aba1a4b8b5d5e00f929bfb98c4d28211f500fc5	docs/continuation/completion_2026-09-10/evidence/integrated-python-02/isolation.json
100644 blob aaefae2237041fc364d4ce998fc6861e9366091b	docs/continuation/completion_2026-09-10/evidence/integrated-python-02/junit.xml
100644 blob f743a1e11345e815cf31d394b8f2bfc7a4502ec8	docs/continuation/completion_2026-09-10/evidence/integrated-python-03/isolation.json
100644 blob a5957a92232a23edba0e38799e788d26e1fc83bb	docs/continuation/completion_2026-09-10/evidence/integrated-python-03/junit.xml
100644 blob 47fb2caa5889c9d9db981167b8209ceb442c6538	docs/continuation/completion_2026-09-10/evidence/integrated-python/isolation.json
100644 blob 3a84896893eefc40ba5a84a0b6af38ba697b9701	docs/continuation/completion_2026-09-10/evidence/integrated-python/junit.xml
100644 blob 92be97122a5a88b52565f5a56349bbfaadee35f8	docs/continuation/completion_2026-09-10/evidence/ledger-after/isolation.json
100644 blob 45f602a40d7c231b3a5b754c2d71ac8ca913655e	docs/continuation/completion_2026-09-10/evidence/ledger-after/junit.xml
100644 blob 5962e813890ff8041bcb331bfe0abd104da37661	docs/continuation/completion_2026-09-10/evidence/ledger-before/isolation.json
100644 blob 09068d40f0f45df707f92ef1e30e87fc934f5698	docs/continuation/completion_2026-09-10/evidence/ledger-before/junit.xml
100644 blob 654cad186b02fb4116639267bc26a47579e2ca95	docs/continuation/completion_2026-09-10/evidence/manifest.json
100644 blob 4a4973f7f99393a1e865e25ec56566e1199aa489	docs/continuation/completion_2026-09-10/evidence/math-consumer-after/isolation.json
100644 blob 63bb4a83bb9ff3b41d4d0e582ee85a16b119f28d	docs/continuation/completion_2026-09-10/evidence/math-consumer-after/junit.xml
100644 blob 8fdb5e4d5c419df42cf1b6f608de5604f23f6d00	docs/continuation/completion_2026-09-10/evidence/math-consumer-before/isolation.json
100644 blob 3ceabe82f6a4673273f12547ea1e0a29c3febbf2	docs/continuation/completion_2026-09-10/evidence/math-consumer-before/junit.xml
100644 blob 72c0efb935d1a72573bdd76bf6bf18856d31bb02	docs/continuation/completion_2026-09-10/evidence/odds-receipt-tests/isolation.json
100644 blob 268c66c276eee90f37abd8f9d56a7fe53cf7c70d	docs/continuation/completion_2026-09-10/evidence/odds-receipt-tests/junit.xml
100644 blob f80dfe46df77d73fba2e0315b210338ce8e8775e	docs/continuation/completion_2026-09-10/evidence/package-receipt-final.json
100644 blob c70307bdad5986639cc4c8b0173e6542d93f4596	docs/continuation/completion_2026-09-10/evidence/package-receipt.json
100644 blob 2b8fe36442d698b09a91efcdaa161abde74c9bfa	docs/continuation/completion_2026-09-10/evidence/pagination-before/isolation.json
100644 blob d20ec714a8848fe05f481a4934143525f285f8a5	docs/continuation/completion_2026-09-10/evidence/pagination-before/junit.xml
100644 blob 23bdcd616c806b5d213fb71324817e59e50a5710	docs/continuation/completion_2026-09-10/evidence/pit-contracts-after/isolation.json
100644 blob 8a5e9d678bfac1c6f78708a1e1422c0f7e99adec	docs/continuation/completion_2026-09-10/evidence/pit-contracts-after/junit.xml
100644 blob d2152fa19f42b78c41101bd1c3571d8503b54f3f	docs/continuation/completion_2026-09-10/evidence/pit-contracts-before/isolation.json
100644 blob 43fb901b4eed505bff49a75cbd50c31abd96013d	docs/continuation/completion_2026-09-10/evidence/pit-contracts-before/junit.xml
100644 blob 8c90af3bb2d5e96ee703679108a63763e3bb5a9c	docs/continuation/completion_2026-09-10/evidence/quality-checks-final.json
100644 blob 7b8dc15b9394f752b27456eba47b4264e430598c	docs/continuation/completion_2026-09-10/evidence/regressions-after/isolation.json
100644 blob 469d7691082f96b6ae7f5e2b9a17cb84400395dc	docs/continuation/completion_2026-09-10/evidence/regressions-after/junit.xml
100644 blob 46be4a70c843a46324760656cae748076fc96208	docs/continuation/completion_2026-09-10/evidence/regressions-before/isolation.json
100644 blob fee4498f3aea388cb53cf64d5e649aeabf3bb577	docs/continuation/completion_2026-09-10/evidence/regressions-before/junit.xml
100644 blob c9692ce1493e69f81bcd1d7b33f2b6bead8b82e0	docs/continuation/completion_2026-09-10/evidence/runtime-after-02/_LEO_2026-09-10_12_55_50_net10.0.trx
100644 blob 6d8266b335ad9a20c3d946af1ad0a1c0f38c2909	docs/continuation/completion_2026-09-10/evidence/runtime-after-02/python-junit.xml
100644 blob 930d8e1eee502446e0c903c4444ce33b210d2fda	docs/continuation/completion_2026-09-10/evidence/runtime-after-02/receipt.json
100644 blob b117699adb95cdaf1ca09d6a84740b0d2c1f6886	docs/continuation/completion_2026-09-10/evidence/runtime-after/_LEO_2026-09-10_12_42_19_net10.0.trx
100644 blob 4c03340e631fd336fa4e866f97efed8377cc28ed	docs/continuation/completion_2026-09-10/evidence/runtime-after/python-junit.xml
100644 blob a9c0eeba4c12be3673391f7f3e11d9c8d4d8d8c7	docs/continuation/completion_2026-09-10/evidence/runtime-after/receipt.json
100644 blob 4f1b31bed46424597eac46e999283228bb8cdca6	docs/continuation/completion_2026-09-10/evidence/runtime-before/_LEO_2026-09-10_12_35_09_net10.0.trx
100644 blob 61ed355d4e8c2a2825b8a8be2eb48cbe08f0af6a	docs/continuation/completion_2026-09-10/evidence/runtime-before/python-junit.xml
100644 blob 080681a32b088ede5bf2efe637fc73604a4ca6be	docs/continuation/completion_2026-09-10/evidence/runtime-before/receipt.json
100644 blob d448c0c29b95f8e6538d040b7b2d1d4cefdcee6b	docs/continuation/completion_2026-09-10/evidence/runtime-cross-diagnostic/_LEO_2026-09-10_13_00_05_net10.0.trx
100644 blob a2f7852946a5eb700915e3f23b98efd46ecd53da	docs/continuation/completion_2026-09-10/evidence/runtime-cross-diagnostic/receipt.json
100644 blob 9c78801ade86377ab55d9ab39206294e5c8fecd6	docs/continuation/completion_2026-09-10/evidence/serving-storage-after/isolation.json
100644 blob cc8f75f949db170d793a9f23f5f26de9edd6fea1	docs/continuation/completion_2026-09-10/evidence/serving-storage-after/junit.xml
100644 blob fb996e066bcc92fa276b302ab66fadc73b7c5810	docs/continuation/completion_2026-09-10/evidence/serving-storage-before/isolation.json
100644 blob 9a201a77f3c31f1c92d446901b3e6b84139096d7	docs/continuation/completion_2026-09-10/evidence/serving-storage-before/junit.xml
100644 blob 6bac638731057b4bcb43cdbf37f43bfd18ff7dc3	docs/continuation/completion_2026-09-10/evidence/source-inventory.json
100644 blob 8c678b6e40559638954b5b75f89c46c2c703f87b	docs/continuation/completion_2026-09-10/evidence/source-regressions-after/isolation.json
100644 blob aaf5990e909d04596afccc4fb0aecfb05b2f74e2	docs/continuation/completion_2026-09-10/evidence/source-regressions-after/junit.xml
100644 blob 0e1f1403682782b18539b670c5d58c361abeb83e	docs/continuation/completion_2026-09-10/evidence/source-regressions-before/isolation.json
100644 blob 3b9f16018210b0e3c2dd48df6f93f3b9bc6004f8	docs/continuation/completion_2026-09-10/evidence/source-regressions-before/junit.xml
100644 blob 5432df1d6c6a97e0a8b25ecd7d924a721b41c06d	docs/continuation/completion_2026-09-10/evidence/sources-followup/receipts.json
100644 blob d6946aa2369dd262992582fd5585c64f8041dc9b	docs/continuation/completion_2026-09-10/evidence/sources/receipts.json
100644 blob 1bbd4d33f086ec84a76f31e89604b91d7c3be4fc	docs/continuation/completion_2026-09-10/evidence/storage-final/isolation.json
100644 blob 391b8b4abd83086fb57f5a4c96f7edba62b2af14	docs/continuation/completion_2026-09-10/evidence/storage-final/junit.xml
100644 blob ab702b200b717fae3a3ef97199193335621c6797	docs/continuation/completion_2026-09-10/evidence/validation-summary.json
100644 blob fcadb2cf97913f58a2523f535336e725c6b59d1f	docs/continuation/data_completion_2026-09-09/.gitattributes
100644 blob 43e68307745dd06b9509e975ebfe661e5fbd155a	docs/continuation/data_completion_2026-09-09/ACQUISITION_ADDENDUM.md
100644 blob 0cbc76ba3c0baba5d1389fa7774dcb1095363882	docs/continuation/data_completion_2026-09-09/CONTINUIDADE.md
100644 blob a1b2865d6afb9e155d51394e1c1eb07b01f32920	docs/continuation/data_completion_2026-09-09/PENDENCIAS.md
100644 blob c6d0b43e86dfa7a6786a52f05f553efa335fc00b	docs/continuation/data_completion_2026-09-09/PROTOCOL.md
100644 blob 3b7df8897e39fe914ae1b1c26d5d9a1702119968	docs/continuation/data_completion_2026-09-09/REPARO_TRANSPORTE.md
100644 blob 75a5317140f61b1a71ea25490fd4f4c7fc827eec	docs/continuation/data_completion_2026-09-09/REPRODUZIR.md
100644 blob be3a5fbf6e6b4460a65b20f3e95d6d73bad5cb67	docs/continuation/data_completion_2026-09-09/RESULTADO.md
100644 blob 09f64f7f160d3cc70e487762d2556bc0883db0d0	docs/continuation/data_completion_2026-09-09/evidencias/account_final_recheck.json
100644 blob 45684d7820aebff31d4b399ff4a9a1ca75bc552f	docs/continuation/data_completion_2026-09-09/evidencias/admission_manifest.json
100644 blob cb6ea001340004a3914a82889acdb74c7064fcea	docs/continuation/data_completion_2026-09-09/evidencias/closing_independent_check.json
100644 blob 7f40bc8b3b226595d2da12c96755d68d0a6bd926	docs/continuation/data_completion_2026-09-09/evidencias/closing_manifest.json
100644 blob 53138607cce52e80b074745ecafb1f319928382d	docs/continuation/data_completion_2026-09-09/evidencias/closing_source_quality.json
100644 blob bdcbfa382238b3e5c83341de12ce5bf8a52b6a1f	docs/continuation/data_completion_2026-09-09/evidencias/closing_summary.json
100644 blob 1eeba65292d60b425bab279cc52c4c37031381eb	docs/continuation/data_completion_2026-09-09/evidencias/completude.json
100644 blob 0bb68d4b4dc816ca5864a30b0fadb22da1a19f45	docs/continuation/data_completion_2026-09-09/evidencias/engineering_checks.json
100644 blob 0364327473f07dc9ded760c58520ae8427cf4703	docs/continuation/data_completion_2026-09-09/evidencias/extra_sources_manifest.json
100644 blob 693e9d18062def7ddd80dafeae0b757391d6a588	docs/continuation/data_completion_2026-09-09/evidencias/freeze_receipt.json
100644 blob 5c7efe66e2662b08bde015736af0ec7a0314d08e	docs/continuation/data_completion_2026-09-09/evidencias/historical_summary.json
100644 blob 5737fd0c3d1d3b407ef69f1c22246a95b535486b	docs/continuation/data_completion_2026-09-09/evidencias/manifest.json
100644 blob e707326e0e0f9498ae2d924e115ebb0c56a39747	docs/continuation/data_completion_2026-09-09/evidencias/pilot_hardening_check.json
100644 blob ce2dff1cc380c35ae60ab3f0002775ce36509883	docs/continuation/data_completion_2026-09-09/evidencias/pilot_summary.json
100644 blob 5f1f8dc1538833fdde9b807d05c9c7fbbbcf4967	docs/continuation/data_completion_2026-09-09/evidencias/public_sources_manifest.json
100644 blob ae5098a6b2e5de745fdb92ed593ba02c86b9e00b	docs/continuation/data_completion_2026-09-09/evidencias/pyright_final.txt
100644 blob c425d9c4aaf4abbbd0fd99febea24e4e6453ed08	docs/continuation/data_completion_2026-09-09/evidencias/tests_final.xml
100644 blob 37c329bd3b0d34248a95fd7ac29c230e75fbd29f	docs/continuation/data_completion_2026-09-09/evidencias/transport_repair.json
100644 blob 93f7d1a6002b3f876085ee811da6ce4382c8cb5a	docs/continuation/data_completion_2026-09-09/reproducao/account_recheck.py
100644 blob 95236e1b02d31c86179c9cef0acb13751715f076	docs/continuation/data_completion_2026-09-09/reproducao/acquire_history.py
100644 blob 3fa8c04e2a930f57e7984e21d570ea23ca8ed6ea	docs/continuation/data_completion_2026-09-09/reproducao/audit_followup.py
100644 blob ee443c38148ddf1f65ffab8b1eda98e5f16d1f3f	docs/continuation/data_completion_2026-09-09/reproducao/audit_results.py
100644 blob d5383bf53dc297d344872c72b2597f4e6b3a763b	docs/continuation/data_completion_2026-09-09/reproducao/capture_pilot.py
100644 blob 06d32cc0247c7a1b523416bf23653e67d88022b9	docs/continuation/data_completion_2026-09-09/reproducao/check_account.py
100644 blob f0cff53261aae568710585ae9946635ea41846b4	docs/continuation/data_completion_2026-09-09/reproducao/fetch_public.py
100644 blob 0b3acf77cbf176619acb04df85413998411ea8c9	docs/continuation/data_completion_2026-09-09/reproducao/fetch_public_extra.py
100644 blob 7a0ea10d5fccacb6caf6eafc766384231c3f1928	docs/continuation/data_completion_2026-09-09/reproducao/followup_capture.py
100644 blob 9597dc7d5b298750cc6c063fac94d671d7a8ec15	docs/continuation/data_completion_2026-09-09/reproducao/manifest.json
100644 blob ee820cf647ff4d5e7435ff2b9cf5951e1fab4ffd	docs/continuation/data_completion_2026-09-09/reproducao/pyrightconfig.json
100644 blob 49f6b0d512048c43b24f6b27d511b0bad4f03f2e	docs/continuation/data_completion_2026-09-09/reproducao/repair_transport.py
100644 blob b44fbedd0b85e11abafa2529acfb067862405a0c	docs/continuation/data_completion_2026-09-09/reproducao/run_closing.py
100644 blob caa14cb767f772118e2780906051e2936b118fc8	docs/continuation/data_completion_2026-09-09/reproducao/validate_offline.py
100644 blob 258823f36494e7b57df62fc067d3a61aa3c1107b	docs/continuation/data_completion_2026-09-09/reproducao/verify_closing_independently.py
100644 blob 19e38921be7b03280c02b98dfef4a06bdc21ca28	docs/continuation/docker_completion_2026-09-08/RESULTADO.md
100644 blob 2eb10305b19334a8416e834c9b2b5f70eaa07c10	docs/continuation/docker_completion_2026-09-08/backup_receipt.json
100644 blob 48e5e21e7cef6bb82540ae3670020def599b28aa	docs/continuation/docker_completion_2026-09-08/estado.json
100644 blob 9fdea52088fd1203b69d0d498c9f2555cf796c01	docs/continuation/docker_completion_2026-09-08/evidencias/work/compose_completion/FINAL_DOCUMENT_REVIEW.md
100644 blob d17d7e1aa41364eff328eaa815753a86c71dd4ae	docs/continuation/docker_completion_2026-09-08/evidencias/work/compose_completion/HARNESS_REVIEW.md
100644 blob f918ab13874332b7ebb7a0c51dbbfad8110c6ee6	docs/continuation/docker_completion_2026-09-08/evidencias/work/compose_completion/finalize_harness.py
100644 blob 362b7e5b7a3bcb814208774ea056696e0e5c67a4	docs/continuation/docker_completion_2026-09-08/evidencias/work/compose_completion/harness/compose.yaml
100644 blob 4a4ac164b0ddf9971c65f967a5deb9cf86b0caa3	docs/continuation/docker_completion_2026-09-08/evidencias/work/compose_completion/harness/config.stdout.json
100644 blob 4a4ac164b0ddf9971c65f967a5deb9cf86b0caa3	docs/continuation/docker_completion_2026-09-08/evidencias/work/compose_completion/harness/config_final.stdout.json
100644 blob 2ee9e46277b0a3a728d8b7ab4af08f1f3a5e8b66	docs/continuation/docker_completion_2026-09-08/evidencias/work/compose_completion/harness/docker_config/config.json
100644 blob e69de29bb2d1d6434b8b29ae775ad8c2e48c5391	docs/continuation/docker_completion_2026-09-08/evidencias/work/compose_completion/harness/empty.env
100644 blob 2f3d7c00165bf732205bd6794fd25b19cc30e41c	docs/continuation/docker_completion_2026-09-08/evidencias/work/compose_completion/harness/fixtures/config.yaml
100644 blob 69a88e3b65423624fe7ea8b0f8beefcc62cc3d5f	docs/continuation/docker_completion_2026-09-08/evidencias/work/compose_completion/harness/fixtures/titularidade.json
100644 blob 61b009d1c9b0d376441dc21fc5973e505203ad0c	docs/continuation/docker_completion_2026-09-08/evidencias/work/compose_completion/harness/fixtures/vorp.json
100644 blob e31d95a9661d9675e794708dd3bbbd9575a7a4cf	docs/continuation/docker_completion_2026-09-08/evidencias/work/compose_completion/harness/manifest.json
100644 blob ad8f5baa8d33c8b4bf02508f15252fd85deb4d3d	docs/continuation/docker_completion_2026-09-08/evidencias/work/compose_completion/harness/synthetic_db_check/receipt.json
100644 blob 1539a499990aaf2567ba1bc7558c4dfcaefbd9c8	docs/continuation/docker_completion_2026-09-08/evidencias/work/compose_completion/prepare_harness.py
100644 blob afbb7a0268fe0d6fa3efeb1ab05128ea89c27413	docs/continuation/docker_completion_2026-09-08/evidencias/work/compose_completion/run_compose.py
100644 blob 8c80649a95bf4990ceaf19510cc1560205c2d91b	docs/continuation/docker_completion_2026-09-08/evidencias/work/compose_completion/runner_plan.json
100644 blob 44ba8863c2b2054aa937cba89415298412821aa2	docs/continuation/docker_completion_2026-09-08/evidencias/work/compose_completion/runner_plan_final.json
100644 blob 04ab9ce2570965c19d4bf339acbe9761d51f29a8	docs/continuation/docker_completion_2026-09-08/evidencias/work/compose_completion/runner_validation.json
100644 blob 10dfe94ac2ff76849120471948f7de7f61593d75	docs/continuation/docker_completion_2026-09-08/evidencias/work/compose_completion/runner_validation_final.json
100644 blob 86ea285e24a3f9d67e969ca5bc56cf768fba0fbf	docs/continuation/docker_completion_2026-09-08/evidencias/work/host_completion/PRODUCER_AUDIT.md
100644 blob 204480d5c370dbf8a45ef7988bf6066a465f112f	docs/continuation/docker_completion_2026-09-08/evidencias/work/host_completion/admin_diagnosis_20260908T1223/launch.json
100644 blob 6ff4c3e0495b99eb42204a2bf901d7af5525f4f3	docs/continuation/docker_completion_2026-09-08/evidencias/work/host_completion/capture_preflight.ps1
100644 blob ff46db0d81d3e9124e2bf11784cce953e6ffb91c	docs/continuation/docker_completion_2026-09-08/evidencias/work/host_completion/diagnose_admin.ps1
100644 blob 4d4d6fe35856bfef7ecb77d217a711744d5295a4	docs/continuation/docker_completion_2026-09-08/evidencias/work/host_completion/docker_probes.json
100644 blob 69139b77a293a355ceb300215df1d45e0d94165f	docs/continuation/docker_completion_2026-09-08/evidencias/work/host_completion/preflight.json
100644 blob b553a2a0780eac8a7c27b8d00fe6cacf0cbee3ba	docs/continuation/docker_completion_2026-09-08/evidencias/work/host_completion/preserve_completion.py
100644 blob e09c2cc69a79240410b74d849c568db2dbb7f2c7	docs/continuation/docker_completion_2026-09-08/evidencias/work/host_completion/probe_docker.py
100644 blob 0909ed25698ca9db8a0edc05f3c08ecc6849ca95	docs/continuation/economic_search_2026-09-10/MANIFEST.json
100644 blob e21942d5a874152b77f6f6e265a064b6c30ce432	docs/continuation/economic_search_2026-09-10/PROTOCOL.md
100644 blob 8f3be4da8221992d6123b4e93e5a506607446831	docs/continuation/economic_search_2026-09-10/PROXIMO_PROMPT.md
100644 blob 85c0cae590e8befbc91b6357916c0435fde80b0d	docs/continuation/economic_search_2026-09-10/REGISTROS.json
100644 blob 97bed18bb1204aed32f159af7efbd6e4b836f327	docs/continuation/economic_search_2026-09-10/REPRODUZIR.md
100644 blob a3995c22d577245ba072b588f61c93d0010424da	docs/continuation/economic_search_2026-09-10/RESULTADO.md
100644 blob 2c4f2e83c0d00d4ca92dd483417a25541e8d62d8	docs/continuation/economic_search_2026-09-10/evidence/build-final.stderr.txt
100644 blob e69de29bb2d1d6434b8b29ae775ad8c2e48c5391	docs/continuation/economic_search_2026-09-10/evidence/build-final.stdout.txt
100644 blob 74c661598d2b8901129993008b3c257ef209ee15	docs/continuation/economic_search_2026-09-10/evidence/build-initial.stderr.txt
100644 blob 97dcb2903ecabf8f188044c1976e2ee341a3cb61	docs/continuation/economic_search_2026-09-10/evidence/checks.json
100644 blob af6bb922842662576f965c98f9fcf90741f5fdac	docs/continuation/economic_search_2026-09-10/evidence/coverage.json
100644 blob cf2d1ed44b1b081ee04af0eab6abbf6ec2727060	docs/continuation/economic_search_2026-09-10/evidence/freeze-receipt.json
100644 blob 3fb953d597afe5491e4dbfa2d4f40ba6d758073a	docs/continuation/economic_search_2026-09-10/evidence/gate-receipt.json
100644 blob 7adab3fcddc92955b95de588db88950bafcef593	docs/continuation/economic_search_2026-09-10/evidence/independent-audit.json
100644 blob 46f48fce85f20721ef6a852acdc303447c758eae	docs/continuation/economic_search_2026-09-10/evidence/manifest.json
100644 blob d3b95309746c538ed7d1eeb666b0d077f1256f4c	docs/continuation/economic_search_2026-09-10/evidence/package-verification.json
100644 blob 032ca7e19432a67d8baa6c949ef17d66680b04ef	docs/continuation/economic_search_2026-09-10/evidence/recovery-receipts.json
100644 blob 1c8478a388e73d54d447d875b21c11dbb6f1aecd	docs/continuation/economic_search_2026-09-10/evidence/redirect-receipts.json
100644 blob b48475f410e4893c321bd7ee4aefb101c8fd05f6	docs/continuation/economic_search_2026-09-10/evidence/run-isolation.json
100644 blob 4f291fa3c25173d6b656b28016819c27eee95f3d	docs/continuation/economic_search_2026-09-10/evidence/source-receipts.json
100644 blob 2ade88042d7bc14d6b8a5102dff5d9edc23a80ce	docs/continuation/economic_search_2026-09-10/evidence/summary.json
100644 blob dd2e73adc36b49680e9c22b4da0036ab24bdc053	docs/continuation/economic_search_2026-09-10/evidence/tests-before-results.xml
100644 blob f9bed53263d6e46ff54b1830b869e4135e49fdbf	docs/continuation/economic_search_2026-09-10/evidence/tests-final.xml
100644 blob a766e28ae8720f9c7dc2af2c8dc95135ea7a0918	docs/continuation/economic_search_2026-09-10/evidence/tests-isolation.json
100644 blob fcadb2cf97913f58a2523f535336e725c6b59d1f	docs/continuation/execution_readiness_2026-09-09/.gitattributes
100644 blob b0b261707232d3ef8d2983c9075746cfe33a9c1f	docs/continuation/execution_readiness_2026-09-09/PROTOCOL.md
100644 blob 6c72016b4629e58f454bf7ae2fac9579b34b9192	docs/continuation/execution_readiness_2026-09-09/REPRODUZIR.md
100644 blob 18cb118ca850ec72f2e4b49387e5a7b0f279bf6c	docs/continuation/execution_readiness_2026-09-09/RESULTADO.md
100644 blob de6e5141a0c477e4c2313de0779f7b620af646b1	docs/continuation/execution_readiness_2026-09-09/evidencias/activation.json
100644 blob 32096292fa58f7ecc3c0a5ad5b9b22b35f57bc47	docs/continuation/execution_readiness_2026-09-09/evidencias/engineering_checks.json
100644 blob f7046df14b84f6a9c56c98b14edad734e1a246df	docs/continuation/execution_readiness_2026-09-09/evidencias/execution_contract.json
100644 blob 7b6dbc526bbf2c031d1ecbadf96a8e8531a5167b	docs/continuation/execution_readiness_2026-09-09/evidencias/manifest.json
100644 blob 075330f505448ccbc354d5d406d2d4c772c1e600	docs/continuation/execution_readiness_2026-09-09/evidencias/previous_reproduction_manifest.json
100644 blob 3f2d2e84df9417cebabcd4b220d23bb6ceae87aa	docs/continuation/execution_readiness_2026-09-09/evidencias/public_sources_manifest.json
100644 blob 31c67ee9e717cd9a201f7aa9fd3a5d5b6f00c27d	docs/continuation/execution_readiness_2026-09-09/evidencias/tests_before_fix.xml
100644 blob 1def1fa2aaf7a006b55739e23b5872c91434c2cf	docs/continuation/execution_readiness_2026-09-09/evidencias/tests_final.xml
100644 blob dc37528e441cb83739bd2c050d103eb6e851534c	docs/continuation/implementation_2026-09-10/ERRATA_UTF8.json
100644 blob d8739a345a69d3b1dc99d8841786ba2e26d938bc	docs/continuation/implementation_2026-09-10/MANIFEST.json
100644 blob d26db061c71a7d743546a830ef04c159f140ee0c	docs/continuation/implementation_2026-09-10/PROXIMO_PROMPT.md
100644 blob 799283a4a6d10cac4e2af573391e327f1a9734fa	docs/continuation/implementation_2026-09-10/REGISTROS.json
100644 blob bd3e10543342d3a8a5aeab7ccc799baf6629b1aa	docs/continuation/implementation_2026-09-10/REGISTROS_RI_UTF8.json
100644 blob 7fb8ffa9cc123cf6d3e7366a1ae9b1cb5ec106fd	docs/continuation/implementation_2026-09-10/REPRODUZIR.md
100644 blob 03f7fadb46a5479a01aa23a433a3c9fd31b1e4f3	docs/continuation/implementation_2026-09-10/RESULTADO.md
100644 blob 4f6efc60c6eb9de87193f7d3c4d75aa0c87860d0	docs/continuation/implementation_2026-09-10/evidence/CHECKPOINT_E_PROTOCOLO.md
100644 blob 1b0a6c27a88563910fb3541c20ca32f7611c99c5	docs/continuation/implementation_2026-09-10/evidence/before-bootstrap-failure.log
100644 blob 85f45c02e15ee174887a3a268bc54550010514b7	docs/continuation/implementation_2026-09-10/evidence/before-cold-start.xml
100644 blob e0e4b10cff9612afc8aa3a7941c9411cf5266874	docs/continuation/implementation_2026-09-10/evidence/before-intermittent-cross-pass.log
100644 blob 3054004c1d54f9c6e5d751c9ccd2d0a66a36c084	docs/continuation/implementation_2026-09-10/evidence/before-parser.xml
100644 blob 72ce81f0a9590d5b18bf6eb9a24906204c2fc479	docs/continuation/implementation_2026-09-10/evidence/before-receipt-universe.xml
100644 blob c9bcb55abf63c5226047328209a7bc86cf329c6b	docs/continuation/implementation_2026-09-10/evidence/before-runtime-smoke-failure.log
100644 blob d308bb6f71d322b3704d653af72316f03cb040d6	docs/continuation/implementation_2026-09-10/evidence/build-python-final-02.log
100644 blob 929c10ab56df85c695c9d8ea68725eb5d0ec74cf	docs/continuation/implementation_2026-09-10/evidence/capture-contract.json
100644 blob 827bb6a764de6c049c0ffb7217cd340cf3234f81	docs/continuation/implementation_2026-09-10/evidence/capture-manifest.json
100644 blob 34b415432c63c474647425a171d3f8ed3050a683	docs/continuation/implementation_2026-09-10/evidence/decision.json
100644 blob 71bb9a0c0ec47d83c5b9e45731ecf604565a81f5	docs/continuation/implementation_2026-09-10/evidence/dotnet-build.log
100644 blob bd0fbee713ed5c5402b133ea1b279492f3464b6d	docs/continuation/implementation_2026-09-10/evidence/dotnet-coverage.xml
100644 blob b57d107d934350f1f6319ff8b62f27f74586679c	docs/continuation/implementation_2026-09-10/evidence/dotnet-test.log
100644 blob eaf99a5b6d9d52f35bc40a7aea259a948d94cc41	docs/continuation/implementation_2026-09-10/evidence/dotnet-tests.trx
100644 blob c94d4537264dd0137ae71f8189b4b93b8b108e76	docs/continuation/implementation_2026-09-10/evidence/package-smoke-final.log
100644 blob 6e6ab926174bc57c0b41911c8ff3328c01676cd6	docs/continuation/implementation_2026-09-10/evidence/package-smoke.json
100644 blob 38cc6f0753372abb9faa57e843d4b82c5c0f4089	docs/continuation/implementation_2026-09-10/evidence/pyright-default.log
100644 blob fd701031a1c2765ee7131b0c64787e12c3c9a9a3	docs/continuation/implementation_2026-09-10/evidence/pyright-explicit.log
100644 blob 155149c976a1465f41fe9ed48b286fb7e6d8e8a8	docs/continuation/implementation_2026-09-10/evidence/python-redis.log
100644 blob 16638842098c1024aff1336ed73e875ded16fcfd	docs/continuation/implementation_2026-09-10/evidence/python-redis.xml
100644 blob 2eacf10a70d58bd5086919a17e8fdc525615ded6	docs/continuation/implementation_2026-09-10/evidence/python-unit.xml
100644 blob 2dae833dd66bdfb3fddd3488609c45f98864220b	docs/continuation/implementation_2026-09-10/evidence/redis-container-tag.json
100644 blob f4c4e0f127279aaff15ee1453adefaa0901bd6d3	docs/continuation/implementation_2026-09-10/evidence/redis-windows-release.json
100644 blob 7f6ba294132e156ccce54256b2567c8763f1b628	docs/continuation/implementation_2026-09-10/evidence/ruff-final.log
100644 blob 4f208a39028221c6872761d6f35a456db943af5e	docs/continuation/implementation_2026-09-10/evidence/ruff-format-final.log
100644 blob 0f2ca85b055698ef29a20ccea46131137c9fd113	docs/continuation/implementation_2026-09-10/evidence/runtime-receipt.json
100644 blob e2e67c6ac60c58e4532963951e0708aa60a00d00	docs/continuation/implementation_2026-09-10/evidence/seal.json
100644 blob 87ea2990e95751e397e3bbfec0a55b4449a0700a	docs/continuation/implementation_2026-09-10/evidence/summary.json
100644 blob 7c7e34e6bf8d65856a54ab12dfc9ed708ea4f459	docs/continuation/implementation_2026-09-10/evidence/unit-isolation.json
100644 blob 4a00f033c36b80d6ec625ee24de8c3aa673ac853	docs/continuation/implementation_2026-09-10/reproducao/capture_decision_before_universe.py
100644 blob c2aad2d7f56a14ec53c89a802aa9fdc79a004712	docs/continuation/implementation_2026-09-10/reproducao/check_lab_boundaries.py
100644 blob e1168c32c5f8344fc8456544f5ed4b079f3b0079	docs/continuation/implementation_2026-09-10/reproducao/repair_register.py
100644 blob 8ae73893f4fb0d34aa58a78e9fa20464239a0d38	docs/continuation/implementation_2026-09-10/reproducao/run_capture_experiment.py
100644 blob b6a483923268c616b1c82632d30d09810ade1590	docs/continuation/implementation_2026-09-10/reproducao/run_isolated.py
100644 blob 321fe1476fc4030a6dd90dd88a467d472a953787	docs/continuation/implementation_2026-09-10/reproducao/test_cold_start_preload_variant.py
100644 blob d9e77616d06df67be7eceffb622bfc2f1be81768	docs/continuation/integral_review_2026-09-09/.gitattributes
100644 blob d7f786d460f300ba7e3566ebd2f7e9538207615e	docs/continuation/integral_review_2026-09-09/ALEGACOES.md
100644 blob b90ae0513ed574aefc24fc54f337ac5408c0e010	docs/continuation/integral_review_2026-09-09/CHECKPOINT_INICIAL.md
100644 blob 57362184b8937cecb7295a2c858a713215f2d548	docs/continuation/integral_review_2026-09-09/MANIFESTO.json
100644 blob fb4ea655edcc9dc353663d2e26ad8be6d75f82c7	docs/continuation/integral_review_2026-09-09/MAPA_DADOS.md
100644 blob 810334cd64dd9d7a2af8b9939188329fc29b9ce2	docs/continuation/integral_review_2026-09-09/MAPA_SISTEMA.md
100644 blob d2616d78474c331aa03b0ba89f3392a7fc416746	docs/continuation/integral_review_2026-09-09/PROBLEMAS.md
100644 blob 3a158f5e5f797cc61a282171c5d1ddf85886ccc5	docs/continuation/integral_review_2026-09-09/PROTOCOLO.md
100644 blob 0558245808e0fb4f58446928ab0cc13126544ba6	docs/continuation/integral_review_2026-09-09/PROXIMO_PROMPT.md
100644 blob 72d58134d7ee917e3194add3773518b6dae03ca7	docs/continuation/integral_review_2026-09-09/REGISTROS.json
100644 blob 77409ab4b061e939d13971d7b0d81a3058269bb1	docs/continuation/integral_review_2026-09-09/REPRODUZIR.md
100644 blob c969848be6639f1e5d66b44deab939c0b7fd5e95	docs/continuation/integral_review_2026-09-09/RESULTADO.md
100644 blob 9bd2d60afb9badfc1e99e2f3e7f807798b8e56fe	docs/continuation/integral_review_2026-09-09/evidence/activation.json
100644 blob 3250a8a8b83e0fb6a73668fae536d87bd12b402c	docs/continuation/integral_review_2026-09-09/evidence/artifact-locations.json
100644 blob 60bfb58df21ef5a250f0929f10664847a654e471	docs/continuation/integral_review_2026-09-09/evidence/baseline-broad-cases.json
100644 blob f0e1efef7cae2b0c66e733548405e86ff1c6ef3f	docs/continuation/integral_review_2026-09-09/evidence/baseline-failure-recheck-cases.json
100644 blob f06e09e754e34f02bb23f6692fdec2b7e6dbddb8	docs/continuation/integral_review_2026-09-09/evidence/baseline-test-selection.json
100644 blob 3d828fc5006d1201a6931e68476e2a402ac6e78c	docs/continuation/integral_review_2026-09-09/evidence/closing-summary.json
100644 blob f44a6f60aa81adc53e8567ce2a55c8322d0f7abe	docs/continuation/integral_review_2026-09-09/evidence/concurrency-before-cases.json
100644 blob d3418e43f2aab0a648152b1a5ed8b25bd81c1dd6	docs/continuation/integral_review_2026-09-09/evidence/data-summary.json
100644 blob 73941ea6d32972ba779cf8e65f626c31e52244f7	docs/continuation/integral_review_2026-09-09/evidence/domain-before-cases.json
100644 blob 6e2a7b3783118f1e92e58c0dbfbfe9b6df2c4b82	docs/continuation/integral_review_2026-09-09/evidence/dotnet-sdk.json
100644 blob 34df25b1b0e8f36022eee4ecd11ef92a8e2c9bd3	docs/continuation/integral_review_2026-09-09/evidence/environment.json
100644 blob a88f2f3e56af2150a49171ffaebe4b4c7d8442b3	docs/continuation/integral_review_2026-09-09/evidence/event-before-cases.json
100644 blob 87669197c785f1911c2ccdee6ef9d9101d44d81c	docs/continuation/integral_review_2026-09-09/evidence/final-corrections-cases.json
100644 blob ef3c57103c7aa56534b27f69ab2fba1c8a86bfa8	docs/continuation/integral_review_2026-09-09/evidence/frozen-identity.json
100644 blob c49776f8eefe24b3676c7d440dfc45e323fc1d13	docs/continuation/integral_review_2026-09-09/evidence/inventory-summary.json
100644 blob d87964f4fbfc9af19e4daed64a200a3d2ed64c5a	docs/continuation/integral_review_2026-09-09/evidence/isolation-boundary-cases.json
100644 blob ed2c0bf10639dec8b6d5c7d8aea85185370223e5	docs/continuation/integral_review_2026-09-09/evidence/logs/baseline-failure-recheck.log
100644 blob ddfe958caa8a705bc3b020c4a24a4fba288ad08b	docs/continuation/integral_review_2026-09-09/evidence/logs/dotnet-build-03.log
100644 blob 5b475a4301b3f6b955efe91cfb6fba434171cf59	docs/continuation/integral_review_2026-09-09/evidence/logs/dotnet-restore-03.log
100644 blob 0dfdedff71c36855ffeb3c3ea39995fc4bc26952	docs/continuation/integral_review_2026-09-09/evidence/logs/dotnet-test-03.log
100644 blob 7da36f7a9330647586f6e74ea567f43fc647d225	docs/continuation/integral_review_2026-09-09/evidence/logs/final-corrections.log
100644 blob b47b3259761dc2fd021daaa42b810e42279301f8	docs/continuation/integral_review_2026-09-09/evidence/logs/isolation-boundary.log
100644 blob 0a48979dcb3bc955b31a3de044f81e5d97d3bbad	docs/continuation/integral_review_2026-09-09/evidence/logs/package-build-final.log
100644 blob 6dbd5f1896d34d65bca98a904e264770a8b46375	docs/continuation/integral_review_2026-09-09/evidence/logs/package-build.log
100644 blob 7769bd7a037fa2672ea1b652ce108b3e6aa3c824	docs/continuation/integral_review_2026-09-09/evidence/logs/package-smoke-final.log
100644 blob 7769bd7a037fa2672ea1b652ce108b3e6aa3c824	docs/continuation/integral_review_2026-09-09/evidence/logs/package-smoke.log
100644 blob 4fd42411a67ec4270b06c7f7f80c984fcfc9e081	docs/continuation/integral_review_2026-09-09/evidence/logs/pyright-explicit-02.log
100644 blob c0046335b5216c84c99c7fe2d4488bea65abc6ed	docs/continuation/integral_review_2026-09-09/evidence/logs/pyright-fixed-version.log
100644 blob 1f5f344d054fae10f39140fb7199c99321d9190a	docs/continuation/integral_review_2026-09-09/evidence/logs/ruff-ci-scope.log
100644 blob 61b95f6020082a9683a618f55f8904be477683c9	docs/continuation/integral_review_2026-09-09/evidence/logs/ruff-format-ci-scope.log
100644 blob 73f29fdc00666ad163e7a663c9e0b55d96c2827e	docs/continuation/integral_review_2026-09-09/evidence/package-smoke-final.json
100644 blob 0455b18004a942145d3a5865b089b74f2cf27d38	docs/continuation/integral_review_2026-09-09/evidence/package-smoke.json
100644 blob f3af7cc3c5f6a7bcc796a6c929c65bb6ae38e0bb	docs/continuation/integral_review_2026-09-09/evidence/previous-dc-manifest.json
100644 blob aa3d93bd68d2366e3939efe7d3230db05278a028	docs/continuation/integral_review_2026-09-09/evidence/public-source-receipts.json
100644 blob 84ef59463db3f79707956a5bbe4621c602f46171	docs/continuation/integral_review_2026-09-09/evidence/regressions-after-cases.json
100644 blob 2e5aa1629ddafe953c891d92077fe33e6c63a498	docs/continuation/integral_review_2026-09-09/evidence/regressions-before-cases.json
100644 blob 61f64747cb697e15026a017f42cb4af950e0c4dd	docs/continuation/integral_review_2026-09-09/evidence/source-inventory.json
100644 blob 49c2702f8b7ae590f62d81fbe46aa4f34e81387b	docs/continuation/integral_review_2026-09-09/evidence/temporal-after-cases.json
100644 blob 360a2f0c2c6c3212fbc1efc89f385fde10816f6a	docs/continuation/integral_review_2026-09-09/evidence/temporal-before-cases.json
100644 blob d72b0c63e2ebc19ef5023f4726df7bdebd5cb11d	docs/continuation/integral_review_2026-09-09/evidence/tests.json
100644 blob 08617bd665d4ccd8c6b4f6cad690e1dabca16880	docs/continuation/integral_review_2026-09-09/reproducao/NuGet.Config
100644 blob 67bdedd8f1f4c8f48034fe6628f7189eb0a3b9e4	docs/continuation/integral_review_2026-09-09/reproducao/audit_data.py
100644 blob abc38a5135a1766cc88210ad2f472d14eb602f95	docs/continuation/integral_review_2026-09-09/reproducao/consolidate_evidence.py
100644 blob 4a8ce7fa825c115fcbccd580a61facbf339b8df6	docs/continuation/integral_review_2026-09-09/reproducao/finish_review_artifacts.py
100644 blob 3eebd43a35063622588da441f2a6f5fb4b658993	docs/continuation/integral_review_2026-09-09/reproducao/inventory.py
100644 blob f38e2b9b59da0f228a69e749d154949647078555	docs/continuation/integral_review_2026-09-09/reproducao/manifest.json
100644 blob 2edd2dbcdbde11cf50564b917c22b4cfd1b7776a	docs/continuation/integral_review_2026-09-09/reproducao/package_smoke.py
100644 blob a0f1f0afee34113a73c6ca1dd9cfe9b2c55fa18a	docs/continuation/integral_review_2026-09-09/reproducao/package_smoke_final.py
100644 blob 7170ddfe336ff5a9ecd23863f38bfba9bdb7b35a	docs/continuation/integral_review_2026-09-09/reproducao/prepare_dotnet.py
100644 blob 732bd2ab70a53d226fe6204895f62bb4ab4d5b79	docs/continuation/integral_review_2026-09-09/reproducao/pyrightconfig.json
100644 blob bbbc667d9f7fe8cd400bc7db7e582429d1945e40	docs/continuation/integral_review_2026-09-09/reproducao/reconcile_final_records.py
100644 blob d5e46c0689dbae2407c5259cc91f261e051898df	docs/continuation/integral_review_2026-09-09/reproducao/recover_public.py
100644 blob d4c9242c43664689e9e0e5065c2c1856a231543c	docs/continuation/integral_review_2026-09-09/reproducao/run_dotnet.ps1
100644 blob b6a483923268c616b1c82632d30d09810ade1590	docs/continuation/integral_review_2026-09-09/reproducao/run_isolated.py
100644 blob 773aa6990fd28ea71faad409102b1a25314bc426	docs/continuation/integral_review_2026-09-09/reproducao/test_isolation_boundary.py
100644 blob acd3cd419b61dca56d288f54ae82960de090d9c1	docs/continuation/integral_review_2026-09-09/reproducao/update_guides.py
100644 blob f3a48c34b0f934f093e75598f5a0f19567e5814c	docs/continuation/integral_review_2026-09-09/reproducao/write_reports.py
100644 blob 3402a51292683e3ea722a843f74ccda7ac6daf5e	docs/continuation/ledger_consistency_2026-09-10/MAPA_DADOS.md
100644 blob 44757b25ff2bfec51fe9b7a6ba9a73989b9da10c	docs/continuation/ledger_consistency_2026-09-10/MAPA_SISTEMA.md
100644 blob bddf52b1738b44654eb49fb23447b0befbd2bbff	docs/continuation/ledger_consistency_2026-09-10/PLANO.md
100644 blob 312c46b5d758e0969b47e0dac7c0ff8ec6bbaea0	docs/continuation/ledger_consistency_2026-09-10/PROXIMO_PROMPT.md
100644 blob 6fab4e85cfee3cf358f255e5d42f6ae4e8d70c49	docs/continuation/ledger_consistency_2026-09-10/REGISTROS.json
100644 blob 3a521f2752b7e6c1526fd5ba7d2e83b97ddcae5a	docs/continuation/ledger_consistency_2026-09-10/REGISTROS.md
100644 blob 2bf180685684081d3db363b6b323feb0a8340fbc	docs/continuation/ledger_consistency_2026-09-10/REPRODUZIR.md
100644 blob 9fbd34cd906d4cebe94096aceca69a6aec3107d2	docs/continuation/ledger_consistency_2026-09-10/RESULTADO.md
100644 blob bcd1b67f6d77abaf858479262870b5a34655e7f3	docs/continuation/ledger_consistency_2026-09-10/evidence/.gitattributes
100644 blob 31ecbfe97bc7f2b33c415357f8e0e4f1b4de3f06	docs/continuation/ledger_consistency_2026-09-10/evidence/after/isolation.json
100644 blob 9374871be5ecad1333d775a08ec81ed0a7ac9564	docs/continuation/ledger_consistency_2026-09-10/evidence/after/junit.xml
100644 blob fd29bee9837489f4a4492050b84d0f3c72a4a2f1	docs/continuation/ledger_consistency_2026-09-10/evidence/before/isolation.json
100644 blob 6665956714bc43284037b40ff6783efc2c47a05f	docs/continuation/ledger_consistency_2026-09-10/evidence/before/junit.xml
100644 blob 71d31de36d2141fd7c6cc8d49d82f00f81f934e2	docs/continuation/ledger_consistency_2026-09-10/evidence/final/isolation.json
100644 blob aab31d5f99ba7c265045c5249fd5c198fdf002f7	docs/continuation/ledger_consistency_2026-09-10/evidence/final/junit.xml
100644 blob 967d09233440265a32e9218716f6fa3d793da6db	docs/continuation/ledger_consistency_2026-09-10/evidence/manifest.json
100644 blob 007b18747de61f1dd9b238a90928cda09e88a537	docs/continuation/ledger_consistency_2026-09-10/evidence/package-receipt-final.json
100644 blob e96c194c701a596908c016fd079cb46323d7535b	docs/continuation/ledger_consistency_2026-09-10/evidence/package-smoke-final/build.log
100644 blob 879e7e24fa185acbd5bc081bb3096cab033e014b	docs/continuation/ledger_consistency_2026-09-10/evidence/package-smoke-final/install.log
100644 blob bbb8611a0a9e23fe0c239e514971c9a3379f1e06	docs/continuation/ledger_consistency_2026-09-10/evidence/package-smoke-final/installed-path.log
100644 blob bd6c95a877db28679900116d0e768d4670e21c04	docs/continuation/ledger_consistency_2026-09-10/evidence/package-smoke-final/odds-empty.log
100644 blob 587ed2eed7949ce6621403f309ada454b4a7d925	docs/continuation/ledger_consistency_2026-09-10/evidence/package-smoke-final/odds-invalid.log
100644 blob aea8cee6fdd29ce370c929e8b9bf2b2faa47a00f	docs/continuation/ledger_consistency_2026-09-10/evidence/package-smoke-final/readiness-False.log
100644 blob 1650368c9b02ca793169ebb40e9bc2eacb8ed1a3	docs/continuation/ledger_consistency_2026-09-10/evidence/package-smoke-final/readiness-True.log
100644 blob 719f18c030489217601886cecb450f002fa73654	docs/continuation/ledger_consistency_2026-09-10/evidence/process-lab-v2/receipt.json
100644 blob cb33924611640713b522013fcaa6722ecdb4bdf6	docs/continuation/ledger_consistency_2026-09-10/evidence/process-lab/failure.json
100644 blob 4fd42411a67ec4270b06c7f7f80c984fcfc9e081	docs/continuation/ledger_consistency_2026-09-10/evidence/pyright-final.log
100644 blob 1b7a984a8d59a07cec939e55f068f0953a03370e	docs/continuation/ledger_consistency_2026-09-10/evidence/quality-checks-final.json
100644 blob 1f5f344d054fae10f39140fb7199c99321d9190a	docs/continuation/ledger_consistency_2026-09-10/evidence/ruff-check-final.log
100644 blob 1f5f344d054fae10f39140fb7199c99321d9190a	docs/continuation/ledger_consistency_2026-09-10/evidence/ruff-fix-final.log
100644 blob 8e4d504182979b9ad211fb7b88757897fbed0606	docs/continuation/ledger_consistency_2026-09-10/evidence/ruff-format-check-final.log
100644 blob 50ecf5976bf98f77e7b854f8209745a2cd9f7971	docs/continuation/ledger_consistency_2026-09-10/evidence/ruff-format-final.log
100644 blob 7c4445f993d2ad279702863ca3cc89642d2c9d17	docs/continuation/ledger_consistency_2026-09-10/evidence/source-inventory.json
100644 blob b035d8cf543704ef259a8b8ba7f1e690fc91d4f7	docs/continuation/ledger_consistency_2026-09-10/evidence/validation-summary.json
100644 blob d8433879e1eaf8d4cd95d3d3d0db088a9b10aa71	docs/continuation/main_consolidation_2026-09-08/RESULTADO.md
100644 blob 0ad2619f9fc81b60cc0dad5b9c1dc4a4b80c16fc	docs/continuation/migration_source_history_2026-09-08/README.md
100644 blob 143814c46e8f7d2a03819b0121ffcc891ec2973d	docs/continuation/migration_source_history_2026-09-08/SOURCE_INDEX.json
100644 blob 094ef2f6302580ab507a30dfdb966e11f0abb3d8	docs/continuation/migration_source_history_2026-09-08/files/0a15296b0b5770be__Dockerfile.kernel
100644 blob 5e1189a8f2c1a30eefa345f2098e7bfd2b2652ec	docs/continuation/migration_source_history_2026-09-08/files/0f1a53f9204e33f6__test_run_passive_task.py
100644 blob e6d0023a2b06e379c8452e0193c9eb778e97deee	docs/continuation/migration_source_history_2026-09-08/files/110907e60b9d8b4c__probe_readonly_wal.py
100644 blob 87bc1326ff3cf2d3fe6649f8e0aff8d4b2666e21	docs/continuation/migration_source_history_2026-09-08/files/174720ee78be1f89__LineupEvent.cs
100644 blob d1a218a4adff4b3e7d751577c565fceea135d2fa	docs/continuation/migration_source_history_2026-09-08/files/1bddd7b3895bde85__finalize_stage.py
100644 blob 1f172ddcea582af0147b9c78216591c1310b7946	docs/continuation/migration_source_history_2026-09-08/files/300e193442964725__run_passive_task.py
100644 blob 85966e45448f3d4ee821471d933329831643f529	docs/continuation/migration_source_history_2026-09-08/files/379163bdaaadc49f__verify_git_handoff.py
100644 blob 44792e2d71794b32338c02f813b6551125010b66	docs/continuation/migration_source_history_2026-09-08/files/460de277a9b72ad4__persist_model_research.py
100644 blob a7646a66a7b7838269ac95e49b8086583f438e5c	docs/continuation/migration_source_history_2026-09-08/files/4c8a8798b4ea2601__test_verificar_zip.py
100644 blob 5a5be583404b302683c7692574c89c77550a19ac	docs/continuation/migration_source_history_2026-09-08/files/5971772a04aaef57__test_price_discovery_preflight.py
100644 blob 9e445283f04afd8a947d1b08bf4c24254a1f9223	docs/continuation/migration_source_history_2026-09-08/files/637a9718711dc99b__test_snapshot_sqlite.py
100644 blob 781f8332621e12f18398ebfb2c9628755e82580d	docs/continuation/migration_source_history_2026-09-08/files/6e0cc34905b03e10__capture_authorized_sqlite.py
100644 blob d2e3f57a133997cc5ce9fb41bbcae6a56e8b15c6	docs/continuation/migration_source_history_2026-09-08/files/6fc40fdb8aa0e76d__Dockerfile.worker
100644 blob 79afbf682fc768c874c8bee256758358cd46867e	docs/continuation/migration_source_history_2026-09-08/files/72112b5ef93bba83__probe_docker.py
100644 blob caeee35d1a96214ed81b26c6d936d432d6d64a9d	docs/continuation/migration_source_history_2026-09-08/files/77d058cd7aaef467__LatencyRecord.cs
100644 blob ed63ce853394c5c7220d7ddc6b9330e2c298628f	docs/continuation/migration_source_history_2026-09-08/files/7d9e289df76c753c__check_nullable_odds.py
100644 blob 14c2d982a44f7fe8a4497f5fbfac591fd9b308de	docs/continuation/migration_source_history_2026-09-08/files/80b64f29d5f02110__evaluate_h14_prospective.py
100644 blob fb9eeabc61f3c3136d35a0790c8c5a253a809cc9	docs/continuation/migration_source_history_2026-09-08/files/80bd2dee79cfb1a4__retomada_operacional.patch
100644 blob 6592ae3510a42ed13ed7d1698f0aa591d1f82cf6	docs/continuation/migration_source_history_2026-09-08/files/97fa733041c381a3__alteracoes.patch
100644 blob 13419637fda388c5248667357df7612774d61dca	docs/continuation/migration_source_history_2026-09-08/files/9cc046d91e5ab016__test_prospective_evaluation_guard.py
100644 blob 7a2d9191a66db417a2acda56320c6f5e64c66f1a	docs/continuation/migration_source_history_2026-09-08/files/a335d0bf4f2dfd92__parser_scope_fix.patch
100644 blob 9088bd52d105bbdbec2705dfd3a6d5b8f7cc5aa6	docs/continuation/migration_source_history_2026-09-08/files/aa6748b9a4df8995__check_integrity.py
100644 blob a53fa38eec26b47fa3799d101aa0a528a337843e	docs/continuation/migration_source_history_2026-09-08/files/ab84ad8e0690652b__Program.cs
100644 blob 84929fdbce6eaa08beefe6763fd451ea0ad7ba19	docs/continuation/migration_source_history_2026-09-08/files/b34625ceb86fb317__price_history_parser_fix.patch
100644 blob e4311490b71bdcd1cecebdbd89325915498024e1	docs/continuation/migration_source_history_2026-09-08/files/b3eccd1ef9361ec1__close_git_handoff.py
100644 blob fd9ea78594d7a77f007adb3f9618830c26a2353d	docs/continuation/migration_source_history_2026-09-08/files/b5c7b2e3f03ab39e__price_discovery_preflight.py
100644 blob 74971e25df75b04cd5e81f4dea8119f03c848ee6	docs/continuation/migration_source_history_2026-09-08/files/b8404d5dd93aa634__alteracoes_rastreadas.patch
100644 blob d6a52d79d031c084313c5d09c8703e5b22539a84	docs/continuation/migration_source_history_2026-09-08/files/bda8f315da572f54__build_migration.py
100644 blob 7f4fb6cbb87de402ac4f1f656e13ad134142f346	docs/continuation/migration_source_history_2026-09-08/files/bef63a2a8eed6efc__finalize_sqlite_receipts.py
100644 blob 73dd5bc1309d95bbd559b09e7759ec5d4fa5c041	docs/continuation/migration_source_history_2026-09-08/files/c1696fa483d05b0e__OperationalSettings.cs
100644 blob 8c1af9b7e7a7e19aff015801b088a6be6cbd5a1d	docs/continuation/migration_source_history_2026-09-08/files/d7f31486bb5b273a__Dockerfile.cli
100644 blob 394f31a87a0607a84358f8be1c229a11fd223279	docs/continuation/migration_source_history_2026-09-08/files/de67c6a757c50643__snapshot_sqlite.py
100644 blob 97a4bfb92d0e406ec7d75731dce54a2aa040215a	docs/continuation/migration_source_history_2026-09-08/files/e3a26b25502fa2ae__inventory.py
100644 blob 9979de44444f482939f1d8de322c6f6fcc382f6e	docs/continuation/migration_source_history_2026-09-08/files/e6c0908e16685685__RETOMAR_H14_H15.ps1
100644 blob 932040749464fd75c7d83926be83e4c7e822d56d	docs/continuation/migration_source_history_2026-09-08/files/e81693b786815386__ModelBranchTests.cs
100644 blob 8cbcb4165b9e30aeda41c3c8b2cc9b807a0eee32	docs/continuation/migration_source_history_2026-09-08/files/ee5195f95316bb84__evaluate_h15_prospective.py
100644 blob 23aa7759ab085b74d6bb5e4b17aedff504d2cb19	docs/continuation/model_research_2026-09-07/PESQUISA.md
100644 blob 95a044fac9eaccd722ba6c6027ece41e01fd08a3	docs/continuation/model_research_2026-09-07/estado.json
100644 blob 3e1a9195eb9a048d86e3f68666b46f9087441d0c	docs/continuation/price_feasibility_2026-09-09/.gitattributes
100644 blob d8d3742585a8fc5339f30f64e0b5c1d7ae5c537c	docs/continuation/price_feasibility_2026-09-09/MEASUREMENT_ADDENDUM.md
100644 blob cb62dd67743765037dada539acc716990066105c	docs/continuation/price_feasibility_2026-09-09/PROTOCOL.md
100644 blob c717ec68a6df2a5ea116cbcb81327ce762b67766	docs/continuation/price_feasibility_2026-09-09/REPRODUZIR.md
100644 blob 0591ec1b024ae66751b53e43e1375b5c47c5bd6b	docs/continuation/price_feasibility_2026-09-09/RESULTADO.md
100644 blob 3077224adbe8b2359f8ef9101093823601ed1e37	docs/continuation/price_feasibility_2026-09-09/decimal-verification.json
100644 blob cdd273845ab20fcd6b1281012c0993a2a3ae8aed	docs/continuation/price_feasibility_2026-09-09/manifest.json
100644 blob a7f2e53ce76351ebb544bdde65930a5517b5afcf	docs/continuation/price_feasibility_2026-09-09/run_offline.py
100644 blob 1281a4183d3f474fa33cddc8b6c43feb281ec34f	docs/continuation/price_feasibility_2026-09-09/source_attempts.json
100644 blob aa43f657a43ced70ec4db04f4b58759e95a8c811	docs/continuation/price_feasibility_2026-09-09/summary.json
100644 blob 55b877371d17bfbc10db8eff6afb3e9b87320ba6	docs/continuation/price_feasibility_2026-09-09/validate_offline.py
100644 blob b44333f5e4f332654150f5787d0c823bd4b0d5ed	docs/continuation/price_feasibility_2026-09-09/validation.json
100644 blob 22d9e6b5bb653e601713f328fe0923deefcf42f9	docs/continuation/price_feasibility_2026-09-09/verify_decimal.py
100644 blob 2336852c62ec9e15f66067bd6d4345a880770b2a	docs/continuation/price_strength_2026-09-07/GUIA.md
100644 blob 2cb795a6623379df0bfd863afa2b6c9e347f28b3	docs/continuation/price_strength_2026-09-07/RESULTADO.md
100644 blob 3ba6009beb0f52ff3d2ea868be4d65983e7ff3b6	docs/continuation/price_strength_2026-09-07/codigo/brasileirao_predictor/research/price_strength/__init__.py
100644 blob 4c6bdcd99e82dd1c9bc6d5e99f945725f6360656	docs/continuation/price_strength_2026-09-07/codigo/brasileirao_predictor/research/price_strength/__main__.py
100644 blob 2868c65d229defc492a758655e061a818d4acf25	docs/continuation/price_strength_2026-09-07/codigo/brasileirao_predictor/research/price_strength/artifacts.py
100644 blob 3651e2037a6890b6fcccd96ebacd307914be0ef8	docs/continuation/price_strength_2026-09-07/codigo/brasileirao_predictor/research/price_strength/demo.py
100644 blob d8019d7d0b9657d38e5bb2f183312fdb7b84f960	docs/continuation/price_strength_2026-09-07/codigo/brasileirao_predictor/research/price_strength/dynamic_xg.py
100644 blob bc3ff86b6d3da84ee20c2d6ef9af10c68969f654	docs/continuation/price_strength_2026-09-07/codigo/brasileirao_predictor/research/price_strength/quotes.py
100644 blob 74affb49d5224a2624a724bcf4d57d5a7edd4697	docs/continuation/price_strength_2026-09-07/codigo/brasileirao_predictor/research/price_strength/study.py
100644 blob 2272659d60871090adfbfcc424bb06d930af55a8	docs/continuation/price_strength_2026-09-07/codigo/tests/test_price_strength_artifacts.py
100644 blob f5e89cc5870c91a16265bf0682d0c9358cf3158c	docs/continuation/price_strength_2026-09-07/codigo/tests/test_price_strength_dynamic_xg.py
100644 blob 65994b5720b4950ff97c449423240c5a15253df6	docs/continuation/price_strength_2026-09-07/codigo/tests/test_price_strength_quotes.py
100644 blob a54f2873916444c9b1da3829196081c9497bd555	docs/continuation/price_strength_2026-09-07/codigo/tests/test_price_strength_study.py
100644 blob a0f37c70bdbae5f16ce4b42c95626cea91164f1d	docs/continuation/price_strength_2026-09-07/estado.json
100644 blob 06a1a595f5c17e65bb706f12a91fa58422eece8a	docs/continuation/price_strength_2026-09-07/evidencias/price_strength_demo.json
100644 blob 41a01a0f3ede73bff10a465f40c5b9025a7723fd	docs/continuation/price_strength_2026-09-07/evidencias/price_strength_final_tests.json
100644 blob e2b4b2992438aacb17ed965a44dfaa2b5226a34f	docs/continuation/price_strength_2026-09-07/evidencias/price_strength_format.json
100644 blob a45c12cc0ac5791a844f7e47c4fa9cf2346a20cc	docs/continuation/price_strength_2026-09-07/evidencias/price_strength_gates.json
100644 blob 8eb725c614a42da9dbd04e644099e46b3f41b60d	docs/continuation/price_strength_2026-09-07/evidencias/price_strength_green.json
100644 blob 3e3058d63f2e9f20a182d75a3ca2c75c69f90e4f	docs/continuation/price_strength_2026-09-07/evidencias/price_strength_initial.json
100644 blob 9028f561960a53be939016d9e147c8098e0cb83a	docs/continuation/price_strength_2026-09-07/evidencias/price_strength_lint_green.json
100644 blob 08b347e0cb22ab4ce97ca844352e522039d438ef	docs/continuation/price_strength_2026-09-07/evidencias/price_strength_lint_initial.json
100644 blob 17cfbdd1848915a1fa547d5252d3ac46e046be2c	docs/continuation/price_strength_2026-09-07/evidencias/price_strength_typecheck.json
100644 blob 44745ecfc147983fdd9e6f66f1432955df2bac46	docs/continuation/price_strength_2026-09-07/evidencias/price_strength_typecheck_explicit.json
100644 blob ffa39ad04fdd109cb2047243fb1ac67c9a406352	docs/continuation/price_strength_2026-09-07/evidencias/price_strength_typecheck_green.json
100644 blob f1365b81f09963e67fa090c687f8cbf24cbdab51	docs/continuation/price_strength_2026-09-07/reproducao/check_price_strength_gates.py
100644 blob 29a540a11cd9a2e810f7b9dea381a676050bd630	docs/continuation/price_strength_2026-09-07/reproducao/guard/sitecustomize.py
100644 blob 3ca4452fb7403590d4edf6a035015ccb16bfedef	docs/continuation/price_strength_2026-09-07/reproducao/persist_price_strength.py
100644 blob 0d9979c8c9c5eb6a7e2749c7f3febed6f737fed7	docs/continuation/price_strength_2026-09-07/reproducao/price_strength_pyright.json
100644 blob ad4afab6eae0dcfc111d518b9cce0735ca42be5e	docs/continuation/price_strength_2026-09-07/reproducao/validation_runner.py
100644 blob 6bfe20d09a424b0a8e37f0287acd3f269afa5a48	docs/continuation/price_strength_diagnosis_2026-09-07/ACHADOS.md
100644 blob e8fca80805c660fd5fa840e35e5e471317b95afd	docs/continuation/price_strength_diagnosis_2026-09-07/REPRODUZIR.md
100644 blob 459ba5c9a92ae06d40960a5b738b80c5710beb30	docs/continuation/price_strength_diagnosis_2026-09-07/RESULTADO.md
100644 blob 293b69bab20c55ce3f5e981f13048000c42fb365	docs/continuation/price_strength_diagnosis_2026-09-07/codigo/brasileirao_predictor/data/missingness_audit.py
100644 blob 814830500104ae05fcacdad7a7bf232ffdae90c0	docs/continuation/price_strength_diagnosis_2026-09-07/codigo/brasileirao_predictor/data/xg_quality.py
100644 blob cfeb1d81013b28a643125e22872cc6a4b3062a27	docs/continuation/price_strength_diagnosis_2026-09-07/codigo/brasileirao_predictor/ingest_sofascore.py
100644 blob 90c6fe006a4d4217c247ac127be9450ea23635bd	docs/continuation/price_strength_diagnosis_2026-09-07/codigo/brasileirao_predictor/research/price_strength/dynamic_xg.py
100644 blob 78edd4ce7daee292a69065612dcf67b4219403ac	docs/continuation/price_strength_diagnosis_2026-09-07/codigo/brasileirao_predictor/research/price_strength_reliability.py
100644 blob 5120f040069debcda3b94099739a58ef3771182f	docs/continuation/price_strength_diagnosis_2026-09-07/codigo/tests/test_missingness_audit.py
100644 blob 9898cba69fcd84f87a03c716b839f7cc4462c363	docs/continuation/price_strength_diagnosis_2026-09-07/codigo/tests/test_price_strength_dynamic_xg.py
100644 blob bc829e00a6cf26dd501711746c6d6eb14999fe44	docs/continuation/price_strength_diagnosis_2026-09-07/codigo/tests/test_price_strength_reliability.py
100644 blob 77ab54641398203c4b481112fc78087e091e30ff	docs/continuation/price_strength_diagnosis_2026-09-07/codigo/tests/test_xg_input_quality.py
100644 blob 192dea4e80a57537aecc8ce8b65dd502e65486d1	docs/continuation/price_strength_diagnosis_2026-09-07/correcao/AUDITORIA_INDEPENDENTE.md
100644 blob a7c1019d67a4a26e8bbba6bd79c082e7b35adafb	docs/continuation/price_strength_diagnosis_2026-09-07/correcao/PLANO.json
100644 blob 1dca8ad3acc4e81d9ffc6ddd4331fdd8903cd42d	docs/continuation/price_strength_diagnosis_2026-09-07/correcao/audit.json
100644 blob 00ae08953a41d6417422f8432441ff6ecaf0b7d8	docs/continuation/price_strength_diagnosis_2026-09-07/correcao/bootstrap_audit.json
100644 blob 98855931f91c41ab727a6fc3477728b322d9b46d	docs/continuation/price_strength_diagnosis_2026-09-07/correcao/results.json
100644 blob 4044a92f46b67f3ee572b3bd08dc437509840f19	docs/continuation/price_strength_diagnosis_2026-09-07/estado.json
100644 blob a9c5d6dde191ba374b3e336c37f45110d3ca637c	docs/continuation/price_strength_diagnosis_2026-09-07/evidencias/correction_audit_selfcheck.json
100644 blob b32dd3b46a0afcf1bd213974bcfd14decffa468a	docs/continuation/price_strength_diagnosis_2026-09-07/evidencias/correction_independent_audit.json
100644 blob 403671db6541681c85705dec921b1a1ff4dca81b	docs/continuation/price_strength_diagnosis_2026-09-07/evidencias/price_strength_correction_bootstrap_audit.json
100644 blob 518f6c729b8afa93faa37142b01dc9ef993f0807	docs/continuation/price_strength_diagnosis_2026-09-07/evidencias/price_strength_frozen_diagnosis.json
100644 blob 54e59ef40cee382811991ec7d9a1720d2bb26ba2	docs/continuation/price_strength_diagnosis_2026-09-07/evidencias/price_strength_model_structure_synthetic.json
100644 blob 64aba66fd60c43d3f2e73c7cc03f6a40a8377392	docs/continuation/price_strength_diagnosis_2026-09-07/evidencias/price_strength_reliability_format.json
100644 blob cf20c15e21298a6f07cb138f5cc0d90180c6553b	docs/continuation/price_strength_diagnosis_2026-09-07/evidencias/price_strength_reliability_format_check.json
100644 blob 31fe1b538a598648f5232532c64f262f032086bf	docs/continuation/price_strength_diagnosis_2026-09-07/evidencias/price_strength_reliability_format_final.json
100644 blob f582a56ea51b785e49e20ec95a41130e8b56f502	docs/continuation/price_strength_diagnosis_2026-09-07/evidencias/price_strength_reliability_lint.json
100644 blob c1407e895c49d7ca37ead1bc936dc3c1e4b5df5d	docs/continuation/price_strength_diagnosis_2026-09-07/evidencias/price_strength_reliability_synthetic.json
100644 blob 1c50eef3b869f2b38678c9aba1eb2246e79e6166	docs/continuation/price_strength_diagnosis_2026-09-07/evidencias/price_strength_revision_conflict_green.json
100644 blob 36b4a23aea5e24d3cb47e187888af76879d5b4f4	docs/continuation/price_strength_diagnosis_2026-09-07/evidencias/price_strength_revision_conflict_red.json
100644 blob cd67af32c48c91e7013232745d1274d2ee3496d0	docs/continuation/price_strength_diagnosis_2026-09-07/evidencias/price_strength_revision_format.json
100644 blob 41e6a73fc0217f7311739fc2854795dd1b7924b1	docs/continuation/price_strength_diagnosis_2026-09-07/evidencias/price_strength_revision_lint.json
100644 blob aad771d107d7840643bec91960bd21d125b74a6d	docs/continuation/price_strength_diagnosis_2026-09-07/evidencias/xg_correction_plan.json
100644 blob 9bb480aab3818a9cf48baead3968398cd168950a	docs/continuation/price_strength_diagnosis_2026-09-07/evidencias/xg_correction_real.json
100644 blob 2faf3f0bd2ed386be44727ceb052220523d7101b	docs/continuation/price_strength_diagnosis_2026-09-07/evidencias/xg_correction_unit_tests.json
100644 blob 210e5a873f41dd52f67418541481d22f80593f82	docs/continuation/price_strength_diagnosis_2026-09-07/evidencias/xg_diagnosis_final_tests.json
100644 blob 8729f31071a3eb9a1f7ad115d413b66b17b7c795	docs/continuation/price_strength_diagnosis_2026-09-07/evidencias/xg_diagnosis_format.json
100644 blob 03383d89a6b117c6b1d25a1bc69de8beb5d97080	docs/continuation/price_strength_diagnosis_2026-09-07/evidencias/xg_diagnosis_gates.json
100644 blob c07dc95bd37524800b407b1fc37c3ec9f64acbe0	docs/continuation/price_strength_diagnosis_2026-09-07/evidencias/xg_diagnosis_lint.json
100644 blob 0d2a61c9d2f85bd3a9cdfb49fd1cd01a4e93b130	docs/continuation/price_strength_diagnosis_2026-09-07/evidencias/xg_diagnosis_lint_final.json
100644 blob ea46a76de021640b1419f0060fd00ce12f891d72	docs/continuation/price_strength_diagnosis_2026-09-07/evidencias/xg_diagnosis_typecheck.json
100644 blob 262b8070da190c5adadcebcbee8823fc0502b912	docs/continuation/price_strength_diagnosis_2026-09-07/evidencias/xg_quality_after.json
100644 blob ec5533744eb42ede160afa5e945c29e75e5b414b	docs/continuation/price_strength_diagnosis_2026-09-07/evidencias/xg_quality_before.json
100644 blob 313bbe0c40cac70eb54db2fcfceabe449ee92670	docs/continuation/price_strength_diagnosis_2026-09-07/reproducao/METHODOLOGY_REVIEW.md
100644 blob 90114779c27ed35bc9f165390d2c7c412ba52d2e	docs/continuation/price_strength_diagnosis_2026-09-07/reproducao/MODEL_REVIEW.md
100644 blob 6b73bcec5c4591c6d981e9fc66d11cb36eb57b6b	docs/continuation/price_strength_diagnosis_2026-09-07/reproducao/audit_bootstrap.py
100644 blob f6383f0a5e6815bbbe7397c3e80e8c3501d2339a	docs/continuation/price_strength_diagnosis_2026-09-07/reproducao/audit_correction.py
100644 blob f1365b81f09963e67fa090c687f8cbf24cbdab51	docs/continuation/price_strength_diagnosis_2026-09-07/reproducao/check_price_strength_gates.py
100644 blob 8eb91ac45d94111a217d5e3bafd9c189ce16b539	docs/continuation/price_strength_diagnosis_2026-09-07/reproducao/diagnose.py
100644 blob b8b2962ebd2f3b2b38d92f0616a1182a881fad80	docs/continuation/price_strength_diagnosis_2026-09-07/reproducao/evaluate_correction.py
100644 blob 29a540a11cd9a2e810f7b9dea381a676050bd630	docs/continuation/price_strength_diagnosis_2026-09-07/reproducao/guard/sitecustomize.py
100644 blob 34d46d741be8951f8745fa1d042ad6d2bb8fd7b6	docs/continuation/price_strength_diagnosis_2026-09-07/reproducao/persist_diagnosis.py
100644 blob 6f1fff7e03b61cc85eb37ca38ccd4550ccf7a8ea	docs/continuation/price_strength_diagnosis_2026-09-07/reproducao/prepare_correction.py
100644 blob 3f8ea1b9d1da4fb05bdd2ec6548d3a98f0e43aaf	docs/continuation/price_strength_diagnosis_2026-09-07/reproducao/test_audit_correction.py
100644 blob 41199d00c1b3fca721ffe258c2c48a7c7373a647	docs/continuation/price_strength_diagnosis_2026-09-07/reproducao/test_correction.py
100644 blob ccf7f368597d1a169c619114c5c7caa5668655ee	docs/continuation/price_strength_diagnosis_2026-09-07/reproducao/test_model_review.py
100644 blob ad4afab6eae0dcfc111d518b9cce0735ca42be5e	docs/continuation/price_strength_diagnosis_2026-09-07/reproducao/validation_runner.py
100644 blob f7e73447e71b161f02d7fcd0d356b220a6438501	docs/continuation/price_strength_diagnosis_2026-09-07/reproducao/xg_diagnosis_pyright.json
100644 blob 2dd729ff40a1298a1538767bbf24c0e0df3618f7	docs/continuation/price_strength_evaluation_2026-09-07/PLANO.json
100644 blob 93818e6dbd122a00e10fb4d10833585efbe1914f	docs/continuation/price_strength_evaluation_2026-09-07/REPRODUZIR.md
100644 blob 6c4b3cf86a2692c980fc0d9b63e2a5c86fc543a4	docs/continuation/price_strength_evaluation_2026-09-07/RESULTADO.md
100644 blob b60fd1cf89ff64bec22ab8d037e31f9ce071ecbd	docs/continuation/price_strength_evaluation_2026-09-07/audit.json
100644 blob 213c7a99fca017996726d1f26cbb9df746528a70	docs/continuation/price_strength_evaluation_2026-09-07/estado.json
100644 blob b6b28c09456b02601f5beca655df067d40c050b1	docs/continuation/price_strength_evaluation_2026-09-07/evidencias/price_strength_conditional_audit.json
100644 blob 139906560ce069e2dcdccc4f0c6c0ad508952986	docs/continuation/price_strength_evaluation_2026-09-07/evidencias/price_strength_conditional_real.json
100644 blob 01c0beb076f521acf2a23caa4ac6bf800d7e6fc5	docs/continuation/price_strength_evaluation_2026-09-07/evidencias/price_strength_conditional_tests.json
100644 blob 999ee2c5a7dc9046ee2558d484b6d0c1fd8eba4d	docs/continuation/price_strength_evaluation_2026-09-07/reproducao/audit.py
100644 blob f6eec19d47f4d871d865c4001bc4b4f3e04fd347	docs/continuation/price_strength_evaluation_2026-09-07/reproducao/conditional_model.py
100644 blob 25481db86d0ba26d280fb956adb5514df536dd2c	docs/continuation/price_strength_evaluation_2026-09-07/reproducao/evaluate.py
100644 blob d48c5d8d4d222f3315adaeb177ee9b22a0b82064	docs/continuation/price_strength_evaluation_2026-09-07/reproducao/frozen_economics.py
100644 blob 9ef7be204a78beeee8f40f0767c4630b9ebab7aa	docs/continuation/price_strength_evaluation_2026-09-07/reproducao/persist_evaluation.py
100644 blob dd7e9034fb518f54f5eee0422133479407e548e2	docs/continuation/price_strength_evaluation_2026-09-07/reproducao/prepare_plan.py
100644 blob f0eab398edcb87a5a95b1ba1db94039a773b5e3f	docs/continuation/price_strength_evaluation_2026-09-07/reproducao/test_conditional_model.py
100644 blob 490c01c262c550b208f0c90ae232fd656a7270b7	docs/continuation/price_strength_evaluation_2026-09-07/reproducao/test_evaluate.py
100644 blob bd181acc2502abc756aca6d78256ce2594ce5c35	docs/continuation/price_strength_evaluation_2026-09-07/results.json
100644 blob f10b193e44839a6ba6b446d4a2e209c5fc87f026	docs/continuation/publication_2026-09-09/.gitattributes
100644 blob ce026913e1243e3b14b7908234ad4232484b0759	docs/continuation/publication_2026-09-09/README.md
100644 blob 508e9318efe24306961e5b770a23e89c76f5bb82	docs/continuation/publication_2026-09-09/archive/AUDITORIA/CONSOLIDACAO_2026-09-09.md.txt
100644 blob 0dae1ca9b1215a95c92d40ba5b6c0e0a05a3bee4	docs/continuation/publication_2026-09-09/archive/AUDITORIA/DADOS_COMPLEMENTARES_2026-09-09.json
100644 blob 72609781bac0c028b7800db0a32008dc7a2025a5	docs/continuation/publication_2026-09-09/archive/AUDITORIA/DADOS_COMPLEMENTARES_2026-09-09.md.txt
100644 blob 4c81d344217e8d4588f58a4adefbe56e130435ca	docs/continuation/publication_2026-09-09/archive/AUDITORIA/ENTREGA_CONSOLIDACAO.json
100644 blob 9f2b875d28ee45d06ba77fd2632360416657d13d	docs/continuation/publication_2026-09-09/archive/AUDITORIA/EXECUTION_READINESS_2026-09-09.json
100644 blob 2c00570057a0192465da28a1db1fd424107e1ca9	docs/continuation/publication_2026-09-09/archive/AUDITORIA/EXECUTION_READINESS_2026-09-09.md.txt
100644 blob 11278369d100a8a272ba2f822e264199f6d3bde5	docs/continuation/publication_2026-09-09/archive/AUDITORIA/HANDOFF_REVISAO_INTEGRAL_2026-09-09.json
100644 blob 054d0a76cde2f40eafd7e05ab60ddab3ec125a94	docs/continuation/publication_2026-09-09/archive/AUDITORIA/PROMPT_FINAL_REVISAO_2026-09-09.json
100644 blob a8976bd02aaaecc54975a5560ec12df028a34790	docs/continuation/publication_2026-09-09/archive/AUDITORIA/automacao_dados_2026-09-09.toml
100644 blob fa54847494e823f356b5843be29901c7f709344a	docs/continuation/publication_2026-09-09/archive/AUDITORIA/backup_git_2026-09-09.json
100644 blob 4a303ee2b9f388b690f8b1b7bdbfdfba284c9461	docs/continuation/publication_2026-09-09/archive/AUDITORIA/consolidacao_copias_2026-09-09.json
100644 blob 04130b2ea2f59c462ed96aa785cf9400de97ef35	docs/continuation/publication_2026-09-09/archive/AUDITORIA/verificacao_disco_2026-09-09.json
100644 blob 0d19e8984e6aa9b74ac76bc9d5fab29374a3160d	docs/continuation/publication_2026-09-09/archive/AUDITORIA/verificacao_disco_tentativa_01.json
100644 blob 3afe2699b6210d34a26eb2cf7b84d280f9501942	docs/continuation/publication_2026-09-09/archive/AUDITORIA/verificacao_migracao_2026-09-09.json
100644 blob 9fe1925ea3127340c45b29a5e72bec7ce14b7e57	docs/continuation/publication_2026-09-09/archive/INSTRUCOES/MANDATO_RECEBIDO_2026-09-09.txt
100644 blob 53c8caec2fd483a129f1bc2be62a003fb0777810	docs/continuation/publication_2026-09-09/archive/LEIA_PRIMEIRO.md.txt
100644 blob 8d3376454e3890dd765c9b98e9ffd20c29ed8b8e	docs/continuation/publication_2026-09-09/archive/work/consolidation-2026-09-09/audit_docs.py
100644 blob d49e8c2b08398f872905b208750c894c5bba229b	docs/continuation/publication_2026-09-09/archive/work/consolidation-2026-09-09/prepare.py
100644 blob 816ccc5b285c2499e75756b5ebb53c0841169931	docs/continuation/publication_2026-09-09/archive/work/consolidation-2026-09-09/seal.py
100644 blob 87d5934ff9112cfc115f6ebd1583991891979405	docs/continuation/publication_2026-09-09/archive/work/consolidation-2026-09-09/update_docs.py
100644 blob cf1e8924cf3259839a11c393a063129bf4c1a369	docs/continuation/publication_2026-09-09/archive/work/consolidation-2026-09-09/verify_disk.py
100644 blob f6c7098b142ea2c5f603b395a854ea5ec44ff1e4	docs/continuation/publication_2026-09-09/archive/work/data-completion-2026-09-09/final_backup_and_delivery.py
100644 blob bbfe17cdd896958ac158aa2b1de1090d3e3cea12	docs/continuation/publication_2026-09-09/archive/work/data-completion-2026-09-09/finalize_checks.py
100644 blob 10174adfc74bf0bec9d8c9afe25aeb09e5b5471c	docs/continuation/publication_2026-09-09/archive/work/data-completion-2026-09-09/package_documentation.py
100644 blob 56270a7afc63d30e832b8dade6a84a6f26707200	docs/continuation/publication_2026-09-09/archive/work/data-completion-2026-09-09/revalidate_changed_module.py
100644 blob 316f9642c7c226c0fe5d61975114bc566d4b33b5	docs/continuation/publication_2026-09-09/archive/work/data-completion-2026-09-09/seal_artifacts.py
100644 blob 42126972f036df306407629f3626e7888656fd8e	docs/continuation/publication_2026-09-09/archive/work/data-completion-2026-09-09/update_documentation.py
100644 blob 6aca076f540cb630197c7e437fb184a14e4cf34b	docs/continuation/publication_2026-09-09/archive/work/data-completion-2026-09-09/verify_pilot_after_fix.py
100644 blob 67a5f439e0944bb461feeeb1503433a019378e03	docs/continuation/publication_2026-09-09/archive/work/data-completion-2026-09-09/verify_types.py
100644 blob 699ee2c8bfa40053ad705a9a85b20517586ea359	docs/continuation/publication_2026-09-09/archive/work/execution-readiness-2026-09-09/activate_and_document.py
100644 blob 467b9a444b29042756f130452930d7742b6b8dcd	docs/continuation/publication_2026-09-09/archive/work/execution-readiness-2026-09-09/fetch_contract_sources.py
100644 blob 26adaeac180b25ae3c155ff963aab5a0b954efce	docs/continuation/publication_2026-09-09/archive/work/execution-readiness-2026-09-09/final_delivery.py
100644 blob 600e0415e8b3ebb5124dd46b6dc0e32f77a902e1	docs/continuation/publication_2026-09-09/archive/work/execution-readiness-2026-09-09/seal_review.py
100644 blob f3e2fa3bd79e5468055b5c3cd8dda492b2579732	docs/continuation/publication_2026-09-09/archive/work/execution-readiness-2026-09-09/validate_offline.py
100644 blob f685cc2fab02a3a8d07d68a2eef777d8b623caee	docs/continuation/publication_2026-09-09/archive/work/execution-readiness-2026-09-09/verify_engineering.py
100644 blob 186fb3f21fe5e77e9f25fd39a95dbb7ba36f2aa8	docs/continuation/publication_2026-09-09/archive/work/price-feasibility-2026-09-09/acquire.py
100644 blob 0072a2a88690d4f87dd274a1e20fab4ac79ae579	docs/continuation/publication_2026-09-09/archive/work/publication-2026-09-09/prepare_publication.py
100644 blob 3795293237260ca514880c9f76076ff5ce17bb31	docs/continuation/publication_2026-09-09/manifest.json
100644 blob 6c055dbd9411fb301ed529ffdbff23af7e231533	docs/continuation/publication_2026-09-09/prepublication_checks.json
100644 blob 13e812723f48143fb669df84fff4fc48a281ee7f	docs/continuation/publication_2026-09-09/verify_publication.py
100644 blob 431e0be260a3a3e85790f6242bbf136d237da22c	docs/continuation/publication_2026-09-10/.gitattributes
100644 blob ee4264bb428f121ec0913cd43a977b82848cf5ca	docs/continuation/publication_2026-09-10/.gitignore
100644 blob 450865f884465e5075237d4437347fae88c0d202	docs/continuation/publication_2026-09-10/DADOS_E_FONTES.md
100644 blob 3fa3874eb9cb458348be144cc31145513346b649	docs/continuation/publication_2026-09-10/INDICE_TODOS_MDS.md
100644 blob 67064db0e8aeba6216ab7156c220d707ec5ddae3	docs/continuation/publication_2026-09-10/PROXIMO_PROMPT.md
100644 blob fa47118daa54633197badbf654d579eedb2cdb26	docs/continuation/publication_2026-09-10/PUBLICADO.md
100644 blob fe3fb7c891f587d8a009e26c39e65dced037f450	docs/continuation/publication_2026-09-10/REGISTROS.json
100644 blob 0b3339aed82a435562bfc8798fb28839763b57aa	docs/continuation/publication_2026-09-10/REGISTROS.md
100644 blob 460f52802fe7f533e98dcb06f844100325d17b94	docs/continuation/publication_2026-09-10/REPRODUZIR.md
100644 blob bf027295159fc201eb715546c87815a69bfce28a	docs/continuation/publication_2026-09-10/RESULTADO.md
100644 blob 023a1955e6a213610d7199c8e33b5849039de137	docs/continuation/publication_2026-09-10/REVISAO_DO_CHAT.md
100644 blob e5f12a7336e169266c5aba3dfbee0174b503beef	docs/continuation/publication_2026-09-10/archive/chat/chat-receipt.json
100644 blob 4f1df75113bb97d5773cc4d906800d69888cba00	docs/continuation/publication_2026-09-10/archive/chat/chat-visible.json
100644 blob 74a48087afd926e6a0c604f9289c4d23ea99e4da	docs/continuation/publication_2026-09-10/archive/chat/chat-visible.txt
100644 blob 1ebe8110199b1e7c38b6d0ed60b2c3589cf25bab	docs/continuation/publication_2026-09-10/archive/chat/checkpoint.json
100644 blob 586c407cf9111fd1645dbd7286c8b0f6a5968579	docs/continuation/publication_2026-09-10/archive/chat/publication-continuation-receipt.json
100644 blob 87d697ce0468481c3670fed78f014090329dace9	docs/continuation/publication_2026-09-10/archive/chat/publication-continuation.json
100644 blob 9fe1925ea3127340c45b29a5e72bec7ce14b7e57	docs/continuation/publication_2026-09-10/archive/instructions/MANDATO_RECEBIDO_2026-09-09.txt
100644 blob 956dcc4eb2e558685fb3ab926e95021109324af9	docs/continuation/publication_2026-09-10/archive/instructions/PROMPT_FINAL_REVISAO_INTEGRAL_2026-09-09.md
100644 blob b7878b220b5257d6c6bb8530ed5edb1daaf07084	docs/continuation/publication_2026-09-10/archive/local-helpers/artifact-integrity-2026-09-10/PLANO.md
100644 blob 5074ced59468f39ea0dd0fd33b3a8e198d70d9e0	docs/continuation/publication_2026-09-10/archive/local-helpers/artifact-integrity-2026-09-10/backup_delivery.py
100644 blob b6a4e19a509b0bc29b6ed58d61872cc11a5aadf5	docs/continuation/publication_2026-09-10/archive/local-helpers/artifact-integrity-2026-09-10/build_package.py
100644 blob ac1f2a9584fe40e07d991c0e3b67c6ba32762fe6	docs/continuation/publication_2026-09-10/archive/local-helpers/artifact-integrity-2026-09-10/check_changed.py
100644 blob 5b3310368ed1118321e2e5a6eb1ae585f2ba604f	docs/continuation/publication_2026-09-10/archive/local-helpers/artifact-integrity-2026-09-10/prepare_integration.py
100644 blob b6a483923268c616b1c82632d30d09810ade1590	docs/continuation/publication_2026-09-10/archive/local-helpers/artifact-integrity-2026-09-10/run_isolated.py
100644 blob bfb816805ae0d1da843af14e0d6bb023a0af7ec9	docs/continuation/publication_2026-09-10/archive/local-helpers/artifact-integrity-2026-09-10/write_docs.py
100644 blob c33132a1ab484f9d0807129e19fcba094bfa5be5	docs/continuation/publication_2026-09-10/archive/local-helpers/closeout-2026-09-10/backup_delivery.py
100644 blob b6a4e19a509b0bc29b6ed58d61872cc11a5aadf5	docs/continuation/publication_2026-09-10/archive/local-helpers/closeout-2026-09-10/build_package.py
100644 blob ac1f2a9584fe40e07d991c0e3b67c6ba32762fe6	docs/continuation/publication_2026-09-10/archive/local-helpers/closeout-2026-09-10/check_changed.py
100644 blob 21564668c7d33b6f1b169844b5057cc38e9fe67f	docs/continuation/publication_2026-09-10/archive/local-helpers/closeout-2026-09-10/integrate_tests.py
100644 blob 932087aef8445b26c256809bc3a64708fcb4e325	docs/continuation/publication_2026-09-10/archive/local-helpers/closeout-2026-09-10/prepare_integration-first.py
100644 blob bf7a2203dff69fc64c12c3629bee7f99a811b02c	docs/continuation/publication_2026-09-10/archive/local-helpers/closeout-2026-09-10/prepare_integration.py
100644 blob b6a483923268c616b1c82632d30d09810ade1590	docs/continuation/publication_2026-09-10/archive/local-helpers/closeout-2026-09-10/run_isolated.py
100644 blob befdd39338101dd47f2ae09f7af91785e9c0b58f	docs/continuation/publication_2026-09-10/archive/local-helpers/closeout-2026-09-10/write_docs.py
100644 blob 1504573c85f88cc346d5f8976a59d88d3e0efccf	docs/continuation/publication_2026-09-10/archive/local-helpers/completion-2026-09-10/backup_delivery.py
100644 blob b6a4e19a509b0bc29b6ed58d61872cc11a5aadf5	docs/continuation/publication_2026-09-10/archive/local-helpers/completion-2026-09-10/build_package.py
100644 blob ac1f2a9584fe40e07d991c0e3b67c6ba32762fe6	docs/continuation/publication_2026-09-10/archive/local-helpers/completion-2026-09-10/check_changed.py
100644 blob 96b84756def8cb661eef23d40f0c63684996e136	docs/continuation/publication_2026-09-10/archive/local-helpers/completion-2026-09-10/final_inventory.py
100644 blob b9f1388586f8cbafbae414eaf7ba743850e74eb5	docs/continuation/publication_2026-09-10/archive/local-helpers/completion-2026-09-10/finalize_notes.py
100644 blob 8a1de94be797bc1b44d27e5227ac61cbb60c47d9	docs/continuation/publication_2026-09-10/archive/local-helpers/completion-2026-09-10/inventory.py
100644 blob 1b3f1522cad7a83c21fb2dc82a501ea6be52b68e	docs/continuation/publication_2026-09-10/archive/local-helpers/completion-2026-09-10/prepare_integration.py
100644 blob b6a483923268c616b1c82632d30d09810ade1590	docs/continuation/publication_2026-09-10/archive/local-helpers/completion-2026-09-10/run_isolated.py
100644 blob d4805ec5e7fbf8ef18b0f9ae9ae6d76eb2462bbc	docs/continuation/publication_2026-09-10/archive/local-helpers/completion-2026-09-10/sources.py
100644 blob c974fdc77037254be5f2c5a69eca1c85e1a0dcd2	docs/continuation/publication_2026-09-10/archive/local-helpers/completion-2026-09-10/sources_followup.py
100644 blob e0e70ca9b9fb6a496385fc87e770483f8445bc93	docs/continuation/publication_2026-09-10/archive/local-helpers/completion-2026-09-10/write_docs.py
100644 blob 8d3376454e3890dd765c9b98e9ffd20c29ed8b8e	docs/continuation/publication_2026-09-10/archive/local-helpers/consolidation-2026-09-09/audit_docs.py
100644 blob d49e8c2b08398f872905b208750c894c5bba229b	docs/continuation/publication_2026-09-10/archive/local-helpers/consolidation-2026-09-09/prepare.py
100644 blob 816ccc5b285c2499e75756b5ebb53c0841169931	docs/continuation/publication_2026-09-10/archive/local-helpers/consolidation-2026-09-09/seal.py
100644 blob 87d5934ff9112cfc115f6ebd1583991891979405	docs/continuation/publication_2026-09-10/archive/local-helpers/consolidation-2026-09-09/update_docs.py
100644 blob cf1e8924cf3259839a11c393a063129bf4c1a369	docs/continuation/publication_2026-09-10/archive/local-helpers/consolidation-2026-09-09/verify_disk.py
100644 blob 93f7d1a6002b3f876085ee811da6ce4382c8cb5a	docs/continuation/publication_2026-09-10/archive/local-helpers/data-completion-2026-09-09/account_recheck.py
100644 blob 95236e1b02d31c86179c9cef0acb13751715f076	docs/continuation/publication_2026-09-10/archive/local-helpers/data-completion-2026-09-09/acquire_history.py
100644 blob 3fa8c04e2a930f57e7984e21d570ea23ca8ed6ea	docs/continuation/publication_2026-09-10/archive/local-helpers/data-completion-2026-09-09/audit_followup.py
100644 blob ee443c38148ddf1f65ffab8b1eda98e5f16d1f3f	docs/continuation/publication_2026-09-10/archive/local-helpers/data-completion-2026-09-09/audit_results.py
100644 blob d5383bf53dc297d344872c72b2597f4e6b3a763b	docs/continuation/publication_2026-09-10/archive/local-helpers/data-completion-2026-09-09/capture_pilot.py
100644 blob 06d32cc0247c7a1b523416bf23653e67d88022b9	docs/continuation/publication_2026-09-10/archive/local-helpers/data-completion-2026-09-09/check_account.py
100644 blob f0cff53261aae568710585ae9946635ea41846b4	docs/continuation/publication_2026-09-10/archive/local-helpers/data-completion-2026-09-09/fetch_public.py
100644 blob 0b3acf77cbf176619acb04df85413998411ea8c9	docs/continuation/publication_2026-09-10/archive/local-helpers/data-completion-2026-09-09/fetch_public_extra.py
100644 blob f6c7098b142ea2c5f603b395a854ea5ec44ff1e4	docs/continuation/publication_2026-09-10/archive/local-helpers/data-completion-2026-09-09/final_backup_and_delivery.py
100644 blob bbfe17cdd896958ac158aa2b1de1090d3e3cea12	docs/continuation/publication_2026-09-10/archive/local-helpers/data-completion-2026-09-09/finalize_checks.py
100644 blob 7a0ea10d5fccacb6caf6eafc766384231c3f1928	docs/continuation/publication_2026-09-10/archive/local-helpers/data-completion-2026-09-09/followup_capture.py
100644 blob 10174adfc74bf0bec9d8c9afe25aeb09e5b5471c	docs/continuation/publication_2026-09-10/archive/local-helpers/data-completion-2026-09-09/package_documentation.py
100644 blob 49f6b0d512048c43b24f6b27d511b0bad4f03f2e	docs/continuation/publication_2026-09-10/archive/local-helpers/data-completion-2026-09-09/repair_transport.py
100644 blob 56270a7afc63d30e832b8dade6a84a6f26707200	docs/continuation/publication_2026-09-10/archive/local-helpers/data-completion-2026-09-09/revalidate_changed_module.py
100644 blob b44fbedd0b85e11abafa2529acfb067862405a0c	docs/continuation/publication_2026-09-10/archive/local-helpers/data-completion-2026-09-09/run_closing.py
100644 blob 316f9642c7c226c0fe5d61975114bc566d4b33b5	docs/continuation/publication_2026-09-10/archive/local-helpers/data-completion-2026-09-09/seal_artifacts.py
100644 blob 42126972f036df306407629f3626e7888656fd8e	docs/continuation/publication_2026-09-10/archive/local-helpers/data-completion-2026-09-09/update_documentation.py
100644 blob caa14cb767f772118e2780906051e2936b118fc8	docs/continuation/publication_2026-09-10/archive/local-helpers/data-completion-2026-09-09/validate_offline.py
100644 blob 258823f36494e7b57df62fc067d3a61aa3c1107b	docs/continuation/publication_2026-09-10/archive/local-helpers/data-completion-2026-09-09/verify_closing_independently.py
100644 blob 6aca076f540cb630197c7e437fb184a14e4cf34b	docs/continuation/publication_2026-09-10/archive/local-helpers/data-completion-2026-09-09/verify_pilot_after_fix.py
100644 blob 67a5f439e0944bb461feeeb1503433a019378e03	docs/continuation/publication_2026-09-10/archive/local-helpers/data-completion-2026-09-09/verify_types.py
100644 blob 14b4c3cbc3034d7acbd3871d8439703027fe6970	docs/continuation/publication_2026-09-10/archive/local-helpers/economic-search-2026-09-10/audit_results.py
100644 blob 7235f6f771b58e0f48f937e225c9a010490c7a47	docs/continuation/publication_2026-09-10/archive/local-helpers/economic-search-2026-09-10/finalize_delivery.py
100644 blob b6a483923268c616b1c82632d30d09810ade1590	docs/continuation/publication_2026-09-10/archive/local-helpers/economic-search-2026-09-10/run_isolated.py
100644 blob de568872b09ec53e889b01d187e68514ba1a2755	docs/continuation/publication_2026-09-10/archive/local-helpers/economic-search-2026-09-10/run_study.py
100644 blob 699ee2c8bfa40053ad705a9a85b20517586ea359	docs/continuation/publication_2026-09-10/archive/local-helpers/execution-readiness-2026-09-09/activate_and_document.py
100644 blob 467b9a444b29042756f130452930d7742b6b8dcd	docs/continuation/publication_2026-09-10/archive/local-helpers/execution-readiness-2026-09-09/fetch_contract_sources.py
100644 blob 26adaeac180b25ae3c155ff963aab5a0b954efce	docs/continuation/publication_2026-09-10/archive/local-helpers/execution-readiness-2026-09-09/final_delivery.py
100644 blob 600e0415e8b3ebb5124dd46b6dc0e32f77a902e1	docs/continuation/publication_2026-09-10/archive/local-helpers/execution-readiness-2026-09-09/seal_review.py
100644 blob f3e2fa3bd79e5468055b5c3cd8dda492b2579732	docs/continuation/publication_2026-09-10/archive/local-helpers/execution-readiness-2026-09-09/validate_offline.py
100644 blob f685cc2fab02a3a8d07d68a2eef777d8b623caee	docs/continuation/publication_2026-09-10/archive/local-helpers/execution-readiness-2026-09-09/verify_engineering.py
100644 blob 4f6efc60c6eb9de87193f7d3c4d75aa0c87860d0	docs/continuation/publication_2026-09-10/archive/local-helpers/implementacao-2026-09-10/CHECKPOINT_E_PROTOCOLO.md
100644 blob 4a00f033c36b80d6ec625ee24de8c3aa673ac853	docs/continuation/publication_2026-09-10/archive/local-helpers/implementacao-2026-09-10/capture_decision_before_universe.py
100644 blob c2aad2d7f56a14ec53c89a802aa9fdc79a004712	docs/continuation/publication_2026-09-10/archive/local-helpers/implementacao-2026-09-10/check_lab_boundaries.py
100644 blob cc6313641549144947e7ac077895d4fa1840c6df	docs/continuation/publication_2026-09-10/archive/local-helpers/implementacao-2026-09-10/final_backup.py
100644 blob 1c5939caef4f882820b7b4ae45a7d650fc7f8968	docs/continuation/publication_2026-09-10/archive/local-helpers/implementacao-2026-09-10/inspect_memurai.py
100644 blob a0edb7bfbd24db106acafef114d52b3525e601aa	docs/continuation/publication_2026-09-10/archive/local-helpers/implementacao-2026-09-10/package_smoke.py
100644 blob 25d6f4420d60546acff1d673cdd8818d31a1814d	docs/continuation/publication_2026-09-10/archive/local-helpers/implementacao-2026-09-10/package_smoke_final.py
100644 blob e1168c32c5f8344fc8456544f5ed4b079f3b0079	docs/continuation/publication_2026-09-10/archive/local-helpers/implementacao-2026-09-10/repair_register.py
100644 blob 8ae73893f4fb0d34aa58a78e9fa20464239a0d38	docs/continuation/publication_2026-09-10/archive/local-helpers/implementacao-2026-09-10/run_capture_experiment.py
100644 blob b6a483923268c616b1c82632d30d09810ade1590	docs/continuation/publication_2026-09-10/archive/local-helpers/implementacao-2026-09-10/run_isolated.py
100644 blob bdcf32d9e7528d93abf577540153d473c194dbba	docs/continuation/publication_2026-09-10/archive/local-helpers/implementacao-2026-09-10/seal_before_commit.py
100644 blob 321fe1476fc4030a6dd90dd88a467d472a953787	docs/continuation/publication_2026-09-10/archive/local-helpers/implementacao-2026-09-10/test_cold_start_preload_variant.py
100644 blob efe00f58f0c8041fd442173e28ad1acfb798f11b	docs/continuation/publication_2026-09-10/archive/local-helpers/implementacao-2026-09-10/write_delivery_docs.py
100644 blob bddf52b1738b44654eb49fb23447b0befbd2bbff	docs/continuation/publication_2026-09-10/archive/local-helpers/ledger-consistency-2026-09-10/PLANO.md
100644 blob ad8a5953a10569178df675e08f0ca639a1614c3d	docs/continuation/publication_2026-09-10/archive/local-helpers/ledger-consistency-2026-09-10/backup_delivery.py
100644 blob b6a4e19a509b0bc29b6ed58d61872cc11a5aadf5	docs/continuation/publication_2026-09-10/archive/local-helpers/ledger-consistency-2026-09-10/build_package.py
100644 blob ac1f2a9584fe40e07d991c0e3b67c6ba32762fe6	docs/continuation/publication_2026-09-10/archive/local-helpers/ledger-consistency-2026-09-10/check_changed.py
100644 blob b319b0b9b5a30665341b01b0b12bbe843a1604cf	docs/continuation/publication_2026-09-10/archive/local-helpers/ledger-consistency-2026-09-10/prepare_integration.py
100644 blob 3f46da2c1aa82322be76463d1d74c514d1072ce6	docs/continuation/publication_2026-09-10/archive/local-helpers/ledger-consistency-2026-09-10/process_lock_lab-first.py
100644 blob dd8d205764c79a19fad1415dd50029feacb2cdfa	docs/continuation/publication_2026-09-10/archive/local-helpers/ledger-consistency-2026-09-10/process_lock_lab.py
100644 blob b6a483923268c616b1c82632d30d09810ade1590	docs/continuation/publication_2026-09-10/archive/local-helpers/ledger-consistency-2026-09-10/run_isolated.py
100644 blob da87e30a9743cf507216f73de247e25c92b1960d	docs/continuation/publication_2026-09-10/archive/local-helpers/ledger-consistency-2026-09-10/write_docs.py
100644 blob 186fb3f21fe5e77e9f25fd39a95dbb7ba36f2aa8	docs/continuation/publication_2026-09-10/archive/local-helpers/price-feasibility-2026-09-09/acquire.py
100644 blob 0072a2a88690d4f87dd274a1e20fab4ac79ae579	docs/continuation/publication_2026-09-10/archive/local-helpers/publication-2026-09-09/prepare_publication.py
100644 blob 8e73c1d80ae31f4ac4be6713613e7beffdad44f3	docs/continuation/publication_2026-09-10/archive/local-helpers/reconciliation-2026-09-10/PLANO.md
100644 blob ab1016fc7633e9cfa99528d852ca97fd5c29c4d1	docs/continuation/publication_2026-09-10/archive/local-helpers/reconciliation-2026-09-10/backup_delivery.py
100644 blob b6a4e19a509b0bc29b6ed58d61872cc11a5aadf5	docs/continuation/publication_2026-09-10/archive/local-helpers/reconciliation-2026-09-10/build_package.py
100644 blob 86e0fa6dfa7b19774052bf38041c704d09485fef	docs/continuation/publication_2026-09-10/archive/local-helpers/reconciliation-2026-09-10/build_package_after_guides.py
100644 blob ac1f2a9584fe40e07d991c0e3b67c6ba32762fe6	docs/continuation/publication_2026-09-10/archive/local-helpers/reconciliation-2026-09-10/check_changed.py
100644 blob 3b662648a3bbd419c5cd5b369cc38ff5fcbe4ed8	docs/continuation/publication_2026-09-10/archive/local-helpers/reconciliation-2026-09-10/check_dependencies.py
100644 blob 8ce5efcf2905391441288cd86f599f47b1cc1a55	docs/continuation/publication_2026-09-10/archive/local-helpers/reconciliation-2026-09-10/finalize_staging.py
100644 blob c7723b48c9fec1cc007ba485fa09d764069399a6	docs/continuation/publication_2026-09-10/archive/local-helpers/reconciliation-2026-09-10/prepare_helpers.py
100644 blob 123ce2300bea10f818305d48166ba9560622a024	docs/continuation/publication_2026-09-10/archive/local-helpers/reconciliation-2026-09-10/prepare_integration.py
100644 blob 7341d66fc9922f8f1eae41c263fe6ea6182453fc	docs/continuation/publication_2026-09-10/archive/local-helpers/reconciliation-2026-09-10/recover_chat.py
100644 blob b6a483923268c616b1c82632d30d09810ade1590	docs/continuation/publication_2026-09-10/archive/local-helpers/reconciliation-2026-09-10/run_isolated.py
100644 blob dbe1d506930fd2f5ef25d2cc5132fad8c380559f	docs/continuation/publication_2026-09-10/archive/local-helpers/reconciliation-2026-09-10/validate_documents.py
100644 blob 21ab9d203c270cc0ea02091bb276574f12ce10ce	docs/continuation/publication_2026-09-10/archive/local-helpers/reconciliation-2026-09-10/verify_current_evidence.py
100644 blob 694c385aaae5d3304646ee86d3e6077a3a751c20	docs/continuation/publication_2026-09-10/archive/local-helpers/reconciliation-2026-09-10/write_docs.py
100644 blob 73550545d4e192523b7a0cdf4860b9bcbc052b83	docs/continuation/publication_2026-09-10/archive/local-helpers/resolution-2026-09-10/PLANO.md
100644 blob d54852c60874a300ce7d8c352fd144039150fc5b	docs/continuation/publication_2026-09-10/archive/local-helpers/resolution-2026-09-10/append_review_02.py
100644 blob d0e0e6ae2a0275d004e9a5bf44105077dd1ff857	docs/continuation/publication_2026-09-10/archive/local-helpers/resolution-2026-09-10/append_review_03.py
100644 blob fa047b5cfd377352af38f1cbea3641da14a2f909	docs/continuation/publication_2026-09-10/archive/local-helpers/resolution-2026-09-10/append_review_04.py
100644 blob 3af62f3b315030cd71a88ea6a96eba70f100c4d7	docs/continuation/publication_2026-09-10/archive/local-helpers/resolution-2026-09-10/append_review_05.py
100644 blob 2b20c6294a3312f5616c16ba4b8a98e3746c39ab	docs/continuation/publication_2026-09-10/archive/local-helpers/resolution-2026-09-10/backup_delivery.py
100644 blob db1bb876d7445da005f0a1ad1a502c1bb382fec6	docs/continuation/publication_2026-09-10/archive/local-helpers/resolution-2026-09-10/build_package_final.py
100644 blob 367afbba8fa5c8fcc578255cfae1d22b3c9505c4	docs/continuation/publication_2026-09-10/archive/local-helpers/resolution-2026-09-10/build_package_final_02.py
100644 blob df1d916e67921500ffcba5919dea94ddb7d74daa	docs/continuation/publication_2026-09-10/archive/local-helpers/resolution-2026-09-10/build_package_runtime.py
100644 blob a74b11b21ca1876b39818f60051664bc9bc75692	docs/continuation/publication_2026-09-10/archive/local-helpers/resolution-2026-09-10/build_package_runtime_02.py
100644 blob d72dfdc5305b3615e0d482e62fb3410fc0da54f1	docs/continuation/publication_2026-09-10/archive/local-helpers/resolution-2026-09-10/check_changed.py
100644 blob a1c6290ad0d748239adb81f4640ae9eae2b22504	docs/continuation/publication_2026-09-10/archive/local-helpers/resolution-2026-09-10/close_import_connection.py
100644 blob b783027e873d16e3c108e03201ae9c44d31c8881	docs/continuation/publication_2026-09-10/archive/local-helpers/resolution-2026-09-10/complete_source_review.py
100644 blob 9cc6b2ff314b4e37bddcf121c22b29ba374469c5	docs/continuation/publication_2026-09-10/archive/local-helpers/resolution-2026-09-10/final_evidence.py
100644 blob 71ff6db553cf8e74df7ba3366b7586e8178f7978	docs/continuation/publication_2026-09-10/archive/local-helpers/resolution-2026-09-10/finalize_docs.py
100644 blob df7524ad2cfbc447dbafeae3306f1c6b3b8d12d0	docs/continuation/publication_2026-09-10/archive/local-helpers/resolution-2026-09-10/finish_package_checks.py
100644 blob 8b18877cbbd91a2e47980346f81d678cc0a7a7b9	docs/continuation/publication_2026-09-10/archive/local-helpers/resolution-2026-09-10/install_compose_check.py
100644 blob a417df808ad2806422659dbc0f7c41e6098ac0f9	docs/continuation/publication_2026-09-10/archive/local-helpers/resolution-2026-09-10/invoke_installed_lab.ps1
100644 blob 01c5d401f727295d88b215a99e2f46f595b38313	docs/continuation/publication_2026-09-10/archive/local-helpers/resolution-2026-09-10/invoke_lab.ps1
100644 blob a7131bb5a28189ae93bb4cddf20fc85cc0289b3e	docs/continuation/publication_2026-09-10/archive/local-helpers/resolution-2026-09-10/prepare_installed_cross.py
100644 blob ac827f83e8009cd4751cd5d9bbed28ebb4bfe7cd	docs/continuation/publication_2026-09-10/archive/local-helpers/resolution-2026-09-10/prepare_integration.py
100644 blob b53e8e377606da07933b4b34547c4434001a9cef	docs/continuation/publication_2026-09-10/archive/local-helpers/resolution-2026-09-10/prepare_lab.py
100644 blob e23b27f89f2c379b78eb9af3c3c6e6888d970fa0	docs/continuation/publication_2026-09-10/archive/local-helpers/resolution-2026-09-10/probe_public_catalog.py
100644 blob d2d2f41f579be22f4513ade080dce95b39c03c6b	docs/continuation/publication_2026-09-10/archive/local-helpers/resolution-2026-09-10/replace_bank_state.py
100644 blob 1954b1fcdf8a92fe23d1f52ae6dc8751937af56f	docs/continuation/publication_2026-09-10/archive/local-helpers/resolution-2026-09-10/replace_odds_claims.py
100644 blob 9e34182adfeaf5faffc0bda092c40d6fe011a013	docs/continuation/publication_2026-09-10/archive/local-helpers/resolution-2026-09-10/replace_residual_dataset.py
100644 blob 9a32ac0b01bafd0599f549d549dfd033e29bb652	docs/continuation/publication_2026-09-10/archive/local-helpers/resolution-2026-09-10/run_dotnet_cases.py
100644 blob dfdf5ed1e057c40814b86dd6e273da4483cde642	docs/continuation/publication_2026-09-10/archive/local-helpers/resolution-2026-09-10/run_dotnet_installed.py
100644 blob 3087c7a2f992959c837b4212c79903c138fef1fc	docs/continuation/publication_2026-09-10/archive/local-helpers/resolution-2026-09-10/run_isolated.py
100644 blob fbbcb0e6babef982d1c9fc4dcc3b81f8a70615ac	docs/continuation/publication_2026-09-10/archive/local-helpers/resolution-2026-09-10/run_isolated_before_uri_guard.py
100644 blob 00c7818dc01aef77de6dbb82b100965210200af7	docs/continuation/publication_2026-09-10/archive/local-helpers/resolution-2026-09-10/update_review_notes.py
100644 blob 1f824c35e68efc888934f051816230f047c5464e	docs/continuation/publication_2026-09-10/archive/local-helpers/resolution-2026-09-10/validate_compose_final.py
100644 blob 02dd2b5df3af0953b7ba23c0afcb613152631616	docs/continuation/publication_2026-09-10/archive/local-helpers/resolution-2026-09-10/write_delivery_docs.py
100644 blob b90ae0513ed574aefc24fc54f337ac5408c0e010	docs/continuation/publication_2026-09-10/archive/local-helpers/revisao-integral-2026-09-09/CHECKPOINT_INICIAL.md
100644 blob 3a158f5e5f797cc61a282171c5d1ddf85886ccc5	docs/continuation/publication_2026-09-10/archive/local-helpers/revisao-integral-2026-09-09/PROTOCOLO.md
100644 blob 67bdedd8f1f4c8f48034fe6628f7189eb0a3b9e4	docs/continuation/publication_2026-09-10/archive/local-helpers/revisao-integral-2026-09-09/audit_data.py
100644 blob 8b63c9c98edc572dfc1a5582f9ceda3e0503e2f1	docs/continuation/publication_2026-09-10/archive/local-helpers/revisao-integral-2026-09-09/close_delivery.py
100644 blob abc38a5135a1766cc88210ad2f472d14eb602f95	docs/continuation/publication_2026-09-10/archive/local-helpers/revisao-integral-2026-09-09/consolidate_evidence.py
100644 blob 77a58c851eff65be4923900bfb03a75c7d8b2bc3	docs/continuation/publication_2026-09-10/archive/local-helpers/revisao-integral-2026-09-09/final_wording.py
100644 blob 4a8ce7fa825c115fcbccd580a61facbf339b8df6	docs/continuation/publication_2026-09-10/archive/local-helpers/revisao-integral-2026-09-09/finish_review_artifacts.py
100644 blob 3eebd43a35063622588da441f2a6f5fb4b658993	docs/continuation/publication_2026-09-10/archive/local-helpers/revisao-integral-2026-09-09/inventory.py
100644 blob ff44f0eae8e145cdb0fb9f27fa5efad418fbbf8e	docs/continuation/publication_2026-09-10/archive/local-helpers/revisao-integral-2026-09-09/normalize_delivery.py
100644 blob 2edd2dbcdbde11cf50564b917c22b4cfd1b7776a	docs/continuation/publication_2026-09-10/archive/local-helpers/revisao-integral-2026-09-09/package_smoke.py
100644 blob a0f1f0afee34113a73c6ca1dd9cfe9b2c55fa18a	docs/continuation/publication_2026-09-10/archive/local-helpers/revisao-integral-2026-09-09/package_smoke_final.py
100644 blob 8dafa9f7b5b78e8e9ac8bdd045aba27f0fd84773	docs/continuation/publication_2026-09-10/archive/local-helpers/revisao-integral-2026-09-09/preintegration_check.py
100644 blob 7170ddfe336ff5a9ecd23863f38bfba9bdb7b35a	docs/continuation/publication_2026-09-10/archive/local-helpers/revisao-integral-2026-09-09/prepare_dotnet.py
100644 blob cc01de9f842304a977c145b7211e1b0547f3d42c	docs/continuation/publication_2026-09-10/archive/local-helpers/revisao-integral-2026-09-09/prepare_package_smoke_final.py
100644 blob bbbc667d9f7fe8cd400bc7db7e582429d1945e40	docs/continuation/publication_2026-09-10/archive/local-helpers/revisao-integral-2026-09-09/reconcile_final_records.py
100644 blob d5e46c0689dbae2407c5259cc91f261e051898df	docs/continuation/publication_2026-09-10/archive/local-helpers/revisao-integral-2026-09-09/recover_public.py
100644 blob d4c9242c43664689e9e0e5065c2c1856a231543c	docs/continuation/publication_2026-09-10/archive/local-helpers/revisao-integral-2026-09-09/run_dotnet.ps1
100644 blob b6a483923268c616b1c82632d30d09810ade1590	docs/continuation/publication_2026-09-10/archive/local-helpers/revisao-integral-2026-09-09/run_isolated.py
100644 blob 773aa6990fd28ea71faad409102b1a25314bc426	docs/continuation/publication_2026-09-10/archive/local-helpers/revisao-integral-2026-09-09/test_isolation_boundary.py
100644 blob 9754adc71cdf42b2e65d3a6e7ad52870fc333528	docs/continuation/publication_2026-09-10/archive/local-helpers/revisao-integral-2026-09-09/update_guides.py
100644 blob 995a22602ecccf3fab231681fdfac37851d44246	docs/continuation/publication_2026-09-10/archive/local-helpers/revisao-integral-2026-09-09/verify_staging.py
100644 blob 4ae46ef5ced3662c5a468c0605917708dc755768	docs/continuation/publication_2026-09-10/archive/local-helpers/revisao-integral-2026-09-09/write_reports.py
100644 blob 0ecd05792bc96b6e52584389e78d3b3c674f369a	docs/continuation/publication_2026-09-10/archive/previous-guides/HANDOFF.md
100644 blob 285da119dade3a24fc98a5d0baca595a09c1bb69	docs/continuation/publication_2026-09-10/archive/previous-guides/LEIA_PRIMEIRO.md
100644 blob 8c9f57704d7ac504d554dd07d7280db98caa0bb1	docs/continuation/publication_2026-09-10/archive/previous-guides/README.md
100644 blob c9776dcd8fbb55615cba87dbf2c32857aa023715	docs/continuation/publication_2026-09-10/archive/previous-guides/docs/DATA_MAP.md
100644 blob a18297fb46aa6d3e48c467cfa83ee3327156535d	docs/continuation/publication_2026-09-10/archive/previous-guides/docs/ESTADO_ATUAL.md
100644 blob b9663327ef646d681a5f7191ab1a8cac1e4401ac	docs/continuation/publication_2026-09-10/archive/previous-guides/docs/INDICE_DOCUMENTACAO.md
100644 blob 4d2cd174a523f704e3ef81ae5158c0b57d7c6603	docs/continuation/publication_2026-09-10/archive/previous-guides/docs/continuation/RETOMADA.md
100644 blob 93fcb39ca532525e2e116680df158ab9d317d9e7	docs/continuation/publication_2026-09-10/archive/publication-helpers/archive_ci.py
100644 blob 884a03227661601e19a1b4247f60e0f6d04f6910	docs/continuation/publication_2026-09-10/archive/publication-helpers/archive_context.py
100644 blob cd641e769e1fefa224ac6d5c84f51fd6002cefeb	docs/continuation/publication_2026-09-10/archive/publication-helpers/backup_final.py
100644 blob 0c16258eb20644ade405b2660ce180cd81765522	docs/continuation/publication_2026-09-10/archive/publication-helpers/build_final_package.py
100644 blob be5f61ac0d2acaae95e9bacf076327363952506e	docs/continuation/publication_2026-09-10/archive/publication-helpers/check_source_archive.py
100644 blob 064eabba52c75425156719f7a5813f19efe3f4ad	docs/continuation/publication_2026-09-10/archive/publication-helpers/checkpoint.py
100644 blob b341c743ac6d0818de75ac742b377761d6994b48	docs/continuation/publication_2026-09-10/archive/publication-helpers/close_publication.py
100644 blob 8debdc8f14b3f7b4b47eb75cdc2d05b691687082	docs/continuation/publication_2026-09-10/archive/publication-helpers/collect_ci.py
100644 blob 2287acc224cfee40697ff8f8d8696a8fca816a1f	docs/continuation/publication_2026-09-10/archive/publication-helpers/finalize_docs.py
100644 blob e05dd5875cf42b3c59697a00b893523235e7cd99	docs/continuation/publication_2026-09-10/archive/publication-helpers/integration_checks.py
100644 blob 40f7ded972d4dc6b3ea73f33c54c7cf625fa0ebd	docs/continuation/publication_2026-09-10/archive/publication-helpers/prepare_archive_index.py
100644 blob f2473607a97477df2c41db265a8ca1ed034ddd16	docs/continuation/publication_2026-09-10/archive/publication-helpers/prepare_validation.py
100644 blob 462c4548c771db99bc036474b0889723b68f101c	docs/continuation/publication_2026-09-10/archive/publication-helpers/prepublish.py
100644 blob e3895ea32b6ab50b367f7008e8d223688364db80	docs/continuation/publication_2026-09-10/archive/publication-helpers/seal_docs.py
100644 blob b6df58311f4edd0328eb614a952aae5dd928a0e4	docs/continuation/publication_2026-09-10/archive/publication-helpers/verify_remote.py
100644 blob 994c10e5df62dd61b69aad35a599647983a0874f	docs/continuation/publication_2026-09-10/evidence/archive-eol-check.json
100644 blob 1fdcf4b223abe5afb4af1c41e44ddc48003554b0	docs/continuation/publication_2026-09-10/evidence/archive-eol-final.json
100644 blob 905a39c90b52c1dc972cef5d8df02d035bdc0685	docs/continuation/publication_2026-09-10/evidence/archive-full-eol.json
100644 blob 92ab39930b4b3e9d1c1054a3e7f4e150589e35a7	docs/continuation/publication_2026-09-10/evidence/archive-manifest.json
100644 blob 8cf09338ad4b39362958880d8bec6a08a908aee6	docs/continuation/publication_2026-09-10/evidence/ci-34544695904/artifacts.json
100644 blob e98ddca996ba441e60e60e9885df157f9a9bcbc0	docs/continuation/publication_2026-09-10/evidence/ci-34544695904/extracted/10178579218/_temp/python-synthetic/isolation.json
100644 blob 1a241c196a753e045ada27a3d551c1b91065db66	docs/continuation/publication_2026-09-10/evidence/ci-34544695904/extracted/10178579218/_temp/python-synthetic/junit.xml
100644 blob e98ddca996ba441e60e60e9885df157f9a9bcbc0	docs/continuation/publication_2026-09-10/evidence/ci-34544695904/extracted/10178579352/_temp/python-synthetic/isolation.json
100644 blob 08b331980166b6e991cd89c46270fbea7a739398	docs/continuation/publication_2026-09-10/evidence/ci-34544695904/extracted/10178579352/_temp/python-synthetic/junit.xml
100644 blob cb4a6685ba1701640c6329c5fab06e244abd54b6	docs/continuation/publication_2026-09-10/evidence/ci-34544695904/extracted/10178595450/brasileirao-predictor/brasileirao-predictor/artifacts/dotnet-coverage/ae9517b8-899a-4b46-b359-00fb06171f85/coverage.cobertura.xml
100644 blob 9e26590f3bd154539f69d0a2b37725d668159803	docs/continuation/publication_2026-09-10/evidence/ci-34544695904/extracted/10178620886/compose-validation.log
100644 blob fae44812d9cf7e53384b23c37cbbdcb91a3ffaae	docs/continuation/publication_2026-09-10/evidence/ci-34544695904/jobs.json
100644 blob fcbf51b7ba78c99384e23ab188d179ffc6da6f57	docs/continuation/publication_2026-09-10/evidence/ci-34544695904/jobs/103094673423.log
100644 blob 076bb46ab91374e2f8cef75d5b7942bfdaa21d9d	docs/continuation/publication_2026-09-10/evidence/ci-34544695904/jobs/103094673639.log
100644 blob 43074fd486527ab55df0c9e65fef85481bc31607	docs/continuation/publication_2026-09-10/evidence/ci-34544695904/jobs/103094673663.log
100644 blob 48ad5a70cc80f6b02a36f4c66d4c2ed471c0df6f	docs/continuation/publication_2026-09-10/evidence/ci-34544695904/jobs/103094945133.log
100644 blob 4894bc907b1df9454ed8341f5b04f9990c52d24f	docs/continuation/publication_2026-09-10/evidence/ci-34544695904/run.json
100644 blob 58c15a6c4968240104227d1ca2876aa2999d29eb	docs/continuation/publication_2026-09-10/evidence/ci-34544695904/summary.json
100644 blob d0e9e1589859515a349c096173d50fedf95e63a8	docs/continuation/publication_2026-09-10/evidence/ci-34552247397/artifacts.json
100644 blob e98ddca996ba441e60e60e9885df157f9a9bcbc0	docs/continuation/publication_2026-09-10/evidence/ci-34552247397/extracted/10181243863/_temp/python-synthetic/isolation.json
100644 blob da9cc47501abc2d5cfb62b5877e1f704408ebe98	docs/continuation/publication_2026-09-10/evidence/ci-34552247397/extracted/10181243863/_temp/python-synthetic/junit.xml
100644 blob e98ddca996ba441e60e60e9885df157f9a9bcbc0	docs/continuation/publication_2026-09-10/evidence/ci-34552247397/extracted/10181244805/_temp/python-synthetic/isolation.json
100644 blob da7fd42eede8899453c60e237bc49424f3e82616	docs/continuation/publication_2026-09-10/evidence/ci-34552247397/extracted/10181244805/_temp/python-synthetic/junit.xml
100644 blob 8508bbdbdffa27464f149be6c3752ca7835e6879	docs/continuation/publication_2026-09-10/evidence/ci-34552247397/extracted/10181263843/brasileirao-predictor/brasileirao-predictor/artifacts/dotnet-coverage/2c9f7abe-8936-4fb4-8321-42168f9c2d3a/coverage.cobertura.xml
100644 blob 7d505a78aa490a9a0a73a9a9fc4e1ee77ecf24a0	docs/continuation/publication_2026-09-10/evidence/ci-34552247397/extracted/10181302645/compose-validation.log
100644 blob bddf613a7e5ba675d19e2fa4e3ebb0ac2151c85e	docs/continuation/publication_2026-09-10/evidence/ci-34552247397/jobs.json
100644 blob 709e81e59d19aa59c460f2a2b0d78f706e6693ec	docs/continuation/publication_2026-09-10/evidence/ci-34552247397/jobs/103117400518.log
100644 blob 7925db70c003ba1fc04d898654db1b5bc65b704f	docs/continuation/publication_2026-09-10/evidence/ci-34552247397/jobs/103117400693.log
100644 blob 3d3e42c72e8ef0c880fc193eb462b229101674da	docs/continuation/publication_2026-09-10/evidence/ci-34552247397/jobs/103117400705.log
100644 blob d2b7232a2443cb1dc0e07bb816ea5452b45914a2	docs/continuation/publication_2026-09-10/evidence/ci-34552247397/jobs/103117708031.log
100644 blob aad2578c269758138cece21b48f28c9c20aa1f83	docs/continuation/publication_2026-09-10/evidence/ci-34552247397/run.json
100644 blob 3466fd1e996a83145838d3fd6c254d571fa9f395	docs/continuation/publication_2026-09-10/evidence/ci-34552247397/summary.json
100644 blob 4c7bcb39ae40daa3511e6bbe8b286e37eb9b3d82	docs/continuation/publication_2026-09-10/evidence/clock-observation.json
100644 blob a71e33e9d0b70f1c32958dd778c50de9ffc257b1	docs/continuation/publication_2026-09-10/evidence/document-index.json
100644 blob 87dfded1948f976f60be104e3a7d71820adaebd0	docs/continuation/publication_2026-09-10/evidence/document-links.json
100644 blob b46c12962c7fe81eb0990220726ed4c947309bbd	docs/continuation/publication_2026-09-10/evidence/download-recovery.json
100644 blob 94ea32813181239338ca5e6c05e94cfd25b16a4a	docs/continuation/publication_2026-09-10/evidence/folder-index.json
100644 blob cc7bf258071cf5c941f71332d25ef0a11bf978dc	docs/continuation/publication_2026-09-10/evidence/integration-checks.json
100644 blob 6e773c0c0005050797f1d542d1ca6659de838ed1	docs/continuation/publication_2026-09-10/evidence/manifest.json
100644 blob 1ff2bf201f986c678a8d0684fbecfbc235913c2d	docs/continuation/publication_2026-09-10/evidence/package-final/install.log
100644 blob 265fda148046eb46d8753884765b46d8b92a0e23	docs/continuation/publication_2026-09-10/evidence/package-final/kernel-health-unconfigured.log
100644 blob 4da6f34296d3882e1e3d3810c9a0b22f626bf6f2	docs/continuation/publication_2026-09-10/evidence/package-final/kernel-help.log
100644 blob c7b75e7fd5bdaf208f02ae7756c2bd2aff7acf4a	docs/continuation/publication_2026-09-10/evidence/package-final/receipt.json
100644 blob 5288b7096cda62da042e6563c81d8d39d630ea9c	docs/continuation/publication_2026-09-10/evidence/package-final/sdist.log
100644 blob 30937663157e19c0698653e9a53471341e4ff06c	docs/continuation/publication_2026-09-10/evidence/package-final/venv.log
100644 blob 7d8e189b1b036b6ff8eae6d126a042f82687139c	docs/continuation/publication_2026-09-10/evidence/package-final/wheel-from-sdist.log
100644 blob 038a87837c9863bb443aa15bab4f6cd5d9e498d4	docs/continuation/publication_2026-09-10/evidence/prepublish-scan.json
100644 blob c53b3c94f3d6046348025bd95fed2e66054665fa	docs/continuation/publication_2026-09-10/evidence/publication-plan.json
100644 blob deae02eaf26c896e14d21c8256c2293b84995a7c	docs/continuation/publication_2026-09-10/evidence/pyright-before.log
100644 blob 38cc6f0753372abb9faa57e843d4b82c5c0f4089	docs/continuation/publication_2026-09-10/evidence/pyright-final.log
100644 blob 6d149dc07389e9593d00bac5e2bbe32e56638823	docs/continuation/publication_2026-09-10/evidence/python-portable-final.log
100644 blob 74be7f51c18737d623959a3554dc4aaf7f7efc62	docs/continuation/publication_2026-09-10/evidence/python-portable-final/isolation.json
100644 blob d6cad9a7760982080d4460dfd700b70e6791c345	docs/continuation/publication_2026-09-10/evidence/python-portable-final/junit.xml
100644 blob 745d63afa8b28ca15f617cb1c48eda82126ab9a8	docs/continuation/publication_2026-09-10/evidence/python-portable-first.log
100644 blob 4c9d46c163dddc73f688643a1675fdf9653d4544	docs/continuation/publication_2026-09-10/evidence/python-portable-first/isolation.json
100644 blob a9e7d5134f938bbc57feaf4f6f7fc4f8b75cc810	docs/continuation/publication_2026-09-10/evidence/python-portable-first/junit.xml
100644 blob 5c32de96f81ec99e8942fd0e86c9e9a8692bffa0	docs/continuation/publication_2026-09-10/evidence/remote-first.json
100644 blob 750cd28d53c73541915500b8ef5db4edcf9a59e6	docs/continuation/publication_2026-09-10/evidence/sdist-document-check.json
100644 blob ae209a94ae1582e69a832c53feae45209c183bc1	docs/continuation/publication_2026-09-10/evidence/source-metadata.json
100644 blob b940bd674ad269a718418d7e6e44bf08073b59b8	docs/continuation/publication_2026-09-10/evidence/web-and-folder.json
100644 blob 5477aaf817e8f0fe5a6e8b8cc7ba089aa2851dcc	docs/continuation/publication_2026-09-10/evidence/windows-path-verification.json
100644 blob 44f5a1fb30748685c27a25f24ef75a55a02fa345	docs/continuation/reconciliation_2026-09-10/HISTORICO.md
100644 blob a14e9379c656c555a60dd5d96a173742d8853f9d	docs/continuation/reconciliation_2026-09-10/MAPA_DADOS.md
100644 blob 0cc29c4a1f762d053e7b271c8ff158543e014718	docs/continuation/reconciliation_2026-09-10/MAPA_SISTEMA.md
100644 blob 0933b505e38edc2adc0cf9165b82f9b796d53a12	docs/continuation/reconciliation_2026-09-10/MATRIZ_MANDATO.md
100644 blob 8e73c1d80ae31f4ac4be6713613e7beffdad44f3	docs/continuation/reconciliation_2026-09-10/PLANO.md
100644 blob e87ab9027461b0f4b00dadd91bf37b65f1783174	docs/continuation/reconciliation_2026-09-10/PROXIMO_PROMPT.md
100644 blob 890e56bc969ed66ba11e5b2ea5f26f4b1029bd60	docs/continuation/reconciliation_2026-09-10/REGISTROS.json
100644 blob c55a45db7239ff000606471d26d1df0cfe4d3468	docs/continuation/reconciliation_2026-09-10/REGISTROS.md
100644 blob 823dbabf5efa02ace067e06be3608c0f5067405e	docs/continuation/reconciliation_2026-09-10/REPRODUZIR.md
100644 blob a0da768e10cfc8c40f27dec73c8cd94ac39abe09	docs/continuation/reconciliation_2026-09-10/RESULTADO.md
100644 blob bcd1b67f6d77abaf858479262870b5a34655e7f3	docs/continuation/reconciliation_2026-09-10/evidence/.gitattributes
100644 blob b74d3cabea765a3c76c363a9a6a46b7881f19ea6	docs/continuation/reconciliation_2026-09-10/evidence/after/isolation.json
100644 blob 4a889aa2407a681669be46a10234421cd55cd578	docs/continuation/reconciliation_2026-09-10/evidence/after/junit.xml
100644 blob bac27309e99b882c946bb601d56e52127ee38f36	docs/continuation/reconciliation_2026-09-10/evidence/before/isolation.json
100644 blob 57650e123d546a10fc69c6f48a35d1a3beb80a2e	docs/continuation/reconciliation_2026-09-10/evidence/before/junit.xml
100644 blob 65e3d89982cb15d1ab4fbb3dfca580a26a2f5dfa	docs/continuation/reconciliation_2026-09-10/evidence/chat-final-claims.json
100644 blob 6753b1d0b056f83c01324cfa9ec9928637bb4bf5	docs/continuation/reconciliation_2026-09-10/evidence/chat-recovery.json
100644 blob e0da6684a495a37eb8c79fb8a2c85458ee333d59	docs/continuation/reconciliation_2026-09-10/evidence/current-state.json
100644 blob b4d16145f6d9ac23ce054b878186865dc45789b9	docs/continuation/reconciliation_2026-09-10/evidence/data-metadata.json
100644 blob 3a929d6b07e5570af63049f0801b84d0e942f37f	docs/continuation/reconciliation_2026-09-10/evidence/dependencies.json
100644 blob 67c0cabbc989437176d28b1b56e773edac203067	docs/continuation/reconciliation_2026-09-10/evidence/dependency-extras.json
100644 blob d28b0b88d31e8b90b4347c1b140a03f93a20d520	docs/continuation/reconciliation_2026-09-10/evidence/document-validation.json
100644 blob b74d3cabea765a3c76c363a9a6a46b7881f19ea6	docs/continuation/reconciliation_2026-09-10/evidence/final/isolation.json
100644 blob 198b9532769811d3ad44f74b6222732ad35e54e7	docs/continuation/reconciliation_2026-09-10/evidence/final/junit.xml
100644 blob 17e84cdb5666a3d7fb00011e4f99528ba22b0a1e	docs/continuation/reconciliation_2026-09-10/evidence/inventory-verification.json
100644 blob 4c86bad81f8f7379b88630086420ca79d9892f25	docs/continuation/reconciliation_2026-09-10/evidence/mandate-sections.json
100644 blob 6e44d39b71d2c11fea13f419d36b529af1bcd3ca	docs/continuation/reconciliation_2026-09-10/evidence/manifest.json
100644 blob b2b38e4a234a2e3da56f89a4130c881d1f06e5d6	docs/continuation/reconciliation_2026-09-10/evidence/package-initial/build.log
100644 blob b33f396efb7862909ff4caa561cdd4f8394acb76	docs/continuation/reconciliation_2026-09-10/evidence/package-initial/install.log
100644 blob b744e68420b4c313bcca41f710ff63794e9008c4	docs/continuation/reconciliation_2026-09-10/evidence/package-initial/installed-path.log
100644 blob bd6c95a877db28679900116d0e768d4670e21c04	docs/continuation/reconciliation_2026-09-10/evidence/package-initial/odds-empty.log
100644 blob 587ed2eed7949ce6621403f309ada454b4a7d925	docs/continuation/reconciliation_2026-09-10/evidence/package-initial/odds-invalid.log
100644 blob 27e829318d1fd33b63c62ed60354775d5391a97b	docs/continuation/reconciliation_2026-09-10/evidence/package-initial/package-receipt.json
100644 blob aea8cee6fdd29ce370c929e8b9bf2b2faa47a00f	docs/continuation/reconciliation_2026-09-10/evidence/package-initial/readiness-False.log
100644 blob 1650368c9b02ca793169ebb40e9bc2eacb8ed1a3	docs/continuation/reconciliation_2026-09-10/evidence/package-initial/readiness-True.log
100644 blob 82d2062a4d77299d1e3b9c003ac75110d58f8279	docs/continuation/reconciliation_2026-09-10/evidence/package-receipt-final.json
100644 blob d7b65018b6bce7ecb33218cfbfbcf8bab3984bca	docs/continuation/reconciliation_2026-09-10/evidence/package-smoke-final/build.log
100644 blob 2a0217d9d9b452acef08edb3da9204c4c0df34c1	docs/continuation/reconciliation_2026-09-10/evidence/package-smoke-final/install.log
100644 blob 5f1ca4afca82c86915eaea9ff99ca382abd0e699	docs/continuation/reconciliation_2026-09-10/evidence/package-smoke-final/installed-path.log
100644 blob bd6c95a877db28679900116d0e768d4670e21c04	docs/continuation/reconciliation_2026-09-10/evidence/package-smoke-final/odds-empty.log
100644 blob 587ed2eed7949ce6621403f309ada454b4a7d925	docs/continuation/reconciliation_2026-09-10/evidence/package-smoke-final/odds-invalid.log
100644 blob aea8cee6fdd29ce370c929e8b9bf2b2faa47a00f	docs/continuation/reconciliation_2026-09-10/evidence/package-smoke-final/readiness-False.log
100644 blob 1650368c9b02ca793169ebb40e9bc2eacb8ed1a3	docs/continuation/reconciliation_2026-09-10/evidence/package-smoke-final/readiness-True.log
100644 blob faa50f64991d021510c7de297055b22ebef06182	docs/continuation/reconciliation_2026-09-10/evidence/previous-guides.json
100644 blob 01db8058efeb788191be7222ef3760ff305dc377	docs/continuation/reconciliation_2026-09-10/evidence/prior-evidence-verification.json
100644 blob 4fd42411a67ec4270b06c7f7f80c984fcfc9e081	docs/continuation/reconciliation_2026-09-10/evidence/pyright-final.log
100644 blob be7b8022b8d8e7fa3ae76db34f66533cb4a84ac8	docs/continuation/reconciliation_2026-09-10/evidence/quality-checks-final.json
100644 blob 1f5f344d054fae10f39140fb7199c99321d9190a	docs/continuation/reconciliation_2026-09-10/evidence/ruff-check-final.log
100644 blob 1f5f344d054fae10f39140fb7199c99321d9190a	docs/continuation/reconciliation_2026-09-10/evidence/ruff-fix-final.log
100644 blob 8e4d504182979b9ad211fb7b88757897fbed0606	docs/continuation/reconciliation_2026-09-10/evidence/ruff-format-check-final.log
100644 blob 9cf1e35950a30cf36d51c8f1edb160f029a676db	docs/continuation/reconciliation_2026-09-10/evidence/ruff-format-final.log
100644 blob bfa36bb174f960441c6ca9fa4707d4fc7ed528cf	docs/continuation/reconciliation_2026-09-10/evidence/source-inventory.json
100644 blob 4172d1e221f8c99f7997cee22935db1937ee1cac	docs/continuation/reconciliation_2026-09-10/evidence/validation-summary.json
100644 blob 8da03f818e3ae86e6da6fb775945ca16e17046ea	docs/continuation/repro_2026-09-07/capture_operational_metadata.ps1
100644 blob e00cd88806d65a0d5c7e4f4697e2e2a31475be37	docs/continuation/repro_2026-09-07/check_historical_available.py
100644 blob faa8d6b7b8127c0de67fc335e2c24eb94448f414	docs/continuation/repro_2026-09-07/complete_resume.py
100644 blob fc3f77e38341719e58f86f53350c5f3817685f6e	docs/continuation/repro_2026-09-07/configure_passive_tasks.ps1
100644 blob 8948f43228d184b78fab0e278b5c5310a9ddfe8e	docs/continuation/repro_2026-09-07/final_project_review/VALIDAR_REDIS_ISOLADO.ps1
100644 blob d942863fbc82bcd92fe13700ca8b37981cad3a48	docs/continuation/repro_2026-09-07/final_project_review/assemble_delivery.py
100644 blob 232e26cdcc01d842e183ca908bacdc3ec511977f	docs/continuation/repro_2026-09-07/final_project_review/audit_frozen_data.py
100644 blob f7ad7d74be5fbbbe276f32eed5a1fae6596fa5c9	docs/continuation/repro_2026-09-07/final_project_review/diagnostics_quality.py
100644 blob 1722ba96e5f75597e1e7771be22e73343609d3ac	docs/continuation/repro_2026-09-07/final_project_review/diagnostics_quality_plan.json
100644 blob 65655f2fb70631fae594d712c3e7a310aaee8dd7	docs/continuation/repro_2026-09-07/final_project_review/extension_derived_check/acquire.py
100644 blob ebcaae0e41e4df2ebfcffe53de63c1a84e30bd17	docs/continuation/repro_2026-09-07/final_project_review/extension_derived_check/audit_result_independently.py
100644 blob 81fd8090857443e3da016adf36c821bfb9305a4a	docs/continuation/repro_2026-09-07/final_project_review/extension_derived_check/evaluate.py
100644 blob fddbd6cd667ccde64920f5baecef85f65ce10f40	docs/continuation/repro_2026-09-07/final_project_review/extension_derived_check/plan.json
100644 blob d9cbbbf995b4c5663e349f41fa15c04f72d7d325	docs/continuation/repro_2026-09-07/final_project_review/extension_derived_check/test_evaluate.py
100644 blob 960cf9245849bb979c91b307265e065238711fee	docs/continuation/repro_2026-09-07/final_project_review/extension_derived_check/test_independent_acquisition.py
100644 blob 17ca692128013898031021aaacb5633bdba91707	docs/continuation/repro_2026-09-07/final_project_review/extension_derived_check/test_independent_evaluation.py
100644 blob af95c9b81331fc8212c29def9ea0e4e3f0d538b8	docs/continuation/repro_2026-09-07/final_project_review/guard/sitecustomize.py
100644 blob 7444cb99522d6383d98cc53e4e46198c48caf9a2	docs/continuation/repro_2026-09-07/final_project_review/isolated_tests/test_operational_review_regressions.py
100644 blob fd4b1f31064acd414674d57053a3c40c3ead84ba	docs/continuation/repro_2026-09-07/final_project_review/package_data_audit.py
100644 blob 3e85ec635adf8fe9b5bcba8076f5e1db1e8da6b6	docs/continuation/repro_2026-09-07/final_project_review/prepare_snapshot.py
100644 blob 2c672cfa8fa5e566f29d98c657286024432576ce	docs/continuation/repro_2026-09-07/final_project_review/recheck_studies.py
100644 blob eea5f488e9d7eeacceb9c565add5a5abcbedcda6	docs/continuation/repro_2026-09-07/final_project_review/reproduce_ou_scope_bug.py
100644 blob 2ba1b564d09aea3eb234e3cd9e56238d32169ab7	docs/continuation/repro_2026-09-07/final_project_review/run_check.py
100644 blob 42c945dd6f8fba410deb7a283d2bd07f90d91c67	docs/continuation/repro_2026-09-07/final_project_review/test_diagnostics_quality.py
100644 blob 8ba09ea615ff2078458cbfaf39bd39a268ac625a	docs/continuation/repro_2026-09-07/finalize_resume.py
100644 blob a17d0b6a39fc18303c9f2caa287678c572c1eccb	docs/continuation/repro_2026-09-07/inspect_turn_split_sources.py
100644 blob 10994df4fc51a17f7e0c0abe3600e4fed96bd3d0	docs/continuation/repro_2026-09-07/new_split_backtest/audit_results.py
100644 blob d48c5d8d4d222f3315adaeb177ee9b22a0b82064	docs/continuation/repro_2026-09-07/new_split_backtest/economics.py
100644 blob 42f46c7c812283859ce82717aa34639d82f005cf	docs/continuation/repro_2026-09-07/new_split_backtest/extract_inputs.py
100644 blob 0a2883c13208bf3482f7c8a528d651ba8fbd4af8	docs/continuation/repro_2026-09-07/new_split_backtest/package_results.py
100644 blob 1070af936f047fbbf3dbf078e9cde29e14eb90b6	docs/continuation/repro_2026-09-07/new_split_backtest/plan.json
100644 blob a465cc5e3c23d6de51c62b54bfdcff66e7410cb4	docs/continuation/repro_2026-09-07/new_split_backtest/runner.py
100644 blob 2c36bba4cec696995965fef606952c99464a1d5e	docs/continuation/repro_2026-09-07/new_split_backtest/test_audit_results.py
100644 blob 5380ead655ae2ecbf48fb2f6713a1bc74c14f012	docs/continuation/repro_2026-09-07/new_split_backtest/test_economics.py
100644 blob eca4482d8aa9e6d1c28d7cd77032a359923ae3d9	docs/continuation/repro_2026-09-07/new_split_backtest/test_extract_inputs.py
100644 blob b20b667b355d9aa0ed97e7635a9addcf14d82e37	docs/continuation/repro_2026-09-07/new_split_backtest/test_runner.py
100644 blob 88ceeb3bc937a48a4a2f382d6fc5d3fe74c8d7ef	docs/continuation/repro_2026-09-07/operational_health.py
100644 blob 4621055ba48b86772ba13127250b016ab41a845a	docs/continuation/repro_2026-09-07/package_deliverables.py
100644 blob 952c7099ad60156233445b9bfb8097e2d75cf8b3	docs/continuation/repro_2026-09-07/prepare_price_extension.py
100644 blob 65655f2fb70631fae594d712c3e7a310aaee8dd7	docs/continuation/repro_2026-09-07/price_extension_51/acquire.py
100644 blob ebcaae0e41e4df2ebfcffe53de63c1a84e30bd17	docs/continuation/repro_2026-09-07/price_extension_51/audit_result_independently.py
100644 blob 81fd8090857443e3da016adf36c821bfb9305a4a	docs/continuation/repro_2026-09-07/price_extension_51/evaluate.py
100644 blob d3d872a24fb2aee221d75741a33cf1a8ba41a364	docs/continuation/repro_2026-09-07/price_extension_51/finalize_checkpoint.py
100644 blob 4e55762c2ac76b26fbc7d11c11b1f9ace968194f	docs/continuation/repro_2026-09-07/price_extension_51/package_delivery.py
100644 blob fddbd6cd667ccde64920f5baecef85f65ce10f40	docs/continuation/repro_2026-09-07/price_extension_51/plan.json
100644 blob d9cbbbf995b4c5663e349f41fa15c04f72d7d325	docs/continuation/repro_2026-09-07/price_extension_51/test_evaluate.py
100644 blob 960cf9245849bb979c91b307265e065238711fee	docs/continuation/repro_2026-09-07/price_extension_51/test_independent_acquisition.py
100644 blob 17ca692128013898031021aaacb5633bdba91707	docs/continuation/repro_2026-09-07/price_extension_51/test_independent_evaluation.py
100644 blob d59fd0f4cb2226fc8b4ede83fc380bc9127cbaeb	docs/continuation/repro_2026-09-07/record_horizon_choice.py
100644 blob ea3b245d9c228bc7532858b2a565dbbc9d4a1618	docs/continuation/repro_2026-09-07/resume_preflight.py
100644 blob 4c3422f71e24a6e7865eb841abca569ca60a2038	docs/continuation/repro_2026-09-07/selection_reanalysis/analysis_plan.json
100644 blob a21da6d11e0c9b2af57645437d7c611e76ddcc71	docs/continuation/repro_2026-09-07/selection_reanalysis/config_frozen.yaml
100644 blob a583592b18db89686ed39a77e674813c4ec7f536	docs/continuation/repro_2026-09-07/selection_reanalysis/finalize_delivery.py
100644 blob ac545b1ff8f4765432769ebf026b32dc3deb7b5c	docs/continuation/repro_2026-09-07/selection_reanalysis/generate_predictions.py
100644 blob ffbce2f1f3483f76007ae266f792bf7bf613f494	docs/continuation/repro_2026-09-07/selection_reanalysis/package_price_results.py
100644 blob 5fb9359899539b156001e029aa94321b27fb01cc	docs/continuation/repro_2026-09-07/selection_reanalysis/package_reanalysis.py
100644 blob 2beec5dd14f0045da1baa1d3870ac8d5180b7354	docs/continuation/repro_2026-09-07/selection_reanalysis/pinnacle_only_replay.py
100644 blob c4209eec47d5c441160a313547de3d1db812af55	docs/continuation/repro_2026-09-07/selection_reanalysis/prepare_input.py
100644 blob 85c6c4143157b78a0e5bc67c7818229cea281147	docs/continuation/repro_2026-09-07/selection_reanalysis/price_discovery_replay.py
100644 blob da96ee5a62f9790ce02ea07cb98742ef7b52e1dc	docs/continuation/repro_2026-09-07/selection_reanalysis/price_history/acquire_history_once.py
100644 blob 819583fa62cc884db32252fae9ac91bd54b3a6d3	docs/continuation/repro_2026-09-07/selection_reanalysis/price_history/collect_fixture_metadata.py
100644 blob 8aedb48ab9d6decad76bf5b69617ed2419c9db5c	docs/continuation/repro_2026-09-07/selection_reanalysis/price_history/exp001_data_pilot.py
100644 blob 749a9efbfb4d635273838d6fcdcc60ed1d4f70e3	docs/continuation/repro_2026-09-07/selection_reanalysis/price_history/exp001_data_pilot_original.py
100644 blob 749a9efbfb4d635273838d6fcdcc60ed1d4f70e3	docs/continuation/repro_2026-09-07/selection_reanalysis/price_history/exp001_operational_before.py
100644 blob 825672e0975f06c3d2974f37a0acfef298bc6447	docs/continuation/repro_2026-09-07/selection_reanalysis/price_history/test_price_history_parser.py
100644 blob b6f83364d3294c7529a19a0770a10bb080bd343d	docs/continuation/repro_2026-09-07/selection_reanalysis/selective_replay.py
100644 blob 89494afe1007cdab224523edf2bba6263d741574	docs/continuation/repro_2026-09-07/selection_reanalysis/test_generate_predictions.py
100644 blob a0b5dc16b0a2a4b261143730dfcc3ad75d94d26b	docs/continuation/repro_2026-09-07/selection_reanalysis/test_pinnacle_only_replay.py
100644 blob fca5aa800c616d83ad5c059cdb97996a946f50e3	docs/continuation/repro_2026-09-07/selection_reanalysis/test_price_discovery_replay.py
100644 blob 5b3d5ac3e54a67617b5efd66cec0476f67471621	docs/continuation/repro_2026-09-07/selection_reanalysis/test_selective_replay.py
100644 blob 424395c442eee0c8057d35b105d26fec14dad435	docs/continuation/repro_2026-09-07/session_git_handoff.py
100644 blob 54c85b42d1715d95fb173244ece34ea6a907a37a	docs/continuation/repro_2026-09-07/summarize_historical_quality.py
100644 blob c24c18e3a52a342e3165047cee3efdf56732acaf	docs/continuation/repro_2026-09-07/turn_split_2026/apply_policy.py
100644 blob 4b7632b39fa75a7e2eee126e94e89edc73a287a6	docs/continuation/repro_2026-09-07/turn_split_2026/build_manifest.py
100644 blob a5da29e59b5d62c6a58f2e891b4c8cfff7bb0d76	docs/continuation/repro_2026-09-07/turn_split_2026/finalize_delivery.py
100644 blob 0a80440b53ad2e8cdc58211bdd0a51e93046b8a2	docs/continuation/repro_2026-09-07/turn_split_2026/split_policy.py
100644 blob db6f9f0a56342ad728075a07333eddd27c80601a	docs/continuation/repro_2026-09-07/turn_split_2026/test_split_policy.py
100644 blob 51b288ded02770eb7c02d03df92b5f52ca952645	docs/continuation/repro_2026-09-07/verify_resume_integrity.py
100644 blob fd097f7a9f6ed8b55fe34e6bd220cab35c141c49	docs/continuation/resolution_2026-09-10/.gitattributes
100644 blob 2b703ed62cb07d8eb5cfc8258264ebc86a3ac256	docs/continuation/resolution_2026-09-10/CONTRATOS.md
100644 blob 4ee2d101f6ce21b219f43c662f5cf12fea3e0671	docs/continuation/resolution_2026-09-10/PROXIMO_PROMPT.md
100644 blob 49104c6cf3b88a82134ee47e4f547bf433894785	docs/continuation/resolution_2026-09-10/REGISTROS.json
100644 blob 003284ab3f27481a9f14908b49cf1ccc1c38e1f7	docs/continuation/resolution_2026-09-10/REGISTROS.md
100644 blob 0c1f7329e13a5d3e11a81daf2b117afed377acc6	docs/continuation/resolution_2026-09-10/REPRODUZIR.md
100644 blob 772e9570b45f859c1cdccc2453487da9a9eeb07b	docs/continuation/resolution_2026-09-10/RESULTADO.md
100644 blob 73550545d4e192523b7a0cdf4860b9bcbc052b83	docs/continuation/resolution_2026-09-10/evidence/PLANO.md
100644 blob 62fd1d73925911c5d68883293458e83a0f91a30d	docs/continuation/resolution_2026-09-10/evidence/bank-after/isolation.json
100644 blob 6032a8231efc27d39d5b6eb19dde367eec3fe576	docs/continuation/resolution_2026-09-10/evidence/bank-after/junit.xml
100644 blob b953f1ad20279f872ba32ee75f59ff05cb3fb065	docs/continuation/resolution_2026-09-10/evidence/bank-before/isolation.json
100644 blob ad897f4b770eff20200274def27451a42204a3cf	docs/continuation/resolution_2026-09-10/evidence/bank-before/junit.xml
100644 blob 115cfca03b74efacdf2679cc8e2029a44e5d37a1	docs/continuation/resolution_2026-09-10/evidence/boundary-check.json
100644 blob 7bbc5d7f7fb7cd523b1986d612ebd63b7351a347	docs/continuation/resolution_2026-09-10/evidence/ci-contract-before/isolation.json
100644 blob ad63a31b9b792f055aa4844b1d70bbb75df9ce6d	docs/continuation/resolution_2026-09-10/evidence/ci-contract-before/junit.xml
100644 blob 51581537777dc864256822611592ddf673b1ce4a	docs/continuation/resolution_2026-09-10/evidence/compose-check/plan.json
100644 blob d6f78a35ebebff15d63e0053a883ff7698269d0b	docs/continuation/resolution_2026-09-10/evidence/compose-check/receipt.json
100644 blob 5ac42071613def38c3537d12d4b7975efa517adb	docs/continuation/resolution_2026-09-10/evidence/compose-final/receipt.json
100644 blob 22fa1db1a8d0b89c9d4dc1be6d6906b33821b480	docs/continuation/resolution_2026-09-10/evidence/coverage-after/isolation.json
100644 blob 50c125612889979f14581b4581dffbcc202c8895	docs/continuation/resolution_2026-09-10/evidence/coverage-after/junit.xml
100644 blob 821fcfa20450fdd354d3b15393b9011761eb559f	docs/continuation/resolution_2026-09-10/evidence/coverage-before/isolation.json
100644 blob 07bb49cd8b00cc5d7b289c8a15c18e20686592cd	docs/continuation/resolution_2026-09-10/evidence/coverage-before/junit.xml
100644 blob 17d216fab826e2b592bb0a98977a39c527920c4a	docs/continuation/resolution_2026-09-10/evidence/cross-after/dotnet-build.log
100644 blob a8003c6a43cec38354e5d2ec086a9f567ce6c7d7	docs/continuation/resolution_2026-09-10/evidence/cross-after/dotnet-restore.log
100644 blob 57d158d09c093c54885c3fbc72b79a53cc66585b	docs/continuation/resolution_2026-09-10/evidence/cross-after/dotnet-test.log
100644 blob a4907772af01b800a26c6428136b2c4eaebb4e74	docs/continuation/resolution_2026-09-10/evidence/cross-after/receipt.json
100644 blob 804b593b9869ade0b868acca596379cc7acf2f7a	docs/continuation/resolution_2026-09-10/evidence/curated-after/isolation.json
100644 blob 505f6455c1b116fba19dded50ec7db68faddf521	docs/continuation/resolution_2026-09-10/evidence/curated-after/junit.xml
100644 blob c3544e94a368d0c90d0442a66c821cb1682bb806	docs/continuation/resolution_2026-09-10/evidence/curated-before/isolation.json
100644 blob d0977db1baf9b9ea3d797ef39fe86a59c890cf39	docs/continuation/resolution_2026-09-10/evidence/curated-before/junit.xml
100644 blob 357471c7fa423030b21f05be94f972bcaa28b43e	docs/continuation/resolution_2026-09-10/evidence/curated-final/isolation.json
100644 blob ed56a8c474c6eb6e7482521f1f7af32d89ec5346	docs/continuation/resolution_2026-09-10/evidence/curated-final/junit.xml
100644 blob 2dbbf1c3f12f75b8d05d7f9812612aba8aad3c12	docs/continuation/resolution_2026-09-10/evidence/dataset-before/isolation.json
100644 blob 1b087bbcad37a6cd6d0262b93dad805386854ad6	docs/continuation/resolution_2026-09-10/evidence/dataset-before/junit.xml
100644 blob 8e816fdbd5690a056bcb3b0b0db6d753d6c93d83	docs/continuation/resolution_2026-09-10/evidence/dataset-replay-after/isolation.json
100644 blob 0bd585933b50d83e342356b105f3c701576d0cdf	docs/continuation/resolution_2026-09-10/evidence/dataset-replay-after/junit.xml
100644 blob 8fdb9807a0e1139152c2018ad611b760e7986c72	docs/continuation/resolution_2026-09-10/evidence/dotnet-final/dotnet-build.log
100644 blob 7dfd7dd4db0e482731b3ea35031f18dab63ea5c5	docs/continuation/resolution_2026-09-10/evidence/dotnet-final/dotnet-restore.log
100644 blob 474572c10fb9b600bd7f4fdf80a602244f1e5b0e	docs/continuation/resolution_2026-09-10/evidence/dotnet-final/dotnet-test.log
100644 blob 51d5f0cee99a44d1735285a8656e559c446fe36a	docs/continuation/resolution_2026-09-10/evidence/dotnet-final/receipt.json
100644 blob 583376776e6e3d51a390970bca4f2eb1a50b01a8	docs/continuation/resolution_2026-09-10/evidence/edge-contracts-after/isolation.json
100644 blob aae383e0288e4c2f1a757d0a5da8a47732327f82	docs/continuation/resolution_2026-09-10/evidence/edge-contracts-after/junit.xml
100644 blob f9ca0a9a79f0b5e87271d692162d508a13276c51	docs/continuation/resolution_2026-09-10/evidence/edge-contracts-before/isolation.json
100644 blob ad55f0c5e412679edc8ed35d2b5490a856df2606	docs/continuation/resolution_2026-09-10/evidence/edge-contracts-before/junit.xml
100644 blob 5825813c15d069b87f2feae9f940597e5fbcdd67	docs/continuation/resolution_2026-09-10/evidence/feed-after/dotnet-build.log
100644 blob 431253973508aec6f4711e4f88ae4f9e919928fa	docs/continuation/resolution_2026-09-10/evidence/feed-after/dotnet-restore.log
100644 blob a3aeaeec0e453217fccec048ea16ed5e5d7703a7	docs/continuation/resolution_2026-09-10/evidence/feed-after/dotnet-test.log
100644 blob d05dea27e2474cd99418b4eaf692781fa4874c42	docs/continuation/resolution_2026-09-10/evidence/feed-after/receipt.json
100644 blob f3b5fed4a5dd2f30d10330a712272f5f0d3b4bc1	docs/continuation/resolution_2026-09-10/evidence/feed-before/dotnet-build.log
100644 blob 4c8a30369eb7271cda26fe9ecce263339fc691a8	docs/continuation/resolution_2026-09-10/evidence/feed-before/dotnet-restore.log
100644 blob 06266cd957d4ea7b7c3f6234b629d13257f10e08	docs/continuation/resolution_2026-09-10/evidence/feed-before/dotnet-test.log
100644 blob e06ed6f8b828be04379a374d7e023914efe33dbb	docs/continuation/resolution_2026-09-10/evidence/feed-before/receipt.json
100644 blob de5c1d219e694294457a9c23feba1fca3264e589	docs/continuation/resolution_2026-09-10/evidence/final-code-metadata.json
100644 blob 9d3d6d99b0ebee57e8c7eab70d067192be4bf3f9	docs/continuation/resolution_2026-09-10/evidence/gate-after/isolation.json
100644 blob e3118c4c93f3398eb3b845405e3e368fd5767224	docs/continuation/resolution_2026-09-10/evidence/gate-after/junit.xml
100644 blob 0ebe8a2bec4dac944c82e85beee0289a26cdbada	docs/continuation/resolution_2026-09-10/evidence/gate-before/isolation.json
100644 blob 79712d9043e26d0d94f5b422915e3628bc279cea	docs/continuation/resolution_2026-09-10/evidence/gate-before/junit.xml
100644 blob 9a937710dc2b19dc04390ded9b1d5a6523cea2c9	docs/continuation/resolution_2026-09-10/evidence/historical-import-after-02/isolation.json
100644 blob b31ce0526ac75631cc8ed658da083cf2a21a82a0	docs/continuation/resolution_2026-09-10/evidence/historical-import-after-02/junit.xml
100644 blob 332731d09c1a125f7d6aa3ccca86cf1a5f1fd586	docs/continuation/resolution_2026-09-10/evidence/historical-import-after/isolation.json
100644 blob 93d55432125660807db8b9e7b948d44f592c34d1	docs/continuation/resolution_2026-09-10/evidence/historical-import-after/junit.xml
100644 blob 3d5d15ffa1a5887c30b825519b9f63c8066296fc	docs/continuation/resolution_2026-09-10/evidence/historical-import-before/isolation.json
100644 blob 3ce8213cefd779d2ec822313a53970162fde8e60	docs/continuation/resolution_2026-09-10/evidence/historical-import-before/junit.xml
100644 blob 5ca7a5c4542dbf4fdc5e37d6f1436ff4a7b1800b	docs/continuation/resolution_2026-09-10/evidence/inputs-before-02/dotnet-build.log
100644 blob 2f598029f194df4cfa3e65e1429306d7261ab778	docs/continuation/resolution_2026-09-10/evidence/inputs-before-02/dotnet-restore.log
100644 blob 32cac710ea4db1f280c2cdb3ac32d55abd522532	docs/continuation/resolution_2026-09-10/evidence/inputs-before-02/receipt.json
100644 blob ec2002e964ad7c5a147db168dd8ae72970e3472b	docs/continuation/resolution_2026-09-10/evidence/inputs-before-03/dotnet-build.log
100644 blob c52ca14b13ecd1a6c8897323b14a43c03c053e22	docs/continuation/resolution_2026-09-10/evidence/inputs-before-03/dotnet-restore.log
100644 blob 6f4395b124514e0f544845c36701a088de204f1c	docs/continuation/resolution_2026-09-10/evidence/inputs-before-03/dotnet-test.log
100644 blob 743337faae7ccb1f2e47c822d0bf9992d5aee228	docs/continuation/resolution_2026-09-10/evidence/inputs-before-03/receipt.json
100644 blob 9bafb1dbda61078d2f39992013b179f9e316fbe9	docs/continuation/resolution_2026-09-10/evidence/installed-cross-final/_LEO_2026-09-10_20_21_20_net10.0.trx
100644 blob ae8675cf0c20764abd4f19e7b2a00f10271031c1	docs/continuation/resolution_2026-09-10/evidence/installed-cross-final/dotnet-build.log
100644 blob 2417789d991d3fdb76517808d370e03c340a1530	docs/continuation/resolution_2026-09-10/evidence/installed-cross-final/dotnet-restore.log
100644 blob dd06fe098082e3ab99b50fcf82ab77093d3c3f31	docs/continuation/resolution_2026-09-10/evidence/installed-cross-final/dotnet-test.log
100644 blob c9f354d24caedc5ba3bc42eee4242d9f3538eb6b	docs/continuation/resolution_2026-09-10/evidence/installed-cross-final/kernel-startup-24060.log
100644 blob 14642ba4f889413f5154f268dd7a46c7a43a4c59	docs/continuation/resolution_2026-09-10/evidence/installed-cross-final/receipt.json
100644 blob 61b6117c116bc19d981f61f7f0a5887a2403adba	docs/continuation/resolution_2026-09-10/evidence/installed-cross-final/redis.log
100644 blob f34b2f55f203fdb905d0b8b77afb05dc1c68ae01	docs/continuation/resolution_2026-09-10/evidence/installed-full-after/dotnet-build.log
100644 blob bb6fcf87f08e5bdff25d6629a829b8f8dfdb0d73	docs/continuation/resolution_2026-09-10/evidence/installed-full-after/dotnet-restore.log
100644 blob ede33895ff449052e6ac594186a97e094f74b9e1	docs/continuation/resolution_2026-09-10/evidence/installed-full-after/dotnet-results/50b8fe37-d70e-4461-b45d-1d4a25a5aa61/coverage.cobertura.xml
100644 blob ede33895ff449052e6ac594186a97e094f74b9e1	docs/continuation/resolution_2026-09-10/evidence/installed-full-after/dotnet-results/_LEO_2026-09-10_18_32_23/In/LEO/coverage.cobertura.xml
100644 blob ad6aed3aa0bcd23d21633d57aa260bbf548c1ae5	docs/continuation/resolution_2026-09-10/evidence/installed-full-after/dotnet-results/_LEO_2026-09-10_18_32_23_net10.0.trx
100644 blob 0b4ef61a9d3fe0b3e3e08010392cb1b7cdba9277	docs/continuation/resolution_2026-09-10/evidence/installed-full-after/dotnet-test.log
100644 blob 2f6110cb21e80cd88c68c70dbface76d4986816f	docs/continuation/resolution_2026-09-10/evidence/installed-full-after/receipt.json
100644 blob 0752e398c2d93a732a2487d7ef26422e8c00e221	docs/continuation/resolution_2026-09-10/evidence/integration-boundary.json
100644 blob 6f19ecfe77f86eb04016c224030323b62841a629	docs/continuation/resolution_2026-09-10/evidence/kernel-lifecycle-after/isolation.json
100644 blob 87dbaa838c48362e229b43c914c6941e35298172	docs/continuation/resolution_2026-09-10/evidence/kernel-lifecycle-after/junit.xml
100644 blob 5b182e2b7b159d584de78b29443870607a46774c	docs/continuation/resolution_2026-09-10/evidence/kernel-lifecycle-before/isolation.json
100644 blob 7146723928c4c35490299c2f6daabaae9a850918	docs/continuation/resolution_2026-09-10/evidence/kernel-lifecycle-before/junit.xml
100644 blob 9d53a8a573e2241c7ff33c6ccfb1a2e126fc8f37	docs/continuation/resolution_2026-09-10/evidence/kernel-params-after/isolation.json
100644 blob 08f17f9cfb08982171d85dd3f5f73c0f1a38d187	docs/continuation/resolution_2026-09-10/evidence/kernel-params-after/junit.xml
100644 blob 9bdeeb63c84e83fd2ff6d6ad1b339a4780769ed1	docs/continuation/resolution_2026-09-10/evidence/kernel-params-before/isolation.json
100644 blob f07b0ef23dfbad90c3055ef9b0091167be9be673	docs/continuation/resolution_2026-09-10/evidence/kernel-params-before/junit.xml
100644 blob 1e634069a7994aa41820e11bc515c7c177bdb7a5	docs/continuation/resolution_2026-09-10/evidence/latency-after/dotnet-build.log
100644 blob 9e9c46efb2d1dca8ba16863299f0402364420ddf	docs/continuation/resolution_2026-09-10/evidence/latency-after/dotnet-restore.log
100644 blob 43c0060de632da7984ca5673cde3a42a54f747fc	docs/continuation/resolution_2026-09-10/evidence/latency-after/dotnet-test.log
100644 blob 28ee73af7eb53d8205c232487c524d1f24a75874	docs/continuation/resolution_2026-09-10/evidence/latency-after/receipt.json
100644 blob cd7c32928654545b3e4c3adcfc3960c5482ea6d7	docs/continuation/resolution_2026-09-10/evidence/latency-before-02/dotnet-build.log
100644 blob ff16bf1c7fc95615c0a65bb037cfe4b0feb71b7f	docs/continuation/resolution_2026-09-10/evidence/latency-before-02/dotnet-restore.log
100644 blob 56abaa9b0a2a4ddcb0ea51225f72500eb742dee3	docs/continuation/resolution_2026-09-10/evidence/latency-before-02/dotnet-test.log
100644 blob 906b912c63d9b1942c48bc57756ae2e6530ab051	docs/continuation/resolution_2026-09-10/evidence/latency-before-02/receipt.json
100644 blob 13ab0be203093dc819d415b7a0445259dd62bcc4	docs/continuation/resolution_2026-09-10/evidence/latency-before/receipt.json
100644 blob 0e7a2442e2bf4fabf7283058d9592f91e9845f2a	docs/continuation/resolution_2026-09-10/evidence/lineup-before/isolation.json
100644 blob 01e017d58fb440f81272075803cb15764bfcf234	docs/continuation/resolution_2026-09-10/evidence/lineup-before/junit.xml
100644 blob 1594c8e043c2a111ba54ea61631cb68de420408c	docs/continuation/resolution_2026-09-10/evidence/lineup-replay-after/isolation.json
100644 blob 5b0e933bf44bd40cc43349214b76689ec6b014ef	docs/continuation/resolution_2026-09-10/evidence/lineup-replay-after/junit.xml
100644 blob 3c19d611d9155558a92efa98e66be4f520cf548d	docs/continuation/resolution_2026-09-10/evidence/live-settlement-after/isolation.json
100644 blob 720718475deea31e2c2ccfcec34a233da8abd038	docs/continuation/resolution_2026-09-10/evidence/live-settlement-after/junit.xml
100644 blob 586d9d403d0f06f060ed0cec8d9f22aa35f4092a	docs/continuation/resolution_2026-09-10/evidence/live-settlement-before/isolation.json
100644 blob 6e0f9cd23052525d09ec2d46060729063d8bf389	docs/continuation/resolution_2026-09-10/evidence/live-settlement-before/junit.xml
100644 blob fbe7951e85d3ab9382834fd2feeb5b03967518cf	docs/continuation/resolution_2026-09-10/evidence/manifest.json
100644 blob 64f5d9ab15a58d3a8b61cdd2bda593f387150e7f	docs/continuation/resolution_2026-09-10/evidence/market-read-before/dotnet-build.log
100644 blob 06e9c3e4054d943ae7f7f80d6bc75c157091b5d6	docs/continuation/resolution_2026-09-10/evidence/market-read-before/dotnet-restore.log
100644 blob a79cc5175dc640256e899d504960bbddd19aba43	docs/continuation/resolution_2026-09-10/evidence/market-read-before/dotnet-test.log
100644 blob c31e6f2ec2005bfdadc68fe0a7b44d1af04ed791	docs/continuation/resolution_2026-09-10/evidence/market-read-before/receipt.json
100644 blob 514f4b0168f787291fa80569fa4c074b58505fae	docs/continuation/resolution_2026-09-10/evidence/numeric-path-before/isolation.json
100644 blob e3a27779ddd0985fe56bb3a3a7d4af7e1e4dc56b	docs/continuation/resolution_2026-09-10/evidence/numeric-path-before/junit.xml
100644 blob 7cfca9082b61ba116571be95401c7aafacdc7b93	docs/continuation/resolution_2026-09-10/evidence/odds-display-after/isolation.json
100644 blob 6a5c571cd4ca81991ff258be7832a6612d744b74	docs/continuation/resolution_2026-09-10/evidence/odds-display-after/junit.xml
100644 blob aac19a148e36186904690f29d28d99eaf14549ec	docs/continuation/resolution_2026-09-10/evidence/odds-display-before/isolation.json
100644 blob 1033e7aeda776407119b75adcd4e7081d12cc790	docs/continuation/resolution_2026-09-10/evidence/odds-display-before/junit.xml
100644 blob 3dfa24942bd6fb3b068e984310ce7fe8b0c37506	docs/continuation/resolution_2026-09-10/evidence/odds-import-integrated/isolation.json
100644 blob e15d86c9a28a938ee3b76703f758ffaf49b96652	docs/continuation/resolution_2026-09-10/evidence/odds-import-integrated/junit.xml
100644 blob 36a202c5dbc4bfb13562113576f3a3b75f126841	docs/continuation/resolution_2026-09-10/evidence/package-final-02/import_ou25_historical_backfill-help.log
100644 blob 45aa8f12f523e989da37a70f6925615da435c2bd	docs/continuation/resolution_2026-09-10/evidence/package-final-02/install.log
100644 blob 265fda148046eb46d8753884765b46d8b92a0e23	docs/continuation/resolution_2026-09-10/evidence/package-final-02/kernel-health-unconfigured.log
100644 blob 4da6f34296d3882e1e3d3810c9a0b22f626bf6f2	docs/continuation/resolution_2026-09-10/evidence/package-final-02/kernel-help.log
100644 blob d24e5825063aa0bab37dd10c4af91c542d51a2ce	docs/continuation/resolution_2026-09-10/evidence/package-final-02/module-location.log
100644 blob 87fea72b098c2004bbba1498c0b8b75fe8c17f5e	docs/continuation/resolution_2026-09-10/evidence/package-final-02/odds_api_snapshot-help.log
100644 blob c194bfd6dcd5ef27e6856ffe6dad5ac6634094e8	docs/continuation/resolution_2026-09-10/evidence/package-final-02/odds_shop-help.log
100644 blob 52102cb39d55c2cfe0f5837d93673bfa1929a271	docs/continuation/resolution_2026-09-10/evidence/package-final-02/receipt.json
100644 blob 5cde1c68ddb66b76cdfae07f80f4dc74f409f8c8	docs/continuation/resolution_2026-09-10/evidence/package-final-02/sdist.log
100644 blob 9f7c26be676459509bd75cfe634babea14ef5ed8	docs/continuation/resolution_2026-09-10/evidence/package-final-02/settle_live_prediction-help.log
100644 blob 7d8e189b1b036b6ff8eae6d126a042f82687139c	docs/continuation/resolution_2026-09-10/evidence/package-final-02/wheel-from-sdist.log
100644 blob 825fb01fb20a5740f323354df24cbaaf5bb21691	docs/continuation/resolution_2026-09-10/evidence/package-final-cli/health-invalid-endpoint-no-network.log
100644 blob 265fda148046eb46d8753884765b46d8b92a0e23	docs/continuation/resolution_2026-09-10/evidence/package-final-cli/health-missing-config.log
100644 blob 36a202c5dbc4bfb13562113576f3a3b75f126841	docs/continuation/resolution_2026-09-10/evidence/package-final-cli/import_ou25_historical_backfill-help.log
100644 blob 87fea72b098c2004bbba1498c0b8b75fe8c17f5e	docs/continuation/resolution_2026-09-10/evidence/package-final-cli/odds_api_snapshot-help.log
100644 blob c194bfd6dcd5ef27e6856ffe6dad5ac6634094e8	docs/continuation/resolution_2026-09-10/evidence/package-final-cli/odds_shop-help.log
100644 blob c1ea9e72744c8240049a3a9f9898f1b0b13f3a57	docs/continuation/resolution_2026-09-10/evidence/package-final-cli/receipt.json
100644 blob 9f7c26be676459509bd75cfe634babea14ef5ed8	docs/continuation/resolution_2026-09-10/evidence/package-final-cli/settle_live_prediction-help.log
100644 blob 81acaa4120781a412bf4f88ed0b713d7af6a07fe	docs/continuation/resolution_2026-09-10/evidence/package-final/install.log
100644 blob 265fda148046eb46d8753884765b46d8b92a0e23	docs/continuation/resolution_2026-09-10/evidence/package-final/kernel-health-unconfigured.log
100644 blob 4da6f34296d3882e1e3d3810c9a0b22f626bf6f2	docs/continuation/resolution_2026-09-10/evidence/package-final/kernel-help.log
100644 blob d24e5825063aa0bab37dd10c4af91c542d51a2ce	docs/continuation/resolution_2026-09-10/evidence/package-final/module-location.log
100644 blob dd70831e47a5a954ae098fa7141be029d529f925	docs/continuation/resolution_2026-09-10/evidence/package-final/receipt.json
100644 blob 5eca32beffcaadd0f6feea5e83520d1bcd792030	docs/continuation/resolution_2026-09-10/evidence/package-final/sdist.log
100644 blob 7d8e189b1b036b6ff8eae6d126a042f82687139c	docs/continuation/resolution_2026-09-10/evidence/package-final/wheel-from-sdist.log
100644 blob be07f85ca37d0adf9a62914f24ad96cb4072c8b3	docs/continuation/resolution_2026-09-10/evidence/package-summary.json
100644 blob 0d0d1298921c7c6a457b45d429baf842f54e3be2	docs/continuation/resolution_2026-09-10/evidence/player-stats-after/isolation.json
100644 blob 530c75454f7a2578abebe917c75780211026b8f9	docs/continuation/resolution_2026-09-10/evidence/player-stats-after/junit.xml
100644 blob 60113f2ea0b2f94e10640e3b3c4ca4e6616d4617	docs/continuation/resolution_2026-09-10/evidence/player-stats-before/isolation.json
100644 blob 10cae0f31263a2822911e73444ee3950b0d798ef	docs/continuation/resolution_2026-09-10/evidence/player-stats-before/junit.xml
100644 blob b9532679db1c382142ddc307884a86a2719ffc56	docs/continuation/resolution_2026-09-10/evidence/promotions-after/isolation.json
100644 blob 3fffd44db1176ee8c25423ddacb7d33f9ed8a77c	docs/continuation/resolution_2026-09-10/evidence/promotions-after/junit.xml
100644 blob d13ffc4e75f3fe1e9ab444ed0ddcc33002677470	docs/continuation/resolution_2026-09-10/evidence/promotions-before/isolation.json
100644 blob cfc3d2f4a904a139ec1e8d101f4077b3b60b0e20	docs/continuation/resolution_2026-09-10/evidence/promotions-before/junit.xml
100644 blob 4cd3d5c22ed8139ce9e8375cd6a54eef79fcfa2c	docs/continuation/resolution_2026-09-10/evidence/public-catalog/plan.json
100644 blob e139aab2a64aeaed838a18236a5b1f48a6dbaddc	docs/continuation/resolution_2026-09-10/evidence/public-catalog/receipt.json
100644 blob 4fd42411a67ec4270b06c7f7f80c984fcfc9e081	docs/continuation/resolution_2026-09-10/evidence/pyright-final.log
100644 blob 30eb59417f0d6b6fd273d6ebbcd57db41ece266c	docs/continuation/resolution_2026-09-10/evidence/python-integrated/isolation.json
100644 blob e09fc7993dd6ea8d2eab3fa41b21cc4c3e32c61c	docs/continuation/resolution_2026-09-10/evidence/python-integrated/junit.xml
100644 blob 9d6eb0e68738b6a14c6aa84ae4f86abccfde5a25	docs/continuation/resolution_2026-09-10/evidence/python-validation.json
100644 blob 4fd42411a67ec4270b06c7f7f80c984fcfc9e081	docs/continuation/resolution_2026-09-10/evidence/quality-before-settlement-cli/pyright-final.log
100644 blob 3b204d8d75109a74d6221915197d7618afce0a25	docs/continuation/resolution_2026-09-10/evidence/quality-before-settlement-cli/quality-checks-final.json
100644 blob 1f5f344d054fae10f39140fb7199c99321d9190a	docs/continuation/resolution_2026-09-10/evidence/quality-before-settlement-cli/ruff-check-final.log
100644 blob 95b23467efb0016a6d52f02b1d1368aa74948463	docs/continuation/resolution_2026-09-10/evidence/quality-before-settlement-cli/ruff-format-check-final.log
100644 blob 3b204d8d75109a74d6221915197d7618afce0a25	docs/continuation/resolution_2026-09-10/evidence/quality-checks-final.json
100644 blob b59addb29d8a29ad002d189aec85093fe7d0e590	docs/continuation/resolution_2026-09-10/evidence/replay-after/isolation.json
100644 blob bed8fe524e5d8f73cd82552a01d32117dc06d310	docs/continuation/resolution_2026-09-10/evidence/replay-after/junit.xml
100644 blob 4724623300698c5aa50905456073e222bbe15698	docs/continuation/resolution_2026-09-10/evidence/replay-before/isolation.json
100644 blob 565a9695dacf54f7fc680a757940e7e5430db016	docs/continuation/resolution_2026-09-10/evidence/replay-before/junit.xml
100644 blob ef49f3bfd3bf17b7dbc7867d2fb08006edf4fe58	docs/continuation/resolution_2026-09-10/evidence/restore-after/isolation.json
100644 blob 5466b599feadaa5c689a631a04d54e1814b29861	docs/continuation/resolution_2026-09-10/evidence/restore-after/junit.xml
100644 blob bbdd4f76dd8edd6e673cd92cf2f428a30ede0d5e	docs/continuation/resolution_2026-09-10/evidence/restore-before/isolation.json
100644 blob 06e95f3657f81f20bfdc29e76b1dbd224fca4784	docs/continuation/resolution_2026-09-10/evidence/restore-before/junit.xml
100644 blob ef49f3bfd3bf17b7dbc7867d2fb08006edf4fe58	docs/continuation/resolution_2026-09-10/evidence/restore-edges-after-02/isolation.json
100644 blob 56777496900a3dfb17519fd55ca2a1023b96c177	docs/continuation/resolution_2026-09-10/evidence/restore-edges-after-02/junit.xml
100644 blob 6838b97f146516ab020add9ba1dd9895c36bee7d	docs/continuation/resolution_2026-09-10/evidence/restore-edges-after/isolation.json
100644 blob b63d594ecad7af96cddfd6a949d6fbf3aba65b78	docs/continuation/resolution_2026-09-10/evidence/restore-edges-after/junit.xml
100644 blob 23d3097ffed86a5cb3da7cb1ed9f0f18e4f2afd6	docs/continuation/resolution_2026-09-10/evidence/restore-edges-before/isolation.json
100644 blob 8bbe8c26ce889fa51cd7fe4ae86114aac8f7b511	docs/continuation/resolution_2026-09-10/evidence/restore-edges-before/junit.xml
100644 blob 37da6a41c43219d78e3fdeff602e86fb05f58196	docs/continuation/resolution_2026-09-10/evidence/review-coverage.json
100644 blob 1f5f344d054fae10f39140fb7199c99321d9190a	docs/continuation/resolution_2026-09-10/evidence/ruff-check-final.log
100644 blob 95b23467efb0016a6d52f02b1d1368aa74948463	docs/continuation/resolution_2026-09-10/evidence/ruff-format-check-final.log
100644 blob ecddf3597471572092310a92ed0846fc3fbc7261	docs/continuation/resolution_2026-09-10/evidence/semantic-pending-05.json
100644 blob 60b0742537a340e24cd759907e52a344943fb386	docs/continuation/resolution_2026-09-10/evidence/semantic-remaining.json
100644 blob 32080483b8329f91108019af7a27ba7bdb5f99cd	docs/continuation/resolution_2026-09-10/evidence/semantic-review-notes-05.json
100644 blob d9be66c7acf1a79d444d60174d074f6408fd78d3	docs/continuation/resolution_2026-09-10/evidence/semantic-review-notes-06.json
100644 blob 5b1c4bd8f07bd3ed99d93469b4074a5b306499df	docs/continuation/resolution_2026-09-10/evidence/semantic-review-notes-07.json
100644 blob e2e8086c1da49644cb38aec8493f1934f96fbea1	docs/continuation/resolution_2026-09-10/evidence/settlement-cli-after/isolation.json
100644 blob 82c87d7ab17b330c858161eda2c6b70055ee856f	docs/continuation/resolution_2026-09-10/evidence/settlement-cli-after/junit.xml
100644 blob 5cf3a965c0589136f16d723f1c9d8cb955990fd1	docs/continuation/resolution_2026-09-10/evidence/settlement-cli-before/isolation.json
100644 blob 8bea8585e90d3c129c139323b7ba247c6e837be7	docs/continuation/resolution_2026-09-10/evidence/settlement-cli-before/junit.xml
100644 blob df854f7eb59853e835772e70fa13c8490771931b	docs/continuation/resolution_2026-09-10/evidence/source-inventory.json
100644 blob de5f58bbf054ff3f4fd792ddf9f48b3d50e4b823	docs/continuation/resolution_2026-09-10/evidence/structural-after/isolation.json
100644 blob f6118e79540c5d3e1f6743d6c2c227fcf8d48e7c	docs/continuation/resolution_2026-09-10/evidence/structural-after/junit.xml
100644 blob 4a0e9cf1ece801a383a672bcea8e94729f4fb844	docs/continuation/resolution_2026-09-10/evidence/structural-before/isolation.json
100644 blob 82d6994409d35d6b6f2624f4b218a70ae53c54e5	docs/continuation/resolution_2026-09-10/evidence/structural-before/junit.xml
100644 blob a12faacd561a97b2d325597e660cfd361f9f2c88	docs/continuation/resolution_2026-09-10/evidence/worker-feed-after/dotnet-build.log
100644 blob 176e81dad795e56f40ee00db72ca013f08c61ed8	docs/continuation/resolution_2026-09-10/evidence/worker-feed-after/dotnet-restore.log
100644 blob 5e51ccf674ebc7099b89b32b3c6a0c5aa0b99456	docs/continuation/resolution_2026-09-10/evidence/worker-feed-after/dotnet-test.log
100644 blob 9a5a114d0c4e94150b56caafd908d2dd8dfc090e	docs/continuation/resolution_2026-09-10/evidence/worker-feed-after/receipt.json
100644 blob 094e17eae2276f98e805080c55018c3d66e57c55	docs/continuation/review_2026-09-07/DIAGNOSTICO_QUALIDADE.md
100644 blob 99a44b5fe1414932c7cc9b11b8e2c3724a07824c	docs/continuation/review_2026-09-07/METHODOLOGY_FINDINGS.md
100644 blob f324c39442d319ca0e284c775901e5573a215e46	docs/continuation/review_2026-09-07/RESULTADO.md
100644 blob 8948f43228d184b78fab0e278b5c5310a9ddfe8e	docs/continuation/review_2026-09-07/VALIDAR_REDIS_ISOLADO.ps1
100644 blob 13a7d8dc61e834f9b4e145b6dee5e08ceead08af	docs/continuation/review_2026-09-07/coverage_gate.json
100644 blob 58088f7fd299491b8769d0c125f8780e6cb129b1	docs/continuation/review_2026-09-07/data_audit.md
100644 blob 1722ba96e5f75597e1e7771be22e73343609d3ac	docs/continuation/review_2026-09-07/diagnostics_quality_plan.json
100644 blob 2cd5c9ba988caaaa55dc78e2b3efc0d236527b37	docs/continuation/review_2026-09-07/diagnostics_quality_results.json
100644 blob b1a6b75ab3b26789fdaa802d5b5260c2af088879	docs/continuation/review_2026-09-07/diagnostics_quality_verification.json
100644 blob 174521b48c4a57bde0dd30679d861e3b251233e9	docs/continuation/review_2026-09-07/docker_probe.json
100644 blob a65990cbd911d961397385e55e6fa0354d738f8c	docs/continuation/review_2026-09-07/dotnet_build.json
100644 blob 211e35df21e25b37b554b6398bb230a948f005a3	docs/continuation/review_2026-09-07/dotnet_unit.json
100644 blob 669a62ad72a9d26f975d0e3e54e16d5d4f479131	docs/continuation/review_2026-09-07/env_schema.json
100644 blob 18a1f693a2a9452f22cfdd609031c11972e4cd20	docs/continuation/review_2026-09-07/estado_final.json
100644 blob 184e490dc05ddd4ac8635de61f7f0f0fae12d60c	docs/continuation/review_2026-09-07/format_release.json
100644 blob 2364bd45a3415035796bb4fee5dd144d4e12d442	docs/continuation/review_2026-09-07/lint_release.json
100644 blob abbff0410b7983267bf5e6c7b20be9a40038dd0e	docs/continuation/review_2026-09-07/operational_code_review.md
100644 blob 946c9096fea944e52336345cfbd9d5f37d27b9ca	docs/continuation/review_2026-09-07/pytest_release.json
100644 blob c1f65dc8a98caf5154749e61baf235d7ba261166	docs/continuation/review_2026-09-07/scheduled_tasks_final.json
100644 blob 8937fbf7ef9ace966ef82bb6c792aa7d7e6adecd	docs/continuation/review_2026-09-07/static_barriers_verified.json
100644 blob 05847104e5b6fd52379b929f3ba17659ccccf026	docs/continuation/review_2026-09-07/studies_reexecution.json
100644 blob e743f18c6e6fe98c57fd6613d8e5c07f3bb120f8	docs/continuation/review_2026-09-07/types_final.json
100644 blob a706bf65fbecdbab8bc611375ea822fe8e87e4d9	docs/continuation/review_2026-09-07/wheel_final.json
100644 blob a58a6a91e38541232e627e6c8523e28ed6f5febf	docs/continuation/runtime_contracts_2026-09-07/REPRODUZIR.md
100644 blob fa0cc4f75f7d758e14659fb10d2202c2e23378be	docs/continuation/runtime_contracts_2026-09-07/RESULTADO.md
100644 blob 51a82c0d07f5b3155ff52a0eb3c92a65adcd5941	docs/continuation/runtime_contracts_2026-09-07/VALIDAR_REDIS_ISOLADO.ps1
100644 blob d040a8a6794b05649c5ea2b2cccb5164b30c2ddc	docs/continuation/runtime_contracts_2026-09-07/codigo/brasileirao_predictor/kernel_daemon.py
100644 blob b6761c5d958a0bd27fd7f30c95c31731a6f0fc85	docs/continuation/runtime_contracts_2026-09-07/codigo/compose.yaml
100644 blob 8078a6385c9b819050ad15e5c4a45ccd7fb327d8	docs/continuation/runtime_contracts_2026-09-07/codigo/dotnet/LineupWorker.Tests/FairOddsCorrelationTests.cs
100644 blob 0aa1544c620279ae9796093c206376ed19f472a2	docs/continuation/runtime_contracts_2026-09-07/codigo/dotnet/LineupWorker.Tests/KernelInvocationIdentityTests.cs
100644 blob 2f46282b8b60a039e2a9fbc0ad9a362da2be7695	docs/continuation/runtime_contracts_2026-09-07/codigo/dotnet/LineupWorker.Tests/RedisProtocolTests.cs
100644 blob a441557dc557d2b27c79e7f1cd4e49733d3736fa	docs/continuation/runtime_contracts_2026-09-07/codigo/dotnet/LineupWorker.Tests/WorkerRuntimeTests.cs
100644 blob 2161d16e67ee054b7d216c24537dcba43cd7ef59	docs/continuation/runtime_contracts_2026-09-07/codigo/dotnet/LineupWorker/Models/KernelContracts.cs
100644 blob 5b2216c9f5d7c9b6fc5532aff69c1d76a1eb8b4d	docs/continuation/runtime_contracts_2026-09-07/codigo/dotnet/LineupWorker/Services/MarketStateEngine.cs
100644 blob 2595f34f0024f446d1b3a2930eec6b852bcc2579	docs/continuation/runtime_contracts_2026-09-07/codigo/dotnet/LineupWorker/Worker.cs
100644 blob 167f84f6ac5b3353b09a7a98fb81b3c3d466d622	docs/continuation/runtime_contracts_2026-09-07/codigo/tests/test_kernel_protocol.py
100644 blob eae158141dbccfadf16eedfea3b42d431e8b7f58	docs/continuation/runtime_contracts_2026-09-07/estado.json
100644 blob 6e32f0a2d265aa0bbade495ebab13567d8f6c40d	docs/continuation/runtime_contracts_2026-09-07/evidencias/compose_config.json
100644 blob 50c26654452466d3f47f0c3f458134766bf0733b	docs/continuation/runtime_contracts_2026-09-07/evidencias/docker_probe.json
100644 blob d9e4a06c7834b119cad7d68064c877ec97081e2f	docs/continuation/runtime_contracts_2026-09-07/evidencias/dotnet_build_final.json
100644 blob 4aa369ce93c456769c86e158d0f49012f494e4e5	docs/continuation/runtime_contracts_2026-09-07/evidencias/dotnet_correlation_before.json
100644 blob 980f43ddef5cf56c6b0a72f3d6a77f6d72c5c972	docs/continuation/runtime_contracts_2026-09-07/evidencias/dotnet_identity_before.json
100644 blob 74f57afc0a741851a87f78e1e30706bd7599397e	docs/continuation/runtime_contracts_2026-09-07/evidencias/dotnet_identity_correlation_after.json
100644 blob f77bec4847f84235bd302fd5ed85c5dcdbce04e9	docs/continuation/runtime_contracts_2026-09-07/evidencias/dotnet_nullable_odds_green.json
100644 blob 4fed80be34245345c0e67601b26f71771035164d	docs/continuation/runtime_contracts_2026-09-07/evidencias/dotnet_nullable_odds_red.json
100644 blob 9b5e3a5d57bab7ba77953154417b11189c2457f1	docs/continuation/runtime_contracts_2026-09-07/evidencias/dotnet_release_verified.json
100644 blob 515c17abb660f05e2a4088d17f58255cf882a8c0	docs/continuation/runtime_contracts_2026-09-07/evidencias/dotnet_restore.json
100644 blob ddd0bc0fba8421f1395b0713d5aefd35579b8b8a	docs/continuation/runtime_contracts_2026-09-07/evidencias/dotnet_results/unit-final.trx
100644 blob 5f986d6d0b18022702051ac64678582076249126	docs/continuation/runtime_contracts_2026-09-07/evidencias/dotnet_results/unit.trx
100644 blob 55d640b49569f9a8234944d0e161eb36f76d73a5	docs/continuation/runtime_contracts_2026-09-07/evidencias/dotnet_unit_final.json
100644 blob c12443533888382cc65ae1be14270162193156ca	docs/continuation/runtime_contracts_2026-09-07/evidencias/integrity_after.json
100644 blob 79d0aea1fcd26beb353ca5dec0bf5ab4f48a9982	docs/continuation/runtime_contracts_2026-09-07/evidencias/integrity_before.json
100644 blob 39e8f32fd3fbd98cab2d4f00f4ddbd770b979fad	docs/continuation/runtime_contracts_2026-09-07/evidencias/kernel_protocol_after.json
100644 blob 51e9960d4c7d93a730e70c7d4679083b871a6fa4	docs/continuation/runtime_contracts_2026-09-07/evidencias/kernel_protocol_before.json
100644 blob fe543a0c40c01a72e8430e9c6259798526968862	docs/continuation/runtime_contracts_2026-09-07/evidencias/kernel_protocol_format.json
100644 blob c6d29c2c37370ec9e12334efafd8a59dae1f9ebb	docs/continuation/runtime_contracts_2026-09-07/evidencias/kernel_protocol_ruff.json
100644 blob 5c70a7e7d9d31754b9ac7ee867ac6fc111f09050	docs/continuation/runtime_contracts_2026-09-07/evidencias/kernel_typecheck.json
100644 blob 29a540a11cd9a2e810f7b9dea381a676050bd630	docs/continuation/runtime_contracts_2026-09-07/guard/sitecustomize.py
100644 blob ad4afab6eae0dcfc111d518b9cce0735ca42be5e	docs/continuation/runtime_contracts_2026-09-07/validation_runner.py
100644 blob 9ac8237288b93013bddefe78e8a5c668bc569e88	docs/continuation/runtime_recovery_2026-09-08/RESULTADO.md
100644 blob 671e73f6621f715900cdde9eca9271dba073dff0	docs/continuation/runtime_recovery_2026-09-08/backup_receipt.json
100644 blob 139aab52aca2b9ff471b0cb61be5b3866aa3877e	docs/continuation/runtime_recovery_2026-09-08/codigo/.dockerignore
100644 blob 9712df9c1013f5733e67b5e92736b37748073d83	docs/continuation/runtime_recovery_2026-09-08/codigo/.github/workflows/ci.yml
100644 blob 2a7d2ab6ca20dcfeb2fd8a579fc9038542727d64	docs/continuation/runtime_recovery_2026-09-08/codigo/Dockerfile.cli
100644 blob 2f70305bb301fc5e9280689d212ae7fd507aa660	docs/continuation/runtime_recovery_2026-09-08/codigo/Dockerfile.kernel
100644 blob e2bfe8f4392a4c4645d94d02bd2b88d746c09f26	docs/continuation/runtime_recovery_2026-09-08/codigo/Dockerfile.worker
100644 blob c1315075b4fecb1e2073a0ca768c794ba3ce8a78	docs/continuation/runtime_recovery_2026-09-08/codigo/brasileirao_predictor/kernel_daemon.py
100644 blob 88a19c20a75b69d7299523422dd2cbde1155064c	docs/continuation/runtime_recovery_2026-09-08/codigo/brasileirao_predictor/kernel_redis_v2.py
100644 blob 65620327c6761f43ed84a2253fd6bcb5444f175a	docs/continuation/runtime_recovery_2026-09-08/codigo/brasileirao_scripts/hotpath_smoke.py
100644 blob f2c347dfbb9c56d3f175b795eeab7ac45b317fb7	docs/continuation/runtime_recovery_2026-09-08/codigo/brasileirao_scripts/lineup_inbox.py
100644 blob b6761c5d958a0bd27fd7f30c95c31731a6f0fc85	docs/continuation/runtime_recovery_2026-09-08/codigo/compose.yaml
100644 blob 64f45405786b5a2c6ff55a64b742ab9fc848c8bd	docs/continuation/runtime_recovery_2026-09-08/codigo/contracts/redis-protocol-v2.md
100644 blob f663d36caca14adf453ba232caf04ae966fa0bea	docs/continuation/runtime_recovery_2026-09-08/codigo/dotnet/LineupWorker.Tests/FairOddsRecoveryTests.cs
100644 blob 74a5818b9284f8d4bcac4494346b2aee5b36c460	docs/continuation/runtime_recovery_2026-09-08/codigo/dotnet/LineupWorker.Tests/KernelCrossProcessTests.cs
100644 blob 545e4901d8509a20fa023360e112bc6ba5ce9717	docs/continuation/runtime_recovery_2026-09-08/codigo/dotnet/LineupWorker.Tests/LineupStreamTests.cs
100644 blob 2f735af39a88f16a15b1d9cec22f6fb457d125f5	docs/continuation/runtime_recovery_2026-09-08/codigo/dotnet/LineupWorker.Tests/RedisEndpointTests.cs
100644 blob 0b8dddaf32a5dcd6cc178d9163afcf8e93f5fc41	docs/continuation/runtime_recovery_2026-09-08/codigo/dotnet/LineupWorker.Tests/WatchdogRecoveryTests.cs
100644 blob f6d9c49777a3aeff78b446b19a16c18e90e94ec5	docs/continuation/runtime_recovery_2026-09-08/codigo/dotnet/LineupWorker.Tests/WorkerHealthTests.cs
100644 blob fb7a102f5ce57e4cd0f9a072be906a8fae70de5e	docs/continuation/runtime_recovery_2026-09-08/codigo/dotnet/LineupWorker.Tests/WorkerRuntimeFencingTests.cs
100644 blob a445eec6a650564bed98d5f173caea117a21acb7	docs/continuation/runtime_recovery_2026-09-08/codigo/dotnet/LineupWorker.Tests/WorkerRuntimeTests.cs
100644 blob f0ee21bd1ffec8430e05377a83a35bfc3fb8c008	docs/continuation/runtime_recovery_2026-09-08/codigo/dotnet/LineupWorker/Models/LineupEvent.cs
100644 blob 13c1b1d8069b8372db3687a2f14a673ac10d6f6a	docs/continuation/runtime_recovery_2026-09-08/codigo/dotnet/LineupWorker/OperationalSettings.cs
100644 blob 2b4011384de0ad12f3dd48cd3044718a0f769e39	docs/continuation/runtime_recovery_2026-09-08/codigo/dotnet/LineupWorker/Program.cs
100644 blob b9d667649311002d114d70c905b34f4e2d5cb267	docs/continuation/runtime_recovery_2026-09-08/codigo/dotnet/LineupWorker/Services/KernelRedisProtocolV2.cs
100644 blob aba81902a1a104010aad764a7678ed839a654137	docs/continuation/runtime_recovery_2026-09-08/codigo/dotnet/LineupWorker/Services/LineupStreamConsumer.cs
100644 blob cac07a8e2d4ed93b888ac8b5b71c1a10692a8d87	docs/continuation/runtime_recovery_2026-09-08/codigo/dotnet/LineupWorker/Services/MarketStateEngine.cs
100644 blob ca15f3066dd02b0d0fcfccd56a8a0b75a119ec09	docs/continuation/runtime_recovery_2026-09-08/codigo/dotnet/LineupWorker/Services/WatchdogStateStore.cs
100644 blob 1cc6280ca7fe3f517202f513dcdd91f2360348ff	docs/continuation/runtime_recovery_2026-09-08/codigo/dotnet/LineupWorker/Services/WorkerHealth.cs
100644 blob 0dc403570d5ef139f5781f3dc7351924097e4d7d	docs/continuation/runtime_recovery_2026-09-08/codigo/dotnet/LineupWorker/Worker.cs
100644 blob 733ece208c33c2f0dfde15bcff40486c049aca62	docs/continuation/runtime_recovery_2026-09-08/codigo/tests/test_hotpath_smoke.py
100644 blob fdac591fa11cd79691fc5098f0939dfaa255c1e1	docs/continuation/runtime_recovery_2026-09-08/codigo/tests/test_kernel_cli_redis.py
100644 blob b9ab2824553790e3858a8f4d00d6e62bd6cff948	docs/continuation/runtime_recovery_2026-09-08/codigo/tests/test_kernel_protocol.py
100644 blob e035b735e71513847669a3d63301b7f499efb55e	docs/continuation/runtime_recovery_2026-09-08/codigo/tests/test_kernel_runtime.py
100644 blob 3a5814f15b9cf66d9d1c94e11c0acf79b2ea822a	docs/continuation/runtime_recovery_2026-09-08/codigo/tests/test_kernel_v2_runtime.py
100644 blob 646bb752f94ea398dd85487c53661746d6e3cd38	docs/continuation/runtime_recovery_2026-09-08/codigo/tests/test_lineup_inbox.py
100644 blob 9a3bef938e9347e38e23cd07aaba248db8ebbe11	docs/continuation/runtime_recovery_2026-09-08/codigo/tests/test_lineup_inbox_redis.py
100644 blob 678ba0d3a9935f8110be69cb6aef9858452a342a	docs/continuation/runtime_recovery_2026-09-08/codigo/tests/test_redis_integration.py
100644 blob ad8e68d24d09369852014548a3e95ebdf16635d3	docs/continuation/runtime_recovery_2026-09-08/estado.json
100644 blob 29a540a11cd9a2e810f7b9dea381a676050bd630	docs/continuation/runtime_recovery_2026-09-08/evidencias/work/guard/sitecustomize.py
100644 blob e6a0fdbdcd7aebb817f87975f4d3c8350a11056f	docs/continuation/runtime_recovery_2026-09-08/evidencias/work/pending_closure/DOTNET.md
100644 blob 3efc987d426d7b0b8e0e69ec9bc00d670cc7b7eb	docs/continuation/runtime_recovery_2026-09-08/evidencias/work/pending_closure/DOTNET_FINAL_MANIFEST.json
100644 blob bc9d4de86df1d06c50b5580f3595fd66e1a332eb	docs/continuation/runtime_recovery_2026-09-08/evidencias/work/pending_closure/ENVIRONMENT.md
100644 blob add4c77cfd477fe94070dc0d8779e51fdd42f481	docs/continuation/runtime_recovery_2026-09-08/evidencias/work/pending_closure/ENVIRONMENT_CLEANUP_ADDENDUM.md
100644 blob b0782f91ec895ee62db0814d501520df3ad7843a	docs/continuation/runtime_recovery_2026-09-08/evidencias/work/pending_closure/ENVIRONMENT_FINAL_ACL_ADDENDUM.md
100644 blob c6a99ed039f2b10afd2403272c64a2810572b3de	docs/continuation/runtime_recovery_2026-09-08/evidencias/work/pending_closure/FINAL_DOCUMENT_REVIEW.md
100644 blob 5eba887f42cacd31678fcbbcf27a4cba1af33162	docs/continuation/runtime_recovery_2026-09-08/evidencias/work/pending_closure/PYTHON.md
100644 blob 380b0f19cb0adee14e232f0800f1dd0d45ec4b20	docs/continuation/runtime_recovery_2026-09-08/evidencias/work/pending_closure/PYTHON_ENTRYPOINT.md
100644 blob 6751c4b19bfe0a42f27ee91c5a2bc66e65e6b78e	docs/continuation/runtime_recovery_2026-09-08/evidencias/work/pending_closure/PYTHON_INBOX_TESTS.md
100644 blob 84065b4a2a4d399352f2643805a8cebe55645b2c	docs/continuation/runtime_recovery_2026-09-08/evidencias/work/pending_closure/WATCHDOG.md
100644 blob 03b10255032d95a6bd9d8a0d65f03a1ce43ec4e6	docs/continuation/runtime_recovery_2026-09-08/evidencias/work/pending_closure/WATCHDOG_FINAL_MANIFEST.json
100644 blob 04e6893932c89b607052f010a3d75153c593e1f0	docs/continuation/runtime_recovery_2026-09-08/evidencias/work/pending_closure/audit_outbox_lua.py
100644 blob daa8856cbc915d0cde628408303f822cf52cf1b0	docs/continuation/runtime_recovery_2026-09-08/evidencias/work/pending_closure/build_input_policy_review.json
100644 blob 8198d83ec488af5205b67a2497f3dcfebbe07244	docs/continuation/runtime_recovery_2026-09-08/evidencias/work/pending_closure/check_build_inputs.py
100644 blob 0350d1cf3357ee067944c228d991231c8cbdab5c	docs/continuation/runtime_recovery_2026-09-08/evidencias/work/pending_closure/collect_final_checks.py
100644 blob b1d6dc08199ac2c498fca5fc940cf6756af4a317	docs/continuation/runtime_recovery_2026-09-08/evidencias/work/pending_closure/compose_isolated/cli.requirements.lock
100644 blob 10d0e29cd9af9bfe328d645a202dca46abb28b66	docs/continuation/runtime_recovery_2026-09-08/evidencias/work/pending_closure/compose_isolated/compose.yaml
100644 blob 625f29ee99cb6b24a20533536eaa417b3597bf95	docs/continuation/runtime_recovery_2026-09-08/evidencias/work/pending_closure/compose_isolated/compose_config.json
100644 blob e69de29bb2d1d6434b8b29ae775ad8c2e48c5391	docs/continuation/runtime_recovery_2026-09-08/evidencias/work/pending_closure/compose_isolated/empty.env
100644 blob 2f3d7c00165bf732205bd6794fd25b19cc30e41c	docs/continuation/runtime_recovery_2026-09-08/evidencias/work/pending_closure/compose_isolated/fixtures/config.yaml
100644 blob 69a88e3b65423624fe7ea8b0f8beefcc62cc3d5f	docs/continuation/runtime_recovery_2026-09-08/evidencias/work/pending_closure/compose_isolated/fixtures/titularidade.json
100644 blob bd551df5fdfdf4f449178346d9afd1d523c6599a	docs/continuation/runtime_recovery_2026-09-08/evidencias/work/pending_closure/compose_isolated/fixtures/vorp.json
100644 blob 6ed8bccd09d8806462a8a3d495816c2042040f96	docs/continuation/runtime_recovery_2026-09-08/evidencias/work/pending_closure/compose_isolated/kernel.requirements.lock
100644 blob b419073524f55bf5eefe9cd6dc13ceee8a26667c	docs/continuation/runtime_recovery_2026-09-08/evidencias/work/pending_closure/compose_isolated/manifest.json
100644 blob ebda3ff7b0c280e1ddb31247fd362ce4ad1f4a5a	docs/continuation/runtime_recovery_2026-09-08/evidencias/work/pending_closure/compose_isolated/uv_export_cli.json
100644 blob 0973e1abbe1db923da362f2c36cba28fa1923ae7	docs/continuation/runtime_recovery_2026-09-08/evidencias/work/pending_closure/compose_isolated/uv_export_kernel.json
100644 blob 96959b4247c9426dcde66bee9d08736f78382fe7	docs/continuation/runtime_recovery_2026-09-08/evidencias/work/pending_closure/environment_final_hashes.json
100644 blob d980427340765ad07a87a12230a77b9e53c1d3ff	docs/continuation/runtime_recovery_2026-09-08/evidencias/work/pending_closure/environment_review/boot_configuration_enum_readonly.json
100644 blob eb9edf65add20fdd3d1299bdc708ebadf1878e3e	docs/continuation/runtime_recovery_2026-09-08/evidencias/work/pending_closure/environment_review/boot_configuration_readonly.json
100644 blob b6b02b663889d08adfcaa5fde08064d13b8db607	docs/continuation/runtime_recovery_2026-09-08/evidencias/work/pending_closure/environment_review/default_engine_after_start.json
100644 blob e714aa6df0ebff93ebd6520240a7e4283c85394d	docs/continuation/runtime_recovery_2026-09-08/evidencias/work/pending_closure/environment_review/desktop_linux_engine_after_start.json
100644 blob 8f41984a3ac973702dd20d114eb46000a61bce98	docs/continuation/runtime_recovery_2026-09-08/evidencias/work/pending_closure/environment_review/docker_desktop_start.json
100644 blob d4963bdc63265d65320ab67bf2e4fdf6b68ba338	docs/continuation/runtime_recovery_2026-09-08/evidencias/work/pending_closure/environment_review/docker_processes_after_start.json
100644 blob ea662ed94a056a8719850be09973b920a2dc35eb	docs/continuation/runtime_recovery_2026-09-08/evidencias/work/pending_closure/environment_review/initial_cpu_virtualization.json
100644 blob 22bde7b65428cf5581a1f7f886468f41508dc804	docs/continuation/runtime_recovery_2026-09-08/evidencias/work/pending_closure/environment_review/initial_docker_contexts.json
100644 blob a95cda30bbae4f63441c8127b15fc7e6db6b1549	docs/continuation/runtime_recovery_2026-09-08/evidencias/work/pending_closure/environment_review/initial_docker_processes.json
100644 blob 8a3d8a32b28d384df2752d728e9000ed89e383b6	docs/continuation/runtime_recovery_2026-09-08/evidencias/work/pending_closure/environment_review/initial_docker_version.json
100644 blob ae92f7bc4c220f0aa80ac54ead6c3aacde1f9002	docs/continuation/runtime_recovery_2026-09-08/evidencias/work/pending_closure/environment_review/initial_hypervisor.json
100644 blob 2788d989f212db0c464e5a03e4146009052e6802	docs/continuation/runtime_recovery_2026-09-08/evidencias/work/pending_closure/environment_review/initial_optional_features.json
100644 blob db787a9a79339b41a01d099f9ac700e9eaa7e612	docs/continuation/runtime_recovery_2026-09-08/evidencias/work/pending_closure/environment_review/initial_services.json
100644 blob 3059d0168f4913a1afd1ae1126f3ba1a85922911	docs/continuation/runtime_recovery_2026-09-08/evidencias/work/pending_closure/environment_review/initial_wsl_distros.json
100644 blob 6241eec548b969fa26d3e28d93fbab9be1792a1f	docs/continuation/runtime_recovery_2026-09-08/evidencias/work/pending_closure/environment_review/initial_wsl_status.json
100644 blob d7fac001cf985104a0b79aff31141c380676ea4f	docs/continuation/runtime_recovery_2026-09-08/evidencias/work/pending_closure/environment_review/owned_files_diff_check.json
100644 blob eafc0c12e78d8ce7dc9537b900add6e5bf393793	docs/continuation/runtime_recovery_2026-09-08/evidencias/work/pending_closure/final_checks.json
100644 blob 6e858f5b17f01e60362c89397be85aba4b77324c	docs/continuation/runtime_recovery_2026-09-08/evidencias/work/pending_closure/host_process_evidence_20260908T043526330839/receipt.json
100644 blob 9e26dfeeb6e641a33dae4961196235bdb965b21b	docs/continuation/runtime_recovery_2026-09-08/evidencias/work/pending_closure/host_process_evidence_20260908T043526330839/titularidade.json
100644 blob 939190a7d2a5de22885c32e1b3fa9809e529a67f	docs/continuation/runtime_recovery_2026-09-08/evidencias/work/pending_closure/host_process_evidence_20260908T043526330839/vorp.json
100644 blob 15f8d9b5fc406a05876b564a9ccb4c5d3488b41e	docs/continuation/runtime_recovery_2026-09-08/evidencias/work/pending_closure/host_process_evidence_20260908T043616577803/receipt.json
100644 blob 9e26dfeeb6e641a33dae4961196235bdb965b21b	docs/continuation/runtime_recovery_2026-09-08/evidencias/work/pending_closure/host_process_evidence_20260908T043616577803/titularidade.json
100644 blob 939190a7d2a5de22885c32e1b3fa9809e529a67f	docs/continuation/runtime_recovery_2026-09-08/evidencias/work/pending_closure/host_process_evidence_20260908T043616577803/vorp.json
100644 blob 4d7501d84322d89e81759a4a6c974ee2ba253a28	docs/continuation/runtime_recovery_2026-09-08/evidencias/work/pending_closure/host_process_evidence_20260908T044044929864/receipt.json
100644 blob 9e26dfeeb6e641a33dae4961196235bdb965b21b	docs/continuation/runtime_recovery_2026-09-08/evidencias/work/pending_closure/host_process_evidence_20260908T044044929864/titularidade.json
100644 blob 939190a7d2a5de22885c32e1b3fa9809e529a67f	docs/continuation/runtime_recovery_2026-09-08/evidencias/work/pending_closure/host_process_evidence_20260908T044044929864/vorp.json
100644 blob a893be0c54957e440aa5b62cbc103b96c479f22f	docs/continuation/runtime_recovery_2026-09-08/evidencias/work/pending_closure/host_process_smoke.py
100644 blob dfbc87f88a0e1eedaea1151837f6d17dd829d7d4	docs/continuation/runtime_recovery_2026-09-08/evidencias/work/pending_closure/outbox_acl_20260908T042148/KernelRedisProtocolV2.cs.snapshot
100644 blob 3f54d8d3c015693b0033898708f850a7fd854859	docs/continuation/runtime_recovery_2026-09-08/evidencias/work/pending_closure/outbox_acl_20260908T042148/audit.json
100644 blob b9d667649311002d114d70c905b34f4e2d5cb267	docs/continuation/runtime_recovery_2026-09-08/evidencias/work/pending_closure/outbox_acl_20260908T043905/KernelRedisProtocolV2.cs.snapshot
100644 blob 79f36e85f0b0e9d5125048cbd89b8138c59c6142	docs/continuation/runtime_recovery_2026-09-08/evidencias/work/pending_closure/outbox_acl_20260908T043905/audit.json
100644 blob 9eebea7f3d5c69fd3652997e0a5974392e6e377a	docs/continuation/runtime_recovery_2026-09-08/evidencias/work/pending_closure/outbox_acl_20260908T043905/source_comparison.json
100644 blob c2c0f801d7efba787c354b9133142009068a0471	docs/continuation/runtime_recovery_2026-09-08/evidencias/work/pending_closure/prepare_compose_review.py
100644 blob 3d451d047e9b5edd533565541e0f90427eb75626	docs/continuation/runtime_recovery_2026-09-08/evidencias/work/pending_closure/preserve_closure.py
100644 blob e921b7991006d09ddd5db2a72c823c8475497a08	docs/continuation/runtime_recovery_2026-09-08/evidencias/work/pending_closure/probe_environment.py
100644 blob 6472bb21eef5b96014f82d81be85e3d434de1a10	docs/continuation/runtime_recovery_2026-09-08/evidencias/work/pending_closure/provision_redis_wsl.py
100644 blob 815208103992d62f675064efac62d372c9601409	docs/continuation/runtime_recovery_2026-09-08/evidencias/work/pending_closure/python_after.json
100644 blob 8b8733a77cb81721d164c4b6ee79237bb80c8032	docs/continuation/runtime_recovery_2026-09-08/evidencias/work/pending_closure/python_before.json
100644 blob 18f7e63b3a2789aecb81fa9c7d539775b388ff17	docs/continuation/runtime_recovery_2026-09-08/evidencias/work/pending_closure/python_entrypoint_after.json
100644 blob d6944bd357c7e92eebf3d2e7053dfbe8616f8a28	docs/continuation/runtime_recovery_2026-09-08/evidencias/work/pending_closure/redis_env_pending_closure/cleaned.json
100644 blob 88c6de36f4257b9c46ee0142eeb8b258a9af9d6e	docs/continuation/runtime_recovery_2026-09-08/evidencias/work/pending_closure/redis_env_pending_closure/cleanup_intent.json
100644 blob 040d74b28ffcc7bb8213475d3240d1444c52dfba	docs/continuation/runtime_recovery_2026-09-08/evidencias/work/pending_closure/redis_env_pending_closure/created.json
100644 blob e634de6885e7dfe727da5f6c8629488737a002ed	docs/continuation/runtime_recovery_2026-09-08/evidencias/work/pending_closure/redis_env_pending_closure/creation_intent.json
100644 blob c67ca7691539ac860949958fbc21810ca82019b4	docs/continuation/runtime_recovery_2026-09-08/evidencias/work/pending_closure/redis_env_pending_closure/creation_intent_wsl1.json
100644 blob 52389d8686a5c4398cee41455b6947c1d8ad11cc	docs/continuation/runtime_recovery_2026-09-08/evidencias/work/pending_closure/redis_env_pending_closure/ready.json
100644 blob b905d2dca644657f9b9220506275afa4c0373e34	docs/continuation/runtime_recovery_2026-09-08/evidencias/work/pending_closure/redis_env_pending_closure/receipts/build_dependencies.json
100644 blob 0736d709f089b8afc40cb47bfbd92221f81e6c79	docs/continuation/runtime_recovery_2026-09-08/evidencias/work/pending_closure/redis_env_pending_closure/receipts/own_wsl_terminate.json
100644 blob b79c10f77b16c887eb7d298550e8671171f921b2	docs/continuation/runtime_recovery_2026-09-08/evidencias/work/pending_closure/redis_env_pending_closure/receipts/own_wsl_unregister.json
100644 blob 8a626981cfa386c3105987e05fe876938527162a	docs/continuation/runtime_recovery_2026-09-08/evidencias/work/pending_closure/redis_env_pending_closure/receipts/redis_build.json
100644 blob de9877d6e96fce0ff6398a15b6c8da7f49fd61a2	docs/continuation/runtime_recovery_2026-09-08/evidencias/work/pending_closure/redis_env_pending_closure/receipts/redis_config.json
100644 blob d4de30ba89bd029dbcddfea02da399fdafa2c405	docs/continuation/runtime_recovery_2026-09-08/evidencias/work/pending_closure/redis_env_pending_closure/receipts/redis_directory.json
100644 blob e081110e77594b87b6e288a225a0c6fa12bd4005	docs/continuation/runtime_recovery_2026-09-08/evidencias/work/pending_closure/redis_env_pending_closure/receipts/redis_log_before_cleanup.json
100644 blob c83ffd399a84748a015034699c9fddf0603a865c	docs/continuation/runtime_recovery_2026-09-08/evidencias/work/pending_closure/redis_env_pending_closure/receipts/redis_pid.json
100644 blob 908103a2a887666dd849265f4e6e90028306ed4a	docs/continuation/runtime_recovery_2026-09-08/evidencias/work/pending_closure/redis_env_pending_closure/receipts/redis_pid_before_cleanup.json
100644 blob 037dbd65a1dbcc76b2b1c103e71f5a489d257157	docs/continuation/runtime_recovery_2026-09-08/evidencias/work/pending_closure/redis_env_pending_closure/receipts/redis_start.json
100644 blob 0f9c65c0055d930757dafb83a53a8a432f6fb50e	docs/continuation/runtime_recovery_2026-09-08/evidencias/work/pending_closure/redis_env_pending_closure/receipts/redis_version.json
100644 blob 78cb8b8acc0806aaefa4208f96362ddae727b5b7	docs/continuation/runtime_recovery_2026-09-08/evidencias/work/pending_closure/redis_env_pending_closure/receipts/source_extract.json
100644 blob 1b601d4fe0775f02106aeda1915dd5741c3d71a7	docs/continuation/runtime_recovery_2026-09-08/evidencias/work/pending_closure/redis_env_pending_closure/receipts/wsl1_boot.json
100644 blob e0864ccfb6ee64c5e5cfe9e9baaf9ea302b3f971	docs/continuation/runtime_recovery_2026-09-08/evidencias/work/pending_closure/redis_env_pending_closure/receipts/wsl1_import.json
100644 blob d69c7d466ce86b7346ad1945747c9074e2268b9d	docs/continuation/runtime_recovery_2026-09-08/evidencias/work/pending_closure/redis_env_pending_closure/receipts/wsl_after_cleanup.json
100644 blob cdd63de9fc142f045316a1fdf34815e359626d59	docs/continuation/runtime_recovery_2026-09-08/evidencias/work/pending_closure/redis_env_pending_closure/receipts/wsl_before_import.json
100644 blob 674913290aee511a3e187961a7b13f2cab08e985	docs/continuation/runtime_recovery_2026-09-08/evidencias/work/pending_closure/redis_env_pending_closure/receipts/wsl_before_wsl1_import.json
100644 blob 37b9027c24e059d568691843109e9259ad66277a	docs/continuation/runtime_recovery_2026-09-08/evidencias/work/pending_closure/redis_env_pending_closure/receipts/wsl_import.json
100644 blob 6c50ab7745d7ddc4c8dac4aa7a04a494db0769cc	docs/continuation/runtime_recovery_2026-09-08/evidencias/work/pending_closure/redis_env_pending_closure/redis_source_github.json
100644 blob 015884cdc4ae5a67dbe6c0046f4a55b8e52e3254	docs/continuation/runtime_recovery_2026-09-08/evidencias/work/pending_closure/redis_env_pending_closure/shutdown.json
100644 blob 04f295ba849f1acf9142a26b79e60950d962b82e	docs/continuation/runtime_recovery_2026-09-08/evidencias/work/pending_closure/redis_env_pending_closure/source_downloads.json
100644 blob 98e4e447409e736998aca017d7104886cbcb55db	docs/continuation/runtime_recovery_2026-09-08/evidencias/work/pending_closure/redis_env_pending_closure/start_intent.json
100644 blob f4434f33efd280054eb8b8b2d4c5eacdc301d1a3	docs/continuation/runtime_recovery_2026-09-08/evidencias/work/pending_closure/root_before.json
100644 blob c21872bb7bf09fb41dcb0f55caca69a0af2bac83	docs/continuation/runtime_recovery_2026-09-08/evidencias/work/pending_closure/root_pyright.json
100644 blob 8b35b464d10b30cdff298ea9c278a2445c7b2f3d	docs/continuation/runtime_recovery_2026-09-08/evidencias/work/pending_closure/runtime_redis_runner.py
100644 blob 0336c92ee8acbbd9011854e53f18f6d7ab056b2b	docs/continuation/runtime_recovery_2026-09-08/evidencias/work/pending_closure/snapshot_root.py
100644 blob b36904e7339f0ab28712b510f2653886fbe495a4	docs/continuation/runtime_recovery_2026-09-08/evidencias/work/pending_closure/validation/dotnet_health_baseline.json
100644 blob 284df6cccd231dbe4d7da6e369ff48a357783637	docs/continuation/runtime_recovery_2026-09-08/evidencias/work/pending_closure/validation/dotnet_health_baseline_second.json
100644 blob 60e37a6555b4d6c78429e8fb56b81baf8a96d518	docs/continuation/runtime_recovery_2026-09-08/evidencias/work/pending_closure/validation/dotnet_health_green.json
100644 blob ca183947f9a36dcdf50a4ab7e686544773d876cb	docs/continuation/runtime_recovery_2026-09-08/evidencias/work/pending_closure/validation/dotnet_health_green_rebuild.json
100644 blob 5335ad84f77faeb27aff933da6aeb74875a6fb9f	docs/continuation/runtime_recovery_2026-09-08/evidencias/work/pending_closure/validation/dotnet_lost_ready_baseline.json
100644 blob 5f7a6dc315ba3ba3e4701a9a4bbec270602a2525	docs/continuation/runtime_recovery_2026-09-08/evidencias/work/pending_closure/validation/dotnet_pending_full.json
100644 blob 0b5a6ea5be2990008f68066b3f3f93ecdfe6df06	docs/continuation/runtime_recovery_2026-09-08/evidencias/work/pending_closure/validation/dotnet_pending_warnaserror.json
100644 blob 06f78501483a65f99e8c67ba79efb49751f5fc5d	docs/continuation/runtime_recovery_2026-09-08/evidencias/work/pending_closure/validation/dotnet_ready_outbox_first.json
100644 blob 58df3ecae752e11302373c205e2ce651d1fcc7b7	docs/continuation/runtime_recovery_2026-09-08/evidencias/work/pending_closure/validation/dotnet_watchdog_ack_baseline.json
100644 blob 6271f53e4a5aa24c02dfbccc64b4e77028e82280	docs/continuation/runtime_recovery_2026-09-08/evidencias/work/pending_closure/validation/dotnet_watchdog_first.json
100644 blob 086872e00b1915c619e1647a095db466fed3d03d	docs/continuation/runtime_recovery_2026-09-08/evidencias/work/pending_closure/validation/dotnet_watchdog_full.json
100644 blob 3b3cc98b77d983257b5818d3b7fa4611b28cb766	docs/continuation/runtime_recovery_2026-09-08/evidencias/work/pending_closure/validation/dotnet_watchdog_warnaserror.json
100644 blob a24a078ade166979dacf0e8ac58968c64e326253	docs/continuation/runtime_recovery_2026-09-08/evidencias/work/pending_closure/validation/pending_actual_hosts.json
100644 blob 28752f55665eb7d72352f52b2a159e62ecb6511f	docs/continuation/runtime_recovery_2026-09-08/evidencias/work/pending_closure/validation/pending_actual_hosts_final.json
100644 blob 349c800599001be6087bde951b421e82ed1edbad	docs/continuation/runtime_recovery_2026-09-08/evidencias/work/pending_closure/validation/pending_actual_hosts_second.json
100644 blob 732a622ce533c13db3381ee016ddc1f6f12673c3	docs/continuation/runtime_recovery_2026-09-08/evidencias/work/pending_closure/validation/pending_cross_process_final.json
100644 blob 8b5c317db6b4b1984431145062d58074763b0658	docs/continuation/runtime_recovery_2026-09-08/evidencias/work/pending_closure/validation/python_entrypoint_format.json
100644 blob bd3f5ecca09c722ca36ae041deaf332dfbfc4374	docs/continuation/runtime_recovery_2026-09-08/evidencias/work/pending_closure/validation/python_entrypoint_green.json
100644 blob c7e884450c8504cd605f1448ac98294193618a96	docs/continuation/runtime_recovery_2026-09-08/evidencias/work/pending_closure/validation/python_entrypoint_lint.json
100644 blob d3816f405ad967d69deedfda02f50943d1bf8f2f	docs/continuation/runtime_recovery_2026-09-08/evidencias/work/pending_closure/validation/python_entrypoint_red.json
100644 blob d824fcdb81517d03b987b5f6f45aa55b0ef76f7f	docs/continuation/runtime_recovery_2026-09-08/evidencias/work/pending_closure/validation/python_entrypoint_red_missing.json
100644 blob d39b0e80d65ab4a6b33f78429e7b6b46ae6ebb24	docs/continuation/runtime_recovery_2026-09-08/evidencias/work/pending_closure/validation/python_lineup_inbox_format.json
100644 blob 7a5633549e41a8151211caa37a993271c054300f	docs/continuation/runtime_recovery_2026-09-08/evidencias/work/pending_closure/validation/python_lineup_inbox_lint.json
100644 blob 8d8afc74b950c8a27b6d2d9201f14363480d84aa	docs/continuation/runtime_recovery_2026-09-08/evidencias/work/pending_closure/validation/python_lineup_inbox_redis.json
100644 blob 9a8529dfb408a2416f3a0daaa8bb5f53999c982d	docs/continuation/runtime_recovery_2026-09-08/evidencias/work/pending_closure/validation/python_ready_format.json
100644 blob 5869cf6048075ce606be15dbed92265d255ab226	docs/continuation/runtime_recovery_2026-09-08/evidencias/work/pending_closure/validation/python_ready_lint.json
100644 blob 941fb47ec881e2ebae655a7be5073209c5e348ce	docs/continuation/runtime_recovery_2026-09-08/evidencias/work/pending_closure/validation/python_ready_pyright.json
100644 blob 3f2c83c8ebafa12016bc9a7dafc712136ebf369d	docs/continuation/runtime_recovery_2026-09-08/evidencias/work/pending_closure/validation/python_ready_red.json
100644 blob d1bd28c8648212b261967784beb6ace554800ab5	docs/continuation/runtime_recovery_2026-09-08/evidencias/work/pending_closure/validation/python_ready_redis_green.json
100644 blob 5f419bf57258f9d476800dc3adfa954764b866b3	docs/continuation/runtime_recovery_2026-09-08/evidencias/work/pending_closure/validation/python_ready_unit.json
100644 blob 1a9ee06d364dce879d41e9b46e1d9223bd335172	docs/continuation/runtime_recovery_2026-09-08/evidencias/work/pending_closure/watchdog_before/MANIFEST.json
100644 blob d8e61d6f933e9d256573b5ee6a5786076f6f3f92	docs/continuation/runtime_recovery_2026-09-08/evidencias/work/pending_closure/watchdog_before/dotnet/LineupWorker.Tests/WorkerRuntimeFencingTests.cs
100644 blob 984e71c1464e7de555179409a2e6c85ff4ef674f	docs/continuation/runtime_recovery_2026-09-08/evidencias/work/pending_closure/watchdog_before/dotnet/LineupWorker/Models/LineupEvent.cs
100644 blob dfbc87f88a0e1eedaea1151837f6d17dd829d7d4	docs/continuation/runtime_recovery_2026-09-08/evidencias/work/pending_closure/watchdog_before/dotnet/LineupWorker/Services/KernelRedisProtocolV2.cs
100644 blob b87429678ffed3e35a3a56878f861ecd65f37b69	docs/continuation/runtime_recovery_2026-09-08/evidencias/work/pending_closure/watchdog_before/dotnet/LineupWorker/Services/MarketStateEngine.cs
100644 blob f2d36db969caf9859e53849cc4fdbd10b5a11240	docs/continuation/runtime_recovery_2026-09-08/evidencias/work/pending_closure/watchdog_before/dotnet/LineupWorker/Worker.cs
100644 blob 9c3cec310788ad65873c6ab658ef285ad07d5153	docs/continuation/runtime_recovery_2026-09-08/evidencias/work/runtime_fix/synthetic_kernel_process.py
100644 blob 924ff8685763ca57e7c5ab9e3d4d093efa77fb20	docs/continuation/runtime_recovery_2026-09-08/evidencias/work/validation/pending_inbox_format.json
100644 blob 1060a866c4a882eb3964d1e99fd8848e53ece5d9	docs/continuation/runtime_recovery_2026-09-08/evidencias/work/validation/pending_inbox_lint.json
100644 blob a9a0d9d75dd067fa5c1e8f8daa16afdc53760340	docs/continuation/runtime_recovery_2026-09-08/evidencias/work/validation/pending_inbox_pyright.json
100644 blob 8f89e0fd1b92deebf8fa19e02e3ef165504d0d75	docs/continuation/runtime_recovery_2026-09-08/evidencias/work/validation/pending_inbox_python_unit.json
100644 blob ad4afab6eae0dcfc111d518b9cce0735ca42be5e	docs/continuation/runtime_recovery_2026-09-08/evidencias/work/validation_runner.py
100644 blob 721bc9f2734da991c1a996bcaa1dfb02adc6b158	docs/continuation/runtime_v2_2026-09-08/RESOLUCAO_DA_REVISAO.md
100644 blob a12cdd0dec368da5ce6010f210edc89f07353813	docs/continuation/runtime_v2_2026-09-08/RESULTADO.md
100644 blob d31a01baca785f0e07a1bcf8cf06bd776876c6bd	docs/continuation/runtime_v2_2026-09-08/backup_receipt.json
100644 blob 8342b5d272612a2a7e6f169f887059fb16d7ceb9	docs/continuation/runtime_v2_2026-09-08/before.json
100644 blob 93f0a5ee4958526c631597d75774680d1b3d883f	docs/continuation/runtime_v2_2026-09-08/codigo/.github/workflows/ci.yml
100644 blob bf1ca4f2679aec04cd0907cb13e9964d2bbdb9f0	docs/continuation/runtime_v2_2026-09-08/codigo/brasileirao_predictor/kernel_daemon.py
100644 blob c2c7ab49c708cd54576d51480929f2e8b899b9fb	docs/continuation/runtime_v2_2026-09-08/codigo/brasileirao_predictor/kernel_redis_v2.py
100644 blob 64757195f485a47c393005068cb489d58e5c4db7	docs/continuation/runtime_v2_2026-09-08/codigo/brasileirao_scripts/hotpath_smoke.py
100644 blob 0583000cfea92c80911a286ad4106edc32922ae0	docs/continuation/runtime_v2_2026-09-08/codigo/contracts/redis-fair-odds-v2.schema.json
100644 blob 18858cc712e728d8382705388399af653fc386cc	docs/continuation/runtime_v2_2026-09-08/codigo/contracts/redis-protocol-v2.md
100644 blob e740e28127afa2343b95c7c203bda314a1adf4ff	docs/continuation/runtime_v2_2026-09-08/codigo/contracts/redis-protocol-v2.schema.json
100644 blob e39de1764692bc57fb67978f37077d9c6ac02f9d	docs/continuation/runtime_v2_2026-09-08/codigo/dotnet/LineupWorker.Tests/FairOddsCorrelationTests.cs
100644 blob 74a5818b9284f8d4bcac4494346b2aee5b36c460	docs/continuation/runtime_v2_2026-09-08/codigo/dotnet/LineupWorker.Tests/KernelCrossProcessTests.cs
100644 blob 588df2145b55fd8e738c3af063c0a652fb537171	docs/continuation/runtime_v2_2026-09-08/codigo/dotnet/LineupWorker.Tests/KernelInvocationIdentityTests.cs
100644 blob b2ca996d278845e83894925496c4972d2a9ed795	docs/continuation/runtime_v2_2026-09-08/codigo/dotnet/LineupWorker.Tests/ModelBranchTests.cs
100644 blob 3679640fb1befe4b410f474c5576799d21945fa8	docs/continuation/runtime_v2_2026-09-08/codigo/dotnet/LineupWorker.Tests/RedisProtocolTests.cs
100644 blob 166876cb9f718eb57dddd20fb533b7b8c8797ded	docs/continuation/runtime_v2_2026-09-08/codigo/dotnet/LineupWorker.Tests/WorkerRuntimeFencingTests.cs
100644 blob e844f21f7b8923922adaa3a0d98fa478fc8da49a	docs/continuation/runtime_v2_2026-09-08/codigo/dotnet/LineupWorker.Tests/WorkerRuntimeTests.cs
100644 blob 19b773965da4f9e021d36ecc3b02fd90dbb43f98	docs/continuation/runtime_v2_2026-09-08/codigo/dotnet/LineupWorker/Models/KernelContracts.cs
100644 blob b03ee48f3b9acf648877cec2e9b7747dfe62bc34	docs/continuation/runtime_v2_2026-09-08/codigo/dotnet/LineupWorker/Models/LatencyRecord.cs
100644 blob 984e71c1464e7de555179409a2e6c85ff4ef674f	docs/continuation/runtime_v2_2026-09-08/codigo/dotnet/LineupWorker/Models/LineupEvent.cs
100644 blob 77cd7c18c0027cc2b8147267ae4a5776633bfec8	docs/continuation/runtime_v2_2026-09-08/codigo/dotnet/LineupWorker/Services/KernelRedisProtocolV2.cs
100644 blob 580c9f0c0970a34f4bad86802c3d787db9919ed0	docs/continuation/runtime_v2_2026-09-08/codigo/dotnet/LineupWorker/Services/MarketStateEngine.cs
100644 blob 9e3295c165966bb3ea2e770b4c0ca8d18f421b3d	docs/continuation/runtime_v2_2026-09-08/codigo/dotnet/LineupWorker/Worker.cs
100644 blob d73efeb33302549485e4719a036b92083a071f7b	docs/continuation/runtime_v2_2026-09-08/codigo/tests/test_hotpath_smoke.py
100644 blob b9ab2824553790e3858a8f4d00d6e62bd6cff948	docs/continuation/runtime_v2_2026-09-08/codigo/tests/test_kernel_protocol.py
100644 blob e035b735e71513847669a3d63301b7f499efb55e	docs/continuation/runtime_v2_2026-09-08/codigo/tests/test_kernel_runtime.py
100644 blob 2bfe927c2180f79e15cf21bf9ee1f0ac6d02a69c	docs/continuation/runtime_v2_2026-09-08/codigo/tests/test_kernel_v2_runtime.py
100644 blob 5bc030f6763248961617291142867c65a1ae5fc6	docs/continuation/runtime_v2_2026-09-08/codigo/tests/test_redis_integration.py
100644 blob 4e2c0d569068eac69c06e9683f2710feefcc9be2	docs/continuation/runtime_v2_2026-09-08/estado.json
100644 blob 29a540a11cd9a2e810f7b9dea381a676050bd630	docs/continuation/runtime_v2_2026-09-08/evidencias/work/guard/sitecustomize.py
100644 blob d870994bb676d685ec0011a6777418bb54e81b42	docs/continuation/runtime_v2_2026-09-08/evidencias/work/runtime_fencing/DOTNET_FINAL_MANIFEST.json
100644 blob 66b730870e55c648e5e822a19060e8f04e181822	docs/continuation/runtime_v2_2026-09-08/evidencias/work/runtime_fencing/DOTNET_RUNTIME_V2.md
100644 blob c96647142767ae2637582c6f70f30ec926fc95c5	docs/continuation/runtime_v2_2026-09-08/evidencias/work/runtime_fix/PYTHON_IMPLEMENTATION.md
100644 blob b9b11d1ecb8a2b3a22a5527ce9af5972765eb07f	docs/continuation/runtime_v2_2026-09-08/evidencias/work/runtime_fix/ROOT_COMPAT_REVIEW.md
100644 blob a48905e71deb9e566176594ef311afeec9aee93b	docs/continuation/runtime_v2_2026-09-08/evidencias/work/runtime_fix/RUNTIME_REVIEW.md
100644 blob e7be8503d30cb92424c8750779fd1f7e83b2ed63	docs/continuation/runtime_v2_2026-09-08/evidencias/work/runtime_fix/audit_lua_boundaries.py
100644 blob ca123231e6e3201d40052a7767b988b7c70d1015	docs/continuation/runtime_v2_2026-09-08/evidencias/work/runtime_fix/check_static.py
100644 blob a6a25d3ab7d56e5692f7e5b8dd17f58459f03606	docs/continuation/runtime_v2_2026-09-08/evidencias/work/runtime_fix/kernel_python_receipt.json
100644 blob 291dc168aae225194e78628380305ea668fe5cb0	docs/continuation/runtime_v2_2026-09-08/evidencias/work/runtime_fix/lua_boundary_audit_20260908T032925/KernelRedisProtocolV2.cs.snapshot
100644 blob d32f80c405bdc09f7f7fe71f108aacda4bb3e2a2	docs/continuation/runtime_v2_2026-09-08/evidencias/work/runtime_fix/lua_boundary_audit_20260908T032925/audit.json
100644 blob d72ae12cabc7fabb3f21a8f50dffa677f1336fa2	docs/continuation/runtime_v2_2026-09-08/evidencias/work/runtime_fix/lua_boundary_audit_20260908T032925/kernel_redis_v2.py.snapshot
100644 blob 77cd7c18c0027cc2b8147267ae4a5776633bfec8	docs/continuation/runtime_v2_2026-09-08/evidencias/work/runtime_fix/lua_boundary_audit_20260908T033011/KernelRedisProtocolV2.cs.snapshot
100644 blob 879b674b8923b63a767eac6ec88c06a15f86d115	docs/continuation/runtime_v2_2026-09-08/evidencias/work/runtime_fix/lua_boundary_audit_20260908T033011/audit.json
100644 blob d72ae12cabc7fabb3f21a8f50dffa677f1336fa2	docs/continuation/runtime_v2_2026-09-08/evidencias/work/runtime_fix/lua_boundary_audit_20260908T033011/kernel_redis_v2.py.snapshot
100644 blob 77cd7c18c0027cc2b8147267ae4a5776633bfec8	docs/continuation/runtime_v2_2026-09-08/evidencias/work/runtime_fix/lua_boundary_audit_20260908T033032/KernelRedisProtocolV2.cs.snapshot
100644 blob 280ff0a4ccade4cc980eac01f3c2d520e8918213	docs/continuation/runtime_v2_2026-09-08/evidencias/work/runtime_fix/lua_boundary_audit_20260908T033032/audit.json
100644 blob f609f9c01b6d02b8cef48b359145c3a7e1ffbb89	docs/continuation/runtime_v2_2026-09-08/evidencias/work/runtime_fix/lua_boundary_audit_20260908T033032/kernel_redis_v2.py.snapshot
100644 blob 77cd7c18c0027cc2b8147267ae4a5776633bfec8	docs/continuation/runtime_v2_2026-09-08/evidencias/work/runtime_fix/lua_boundary_audit_20260908T033058/KernelRedisProtocolV2.cs.snapshot
100644 blob 486471d0c100186a60d0bede1e34635fe6bc3299	docs/continuation/runtime_v2_2026-09-08/evidencias/work/runtime_fix/lua_boundary_audit_20260908T033058/audit.json
100644 blob f609f9c01b6d02b8cef48b359145c3a7e1ffbb89	docs/continuation/runtime_v2_2026-09-08/evidencias/work/runtime_fix/lua_boundary_audit_20260908T033058/kernel_redis_v2.py.snapshot
100644 blob 8d97dbd575aefb588eec2c2653cd9f5249c4f22c	docs/continuation/runtime_v2_2026-09-08/evidencias/work/runtime_fix/preserve_runtime.py
100644 blob f01698249435b99635da64ce864f9279e70fd41e	docs/continuation/runtime_v2_2026-09-08/evidencias/work/runtime_fix/provision_redis_wsl.py
100644 blob 1a57bbf52af4c7e9d0b6d359597d6d82317e8380	docs/continuation/runtime_v2_2026-09-08/evidencias/work/runtime_fix/redis_env_review_runtime/cleaned.json
100644 blob 797d0f860ac5136fa156cfeeb2a490a4cbf01302	docs/continuation/runtime_v2_2026-09-08/evidencias/work/runtime_fix/redis_env_review_runtime/cleanup_intent.json
100644 blob 58cfcd9ee9f30a91e41b1c78118918ea9baa6d75	docs/continuation/runtime_v2_2026-09-08/evidencias/work/runtime_fix/redis_env_review_runtime/created.json
100644 blob 0b6462ae5403d005903999cfb879061faac295ea	docs/continuation/runtime_v2_2026-09-08/evidencias/work/runtime_fix/redis_env_review_runtime/creation_intent.json
100644 blob 59c517d845823f8c43e30af50d0e0be6d6074197	docs/continuation/runtime_v2_2026-09-08/evidencias/work/runtime_fix/redis_env_review_runtime/creation_intent_wsl1.json
100644 blob f9d68822f94add35150e2d961b0a78c73f872b20	docs/continuation/runtime_v2_2026-09-08/evidencias/work/runtime_fix/redis_env_review_runtime/ready.json
100644 blob dcba16bf557b57ab4c19ae5c8fe98946ab4c69cd	docs/continuation/runtime_v2_2026-09-08/evidencias/work/runtime_fix/redis_env_review_runtime/receipts/build_dependencies.json
100644 blob dace2e623e95d716de0b7df750710e1e9c8d4111	docs/continuation/runtime_v2_2026-09-08/evidencias/work/runtime_fix/redis_env_review_runtime/receipts/docker_version.json
100644 blob e79100b9eb5ac92ed5381774dec399dc95c5fe53	docs/continuation/runtime_v2_2026-09-08/evidencias/work/runtime_fix/redis_env_review_runtime/receipts/dotnet_sdks.json
100644 blob 104b40651e25725cddd2bd2bec4f26b63abb6bcd	docs/continuation/runtime_v2_2026-09-08/evidencias/work/runtime_fix/redis_env_review_runtime/receipts/own_wsl_terminate.json
100644 blob 3e20fe2d810f1afec5b0561ee6a206f163ad113e	docs/continuation/runtime_v2_2026-09-08/evidencias/work/runtime_fix/redis_env_review_runtime/receipts/own_wsl_unregister.json
100644 blob 0986c56c43f2dfd3ef6aaae98e69d6f528c82f68	docs/continuation/runtime_v2_2026-09-08/evidencias/work/runtime_fix/redis_env_review_runtime/receipts/redis_build.json
100644 blob b6bd0e9205258e9498a03e1db2d4c420a9a43ee1	docs/continuation/runtime_v2_2026-09-08/evidencias/work/runtime_fix/redis_env_review_runtime/receipts/redis_config.json
100644 blob 44e73745ebc4846da4ac4c98ebde51b9f78d908d	docs/continuation/runtime_v2_2026-09-08/evidencias/work/runtime_fix/redis_env_review_runtime/receipts/redis_config_absent.json
100644 blob 6b6a8c8ea27eb32e4ff151db51a564c78c13f168	docs/continuation/runtime_v2_2026-09-08/evidencias/work/runtime_fix/redis_env_review_runtime/receipts/redis_config_absent_retry.json
100644 blob 0920579974d8fe83653d3d6badf5c9953d957ace	docs/continuation/runtime_v2_2026-09-08/evidencias/work/runtime_fix/redis_env_review_runtime/receipts/redis_config_retry.json
100644 blob 9b99b3ca8587bfa918c0a44e91a2d3d583dbc68d	docs/continuation/runtime_v2_2026-09-08/evidencias/work/runtime_fix/redis_env_review_runtime/receipts/redis_directory.json
100644 blob 1632a11eb9eaa83690ef691f3bfb5387b8f6d626	docs/continuation/runtime_v2_2026-09-08/evidencias/work/runtime_fix/redis_env_review_runtime/receipts/redis_log_before_cleanup.json
100644 blob 35b7442d2a5f00b17d69e8464ff0fef1101ce10d	docs/continuation/runtime_v2_2026-09-08/evidencias/work/runtime_fix/redis_env_review_runtime/receipts/redis_pid.json
100644 blob 7657890e7f1c52b4bdb2885c545bd5d4fb45490b	docs/continuation/runtime_v2_2026-09-08/evidencias/work/runtime_fix/redis_env_review_runtime/receipts/redis_pid_before_cleanup.json
100644 blob 2ce47a9d8ba061481604d3ff3763272eca5d6f6c	docs/continuation/runtime_v2_2026-09-08/evidencias/work/runtime_fix/redis_env_review_runtime/receipts/redis_start.json
100644 blob 38f70a6692f32190c7bb97848bfb4825b01b669d	docs/continuation/runtime_v2_2026-09-08/evidencias/work/runtime_fix/redis_env_review_runtime/receipts/redis_version.json
100644 blob 7ce3a9cf6a150ab717c21410679c3a2d44c12f50	docs/continuation/runtime_v2_2026-09-08/evidencias/work/runtime_fix/redis_env_review_runtime/receipts/source_extract.json
100644 blob 3e26c7fcd89c8f2455732891a09e1bb0beb4686f	docs/continuation/runtime_v2_2026-09-08/evidencias/work/runtime_fix/redis_env_review_runtime/receipts/wsl1_boot.json
100644 blob 2e5805d59de197ed6a41dfa1476d4ea42c5a65fb	docs/continuation/runtime_v2_2026-09-08/evidencias/work/runtime_fix/redis_env_review_runtime/receipts/wsl1_import.json
100644 blob 8159f67da87722f9368172bd4c92a3fa43bed4f3	docs/continuation/runtime_v2_2026-09-08/evidencias/work/runtime_fix/redis_env_review_runtime/receipts/wsl_after_cleanup.json
100644 blob edec33ed9b1eefa17eb9e2e74748fd44bad93d4d	docs/continuation/runtime_v2_2026-09-08/evidencias/work/runtime_fix/redis_env_review_runtime/receipts/wsl_before_import.json
100644 blob cfb15c261d6f325b2f095860bfdd5925674b8ca7	docs/continuation/runtime_v2_2026-09-08/evidencias/work/runtime_fix/redis_env_review_runtime/receipts/wsl_before_wsl1_import.json
100644 blob 9214a0d5bcffd880be8d7557c9b0082329572d3b	docs/continuation/runtime_v2_2026-09-08/evidencias/work/runtime_fix/redis_env_review_runtime/receipts/wsl_import.json
100644 blob f8eb0063e3b65e14f70085c195f395eafd5281f7	docs/continuation/runtime_v2_2026-09-08/evidencias/work/runtime_fix/redis_env_review_runtime/receipts/wsl_list.json
100644 blob 439e47ccf169eabdd8fbbfd5a8b4dd33d58a309a	docs/continuation/runtime_v2_2026-09-08/evidencias/work/runtime_fix/redis_env_review_runtime/receipts/wsl_status.json
100644 blob e853f13ca5fb20027d9dee7620bb1a3f751d189e	docs/continuation/runtime_v2_2026-09-08/evidencias/work/runtime_fix/redis_env_review_runtime/redis_download_probe.json
100644 blob 6c50ab7745d7ddc4c8dac4aa7a04a494db0769cc	docs/continuation/runtime_v2_2026-09-08/evidencias/work/runtime_fix/redis_env_review_runtime/redis_source_github.json
100644 blob 358eab5aca38abc61885e1f5102c23d590f2f9d1	docs/continuation/runtime_v2_2026-09-08/evidencias/work/runtime_fix/redis_env_review_runtime/shutdown.json
100644 blob 04f295ba849f1acf9142a26b79e60950d962b82e	docs/continuation/runtime_v2_2026-09-08/evidencias/work/runtime_fix/redis_env_review_runtime/source_downloads.json
100644 blob 59d3f54149350e13f46ce9d570869771045049d9	docs/continuation/runtime_v2_2026-09-08/evidencias/work/runtime_fix/redis_env_review_runtime/start_intent.json
100644 blob a8940ab15cec6a5b7990446fd489ca4c342954d3	docs/continuation/runtime_v2_2026-09-08/evidencias/work/runtime_fix/runtime_redis_runner.py
100644 blob c5ee0f0353ec9059cef47b1d438a4dc185e34edc	docs/continuation/runtime_v2_2026-09-08/evidencias/work/runtime_fix/smoke_pyright.json
100644 blob 8880eec938c42ce71dbe499031fe6e7eb4842b37	docs/continuation/runtime_v2_2026-09-08/evidencias/work/runtime_fix/snapshot_before.py
100644 blob 9c3cec310788ad65873c6ab658ef285ad07d5153	docs/continuation/runtime_v2_2026-09-08/evidencias/work/runtime_fix/synthetic_kernel_process.py
100644 blob c1170368c1e6e59d3c999d8d8709b71f04f51397	docs/continuation/runtime_v2_2026-09-08/evidencias/work/runtime_fix/validation/dotnet_v2_first.json
100644 blob a4ef7a3b5ee674cf9d4bfac9783874f3b667a94c	docs/continuation/runtime_v2_2026-09-08/evidencias/work/runtime_fix/validation/dotnet_v2_fourth.json
100644 blob 7c111a8cafa0ace2fc48e65bfe9b0ef9cbc5710d	docs/continuation/runtime_v2_2026-09-08/evidencias/work/runtime_fix/validation/dotnet_v2_second.json
100644 blob 345d7cf71cb8e3e352b2cfd1f1c9c9a11d543638	docs/continuation/runtime_v2_2026-09-08/evidencias/work/runtime_fix/validation/dotnet_v2_third.json
100644 blob ce6d8057a444fd373d18d93552873425ab102b07	docs/continuation/runtime_v2_2026-09-08/evidencias/work/runtime_fix/validation/dotnet_v2_warnaserror.json
100644 blob 49009771d0de388437626c44ae09912de000d5e1	docs/continuation/runtime_v2_2026-09-08/evidencias/work/runtime_fix/validation/kernel_v2_redis_health.json
100644 blob f227dadfe4dd29ea17280e4492537af3bca5ab03	docs/continuation/runtime_v2_2026-09-08/evidencias/work/runtime_fix/validation/kernel_v2_redis_round1.json
100644 blob e19ad1e372fb1882a58393098e4d045b84e34b6f	docs/continuation/runtime_v2_2026-09-08/evidencias/work/runtime_fix/validation/kernel_v2_redis_round2.json
100644 blob 8e0435fad10955c8e52aa16fe34a6dcf7db293e0	docs/continuation/runtime_v2_2026-09-08/evidencias/work/runtime_fix/validation/runtime_v2_cross_process.json
100644 blob 6f9029e2d34afe90c37dc2e8fef0937e26aa6a28	docs/continuation/runtime_v2_2026-09-08/evidencias/work/validation/kernel_v2_health_format.json
100644 blob 1a6697bd5dd026795c36f95f73bc8e4e4014d98f	docs/continuation/runtime_v2_2026-09-08/evidencias/work/validation/kernel_v2_initial_format.json
100644 blob 97d2cea9dd0c0c573e460702403dc082ed94c446	docs/continuation/runtime_v2_2026-09-08/evidencias/work/validation/kernel_v2_initial_lint.json
100644 blob 8fdd91f7bd70a28f79e9972cc20a4b0c35fd5947	docs/continuation/runtime_v2_2026-09-08/evidencias/work/validation/kernel_v2_lint_final.json
100644 blob 122737fa565637ddb8f2bb3a4fb539ccfeebcf3f	docs/continuation/runtime_v2_2026-09-08/evidencias/work/validation/kernel_v2_lint_health.json
100644 blob 0162171bfbdbcb963ee71743793227ebdbc7149d	docs/continuation/runtime_v2_2026-09-08/evidencias/work/validation/kernel_v2_pyright_health.json
100644 blob d7e8c19f9466c2a4a2404ed52671c19f692a6eb9	docs/continuation/runtime_v2_2026-09-08/evidencias/work/validation/kernel_v2_pyright_round1.json
100644 blob bd4061b86ae7acffc756f343d7eaf3751399dda4	docs/continuation/runtime_v2_2026-09-08/evidencias/work/validation/kernel_v2_unit_health.json
100644 blob 215604dabb33f1d26860efe8a2b22c3278cfd98a	docs/continuation/runtime_v2_2026-09-08/evidencias/work/validation/kernel_v2_unit_round1.json
100644 blob c5c0e1c2697c844ba73102b0ceb56c7662eb153a	docs/continuation/runtime_v2_2026-09-08/evidencias/work/validation/runtime_v2_smoke_final.json
100644 blob 278c4334a77612fbdcbdd6a15f0910e28d4399f5	docs/continuation/runtime_v2_2026-09-08/evidencias/work/validation/runtime_v2_smoke_final2.json
100644 blob fcd2def06af529c8896a429adb9ccd4555553b28	docs/continuation/runtime_v2_2026-09-08/evidencias/work/validation/runtime_v2_smoke_final3.json
100644 blob 8e8e92956d56eb78d9896ad4bb0d67a872410d84	docs/continuation/runtime_v2_2026-09-08/evidencias/work/validation/runtime_v2_smoke_format.json
100644 blob f07f2bf31aaf49fc07a38311c159d55e3ae3a16e	docs/continuation/runtime_v2_2026-09-08/evidencias/work/validation/runtime_v2_smoke_format2.json
100644 blob 8ad89e4ddb7bdd72c466a727869670d2289cc922	docs/continuation/runtime_v2_2026-09-08/evidencias/work/validation/runtime_v2_smoke_format_check.json
100644 blob 43e04f273a70e8633160b2c3d8843244e8d87deb	docs/continuation/runtime_v2_2026-09-08/evidencias/work/validation/runtime_v2_smoke_format_final.json
100644 blob c9696ac6e11d248508956cac5670e3cb79aed842	docs/continuation/runtime_v2_2026-09-08/evidencias/work/validation/runtime_v2_smoke_lint.json
100644 blob 8ad436b945541d1a0cd0fd5b1c9d3aa7cb1cc56e	docs/continuation/runtime_v2_2026-09-08/evidencias/work/validation/runtime_v2_smoke_lint_final.json
100644 blob 7b3f60276845b0d65ef40953ac15595e0be219a5	docs/continuation/runtime_v2_2026-09-08/evidencias/work/validation/runtime_v2_smoke_pyright.json
100644 blob 9271a45a098bf09ff4accf970c4c952b568e4db6	docs/continuation/runtime_v2_2026-09-08/evidencias/work/validation/runtime_v2_smoke_pyright_final.json
100644 blob bd0a823c262edbfcb3a9c8f3c7d02ea196bfaf05	docs/continuation/runtime_v2_2026-09-08/evidencias/work/validation/runtime_v2_smoke_pyright_verified.json
100644 blob 77692bb2dd9c6885b6f1ee429edc61ab682f1273	docs/continuation/runtime_v2_2026-09-08/evidencias/work/validation/runtime_v2_smoke_unit.json
100644 blob 2b2d1f3980ef0511ac0ed8c32fe55793f3c49858	docs/continuation/runtime_v2_2026-09-08/evidencias/work/validation/runtime_v2_static.json
100644 blob ad4afab6eae0dcfc111d518b9cce0735ca42be5e	docs/continuation/runtime_v2_2026-09-08/evidencias/work/validation_runner.py
100644 blob 40a9fba8ba0dd50da96664686828de7c02dd7328	docs/continuation/scheduled_paths_verified.json
100644 blob de44fb6f83227568bfe5e8126d857d3676679a34	docs/continuation/versioned_artifacts.json
100644 blob 3dafd42d5108bcda42907cf78bd4ee74467fdbc3	docs/continuation/whole_chat_review_2026-09-08/CODE_REVIEW.md
100644 blob 0fdb487c7bdada17bee1a769c70d38076de08501	docs/continuation/whole_chat_review_2026-09-08/METHODOLOGY_REVIEW.md
100644 blob 42ba39b75b82e5285dbe222645748394c5e76ec3	docs/continuation/whole_chat_review_2026-09-08/RESEARCH_CODE_REVIEW.md
100644 blob d86d9fd64c5e820d708fc889230c90ad9d984066	docs/continuation/whole_chat_review_2026-09-08/RESULTADO.md
100644 blob 55fb9f268c2433cf73c7e1eaa8a4de29af786608	docs/continuation/whole_chat_review_2026-09-08/backup_receipt.json
100644 blob c376a94ee6faa637e03ec520168082450ad80635	docs/continuation/whole_chat_review_2026-09-08/estado.json
100644 blob f5508d1b069583c6d9624d757c6acf0c90aa1e38	docs/continuation/whole_chat_review_2026-09-08/evidence_check.json
100644 blob d4809456708cdeb4ce72733cc4a9ce7f5a436a5b	docs/continuation/whole_chat_review_2026-09-08/reproducao/preserve_review.py
100644 blob fc45198479f0185ac391b24185d434cc035cd1c6	docs/continuation/whole_chat_review_2026-09-08/reproducao/test_research_adversarial.py
100644 blob 317734c10c47dd9009ca8f4c3d698c8e8f1a909b	docs/continuation/whole_chat_review_2026-09-08/reproducao/test_runtime_characterization.py
100644 blob 9a46d530eeb17eebf01728d86b824b17728df2fa	docs/continuation/whole_chat_review_2026-09-08/reproducao/verify_evidence.py
100644 blob 29a540a11cd9a2e810f7b9dea381a676050bd630	docs/continuation/whole_chat_review_2026-09-08/reproducao/work/guard/sitecustomize.py
100644 blob 0d9979c8c9c5eb6a7e2749c7f3febed6f737fed7	docs/continuation/whole_chat_review_2026-09-08/reproducao/work/price_strength_pyright.json
100644 blob ad4afab6eae0dcfc111d518b9cce0735ca42be5e	docs/continuation/whole_chat_review_2026-09-08/reproducao/work/validation_runner.py
100644 blob 1bd8036291aeda5e756908a130e998c8c1c7c7e7	docs/continuation/whole_chat_review_2026-09-08/validation/research_adversarial_regressions.json
100644 blob 4fad2d4988f918852587fdf519d07a60457bb97d	docs/continuation/whole_chat_review_2026-09-08/validation/research_review_format.json
100644 blob b186c1745f3e4b7a33460f183e52d246c1e2d6a7	docs/continuation/whole_chat_review_2026-09-08/validation/research_review_format_final.json
100644 blob b11b12f226256ef461d630a16fdabaa98eff2f24	docs/continuation/whole_chat_review_2026-09-08/validation/research_review_lint.json
100644 blob 45ccf0f636e916104ae59d116b7a7896a5e14e84	docs/continuation/whole_chat_review_2026-09-08/validation/research_review_lint_final.json
100644 blob b498e7b96b0aa17372bcb03fb92e35ca31585dcb	docs/continuation/whole_chat_review_2026-09-08/validation/research_review_pyright.json
100644 blob e48739f67097f69257d88a6f97db78366456efad	docs/continuation/whole_chat_review_2026-09-08/validation/research_review_pyright_final.json
100644 blob d3127daafa6039fd727ac799a6b59b59d66f6069	docs/continuation/whole_chat_review_2026-09-08/validation/research_review_pyright_scoped.json
100644 blob 638ce790706dd50e798926f639e39b374ea40150	docs/continuation/whole_chat_review_2026-09-08/validation/research_review_pyright_stats.json
100644 blob 95ecaf3cd28fe04d34015bba189b0948935d6cdd	docs/continuation/whole_chat_review_2026-09-08/validation/research_review_regressions_final.json
100644 blob 759f0dd24e02cf4a95aaafb77828c0fba10d1586	docs/continuation/whole_chat_review_2026-09-08/validation/research_review_targeted_pytest.json
100644 blob f4b70ec3076c3fd5f251eef38ac1a1fdc9693d49	docs/continuation/whole_chat_review_2026-09-08/validation/whole_chat_runtime_characterization.json
100644 blob 6906046d7e88a8a51d21dd93abe01e023013f83d	docs/decisions/2026-09-07-price-discovery-historical-first-half.md
100644 blob de15f5d62bb3a9d1ea661985b1ac08fa9614f609	docs/decisions/2026-09-07-price-discovery-pinnacle-exploratory.md
100644 blob c272a8a3277db03307ee212d4c6dfb4f480a5224	docs/decisions/2026-09-07-price-extension-51.md
100644 blob c4b789aac05577df0a7221dd8dd9c029e13833ee	docs/decisions/2026-09-07-season-turn-split-paper.md
100644 blob 952cfc7ffbb225f45e970c9941c15b9663cda8f1	docs/experiments/LIVE_BACKTEST_ENGINE_BLOCKED.md
100644 blob 117785bcf77c2275d5eb52827cfe944fab7414bf	docs/experiments/LIVE_FEASIBILITY_01.md
100644 blob 393c6062b9e74a20b58131b2f9c52ee4e84ecb08	docs/experiments/MARKET_02_1X2_PROTOCOL.md
100644 blob 2068721af6bad8ef692f631b661fe7cb3fe2ebc8	docs/experiments/MARKET_03_EDGE_ORDERING_PROTOCOL.md
100644 blob 73a2cf97ded44e044009769d96fbf91ade2dd80c	docs/experiments/MARKET_04_0B_RESOLUTION_PROTOCOL.md
100644 blob b9000a99059a968c435083dd37f7d42dd5e9964c	docs/experiments/MARKET_05_A1_COLLECTOR_SPEC.md
100644 blob 13d31400c38ccef1563323eeaecf5786426eb4d7	docs/experiments/PIT_FEATURE_ARCHITECTURE_SCAFFOLD.md
100644 blob cd5c38fd00002aac8ae2042a45c3ecf82289b176	docs/experiments/PROMOTED_COLD_START_PROTOCOL.md
100644 blob e0f49695f95bd5757f547fabc24445efc01ebcf7	docs/experiments/PROSPECTIVE_VALIDATION_SCAFFOLD.md
100644 blob a01eaa25a7d00d8bee7f2bf5a963233dd71fc6e0	docs/experiments/STRUCTURAL_EDGE_SHADOW_PROTOCOL.md
100644 blob 46eaae639cf6b656a0e47b1d1d3be6afb30c3065	docs/experiments/TRACK_A02_DYNAMIC_STRENGTH_PROTOCOL.md
100644 blob 561140cb53c16b6f752c35b3fec139dbfb67dba6	docs/history/antes_consolidacao_2026-09-09/README.md
100644 blob 0c5e07de5bc55be5b889a177d1958fb4d9af40dc	docs/history/antes_consolidacao_2026-09-09/docs/DATA_MAP.md
100644 blob c39f660b08c7ac90573752c8921ddea7a7cced01	docs/history/antes_consolidacao_2026-09-09/docs/MIGRACAO_WINDOWS.md
100644 blob abcea0392a7c92d174a659866ea0d79cdfb2ad05	docs/history/antes_consolidacao_2026-09-09/docs/PROMPT_PROXIMA_SESSAO.md
100644 blob 5194e2492b2753fcadc94067d5c7d7c9c3af63d0	docs/history/antes_consolidacao_2026-09-09/docs/continuation/PROMPT_MELHORIA_LUCRO.md
100644 blob 234a095af34b35058737a0377d41ed2562375e3e	docs/history/antes_consolidacao_2026-09-09/docs/continuation/RETOMADA.md
100644 blob b5ef4d0a13697389bd79da2eb31fe2061c8b7181	docs/history/attestations/trials-core-3.2.0-before-20260912.json
100644 blob 0166ad6701bd4efd95bf20071ca7e8d6e570a0eb	docs/open_source_research/.gitattributes
100644 blob 8ea566db84af5fadeaeeabb010b5a99533420023	docs/open_source_research/OSR-20260911-01/BASELINE.md
100644 blob 197a85e3a585e98c5bbbb69309d36ef75ba09605	docs/open_source_research/OSR-20260911-01/CAPABILITY_MATRIX.md
100644 blob 85f618589a02c52117ba195be319704d700dc5e6	docs/open_source_research/OSR-20260911-01/DECISIONS.md
100644 blob e4ac0f6d6b2b2fe75ba227cf6c3fa145679b236c	docs/open_source_research/OSR-20260911-01/EXPERIMENTS.md
100644 blob 1e5103105bbee42c68d071eb9e5bddeffa3eba14	docs/open_source_research/OSR-20260911-01/G1_PROTOCOL.json
100644 blob 986116ec0078d537bfbd13f891c7d60d90484bb9	docs/open_source_research/OSR-20260911-01/MANIFEST.json
100644 blob 0bb559a3370340cfe7c20fbc8a26309ae6a8dcce	docs/open_source_research/OSR-20260911-01/OVERVIEW.html
100644 blob 40ef9cad59c339b817dfee3b3f51806ea4a50ba8	docs/open_source_research/OSR-20260911-01/PROTECTED_PATHS.txt
100644 blob 0d0450924ce0a207e4e374163f2ecc7685969ac4	docs/open_source_research/OSR-20260911-01/REPORT.md
100644 blob 6fedc0e58e35160055c1fbabedbd58bf09495cb6	docs/open_source_research/OSR-20260911-01/SURVEY.md
100644 blob 8c98b054e88431dd7026f4863a2833ab6212d6c1	docs/open_source_research/OSR-20260911-01/baseline_snapshot.json
100644 blob 1e5103105bbee42c68d071eb9e5bddeffa3eba14	docs/open_source_research/OSR-20260911-01/evidence/G1_PROTOCOL.json
100644 blob 6634ac52c4adc0feee88ddb9021bf64cc1e85a4e	docs/open_source_research/OSR-20260911-01/evidence/REPRODUCE.md
100644 blob 11a0ddcc79c754c411759283b4debcc0721c40e5	docs/open_source_research/OSR-20260911-01/evidence/benchmark.py
100644 blob 2404c2931b2be16422d8f8901d5a928f60d17016	docs/open_source_research/OSR-20260911-01/evidence/benchmark_results.json
100644 blob 05678dc79121eba3b42b113e5124acd7e80dd4c7	docs/open_source_research/OSR-20260911-01/evidence/delivery_validation.json
100644 blob 7b91f86f081f666f865a8a902fcafdc00b4eeabb	docs/open_source_research/OSR-20260911-01/evidence/git_versions.json
100644 blob d3f5a12faa99758192ecc4ed3fc22c9249232e86	docs/open_source_research/OSR-20260911-01/evidence/lab/brasileirao_predictor/__init__.py
100644 blob d41c8f502981f568305f5554fb057da31d60b772	docs/open_source_research/OSR-20260911-01/evidence/lab/brasileirao_predictor/dixon_coles.py
100644 blob 124455bd997eeb9479efeb0ab768d63dd885dc92	docs/open_source_research/OSR-20260911-01/evidence/lab/brasileirao_predictor/market_pricer.py
100644 blob 416c4515f415ad205ccb080254ec55e05735a4b7	docs/open_source_research/OSR-20260911-01/evidence/lab/brasileirao_predictor/math_utils.py
100644 blob e25f8df075c7764b7a17d6caecfd638e0b9c7951	docs/open_source_research/OSR-20260911-01/evidence/lab/brasileirao_predictor/model.py
100644 blob d3f5a12faa99758192ecc4ed3fc22c9249232e86	docs/open_source_research/OSR-20260911-01/evidence/lab/brasileirao_predictor/research/__init__.py
100644 blob bb3a661be57a6250bf2dc21e55511472320abe9c	docs/open_source_research/OSR-20260911-01/evidence/lab/brasileirao_predictor/research/shadow_portfolio.py
100644 blob e84ab0a592605f30f37083579ca6215a64f2cf7b	docs/open_source_research/OSR-20260911-01/evidence/lab/brasileirao_predictor/research/structural_edge.py
100644 blob be173f45eb02459453a1774361a129891829f334	docs/open_source_research/OSR-20260911-01/evidence/lab/pbref/LICENCE
100644 blob d3f5a12faa99758192ecc4ed3fc22c9249232e86	docs/open_source_research/OSR-20260911-01/evidence/lab/pbref/__init__.py
100644 blob 7dcd1c887a633fc0583750922fe54703ae2a202a	docs/open_source_research/OSR-20260911-01/evidence/lab/pbref/implied.py
100644 blob bb85d4c3894b88e77b5ab19094adc614638e705b	docs/open_source_research/OSR-20260911-01/evidence/lab/pbref/models.py
100644 blob 810fbc6bf03b3bb2d59658ca338f2d560aac0f74	docs/open_source_research/OSR-20260911-01/evidence/read_receipts.json
100644 blob b338e86a5dff2ae0c5649ff08e9144f657a60bd2	docs/open_source_research/OSR-20260911-01/evidence/requirements.txt
100644 blob cfbd1f80a6727e7df535dbd92e39a2cecf248699	docs/open_source_research/OSR-20260911-01/registry.json
100644 blob d371c1884a19390d170c48e3660b5acd39ebcd3d	docs/open_source_research/OSR-20260911-02/BASELINE.md
100644 blob 575695b4af1954fa87e09ef54d0c52149b157a12	docs/open_source_research/OSR-20260911-02/DATA_ADMISSIBILITY.md
100644 blob 2de6520be3613771bc45c907beebdb8a4c298747	docs/open_source_research/OSR-20260911-02/DECISIONS.md
100644 blob a523d5c7c78e9d4f3893be8f0a4d18734ebb0fd0	docs/open_source_research/OSR-20260911-02/EXPERIMENTS.md
100644 blob a5c9792c93deda17547cd252b2f3818420a70df1	docs/open_source_research/OSR-20260911-02/MANIFEST.json
100644 blob a19cbae421800677435588475ce7f1fe80d1549e	docs/open_source_research/OSR-20260911-02/N05_DATA_CONTRACT.json
100644 blob 4cb101e53ebe168a165807d920d0e3cd1dbab767	docs/open_source_research/OSR-20260911-02/N05_PROTOCOL.json
100644 blob f5b385e588fe154e3a8c3cbda35754e441356df9	docs/open_source_research/OSR-20260911-02/N05_PROTOCOL.md
100644 blob 0081b28d8739fb70308424df3b7ef6ac02f27833	docs/open_source_research/OSR-20260911-02/PROTOCOL.json
100644 blob 91cc3614f444d1457153413f4c34c364bf2f2262	docs/open_source_research/OSR-20260911-02/REPORT.md
100644 blob d32b5235127879dea7c9a83a0ccb096de412a832	docs/open_source_research/OSR-20260911-02/baseline.json
100644 blob b15d3992b2ecac123d8bbeb3f77cda5e91049d09	docs/open_source_research/OSR-20260911-02/evidence/N01-receipt.json
100644 blob 232d12ca7a9c946da9336cac2c92e4d70c33e4c3	docs/open_source_research/OSR-20260911-02/evidence/N01.json
100644 blob 8c4b0f7f9b10206ee8f499301467608990a3f12c	docs/open_source_research/OSR-20260911-02/evidence/N02-receipt.json
100644 blob 03ccd43c9b7b9970d80fee86dbe1150f9a503187	docs/open_source_research/OSR-20260911-02/evidence/N02.json
100644 blob 5f79fc736ba9ce794b09e1dcaedecb48029822a9	docs/open_source_research/OSR-20260911-02/evidence/N03-audit-receipt-02.json
100644 blob 352dde02851897c602ff1b2602b2ac3f98bfb34d	docs/open_source_research/OSR-20260911-02/evidence/N03-audit-receipt.json
100644 blob acf7b9674a61d4b45ddbb049fb1d4cbe0476fd26	docs/open_source_research/OSR-20260911-02/evidence/N03-mutation-audit.json
100644 blob e64e6e22460f064bfdf4cf50408e828f9cff7aa8	docs/open_source_research/OSR-20260911-02/evidence/N03-receipt.json
100644 blob 7d98680a588f74bf432f253991018ca90ca5470d	docs/open_source_research/OSR-20260911-02/evidence/N03.json
100644 blob 2c503266706c976f64aae38621b0d25367ace2b4	docs/open_source_research/OSR-20260911-02/evidence/delivery_validation.json
100644 blob 185a7a7c8c473847088ec357dc55625192906fff	docs/open_source_research/OSR-20260911-02/evidence/extractions.json
100644 blob 09282eae40f0b2ddcc2732a3193a1957d5a3307b	docs/open_source_research/OSR-20260911-02/evidence/reproduction-receipt-02.json
100644 blob 71a03d1a9b05967d82696d69c6ab0d39f1f6e17b	docs/open_source_research/OSR-20260911-02/evidence/reproduction-receipt.json
100644 blob b60939bca3cd98a84c7e1a1f27572b24da59ec30	docs/open_source_research/OSR-20260911-02/evidence/reproduction.json
100644 blob feb054ff4de8ba73408ecd0f2da2055726cd6f77	docs/open_source_research/OSR-20260911-02/evidence/timeout-receipt-02.json
100644 blob e0555fa9416e08432170465287835e4d4fb87af7	docs/open_source_research/OSR-20260911-02/evidence/timeout-receipt.json
100644 blob b3a754eaa3075798b8d8263cf9765ec6aaa9ec4e	docs/open_source_research/OSR-20260911-02/execution_index.json
100644 blob dc8988855bf0676deed53192f493936badaf6cc7	docs/open_source_research/OSR-20260911-02/registry.json
100644 blob 0d6da3e8b6395cbfa9681c3648a197780a958a49	docs/open_source_research/OSR-20260911-02/research/adaptive_goals.py
100644 blob b2a9d1f341eeaba7609d77525d6c3096265184eb	docs/open_source_research/OSR-20260911-02/research/audit_mutations.py
100644 blob 1589386f659edb1527df0b35386b1e0ea383ccf6	docs/open_source_research/OSR-20260911-02/research/child_boot.py
100644 blob be173f45eb02459453a1774361a129891829f334	docs/open_source_research/OSR-20260911-02/research/references/PENALTYBLOG-LICENCE
100644 blob b049008f1acf6dd33887fef3e5edaabe0287b54c	docs/open_source_research/OSR-20260911-02/research/references/baseline_goal.py
100644 blob aa0bf0bb600103f8a4c2802717b86d97fff0c0db	docs/open_source_research/OSR-20260911-02/research/references/baseline_pit.py
100644 blob ba8537f1dd626a8eb5efc2f2b4d069f64c4879fd	docs/open_source_research/OSR-20260911-02/research/references/baseline_power.py
100644 blob 08aebde938efb05a1a7d17ac21e587cda2036df9	docs/open_source_research/OSR-20260911-02/research/references/baseline_scores.py
100644 blob 15b936b82463c2d2d7f52bbce40fbdda4ecabdb6	docs/open_source_research/OSR-20260911-02/research/references/baseline_shin.py
100644 blob 124455bd997eeb9479efeb0ab768d63dd885dc92	docs/open_source_research/OSR-20260911-02/research/references/market_pricer.py
100644 blob c00e7db080c84796ed3f197e1444647539ecb5d5	docs/open_source_research/OSR-20260911-02/research/references/pbmethods.py
100644 blob 0373bfb413d64ad441a3b8abbc1ab55aa156b2fa	docs/open_source_research/OSR-20260911-02/research/references/pbmodels.py
100644 blob 68a7518c28d2bee978946a58dfce6602871b6ed9	docs/open_source_research/OSR-20260911-02/research/reproduce.py
100644 blob 4f957d6fdfecfed2574ba904007363c6b4d2163e	docs/open_source_research/OSR-20260911-02/research/runner.py
100644 blob 0d614ca45f399a7fec86ec1f323fc35cd45cd72b	docs/open_source_research/OSR-20260911-02/research/strict_math.py
100644 blob 64e644509f76afcace09b9402bfe3aef25f36076	docs/open_source_research/OSR-20260911-02/research/strict_pit.py
100644 blob 29ade3c2259a1a7ef853a6cdf3cd61322ab2453b	docs/open_source_research/OSR-20260911-02/research/test_n01.py
100644 blob 25e0c54e0332bfae72573d18db3aaa94aa9cd52f	docs/open_source_research/OSR-20260911-02/research/test_n02.py
100644 blob 1d27c674828e5652a5060112192c291ea19a8c0d	docs/open_source_research/OSR-20260911-02/research/test_n03.py
100644 blob c9f1a913e98d52633a071310a14b7c194dfce2f4	docs/open_source_research/OSR-20260911-02/research/timeout_probe.py
100644 blob 4ee62752fe3d13a3eaad316b78819e0a5e8d34dd	docs/open_source_research/OSR-20260911-03/BASELINE.md
100644 blob 5df5fe4db341fd8d15df48a2f967d675603a0f2f	docs/open_source_research/OSR-20260911-03/CAPABILITY_MATRIX.md
100644 blob ed691db8c65627907569e560d4efdf6923e11c1f	docs/open_source_research/OSR-20260911-03/DECISIONS.md
100644 blob d36a761b2af92f9a55489f32cd0dc9d6f0afca99	docs/open_source_research/OSR-20260911-03/EXPERIMENTS.md
100644 blob b56078332e839992fef7023d236e74d5a286e2b4	docs/open_source_research/OSR-20260911-03/MANIFEST.json
100644 blob 9115dc9d85dea490856722e45bde1678459a4600	docs/open_source_research/OSR-20260911-03/N05_AMENDMENT_PROPOSED.json
100644 blob a47dc06eeed6ac4e50c0ca98249e5d161d45dab4	docs/open_source_research/OSR-20260911-03/N05_MANIFEST_TEMPLATE.json
100644 blob 887be3abfe390ae0b94bc2a317ccfa62ee342618	docs/open_source_research/OSR-20260911-03/PROTOCOL.json
100644 blob 6fe35ed41f17db5f2cc51d4b1ac74409dbe4d230	docs/open_source_research/OSR-20260911-03/REPORT.md
100644 blob 2c014879b0b612064bf70e0b30b5de36a6b3fc17	docs/open_source_research/OSR-20260911-03/SURVEY.md
100644 blob de8fc086bda8a2f360713632e0db2cfdcacdc0ea	docs/open_source_research/OSR-20260911-03/baseline.json
100644 blob 1ec783d09aac691b8e77291561e00c85125701c8	docs/open_source_research/OSR-20260911-03/evidence/comparison.json
100644 blob 870cf2d07328d6f404da70719e890e426b792fec	docs/open_source_research/OSR-20260911-03/evidence/delivery_validation.json
100644 blob 28a08a617869e98eeaeb5af7c0dc0819aa2c0865	docs/open_source_research/OSR-20260911-03/evidence/demo-receipt.json
100644 blob a301eb363998b0554c381b1b04032b4397f35333	docs/open_source_research/OSR-20260911-03/evidence/demo_after/diagnostic.json
100644 blob b814f7c0f3d36c5f5dccd04fd275abf0fddb2736	docs/open_source_research/OSR-20260911-03/evidence/demo_after/manifest.json
100644 blob 532849a116ce92dfe2c5d14a0f292f018b752f9f	docs/open_source_research/OSR-20260911-03/evidence/demo_before/diagnostic.json
100644 blob 30234edc75a89306ecfb299a5efa4b852571059c	docs/open_source_research/OSR-20260911-03/evidence/demo_before/manifest.json
100644 blob 64cc2c3fc18ce986a435ca621dc45ede1440718b	docs/open_source_research/OSR-20260911-03/evidence/different_policy/diagnostic.json
100644 blob b5fb6dfe37dc1ede5d0b9d9d61c11806ec4987bd	docs/open_source_research/OSR-20260911-03/evidence/different_policy/manifest.json
100644 blob bb02fdeef03cd6704a759b1587dc4cfb055a7269	docs/open_source_research/OSR-20260911-03/evidence/different_universe/diagnostic.json
100644 blob 44cfc1c902741d98f5cea26adacc452a3b07e5a3	docs/open_source_research/OSR-20260911-03/evidence/different_universe/manifest.json
100644 blob f55b3dc58055ce176050de80e6932187ab3b74d6	docs/open_source_research/OSR-20260911-03/evidence/failed_input_change/failure.json
100644 blob c80ebb53ec1f5684f3b0d756e3f1fe6b5736119a	docs/open_source_research/OSR-20260911-03/evidence/goals-demo-receipt.json
100644 blob c8ee6bec782e449dfe696336d31fe2f5c1f100b5	docs/open_source_research/OSR-20260911-03/evidence/goals-demo.json
100644 blob c8e6fc85a84d076baa0ed363ae9f45d438d8013a	docs/open_source_research/OSR-20260911-03/evidence/goals-receipt.json
100644 blob 5bfce867ca6cd7064cd318a93a4bc68820a2b54c	docs/open_source_research/OSR-20260911-03/evidence/goals-tests.json
100644 blob 348c29a1cb9f4f5896435a73710a85fef0e44bdd	docs/open_source_research/OSR-20260911-03/evidence/internal_inspection.json
100644 blob 3d0cdedc91b4d89ae407fa3cd3c65fa989f58bdf	docs/open_source_research/OSR-20260911-03/evidence/market-receipt.json
100644 blob 3ffacb4b13a864e5764a06059412b292030746bf	docs/open_source_research/OSR-20260911-03/evidence/market-tests.json
100644 blob 8b8804b5f51a9ec112a2396a13463cb6dcb72af6	docs/open_source_research/OSR-20260911-03/evidence/receipt-tests-receipt.json
100644 blob 5ed3c807cce3550fcd65cd7bc0382a405e4c0f8a	docs/open_source_research/OSR-20260911-03/evidence/receipt-tests.json
100644 blob 17b6d7499450e69fbcf7128c27dc41f3184a62d3	docs/open_source_research/OSR-20260911-03/evidence/smaller-universe.json
100644 blob 649916f47f31bdf947cc9ca4c42c44eb8ba31a88	docs/open_source_research/OSR-20260911-03/evidence/source_lineage.json
100644 blob 9e26dfeeb6e641a33dae4961196235bdb965b21b	docs/open_source_research/OSR-20260911-03/evidence/tampered_copy/diagnostic.json
100644 blob 30234edc75a89306ecfb299a5efa4b852571059c	docs/open_source_research/OSR-20260911-03/evidence/tampered_copy/manifest.json
100644 blob 17b204f8ead5a43c114c5de954df2c575de0b49f	docs/open_source_research/OSR-20260911-03/evidence/use-20260911T063408091434Z/COMPARACAO.md
100644 blob a301eb363998b0554c381b1b04032b4397f35333	docs/open_source_research/OSR-20260911-03/evidence/use-20260911T063408091434Z/after/diagnostic.json
100644 blob edea83d406f38f07dbdfa3b18fe7254a68ad9618	docs/open_source_research/OSR-20260911-03/evidence/use-20260911T063408091434Z/after/manifest.json
100644 blob 532849a116ce92dfe2c5d14a0f292f018b752f9f	docs/open_source_research/OSR-20260911-03/evidence/use-20260911T063408091434Z/before/diagnostic.json
100644 blob 75d8dfc5e62a0c1adc304bd60991541c8b7a9b52	docs/open_source_research/OSR-20260911-03/evidence/use-20260911T063408091434Z/before/manifest.json
100644 blob 1ec783d09aac691b8e77291561e00c85125701c8	docs/open_source_research/OSR-20260911-03/evidence/use-20260911T063408091434Z/comparison.json
100644 blob c8ee6bec782e449dfe696336d31fe2f5c1f100b5	docs/open_source_research/OSR-20260911-03/evidence/use-20260911T063408091434Z/goals.json
100644 blob 2f8f4667a64f59088b19aa76cd0a23516c1739e2	docs/open_source_research/OSR-20260911-03/evidence/use-receipt.json
100644 blob 24dcb71b3eaf8c5afc38b01d951b8eebe3336ac8	docs/open_source_research/OSR-20260911-03/examples/after.json
100644 blob 50e6516e3921fdb57adaf68c07e993f7527bd13a	docs/open_source_research/OSR-20260911-03/examples/before.json
100644 blob 07878b2c37d9b0796cb75d058cb230eaa4068dd2	docs/open_source_research/OSR-20260911-03/examples/goals.json
100644 blob 88155137d682bce3508a8058997faa52e69612d6	docs/open_source_research/OSR-20260911-03/execution_index.json
100644 blob ffde82deff60ab7e9cb75a42d3efe43aecb3572d	docs/open_source_research/OSR-20260911-03/registry.json
100644 blob 2868c65d229defc492a758655e061a818d4acf25	docs/open_source_research/OSR-20260911-03/research/artifacts.py
100644 blob 803484f5fea958ffbef7d1040dbced6359e70161	docs/open_source_research/OSR-20260911-03/research/child_boot.py
100644 blob 6c348d99bf1e69e4f119eed4abb2cb67e8d70b7f	docs/open_source_research/OSR-20260911-03/research/demo.py
100644 blob b483e6b7efd9de6ec767c8a726bf8c757a6fe632	docs/open_source_research/OSR-20260911-03/research/fast_goals.py
100644 blob 28239cedbd6295295843abd807c8ce2daae02d43	docs/open_source_research/OSR-20260911-03/research/goals_demo.py
100644 blob 338b754c54bb0ef33aff1b59ac6515e849b987bd	docs/open_source_research/OSR-20260911-03/research/joint_market.py
100644 blob 619f255ad8dcff05062c81fe8dbf7bf79648ba50	docs/open_source_research/OSR-20260911-03/research/previous_goals.py
100644 blob b049008f1acf6dd33887fef3e5edaabe0287b54c	docs/open_source_research/OSR-20260911-03/research/references/baseline_goal.py
100644 blob 124455bd997eeb9479efeb0ab768d63dd885dc92	docs/open_source_research/OSR-20260911-03/research/references/market_pricer.py
100644 blob b380c660d23652e7f701321a6e9715173a68c5bf	docs/open_source_research/OSR-20260911-03/research/runner.py
100644 blob 040718497d8e78a63eb94ff22874ee4e6b4e7597	docs/open_source_research/OSR-20260911-03/research/strict_math.py
100644 blob 958d8fd4618dcf4b0a53b7d36e4dc1fa5cb49efb	docs/open_source_research/OSR-20260911-03/research/strict_pit.py
100644 blob c7d45b28fb8df18dabc3c22df9118105547476f3	docs/open_source_research/OSR-20260911-03/research/test_goals.py
100644 blob 527868f28cba60dc5cd9161dd1e789d179f4420b	docs/open_source_research/OSR-20260911-03/research/test_market_workflow.py
100644 blob 32238674b85622339cb6c1c02eda38990134fe3b	docs/open_source_research/OSR-20260911-03/research/test_receipts.py
100644 blob d468c2063964c9e10bb3b14cba09604ba172da10	docs/open_source_research/OSR-20260911-03/research/use.py
100644 blob 148df9a742ccad8d6a9b0bdbb97b97e60e78b466	docs/open_source_research/OSR-20260911-03/research/workflow.py
100644 blob e283629a74d15ae565f1612a91edf9704e451463	docs/open_source_research/README.md
100644 blob aa04b5248b4aa5008b0a43a801d26c249cfbb515	docs/open_source_research/mandatos/01_PROMPT_MESTRE.md
100644 blob 0fcc2dc0955d32ef3cd121d3f737e4dbfc8cbdeb	docs/open_source_research/mandatos/02_CONTINUACAO.md
100644 blob 4333ea8ffc0e8f377f31b1762b938d8167e34802	docs/open_source_research/mandatos/03_MANDATO_CONSOLIDADO.md
100644 blob bb9dbfb33a21a253b7ffda0f88c718723f59947b	docs/ou25_v2/AUDITORIA_INTEGRAL_2026-08-28.md
100644 blob f9bc2c0c3fc836fd3e867ec2bc0215727c560164	docs/ou25_v2/ERRATA_OU25_V1.md
100644 blob 51f74f1c32599689fc5950cd2e8e0bc566e6e873	docs/ou25_v2/RELATORIO_ANCORA_MERCADO_OU25.md
100644 blob 0997e683f4416fdc0ad7b10a96a62eba835ec50d	docs/ou25_v2/RELATORIO_AUDITORIA_OU25_V2.md
100644 blob 128fe6b0b013ec1e9d23fc9f520d181bbac300c7	docs/ou25_v2/RELATORIO_OU25_ANUAL_2021_2026.md
100644 blob c14a09d00855d9fb39e016e038ca8e08b637a3c3	docs/ou25_v2/RELATORIO_OU25_REPLAY_ANINHADO.md
100644 blob 84a26f078178cb6ec254538e3d4fed05c905ff09	docs/ou25_v2/RELATORIO_POLITICA_CERTEZA_OU25.md
100644 blob f0d5350bbe72b0bec6064b3cbf1eb824014b8a70	docs/ou25_v2/RELATORIO_RECALIBRACAO_OU25_MANUSCRITO.md
100644 blob f46b1e567d5dbe1c903588805161a499fbadde9d	docs/ou25_v2/RELEASE_VALIDATION_2026-08-27.md
100644 blob 3d1cfd21d140592f963565482947bc71a5161965	docs/research/prospective_repair_v2_20260915.json
100644 blob 55b34e43f8d74394ed073c25a2ddb0404996d9d9	docs/research/prospective_repair_v2_20260915.md
100644 blob 3ee493342362cdc2febaca662333a04c4e129759	dotnet/LineupWorker.Tests/CompletionContractTests.cs
100644 blob 5f566501d1fe859f2d4e32092368bf90ebf3fd47	dotnet/LineupWorker.Tests/FairOddsCorrelationTests.cs
100644 blob f663d36caca14adf453ba232caf04ae966fa0bea	dotnet/LineupWorker.Tests/FairOddsRecoveryTests.cs
100644 blob 057f0e724b021be21ac1f23e2608eeada2fe184a	dotnet/LineupWorker.Tests/KellyMathTests.cs
100644 blob 3d0b741fa826448ea6493827cf7985b3a46e366a	dotnet/LineupWorker.Tests/KernelCrossProcessTests.cs
100644 blob 588df2145b55fd8e738c3af063c0a652fb537171	dotnet/LineupWorker.Tests/KernelInvocationIdentityTests.cs
100644 blob 038eeef9595ffbd6e8c93972efcfc927ffcda72e	dotnet/LineupWorker.Tests/LatencyAuditIntegrityTests.cs
100644 blob 0f44c17276a272ba233f741dcb92b21ab5f1737e	dotnet/LineupWorker.Tests/LatencyOrderingTests.cs
100644 blob 545e4901d8509a20fa023360e112bc6ba5ce9717	dotnet/LineupWorker.Tests/LineupStreamTests.cs
100644 blob 076eb9489cf2211b293856d710ded6a8f9b8c9d7	dotnet/LineupWorker.Tests/LineupWorker.Tests.csproj
100644 blob da9a701501b0621b2d0187ae6b2fd4fd46a019f6	dotnet/LineupWorker.Tests/MarketFeedContractTests.cs
100644 blob 03590f1189f549dda28183a572c95eae33900aae	dotnet/LineupWorker.Tests/ModelBranchTests.cs
100644 blob 906f93ce08ac6678dafbffddfb7e2b8e1d57f276	dotnet/LineupWorker.Tests/OperationalSettingsTests.cs
100644 blob 2f735af39a88f16a15b1d9cec22f6fb457d125f5	dotnet/LineupWorker.Tests/RedisEndpointTests.cs
100644 blob 6acacf621fa18d07643de6bfadb72c6a8badb82e	dotnet/LineupWorker.Tests/RedisProtocolTests.cs
100644 blob 0b8dddaf32a5dcd6cc178d9163afcf8e93f5fc41	dotnet/LineupWorker.Tests/WatchdogRecoveryTests.cs
100644 blob 217b0a4a1efd605a1ad0571cfeb7746bffd229ed	dotnet/LineupWorker.Tests/WorkerHealthTests.cs
100644 blob a39f997e23e2f910d426217f135acac4f567d341	dotnet/LineupWorker.Tests/WorkerInputContractTests.cs
100644 blob 94c9c4be54ab091422dd8e3bb21cc7a8cd08cee9	dotnet/LineupWorker.Tests/WorkerRuntimeFencingTests.cs
100644 blob 4b7906b0fd8f59fe7c031272937428fae96a7217	dotnet/LineupWorker.Tests/WorkerRuntimeTests.cs
100644 blob a63d19f417b0cd91e6956c4d7e5db6a3c35a9e3d	dotnet/LineupWorker/LineupWorker.csproj
100644 blob 2a51ee7b5fd197d9af5a68c99aa059be57ce37bd	dotnet/LineupWorker/Models/KernelContracts.cs
100644 blob b957750ba309f8e7c28de37e8da17e7e682475a4	dotnet/LineupWorker/Models/LatencyRecord.cs
100644 blob 126df9a2971acd52f7f2210ed205f4dd7e635d6c	dotnet/LineupWorker/Models/LineupEvent.cs
100644 blob a434e17cf9afb41ad9bb1772f0d97c7e7db64d44	dotnet/LineupWorker/Models/LineupModelInputs.cs
100644 blob 2202d439c95b08da2262caececa4c673f8cbadfa	dotnet/LineupWorker/OperationalSettings.cs
100644 blob 915b9341650a01f1a7736711ed92333afed46048	dotnet/LineupWorker/Program.cs
100644 blob b9d667649311002d114d70c905b34f4e2d5cb267	dotnet/LineupWorker/Services/KernelRedisProtocolV2.cs
100644 blob a0061e7dfaa6e8cb7a8201a5e17aec857f5b99db	dotnet/LineupWorker/Services/LatencyAuditService.cs
100644 blob aba81902a1a104010aad764a7678ed839a654137	dotnet/LineupWorker/Services/LineupStreamConsumer.cs
100644 blob 5f148e337db3b4ff97a9aabb070bf42a201940ab	dotnet/LineupWorker/Services/MarketOddsCache.cs
100644 blob 32cf5a58323ec117711f8fa0727cbe067246f580	dotnet/LineupWorker/Services/MarketStateEngine.cs
100644 blob 7eae652b6296911d0e5e06f05143b1e69de81798	dotnet/LineupWorker/Services/VorpStateService.cs
100644 blob ca15f3066dd02b0d0fcfccd56a8a0b75a119ec09	dotnet/LineupWorker/Services/WatchdogStateStore.cs
100644 blob 1cc6280ca7fe3f517202f513dcdd91f2360348ff	dotnet/LineupWorker/Services/WorkerHealth.cs
100644 blob 89dc1c2457f3c03a4cc636952ba8498c2a690b57	dotnet/LineupWorker/Worker.cs
100644 blob b55add0d294da918d99e27a3d1b5100a9dfc100a	dotnet/LineupWorker/appsettings.json
100644 blob c4cce0040b6cfc4a6ced6b5b9a2c9df09143a8b4	dotnet/LineupWorker/packages.lock.json
100644 blob 2a74454d8d9ab7f468387bb4997ba1309bb6ef1a	global.json
100644 blob ae3c934777508689dd67018573072fcbccbb1575	jobs.market-research.example.json
100644 blob 284100c9ab86759fd5b5a2933abb7117ea24eca3	poc_oddspapi.py
100644 blob 00341457bf48bfe9187de5607a4a697158364ef6	pyproject.toml
100644 blob ea0a3f689dc7f5f392b1ca6fe15010e31a671822	pytest.ini
100644 blob 872a3e2233fe92eafc30cf7c47d883ff304fde46	reports/benchmark_2026_turnos.json
100644 blob ac78a66a539599ee4de1a00718f9515796ecc829	reports/benchmark_2026_turnos_market_no_vig.json
100644 blob 6bf83e5fed22d0a58bef90b140567e6eff17aa5b	reports/benchmark_baseline_v3_2026-08-20.json
100644 blob fc7f1de1c5ffa9f0d6e5135b8aac2e3dfbef6c11	reports/benchmark_baseline_v4_2026-08-22.json
100644 blob af8cc5938b3b9e2615904c27714a1c3c127d8537	reports/benchmark_h9_frozen_corrected_2021_2024_2026-08-26.json
100644 blob 9e6a8acb4a10d956760941f1cb809259a36e0652	reports/benchmark_serving_market_no_vig_2026-08-22.json
100644 blob 7fb7b77cfe60162c014f0b4438a9da7798b4aff6	reports/benchmark_serving_noxg_2026-08-22.json
100644 blob 264c2e514779b216d9cad9a31609671f6eb5189e	reports/benchmark_serving_v1_2026-08-22.json
100644 blob 06db4c3b0c8c23236ebe1d8031574a6804b6f511	reports/benchmark_serving_v2_corrected_2021_2024_2026-08-26.json
100644 blob d7ae3bf5aebaacfb18dead75bd0b787081369260	reports/benchmark_serving_v2_corrected_2025_diagnostic_2026-08-26.json
100644 blob 805a1ecebc3adc1f851288770f88d896cf775e6a	reports/benchmark_serving_v2_corrected_2026_diagnostic_2026-08-26.json
100644 blob 87bb9b9ee31c79fd5ed6227dd49440747b06c6d6	reports/comparison_serving_v2_minus_v1_2021_2024.json
100644 blob 895f9f5be324c1eb6d824823ca3a8fa727670dfc	reports/error_signature_a02_2021_2023.json
100644 blob ed19da5d2f45502db9ab06480ae438f18675fe57	reports/error_signature_h11_2021_2024.json
100644 blob 2d361ee98e594b80157f20050c5dccffe96017fb	reports/error_signature_h12_xg_on_2021_2024.json
100644 blob dcb656dddd5646e2aba3483a794e63182124ccf2	reports/exp000b_permutation_2026-09-02.json
100644 blob 9afc732dfc14d1c8b033c5cd48bbf16ef8cb8160	reports/exp001_coverage_identity_assessment_2026-09-02.json
100644 blob 8577f0f8508efd5bdac81f3b6a022a6959adcf5c	reports/exp001_feature_pit_audit_2026-09-02.json
100644 blob 6d068dcf89c497bbb965ca92d594494eb452f0a4	reports/exp001_readiness_decision_2026-09-02.json
100644 blob f67c1983cccd2f8fc6c15e61f7d6bc94aa6bfd26	reports/losses_dynamic_strength_2021_2023.json
100644 blob c57247da12ab012547f26ac23fe3ffe5c197bc75	reports/losses_ensemble_xg_on_corrected_2021_2024.json
100644 blob 72bf583b37730a9c7d8024da9d84f706136b4172	reports/losses_h11_refit10_2021_2024.json
100644 blob 23ed9d642834e176a005061bf1e60044a013928c	reports/losses_serving_v1_2021_2024.json
100644 blob 1512f94d132accbdee5a8f0003c473b6be6d9275	reports/losses_serving_v2_2021_2023.json
100644 blob dc6e3bb2065b28a1d70b6ee6c0ca8343f5a65ebc	reports/losses_serving_v2_2021_2024.json
100644 blob 1486d1c826185a59bb092017b9a31398a66ad26e	reports/market02_1x2_validation_2024.json
100644 blob 4b843f6b2f3ba628c343beff269f365f73363853	reports/ou25_paper_capital_2026_08_29/full_round_predictions.json
100644 blob 2f43a41ec09c4551665135b9fe724fbe2d6184a6	reports/ou25_paper_capital_2026_08_29/historical_game_audit_2024_2026.jsonl
100644 blob ac43308aca968032c43b6a3e63dad593ec004780	reports/ou25_paper_capital_2026_08_29/historical_turn_split_2024_2026.json
100644 blob 0c4a2dd097771c97576ee1fe085442cba4bb7964	reports/ou25_paper_capital_2026_08_29/historical_validation_2024_2026.json
100644 blob cf768f6d279511de86b15be174b1fcc97cd6aab7	reports/ou25_paper_capital_2026_08_29/initial_round_ledger.jsonl
100644 blob 7c97d07dbe2ffe121292f80a7c8b19991d14e053	reports/ou25_paper_capital_2026_08_29/manual_round_decisions.jsonl
100644 blob 4491b7f4684f7ce16c33a447ed6ddc95ac97bd44	reports/ou25_paper_capital_2026_08_29/manual_round_settlements.jsonl
100644 blob 1658e12fa5aa8df5b56e836e2271e55c308d96b5	reports/ou25_paper_capital_2026_08_29/preliminary_predictions_2026_08_28.json
100644 blob bd60f34fc3743aad8aa05655107370826910010a	reports/ou25_v2/audit_2026-08-28/manifest.json
100644 blob c072a4fcaca991b5837301ff4120f8a79ef451a0	reports/ou25_v2/ou25_annual_2021_2026/manifest.json
100644 blob e96d2400cbe346dbabffb86caf99b6aa5656d88f	reports/ou25_v2/ou25_annual_2021_2026/ou25_2021.json
100644 blob c23dfb7d0d707a47544e801f8e3186cc4f7f8039	reports/ou25_v2/ou25_annual_2021_2026/ou25_2021_individual_losses.csv
100644 blob 8be1410c2db23b7d9fa7ecc0d7459dc8ba679d12	reports/ou25_v2/ou25_annual_2021_2026/ou25_2022.json
100644 blob 86b4954eec2802163a03777b5edf7744888f890d	reports/ou25_v2/ou25_annual_2021_2026/ou25_2022_individual_losses.csv
100644 blob 81d268dd2611434dbf5c5ba05c12365bc75e1378	reports/ou25_v2/ou25_annual_2021_2026/ou25_2023.json
100644 blob f5ca56a60c98f47d65752fe628fbed4b992c73d4	reports/ou25_v2/ou25_annual_2021_2026/ou25_2023_individual_losses.csv
100644 blob d70c8d6ad8c0cdf77c03c0e3f609206e4368f5ac	reports/ou25_v2/ou25_annual_2021_2026/ou25_2024.json
100644 blob bc2fc5131783ea699861bcb76db51b8d161a83a3	reports/ou25_v2/ou25_annual_2021_2026/ou25_2024_individual_losses.csv
100644 blob a1bade2550925a8f7bcb8cb61074b28d50555f6f	reports/ou25_v2/ou25_annual_2021_2026/ou25_2025.json
100644 blob 87d00f0f6d6f7bebab573f58cc08ad6505f394e7	reports/ou25_v2/ou25_annual_2021_2026/ou25_2025_individual_losses.csv
100644 blob 5dc54f48f7a08ac205ee3f53847f514f4d5188d5	reports/ou25_v2/ou25_annual_2021_2026/ou25_2026.json
100644 blob cbe7871a6cf5dc46725b31cf8be834707b7ec1a0	reports/ou25_v2/ou25_annual_2021_2026/ou25_2026_individual_losses.csv
100644 blob 769290fbb7fa34524a7154c80ac8d9a704b9d7f5	reports/ou25_v2/ou25_annual_2021_2026/summary.json
100644 blob d9212831425c5f88f86da10d0315b0b4ac9742be	reports/ou25_v2/ou25_backfill.sqlite
100644 blob 849900cfc390478542791773da333dbe9e66aec3	reports/ou25_v2/ou25_backfill_manifest.json
100644 blob 1e06fc9cad4eda2f1cb8ff5e11e3725225d33cb5	reports/ou25_v2/ou25_certainty/market_anchored.json
100644 blob a7a02b1088eb213e97c1edbfab56f95bf4888939	reports/ou25_v2/ou25_certainty/sports_model.json
100644 blob 4ab2d2890729aa18a163610e995e265a7f954f9a	reports/ou25_v2/ou25_certainty/summary.json
100644 blob 88205cfbc73ba7dd30569b6c257ca8dba332a922	reports/ou25_v2/ou25_factorial/r100_b190.json
100644 blob 8ab909962f5fe868aa8f6ead921491dce9e2853e	reports/ou25_v2/ou25_factorial/r100_b38.json
100644 blob 2e485969d1df462f14e5416f93287f0ab9fef26e	reports/ou25_v2/ou25_factorial/r100_b95.json
100644 blob eaf671ca2fd1c5cbb35c974a78102fd6996fde5d	reports/ou25_v2/ou25_factorial/r10_b190.json
100644 blob bbdfb4f1560d9bb3f8440c915c5f586dea249b91	reports/ou25_v2/ou25_factorial/r10_b38.json
100644 blob 2dc5e58900ad84293342f35a6a42d682d3a16d47	reports/ou25_v2/ou25_factorial/r10_b95.json
100644 blob 1c05be43c63103898a6e29a88084dac8bfee95b0	reports/ou25_v2/ou25_factorial/r20_b190.json
100644 blob 7db5972a2475c0eb5b7bbd5fe3cc17adeb349050	reports/ou25_v2/ou25_factorial/r20_b38.json
100644 blob db4d8f4a15fd9c42726d7356e644a3d109147fc1	reports/ou25_v2/ou25_factorial/r20_b95.json
100644 blob 9880cbab13035704de13b64ebe684bcd8290d0cf	reports/ou25_v2/ou25_factorial/summary.json
100644 blob bc82fa95023c05a5c25def5b06b5312669ade6f6	reports/ou25_v2/ou25_market_anchor/anchor_report.json
100644 blob 3d558f2b56c09f21172505bfc0c99e001e0938d3	reports/ou25_v2/ou25_market_anchor/nested_replay.json
100644 blob 0015b12e27ad68847ae9b5a1c06134b83887fc23	reports/ou25_v2/ou25_market_anchor/summary.json
100644 blob 53bccce5edf7ae875abc7a542c1ac8c6bed0e60f	reports/ou25_v2/ou25_nested_dixon_coles/frozen_candidate.json
100644 blob 6b849d7064b44d92a7e81d8f2afcdcd2d94ac568	reports/ou25_v2/ou25_nested_dixon_coles/individual_losses.csv
100644 blob ab09de4248f5b7a536a56262c688ce9a0574e82c	reports/ou25_v2/ou25_nested_dixon_coles/manifest.json
100644 blob 62e1230c06be8ebcd0789bf9879159ad36062446	reports/ou25_v2/ou25_nested_dixon_coles/nested_replay.json
100644 blob 7b7d53bb33c8205cff3df9d5f06be2be46fe16a5	reports/ou25_v2/ou25_nested_serving/frozen_candidate.json
100644 blob a06a8efdafd8bd327098b290d493ae7728875b0e	reports/ou25_v2/ou25_nested_serving/individual_losses.csv
100644 blob 42269617097d7cc8a8fddb02759f6d1196496832	reports/ou25_v2/ou25_nested_serving/manifest.json
100644 blob 6d39fa0ec48dee1d632b741d4df49af3ada225d4	reports/ou25_v2/ou25_nested_serving/nested_replay.json
100644 blob 66c937de0784f14c74ddad5276162172381709cf	reports/ou25_v2/ou25_operational_8a3a2415_2026-08-28/frozen_candidate.json
100644 blob 1300b79524205e667892126c396a9f0c037654b9	reports/ou25_v2/ou25_operational_8a3a2415_2026-08-28/individual_losses.csv
100644 blob 961b4d2bdd7d003c39762d366eb571e2593dd908	reports/ou25_v2/ou25_operational_8a3a2415_2026-08-28/manifest.json
100644 blob 1408a6a3be9fbc23738dbdacf2f36b42756a3b63	reports/ou25_v2/ou25_operational_8a3a2415_2026-08-28/nested_replay.json
100644 blob e5c8a351afede18e732d91ed984f2742ffffcaf2	reports/ou25_v2/ou25_operational_8a3a2415_2026-08-28/odds_audit.json
100644 blob de58ba1b078f2a67f99db2ebef49bb1706ce8006	reports/ou25_v2/ou25_operational_8a3a2415_2026-08-28/provenance_audit.json
100644 blob 6917304337131683152a61d04c4101534ab79c5f	reports/permutation_2026-08-22.json
100644 blob b0d647f61b090f224f53f30258a0ed901e155b6e	reports/permutation_serving_2026-08-22.json
100644 blob a5e6ca9d9061de80f3d58326f685b78f19bac942	reports/preservation_audit_2026-09-02.json
100644 blob 1171301bcbf8e5dce0d8931f99c85cd599704fc7	reports/preservation_manifest_2026-09-02.json
100644 blob f3bf149d62f4c80af2d01a448bac5b732cf58b47	reports/replay_round_2026_08_22.json
100644 blob c57a26bdb7e5339fdf10d02d5affc4f52a2cc1bf	reports/research_01a_refit_cadence_2026-08-21.json
100644 blob 40e76162e7d01ada1391b8f4e2a543080fa12bc9	reports/research_xg_ensemble_2026-08-22.json
100644 blob 2047cafd8a477c7ee5bb2792005be08d8abd77fc	reports/track_a02_dynamic_strength_development.json
100644 blob 016f26097e6e1b01f64469e41f4a186d618b09a8	reports/track_a02_dynamic_strength_development_corrected.json
100644 blob 53fdf9afa85d0fc04a0def3df29c3dd767101470	reports/trial_draw_calibration_a10_2024.json
100644 blob 78adf27a688cb3f01573dab37c5e95b85062c6cb	reports/trial_migration_v2_2026-09-02.json
100644 blob bedd8cddbb1cd089c6aa42b16b6bdd11034a1828	research/kimi_market05/MARKET_05_A1_COLLECTOR_SPEC.md
100644 blob ab55bfd953ba8bd6786667b4e6a430f5b9bb3996	research/kimi_market05/PLANO_IMPLEMENTACAO_PIVOT_LUCRO.md
100644 blob 830d388ca24a12b8b13d06ca236728a7a0c3abb0	research/kimi_market05/PROMPT_CODEX_COLETOR_MARKET05.md
100644 blob 61bd700d3b5161e946e2099380c26a29877a42a2	research/kimi_market05/PROMPT_CODEX_L0_VIABILIDADE_LIVE.md
100644 blob 59e7dc29731e37467aecd20b99c8d4a7425a93fd	research/kimi_market05/PROMPT_CODEX_RETESTE_COMPLETO.md
100644 blob 77e4edb1b19230096e08c80991b589b708a77d05	research/kimi_market05/PROMPT_SESSAO_CIENTIFICA_COMPLETA.md
100644 blob fe5131fd64fae527a4fcbf9a964d9219ebb29268	research/kimi_market05/bet_engine/README.md
100644 blob 2ea55c0cdf26474be2bea04fbf58f229a38d49f7	research/kimi_market05/bet_engine/bet_engine.py
100644 blob a6635a170653ebb00b035dcb2324b12860c12521	research/kimi_market05/bet_engine/paper_ledger.py
100644 blob 1b6f903ce4289269bf449cf57639b3beae61d696	research/kimi_market05/bet_engine/test_bet_engine.py
100644 blob 3e25f2e21441efe647ab3850efb140da26ded8af	research/kimi_market05/bet_engine/test_paper_ledger.py
100644 blob b4ad5d2c53bb3504f17e3daff38eb22c03f2ebcb	research/kimi_market05/odds_snapshot_v1.json
100644 blob 48d114404a41d99065258844f4c9beb88bc0e165	research/kimi_market05/poc_oddspapi.py
100644 blob 154ef86fe9788776f9d7addff19f6f41a0379b2c	research/kimi_market05/test_collector_contract.py
100644 blob e300c10a24d1ae54f94f7845a5d66649f6df3a22	scheduler.prospective.example.json
100644 blob 2fb278601f7ef8ec4047a1a421751a42957e3ee5	schemas/odds_snapshot_v1.json
100644 blob 0bae66c88242f63328a56c90d2d8f48ab777a67d	scripts/migration/build_data_archive.py
100644 blob 0bd53baf0ea571009d679e46c9511558914928eb	scripts/migration/verify_archive.py
100644 blob 72b5b5a243496ce7f5e9639e06d6a480b822450e	tests/conftest.py
100644 blob d517cd56adec197d44a56e6ac86d081186c74245	tests/test_a1_phase0.py
100644 blob c0444cbf7d048579de4f1f1ada869fa4bf237bc2	tests/test_a1_recommendation.py
100644 blob 4a9c97fdec83d30bc581f70c8702c0c373046a0d	tests/test_api_football_provider.py
100644 blob 3001170f4f3bc7623148d7fe6ffdab303644e5ed	tests/test_audit_fixes.py
100644 blob cd1bdf996c55e834243ef1e457fd37637eede7b4	tests/test_audit_hardening.py
100644 blob 8c7c0732589de30d10376b7be70a5005288da096	tests/test_backtest_extended.py
100644 blob 566c1bc188356177bed165da18fde87b32ff5617	tests/test_backtest_odds.py
100644 blob 56dc282df7509ee08aaabf7cd8cb88575284ce57	tests/test_backup_restore.py
100644 blob aaa898d672b09ab74ff7ca45971d39edc25cf1c2	tests/test_benchmark_panel_fixes.py
100644 blob c1f4cd6106d3fa5cf57e9d3ba654811c627e1d63	tests/test_bet_id.py
100644 blob e78f6cf6fd066db6ff94a174bc573bee2c17bdcb	tests/test_bet_log.py
100644 blob 66f894176e7cc381d73f51366a760e3f8852cad9	tests/test_bitemporal_store.py
100644 blob a03a98a296917e64e481598205950087e19c42ca	tests/test_bookmaker_odds.py
100644 blob 80f7eb318abc14026a8a932e1a3a8ea7c395e12d	tests/test_bookmaker_stability.py
100644 blob ec988a19d2aa3f8b74440a91158dc5c691038893	tests/test_bootstrap.py
100644 blob aa9793da6667f93e58b613a3cfb159d66f073ed9	tests/test_brasileirao_domain.py
100644 blob 64132f9d09f4cf05471c71772e5fa9e46a19d9ed	tests/test_build_data_archive.py
100644 blob 247572f0054d97f616dd647f8b65a43c23619113	tests/test_bundle_h9_evidence.py
100644 blob d25f8be91ba567ab12ef499772515164f34a7fb6	tests/test_calibration_gate.py
100644 blob 65c59d31a500277b68704bac9c18afe83726d995	tests/test_capture_decision.py
100644 blob a8487862df363411068ca46c36bfea5da0fdb2dc	tests/test_capture_sofascore_event.py
100644 blob 7c558640a5e40cb517fa58c667a657becc540160	tests/test_ci_current_elo_containment.py
100644 blob e3ffb57f9ccfd6112444f8479bd916d99ba0f676	tests/test_ci_dependency_pins.py
100644 blob 4ea60213da4515e142ecd2189b068655f280aebd	tests/test_ci_nao_suja_a_arvore.py
100644 blob 916b08806d0e9cbf0f248a76239b52bc07928e8a	tests/test_closeout_coverage.py
100644 blob fe9e718248b7f76933a9fa6635d5fd2acd4deaf5	tests/test_closeout_integrity.py
100644 blob 7ab781d43df28b7e4197176a46836095e67775aa	tests/test_closeout_research_inputs.py
100644 blob ffd39ff1ddb607a93a4fc8526e48a2008b27c3f4	tests/test_closeout_status.py
100644 blob f6539374dadf2ec9f7bb82ddd90b35b81b103586	tests/test_closing_scenario.py
100644 blob 524ff3a8bc3e1a57878f1da553b9b5fc1bb471fa	tests/test_collection_only_archive.py
100644 blob afeb2fcd355179237db4b57daba8035348974f42	tests/test_collector_contract.py
100644 blob 114f070eef62f16b722693adde4a06eeb3a6e34c	tests/test_compare_hypothesis_errors.py
100644 blob dad6c9700a0ddfcc54b8721852673fc90a7c8daf	tests/test_completion_anchor.py
100644 blob 60fc9f72b9ba582356068f2fd01fa60b13de8f3d	tests/test_completion_compose_init.py
100644 blob 46f04dea7d7ad2c9487d20cbdec45989e74ef4a6	tests/test_completion_event_inputs.py
100644 blob 1141329b0a7cc49df88bb5dee50094edf8bce528	tests/test_completion_ledger.py
100644 blob d9f22a836b096f649a50cf309c69dcc247b0da04	tests/test_completion_math_consumer.py
100644 blob 5395f043bbfe97bcecbdfe9dac16d8fd828a1b67	tests/test_completion_pit_contracts.py
100644 blob 6cc50140c628a4ef303d924bdcc95435825ab933	tests/test_completion_regressions.py
100644 blob b51e1c51b39d62e200d9693d757f7b11f72dfecc	tests/test_completion_serving_storage.py
100644 blob 953b727ba16fb3a804c68eb682302c3469547ed3	tests/test_completion_source_budget.py
100644 blob 89eb787f1f39ceb4f152276238a7ce1b0585da3c	tests/test_contextual_ensemble.py
100644 blob 2c6e1d55dd3cd243b7d2c327d8a7c9efc29da01e	tests/test_core3_harness_contract.py
100644 blob ff0decfb12848d15ee97bb48c07499aeb08161fa	tests/test_core_integrity.py
100644 blob 0193b6a355fc5a2ae0c51a5359e0c45966bf91b4	tests/test_db.py
100644 blob 0790d20188fcb1fc404efbb02545897d04d3f9b0	tests/test_db_extended_odds.py
100644 blob 39f38b6c22705486b74acb5d965c9795cc0f77e6	tests/test_db_readonly.py
100644 blob 8c7a04c1ea15d99bdd4dc4b517377e4c0f269699	tests/test_dixon_coles.py
100644 blob c9e93bc466c4e963e46a84420392568c50620236	tests/test_dixon_coles_fit.py
100644 blob 6915b397922bd490b82af3de7667646332833f06	tests/test_draw_diagnostics.py
100644 blob c4be258f095519e2781a329a225dd18a3799b633	tests/test_dynamic_strength.py
100644 blob ef2869de6c1dccfc0278a2614b3f135433c12755	tests/test_economic_search.py
100644 blob f44b0bf94da3543edb566829656ee8f549acf5a6	tests/test_ecosystem_plugin.py
100644 blob 86334fdfa4ad17a95602980078dc850f2f0e524b	tests/test_elo_baseline.py
100644 blob 2cbd27f6ace82607b9b5f9859bba2b0b5edaab2f	tests/test_elo_baseline_block_guard.py
100644 blob d3e8eaf9ac4a28aa1779319d067bd9ab70e59c4e	tests/test_emit_h9_shadow.py
100644 blob 6929cc013025cba1c36f3257e2f3f6e5e07403e8	tests/test_evaluate_h14_prospective.py
100644 blob e92d86c1caa2fe7acdcc23a03f907fabef210e0e	tests/test_evaluate_h15_prospective.py
100644 blob f250ad9eae86f65de871a68c4bf659b07d0d4722	tests/test_exp001_coverage_audit.py
100644 blob 22b1b1edae85863ada53b4bc7c338c2ed6369dac	tests/test_exp001_cutoff_state_regression.py
100644 blob 96dec6e0822c940bc0a4c4d4781fadd9e40feda2	tests/test_exp001_data_pilot.py
100644 blob dc2809f855cc5dbeeff373e02d14c5f454fcce9d	tests/test_feature_builder.py
100644 blob 9ef67d66787ded709ef4fc6b15dd7de18317f2f3	tests/test_find_odds.py
100644 blob 5e4f94745d66e894efa33589c59133d23e3db815	tests/test_followup_capture_contract.py
100644 blob 94eb68123b088d8f0ec19893c60187c6e6c1a381	tests/test_formal_prediction.py
100644 blob 77b3966f37194855e5153e4eddf068d4cd86bd40	tests/test_h10_fadiga_walkforward.py
100644 blob 0dd1e633429ae69fd68a70dab162ada8b579215c	tests/test_h9_missed_window_exit.py
100644 blob 92258af8b5aec9cfb71fff891603fd153013b1d3	tests/test_h9_shadow.py
100644 blob 116c42dbc21f4da29c70bdd4a358cfee38ea7f14	tests/test_historical_admission.py
100644 blob b8a12f4cae6ca1731c5f5c9d5a709ad7623290f1	tests/test_historical_expansion.py
100644 blob cafb4f32635392830639360e9d58dada2437c355	tests/test_historical_numeric_boundary.py
100644 blob 7537c26bda50db4cadc260ecb9891c5b3956ac7d	tests/test_hostil_2026_07_18.py
100644 blob 110861eab24ec603c3e987031cc6901cd6190672	tests/test_hotpath_cold_start.py
100644 blob 733ece208c33c2f0dfde15bcff40486c049aca62	tests/test_hotpath_smoke.py
100644 blob 277ad46a624247c14bc6356285a2cf65ff0b3afb	tests/test_identity.py
100644 blob d6c1471e566648f7e0cdba2a5b633d85a6910a70	tests/test_info_stake_cap.py
100644 blob 248a756ab27d2b487709b209fbbfff5ebc527acc	tests/test_ingest_typing_boundaries.py
100644 blob 5e91cf2131f91936f197105920c1aada0c30c9e7	tests/test_integral_review_admission.py
100644 blob 8e4665bc2da70dd69390c2735aa79264608197d7	tests/test_integral_review_domain.py
100644 blob 91e00f1a756993885d74a0a9a56dfd7af4ba6f7a	tests/test_integral_review_event_backtest.py
100644 blob 11dc5955337a01bc60c9511a79d947970db9b74f	tests/test_inventario_dados.py
100644 blob fdac591fa11cd79691fc5098f0939dfaa255c1e1	tests/test_kernel_cli_redis.py
100644 blob b9ab2824553790e3858a8f4d00d6e62bd6cff948	tests/test_kernel_protocol.py
100644 blob 06fb524389fdfe23ef9f7db1fb8a396c20fa99f4	tests/test_kernel_runtime.py
100644 blob 3a5814f15b9cf66d9d1c94e11c0acf79b2ea822a	tests/test_kernel_v2_runtime.py
100644 blob 1ac4a9bca608825dc21337ff43850bed605a605b	tests/test_kickoff_block_guard.py
100644 blob f232e16411ba0607effe0e508fc73902465468c7	tests/test_ledger_consistency.py
100644 blob ec8d9d7de7e6d7c0c12aab7ac3aec47fca72dcb7	tests/test_lineup_archive.py
100644 blob 646bb752f94ea398dd85487c53661746d6e3cd38	tests/test_lineup_inbox.py
100644 blob 9a3bef938e9347e38e23cd07aaba248db8ebbe11	tests/test_lineup_inbox_redis.py
100644 blob c35d2ab0b034fdb9612cffd6638cbcffee6d2cc4	tests/test_live_capture_admission.py
100644 blob 9664e56458ebbf7faec3186269143caf43dde11d	tests/test_logic_registry.py
100644 blob 554181493179a6f0bb2433ee0b46a302eb34f3d6	tests/test_market_0b_resolution.py
100644 blob 511f9a90f9a05168da90f796af04ee627b18a675	tests/test_market_anchor.py
100644 blob aa90b8c96c3ce15a91632d859e9780f27fd39ab5	tests/test_market_edge_ordering.py
100644 blob 6f1c87e43e2d60139e5a7770b544524f44750d88	tests/test_market_pricer.py
100644 blob f507743d2d217d70eddd3e7c8f1ea829e98da3f1	tests/test_market_probs_date.py
100644 blob 31269a8e64df987dae0e04d692ba5bca38b70db9	tests/test_market_research_jobs_manifest.py
100644 blob 420003a5f21b7b3d6374e9e7391e28b2c94e2180	tests/test_market_residual.py
100644 blob 0f2394ddcafa7d2c7d8b2a0cbc476bdf8542efcd	tests/test_math.py
100644 blob 5120f040069debcda3b94099739a58ef3771182f	tests/test_missingness_audit.py
100644 blob 978e8ed6e17d9fc3a5b9438650379a16f00a4f3b	tests/test_model.py
100644 blob 56eb8d20b6e5565e08e819147e033d179b5756ca	tests/test_model_xg.py
100644 blob 485c309fd1868421674087323396e4cee495777a	tests/test_odds_api_snapshot.py
100644 blob 0918a02fb07e3906743c083d1c35516a3c9639fe	tests/test_odds_shop_stale.py
100644 blob 38cb003ba412a535e4e948b9f705cfba373e2746	tests/test_odds_source_smoke.py
100644 blob 9e689350f5d7ad646b4c96c1c3fda342e79ed6fb	tests/test_operational_provenance.py
100644 blob 607fd9863cf488264ba9e69524c6dc240f5f1320	tests/test_operational_readiness.py
100644 blob 290802259809f5c33057a968fd746068a5436b3b	tests/test_ou25_annual.py
100644 blob 2fe517e4bbc1aa98bce4c4b0ac808733170b9c4a	tests/test_ou25_certainty.py
100644 blob 4558b712ea850b9ebc484eefd07a0858070a66fb	tests/test_ou25_market_anchor.py
100644 blob 9ba510662fc115e4128bbc37b373f171eba75585	tests/test_ou25_nested_replay.py
100644 blob 71d2a10fbd3935fc5e771154d643276b81866792	tests/test_parse_all_odds.py
100644 blob ca9a7a59167d5e03449bac7dcdbeefba9874d421	tests/test_parse_ou_scope_regression.py
100644 blob 3cd7254be2b3ea224396915c2d4e4b3afde4f684	tests/test_parsers_sofascore.py
100644 blob 718f19471119958ccfc41bc56dc2465bf16c3339	tests/test_permutation_test.py
100644 blob 3b6a40864d62e4247d5236e95972c22887de2cbc	tests/test_persist_h14_prospective.py
100644 blob 2f2569b22b7dd30ce9b49b92cb980b6878b432fc	tests/test_persist_h15_prospective.py
100644 blob 1844e79ae0c27d865995d75be53fd590105ecacd	tests/test_pit_backfill.py
100644 blob e15ee2449f16cd341e9bdfe41a8f5f63510140fb	tests/test_pit_contextual_features.py
100644 blob 7ce82696556c764d9eb2810d88829e5a09e83515	tests/test_pit_features_scaffold.py
100644 blob 47504ad000177d32241917a125db6b130b03593a	tests/test_player_comp_stats_sofascore.py
100644 blob 7a7fc8b4c6cf63cc25bd0cb1566b3eeb0954c1e2	tests/test_predict_cache_freshness.py
100644 blob 0e1d6956d2e4919ba0ec7748b89872207e2613e7	tests/test_prediction_log.py
100644 blob 511e347e1db28ef9179c3cff71de0c06aec3566e	tests/test_prediction_protocol.py
100644 blob 8ddf0352cb3eca55ed5a687a8511411b1383cea3	tests/test_prereg_serving_vs_climatologia.py
100644 blob 2e957e5f49cc28e44f01b9661000e68a97ba42e0	tests/test_price_hurdle.py
100644 blob 2272659d60871090adfbfcc424bb06d930af55a8	tests/test_price_strength_artifacts.py
100644 blob 9898cba69fcd84f87a03c716b839f7cc4462c363	tests/test_price_strength_dynamic_xg.py
100644 blob 65994b5720b4950ff97c449423240c5a15253df6	tests/test_price_strength_quotes.py
100644 blob bc829e00a6cf26dd501711746c6d6eb14999fe44	tests/test_price_strength_reliability.py
100644 blob 898e8b2bcdad5ab9616c23d70a86ae9040de5b76	tests/test_price_strength_review_regressions.py
100644 blob a54f2873916444c9b1da3829196081c9497bd555	tests/test_price_strength_study.py
100644 blob 502b81228fcd36fab842921ded2e3957e05aedc8	tests/test_promoted_cold_start.py
100644 blob 96a8e539c2b5aa750263fef9ad46be6377d0fe3e	tests/test_promotions_dataset.py
100644 blob 53ce25fd1e0abdd5cd78bb3faad80d6fbcf5d9cb	tests/test_prospective_evaluation_guard.py
100644 blob 2a8d9ef8f68bd15bd1f25f000bd8bcffc1a80b44	tests/test_prospective_metrics.py
100644 blob 97ec50112b13c1457c5ddb79721afe95356bc430	tests/test_prospective_protocol_compatibility.py
100644 blob 35c8415cd7acf154ee2d6a84814faefe0dec58cb	tests/test_prospective_protocol_v2.py
100644 blob dd0b5dc95407ee4a53f5bbd6bde3d781081cd253	tests/test_prospective_readiness.py
100644 blob f3fc7bb8c72e608f94183ed12fb9c520dfd332ae	tests/test_prospective_validation_scaffold.py
100644 blob 7c782c021adc3b45eb0e5d5a2633108e8cee942f	tests/test_ratings.py
100644 blob b1b3cef03010ebc5d5c83b8f78f975decb661423	tests/test_reconciliation_gate_contracts.py
100644 blob 84091cadf4e1303d3415a636a415e011534c24cf	tests/test_record_h9_closing_snapshots.py
100644 blob 8ad9988b5ec21e6a54ce4dd23995610391e8473c	tests/test_redis_contract.py
100644 blob 678ba0d3a9935f8110be69cb6aef9858452a342a	tests/test_redis_integration.py
100644 blob 6832a5f579742e272e4a86dd1e93a0243818b467	tests/test_repo_hygiene.py
100644 blob cfd9ba0e6343f16d2598b28c958b5be8ccb38ff5	tests/test_report_h9_execution_quality.py
100644 blob f4e913c2bfda78ef5b527f37408637bc18d10332	tests/test_report_shadow_mode.py
100644 blob f0c2517a955c11717425240eace80099a6e9ce9b	tests/test_research_01a_refit_cadence.py
100644 blob 55b0df761ae6161959c265d7712917d26cf65404	tests/test_research_xg_ensemble.py
100644 blob 8b7e939e4fe3501db226ff85a70da15b0bf6158b	tests/test_residual_artifact_integrity.py
100644 blob e3b894f0d85f3f7a8be84ed4c0327b6e6f57f5a7	tests/test_residual_dataset.py
100644 blob 8d8a9a20be08a4bf02758df448b1b98b19555fdd	tests/test_residual_diagnostics.py
100644 blob b1a2788b108b8b0f745013c813e684b77709faf8	tests/test_residual_features.py
100644 blob bd3062d61e742e6b791eb34b8e19d03a39462983	tests/test_residual_gate.py
100644 blob 6654cf8b3865bfceffa4fb0f728c94473f8e6876	tests/test_residual_walkforward.py
100644 blob 04d8f984ea1efee2d76ad2d5997128afe33229cb	tests/test_resolution_bank.py
100644 blob 9861f262435527fcc90037dc8660c404b4aee371	tests/test_resolution_coverage.py
100644 blob 283cd65402010dcd80ae76ea9fcd207c377618b6	tests/test_resolution_curated_versions.py
100644 blob b0a46564d5101933564eb8a5e92c32ea4eccf151	tests/test_resolution_gate_dependence.py
100644 blob 29e0ac9efee21f3cbcb9617195a1f854b417f7d5	tests/test_resolution_historical_import.py
100644 blob 062e95898a1741e085a7d5e52f5ebf6ad97aa720	tests/test_resolution_kernel_lifecycle.py
100644 blob 084281ec69ec9d8f98f71c7f335a660684d89695	tests/test_resolution_kernel_params.py
100644 blob fed9b4db629b7a5b47147d49dc3a4d217799df0d	tests/test_resolution_lineup_envelopes.py
100644 blob 7712dbaf30599c574732d0e44ba29ac21c52ed9a	tests/test_resolution_live_settlement.py
100644 blob 2fb6020bc96308f7fdbd2e29336f6d77fb38e297	tests/test_resolution_odds_shop.py
100644 blob 8585e8f72252620ebe01f0e851036e902b5b925d	tests/test_resolution_player_stats.py
100644 blob 630cd5d9f08ce1267874b1d1a84a3682217d9d5c	tests/test_resolution_promotions.py
100644 blob 0dc0d758f11e6d12beff2e48aca0d9e8d7c49137	tests/test_resolution_residual_dataset.py
100644 blob 07485628a7453a86343ee9a5cf47e1e29fb7cc85	tests/test_resolution_restore.py
100644 blob 751fdfe1cf50c8b20d504c921b9f423d4b1649c1	tests/test_resolution_structural_edge.py
100644 blob 40c048a26f6fd98e30acb30256c40e848e43a37b	tests/test_resolution_walkforward.py
100644 blob 9a1866378d46e115b2662556bc6a533a2ba3dd59	tests/test_rho_stability.py
100644 blob b7bc49007f0647f5b7bdb45103c7844c6b99cdf5	tests/test_run_passive_process_tree.py
100644 blob 65c99fdabfef0398d74370617995c6e6691e091e	tests/test_run_passive_task.py
100644 blob e62becdee307b1e292240a930a23c0a265ff7c9e	tests/test_season_2026_split.py
100644 blob afa13423c78f2e583072d02c193f1311869e7a07	tests/test_secrets_telemetry.py
100644 blob 6549fd0191ae11a1c2526470d5ccb22feb075f13	tests/test_serving_evaluator.py
100644 blob 24f12ef002322ff36789b0157d418d5b32bd489c	tests/test_settings.py
100644 blob 728adb7c96c57be498f193f4b6bef80011a6ebcf	tests/test_settle.py
100644 blob ecd219cbf38bf0ba7dc7b7fbc34f691f2ec03e25	tests/test_settle_h9_shadow.py
100644 blob 8e3c93ece65fa5e828f5d025c4085db6cf4e3b32	tests/test_settle_live_prediction.py
100644 blob 0c8c7203255c66e6b8ea0a7daadfd6ca52a9043e	tests/test_settlement_input_integrity.py
100644 blob 1212f6c1b5b8654a850b3d2ccbbff2d596b98b39	tests/test_shadow_cohort_evaluator.py
100644 blob 3c7dd0d2f6356ab3a027c16a291e61482254aa57	tests/test_shared_dependencies.py
100644 blob 932654095e6f7d54e94a11f8788e9b947a562d95	tests/test_simulator.py
100644 blob 81fab633afac0eb8149a22c4ade4517cdba843a2	tests/test_simulator_fixes.py
100644 blob 8cd91b01fcdd2e357a844eb470f377f8e0901efd	tests/test_sofascore_cache.py
100644 blob be8e7309362a91cb1d1e3d86197571e15cc19121	tests/test_sofascore_probe.py
100644 blob d48460d38655c93fbb4cd384022038627c287de2	tests/test_sombra_h5.py
100644 blob 3c48d26138d9cb9549fe2df787a7a4be86951e5b	tests/test_sombra_runtime_paths.py
100644 blob 1d139ffc2f79f901f30e6a4125e1bae7add98907	tests/test_source_temporal_regressions.py
100644 blob 9683ae9f03912e2383e656ab3253c583995d2b7e	tests/test_sportmonks_provider.py
100644 blob 925341f02d0de6edaa111d15f74d5f37657b8c31	tests/test_statistics_parser.py
100644 blob 3dd8f3cb1c75b29ce3c236a6ffab36a81f998709	tests/test_structural_edge.py
100644 blob d5b45e74c1ab1fad39eec9af9118a1a025cd3eb7	tests/test_sync_competition_filter.py
100644 blob 0b81b22bf7c68d82a3f95853157193483cfa2456	tests/test_telemetry.py
100644 blob 10963b3a71b8bafb9f482df29222a3d07bb77c7c	tests/test_temporal_policy.py
100644 blob fe76a170cf2e358f939163e9f7cd9a6bac1293f1	tests/test_temporal_replay.py
100644 blob 11617cdfe8cf2aded2fd725aed48e237f57058ff	tests/test_the_odds_api_provider.py
100644 blob d8aaab5dcc43496c6f0c95f7df52aaf63862e0c5	tests/test_trial_provenance_enforcement.py
100644 blob ae9c4fe5c0c36b8a30871368351a0041d6bf561c	tests/test_trials_registry_schema.py
100644 blob d066dfb9f352ff030f724eb0177d5d94db674971	tests/test_update_h9_fixtures.py
100644 blob 5a8b120856b39de86aa0a0da9db20f65b07ee77f	tests/test_walkforward_row_contract.py
100644 blob 2baa1d5328384f64d990491d45e11e08fa401007	tests/test_walkforward_temporal_blocks.py
100644 blob 48b78c48892dbbb253f586dc8e9d3ebd4d84660a	tests/test_windows_scheduler_contract.py
100644 blob 77ab54641398203c4b481112fc78087e091e30ff	tests/test_xg_input_quality.py
100644 blob 547c4b9e6a8209dd7c07b4cccd2340bf7d9b8d9e	tests/test_xg_model.py
100644 blob 17eb173ff2c128cf8bfd8de277c0fd66c5e8708e	tools/export_cain_bundle.py
100644 blob 8655884a933fc5ca541e930437d19e6c73358096	tools/export_cain_status.py
100644 blob 707fc54c4118eeed17c2c5b79cfd36a7d113f836	tools/integration_validation/run.py
100644 blob 3e1fec875cb2d1914bcdbf0c922a562220e22d97	tools/publication_validation/README.md
100644 blob aaaa8cd360385a0e5f7965c4834c06c0b2d46ca7	tools/publication_validation/compose_config.py
100644 blob d543ffd291dbbf3eb0043a7025cd15d82f32ebf9	tools/publication_validation/guard_probes.py
100644 blob 26e9717fc16eae7e6abc677a435f21b4f0b69f70	tools/publication_validation/installed_shadow.py
100644 blob 3f6f904fcac5296de3a8cf29d0a2445df7555742	tools/publication_validation/run.py
100644 blob d051477b94202509ed910e3612ad3c4a6dadce92	tools/publication_validation/scope.json
100644 blob dde79ae2018a1e731be8dfc64707ed9668278512	tools/runtime_lab/README.md
100644 blob d023dfb97caaa7ab13d19d323d61429d5699a954	tools/runtime_lab/kernel_synthetic.py
100644 blob 292d34b080388a9f38f95ddb4148bdfd5fd11264	tools/runtime_lab/lab_guard.py
100644 blob f8c946916a6d985a5a4895d32fad75bd529b993b	tools/runtime_lab/python_tests.py
100644 blob abe529cb2bb89396f0d70124bbf64957a5773d22	tools/runtime_lab/run.py
100644 blob a7d52b1a7ff9492dec7f06ddb8da78ee2408251d	tools/runtime_lab/sitecustomize.py
100644 blob 1ed7d29afd5413b797f1168c26fa77d599745ad1	tools/test_export_cain_bundle.py
100644 blob 2b8bbd516695dd958bf9d29d83a55d873cb14728	tools/test_export_cain_status.py
100644 blob 7ca29bc62487147f2dea0f9e41f868530b717607	uv.lock

$ (cwd=None) git -C C:\QUALIFICACAO\repos\brasileirao-predictor grep -l -i CREATE TABLE HEAD -- *.py
[exit 0]
HEAD:brasileirao_predictor/backtest.py
HEAD:brasileirao_predictor/collector_a1.py
HEAD:brasileirao_predictor/data/bitemporal_store.py
HEAD:brasileirao_predictor/data/historical_expansion.py
HEAD:brasileirao_predictor/data/pit_backfill.py
HEAD:brasileirao_predictor/db.py
HEAD:brasileirao_scripts/import_ou25_historical_backfill.py
HEAD:docs/continuation/migration_source_history_2026-09-08/files/110907e60b9d8b4c__probe_readonly_wal.py
HEAD:docs/continuation/migration_source_history_2026-09-08/files/637a9718711dc99b__test_snapshot_sqlite.py
HEAD:docs/continuation/price_strength_diagnosis_2026-09-07/codigo/tests/test_missingness_audit.py
HEAD:docs/continuation/price_strength_diagnosis_2026-09-07/codigo/tests/test_xg_input_quality.py
HEAD:docs/continuation/repro_2026-09-07/new_split_backtest/test_extract_inputs.py
HEAD:docs/open_source_research/OSR-20260911-02/research/references/baseline_pit.py
HEAD:tests/test_audit_fixes.py
HEAD:tests/test_audit_hardening.py
HEAD:tests/test_backup_restore.py
HEAD:tests/test_capture_sofascore_event.py
HEAD:tests/test_closeout_coverage.py
HEAD:tests/test_closeout_status.py
HEAD:tests/test_completion_math_consumer.py
HEAD:tests/test_completion_pit_contracts.py
HEAD:tests/test_db_extended_odds.py
HEAD:tests/test_feature_builder.py
HEAD:tests/test_historical_expansion.py
HEAD:tests/test_market_probs_date.py
HEAD:tests/test_missingness_audit.py
HEAD:tests/test_operational_provenance.py
HEAD:tests/test_operational_readiness.py
HEAD:tests/test_resolution_curated_versions.py
HEAD:tests/test_resolution_historical_import.py
HEAD:tests/test_resolution_player_stats.py
HEAD:tests/test_resolution_restore.py
HEAD:tests/test_xg_input_quality.py
HEAD:tools/publication_validation/installed_shadow.py

$ (cwd=None) gh api repos/leonardosovienski/brasileirao-predictor/actions/runs?head_sha=e14f3394c1908fae6d2f25754e6ab3a6792dbf1e&per_page=100
[exit 0]
{"total_count":2,"workflow_runs":[{"id":35824710652,"name":"CI Pipeline","node_id":"WFR_kwLOTdWgJ88AAAAIV1Gz_A","head_branch":"main","head_sha":"e14f3394c1908fae6d2f25754e6ab3a6792dbf1e","path":".github/workflows/ci.yml","display_title":"Merge pull request #76 from leonardosovienski/hygiene/HYG-004-uv-locked","run_number":217,"event":"push","status":"completed","conclusion":"success","workflow_id":322729546,"check_suite_id":97001170694,"check_suite_node_id":"CS_kwDOTdWgJ88AAAAWlbhnBg","url":"https://api.github.com/repos/leonardosovienski/brasileirao-predictor/actions/runs/35824710652","html_url":"https://github.com/leonardosovienski/brasileirao-predictor/actions/runs/35824710652","pull_requests":[],"created_at":"2026-09-23T05:59:30Z","updated_at":"2026-09-23T06:03:03Z","actor":{"login":"leonardosovienski","id":86319239,"node_id":"MDQ6VXNlcjg2MzE5MjM5","avatar_url":"https://avatars.githubusercontent.com/u/86319239?v=4","gravatar_id":"","url":"https://api.github.com/users/leonardosovienski","html_url":"https://github.com/leonardosovienski","followers_url":"https://api.github.com/users/leonardosovienski/followers","following_url":"https://api.github.com/users/leonardosovienski/following{/other_user}","gists_url":"https://api.github.com/users/leonardosovienski/gists{/gist_id}","starred_url":"https://api.github.com/users/leonardosovienski/starred{/owner}{/repo}","subscriptions_url":"https://api.github.com/users/leonardosovienski/subscriptions","organizations_url":"https://api.github.com/users/leonardosovienski/orgs","repos_url":"https://api.github.com/users/leonardosovienski/repos","events_url":"https://api.github.com/users/leonardosovienski/events{/privacy}","received_events_url":"https://api.github.com/users/leonardosovienski/received_events","type":"User","user_view_type":"public","site_admin":false},"run_attempt":1,"referenced_workflows":[],"run_started_at":"2026-09-23T05:59:30Z","triggering_actor":{"login":"leonardosovienski","id":86319239,"node_id":"MDQ6VXNlcjg2MzE5MjM5","avatar_url":"https://avatars.githubusercontent.com/u/86319239?v=4","gravatar_id":"","url":"https://api.github.com/users/leonardosovienski","html_url":"https://github.com/leonardosovienski","followers_url":"https://api.github.com/users/leonardosovienski/followers","following_url":"https://api.github.com/users/leonardosovienski/following{/other_user}","gists_url":"https://api.github.com/users/leonardosovienski/gists{/gist_id}","starred_url":"https://api.github.com/users/leonardosovienski/starred{/owner}{/repo}","subscriptions_url":"https://api.github.com/users/leonardosovienski/subscriptions","organizations_url":"https://api.github.com/users/leonardosovienski/orgs","repos_url":"https://api.github.com/users/leonardosovienski/repos","events_url":"https://api.github.com/users/leonardosovienski/events{/privacy}","received_events_url":"https://api.github.com/users/leonardosovienski/received_events","type":"User","user_view_type":"public","site_admin":false},"jobs_url":"https://api.github.com/repos/leonardosovienski/brasileirao-predictor/actions/runs/35824710652/jobs","logs_url":"https://api.github.com/repos/leonardosovienski/brasileirao-predictor/actions/runs/35824710652/logs","check_suite_url":"https://api.github.com/repos/leonardosovienski/brasileirao-predictor/check-suites/97001170694","artifacts_url":"https://api.github.com/repos/leonardosovienski/brasileirao-predictor/actions/runs/35824710652/artifacts","cancel_url":"https://api.github.com/repos/leonardosovienski/brasileirao-predictor/actions/runs/35824710652/cancel","rerun_url":"https://api.github.com/repos/leonardosovienski/brasileirao-predictor/actions/runs/35824710652/rerun","previous_attempt_url":null,"workflow_url":"https://api.github.com/repos/leonardosovienski/brasileirao-predictor/actions/workflows/322729546","head_commit":{"id":"e14f3394c1908fae6d2f25754e6ab3a6792dbf1e","tree_id":"b0031b2607778fb0faa9128285925f2b62f4fc13","message":"Merge pull request #76 from leonardosovienski/hygiene/HYG-004-uv-locked\n\nHYG-004: uv run --locked, smoke da wheel pelo lock; CI verde sem tocar arquivos congelados","timestamp":"2026-09-23T05:59:28Z","author":{"name":"Leonardo Sanches Sovienski","email":"86319239+leonardosovienski@users.noreply.github.com"},"committer":{"name":"GitHub","email":"noreply@github.com"}},"repository":{"id":1305845799,"node_id":"R_kgDOTdWgJw","name":"brasileirao-predictor","full_name":"leonardosovienski/brasileirao-predictor","private":false,"owner":{"login":"leonardosovienski","id":86319239,"node_id":"MDQ6VXNlcjg2MzE5MjM5","avatar_url":"https://avatars.githubusercontent.com/u/86319239?v=4","gravatar_id":"","url":"https://api.github.com/users/leonardosovienski","html_url":"https://github.com/leonardosovienski","followers_url":"https://api.github.com/users/leonardosovienski/followers","following_url":"https://api.github.com/users/leonardosovienski/following{/other_user}","gists_url":"https://api.github.com/users/leonardosovienski/gists{/gist_id}","starred_url":"https://api.github.com/users/leonardosovienski/starred{/owner}{/repo}","subscriptions_url":"https://api.github.com/users/leonardosovienski/subscriptions","organizations_url":"https://api.github.com/users/leonardosovienski/orgs","repos_url":"https://api.github.com/users/leonardosovienski/repos","events_url":"https://api.github.com/users/leonardosovienski/events{/privacy}","received_events_url":"https://api.github.com/users/leonardosovienski/received_events","type":"User","user_view_type":"public","site_admin":false},"html_url":"https://github.com/leonardosovienski/brasileirao-predictor","description":null,"fork":false,"url":"https://api.github.com/repos/leonardosovienski/brasileirao-predictor","forks_url":"https://api.github.com/repos/leonardosovienski/brasileirao-predictor/forks","keys_url":"https://api.github.com/repos/leonardosovienski/brasileirao-predictor/keys{/key_id}","collaborators_url":"https://api.github.com/repos/leonardosovienski/brasileirao-predictor/collaborators{/collaborator}","teams_url":"https://api.github.com/repos/leonardosovienski/brasileirao-predictor/teams","hooks_url":"https://api.github.com/repos/leonardosovienski/brasileirao-predictor/hooks","issue_events_url":"https://api.github.com/repos/leonardosovienski/brasileirao-predictor/issues/events{/number}","events_url":"https://api.github.com/repos/leonardosovienski/brasileirao-predictor/events","assignees_url":"https://api.github.com/repos/leonardosovienski/brasileirao-predictor/assignees{/user}","branches_url":"https://api.github.com/repos/leonardosovienski/brasileirao-predictor/branches{/branch}","tags_url":"https://api.github.com/repos/leonardosovienski/brasileirao-predictor/tags","blobs_url":"https://api.github.com/repos/leonardosovienski/brasileirao-predictor/git/blobs{/sha}","git_tags_url":"https://api.github.com/repos/leonardosovienski/brasileirao-predictor/git/tags{/sha}","git_refs_url":"https://api.github.com/repos/leonardosovienski/brasileirao-predictor/git/refs{/sha}","trees_url":"https://api.github.com/repos/leonardosovienski/brasileirao-predictor/git/trees{/sha}","statuses_url":"https://api.github.com/repos/leonardosovienski/brasileirao-predictor/statuses/{sha}","languages_url":"https://api.github.com/repos/leonardosovienski/brasileirao-predictor/languages","stargazers_url":"https://api.github.com/repos/leonardosovienski/brasileirao-predictor/stargazers","contributors_url":"https://api.github.com/repos/leonardosovienski/brasileirao-predictor/contributors","subscribers_url":"https://api.github.com/repos/leonardosovienski/brasileirao-predictor/subscribers","subscription_url":"https://api.github.com/repos/leonardosovienski/brasileirao-predictor/subscription","commits_url":"https://api.github.com/repos/leonardosovienski/brasileirao-predictor/commits{/sha}","git_commits_url":"https://api.github.com/repos/leonardosovienski/brasileirao-predictor/git/commits{/sha}","comments_url":"https://api.github.com/repos/leonardosovienski/brasileirao-predictor/comments{/number}","issue_comment_url":"https://api.github.com/repos/leonardosovienski/brasileirao-predictor/issues/comments{/number}","contents_url":"https://api.github.com/repos/leonardosovienski/brasileirao-predictor/contents/{+path}","compare_url":"https://api.github.com/repos/leonardosovienski/brasileirao-predictor/compare/{base}...{head}","merges_url":"https://api.github.com/repos/leonardosovienski/brasileirao-predictor/merges","archive_url":"https://api.github.com/repos/leonardosovienski/brasileirao-predictor/{archive_format}{/ref}","downloads_url":"https://api.github.com/repos/leonardosovienski/brasileirao-predictor/downloads","issues_url":"https://api.github.com/repos/leonardosovienski/brasileirao-predictor/issues{/number}","pulls_url":"https://api.github.com/repos/leonardosovienski/brasileirao-predictor/pulls{/number}","milestones_url":"https://api.github.com/repos/leonardosovienski/brasileirao-predictor/milestones{/number}","notifications_url":"https://api.github.com/repos/leonardosovienski/brasileirao-predictor/notifications{?since,all,participating}","labels_url":"https://api.github.com/repos/leonardosovienski/brasileirao-predictor/labels{/name}","releases_url":"https://api.github.com/repos/leonardosovienski/brasileirao-predictor/releases{/id}","deployments_url":"https://api.github.com/repos/leonardosovienski/brasileirao-predictor/deployments"},"head_repository":{"id":1305845799,"node_id":"R_kgDOTdWgJw","name":"brasileirao-predictor","full_name":"leonardosovienski/brasileirao-predictor","private":false,"owner":{"login":"leonardosovienski","id":86319239,"node_id":"MDQ6VXNlcjg2MzE5MjM5","avatar_url":"https://avatars.githubusercontent.com/u/86319239?v=4","gravatar_id":"","url":"https://api.github.com/users/leonardosovienski","html_url":"https://github.com/leonardosovienski","followers_url":"https://api.github.com/users/leonardosovienski/followers","following_url":"https://api.github.com/users/leonardosovienski/following{/other_user}","gists_url":"https://api.github.com/users/leonardosovienski/gists{/gist_id}","starred_url":"https://api.github.com/users/leonardosovienski/starred{/owner}{/repo}","subscriptions_url":"https://api.github.com/users/leonardosovienski/subscriptions","organizations_url":"https://api.github.com/users/leonardosovienski/orgs","repos_url":"https://api.github.com/users/leonardosovienski/repos","events_url":"https://api.github.com/users/leonardosovienski/events{/privacy}","received_events_url":"https://api.github.com/users/leonardosovienski/received_events","type":"User","user_view_type":"public","site_admin":false},"html_url":"https://github.com/leonardosovienski/brasileirao-predictor","description":null,"fork":false,"url":"https://api.github.com/repos/leonardosovienski/brasileirao-predictor","forks_url":"https://api.github.com/repos/leonardosovienski/brasileirao-predictor/forks","keys_url":"https://api.github.com/repos/leonardosovienski/brasileirao-predictor/keys{/key_id}","collaborators_url":"https://api.github.com/repos/leonardosovienski/brasileirao-predictor/collaborators{/collaborator}","teams_url":"https://api.github.com/repos/leonardosovienski/brasileirao-predictor/teams","hooks_url":"https://api.github.com/repos/leonardosovienski/brasileirao-predictor/hooks","issue_events_url":"https://api.github.com/repos/leonardosovienski/brasileirao-predictor/issues/events{/number}","events_url":"https://api.github.com/repos/leonardosovienski/brasileirao-predictor/events","assignees_url":"https://api.github.com/repos/leonardosovienski/brasileirao-predictor/assignees{/user}","branches_url":"https://api.github.com/repos/leonardosovienski/brasileirao-predictor/branches{/branch}","tags_url":"https://api.github.com/repos/leonardosovienski/brasileirao-predictor/tags","blobs_url":"https://api.github.com/repos/leonardosovienski/brasileirao-predictor/git/blobs{/sha}","git_tags_url":"https://api.github.com/repos/leonardosovienski/brasileirao-predictor/git/tags{/sha}","git_refs_url":"https://api.github.com/repos/leonardosovienski/brasileirao-predictor/git/refs{/sha}","trees_url":"https://api.github.com/repos/leonardosovienski/brasileirao-predictor/git/trees{/sha}","statuses_url":"https://api.github.com/repos/leonardosovienski/brasileirao-predictor/statuses/{sha}","languages_url":"https://api.github.com/repos/leonardosovienski/brasileirao-predictor/languages","stargazers_url":"https://api.github.com/repos/leonardosovienski/brasileirao-predictor/stargazers","contributors_url":"https://api.github.com/repos/leonardosovienski/brasileirao-predictor/contributors","subscribers_url":"https://api.github.com/repos/leonardosovienski/brasileirao-predictor/subscribers","subscription_url":"https://api.github.com/repos/leonardosovienski/brasileirao-predictor/subscription","commits_url":"https://api.github.com/repos/leonardosovienski/brasileirao-predictor/commits{/sha}","git_commits_url":"https://api.github.com/repos/leonardosovienski/brasileirao-predictor/git/commits{/sha}","comments_url":"https://api.github.com/repos/leonardosovienski/brasileirao-predictor/comments{/number}","issue_comment_url":"https://api.github.com/repos/leonardosovienski/brasileirao-predictor/issues/comments{/number}","contents_url":"https://api.github.com/repos/leonardosovienski/brasileirao-predictor/contents/{+path}","compare_url":"https://api.github.com/repos/leonardosovienski/brasileirao-predictor/compare/{base}...{head}","merges_url":"https://api.github.com/repos/leonardosovienski/brasileirao-predictor/merges","archive_url":"https://api.github.com/repos/leonardosovienski/brasileirao-predictor/{archive_format}{/ref}","downloads_url":"https://api.github.com/repos/leonardosovienski/brasileirao-predictor/downloads","issues_url":"https://api.github.com/repos/leonardosovienski/brasileirao-predictor/issues{/number}","pulls_url":"https://api.github.com/repos/leonardosovienski/brasileirao-predictor/pulls{/number}","milestones_url":"https://api.github.com/repos/leonardosovienski/brasileirao-predictor/milestones{/number}","notifications_url":"https://api.github.com/repos/leonardosovienski/brasileirao-predictor/notifications{?since,all,participating}","labels_url":"https://api.github.com/repos/leonardosovienski/brasileirao-predictor/labels{/name}","releases_url":"https://api.github.com/repos/leonardosovienski/brasileirao-predictor/releases{/id}","deployments_url":"https://api.github.com/repos/leonardosovienski/brasileirao-predictor/deployments"}},{"id":35824710697,"name":"Scoped synthetic publication validation","node_id":"WFR_kwLOTdWgJ88AAAAIV1G0KQ","head_branch":"main","head_sha":"e14f3394c1908fae6d2f25754e6ab3a6792dbf1e","path":".github/workflows/publication-validation.yml","display_title":"Merge pull request #76 from leonardosovienski/hygiene/HYG-004-uv-locked","run_number":20,"event":"push","status":"completed","conclusion":"success","workflow_id":355362057,"check_suite_id":97001170807,"check_suite_node_id":"CS_kwDOTdWgJ88AAAAWlbhndw","url":"https://api.github.com/repos/leonardosovienski/brasileirao-predictor/actions/runs/35824710697","html_url":"https://github.com/leonardosovienski/brasileirao-predictor/actions/runs/35824710697","pull_requests":[],"created_at":"2026-09-23T05:59:30Z","updated_at":"2026-09-23T06:01:51Z","actor":{"login":"leonardosovienski","id":86319239,"node_id":"MDQ6VXNlcjg2MzE5MjM5","avatar_url":"https://avatars.githubusercontent.com/u/86319239?v=4","gravatar_id":"","url":"https://api.github.com/users/leonardosovienski","html_url":"https://github.com/leonardosovienski","followers_url":"https://api.github.com/users/leonardosovienski/followers","following_url":"https://api.github.com/users/leonardosovienski/following{/other_user}","gists_url":"https://api.github.com/users/leonardosovienski/gists{/gist_id}","starred_url":"https://api.github.com/users/leonardosovienski/starred{/owner}{/repo}","subscriptions_url":"https://api.github.com/users/leonardosovienski/subscriptions","organizations_url":"https://api.github.com/users/leonardosovienski/orgs","repos_url":"https://api.github.com/users/leonardosovienski/repos","events_url":"https://api.github.com/users/leonardosovienski/events{/privacy}","received_events_url":"https://api.github.com/users/leonardosovienski/received_events","type":"User","user_view_type":"public","site_admin":false},"run_attempt":1,"referenced_workflows":[],"run_started_at":"2026-09-23T05:59:30Z","triggering_actor":{"login":"leonardosovienski","id":86319239,"node_id":"MDQ6VXNlcjg2MzE5MjM5","avatar_url":"https://avatars.githubusercontent.com/u/86319239?v=4","gravatar_id":"","url":"https://api.github.com/users/leonardosovienski","html_url":"https://github.com/leonardosovienski","followers_url":"https://api.github.com/users/leonardosovienski/followers","following_url":"https://api.github.com/users/leonardosovienski/following{/other_user}","gists_url":"https://api.github.com/users/leonardosovienski/gists{/gist_id}","starred_url":"https://api.github.com/users/leonardosovienski/starred{/owner}{/repo}","subscriptions_url":"https://api.github.com/users/leonardosovienski/subscriptions","organizations_url":"https://api.github.com/users/leonardosovienski/orgs","repos_url":"https://api.github.com/users/leonardosovienski/repos","events_url":"https://api.github.com/users/leonardosovienski/events{/privacy}","received_events_url":"https://api.github.com/users/leonardosovienski/received_events","type":"User","user_view_type":"public","site_admin":false},"jobs_url":"https://api.github.com/repos/leonardosovienski/brasileirao-predictor/actions/runs/35824710697/jobs","logs_url":"https://api.github.com/repos/leonardosovienski/brasileirao-predictor/actions/runs/35824710697/logs","check_suite_url":"https://api.github.com/repos/leonardosovienski/brasileirao-predictor/check-suites/97001170807","artifacts_url":"https://api.github.com/repos/leonardosovienski/brasileirao-predictor/actions/runs/35824710697/artifacts","cancel_url":"https://api.github.com/repos/leonardosovienski/brasileirao-predictor/actions/runs/35824710697/cancel","rerun_url":"https://api.github.com/repos/leonardosovienski/brasileirao-predictor/actions/runs/35824710697/rerun","previous_attempt_url":null,"workflow_url":"https://api.github.com/repos/leonardosovienski/brasileirao-predictor/actions/workflows/355362057","head_commit":{"id":"e14f3394c1908fae6d2f25754e6ab3a6792dbf1e","tree_id":"b0031b2607778fb0faa9128285925f2b62f4fc13","message":"Merge pull request #76 from leonardosovienski/hygiene/HYG-004-uv-locked\n\nHYG-004: uv run --locked, smoke da wheel pelo lock; CI verde sem tocar arquivos congelados","timestamp":"2026-09-23T05:59:28Z","author":{"name":"Leonardo Sanches Sovienski","email":"86319239+leonardosovienski@users.noreply.github.com"},"committer":{"name":"GitHub","email":"noreply@github.com"}},"repository":{"id":1305845799,"node_id":"R_kgDOTdWgJw","name":"brasileirao-predictor","full_name":"leonardosovienski/brasileirao-predictor","private":false,"owner":{"login":"leonardosovienski","id":86319239,"node_id":"MDQ6VXNlcjg2MzE5MjM5","avatar_url":"https://avatars.githubusercontent.com/u/86319239?v=4","gravatar_id":"","url":"https://api.github.com/users/leonardosovienski","html_url":"https://github.com/leonardosovienski","followers_url":"https://api.github.com/users/leonardosovienski/followers","following_url":"https://api.github.com/users/leonardosovienski/following{/other_user}","gists_url":"https://api.github.com/users/leonardosovienski/gists{/gist_id}","starred_url":"https://api.github.com/users/leonardosovienski/starred{/owner}{/repo}","subscriptions_url":"https://api.github.com/users/leonardosovienski/subscriptions","organizations_url":"https://api.github.com/users/leonardosovienski/orgs","repos_url":"https://api.github.com/users/leonardosovienski/repos","events_url":"https://api.github.com/users/leonardosovienski/events{/privacy}","received_events_url":"https://api.github.com/users/leonardosovienski/received_events","type":"User","user_view_type":"public","site_admin":false},"html_url":"https://github.com/leonardosovienski/brasileirao-predictor","description":null,"fork":false,"url":"https://api.github.com/repos/leonardosovienski/brasileirao-predictor","forks_url":"https://api.github.com/repos/leonardosovienski/brasileirao-predictor/forks","keys_url":"https://api.github.com/repos/leonardosovienski/brasileirao-predictor/keys{/key_id}","collaborators_url":"https://api.github.com/repos/leonardosovienski/brasileirao-predictor/collaborators{/collaborator}","teams_url":"https://api.github.com/repos/leonardosovienski/brasileirao-predictor/teams","hooks_url":"https://api.github.com/repos/leonardosovienski/brasileirao-predictor/hooks","issue_events_url":"https://api.github.com/repos/leonardosovienski/brasileirao-predictor/issues/events{/number}","events_url":"https://api.github.com/repos/leonardosovienski/brasileirao-predictor/events","assignees_url":"https://api.github.com/repos/leonardosovienski/brasileirao-predictor/assignees{/user}","branches_url":"https://api.github.com/repos/leonardosovienski/brasileirao-predictor/branches{/branch}","tags_url":"https://api.github.com/repos/leonardosovienski/brasileirao-predictor/tags","blobs_url":"https://api.github.com/repos/leonardosovienski/brasileirao-predictor/git/blobs{/sha}","git_tags_url":"https://api.github.com/repos/leonardosovienski/brasileirao-predictor/git/tags{/sha}","git_refs_url":"https://api.github.com/repos/leonardosovienski/brasileirao-predictor/git/refs{/sha}","trees_url":"https://api.github.com/repos/leonardosovienski/brasileirao-predictor/git/trees{/sha}","statuses_url":"https://api.github.com/repos/leonardosovienski/brasileirao-predictor/statuses/{sha}","languages_url":"https://api.github.com/repos/leonardosovienski/brasileirao-predictor/languages","stargazers_url":"https://api.github.com/repos/leonardosovienski/brasileirao-predictor/stargazers","contributors_url":"https://api.github.com/repos/leonardosovienski/brasileirao-predictor/contributors","subscribers_url":"https://api.github.com/repos/leonardosovienski/brasileirao-predictor/subscribers","subscription_url":"https://api.github.com/repos/leonardosovienski/brasileirao-predictor/subscription","commits_url":"https://api.github.com/repos/leonardosovienski/brasileirao-predictor/commits{/sha}","git_commits_url":"https://api.github.com/repos/leonardosovienski/brasileirao-predictor/git/commits{/sha}","comments_url":"https://api.github.com/repos/leonardosovienski/brasileirao-predictor/comments{/number}","issue_comment_url":"https://api.github.com/repos/leonardosovienski/brasileirao-predictor/issues/comments{/number}","contents_url":"https://api.github.com/repos/leonardosovienski/brasileirao-predictor/contents/{+path}","compare_url":"https://api.github.com/repos/leonardosovienski/brasileirao-predictor/compare/{base}...{head}","merges_url":"https://api.github.com/repos/leonardosovienski/brasileirao-predictor/merges","archive_url":"https://api.github.com/repos/leonardosovienski/brasileirao-predictor/{archive_format}{/ref}","downloads_url":"https://api.github.com/repos/leonardosovienski/brasileirao-predictor/downloads","issues_url":"https://api.github.com/repos/leonardosovienski/brasileirao-predictor/issues{/number}","pulls_url":"https://api.github.com/repos/leonardosovienski/brasileirao-predictor/pulls{/number}","milestones_url":"https://api.github.com/repos/leonardosovienski/brasileirao-predictor/milestones{/number}","notifications_url":"https://api.github.com/repos/leonardosovienski/brasileirao-predictor/notifications{?since,all,participating}","labels_url":"https://api.github.com/repos/leonardosovienski/brasileirao-predictor/labels{/name}","releases_url":"https://api.github.com/repos/leonardosovienski/brasileirao-predictor/releases{/id}","deployments_url":"https://api.github.com/repos/leonardosovienski/brasileirao-predictor/deployments"},"head_repository":{"id":1305845799,"node_id":"R_kgDOTdWgJw","name":"brasileirao-predictor","full_name":"leonardosovienski/brasileirao-predictor","private":false,"owner":{"login":"leonardosovienski","id":86319239,"node_id":"MDQ6VXNlcjg2MzE5MjM5","avatar_url":"https://avatars.githubusercontent.com/u/86319239?v=4","gravatar_id":"","url":"https://api.github.com/users/leonardosovienski","html_url":"https://github.com/leonardosovienski","followers_url":"https://api.github.com/users/leonardosovienski/followers","following_url":"https://api.github.com/users/leonardosovienski/following{/other_user}","gists_url":"https://api.github.com/users/leonardosovienski/gists{/gist_id}","starred_url":"https://api.github.com/users/leonardosovienski/starred{/owner}{/repo}","subscriptions_url":"https://api.github.com/users/leonardosovienski/subscriptions","organizations_url":"https://api.github.com/users/leonardosovienski/orgs","repos_url":"https://api.github.com/users/leonardosovienski/repos","events_url":"https://api.github.com/users/leonardosovienski/events{/privacy}","received_events_url":"https://api.github.com/users/leonardosovienski/received_events","type":"User","user_view_type":"public","site_admin":false},"html_url":"https://github.com/leonardosovienski/brasileirao-predictor","description":null,"fork":false,"url":"https://api.github.com/repos/leonardosovienski/brasileirao-predictor","forks_url":"https://api.github.com/repos/leonardosovienski/brasileirao-predictor/forks","keys_url":"https://api.github.com/repos/leonardosovienski/brasileirao-predictor/keys{/key_id}","collaborators_url":"https://api.github.com/repos/leonardosovienski/brasileirao-predictor/collaborators{/collaborator}","teams_url":"https://api.github.com/repos/leonardosovienski/brasileirao-predictor/teams","hooks_url":"https://api.github.com/repos/leonardosovienski/brasileirao-predictor/hooks","issue_events_url":"https://api.github.com/repos/leonardosovienski/brasileirao-predictor/issues/events{/number}","events_url":"https://api.github.com/repos/leonardosovienski/brasileirao-predictor/events","assignees_url":"https://api.github.com/repos/leonardosovienski/brasileirao-predictor/assignees{/user}","branches_url":"https://api.github.com/repos/leonardosovienski/brasileirao-predictor/branches{/branch}","tags_url":"https://api.github.com/repos/leonardosovienski/brasileirao-predictor/tags","blobs_url":"https://api.github.com/repos/leonardosovienski/brasileirao-predictor/git/blobs{/sha}","git_tags_url":"https://api.github.com/repos/leonardosovienski/brasileirao-predictor/git/tags{/sha}","git_refs_url":"https://api.github.com/repos/leonardosovienski/brasileirao-predictor/git/refs{/sha}","trees_url":"https://api.github.com/repos/leonardosovienski/brasileirao-predictor/git/trees{/sha}","statuses_url":"https://api.github.com/repos/leonardosovienski/brasileirao-predictor/statuses/{sha}","languages_url":"https://api.github.com/repos/leonardosovienski/brasileirao-predictor/languages","stargazers_url":"https://api.github.com/repos/leonardosovienski/brasileirao-predictor/stargazers","contributors_url":"https://api.github.com/repos/leonardosovienski/brasileirao-predictor/contributors","subscribers_url":"https://api.github.com/repos/leonardosovienski/brasileirao-predictor/subscribers","subscription_url":"https://api.github.com/repos/leonardosovienski/brasileirao-predictor/subscription","commits_url":"https://api.github.com/repos/leonardosovienski/brasileirao-predictor/commits{/sha}","git_commits_url":"https://api.github.com/repos/leonardosovienski/brasileirao-predictor/git/commits{/sha}","comments_url":"https://api.github.com/repos/leonardosovienski/brasileirao-predictor/comments{/number}","issue_comment_url":"https://api.github.com/repos/leonardosovienski/brasileirao-predictor/issues/comments{/number}","contents_url":"https://api.github.com/repos/leonardosovienski/brasileirao-predictor/contents/{+path}","compare_url":"https://api.github.com/repos/leonardosovienski/brasileirao-predictor/compare/{base}...{head}","merges_url":"https://api.github.com/repos/leonardosovienski/brasileirao-predictor/merges","archive_url":"https://api.github.com/repos/leonardosovienski/brasileirao-predictor/{archive_format}{/ref}","downloads_url":"https://api.github.com/repos/leonardosovienski/brasileirao-predictor/downloads","issues_url":"https://api.github.com/repos/leonardosovienski/brasileirao-predictor/issues{/number}","pulls_url":"https://api.github.com/repos/leonardosovienski/brasileirao-predictor/pulls{/number}","milestones_url":"https://api.github.com/repos/leonardosovienski/brasileirao-predictor/milestones{/number}","notifications_url":"https://api.github.com/repos/leonardosovienski/brasileirao-predictor/notifications{?since,all,participating}","labels_url":"https://api.github.com/repos/leonardosovienski/brasileirao-predictor/labels{/name}","releases_url":"https://api.github.com/repos/leonardosovienski/brasileirao-predictor/releases{/id}","deployments_url":"https://api.github.com/repos/leonardosovienski/brasileirao-predictor/deployments"}}]}
$ (cwd=None) gh api repos/leonardosovienski/brasileirao-predictor/releases?per_page=100
[exit 0]
[{"url":"https://api.github.com/repos/leonardosovienski/brasileirao-predictor/releases/387238142","assets_url":"https://api.github.com/repos/leonardosovienski/brasileirao-predictor/releases/387238142/assets","upload_url":"https://uploads.github.com/repos/leonardosovienski/brasileirao-predictor/releases/387238142/assets{?name,label}","html_url":"https://github.com/leonardosovienski/brasileirao-predictor/releases/tag/v0.2.0","id":387238142,"author":{"login":"leonardosovienski","id":86319239,"node_id":"MDQ6VXNlcjg2MzE5MjM5","avatar_url":"https://avatars.githubusercontent.com/u/86319239?v=4","gravatar_id":"","url":"https://api.github.com/users/leonardosovienski","html_url":"https://github.com/leonardosovienski","followers_url":"https://api.github.com/users/leonardosovienski/followers","following_url":"https://api.github.com/users/leonardosovienski/following{/other_user}","gists_url":"https://api.github.com/users/leonardosovienski/gists{/gist_id}","starred_url":"https://api.github.com/users/leonardosovienski/starred{/owner}{/repo}","subscriptions_url":"https://api.github.com/users/leonardosovienski/subscriptions","organizations_url":"https://api.github.com/users/leonardosovienski/orgs","repos_url":"https://api.github.com/users/leonardosovienski/repos","events_url":"https://api.github.com/users/leonardosovienski/events{/privacy}","received_events_url":"https://api.github.com/users/leonardosovienski/received_events","type":"User","user_view_type":"public","site_admin":false},"node_id":"RE_kwDOTdWgJ84XFMj-","tag_name":"v0.2.0","target_commitish":"4dbd35332344000d116ea2ac56903c77e73f9aa2","name":"v0.2.0","draft":false,"immutable":false,"prerelease":false,"created_at":"2026-09-11T17:51:27Z","updated_at":"2026-09-11T18:01:00Z","published_at":"2026-09-11T18:00:53Z","assets":[{"url":"https://api.github.com/repos/leonardosovienski/brasileirao-predictor/releases/assets/557736537","id":557736537,"node_id":"RA_kwDOTdWgJ84hPmJZ","name":"brasileirao_predictor-0.2.0-py3-none-any.whl","label":"","uploader":{"login":"leonardosovienski","id":86319239,"node_id":"MDQ6VXNlcjg2MzE5MjM5","avatar_url":"https://avatars.githubusercontent.com/u/86319239?v=4","gravatar_id":"","url":"https://api.github.com/users/leonardosovienski","html_url":"https://github.com/leonardosovienski","followers_url":"https://api.github.com/users/leonardosovienski/followers","following_url":"https://api.github.com/users/leonardosovienski/following{/other_user}","gists_url":"https://api.github.com/users/leonardosovienski/gists{/gist_id}","starred_url":"https://api.github.com/users/leonardosovienski/starred{/owner}{/repo}","subscriptions_url":"https://api.github.com/users/leonardosovienski/subscriptions","organizations_url":"https://api.github.com/users/leonardosovienski/orgs","repos_url":"https://api.github.com/users/leonardosovienski/repos","events_url":"https://api.github.com/users/leonardosovienski/events{/privacy}","received_events_url":"https://api.github.com/users/leonardosovienski/received_events","type":"User","user_view_type":"public","site_admin":false},"content_type":"application/octet-stream","state":"uploaded","size":645089,"digest":"sha256:2a862b4cb955e7e5fc32162248bb306ddcc5519d5fb715c520665082d98e0e4d","download_count":119,"created_at":"2026-09-11T18:00:53Z","updated_at":"2026-09-11T18:00:54Z","browser_download_url":"https://github.com/leonardosovienski/brasileirao-predictor/releases/download/v0.2.0/brasileirao_predictor-0.2.0-py3-none-any.whl"},{"url":"https://api.github.com/repos/leonardosovienski/brasileirao-predictor/releases/assets/557736580","id":557736580,"node_id":"RA_kwDOTdWgJ84hPmKE","name":"brasileirao_predictor-0.2.0.tar.gz","label":"","uploader":{"login":"leonardosovienski","id":86319239,"node_id":"MDQ6VXNlcjg2MzE5MjM5","avatar_url":"https://avatars.githubusercontent.com/u/86319239?v=4","gravatar_id":"","url":"https://api.github.com/users/leonardosovienski","html_url":"https://github.com/leonardosovienski","followers_url":"https://api.github.com/users/leonardosovienski/followers","following_url":"https://api.github.com/users/leonardosovienski/following{/other_user}","gists_url":"https://api.github.com/users/leonardosovienski/gists{/gist_id}","starred_url":"https://api.github.com/users/leonardosovienski/starred{/owner}{/repo}","subscriptions_url":"https://api.github.com/users/leonardosovienski/subscriptions","organizations_url":"https://api.github.com/users/leonardosovienski/orgs","repos_url":"https://api.github.com/users/leonardosovienski/repos","events_url":"https://api.github.com/users/leonardosovienski/events{/privacy}","received_events_url":"https://api.github.com/users/leonardosovienski/received_events","type":"User","user_view_type":"public","site_admin":false},"content_type":"application/octet-stream","state":"uploaded","size":10644994,"digest":"sha256:fe10fa25c37ffbe7c2778d86c739155eb6824a434f6d046e5aebf9c4c2c2ccd5","download_count":2,"created_at":"2026-09-11T18:00:54Z","updated_at":"2026-09-11T18:00:59Z","browser_download_url":"https://github.com/leonardosovienski/brasileirao-predictor/releases/download/v0.2.0/brasileirao_predictor-0.2.0.tar.gz"},{"url":"https://api.github.com/repos/leonardosovienski/brasileirao-predictor/releases/assets/557736679","id":557736679,"node_id":"RA_kwDOTdWgJ84hPmLn","name":"SHA256SUMS.txt","label":"","uploader":{"login":"leonardosovienski","id":86319239,"node_id":"MDQ6VXNlcjg2MzE5MjM5","avatar_url":"https://avatars.githubusercontent.com/u/86319239?v=4","gravatar_id":"","url":"https://api.github.com/users/leonardosovienski","html_url":"https://github.com/leonardosovienski","followers_url":"https://api.github.com/users/leonardosovienski/followers","following_url":"https://api.github.com/users/leonardosovienski/following{/other_user}","gists_url":"https://api.github.com/users/leonardosovienski/gists{/gist_id}","starred_url":"https://api.github.com/users/leonardosovienski/starred{/owner}{/repo}","subscriptions_url":"https://api.github.com/users/leonardosovienski/subscriptions","organizations_url":"https://api.github.com/users/leonardosovienski/orgs","repos_url":"https://api.github.com/users/leonardosovienski/repos","events_url":"https://api.github.com/users/leonardosovienski/events{/privacy}","received_events_url":"https://api.github.com/users/leonardosovienski/received_events","type":"User","user_view_type":"public","site_admin":false},"content_type":"application/octet-stream","state":"uploaded","size":214,"digest":"sha256:b39cc87c8363882b7e73021351f2d32ed19a5c128ddb57722ad520d18551a78e","download_count":1,"created_at":"2026-09-11T18:01:00Z","updated_at":"2026-09-11T18:01:00Z","browser_download_url":"https://github.com/leonardosovienski/brasileirao-predictor/releases/download/v0.2.0/SHA256SUMS.txt"}],"tarball_url":"https://api.github.com/repos/leonardosovienski/brasileirao-predictor/tarball/v0.2.0","zipball_url":"https://api.github.com/repos/leonardosovienski/brasileirao-predictor/zipball/v0.2.0","body":"Implementação da revisão arquitetural de 2026-09-11, com distribuições independentes e contratos explícitos.\n\nFonte: `4dbd35332344000d116ea2ac56903c77e73f9aa2`. Artefatos obtidos da [CI aprovada](https://github.com/leonardosovienski/brasileirao-predictor/actions/runs/34630041002); hashes em SHA256SUMS.txt.\n\nValidação de engenharia com fixtures e ambientes isolados. Estados científicos, evidências históricas e permissões de capital permanecem sob autoridade dos domínios. Esta release não reemite atestados científicos nem inicia operações financeiras.\n\nMigração e rollback: consultar ARCHITECTURE_IMPLEMENTATION.md no repositório. Preservar dados e recibos ao trocar pacotes; parar runners antigos antes de adotar Ops 4.2 no mesmo runtime root.\n"}]
$ (cwd=None) gh api repos/leonardosovienski/brasileirao-predictor/git/ref/tags/v0.2.0
[exit 0]
{"ref":"refs/tags/v0.2.0","node_id":"REF_kwDOTdWgJ7ByZWZzL3RhZ3MvdjAuMi4w","url":"https://api.github.com/repos/leonardosovienski/brasileirao-predictor/git/refs/tags/v0.2.0","object":{"sha":"4dbd35332344000d116ea2ac56903c77e73f9aa2","type":"commit","url":"https://api.github.com/repos/leonardosovienski/brasileirao-predictor/git/commits/4dbd35332344000d116ea2ac56903c77e73f9aa2"}}
$ (cwd=None) git -C C:\QUALIFICACAO\repos\brasileirao-predictor diff --name-only 4dbd35332344000d116ea2ac56903c77e73f9aa2 e14f3394c1908fae6d2f25754e6ab3a6792dbf1e -- brasileirao_predictor brasileirao_scripts
[exit 0]
brasileirao_predictor/settle.py
brasileirao_scripts/backtest_walkforward.py
brasileirao_scripts/evaluate_h14_prospective.py
brasileirao_scripts/evaluate_h15_prospective.py
brasileirao_scripts/prospective_metrics.py
brasileirao_scripts/prospective_protocol_v2.py

$ (cwd=None) git -C C:\QUALIFICACAO\repos\core-predictor status --porcelain --untracked-files=all
[exit 0]

$ (cwd=None) git -C C:\QUALIFICACAO\repos\core-predictor branch --format=%(refname:short)
[exit 0]
main

$ (cwd=None) git -C C:\QUALIFICACAO\repos\predictor-ops status --porcelain --untracked-files=all
[exit 0]

$ (cwd=None) git -C C:\QUALIFICACAO\repos\predictor-ops branch --format=%(refname:short)
[exit 0]
main

$ (cwd=None) git -C C:\QUALIFICACAO\repos\brasileirao-predictor status --porcelain --untracked-files=all
[exit 0]

$ (cwd=None) git -C C:\QUALIFICACAO\repos\brasileirao-predictor branch --format=%(refname:short)
[exit 0]
hygiene/HYG-004-uv-locked
hygiene/HYG-015-retire-v1-workflows
main

$ (cwd=None) uv --version
[exit 0]
uv 0.12.18 (01cb90c1a 2026-09-22 x86_64-pc-windows-msvc)

$ (cwd=None) gh api repos/leonardosovienski/core-predictor/releases/tags/v3.2.1
[exit 0]
{"url":"https://api.github.com/repos/leonardosovienski/core-predictor/releases/387220099","assets_url":"https://api.github.com/repos/leonardosovienski/core-predictor/releases/387220099/assets","upload_url":"https://uploads.github.com/repos/leonardosovienski/core-predictor/releases/387220099/assets{?name,label}","html_url":"https://github.com/leonardosovienski/core-predictor/releases/tag/v3.2.1","id":387220099,"author":{"login":"github-actions[bot]","id":41898282,"node_id":"MDM6Qm90NDE4OTgyODI=","avatar_url":"https://avatars.githubusercontent.com/in/15368?v=4","gravatar_id":"","url":"https://api.github.com/users/github-actions%5Bbot%5D","html_url":"https://github.com/apps/github-actions","followers_url":"https://api.github.com/users/github-actions%5Bbot%5D/followers","following_url":"https://api.github.com/users/github-actions%5Bbot%5D/following{/other_user}","gists_url":"https://api.github.com/users/github-actions%5Bbot%5D/gists{/gist_id}","starred_url":"https://api.github.com/users/github-actions%5Bbot%5D/starred{/owner}{/repo}","subscriptions_url":"https://api.github.com/users/github-actions%5Bbot%5D/subscriptions","organizations_url":"https://api.github.com/users/github-actions%5Bbot%5D/orgs","repos_url":"https://api.github.com/users/github-actions%5Bbot%5D/repos","events_url":"https://api.github.com/users/github-actions%5Bbot%5D/events{/privacy}","received_events_url":"https://api.github.com/users/github-actions%5Bbot%5D/received_events","type":"Bot","user_view_type":"public","site_admin":false},"node_id":"RE_kwDOTAqQF84XFIKD","tag_name":"v3.2.1","target_commitish":"main","name":"v3.2.1","draft":false,"immutable":false,"prerelease":false,"created_at":"2026-09-11T17:22:41Z","updated_at":"2026-09-11T17:28:11Z","published_at":"2026-09-11T17:28:11Z","assets":[{"url":"https://api.github.com/repos/leonardosovienski/core-predictor/releases/assets/557688551","id":557688551,"node_id":"RA_kwDOTAqQF84hPabn","name":"predictor_core-3.2.1-py3-none-any.whl","label":"","uploader":{"login":"github-actions[bot]","id":41898282,"node_id":"MDM6Qm90NDE4OTgyODI=","avatar_url":"https://avatars.githubusercontent.com/in/15368?v=4","gravatar_id":"","url":"https://api.github.com/users/github-actions%5Bbot%5D","html_url":"https://github.com/apps/github-actions","followers_url":"https://api.github.com/users/github-actions%5Bbot%5D/followers","following_url":"https://api.github.com/users/github-actions%5Bbot%5D/following{/other_user}","gists_url":"https://api.github.com/users/github-actions%5Bbot%5D/gists{/gist_id}","starred_url":"https://api.github.com/users/github-actions%5Bbot%5D/starred{/owner}{/repo}","subscriptions_url":"https://api.github.com/users/github-actions%5Bbot%5D/subscriptions","organizations_url":"https://api.github.com/users/github-actions%5Bbot%5D/orgs","repos_url":"https://api.github.com/users/github-actions%5Bbot%5D/repos","events_url":"https://api.github.com/users/github-actions%5Bbot%5D/events{/privacy}","received_events_url":"https://api.github.com/users/github-actions%5Bbot%5D/received_events","type":"Bot","user_view_type":"public","site_admin":false},"content_type":"application/octet-stream","state":"uploaded","size":85415,"digest":"sha256:10ef42f34ace8bb2df5f83ff7de2ceec79b035a25ea0a690e8942bd60d2fb4e3","download_count":1086,"created_at":"2026-09-11T17:28:10Z","updated_at":"2026-09-11T17:28:11Z","browser_download_url":"https://github.com/leonardosovienski/core-predictor/releases/download/v3.2.1/predictor_core-3.2.1-py3-none-any.whl"},{"url":"https://api.github.com/repos/leonardosovienski/core-predictor/releases/assets/557688555","id":557688555,"node_id":"RA_kwDOTAqQF84hPabr","name":"predictor_core-3.2.1.tar.gz","label":"","uploader":{"login":"github-actions[bot]","id":41898282,"node_id":"MDM6Qm90NDE4OTgyODI=","avatar_url":"https://avatars.githubusercontent.com/in/15368?v=4","gravatar_id":"","url":"https://api.github.com/users/github-actions%5Bbot%5D","html_url":"https://github.com/apps/github-actions","followers_url":"https://api.github.com/users/github-actions%5Bbot%5D/followers","following_url":"https://api.github.com/users/github-actions%5Bbot%5D/following{/other_user}","gists_url":"https://api.github.com/users/github-actions%5Bbot%5D/gists{/gist_id}","starred_url":"https://api.github.com/users/github-actions%5Bbot%5D/starred{/owner}{/repo}","subscriptions_url":"https://api.github.com/users/github-actions%5Bbot%5D/subscriptions","organizations_url":"https://api.github.com/users/github-actions%5Bbot%5D/orgs","repos_url":"https://api.github.com/users/github-actions%5Bbot%5D/repos","events_url":"https://api.github.com/users/github-actions%5Bbot%5D/events{/privacy}","received_events_url":"https://api.github.com/users/github-actions%5Bbot%5D/received_events","type":"Bot","user_view_type":"public","site_admin":false},"content_type":"application/x-gtar","state":"uploaded","size":168368,"digest":"sha256:03c8e7cbbd7727484d9185358c4f7144dfc3bd419a5446537d845b708dc5a6b4","download_count":0,"created_at":"2026-09-11T17:28:11Z","updated_at":"2026-09-11T17:28:11Z","browser_download_url":"https://github.com/leonardosovienski/core-predictor/releases/download/v3.2.1/predictor_core-3.2.1.tar.gz"}],"tarball_url":"https://api.github.com/repos/leonardosovienski/core-predictor/tarball/v3.2.1","zipball_url":"https://api.github.com/repos/leonardosovienski/core-predictor/zipball/v3.2.1","body":"## What's Changed\n* docs: o 3.2.0 não é aditivo para quem atualiza veredito — CHANGELOG corrigido by @leonardosovienski in https://github.com/leonardosovienski/core-predictor/pull/27\n* Isolate scientific imports and reject nonfinite contracts by @leonardosovienski in https://github.com/leonardosovienski/core-predictor/pull/28\n\n\n**Full Changelog**: https://github.com/leonardosovienski/core-predictor/compare/v3.2.0...v3.2.1","mentions_count":1}
$ (cwd=None) gh api repos/leonardosovienski/predictor-ops/releases/tags/v4.2.1
[exit 0]
{"url":"https://api.github.com/repos/leonardosovienski/predictor-ops/releases/387770942","assets_url":"https://api.github.com/repos/leonardosovienski/predictor-ops/releases/387770942/assets","upload_url":"https://uploads.github.com/repos/leonardosovienski/predictor-ops/releases/387770942/assets{?name,label}","html_url":"https://github.com/leonardosovienski/predictor-ops/releases/tag/v4.2.1","id":387770942,"author":{"login":"github-actions[bot]","id":41898282,"node_id":"MDM6Qm90NDE4OTgyODI=","avatar_url":"https://avatars.githubusercontent.com/in/15368?v=4","gravatar_id":"","url":"https://api.github.com/users/github-actions%5Bbot%5D","html_url":"https://github.com/apps/github-actions","followers_url":"https://api.github.com/users/github-actions%5Bbot%5D/followers","following_url":"https://api.github.com/users/github-actions%5Bbot%5D/following{/other_user}","gists_url":"https://api.github.com/users/github-actions%5Bbot%5D/gists{/gist_id}","starred_url":"https://api.github.com/users/github-actions%5Bbot%5D/starred{/owner}{/repo}","subscriptions_url":"https://api.github.com/users/github-actions%5Bbot%5D/subscriptions","organizations_url":"https://api.github.com/users/github-actions%5Bbot%5D/orgs","repos_url":"https://api.github.com/users/github-actions%5Bbot%5D/repos","events_url":"https://api.github.com/users/github-actions%5Bbot%5D/events{/privacy}","received_events_url":"https://api.github.com/users/github-actions%5Bbot%5D/received_events","type":"Bot","user_view_type":"public","site_admin":false},"node_id":"RE_kwDOTdWj1c4XHOo-","tag_name":"v4.2.1","target_commitish":"main","name":"v4.2.1","draft":false,"immutable":false,"prerelease":false,"created_at":"2026-09-13T02:34:02Z","updated_at":"2026-09-13T02:34:52Z","published_at":"2026-09-13T02:34:52Z","assets":[{"url":"https://api.github.com/repos/leonardosovienski/predictor-ops/releases/assets/560404827","id":560404827,"node_id":"RA_kwDOTdWj1c4hZxlb","name":"predictor_ops-4.2.1-py3-none-any.whl","label":"","uploader":{"login":"github-actions[bot]","id":41898282,"node_id":"MDM6Qm90NDE4OTgyODI=","avatar_url":"https://avatars.githubusercontent.com/in/15368?v=4","gravatar_id":"","url":"https://api.github.com/users/github-actions%5Bbot%5D","html_url":"https://github.com/apps/github-actions","followers_url":"https://api.github.com/users/github-actions%5Bbot%5D/followers","following_url":"https://api.github.com/users/github-actions%5Bbot%5D/following{/other_user}","gists_url":"https://api.github.com/users/github-actions%5Bbot%5D/gists{/gist_id}","starred_url":"https://api.github.com/users/github-actions%5Bbot%5D/starred{/owner}{/repo}","subscriptions_url":"https://api.github.com/users/github-actions%5Bbot%5D/subscriptions","organizations_url":"https://api.github.com/users/github-actions%5Bbot%5D/orgs","repos_url":"https://api.github.com/users/github-actions%5Bbot%5D/repos","events_url":"https://api.github.com/users/github-actions%5Bbot%5D/events{/privacy}","received_events_url":"https://api.github.com/users/github-actions%5Bbot%5D/received_events","type":"Bot","user_view_type":"public","site_admin":false},"content_type":"application/octet-stream","state":"uploaded","size":26093,"digest":"sha256:da4fa540703879669caba919521ec7d3c33734b5d57781122823df8817346f0e","download_count":671,"created_at":"2026-09-13T02:34:51Z","updated_at":"2026-09-13T02:34:51Z","browser_download_url":"https://github.com/leonardosovienski/predictor-ops/releases/download/v4.2.1/predictor_ops-4.2.1-py3-none-any.whl"},{"url":"https://api.github.com/repos/leonardosovienski/predictor-ops/releases/assets/560404828","id":560404828,"node_id":"RA_kwDOTdWj1c4hZxlc","name":"predictor_ops-4.2.1.tar.gz","label":"","uploader":{"login":"github-actions[bot]","id":41898282,"node_id":"MDM6Qm90NDE4OTgyODI=","avatar_url":"https://avatars.githubusercontent.com/in/15368?v=4","gravatar_id":"","url":"https://api.github.com/users/github-actions%5Bbot%5D","html_url":"https://github.com/apps/github-actions","followers_url":"https://api.github.com/users/github-actions%5Bbot%5D/followers","following_url":"https://api.github.com/users/github-actions%5Bbot%5D/following{/other_user}","gists_url":"https://api.github.com/users/github-actions%5Bbot%5D/gists{/gist_id}","starred_url":"https://api.github.com/users/github-actions%5Bbot%5D/starred{/owner}{/repo}","subscriptions_url":"https://api.github.com/users/github-actions%5Bbot%5D/subscriptions","organizations_url":"https://api.github.com/users/github-actions%5Bbot%5D/orgs","repos_url":"https://api.github.com/users/github-actions%5Bbot%5D/repos","events_url":"https://api.github.com/users/github-actions%5Bbot%5D/events{/privacy}","received_events_url":"https://api.github.com/users/github-actions%5Bbot%5D/received_events","type":"Bot","user_view_type":"public","site_admin":false},"content_type":"application/x-gtar","state":"uploaded","size":126358,"digest":"sha256:a9e5652c1b3177403f8302567c1e11dfe9db76220d70a027b11789c30fe254a5","download_count":1,"created_at":"2026-09-13T02:34:51Z","updated_at":"2026-09-13T02:34:51Z","browser_download_url":"https://github.com/leonardosovienski/predictor-ops/releases/download/v4.2.1/predictor_ops-4.2.1.tar.gz"}],"tarball_url":"https://api.github.com/repos/leonardosovienski/predictor-ops/tarball/v4.2.1","zipball_url":"https://api.github.com/repos/leonardosovienski/predictor-ops/zipball/v4.2.1","body":"## What's Changed\n* Stabilize locks, bounded capture and owned process cleanup by @leonardosovienski in https://github.com/leonardosovienski/predictor-ops/pull/23\n\n\n**Full Changelog**: https://github.com/leonardosovienski/predictor-ops/compare/v4.2.0...v4.2.1","mentions_count":1}
