cain	Set up job	﻿2026-09-23T06:30:20.2771281Z Current runner version: '2.337.0'
cain	Set up job	2026-09-23T06:30:20.2787585Z ##[group]Runner Image Provisioner
cain	Set up job	2026-09-23T06:30:20.2788334Z Hosted Compute Agent
cain	Set up job	2026-09-23T06:30:20.2788748Z Version: 20260828.587
cain	Set up job	2026-09-23T06:30:20.2789197Z Commit: abac92662cab4cc7352de4f9f9d2e2419aad9c29
cain	Set up job	2026-09-23T06:30:20.2789706Z Build Date: 2026-08-28T16:44:25Z
cain	Set up job	2026-09-23T06:30:20.2790436Z Worker ID: {ba583a30-d125-432c-bdfe-18a3dff21f26}
cain	Set up job	2026-09-23T06:30:20.2790917Z Azure Region: centralus
cain	Set up job	2026-09-23T06:30:20.2791338Z ##[endgroup]
cain	Set up job	2026-09-23T06:30:20.2792329Z ##[group]Operating System
cain	Set up job	2026-09-23T06:30:20.2792755Z Ubuntu
cain	Set up job	2026-09-23T06:30:20.2793188Z 24.04.5
cain	Set up job	2026-09-23T06:30:20.2793516Z LTS
cain	Set up job	2026-09-23T06:30:20.2793888Z ##[endgroup]
cain	Set up job	2026-09-23T06:30:20.2794263Z ##[group]Runner Image
cain	Set up job	2026-09-23T06:30:20.2794674Z Image: ubuntu-24.04
cain	Set up job	2026-09-23T06:30:20.2795106Z Version: 20260907.300.1
cain	Set up job	2026-09-23T06:30:20.2795810Z Included Software: https://github.com/actions/runner-images/blob/ubuntu24/20260907.300/images/ubuntu/Ubuntu2404-Readme.md
cain	Set up job	2026-09-23T06:30:20.2797001Z Image Release: https://github.com/actions/runner-images/releases/tag/ubuntu24%2F20260907.300
cain	Set up job	2026-09-23T06:30:20.2797636Z ##[endgroup]
cain	Set up job	2026-09-23T06:30:20.2798397Z ##[group]GITHUB_TOKEN Permissions
cain	Set up job	2026-09-23T06:30:20.2800312Z Contents: read
cain	Set up job	2026-09-23T06:30:20.2800767Z Metadata: read
cain	Set up job	2026-09-23T06:30:20.2801141Z ##[endgroup]
cain	Set up job	2026-09-23T06:30:20.2802587Z Secret source: Actions
cain	Set up job	2026-09-23T06:30:20.2803213Z Cache mode: write
cain	Set up job	2026-09-23T06:30:20.2803727Z Prepare workflow directory
cain	Set up job	2026-09-23T06:30:20.3030495Z Prepare all required actions
cain	Set up job	2026-09-23T06:30:20.3067981Z Getting action download info
cain	Set up job	2026-09-23T06:30:20.5238785Z Download action repository 'actions/checkout@v4' (SHA:11d5960a326750d5838078e36cf38b85af677262)
cain	Set up job	2026-09-23T06:30:20.6104972Z Download action repository 'actions/upload-artifact@v4' (SHA:ea165f8d65b6e75b540449e92b4886f43607fa02)
cain	Set up job	2026-09-23T06:30:20.8118498Z Complete job name: cain
cain	Run actions/checkout@v4	﻿2026-09-23T06:30:20.8608179Z Node 20 is being deprecated. This workflow is running with Node 24 by default. If you need to temporarily use Node 20, you can set the ACTIONS_ALLOW_USE_UNSECURE_NODE_VERSION=true environment variable. For more information see: https://github.blog/changelog/2025-09-19-deprecation-of-node-20-on-github-actions-runners/
cain	Run actions/checkout@v4	2026-09-23T06:30:20.8614510Z ##[group]Run actions/checkout@v4
cain	Run actions/checkout@v4	2026-09-23T06:30:20.8615043Z with:
cain	Run actions/checkout@v4	2026-09-23T06:30:20.8615480Z   persist-credentials: false
cain	Run actions/checkout@v4	2026-09-23T06:30:20.8615948Z   repository: leonardosovienski/predictor-qualification
cain	Run actions/checkout@v4	2026-09-23T06:30:20.8618785Z   token: ***
cain	Run actions/checkout@v4	2026-09-23T06:30:20.8619147Z   ssh-strict: true
cain	Run actions/checkout@v4	2026-09-23T06:30:20.8619519Z   ssh-user: git
cain	Run actions/checkout@v4	2026-09-23T06:30:20.8619903Z   clean: true
cain	Run actions/checkout@v4	2026-09-23T06:30:20.8620618Z   sparse-checkout-cone-mode: true
cain	Run actions/checkout@v4	2026-09-23T06:30:20.8621061Z   fetch-depth: 1
cain	Run actions/checkout@v4	2026-09-23T06:30:20.8621429Z   fetch-tags: false
cain	Run actions/checkout@v4	2026-09-23T06:30:20.8621793Z   show-progress: true
cain	Run actions/checkout@v4	2026-09-23T06:30:20.8622177Z   lfs: false
cain	Run actions/checkout@v4	2026-09-23T06:30:20.8622506Z   submodules: false
cain	Run actions/checkout@v4	2026-09-23T06:30:20.8622977Z   set-safe-directory: true
cain	Run actions/checkout@v4	2026-09-23T06:30:20.8623398Z   allow-unsafe-pr-checkout: false
cain	Run actions/checkout@v4	2026-09-23T06:30:20.8624010Z ##[endgroup]
cain	Run actions/checkout@v4	2026-09-23T06:30:20.9410450Z Syncing repository: leonardosovienski/predictor-qualification
cain	Run actions/checkout@v4	2026-09-23T06:30:20.9412662Z ##[group]Getting Git version info
cain	Run actions/checkout@v4	2026-09-23T06:30:20.9413693Z Working directory is '/home/runner/work/predictor-qualification/predictor-qualification'
cain	Run actions/checkout@v4	2026-09-23T06:30:20.9414999Z [command]/usr/bin/git version
cain	Run actions/checkout@v4	2026-09-23T06:30:21.0079944Z git version 2.55.0
cain	Run actions/checkout@v4	2026-09-23T06:30:21.0092672Z ##[endgroup]
cain	Run actions/checkout@v4	2026-09-23T06:30:21.0102224Z Temporarily overriding HOME='/home/runner/work/_temp/1480aa66-0e28-4388-99d8-55fdc3a51122' before making global git config changes
cain	Run actions/checkout@v4	2026-09-23T06:30:21.0103529Z Adding repository directory to the temporary git global config as a safe directory
cain	Run actions/checkout@v4	2026-09-23T06:30:21.0106086Z [command]/usr/bin/git config --global --add safe.directory /home/runner/work/predictor-qualification/predictor-qualification
cain	Run actions/checkout@v4	2026-09-23T06:30:21.0212644Z Deleting the contents of '/home/runner/work/predictor-qualification/predictor-qualification'
cain	Run actions/checkout@v4	2026-09-23T06:30:21.0218116Z ##[group]Initializing the repository
cain	Run actions/checkout@v4	2026-09-23T06:30:21.0220369Z [command]/usr/bin/git init /home/runner/work/predictor-qualification/predictor-qualification
cain	Run actions/checkout@v4	2026-09-23T06:30:21.2072911Z hint: Using 'master' as the name for the initial branch. This default branch name
cain	Run actions/checkout@v4	2026-09-23T06:30:21.2074412Z hint: will change to "main" in Git 3.0. To configure the initial branch name
cain	Run actions/checkout@v4	2026-09-23T06:30:21.2075481Z hint: to use in all of your new repositories, which will suppress this warning,
cain	Run actions/checkout@v4	2026-09-23T06:30:21.2076389Z hint: call:
cain	Run actions/checkout@v4	2026-09-23T06:30:21.2076978Z hint:
cain	Run actions/checkout@v4	2026-09-23T06:30:21.2077692Z hint: 	git config --global init.defaultBranch <name>
cain	Run actions/checkout@v4	2026-09-23T06:30:21.2078514Z hint:
cain	Run actions/checkout@v4	2026-09-23T06:30:21.2079312Z hint: Names commonly chosen instead of 'master' are 'main', 'trunk' and
cain	Run actions/checkout@v4	2026-09-23T06:30:21.2080747Z hint: 'development'. The just-created branch can be renamed via this command:
cain	Run actions/checkout@v4	2026-09-23T06:30:21.2081801Z hint:
cain	Run actions/checkout@v4	2026-09-23T06:30:21.2082370Z hint: 	git branch -m <name>
cain	Run actions/checkout@v4	2026-09-23T06:30:21.2083033Z hint:
cain	Run actions/checkout@v4	2026-09-23T06:30:21.2083758Z hint: Disable this message with "git config set advice.defaultBranchName false"
cain	Run actions/checkout@v4	2026-09-23T06:30:21.2085159Z Initialized empty Git repository in /home/runner/work/predictor-qualification/predictor-qualification/.git/
cain	Run actions/checkout@v4	2026-09-23T06:30:21.2087196Z [command]/usr/bin/git remote add origin https://github.com/leonardosovienski/predictor-qualification
cain	Run actions/checkout@v4	2026-09-23T06:30:21.2718091Z ##[endgroup]
cain	Run actions/checkout@v4	2026-09-23T06:30:21.2718867Z ##[group]Disabling automatic garbage collection
cain	Run actions/checkout@v4	2026-09-23T06:30:21.2721825Z [command]/usr/bin/git config --local gc.auto 0
cain	Run actions/checkout@v4	2026-09-23T06:30:21.3024889Z ##[endgroup]
cain	Run actions/checkout@v4	2026-09-23T06:30:21.3025881Z ##[group]Setting up auth
cain	Run actions/checkout@v4	2026-09-23T06:30:21.3026786Z [command]/usr/bin/git config --local --name-only --get-regexp core\.sshCommand
cain	Run actions/checkout@v4	2026-09-23T06:30:21.3045475Z [command]/usr/bin/git submodule foreach --recursive sh -c "git config --local --name-only --get-regexp 'core\.sshCommand' && git config --local --unset-all 'core.sshCommand' || :"
cain	Run actions/checkout@v4	2026-09-23T06:30:21.7733194Z [command]/usr/bin/git config --local --name-only --get-regexp http\.https\:\/\/github\.com\/\.extraheader
cain	Run actions/checkout@v4	2026-09-23T06:30:21.7759478Z [command]/usr/bin/git submodule foreach --recursive sh -c "git config --local --name-only --get-regexp 'http\.https\:\/\/github\.com\/\.extraheader' && git config --local --unset-all 'http.https://github.com/.extraheader' || :"
cain	Run actions/checkout@v4	2026-09-23T06:30:21.7905884Z [command]/usr/bin/git config --local --name-only --get-regexp ^includeIf\.gitdir:
cain	Run actions/checkout@v4	2026-09-23T06:30:21.7928656Z [command]/usr/bin/git submodule foreach --recursive git config --local --show-origin --name-only --get-regexp remote.origin.url
cain	Run actions/checkout@v4	2026-09-23T06:30:21.8076301Z [command]/usr/bin/git config --local http.https://github.com/.extraheader AUTHORIZATION: basic ***
cain	Run actions/checkout@v4	2026-09-23T06:30:21.8695618Z ##[endgroup]
cain	Run actions/checkout@v4	2026-09-23T06:30:21.8697170Z ##[group]Fetching the repository
cain	Run actions/checkout@v4	2026-09-23T06:30:21.8704041Z [command]/usr/bin/git -c protocol.version=2 fetch --no-tags --prune --no-recurse-submodules --depth=1 origin +e8dae4109c56d8bbd964a83e1c5f787d38906f02:refs/remotes/origin/shared/baseline-v1
cain	Run actions/checkout@v4	2026-09-23T06:30:24.2068439Z From https://github.com/leonardosovienski/predictor-qualification
cain	Run actions/checkout@v4	2026-09-23T06:30:24.2071424Z  * [new ref]         e8dae4109c56d8bbd964a83e1c5f787d38906f02 -> origin/shared/baseline-v1
cain	Run actions/checkout@v4	2026-09-23T06:30:24.2073306Z ##[endgroup]
cain	Run actions/checkout@v4	2026-09-23T06:30:24.2073979Z ##[group]Determining the checkout info
cain	Run actions/checkout@v4	2026-09-23T06:30:24.2074636Z ##[endgroup]
cain	Run actions/checkout@v4	2026-09-23T06:30:24.2079895Z [command]/usr/bin/git sparse-checkout disable
cain	Run actions/checkout@v4	2026-09-23T06:30:24.2509420Z [command]/usr/bin/git config --local --unset-all extensions.worktreeConfig
cain	Run actions/checkout@v4	2026-09-23T06:30:24.2603816Z ##[group]Checking out the ref
cain	Run actions/checkout@v4	2026-09-23T06:30:24.2607295Z [command]/usr/bin/git checkout --progress --force -B shared/baseline-v1 refs/remotes/origin/shared/baseline-v1
cain	Run actions/checkout@v4	2026-09-23T06:30:24.3095483Z Switched to a new branch 'shared/baseline-v1'
cain	Run actions/checkout@v4	2026-09-23T06:30:24.3099758Z branch 'shared/baseline-v1' set up to track 'origin/shared/baseline-v1'.
cain	Run actions/checkout@v4	2026-09-23T06:30:24.3103983Z ##[endgroup]
cain	Run actions/checkout@v4	2026-09-23T06:30:24.3245508Z [command]/usr/bin/git log -1 --format=%H
cain	Run actions/checkout@v4	2026-09-23T06:30:24.3262658Z e8dae4109c56d8bbd964a83e1c5f787d38906f02
cain	Run actions/checkout@v4	2026-09-23T06:30:24.3268904Z ##[group]Removing auth
cain	Run actions/checkout@v4	2026-09-23T06:30:24.3271988Z [command]/usr/bin/git config --local --name-only --get-regexp core\.sshCommand
cain	Run actions/checkout@v4	2026-09-23T06:30:24.3292922Z [command]/usr/bin/git submodule foreach --recursive sh -c "git config --local --name-only --get-regexp 'core\.sshCommand' && git config --local --unset-all 'core.sshCommand' || :"
cain	Run actions/checkout@v4	2026-09-23T06:30:24.3437709Z [command]/usr/bin/git config --local --name-only --get-regexp http\.https\:\/\/github\.com\/\.extraheader
cain	Run actions/checkout@v4	2026-09-23T06:30:24.3456232Z http.https://github.com/.extraheader
cain	Run actions/checkout@v4	2026-09-23T06:30:24.3460644Z [command]/usr/bin/git config --local --unset-all http.https://github.com/.extraheader
cain	Run actions/checkout@v4	2026-09-23T06:30:24.3506583Z [command]/usr/bin/git submodule foreach --recursive sh -c "git config --local --name-only --get-regexp 'http\.https\:\/\/github\.com\/\.extraheader' && git config --local --unset-all 'http.https://github.com/.extraheader' || :"
cain	Run actions/checkout@v4	2026-09-23T06:30:24.3651049Z [command]/usr/bin/git config --local --name-only --get-regexp ^includeIf\.gitdir:
cain	Run actions/checkout@v4	2026-09-23T06:30:24.3670229Z [command]/usr/bin/git submodule foreach --recursive git config --local --show-origin --name-only --get-regexp remote.origin.url
cain	Run actions/checkout@v4	2026-09-23T06:30:24.3807821Z ##[endgroup]
cain	uv e Python fixados pelo plano	﻿2026-09-23T06:30:24.3956801Z ##[group]Run plan=qualification/shared/SHARED-002/CLEANROOM_PLAN_V2.json
cain	uv e Python fixados pelo plano	2026-09-23T06:30:24.3957424Z ^[[36;1mplan=qualification/shared/SHARED-002/CLEANROOM_PLAN_V2.json^[[0m
cain	uv e Python fixados pelo plano	2026-09-23T06:30:24.3957892Z ^[[36;1muv_version=$(jq -r .environment.uv_version "$plan")^[[0m
cain	uv e Python fixados pelo plano	2026-09-23T06:30:24.3958290Z ^[[36;1muv_asset=$(jq -r .environment.uv_asset "$plan")^[[0m
cain	uv e Python fixados pelo plano	2026-09-23T06:30:24.3958770Z ^[[36;1muv_sha=$(jq -r .environment.uv_sha256 "$plan")^[[0m
cain	uv e Python fixados pelo plano	2026-09-23T06:30:24.3959130Z ^[[36;1mpy=$(jq -r .environment.python "$plan")^[[0m
cain	uv e Python fixados pelo plano	2026-09-23T06:30:24.3959486Z ^[[36;1mtools="$RUNNER_TEMP/tools"^[[0m
cain	uv e Python fixados pelo plano	2026-09-23T06:30:24.3959810Z ^[[36;1mmkdir -p "$tools/uv"^[[0m
cain	uv e Python fixados pelo plano	2026-09-23T06:30:24.3960578Z ^[[36;1mcurl -sSfL -o "$tools/$uv_asset" "https://github.com/astral-sh/uv/releases/download/$uv_version/$uv_asset"^[[0m
cain	uv e Python fixados pelo plano	2026-09-23T06:30:24.3961134Z ^[[36;1mecho "$uv_sha  $tools/$uv_asset" | sha256sum -c -^[[0m
cain	uv e Python fixados pelo plano	2026-09-23T06:30:24.3961520Z ^[[36;1mtar -xzf "$tools/$uv_asset" -C "$tools/uv" --strip-components=1^[[0m
cain	uv e Python fixados pelo plano	2026-09-23T06:30:24.3962019Z ^[[36;1mexport UV_PYTHON_INSTALL_DIR="$tools/python" UV_PYTHON_PREFERENCE=only-managed UV_NO_CONFIG=1^[[0m
cain	uv e Python fixados pelo plano	2026-09-23T06:30:24.3962558Z ^[[36;1m"$tools/uv/uv" python install "$py"^[[0m
cain	uv e Python fixados pelo plano	2026-09-23T06:30:24.3962919Z ^[[36;1mecho "CLEANROOM_UV=$tools/uv/uv" >> "$GITHUB_ENV"^[[0m
cain	uv e Python fixados pelo plano	2026-09-23T06:30:24.3963302Z ^[[36;1mecho "UV_PYTHON_INSTALL_DIR=$tools/python" >> "$GITHUB_ENV"^[[0m
cain	uv e Python fixados pelo plano	2026-09-23T06:30:24.3963677Z ^[[36;1mecho "UV_CACHE_DIR=$tools/uv-cache" >> "$GITHUB_ENV"^[[0m
cain	uv e Python fixados pelo plano	2026-09-23T06:30:24.3964188Z ^[[36;1mecho "CLEANROOM_PYTHON=$("$tools/uv/uv" python find "$py")" >> "$GITHUB_ENV"^[[0m
cain	uv e Python fixados pelo plano	2026-09-23T06:30:24.3988443Z shell: /usr/bin/bash -e {0}
cain	uv e Python fixados pelo plano	2026-09-23T06:30:24.3988778Z ##[endgroup]
cain	uv e Python fixados pelo plano	2026-09-23T06:30:25.5316580Z /home/runner/work/_temp/tools/uv-x86_64-unknown-linux-gnu.tar.gz: OK
cain	uv e Python fixados pelo plano	2026-09-23T06:30:25.9156719Z Downloading cpython-3.13.15-linux-x86_64-gnu (download) (33.2MiB)
cain	uv e Python fixados pelo plano	2026-09-23T06:30:26.5647715Z  Downloaded cpython-3.13.15-linux-x86_64-gnu (download)
cain	uv e Python fixados pelo plano	2026-09-23T06:30:26.6244252Z Installed Python 3.13.15 in 793ms
cain	uv e Python fixados pelo plano	2026-09-23T06:30:26.6244930Z  + cpython-3.13.15-linux-x86_64-gnu (python3.13)
cain	Cleanroom	﻿2026-09-23T06:30:26.7480613Z ##[group]Run "$CLEANROOM_PYTHON" -I qualification/shared/scripts/cleanroom_baseline.py \
cain	Cleanroom	2026-09-23T06:30:26.7481146Z ^[[36;1m"$CLEANROOM_PYTHON" -I qualification/shared/scripts/cleanroom_baseline.py \^[[0m
cain	Cleanroom	2026-09-23T06:30:26.7481631Z ^[[36;1m  qualification/shared/SHARED-002/CLEANROOM_PLAN_V2.json "cain" "$RUNNER_TEMP/out/cain"^[[0m
cain	Cleanroom	2026-09-23T06:30:26.7502115Z shell: /usr/bin/bash -e {0}
cain	Cleanroom	2026-09-23T06:30:26.7502425Z env:
cain	Cleanroom	2026-09-23T06:30:26.7502670Z   CLEANROOM_UV: /home/runner/work/_temp/tools/uv/uv
cain	Cleanroom	2026-09-23T06:30:26.7503202Z   UV_PYTHON_INSTALL_DIR: /home/runner/work/_temp/tools/python
cain	Cleanroom	2026-09-23T06:30:26.7503563Z   UV_CACHE_DIR: /home/runner/work/_temp/tools/uv-cache
cain	Cleanroom	2026-09-23T06:30:26.7504016Z   CLEANROOM_PYTHON: /home/runner/work/_temp/tools/python/cpython-3.13.15-linux-x86_64-gnu/bin/python3.13
cain	Cleanroom	2026-09-23T06:30:26.7504414Z ##[endgroup]
cain	Cleanroom	2026-09-23T06:32:05.7171156Z {"repo": "cain", "published": [{"tests": 442, "failures": 80, "errors": 46, "skipped": 0, "passed": 316, "failed_ids": ["::tests.evaluation.test_packaged_resources", "::tests.evaluation.test_v2", "::tests.integration.test_agent_capabilities", "::tests.integration.test_architecture_permissions", "::tests.integration.test_br_audit_instructions", "::tests.integration.test_compound_decision_lookup", "::tests.integration.test_evidence_selection", "::tests.integration.test_generation_language_preference", "::tests.integration.test_grounded_analysis", "::tests.integration.test_grounded_response_review", "::tests.integration.test_historian_quote_choices", "::tests.integration.test_historian_quote_serialization", "::tests.integration.test_independent_review", "::tests.integration.test_literal_claim_tables", "::tests.integration.test_mandate_completion", "::tests.integration.test_nested_research_identity", "::tests.integration.test_research_completion", "::tests.integration.test_research_conversation_campaign", "::tests.integration.test_research_failures", "::tests.integration.test_research_inspection", "::tests.integration.test_research_l0", "::tests.integration.test_research_roots", "::tests.integration.test_review_provider_budget", "::tests.integration.test_selection_procedure", "::tests.integration.test_system_expansion", "::tests.integration.test_verified_field_review", "::tests.test_bundle_remediation", "::tests.test_packaged_evaluation_resources", "::tests.test_project_coverage", "::tests.test_research_bundle", "::tests.test_research_result_inbox", "::tests.test_research_task_outbox", "::tests.test_structural_diagnostics", "::tests.unit.test_answer_review", "::tests.unit.test_arithmetic_sequences", "::tests.unit.test_continuation_context", "::tests.unit.test_literal_command_route", "::tests.unit.test_literal_json_schema", "::tests.unit.test_local_text_llm", "::tests.unit.test_readiness_regressions", "::tests.unit.test_recording_provider", "::tests.unit.test_streaming",
cain	Run actions/upload-artifact@v4	﻿2026-09-23T06:32:05.7322661Z Node 20 is being deprecated. This workflow is running with Node 24 by default. If you need to temporarily use Node 20, you can set the ACTIONS_ALLOW_USE_UNSECURE_NODE_VERSION=true environment variable. For more information see: https://github.blog/changelog/2025-09-19-deprecation-of-node-20-on-github-actions-runners/
cain	Run actions/upload-artifact@v4	2026-09-23T06:32:05.7324142Z ##[group]Run actions/upload-artifact@v4
cain	Run actions/upload-artifact@v4	2026-09-23T06:32:05.7324406Z with:
cain	Run actions/upload-artifact@v4	2026-09-23T06:32:05.7324618Z   name: cleanroom-cain
cain	Run actions/upload-artifact@v4	2026-09-23T06:32:05.7324856Z   path: /home/runner/work/_temp/out/cain
cain	Run actions/upload-artifact@v4	2026-09-23T06:32:05.7325127Z   if-no-files-found: error
cain	Run actions/upload-artifact@v4	2026-09-23T06:32:05.7325381Z   compression-level: 6
cain	Run actions/upload-artifact@v4	2026-09-23T06:32:05.7325596Z   overwrite: false
cain	Run actions/upload-artifact@v4	2026-09-23T06:32:05.7325836Z   include-hidden-files: false
cain	Run actions/upload-artifact@v4	2026-09-23T06:32:05.7326087Z env:
cain	Run actions/upload-artifact@v4	2026-09-23T06:32:05.7326306Z   CLEANROOM_UV: /home/runner/work/_temp/tools/uv/uv
cain	Run actions/upload-artifact@v4	2026-09-23T06:32:05.7326633Z   UV_PYTHON_INSTALL_DIR: /home/runner/work/_temp/tools/python
cain	Run actions/upload-artifact@v4	2026-09-23T06:32:05.7326948Z   UV_CACHE_DIR: /home/runner/work/_temp/tools/uv-cache
cain	Run actions/upload-artifact@v4	2026-09-23T06:32:05.7327443Z   CLEANROOM_PYTHON: /home/runner/work/_temp/tools/python/cpython-3.13.15-linux-x86_64-gnu/bin/python3.13
cain	Run actions/upload-artifact@v4	2026-09-23T06:32:05.7327831Z ##[endgroup]
cain	Run actions/upload-artifact@v4	2026-09-23T06:32:05.8461915Z (node:2658) [DEP0040] DeprecationWarning: The `punycode` module is deprecated. Please use a userland alternative instead.
cain	Run actions/upload-artifact@v4	2026-09-23T06:32:05.8465283Z (Use `node --trace-deprecation ...` to show where the warning was created)
cain	Run actions/upload-artifact@v4	2026-09-23T06:32:05.8616062Z With the provided path, there will be 30 files uploaded
cain	Run actions/upload-artifact@v4	2026-09-23T06:32:05.8616723Z Artifact name is valid!
cain	Run actions/upload-artifact@v4	2026-09-23T06:32:05.8616992Z Root directory input is valid!
cain	Run actions/upload-artifact@v4	2026-09-23T06:32:06.1689094Z Beginning upload of artifact content to blob storage
cain	Run actions/upload-artifact@v4	2026-09-23T06:32:06.2164220Z (node:2658) [DEP0169] DeprecationWarning: `url.parse()` behavior is not standardized and prone to errors that have security implications. Use the WHATWG URL API instead. CVEs are not issued for `url.parse()` vulnerabilities.
cain	Run actions/upload-artifact@v4	2026-09-23T06:32:06.5033028Z Uploaded bytes 127653
cain	Run actions/upload-artifact@v4	2026-09-23T06:32:06.5508324Z Finished uploading artifact content to blob storage!
cain	Run actions/upload-artifact@v4	2026-09-23T06:32:06.5509022Z SHA256 digest of uploaded artifact zip is 399512cc68cfa43c33f2d97f25fb3d30da76e6efe602f338ac9c1b6088e0498d
cain	Run actions/upload-artifact@v4	2026-09-23T06:32:06.5510496Z Finalizing artifact upload
cain	Run actions/upload-artifact@v4	2026-09-23T06:32:06.7759536Z Artifact cleanroom-cain.zip successfully finalized. Artifact ID 10735406379
cain	Run actions/upload-artifact@v4	2026-09-23T06:32:06.7760431Z Artifact cleanroom-cain has been successfully uploaded! Final size is 127653 bytes. Artifact ID is 10735406379
cain	Run actions/upload-artifact@v4	2026-09-23T06:32:06.7764109Z Artifact download URL: https://github.com/leonardosovienski/predictor-qualification/actions/runs/35827048915/artifacts/10735406379
cain	Post Run actions/checkout@v4	﻿2026-09-23T06:32:06.7918698Z Node 20 is being deprecated. This workflow is running with Node 24 by default. If you need to temporarily use Node 20, you can set the ACTIONS_ALLOW_USE_UNSECURE_NODE_VERSION=true environment variable. For more information see: https://github.blog/changelog/2025-09-19-deprecation-of-node-20-on-github-actions-runners/
cain	Post Run actions/checkout@v4	2026-09-23T06:32:06.7919726Z Post job cleanup.
cain	Post Run actions/checkout@v4	2026-09-23T06:32:06.8508716Z [command]/usr/bin/git version
cain	Post Run actions/checkout@v4	2026-09-23T06:32:06.8535353Z git version 2.55.0
cain	Post Run actions/checkout@v4	2026-09-23T06:32:06.8557733Z Temporarily overriding HOME='/home/runner/work/_temp/a1b86a28-fc91-4a3a-96a0-89a19b2d2842' before making global git config changes
cain	Post Run actions/checkout@v4	2026-09-23T06:32:06.8558678Z Adding repository directory to the temporary git global config as a safe directory
cain	Post Run actions/checkout@v4	2026-09-23T06:32:06.8562078Z [command]/usr/bin/git config --global --add safe.directory /home/runner/work/predictor-qualification/predictor-qualification
cain	Post Run actions/checkout@v4	2026-09-23T06:32:06.8587470Z [command]/usr/bin/git config --local --name-only --get-regexp core\.sshCommand
cain	Post Run actions/checkout@v4	2026-09-23T06:32:06.8611064Z [command]/usr/bin/git submodule foreach --recursive sh -c "git config --local --name-only --get-regexp 'core\.sshCommand' && git config --local --unset-all 'core.sshCommand' || :"
cain	Post Run actions/checkout@v4	2026-09-23T06:32:06.8763831Z [command]/usr/bin/git config --local --name-only --get-regexp http\.https\:\/\/github\.com\/\.extraheader
cain	Post Run actions/checkout@v4	2026-09-23T06:32:06.8785079Z [command]/usr/bin/git submodule foreach --recursive sh -c "git config --local --name-only --get-regexp 'http\.https\:\/\/github\.com\/\.extraheader' && git config --local --unset-all 'http.https://github.com/.extraheader' || :"
cain	Post Run actions/checkout@v4	2026-09-23T06:32:06.8962241Z [command]/usr/bin/git config --local --name-only --get-regexp ^includeIf\.gitdir:
cain	Post Run actions/checkout@v4	2026-09-23T06:32:06.9013544Z [command]/usr/bin/git submodule foreach --recursive git config --local --show-origin --name-only --get-regexp remote.origin.url
cain	Complete job	﻿2026-09-23T06:32:06.9282714Z Cleaning up orphan processes
cain	Complete job	2026-09-23T06:32:06.9477716Z ##[warning]Node.js 20 is deprecated. The following actions target Node.js 20 but are being forced to run on Node.js 24: actions/checkout@v4, actions/upload-artifact@v4. For more information see: https://github.blog/changelog/2025-09-19-deprecation-of-node-20-on-github-actions-runners/
predictor-ops	Set up job	﻿2026-09-23T06:30:19.8806776Z Current runner version: '2.337.0'
predictor-ops	Set up job	2026-09-23T06:30:19.8823911Z ##[group]Runner Image Provisioner
predictor-ops	Set up job	2026-09-23T06:30:19.8824720Z Hosted Compute Agent
predictor-ops	Set up job	2026-09-23T06:30:19.8825165Z Version: 20260828.587
predictor-ops	Set up job	2026-09-23T06:30:19.8825599Z Commit: abac92662cab4cc7352de4f9f9d2e2419aad9c29
predictor-ops	Set up job	2026-09-23T06:30:19.8826106Z Build Date: 2026-08-28T16:44:25Z
predictor-ops	Set up job	2026-09-23T06:30:19.8826578Z Worker ID: {894d85d1-451b-4a3c-a1a4-2e2dd16f3544}
predictor-ops	Set up job	2026-09-23T06:30:19.8827074Z Azure Region: centralus
predictor-ops	Set up job	2026-09-23T06:30:19.8827666Z ##[endgroup]
predictor-ops	Set up job	2026-09-23T06:30:19.8828629Z ##[group]Operating System
predictor-ops	Set up job	2026-09-23T06:30:19.8829071Z Ubuntu
predictor-ops	Set up job	2026-09-23T06:30:19.8829438Z 24.04.5
predictor-ops	Set up job	2026-09-23T06:30:19.8829819Z LTS
predictor-ops	Set up job	2026-09-23T06:30:19.8830172Z ##[endgroup]
predictor-ops	Set up job	2026-09-23T06:30:19.8830525Z ##[group]Runner Image
predictor-ops	Set up job	2026-09-23T06:30:19.8830942Z Image: ubuntu-24.04
predictor-ops	Set up job	2026-09-23T06:30:19.8831336Z Version: 20260907.300.1
predictor-ops	Set up job	2026-09-23T06:30:19.8832041Z Included Software: https://github.com/actions/runner-images/blob/ubuntu24/20260907.300/images/ubuntu/Ubuntu2404-Readme.md
predictor-ops	Set up job	2026-09-23T06:30:19.8833218Z Image Release: https://github.com/actions/runner-images/releases/tag/ubuntu24%2F20260907.300
predictor-ops	Set up job	2026-09-23T06:30:19.8833881Z ##[endgroup]
predictor-ops	Set up job	2026-09-23T06:30:19.8834625Z ##[group]GITHUB_TOKEN Permissions
predictor-ops	Set up job	2026-09-23T06:30:19.8836616Z Contents: read
predictor-ops	Set up job	2026-09-23T06:30:19.8837014Z Metadata: read
predictor-ops	Set up job	2026-09-23T06:30:19.8837576Z ##[endgroup]
predictor-ops	Set up job	2026-09-23T06:30:19.8839024Z Secret source: Actions
predictor-ops	Set up job	2026-09-23T06:30:19.8839662Z Cache mode: write
predictor-ops	Set up job	2026-09-23T06:30:19.8840126Z Prepare workflow directory
predictor-ops	Set up job	2026-09-23T06:30:19.9095103Z Prepare all required actions
predictor-ops	Set up job	2026-09-23T06:30:19.9129876Z Getting action download info
predictor-ops	Set up job	2026-09-23T06:30:20.1334437Z Download action repository 'actions/checkout@v4' (SHA:11d5960a326750d5838078e36cf38b85af677262)
predictor-ops	Set up job	2026-09-23T06:30:20.5394882Z Download action repository 'actions/upload-artifact@v4' (SHA:ea165f8d65b6e75b540449e92b4886f43607fa02)
predictor-ops	Set up job	2026-09-23T06:30:20.8932851Z Complete job name: predictor-ops
predictor-ops	Run actions/checkout@v4	﻿2026-09-23T06:30:20.9435116Z Node 20 is being deprecated. This workflow is running with Node 24 by default. If you need to temporarily use Node 20, you can set the ACTIONS_ALLOW_USE_UNSECURE_NODE_VERSION=true environment variable. For more information see: https://github.blog/changelog/2025-09-19-deprecation-of-node-20-on-github-actions-runners/
predictor-ops	Run actions/checkout@v4	2026-09-23T06:30:20.9441344Z ##[group]Run actions/checkout@v4
predictor-ops	Run actions/checkout@v4	2026-09-23T06:30:20.9441989Z with:
predictor-ops	Run actions/checkout@v4	2026-09-23T06:30:20.9442387Z   persist-credentials: false
predictor-ops	Run actions/checkout@v4	2026-09-23T06:30:20.9442865Z   repository: leonardosovienski/predictor-qualification
predictor-ops	Run actions/checkout@v4	2026-09-23T06:30:20.9445746Z   token: ***
predictor-ops	Run actions/checkout@v4	2026-09-23T06:30:20.9446096Z   ssh-strict: true
predictor-ops	Run actions/checkout@v4	2026-09-23T06:30:20.9446556Z   ssh-user: git
predictor-ops	Run actions/checkout@v4	2026-09-23T06:30:20.9446928Z   clean: true
predictor-ops	Run actions/checkout@v4	2026-09-23T06:30:20.9447494Z   sparse-checkout-cone-mode: true
predictor-ops	Run actions/checkout@v4	2026-09-23T06:30:20.9448082Z   fetch-depth: 1
predictor-ops	Run actions/checkout@v4	2026-09-23T06:30:20.9448439Z   fetch-tags: false
predictor-ops	Run actions/checkout@v4	2026-09-23T06:30:20.9448815Z   show-progress: true
predictor-ops	Run actions/checkout@v4	2026-09-23T06:30:20.9449196Z   lfs: false
predictor-ops	Run actions/checkout@v4	2026-09-23T06:30:20.9449555Z   submodules: false
predictor-ops	Run actions/checkout@v4	2026-09-23T06:30:20.9450062Z   set-safe-directory: true
predictor-ops	Run actions/checkout@v4	2026-09-23T06:30:20.9450472Z   allow-unsafe-pr-checkout: false
predictor-ops	Run actions/checkout@v4	2026-09-23T06:30:20.9451033Z ##[endgroup]
predictor-ops	Run actions/checkout@v4	2026-09-23T06:30:21.0195655Z Syncing repository: leonardosovienski/predictor-qualification
predictor-ops	Run actions/checkout@v4	2026-09-23T06:30:21.0198139Z ##[group]Getting Git version info
predictor-ops	Run actions/checkout@v4	2026-09-23T06:30:21.0199311Z Working directory is '/home/runner/work/predictor-qualification/predictor-qualification'
predictor-ops	Run actions/checkout@v4	2026-09-23T06:30:21.0200672Z [command]/usr/bin/git version
predictor-ops	Run actions/checkout@v4	2026-09-23T06:30:21.3642416Z git version 2.55.0
predictor-ops	Run actions/checkout@v4	2026-09-23T06:30:21.3657634Z ##[endgroup]
predictor-ops	Run actions/checkout@v4	2026-09-23T06:30:21.3669162Z Temporarily overriding HOME='/home/runner/work/_temp/61960f9c-6650-461c-8de4-da55937b45a4' before making global git config changes
predictor-ops	Run actions/checkout@v4	2026-09-23T06:30:21.3671411Z Adding repository directory to the temporary git global config as a safe directory
predictor-ops	Run actions/checkout@v4	2026-09-23T06:30:21.3673750Z [command]/usr/bin/git config --global --add safe.directory /home/runner/work/predictor-qualification/predictor-qualification
predictor-ops	Run actions/checkout@v4	2026-09-23T06:30:21.3716744Z Deleting the contents of '/home/runner/work/predictor-qualification/predictor-qualification'
predictor-ops	Run actions/checkout@v4	2026-09-23T06:30:21.3721521Z ##[group]Initializing the repository
predictor-ops	Run actions/checkout@v4	2026-09-23T06:30:21.3725038Z [command]/usr/bin/git init /home/runner/work/predictor-qualification/predictor-qualification
predictor-ops	Run actions/checkout@v4	2026-09-23T06:30:21.3911456Z hint: Using 'master' as the name for the initial branch. This default branch name
predictor-ops	Run actions/checkout@v4	2026-09-23T06:30:21.3913167Z hint: will change to "main" in Git 3.0. To configure the initial branch name
predictor-ops	Run actions/checkout@v4	2026-09-23T06:30:21.3915388Z hint: to use in all of your new repositories, which will suppress this warning,
predictor-ops	Run actions/checkout@v4	2026-09-23T06:30:21.3916846Z hint: call:
predictor-ops	Run actions/checkout@v4	2026-09-23T06:30:21.3917748Z hint:
predictor-ops	Run actions/checkout@v4	2026-09-23T06:30:21.3918657Z hint: 	git config --global init.defaultBranch <name>
predictor-ops	Run actions/checkout@v4	2026-09-23T06:30:21.3919860Z hint:
predictor-ops	Run actions/checkout@v4	2026-09-23T06:30:21.3921022Z hint: Names commonly chosen instead of 'master' are 'main', 'trunk' and
predictor-ops	Run actions/checkout@v4	2026-09-23T06:30:21.3922593Z hint: 'development'. The just-created branch can be renamed via this command:
predictor-ops	Run actions/checkout@v4	2026-09-23T06:30:21.3924012Z hint:
predictor-ops	Run actions/checkout@v4	2026-09-23T06:30:21.3924997Z hint: 	git branch -m <name>
predictor-ops	Run actions/checkout@v4	2026-09-23T06:30:21.3926261Z hint:
predictor-ops	Run actions/checkout@v4	2026-09-23T06:30:21.3927746Z hint: Disable this message with "git config set advice.defaultBranchName false"
predictor-ops	Run actions/checkout@v4	2026-09-23T06:30:21.3930391Z Initialized empty Git repository in /home/runner/work/predictor-qualification/predictor-qualification/.git/
predictor-ops	Run actions/checkout@v4	2026-09-23T06:30:21.3934626Z [command]/usr/bin/git remote add origin https://github.com/leonardosovienski/predictor-qualification
predictor-ops	Run actions/checkout@v4	2026-09-23T06:30:21.4058237Z ##[endgroup]
predictor-ops	Run actions/checkout@v4	2026-09-23T06:30:21.4060260Z ##[group]Disabling automatic garbage collection
predictor-ops	Run actions/checkout@v4	2026-09-23T06:30:21.4061753Z [command]/usr/bin/git config --local gc.auto 0
predictor-ops	Run actions/checkout@v4	2026-09-23T06:30:21.4083176Z ##[endgroup]
predictor-ops	Run actions/checkout@v4	2026-09-23T06:30:21.4084792Z ##[group]Setting up auth
predictor-ops	Run actions/checkout@v4	2026-09-23T06:30:21.4086658Z [command]/usr/bin/git config --local --name-only --get-regexp core\.sshCommand
predictor-ops	Run actions/checkout@v4	2026-09-23T06:30:21.4110002Z [command]/usr/bin/git submodule foreach --recursive sh -c "git config --local --name-only --get-regexp 'core\.sshCommand' && git config --local --unset-all 'core.sshCommand' || :"
predictor-ops	Run actions/checkout@v4	2026-09-23T06:30:21.4504176Z [command]/usr/bin/git config --local --name-only --get-regexp http\.https\:\/\/github\.com\/\.extraheader
predictor-ops	Run actions/checkout@v4	2026-09-23T06:30:21.4527892Z [command]/usr/bin/git submodule foreach --recursive sh -c "git config --local --name-only --get-regexp 'http\.https\:\/\/github\.com\/\.extraheader' && git config --local --unset-all 'http.https://github.com/.extraheader' || :"
predictor-ops	Run actions/checkout@v4	2026-09-23T06:30:21.4672051Z [command]/usr/bin/git config --local --name-only --get-regexp ^includeIf\.gitdir:
predictor-ops	Run actions/checkout@v4	2026-09-23T06:30:21.4695617Z [command]/usr/bin/git submodule foreach --recursive git config --local --show-origin --name-only --get-regexp remote.origin.url
predictor-ops	Run actions/checkout@v4	2026-09-23T06:30:21.4842675Z [command]/usr/bin/git config --local http.https://github.com/.extraheader AUTHORIZATION: basic ***
predictor-ops	Run actions/checkout@v4	2026-09-23T06:30:21.5633727Z ##[endgroup]
predictor-ops	Run actions/checkout@v4	2026-09-23T06:30:21.5635176Z ##[group]Fetching the repository
predictor-ops	Run actions/checkout@v4	2026-09-23T06:30:21.5642830Z [command]/usr/bin/git -c protocol.version=2 fetch --no-tags --prune --no-recurse-submodules --depth=1 origin +e8dae4109c56d8bbd964a83e1c5f787d38906f02:refs/remotes/origin/shared/baseline-v1
predictor-ops	Run actions/checkout@v4	2026-09-23T06:30:23.0109738Z From https://github.com/leonardosovienski/predictor-qualification
predictor-ops	Run actions/checkout@v4	2026-09-23T06:30:23.0110758Z  * [new ref]         e8dae4109c56d8bbd964a83e1c5f787d38906f02 -> origin/shared/baseline-v1
predictor-ops	Run actions/checkout@v4	2026-09-23T06:30:23.0116724Z ##[endgroup]
predictor-ops	Run actions/checkout@v4	2026-09-23T06:30:23.0117720Z ##[group]Determining the checkout info
predictor-ops	Run actions/checkout@v4	2026-09-23T06:30:23.0118589Z ##[endgroup]
predictor-ops	Run actions/checkout@v4	2026-09-23T06:30:23.0125996Z [command]/usr/bin/git sparse-checkout disable
predictor-ops	Run actions/checkout@v4	2026-09-23T06:30:23.0169554Z [command]/usr/bin/git config --local --unset-all extensions.worktreeConfig
predictor-ops	Run actions/checkout@v4	2026-09-23T06:30:23.0194644Z ##[group]Checking out the ref
predictor-ops	Run actions/checkout@v4	2026-09-23T06:30:23.0199358Z [command]/usr/bin/git checkout --progress --force -B shared/baseline-v1 refs/remotes/origin/shared/baseline-v1
predictor-ops	Run actions/checkout@v4	2026-09-23T06:30:23.0530942Z Switched to a new branch 'shared/baseline-v1'
predictor-ops	Run actions/checkout@v4	2026-09-23T06:30:23.0534666Z branch 'shared/baseline-v1' set up to track 'origin/shared/baseline-v1'.
predictor-ops	Run actions/checkout@v4	2026-09-23T06:30:23.0539646Z ##[endgroup]
predictor-ops	Run actions/checkout@v4	2026-09-23T06:30:23.0585295Z [command]/usr/bin/git log -1 --format=%H
predictor-ops	Run actions/checkout@v4	2026-09-23T06:30:23.0605220Z e8dae4109c56d8bbd964a83e1c5f787d38906f02
predictor-ops	Run actions/checkout@v4	2026-09-23T06:30:23.0612540Z ##[group]Removing auth
predictor-ops	Run actions/checkout@v4	2026-09-23T06:30:23.0615801Z [command]/usr/bin/git config --local --name-only --get-regexp core\.sshCommand
predictor-ops	Run actions/checkout@v4	2026-09-23T06:30:23.0639526Z [command]/usr/bin/git submodule foreach --recursive sh -c "git config --local --name-only --get-regexp 'core\.sshCommand' && git config --local --unset-all 'core.sshCommand' || :"
predictor-ops	Run actions/checkout@v4	2026-09-23T06:30:23.0798971Z [command]/usr/bin/git config --local --name-only --get-regexp http\.https\:\/\/github\.com\/\.extraheader
predictor-ops	Run actions/checkout@v4	2026-09-23T06:30:23.0818209Z http.https://github.com/.extraheader
predictor-ops	Run actions/checkout@v4	2026-09-23T06:30:23.0822646Z [command]/usr/bin/git config --local --unset-all http.https://github.com/.extraheader
predictor-ops	Run actions/checkout@v4	2026-09-23T06:30:23.0846624Z [command]/usr/bin/git submodule foreach --recursive sh -c "git config --local --name-only --get-regexp 'http\.https\:\/\/github\.com\/\.extraheader' && git config --local --unset-all 'http.https://github.com/.extraheader' || :"
predictor-ops	Run actions/checkout@v4	2026-09-23T06:30:23.0996953Z [command]/usr/bin/git config --local --name-only --get-regexp ^includeIf\.gitdir:
predictor-ops	Run actions/checkout@v4	2026-09-23T06:30:23.1017819Z [command]/usr/bin/git submodule foreach --recursive git config --local --show-origin --name-only --get-regexp remote.origin.url
predictor-ops	Run actions/checkout@v4	2026-09-23T06:30:23.1171341Z ##[endgroup]
predictor-ops	uv e Python fixados pelo plano	﻿2026-09-23T06:30:23.1327647Z ##[group]Run plan=qualification/shared/SHARED-002/CLEANROOM_PLAN_V2.json
predictor-ops	uv e Python fixados pelo plano	2026-09-23T06:30:23.1328361Z ^[[36;1mplan=qualification/shared/SHARED-002/CLEANROOM_PLAN_V2.json^[[0m
predictor-ops	uv e Python fixados pelo plano	2026-09-23T06:30:23.1328831Z ^[[36;1muv_version=$(jq -r .environment.uv_version "$plan")^[[0m
predictor-ops	uv e Python fixados pelo plano	2026-09-23T06:30:23.1329250Z ^[[36;1muv_asset=$(jq -r .environment.uv_asset "$plan")^[[0m
predictor-ops	uv e Python fixados pelo plano	2026-09-23T06:30:23.1329670Z ^[[36;1muv_sha=$(jq -r .environment.uv_sha256 "$plan")^[[0m
predictor-ops	uv e Python fixados pelo plano	2026-09-23T06:30:23.1330093Z ^[[36;1mpy=$(jq -r .environment.python "$plan")^[[0m
predictor-ops	uv e Python fixados pelo plano	2026-09-23T06:30:23.1330473Z ^[[36;1mtools="$RUNNER_TEMP/tools"^[[0m
predictor-ops	uv e Python fixados pelo plano	2026-09-23T06:30:23.1330867Z ^[[36;1mmkdir -p "$tools/uv"^[[0m
predictor-ops	uv e Python fixados pelo plano	2026-09-23T06:30:23.1331380Z ^[[36;1mcurl -sSfL -o "$tools/$uv_asset" "https://github.com/astral-sh/uv/releases/download/$uv_version/$uv_asset"^[[0m
predictor-ops	uv e Python fixados pelo plano	2026-09-23T06:30:23.1331943Z ^[[36;1mecho "$uv_sha  $tools/$uv_asset" | sha256sum -c -^[[0m
predictor-ops	uv e Python fixados pelo plano	2026-09-23T06:30:23.1332381Z ^[[36;1mtar -xzf "$tools/$uv_asset" -C "$tools/uv" --strip-components=1^[[0m
predictor-ops	uv e Python fixados pelo plano	2026-09-23T06:30:23.1332911Z ^[[36;1mexport UV_PYTHON_INSTALL_DIR="$tools/python" UV_PYTHON_PREFERENCE=only-managed UV_NO_CONFIG=1^[[0m
predictor-ops	uv e Python fixados pelo plano	2026-09-23T06:30:23.1333508Z ^[[36;1m"$tools/uv/uv" python install "$py"^[[0m
predictor-ops	uv e Python fixados pelo plano	2026-09-23T06:30:23.1333876Z ^[[36;1mecho "CLEANROOM_UV=$tools/uv/uv" >> "$GITHUB_ENV"^[[0m
predictor-ops	uv e Python fixados pelo plano	2026-09-23T06:30:23.1334306Z ^[[36;1mecho "UV_PYTHON_INSTALL_DIR=$tools/python" >> "$GITHUB_ENV"^[[0m
predictor-ops	uv e Python fixados pelo plano	2026-09-23T06:30:23.1334745Z ^[[36;1mecho "UV_CACHE_DIR=$tools/uv-cache" >> "$GITHUB_ENV"^[[0m
predictor-ops	uv e Python fixados pelo plano	2026-09-23T06:30:23.1335230Z ^[[36;1mecho "CLEANROOM_PYTHON=$("$tools/uv/uv" python find "$py")" >> "$GITHUB_ENV"^[[0m
predictor-ops	uv e Python fixados pelo plano	2026-09-23T06:30:23.1362651Z shell: /usr/bin/bash -e {0}
predictor-ops	uv e Python fixados pelo plano	2026-09-23T06:30:23.1363023Z ##[endgroup]
predictor-ops	uv e Python fixados pelo plano	2026-09-23T06:30:23.7242044Z /home/runner/work/_temp/tools/uv-x86_64-unknown-linux-gnu.tar.gz: OK
predictor-ops	uv e Python fixados pelo plano	2026-09-23T06:30:24.1494767Z Downloading cpython-3.13.15-linux-x86_64-gnu (download) (33.2MiB)
predictor-ops	uv e Python fixados pelo plano	2026-09-23T06:30:24.8094008Z  Downloaded cpython-3.13.15-linux-x86_64-gnu (download)
predictor-ops	uv e Python fixados pelo plano	2026-09-23T06:30:25.0077564Z Installed Python 3.13.15 in 961ms
predictor-ops	uv e Python fixados pelo plano	2026-09-23T06:30:25.0078116Z  + cpython-3.13.15-linux-x86_64-gnu (python3.13)
predictor-ops	Cleanroom	﻿2026-09-23T06:30:25.1375717Z ##[group]Run "$CLEANROOM_PYTHON" -I qualification/shared/scripts/cleanroom_baseline.py \
predictor-ops	Cleanroom	2026-09-23T06:30:25.1376223Z ^[[36;1m"$CLEANROOM_PYTHON" -I qualification/shared/scripts/cleanroom_baseline.py \^[[0m
predictor-ops	Cleanroom	2026-09-23T06:30:25.1376733Z ^[[36;1m  qualification/shared/SHARED-002/CLEANROOM_PLAN_V2.json "predictor-ops" "$RUNNER_TEMP/out/predictor-ops"^[[0m
predictor-ops	Cleanroom	2026-09-23T06:30:25.1396449Z shell: /usr/bin/bash -e {0}
predictor-ops	Cleanroom	2026-09-23T06:30:25.1396813Z env:
predictor-ops	Cleanroom	2026-09-23T06:30:25.1397175Z   CLEANROOM_UV: /home/runner/work/_temp/tools/uv/uv
predictor-ops	Cleanroom	2026-09-23T06:30:25.1397713Z   UV_PYTHON_INSTALL_DIR: /home/runner/work/_temp/tools/python
predictor-ops	Cleanroom	2026-09-23T06:30:25.1398032Z   UV_CACHE_DIR: /home/runner/work/_temp/tools/uv-cache
predictor-ops	Cleanroom	2026-09-23T06:30:25.1398433Z   CLEANROOM_PYTHON: /home/runner/work/_temp/tools/python/cpython-3.13.15-linux-x86_64-gnu/bin/python3.13
predictor-ops	Cleanroom	2026-09-23T06:30:25.1398855Z ##[endgroup]
predictor-ops	Cleanroom	2026-09-23T06:31:04.9707523Z {"repo": "predictor-ops", "published": [{"tests": 88, "failures": 3, "errors": 0, "skipped": 0, "passed": 85, "failed_ids": ["tests_v2.test_provenance::test_source_clean_dirty_detached_and_missing_commit", "tests_v2.test_provenance::test_strict_editable_fails_closed_and_permissive_is_safe", "tests_v2.test_runner_extended::test_strict_setup_failure_is_terminal_and_child_never_runs"]}], "head_build": [{"tests": 88, "failures": 3, "errors": 0, "skipped": 0, "passed": 85, "failed_ids": ["tests_v2.test_provenance::test_source_clean_dirty_detached_and_missing_commit", "tests_v2.test_provenance::test_strict_editable_fails_closed_and_permissive_is_safe", "tests_v2.test_runner_extended::test_strict_setup_failure_is_terminal_and_child_never_runs"]}]}
predictor-ops	Run actions/upload-artifact@v4	﻿2026-09-23T06:31:04.9868577Z Node 20 is being deprecated. This workflow is running with Node 24 by default. If you need to temporarily use Node 20, you can set the ACTIONS_ALLOW_USE_UNSECURE_NODE_VERSION=true environment variable. For more information see: https://github.blog/changelog/2025-09-19-deprecation-of-node-20-on-github-actions-runners/
predictor-ops	Run actions/upload-artifact@v4	2026-09-23T06:31:04.9870019Z ##[group]Run actions/upload-artifact@v4
predictor-ops	Run actions/upload-artifact@v4	2026-09-23T06:31:04.9870289Z with:
predictor-ops	Run actions/upload-artifact@v4	2026-09-23T06:31:04.9870515Z   name: cleanroom-predictor-ops
predictor-ops	Run actions/upload-artifact@v4	2026-09-23T06:31:04.9870782Z   path: /home/runner/work/_temp/out/predictor-ops
predictor-ops	Run actions/upload-artifact@v4	2026-09-23T06:31:04.9871121Z   if-no-files-found: error
predictor-ops	Run actions/upload-artifact@v4	2026-09-23T06:31:04.9871353Z   compression-level: 6
predictor-ops	Run actions/upload-artifact@v4	2026-09-23T06:31:04.9871582Z   overwrite: false
predictor-ops	Run actions/upload-artifact@v4	2026-09-23T06:31:04.9871855Z   include-hidden-files: false
predictor-ops	Run actions/upload-artifact@v4	2026-09-23T06:31:04.9872078Z env:
predictor-ops	Run actions/upload-artifact@v4	2026-09-23T06:31:04.9872338Z   CLEANROOM_UV: /home/runner/work/_temp/tools/uv/uv
predictor-ops	Run actions/upload-artifact@v4	2026-09-23T06:31:04.9872651Z   UV_PYTHON_INSTALL_DIR: /home/runner/work/_temp/tools/python
predictor-ops	Run actions/upload-artifact@v4	2026-09-23T06:31:04.9872951Z   UV_CACHE_DIR: /home/runner/work/_temp/tools/uv-cache
predictor-ops	Run actions/upload-artifact@v4	2026-09-23T06:31:04.9873461Z   CLEANROOM_PYTHON: /home/runner/work/_temp/tools/python/cpython-3.13.15-linux-x86_64-gnu/bin/python3.13
predictor-ops	Run actions/upload-artifact@v4	2026-09-23T06:31:04.9873845Z ##[endgroup]
predictor-ops	Run actions/upload-artifact@v4	2026-09-23T06:31:05.1056410Z (node:2749) [DEP0040] DeprecationWarning: The `punycode` module is deprecated. Please use a userland alternative instead.
predictor-ops	Run actions/upload-artifact@v4	2026-09-23T06:31:05.1057101Z (Use `node --trace-deprecation ...` to show where the warning was created)
predictor-ops	Run actions/upload-artifact@v4	2026-09-23T06:31:05.1133848Z With the provided path, there will be 28 files uploaded
predictor-ops	Run actions/upload-artifact@v4	2026-09-23T06:31:05.1137785Z Artifact name is valid!
predictor-ops	Run actions/upload-artifact@v4	2026-09-23T06:31:05.1138386Z Root directory input is valid!
predictor-ops	Run actions/upload-artifact@v4	2026-09-23T06:31:05.3921415Z Beginning upload of artifact content to blob storage
predictor-ops	Run actions/upload-artifact@v4	2026-09-23T06:31:05.4278917Z (node:2749) [DEP0169] DeprecationWarning: `url.parse()` behavior is not standardized and prone to errors that have security implications. Use the WHATWG URL API instead. CVEs are not issued for `url.parse()` vulnerabilities.
predictor-ops	Run actions/upload-artifact@v4	2026-09-23T06:31:05.6458400Z Uploaded bytes 44840
predictor-ops	Run actions/upload-artifact@v4	2026-09-23T06:31:05.6900601Z Finished uploading artifact content to blob storage!
predictor-ops	Run actions/upload-artifact@v4	2026-09-23T06:31:05.6901371Z SHA256 digest of uploaded artifact zip is 48352b4b9500472ac89eb49279a0ba40eb24fd311518adf37595ad68ebd5c655
predictor-ops	Run actions/upload-artifact@v4	2026-09-23T06:31:05.6902153Z Finalizing artifact upload
predictor-ops	Run actions/upload-artifact@v4	2026-09-23T06:31:05.8995962Z Artifact cleanroom-predictor-ops.zip successfully finalized. Artifact ID 10735845737
predictor-ops	Run actions/upload-artifact@v4	2026-09-23T06:31:05.8996950Z Artifact cleanroom-predictor-ops has been successfully uploaded! Final size is 44840 bytes. Artifact ID is 10735845737
predictor-ops	Run actions/upload-artifact@v4	2026-09-23T06:31:05.9001311Z Artifact download URL: https://github.com/leonardosovienski/predictor-qualification/actions/runs/35827048915/artifacts/10735845737
predictor-ops	Post Run actions/checkout@v4	﻿2026-09-23T06:31:05.9156329Z Node 20 is being deprecated. This workflow is running with Node 24 by default. If you need to temporarily use Node 20, you can set the ACTIONS_ALLOW_USE_UNSECURE_NODE_VERSION=true environment variable. For more information see: https://github.blog/changelog/2025-09-19-deprecation-of-node-20-on-github-actions-runners/
predictor-ops	Post Run actions/checkout@v4	2026-09-23T06:31:05.9157643Z Post job cleanup.
predictor-ops	Post Run actions/checkout@v4	2026-09-23T06:31:05.9775127Z [command]/usr/bin/git version
predictor-ops	Post Run actions/checkout@v4	2026-09-23T06:31:05.9803387Z git version 2.55.0
predictor-ops	Post Run actions/checkout@v4	2026-09-23T06:31:05.9827110Z Temporarily overriding HOME='/home/runner/work/_temp/b669df60-ceed-4f16-9094-831f39f9608e' before making global git config changes
predictor-ops	Post Run actions/checkout@v4	2026-09-23T06:31:05.9828452Z Adding repository directory to the temporary git global config as a safe directory
predictor-ops	Post Run actions/checkout@v4	2026-09-23T06:31:05.9830418Z [command]/usr/bin/git config --global --add safe.directory /home/runner/work/predictor-qualification/predictor-qualification
predictor-ops	Post Run actions/checkout@v4	2026-09-23T06:31:05.9858574Z [command]/usr/bin/git config --local --name-only --get-regexp core\.sshCommand
predictor-ops	Post Run actions/checkout@v4	2026-09-23T06:31:05.9881657Z [command]/usr/bin/git submodule foreach --recursive sh -c "git config --local --name-only --get-regexp 'core\.sshCommand' && git config --local --unset-all 'core.sshCommand' || :"
predictor-ops	Post Run actions/checkout@v4	2026-09-23T06:31:06.0044853Z [command]/usr/bin/git config --local --name-only --get-regexp http\.https\:\/\/github\.com\/\.extraheader
predictor-ops	Post Run actions/checkout@v4	2026-09-23T06:31:06.0067475Z [command]/usr/bin/git submodule foreach --recursive sh -c "git config --local --name-only --get-regexp 'http\.https\:\/\/github\.com\/\.extraheader' && git config --local --unset-all 'http.https://github.com/.extraheader' || :"
predictor-ops	Post Run actions/checkout@v4	2026-09-23T06:31:06.0222650Z [command]/usr/bin/git config --local --name-only --get-regexp ^includeIf\.gitdir:
predictor-ops	Post Run actions/checkout@v4	2026-09-23T06:31:06.0244104Z [command]/usr/bin/git submodule foreach --recursive git config --local --show-origin --name-only --get-regexp remote.origin.url
predictor-ops	Complete job	﻿2026-09-23T06:31:06.0511781Z Cleaning up orphan processes
predictor-ops	Complete job	2026-09-23T06:31:06.0687788Z ##[warning]Node.js 20 is deprecated. The following actions target Node.js 20 but are being forced to run on Node.js 24: actions/checkout@v4, actions/upload-artifact@v4. For more information see: https://github.blog/changelog/2025-09-19-deprecation-of-node-20-on-github-actions-runners/
core-predictor	Set up job	﻿2026-09-23T06:30:19.2728394Z Current runner version: '2.337.0'
core-predictor	Set up job	2026-09-23T06:30:19.2768328Z ##[group]Runner Image Provisioner
core-predictor	Set up job	2026-09-23T06:30:19.2769574Z Hosted Compute Agent
core-predictor	Set up job	2026-09-23T06:30:19.2770628Z Version: 20260828.587
core-predictor	Set up job	2026-09-23T06:30:19.2771791Z Commit: abac92662cab4cc7352de4f9f9d2e2419aad9c29
core-predictor	Set up job	2026-09-23T06:30:19.2773353Z Build Date: 2026-08-28T16:44:25Z
core-predictor	Set up job	2026-09-23T06:30:19.2774548Z Worker ID: {22e4d633-028b-4f27-a346-3a0795ef7768}
core-predictor	Set up job	2026-09-23T06:30:19.2775787Z Azure Region: eastus
core-predictor	Set up job	2026-09-23T06:30:19.2776906Z ##[endgroup]
core-predictor	Set up job	2026-09-23T06:30:19.2779208Z ##[group]Operating System
core-predictor	Set up job	2026-09-23T06:30:19.2780376Z Ubuntu
core-predictor	Set up job	2026-09-23T06:30:19.2781221Z 24.04.5
core-predictor	Set up job	2026-09-23T06:30:19.2781983Z LTS
core-predictor	Set up job	2026-09-23T06:30:19.2783269Z ##[endgroup]
core-predictor	Set up job	2026-09-23T06:30:19.2784309Z ##[group]Runner Image
core-predictor	Set up job	2026-09-23T06:30:19.2785331Z Image: ubuntu-24.04
core-predictor	Set up job	2026-09-23T06:30:19.2786363Z Version: 20260907.300.1
core-predictor	Set up job	2026-09-23T06:30:19.2788179Z Included Software: https://github.com/actions/runner-images/blob/ubuntu24/20260907.300/images/ubuntu/Ubuntu2404-Readme.md
core-predictor	Set up job	2026-09-23T06:30:19.2791215Z Image Release: https://github.com/actions/runner-images/releases/tag/ubuntu24%2F20260907.300
core-predictor	Set up job	2026-09-23T06:30:19.2793840Z ##[endgroup]
core-predictor	Set up job	2026-09-23T06:30:19.2795655Z ##[group]GITHUB_TOKEN Permissions
core-predictor	Set up job	2026-09-23T06:30:19.2798713Z Contents: read
core-predictor	Set up job	2026-09-23T06:30:19.2799692Z Metadata: read
core-predictor	Set up job	2026-09-23T06:30:19.2800852Z ##[endgroup]
core-predictor	Set up job	2026-09-23T06:30:19.2804238Z Secret source: Actions
core-predictor	Set up job	2026-09-23T06:30:19.2805908Z Cache mode: write
core-predictor	Set up job	2026-09-23T06:30:19.2807438Z Prepare workflow directory
core-predictor	Set up job	2026-09-23T06:30:19.3296369Z Prepare all required actions
core-predictor	Set up job	2026-09-23T06:30:19.3369165Z Getting action download info
core-predictor	Set up job	2026-09-23T06:30:19.5574718Z Download action repository 'actions/checkout@v4' (SHA:11d5960a326750d5838078e36cf38b85af677262)
core-predictor	Set up job	2026-09-23T06:30:19.6853332Z Download action repository 'actions/upload-artifact@v4' (SHA:ea165f8d65b6e75b540449e92b4886f43607fa02)
core-predictor	Set up job	2026-09-23T06:30:19.9085983Z Complete job name: core-predictor
core-predictor	Run actions/checkout@v4	﻿2026-09-23T06:30:19.9895592Z Node 20 is being deprecated. This workflow is running with Node 24 by default. If you need to temporarily use Node 20, you can set the ACTIONS_ALLOW_USE_UNSECURE_NODE_VERSION=true environment variable. For more information see: https://github.blog/changelog/2025-09-19-deprecation-of-node-20-on-github-actions-runners/
core-predictor	Run actions/checkout@v4	2026-09-23T06:30:19.9904744Z ##[group]Run actions/checkout@v4
core-predictor	Run actions/checkout@v4	2026-09-23T06:30:19.9905528Z with:
core-predictor	Run actions/checkout@v4	2026-09-23T06:30:19.9906009Z   persist-credentials: false
core-predictor	Run actions/checkout@v4	2026-09-23T06:30:19.9906651Z   repository: leonardosovienski/predictor-qualification
core-predictor	Run actions/checkout@v4	2026-09-23T06:30:19.9910993Z   token: ***
core-predictor	Run actions/checkout@v4	2026-09-23T06:30:19.9911434Z   ssh-strict: true
core-predictor	Run actions/checkout@v4	2026-09-23T06:30:19.9911884Z   ssh-user: git
core-predictor	Run actions/checkout@v4	2026-09-23T06:30:19.9912318Z   clean: true
core-predictor	Run actions/checkout@v4	2026-09-23T06:30:19.9912954Z   sparse-checkout-cone-mode: true
core-predictor	Run actions/checkout@v4	2026-09-23T06:30:19.9913503Z   fetch-depth: 1
core-predictor	Run actions/checkout@v4	2026-09-23T06:30:19.9913942Z   fetch-tags: false
core-predictor	Run actions/checkout@v4	2026-09-23T06:30:19.9914392Z   show-progress: true
core-predictor	Run actions/checkout@v4	2026-09-23T06:30:19.9915082Z   lfs: false
core-predictor	Run actions/checkout@v4	2026-09-23T06:30:19.9915588Z   submodules: false
core-predictor	Run actions/checkout@v4	2026-09-23T06:30:19.9916100Z   set-safe-directory: true
core-predictor	Run actions/checkout@v4	2026-09-23T06:30:19.9916638Z   allow-unsafe-pr-checkout: false
core-predictor	Run actions/checkout@v4	2026-09-23T06:30:19.9917503Z ##[endgroup]
core-predictor	Run actions/checkout@v4	2026-09-23T06:30:20.0952597Z Syncing repository: leonardosovienski/predictor-qualification
core-predictor	Run actions/checkout@v4	2026-09-23T06:30:20.0955817Z ##[group]Getting Git version info
core-predictor	Run actions/checkout@v4	2026-09-23T06:30:20.0957289Z Working directory is '/home/runner/work/predictor-qualification/predictor-qualification'
core-predictor	Run actions/checkout@v4	2026-09-23T06:30:20.0959374Z [command]/usr/bin/git version
core-predictor	Run actions/checkout@v4	2026-09-23T06:30:20.1039138Z git version 2.55.0
core-predictor	Run actions/checkout@v4	2026-09-23T06:30:20.1079592Z ##[endgroup]
core-predictor	Run actions/checkout@v4	2026-09-23T06:30:20.1092318Z Temporarily overriding HOME='/home/runner/work/_temp/23d7cd3d-3299-41f7-9bbf-326b1fac7580' before making global git config changes
core-predictor	Run actions/checkout@v4	2026-09-23T06:30:20.1095337Z Adding repository directory to the temporary git global config as a safe directory
core-predictor	Run actions/checkout@v4	2026-09-23T06:30:20.1120057Z [command]/usr/bin/git config --global --add safe.directory /home/runner/work/predictor-qualification/predictor-qualification
core-predictor	Run actions/checkout@v4	2026-09-23T06:30:20.1179263Z Deleting the contents of '/home/runner/work/predictor-qualification/predictor-qualification'
core-predictor	Run actions/checkout@v4	2026-09-23T06:30:20.1184586Z ##[group]Initializing the repository
core-predictor	Run actions/checkout@v4	2026-09-23T06:30:20.1188708Z [command]/usr/bin/git init /home/runner/work/predictor-qualification/predictor-qualification
core-predictor	Run actions/checkout@v4	2026-09-23T06:30:20.1319390Z hint: Using 'master' as the name for the initial branch. This default branch name
core-predictor	Run actions/checkout@v4	2026-09-23T06:30:20.1321178Z hint: will change to "main" in Git 3.0. To configure the initial branch name
core-predictor	Run actions/checkout@v4	2026-09-23T06:30:20.1322884Z hint: to use in all of your new repositories, which will suppress this warning,
core-predictor	Run actions/checkout@v4	2026-09-23T06:30:20.1324575Z hint: call:
core-predictor	Run actions/checkout@v4	2026-09-23T06:30:20.1325216Z hint:
core-predictor	Run actions/checkout@v4	2026-09-23T06:30:20.1326304Z hint: 	git config --global init.defaultBranch <name>
core-predictor	Run actions/checkout@v4	2026-09-23T06:30:20.1327384Z hint:
core-predictor	Run actions/checkout@v4	2026-09-23T06:30:20.1328353Z hint: Names commonly chosen instead of 'master' are 'main', 'trunk' and
core-predictor	Run actions/checkout@v4	2026-09-23T06:30:20.1329934Z hint: 'development'. The just-created branch can be renamed via this command:
core-predictor	Run actions/checkout@v4	2026-09-23T06:30:20.1331248Z hint:
core-predictor	Run actions/checkout@v4	2026-09-23T06:30:20.1332043Z hint: 	git branch -m <name>
core-predictor	Run actions/checkout@v4	2026-09-23T06:30:20.1333193Z hint:
core-predictor	Run actions/checkout@v4	2026-09-23T06:30:20.1334240Z hint: Disable this message with "git config set advice.defaultBranchName false"
core-predictor	Run actions/checkout@v4	2026-09-23T06:30:20.1336270Z Initialized empty Git repository in /home/runner/work/predictor-qualification/predictor-qualification/.git/
core-predictor	Run actions/checkout@v4	2026-09-23T06:30:20.1339808Z [command]/usr/bin/git remote add origin https://github.com/leonardosovienski/predictor-qualification
core-predictor	Run actions/checkout@v4	2026-09-23T06:30:20.1396733Z ##[endgroup]
core-predictor	Run actions/checkout@v4	2026-09-23T06:30:20.1397730Z ##[group]Disabling automatic garbage collection
core-predictor	Run actions/checkout@v4	2026-09-23T06:30:20.1401333Z [command]/usr/bin/git config --local gc.auto 0
core-predictor	Run actions/checkout@v4	2026-09-23T06:30:20.1443680Z ##[endgroup]
core-predictor	Run actions/checkout@v4	2026-09-23T06:30:20.1444914Z ##[group]Setting up auth
core-predictor	Run actions/checkout@v4	2026-09-23T06:30:20.1450738Z [command]/usr/bin/git config --local --name-only --get-regexp core\.sshCommand
core-predictor	Run actions/checkout@v4	2026-09-23T06:30:20.1489527Z [command]/usr/bin/git submodule foreach --recursive sh -c "git config --local --name-only --get-regexp 'core\.sshCommand' && git config --local --unset-all 'core.sshCommand' || :"
core-predictor	Run actions/checkout@v4	2026-09-23T06:30:20.1927657Z [command]/usr/bin/git config --local --name-only --get-regexp http\.https\:\/\/github\.com\/\.extraheader
core-predictor	Run actions/checkout@v4	2026-09-23T06:30:20.1965980Z [command]/usr/bin/git submodule foreach --recursive sh -c "git config --local --name-only --get-regexp 'http\.https\:\/\/github\.com\/\.extraheader' && git config --local --unset-all 'http.https://github.com/.extraheader' || :"
core-predictor	Run actions/checkout@v4	2026-09-23T06:30:20.2204592Z [command]/usr/bin/git config --local --name-only --get-regexp ^includeIf\.gitdir:
core-predictor	Run actions/checkout@v4	2026-09-23T06:30:20.2243729Z [command]/usr/bin/git submodule foreach --recursive git config --local --show-origin --name-only --get-regexp remote.origin.url
core-predictor	Run actions/checkout@v4	2026-09-23T06:30:20.2488105Z [command]/usr/bin/git config --local http.https://github.com/.extraheader AUTHORIZATION: basic ***
core-predictor	Run actions/checkout@v4	2026-09-23T06:30:20.2532016Z ##[endgroup]
core-predictor	Run actions/checkout@v4	2026-09-23T06:30:20.2533900Z ##[group]Fetching the repository
core-predictor	Run actions/checkout@v4	2026-09-23T06:30:20.2544614Z [command]/usr/bin/git -c protocol.version=2 fetch --no-tags --prune --no-recurse-submodules --depth=1 origin +e8dae4109c56d8bbd964a83e1c5f787d38906f02:refs/remotes/origin/shared/baseline-v1
core-predictor	Run actions/checkout@v4	2026-09-23T06:30:20.7672384Z From https://github.com/leonardosovienski/predictor-qualification
core-predictor	Run actions/checkout@v4	2026-09-23T06:30:20.7676038Z  * [new ref]         e8dae4109c56d8bbd964a83e1c5f787d38906f02 -> origin/shared/baseline-v1
core-predictor	Run actions/checkout@v4	2026-09-23T06:30:20.7681735Z ##[endgroup]
core-predictor	Run actions/checkout@v4	2026-09-23T06:30:20.7684089Z ##[group]Determining the checkout info
core-predictor	Run actions/checkout@v4	2026-09-23T06:30:20.7686267Z ##[endgroup]
core-predictor	Run actions/checkout@v4	2026-09-23T06:30:20.7687740Z [command]/usr/bin/git sparse-checkout disable
core-predictor	Run actions/checkout@v4	2026-09-23T06:30:20.7747011Z [command]/usr/bin/git config --local --unset-all extensions.worktreeConfig
core-predictor	Run actions/checkout@v4	2026-09-23T06:30:20.7783873Z ##[group]Checking out the ref
core-predictor	Run actions/checkout@v4	2026-09-23T06:30:20.7788531Z [command]/usr/bin/git checkout --progress --force -B shared/baseline-v1 refs/remotes/origin/shared/baseline-v1
core-predictor	Run actions/checkout@v4	2026-09-23T06:30:20.8226556Z Switched to a new branch 'shared/baseline-v1'
core-predictor	Run actions/checkout@v4	2026-09-23T06:30:20.8230682Z branch 'shared/baseline-v1' set up to track 'origin/shared/baseline-v1'.
core-predictor	Run actions/checkout@v4	2026-09-23T06:30:20.8240423Z ##[endgroup]
core-predictor	Run actions/checkout@v4	2026-09-23T06:30:20.8288554Z [command]/usr/bin/git log -1 --format=%H
core-predictor	Run actions/checkout@v4	2026-09-23T06:30:20.8318178Z e8dae4109c56d8bbd964a83e1c5f787d38906f02
core-predictor	Run actions/checkout@v4	2026-09-23T06:30:20.8327985Z ##[group]Removing auth
core-predictor	Run actions/checkout@v4	2026-09-23T06:30:20.8331983Z [command]/usr/bin/git config --local --name-only --get-regexp core\.sshCommand
core-predictor	Run actions/checkout@v4	2026-09-23T06:30:20.8366956Z [command]/usr/bin/git submodule foreach --recursive sh -c "git config --local --name-only --get-regexp 'core\.sshCommand' && git config --local --unset-all 'core.sshCommand' || :"
core-predictor	Run actions/checkout@v4	2026-09-23T06:30:20.8597621Z [command]/usr/bin/git config --local --name-only --get-regexp http\.https\:\/\/github\.com\/\.extraheader
core-predictor	Run actions/checkout@v4	2026-09-23T06:30:20.8628654Z http.https://github.com/.extraheader
core-predictor	Run actions/checkout@v4	2026-09-23T06:30:20.8636515Z [command]/usr/bin/git config --local --unset-all http.https://github.com/.extraheader
core-predictor	Run actions/checkout@v4	2026-09-23T06:30:20.8674363Z [command]/usr/bin/git submodule foreach --recursive sh -c "git config --local --name-only --get-regexp 'http\.https\:\/\/github\.com\/\.extraheader' && git config --local --unset-all 'http.https://github.com/.extraheader' || :"
core-predictor	Run actions/checkout@v4	2026-09-23T06:30:20.8905496Z [command]/usr/bin/git config --local --name-only --get-regexp ^includeIf\.gitdir:
core-predictor	Run actions/checkout@v4	2026-09-23T06:30:20.8944098Z [command]/usr/bin/git submodule foreach --recursive git config --local --show-origin --name-only --get-regexp remote.origin.url
core-predictor	Run actions/checkout@v4	2026-09-23T06:30:20.9176685Z ##[endgroup]
core-predictor	uv e Python fixados pelo plano	﻿2026-09-23T06:30:20.9433502Z ##[group]Run plan=qualification/shared/SHARED-002/CLEANROOM_PLAN_V2.json
core-predictor	uv e Python fixados pelo plano	2026-09-23T06:30:20.9435738Z ^[[36;1mplan=qualification/shared/SHARED-002/CLEANROOM_PLAN_V2.json^[[0m
core-predictor	uv e Python fixados pelo plano	2026-09-23T06:30:20.9437617Z ^[[36;1muv_version=$(jq -r .environment.uv_version "$plan")^[[0m
core-predictor	uv e Python fixados pelo plano	2026-09-23T06:30:20.9439294Z ^[[36;1muv_asset=$(jq -r .environment.uv_asset "$plan")^[[0m
core-predictor	uv e Python fixados pelo plano	2026-09-23T06:30:20.9440875Z ^[[36;1muv_sha=$(jq -r .environment.uv_sha256 "$plan")^[[0m
core-predictor	uv e Python fixados pelo plano	2026-09-23T06:30:20.9442432Z ^[[36;1mpy=$(jq -r .environment.python "$plan")^[[0m
core-predictor	uv e Python fixados pelo plano	2026-09-23T06:30:20.9444204Z ^[[36;1mtools="$RUNNER_TEMP/tools"^[[0m
core-predictor	uv e Python fixados pelo plano	2026-09-23T06:30:20.9445518Z ^[[36;1mmkdir -p "$tools/uv"^[[0m
core-predictor	uv e Python fixados pelo plano	2026-09-23T06:30:20.9447572Z ^[[36;1mcurl -sSfL -o "$tools/$uv_asset" "https://github.com/astral-sh/uv/releases/download/$uv_version/$uv_asset"^[[0m
core-predictor	uv e Python fixados pelo plano	2026-09-23T06:30:20.9449868Z ^[[36;1mecho "$uv_sha  $tools/$uv_asset" | sha256sum -c -^[[0m
core-predictor	uv e Python fixados pelo plano	2026-09-23T06:30:20.9451606Z ^[[36;1mtar -xzf "$tools/$uv_asset" -C "$tools/uv" --strip-components=1^[[0m
core-predictor	uv e Python fixados pelo plano	2026-09-23T06:30:20.9454221Z ^[[36;1mexport UV_PYTHON_INSTALL_DIR="$tools/python" UV_PYTHON_PREFERENCE=only-managed UV_NO_CONFIG=1^[[0m
core-predictor	uv e Python fixados pelo plano	2026-09-23T06:30:20.9456359Z ^[[36;1m"$tools/uv/uv" python install "$py"^[[0m
core-predictor	uv e Python fixados pelo plano	2026-09-23T06:30:20.9457885Z ^[[36;1mecho "CLEANROOM_UV=$tools/uv/uv" >> "$GITHUB_ENV"^[[0m
core-predictor	uv e Python fixados pelo plano	2026-09-23T06:30:20.9459616Z ^[[36;1mecho "UV_PYTHON_INSTALL_DIR=$tools/python" >> "$GITHUB_ENV"^[[0m
core-predictor	uv e Python fixados pelo plano	2026-09-23T06:30:20.9461394Z ^[[36;1mecho "UV_CACHE_DIR=$tools/uv-cache" >> "$GITHUB_ENV"^[[0m
core-predictor	uv e Python fixados pelo plano	2026-09-23T06:30:20.9463429Z ^[[36;1mecho "CLEANROOM_PYTHON=$("$tools/uv/uv" python find "$py")" >> "$GITHUB_ENV"^[[0m
core-predictor	uv e Python fixados pelo plano	2026-09-23T06:30:20.9505735Z shell: /usr/bin/bash -e {0}
core-predictor	uv e Python fixados pelo plano	2026-09-23T06:30:20.9506936Z ##[endgroup]
core-predictor	uv e Python fixados pelo plano	2026-09-23T06:30:21.1714807Z /home/runner/work/_temp/tools/uv-x86_64-unknown-linux-gnu.tar.gz: OK
core-predictor	uv e Python fixados pelo plano	2026-09-23T06:30:21.6282592Z Downloading cpython-3.13.15-linux-x86_64-gnu (download) (33.2MiB)
core-predictor	uv e Python fixados pelo plano	2026-09-23T06:30:22.4999817Z  Downloaded cpython-3.13.15-linux-x86_64-gnu (download)
core-predictor	uv e Python fixados pelo plano	2026-09-23T06:30:22.5056169Z Installed Python 3.13.15 in 969ms
core-predictor	uv e Python fixados pelo plano	2026-09-23T06:30:22.5057467Z  + cpython-3.13.15-linux-x86_64-gnu (python3.13)
core-predictor	Cleanroom	﻿2026-09-23T06:30:22.6690726Z ##[group]Run "$CLEANROOM_PYTHON" -I qualification/shared/scripts/cleanroom_baseline.py \
core-predictor	Cleanroom	2026-09-23T06:30:22.6691536Z ^[[36;1m"$CLEANROOM_PYTHON" -I qualification/shared/scripts/cleanroom_baseline.py \^[[0m
core-predictor	Cleanroom	2026-09-23T06:30:22.6692343Z ^[[36;1m  qualification/shared/SHARED-002/CLEANROOM_PLAN_V2.json "core-predictor" "$RUNNER_TEMP/out/core-predictor"^[[0m
core-predictor	Cleanroom	2026-09-23T06:30:22.6732248Z shell: /usr/bin/bash -e {0}
core-predictor	Cleanroom	2026-09-23T06:30:22.6732606Z env:
core-predictor	Cleanroom	2026-09-23T06:30:22.6733430Z   CLEANROOM_UV: /home/runner/work/_temp/tools/uv/uv
core-predictor	Cleanroom	2026-09-23T06:30:22.6733944Z   UV_PYTHON_INSTALL_DIR: /home/runner/work/_temp/tools/python
core-predictor	Cleanroom	2026-09-23T06:30:22.6734459Z   UV_CACHE_DIR: /home/runner/work/_temp/tools/uv-cache
core-predictor	Cleanroom	2026-09-23T06:30:22.6735127Z   CLEANROOM_PYTHON: /home/runner/work/_temp/tools/python/cpython-3.13.15-linux-x86_64-gnu/bin/python3.13
core-predictor	Cleanroom	2026-09-23T06:30:22.6735747Z ##[endgroup]
core-predictor	Cleanroom	2026-09-23T06:30:30.4728262Z {"repo": "core-predictor", "published": [{"tests": 278, "failures": 0, "errors": 0, "skipped": 0, "passed": 278, "failed_ids": []}], "head_build": [{"tests": 278, "failures": 0, "errors": 0, "skipped": 0, "passed": 278, "failed_ids": []}]}
core-predictor	Run actions/upload-artifact@v4	﻿2026-09-23T06:30:30.4928414Z Node 20 is being deprecated. This workflow is running with Node 24 by default. If you need to temporarily use Node 20, you can set the ACTIONS_ALLOW_USE_UNSECURE_NODE_VERSION=true environment variable. For more information see: https://github.blog/changelog/2025-09-19-deprecation-of-node-20-on-github-actions-runners/
core-predictor	Run actions/upload-artifact@v4	2026-09-23T06:30:30.4930409Z ##[group]Run actions/upload-artifact@v4
core-predictor	Run actions/upload-artifact@v4	2026-09-23T06:30:30.4930708Z with:
core-predictor	Run actions/upload-artifact@v4	2026-09-23T06:30:30.4930936Z   name: cleanroom-core-predictor
core-predictor	Run actions/upload-artifact@v4	2026-09-23T06:30:30.4931262Z   path: /home/runner/work/_temp/out/core-predictor
core-predictor	Run actions/upload-artifact@v4	2026-09-23T06:30:30.4931601Z   if-no-files-found: error
core-predictor	Run actions/upload-artifact@v4	2026-09-23T06:30:30.4931852Z   compression-level: 6
core-predictor	Run actions/upload-artifact@v4	2026-09-23T06:30:30.4932081Z   overwrite: false
core-predictor	Run actions/upload-artifact@v4	2026-09-23T06:30:30.4932319Z   include-hidden-files: false
core-predictor	Run actions/upload-artifact@v4	2026-09-23T06:30:30.4932571Z env:
core-predictor	Run actions/upload-artifact@v4	2026-09-23T06:30:30.4933009Z   CLEANROOM_UV: /home/runner/work/_temp/tools/uv/uv
core-predictor	Run actions/upload-artifact@v4	2026-09-23T06:30:30.4933412Z   UV_PYTHON_INSTALL_DIR: /home/runner/work/_temp/tools/python
core-predictor	Run actions/upload-artifact@v4	2026-09-23T06:30:30.4933797Z   UV_CACHE_DIR: /home/runner/work/_temp/tools/uv-cache
core-predictor	Run actions/upload-artifact@v4	2026-09-23T06:30:30.4934377Z   CLEANROOM_PYTHON: /home/runner/work/_temp/tools/python/cpython-3.13.15-linux-x86_64-gnu/bin/python3.13
core-predictor	Run actions/upload-artifact@v4	2026-09-23T06:30:30.4934875Z ##[endgroup]
core-predictor	Run actions/upload-artifact@v4	2026-09-23T06:30:30.6629184Z (node:2648) [DEP0040] DeprecationWarning: The `punycode` module is deprecated. Please use a userland alternative instead.
core-predictor	Run actions/upload-artifact@v4	2026-09-23T06:30:30.6630138Z (Use `node --trace-deprecation ...` to show where the warning was created)
core-predictor	Run actions/upload-artifact@v4	2026-09-23T06:30:30.6778068Z With the provided path, there will be 26 files uploaded
core-predictor	Run actions/upload-artifact@v4	2026-09-23T06:30:30.6779337Z Artifact name is valid!
core-predictor	Run actions/upload-artifact@v4	2026-09-23T06:30:30.6779864Z Root directory input is valid!
core-predictor	Run actions/upload-artifact@v4	2026-09-23T06:30:30.9306923Z Beginning upload of artifact content to blob storage
core-predictor	Run actions/upload-artifact@v4	2026-09-23T06:30:30.9812759Z (node:2648) [DEP0169] DeprecationWarning: `url.parse()` behavior is not standardized and prone to errors that have security implications. Use the WHATWG URL API instead. CVEs are not issued for `url.parse()` vulnerabilities.
core-predictor	Run actions/upload-artifact@v4	2026-09-23T06:30:31.0082658Z Uploaded bytes 46494
core-predictor	Run actions/upload-artifact@v4	2026-09-23T06:30:31.0251428Z Finished uploading artifact content to blob storage!
core-predictor	Run actions/upload-artifact@v4	2026-09-23T06:30:31.0253433Z SHA256 digest of uploaded artifact zip is 939e6f2708f40baa0812810ecc9720c24c18504e0edc7950d898e83e92b1468c
core-predictor	Run actions/upload-artifact@v4	2026-09-23T06:30:31.0255341Z Finalizing artifact upload
core-predictor	Run actions/upload-artifact@v4	2026-09-23T06:30:31.2258310Z Artifact cleanroom-core-predictor.zip successfully finalized. Artifact ID 10735620930
core-predictor	Run actions/upload-artifact@v4	2026-09-23T06:30:31.2260673Z Artifact cleanroom-core-predictor has been successfully uploaded! Final size is 46494 bytes. Artifact ID is 10735620930
core-predictor	Run actions/upload-artifact@v4	2026-09-23T06:30:31.2283084Z Artifact download URL: https://github.com/leonardosovienski/predictor-qualification/actions/runs/35827048915/artifacts/10735620930
core-predictor	Post Run actions/checkout@v4	﻿2026-09-23T06:30:31.2492407Z Node 20 is being deprecated. This workflow is running with Node 24 by default. If you need to temporarily use Node 20, you can set the ACTIONS_ALLOW_USE_UNSECURE_NODE_VERSION=true environment variable. For more information see: https://github.blog/changelog/2025-09-19-deprecation-of-node-20-on-github-actions-runners/
core-predictor	Post Run actions/checkout@v4	2026-09-23T06:30:31.2493999Z Post job cleanup.
core-predictor	Post Run actions/checkout@v4	2026-09-23T06:30:31.3387754Z [command]/usr/bin/git version
core-predictor	Post Run actions/checkout@v4	2026-09-23T06:30:31.3434133Z git version 2.55.0
core-predictor	Post Run actions/checkout@v4	2026-09-23T06:30:31.3476704Z Temporarily overriding HOME='/home/runner/work/_temp/0714d11f-4776-40e5-91e8-e73eb2be6c15' before making global git config changes
core-predictor	Post Run actions/checkout@v4	2026-09-23T06:30:31.3478883Z Adding repository directory to the temporary git global config as a safe directory
core-predictor	Post Run actions/checkout@v4	2026-09-23T06:30:31.3483068Z [command]/usr/bin/git config --global --add safe.directory /home/runner/work/predictor-qualification/predictor-qualification
core-predictor	Post Run actions/checkout@v4	2026-09-23T06:30:31.3528319Z [command]/usr/bin/git config --local --name-only --get-regexp core\.sshCommand
core-predictor	Post Run actions/checkout@v4	2026-09-23T06:30:31.3567546Z [command]/usr/bin/git submodule foreach --recursive sh -c "git config --local --name-only --get-regexp 'core\.sshCommand' && git config --local --unset-all 'core.sshCommand' || :"
core-predictor	Post Run actions/checkout@v4	2026-09-23T06:30:31.3831511Z [command]/usr/bin/git config --local --name-only --get-regexp http\.https\:\/\/github\.com\/\.extraheader
core-predictor	Post Run actions/checkout@v4	2026-09-23T06:30:31.3868639Z [command]/usr/bin/git submodule foreach --recursive sh -c "git config --local --name-only --get-regexp 'http\.https\:\/\/github\.com\/\.extraheader' && git config --local --unset-all 'http.https://github.com/.extraheader' || :"
core-predictor	Post Run actions/checkout@v4	2026-09-23T06:30:31.4129024Z [command]/usr/bin/git config --local --name-only --get-regexp ^includeIf\.gitdir:
core-predictor	Post Run actions/checkout@v4	2026-09-23T06:30:31.4167879Z [command]/usr/bin/git submodule foreach --recursive git config --local --show-origin --name-only --get-regexp remote.origin.url
core-predictor	Complete job	﻿2026-09-23T06:30:31.4574930Z Cleaning up orphan processes
core-predictor	Complete job	2026-09-23T06:30:31.4864754Z ##[warning]Node.js 20 is deprecated. The following actions target Node.js 20 but are being forced to run on Node.js 24: actions/checkout@v4, actions/upload-artifact@v4. For more information see: https://github.blog/changelog/2025-09-19-deprecation-of-node-20-on-github-actions-runners/
ecosystem-predictor	Set up job	﻿2026-09-23T06:30:20.1640090Z Current runner version: '2.337.0'
ecosystem-predictor	Set up job	2026-09-23T06:30:20.1666134Z ##[group]Runner Image Provisioner
ecosystem-predictor	Set up job	2026-09-23T06:30:20.1667172Z Hosted Compute Agent
ecosystem-predictor	Set up job	2026-09-23T06:30:20.1667791Z Version: 20260828.587
ecosystem-predictor	Set up job	2026-09-23T06:30:20.1668523Z Commit: abac92662cab4cc7352de4f9f9d2e2419aad9c29
ecosystem-predictor	Set up job	2026-09-23T06:30:20.1669343Z Build Date: 2026-08-28T16:44:25Z
ecosystem-predictor	Set up job	2026-09-23T06:30:20.1670303Z Worker ID: {dc715c94-02d2-4148-a610-7383e973774d}
ecosystem-predictor	Set up job	2026-09-23T06:30:20.1671176Z Azure Region: westus
ecosystem-predictor	Set up job	2026-09-23T06:30:20.1671794Z ##[endgroup]
ecosystem-predictor	Set up job	2026-09-23T06:30:20.1673565Z ##[group]Operating System
ecosystem-predictor	Set up job	2026-09-23T06:30:20.1674302Z Ubuntu
ecosystem-predictor	Set up job	2026-09-23T06:30:20.1674864Z 24.04.5
ecosystem-predictor	Set up job	2026-09-23T06:30:20.1675458Z LTS
ecosystem-predictor	Set up job	2026-09-23T06:30:20.1676009Z ##[endgroup]
ecosystem-predictor	Set up job	2026-09-23T06:30:20.1676615Z ##[group]Runner Image
ecosystem-predictor	Set up job	2026-09-23T06:30:20.1677356Z Image: ubuntu-24.04
ecosystem-predictor	Set up job	2026-09-23T06:30:20.1677967Z Version: 20260907.300.1
ecosystem-predictor	Set up job	2026-09-23T06:30:20.1679207Z Included Software: https://github.com/actions/runner-images/blob/ubuntu24/20260907.300/images/ubuntu/Ubuntu2404-Readme.md
ecosystem-predictor	Set up job	2026-09-23T06:30:20.1681466Z Image Release: https://github.com/actions/runner-images/releases/tag/ubuntu24%2F20260907.300
ecosystem-predictor	Set up job	2026-09-23T06:30:20.1682629Z ##[endgroup]
ecosystem-predictor	Set up job	2026-09-23T06:30:20.1684048Z ##[group]GITHUB_TOKEN Permissions
ecosystem-predictor	Set up job	2026-09-23T06:30:20.1686266Z Contents: read
ecosystem-predictor	Set up job	2026-09-23T06:30:20.1686947Z Metadata: read
ecosystem-predictor	Set up job	2026-09-23T06:30:20.1687599Z ##[endgroup]
ecosystem-predictor	Set up job	2026-09-23T06:30:20.1689887Z Secret source: Actions
ecosystem-predictor	Set up job	2026-09-23T06:30:20.1691019Z Cache mode: write
ecosystem-predictor	Set up job	2026-09-23T06:30:20.1691779Z Prepare workflow directory
ecosystem-predictor	Set up job	2026-09-23T06:30:20.2072167Z Prepare all required actions
ecosystem-predictor	Set up job	2026-09-23T06:30:20.2142599Z Getting action download info
ecosystem-predictor	Set up job	2026-09-23T06:30:20.5813644Z Download action repository 'actions/checkout@v4' (SHA:11d5960a326750d5838078e36cf38b85af677262)
ecosystem-predictor	Set up job	2026-09-23T06:30:20.6901908Z Download action repository 'actions/upload-artifact@v4' (SHA:ea165f8d65b6e75b540449e92b4886f43607fa02)
ecosystem-predictor	Set up job	2026-09-23T06:30:20.9122249Z Complete job name: ecosystem-predictor
ecosystem-predictor	Run actions/checkout@v4	﻿2026-09-23T06:30:20.9909160Z Node 20 is being deprecated. This workflow is running with Node 24 by default. If you need to temporarily use Node 20, you can set the ACTIONS_ALLOW_USE_UNSECURE_NODE_VERSION=true environment variable. For more information see: https://github.blog/changelog/2025-09-19-deprecation-of-node-20-on-github-actions-runners/
ecosystem-predictor	Run actions/checkout@v4	2026-09-23T06:30:20.9918174Z ##[group]Run actions/checkout@v4
ecosystem-predictor	Run actions/checkout@v4	2026-09-23T06:30:20.9918944Z with:
ecosystem-predictor	Run actions/checkout@v4	2026-09-23T06:30:20.9919402Z   persist-credentials: false
ecosystem-predictor	Run actions/checkout@v4	2026-09-23T06:30:20.9920320Z   repository: leonardosovienski/predictor-qualification
ecosystem-predictor	Run actions/checkout@v4	2026-09-23T06:30:20.9924238Z   token: ***
ecosystem-predictor	Run actions/checkout@v4	2026-09-23T06:30:20.9924683Z   ssh-strict: true
ecosystem-predictor	Run actions/checkout@v4	2026-09-23T06:30:20.9925130Z   ssh-user: git
ecosystem-predictor	Run actions/checkout@v4	2026-09-23T06:30:20.9925554Z   clean: true
ecosystem-predictor	Run actions/checkout@v4	2026-09-23T06:30:20.9926005Z   sparse-checkout-cone-mode: true
ecosystem-predictor	Run actions/checkout@v4	2026-09-23T06:30:20.9926538Z   fetch-depth: 1
ecosystem-predictor	Run actions/checkout@v4	2026-09-23T06:30:20.9926972Z   fetch-tags: false
ecosystem-predictor	Run actions/checkout@v4	2026-09-23T06:30:20.9927412Z   show-progress: true
ecosystem-predictor	Run actions/checkout@v4	2026-09-23T06:30:20.9927859Z   lfs: false
ecosystem-predictor	Run actions/checkout@v4	2026-09-23T06:30:20.9928267Z   submodules: false
ecosystem-predictor	Run actions/checkout@v4	2026-09-23T06:30:20.9928760Z   set-safe-directory: true
ecosystem-predictor	Run actions/checkout@v4	2026-09-23T06:30:20.9929284Z   allow-unsafe-pr-checkout: false
ecosystem-predictor	Run actions/checkout@v4	2026-09-23T06:30:20.9930418Z ##[endgroup]
ecosystem-predictor	Run actions/checkout@v4	2026-09-23T06:30:21.0940691Z Syncing repository: leonardosovienski/predictor-qualification
ecosystem-predictor	Run actions/checkout@v4	2026-09-23T06:30:21.0944539Z ##[group]Getting Git version info
ecosystem-predictor	Run actions/checkout@v4	2026-09-23T06:30:21.0946243Z Working directory is '/home/runner/work/predictor-qualification/predictor-qualification'
ecosystem-predictor	Run actions/checkout@v4	2026-09-23T06:30:21.0947826Z [command]/usr/bin/git version
ecosystem-predictor	Run actions/checkout@v4	2026-09-23T06:30:21.1068620Z git version 2.55.0
ecosystem-predictor	Run actions/checkout@v4	2026-09-23T06:30:21.1106314Z ##[endgroup]
ecosystem-predictor	Run actions/checkout@v4	2026-09-23T06:30:21.1115371Z Temporarily overriding HOME='/home/runner/work/_temp/f49e3b97-7794-4fdf-b882-451d68da0840' before making global git config changes
ecosystem-predictor	Run actions/checkout@v4	2026-09-23T06:30:21.1118129Z Adding repository directory to the temporary git global config as a safe directory
ecosystem-predictor	Run actions/checkout@v4	2026-09-23T06:30:21.1122836Z [command]/usr/bin/git config --global --add safe.directory /home/runner/work/predictor-qualification/predictor-qualification
ecosystem-predictor	Run actions/checkout@v4	2026-09-23T06:30:21.1179173Z Deleting the contents of '/home/runner/work/predictor-qualification/predictor-qualification'
ecosystem-predictor	Run actions/checkout@v4	2026-09-23T06:30:21.1187282Z ##[group]Initializing the repository
ecosystem-predictor	Run actions/checkout@v4	2026-09-23T06:30:21.1196083Z [command]/usr/bin/git init /home/runner/work/predictor-qualification/predictor-qualification
ecosystem-predictor	Run actions/checkout@v4	2026-09-23T06:30:21.1335755Z hint: Using 'master' as the name for the initial branch. This default branch name
ecosystem-predictor	Run actions/checkout@v4	2026-09-23T06:30:21.1338065Z hint: will change to "main" in Git 3.0. To configure the initial branch name
ecosystem-predictor	Run actions/checkout@v4	2026-09-23T06:30:21.1340429Z hint: to use in all of your new repositories, which will suppress this warning,
ecosystem-predictor	Run actions/checkout@v4	2026-09-23T06:30:21.1342413Z hint: call:
ecosystem-predictor	Run actions/checkout@v4	2026-09-23T06:30:21.1343393Z hint:
ecosystem-predictor	Run actions/checkout@v4	2026-09-23T06:30:21.1344596Z hint: 	git config --global init.defaultBranch <name>
ecosystem-predictor	Run actions/checkout@v4	2026-09-23T06:30:21.1346104Z hint:
ecosystem-predictor	Run actions/checkout@v4	2026-09-23T06:30:21.1347369Z hint: Names commonly chosen instead of 'master' are 'main', 'trunk' and
ecosystem-predictor	Run actions/checkout@v4	2026-09-23T06:30:21.1349259Z hint: 'development'. The just-created branch can be renamed via this command:
ecosystem-predictor	Run actions/checkout@v4	2026-09-23T06:30:21.1351339Z hint:
ecosystem-predictor	Run actions/checkout@v4	2026-09-23T06:30:21.1352343Z hint: 	git branch -m <name>
ecosystem-predictor	Run actions/checkout@v4	2026-09-23T06:30:21.1353563Z hint:
ecosystem-predictor	Run actions/checkout@v4	2026-09-23T06:30:21.1354982Z hint: Disable this message with "git config set advice.defaultBranchName false"
ecosystem-predictor	Run actions/checkout@v4	2026-09-23T06:30:21.1357485Z Initialized empty Git repository in /home/runner/work/predictor-qualification/predictor-qualification/.git/
ecosystem-predictor	Run actions/checkout@v4	2026-09-23T06:30:21.1361854Z [command]/usr/bin/git remote add origin https://github.com/leonardosovienski/predictor-qualification
ecosystem-predictor	Run actions/checkout@v4	2026-09-23T06:30:21.1423048Z ##[endgroup]
ecosystem-predictor	Run actions/checkout@v4	2026-09-23T06:30:21.1424657Z ##[group]Disabling automatic garbage collection
ecosystem-predictor	Run actions/checkout@v4	2026-09-23T06:30:21.1428918Z [command]/usr/bin/git config --local gc.auto 0
ecosystem-predictor	Run actions/checkout@v4	2026-09-23T06:30:21.1472271Z ##[endgroup]
ecosystem-predictor	Run actions/checkout@v4	2026-09-23T06:30:21.1473535Z ##[group]Setting up auth
ecosystem-predictor	Run actions/checkout@v4	2026-09-23T06:30:21.1475812Z [command]/usr/bin/git config --local --name-only --get-regexp core\.sshCommand
ecosystem-predictor	Run actions/checkout@v4	2026-09-23T06:30:21.1511775Z [command]/usr/bin/git submodule foreach --recursive sh -c "git config --local --name-only --get-regexp 'core\.sshCommand' && git config --local --unset-all 'core.sshCommand' || :"
ecosystem-predictor	Run actions/checkout@v4	2026-09-23T06:30:21.1921121Z [command]/usr/bin/git config --local --name-only --get-regexp http\.https\:\/\/github\.com\/\.extraheader
ecosystem-predictor	Run actions/checkout@v4	2026-09-23T06:30:21.1959442Z [command]/usr/bin/git submodule foreach --recursive sh -c "git config --local --name-only --get-regexp 'http\.https\:\/\/github\.com\/\.extraheader' && git config --local --unset-all 'http.https://github.com/.extraheader' || :"
ecosystem-predictor	Run actions/checkout@v4	2026-09-23T06:30:21.2195615Z [command]/usr/bin/git config --local --name-only --get-regexp ^includeIf\.gitdir:
ecosystem-predictor	Run actions/checkout@v4	2026-09-23T06:30:21.2235685Z [command]/usr/bin/git submodule foreach --recursive git config --local --show-origin --name-only --get-regexp remote.origin.url
ecosystem-predictor	Run actions/checkout@v4	2026-09-23T06:30:21.2497750Z [command]/usr/bin/git config --local http.https://github.com/.extraheader AUTHORIZATION: basic ***
ecosystem-predictor	Run actions/checkout@v4	2026-09-23T06:30:21.2541058Z ##[endgroup]
ecosystem-predictor	Run actions/checkout@v4	2026-09-23T06:30:21.2542807Z ##[group]Fetching the repository
ecosystem-predictor	Run actions/checkout@v4	2026-09-23T06:30:21.2555097Z [command]/usr/bin/git -c protocol.version=2 fetch --no-tags --prune --no-recurse-submodules --depth=1 origin +e8dae4109c56d8bbd964a83e1c5f787d38906f02:refs/remotes/origin/shared/baseline-v1
ecosystem-predictor	Run actions/checkout@v4	2026-09-23T06:30:22.0673961Z From https://github.com/leonardosovienski/predictor-qualification
ecosystem-predictor	Run actions/checkout@v4	2026-09-23T06:30:22.0675935Z  * [new ref]         e8dae4109c56d8bbd964a83e1c5f787d38906f02 -> origin/shared/baseline-v1
ecosystem-predictor	Run actions/checkout@v4	2026-09-23T06:30:22.0679180Z ##[endgroup]
ecosystem-predictor	Run actions/checkout@v4	2026-09-23T06:30:22.0680921Z ##[group]Determining the checkout info
ecosystem-predictor	Run actions/checkout@v4	2026-09-23T06:30:22.0682365Z ##[endgroup]
ecosystem-predictor	Run actions/checkout@v4	2026-09-23T06:30:22.0683179Z [command]/usr/bin/git sparse-checkout disable
ecosystem-predictor	Run actions/checkout@v4	2026-09-23T06:30:22.0726346Z [command]/usr/bin/git config --local --unset-all extensions.worktreeConfig
ecosystem-predictor	Run actions/checkout@v4	2026-09-23T06:30:22.0760942Z ##[group]Checking out the ref
ecosystem-predictor	Run actions/checkout@v4	2026-09-23T06:30:22.0767845Z [command]/usr/bin/git checkout --progress --force -B shared/baseline-v1 refs/remotes/origin/shared/baseline-v1
ecosystem-predictor	Run actions/checkout@v4	2026-09-23T06:30:22.1220635Z Switched to a new branch 'shared/baseline-v1'
ecosystem-predictor	Run actions/checkout@v4	2026-09-23T06:30:22.1226594Z branch 'shared/baseline-v1' set up to track 'origin/shared/baseline-v1'.
ecosystem-predictor	Run actions/checkout@v4	2026-09-23T06:30:22.1237702Z ##[endgroup]
ecosystem-predictor	Run actions/checkout@v4	2026-09-23T06:30:22.1285597Z [command]/usr/bin/git log -1 --format=%H
ecosystem-predictor	Run actions/checkout@v4	2026-09-23T06:30:22.1314934Z e8dae4109c56d8bbd964a83e1c5f787d38906f02
ecosystem-predictor	Run actions/checkout@v4	2026-09-23T06:30:22.1327226Z ##[group]Removing auth
ecosystem-predictor	Run actions/checkout@v4	2026-09-23T06:30:22.1331761Z [command]/usr/bin/git config --local --name-only --get-regexp core\.sshCommand
ecosystem-predictor	Run actions/checkout@v4	2026-09-23T06:30:22.1370886Z [command]/usr/bin/git submodule foreach --recursive sh -c "git config --local --name-only --get-regexp 'core\.sshCommand' && git config --local --unset-all 'core.sshCommand' || :"
ecosystem-predictor	Run actions/checkout@v4	2026-09-23T06:30:22.1605874Z [command]/usr/bin/git config --local --name-only --get-regexp http\.https\:\/\/github\.com\/\.extraheader
ecosystem-predictor	Run actions/checkout@v4	2026-09-23T06:30:22.1637287Z http.https://github.com/.extraheader
ecosystem-predictor	Run actions/checkout@v4	2026-09-23T06:30:22.1647175Z [command]/usr/bin/git config --local --unset-all http.https://github.com/.extraheader
ecosystem-predictor	Run actions/checkout@v4	2026-09-23T06:30:22.1683984Z [command]/usr/bin/git submodule foreach --recursive sh -c "git config --local --name-only --get-regexp 'http\.https\:\/\/github\.com\/\.extraheader' && git config --local --unset-all 'http.https://github.com/.extraheader' || :"
ecosystem-predictor	Run actions/checkout@v4	2026-09-23T06:30:22.1910046Z [command]/usr/bin/git config --local --name-only --get-regexp ^includeIf\.gitdir:
ecosystem-predictor	Run actions/checkout@v4	2026-09-23T06:30:22.1943881Z [command]/usr/bin/git submodule foreach --recursive git config --local --show-origin --name-only --get-regexp remote.origin.url
ecosystem-predictor	Run actions/checkout@v4	2026-09-23T06:30:22.2170470Z ##[endgroup]
ecosystem-predictor	uv e Python fixados pelo plano	﻿2026-09-23T06:30:22.2421955Z ##[group]Run plan=qualification/shared/SHARED-002/CLEANROOM_PLAN_V2.json
ecosystem-predictor	uv e Python fixados pelo plano	2026-09-23T06:30:22.2424367Z ^[[36;1mplan=qualification/shared/SHARED-002/CLEANROOM_PLAN_V2.json^[[0m
ecosystem-predictor	uv e Python fixados pelo plano	2026-09-23T06:30:22.2426458Z ^[[36;1muv_version=$(jq -r .environment.uv_version "$plan")^[[0m
ecosystem-predictor	uv e Python fixados pelo plano	2026-09-23T06:30:22.2428299Z ^[[36;1muv_asset=$(jq -r .environment.uv_asset "$plan")^[[0m
ecosystem-predictor	uv e Python fixados pelo plano	2026-09-23T06:30:22.2430362Z ^[[36;1muv_sha=$(jq -r .environment.uv_sha256 "$plan")^[[0m
ecosystem-predictor	uv e Python fixados pelo plano	2026-09-23T06:30:22.2432068Z ^[[36;1mpy=$(jq -r .environment.python "$plan")^[[0m
ecosystem-predictor	uv e Python fixados pelo plano	2026-09-23T06:30:22.2433624Z ^[[36;1mtools="$RUNNER_TEMP/tools"^[[0m
ecosystem-predictor	uv e Python fixados pelo plano	2026-09-23T06:30:22.2434978Z ^[[36;1mmkdir -p "$tools/uv"^[[0m
ecosystem-predictor	uv e Python fixados pelo plano	2026-09-23T06:30:22.2437219Z ^[[36;1mcurl -sSfL -o "$tools/$uv_asset" "https://github.com/astral-sh/uv/releases/download/$uv_version/$uv_asset"^[[0m
ecosystem-predictor	uv e Python fixados pelo plano	2026-09-23T06:30:22.2440062Z ^[[36;1mecho "$uv_sha  $tools/$uv_asset" | sha256sum -c -^[[0m
ecosystem-predictor	uv e Python fixados pelo plano	2026-09-23T06:30:22.2442046Z ^[[36;1mtar -xzf "$tools/$uv_asset" -C "$tools/uv" --strip-components=1^[[0m
ecosystem-predictor	uv e Python fixados pelo plano	2026-09-23T06:30:22.2444644Z ^[[36;1mexport UV_PYTHON_INSTALL_DIR="$tools/python" UV_PYTHON_PREFERENCE=only-managed UV_NO_CONFIG=1^[[0m
ecosystem-predictor	uv e Python fixados pelo plano	2026-09-23T06:30:22.2447014Z ^[[36;1m"$tools/uv/uv" python install "$py"^[[0m
ecosystem-predictor	uv e Python fixados pelo plano	2026-09-23T06:30:22.2448619Z ^[[36;1mecho "CLEANROOM_UV=$tools/uv/uv" >> "$GITHUB_ENV"^[[0m
ecosystem-predictor	uv e Python fixados pelo plano	2026-09-23T06:30:22.2450790Z ^[[36;1mecho "UV_PYTHON_INSTALL_DIR=$tools/python" >> "$GITHUB_ENV"^[[0m
ecosystem-predictor	uv e Python fixados pelo plano	2026-09-23T06:30:22.2452765Z ^[[36;1mecho "UV_CACHE_DIR=$tools/uv-cache" >> "$GITHUB_ENV"^[[0m
ecosystem-predictor	uv e Python fixados pelo plano	2026-09-23T06:30:22.2454892Z ^[[36;1mecho "CLEANROOM_PYTHON=$("$tools/uv/uv" python find "$py")" >> "$GITHUB_ENV"^[[0m
ecosystem-predictor	uv e Python fixados pelo plano	2026-09-23T06:30:22.2498043Z shell: /usr/bin/bash -e {0}
ecosystem-predictor	uv e Python fixados pelo plano	2026-09-23T06:30:22.2499246Z ##[endgroup]
ecosystem-predictor	uv e Python fixados pelo plano	2026-09-23T06:30:22.5667212Z /home/runner/work/_temp/tools/uv-x86_64-unknown-linux-gnu.tar.gz: OK
ecosystem-predictor	uv e Python fixados pelo plano	2026-09-23T06:30:23.0598724Z Downloading cpython-3.13.15-linux-x86_64-gnu (download) (33.2MiB)
ecosystem-predictor	uv e Python fixados pelo plano	2026-09-23T06:30:23.8887850Z  Downloaded cpython-3.13.15-linux-x86_64-gnu (download)
ecosystem-predictor	uv e Python fixados pelo plano	2026-09-23T06:30:23.8934730Z Installed Python 3.13.15 in 953ms
ecosystem-predictor	uv e Python fixados pelo plano	2026-09-23T06:30:23.8938987Z  + cpython-3.13.15-linux-x86_64-gnu (python3.13)
ecosystem-predictor	Cleanroom	﻿2026-09-23T06:30:24.0601850Z ##[group]Run "$CLEANROOM_PYTHON" -I qualification/shared/scripts/cleanroom_baseline.py \
ecosystem-predictor	Cleanroom	2026-09-23T06:30:24.0602692Z ^[[36;1m"$CLEANROOM_PYTHON" -I qualification/shared/scripts/cleanroom_baseline.py \^[[0m
ecosystem-predictor	Cleanroom	2026-09-23T06:30:24.0603592Z ^[[36;1m  qualification/shared/SHARED-002/CLEANROOM_PLAN_V2.json "ecosystem-predictor" "$RUNNER_TEMP/out/ecosystem-predictor"^[[0m
ecosystem-predictor	Cleanroom	2026-09-23T06:30:24.0643419Z shell: /usr/bin/bash -e {0}
ecosystem-predictor	Cleanroom	2026-09-23T06:30:24.0643816Z env:
ecosystem-predictor	Cleanroom	2026-09-23T06:30:24.0644407Z   CLEANROOM_UV: /home/runner/work/_temp/tools/uv/uv
ecosystem-predictor	Cleanroom	2026-09-23T06:30:24.0645002Z   UV_PYTHON_INSTALL_DIR: /home/runner/work/_temp/tools/python
ecosystem-predictor	Cleanroom	2026-09-23T06:30:24.0645579Z   UV_CACHE_DIR: /home/runner/work/_temp/tools/uv-cache
ecosystem-predictor	Cleanroom	2026-09-23T06:30:24.0646341Z   CLEANROOM_PYTHON: /home/runner/work/_temp/tools/python/cpython-3.13.15-linux-x86_64-gnu/bin/python3.13
ecosystem-predictor	Cleanroom	2026-09-23T06:30:24.0647053Z ##[endgroup]
ecosystem-predictor	Cleanroom	2026-09-23T06:30:33.0253466Z {"repo": "ecosystem-predictor", "published": [{"tests": 186, "failures": 2, "errors": 0, "skipped": 0, "passed": 184, "failed_ids": ["tests.test_fidelity_regressions::test_plugin_exception_messages_never_escape", "tests.unit.test_registry::test_constructor_error_does_not_crash_discovery"]}], "head_build": [{"tests": 186, "failures": 0, "errors": 0, "skipped": 0, "passed": 186, "failed_ids": []}]}
ecosystem-predictor	Run actions/upload-artifact@v4	﻿2026-09-23T06:30:33.0425492Z Node 20 is being deprecated. This workflow is running with Node 24 by default. If you need to temporarily use Node 20, you can set the ACTIONS_ALLOW_USE_UNSECURE_NODE_VERSION=true environment variable. For more information see: https://github.blog/changelog/2025-09-19-deprecation-of-node-20-on-github-actions-runners/
ecosystem-predictor	Run actions/upload-artifact@v4	2026-09-23T06:30:33.0427389Z ##[group]Run actions/upload-artifact@v4
ecosystem-predictor	Run actions/upload-artifact@v4	2026-09-23T06:30:33.0427673Z with:
ecosystem-predictor	Run actions/upload-artifact@v4	2026-09-23T06:30:33.0427901Z   name: cleanroom-ecosystem-predictor
ecosystem-predictor	Run actions/upload-artifact@v4	2026-09-23T06:30:33.0428240Z   path: /home/runner/work/_temp/out/ecosystem-predictor
ecosystem-predictor	Run actions/upload-artifact@v4	2026-09-23T06:30:33.0428578Z   if-no-files-found: error
ecosystem-predictor	Run actions/upload-artifact@v4	2026-09-23T06:30:33.0428816Z   compression-level: 6
ecosystem-predictor	Run actions/upload-artifact@v4	2026-09-23T06:30:33.0429041Z   overwrite: false
ecosystem-predictor	Run actions/upload-artifact@v4	2026-09-23T06:30:33.0429261Z   include-hidden-files: false
ecosystem-predictor	Run actions/upload-artifact@v4	2026-09-23T06:30:33.0429494Z env:
ecosystem-predictor	Run actions/upload-artifact@v4	2026-09-23T06:30:33.0429974Z   CLEANROOM_UV: /home/runner/work/_temp/tools/uv/uv
ecosystem-predictor	Run actions/upload-artifact@v4	2026-09-23T06:30:33.0430372Z   UV_PYTHON_INSTALL_DIR: /home/runner/work/_temp/tools/python
ecosystem-predictor	Run actions/upload-artifact@v4	2026-09-23T06:30:33.0430805Z   UV_CACHE_DIR: /home/runner/work/_temp/tools/uv-cache
ecosystem-predictor	Run actions/upload-artifact@v4	2026-09-23T06:30:33.0431333Z   CLEANROOM_PYTHON: /home/runner/work/_temp/tools/python/cpython-3.13.15-linux-x86_64-gnu/bin/python3.13
ecosystem-predictor	Run actions/upload-artifact@v4	2026-09-23T06:30:33.0431842Z ##[endgroup]
ecosystem-predictor	Run actions/upload-artifact@v4	2026-09-23T06:30:33.2092467Z (node:2663) [DEP0040] DeprecationWarning: The `punycode` module is deprecated. Please use a userland alternative instead.
ecosystem-predictor	Run actions/upload-artifact@v4	2026-09-23T06:30:33.2093499Z (Use `node --trace-deprecation ...` to show where the warning was created)
ecosystem-predictor	Run actions/upload-artifact@v4	2026-09-23T06:30:33.2253247Z With the provided path, there will be 29 files uploaded
ecosystem-predictor	Run actions/upload-artifact@v4	2026-09-23T06:30:33.2254325Z Artifact name is valid!
ecosystem-predictor	Run actions/upload-artifact@v4	2026-09-23T06:30:33.2276944Z Root directory input is valid!
ecosystem-predictor	Run actions/upload-artifact@v4	2026-09-23T06:30:33.6249248Z Beginning upload of artifact content to blob storage
ecosystem-predictor	Run actions/upload-artifact@v4	2026-09-23T06:30:33.6755712Z (node:2663) [DEP0169] DeprecationWarning: `url.parse()` behavior is not standardized and prone to errors that have security implications. Use the WHATWG URL API instead. CVEs are not issued for `url.parse()` vulnerabilities.
ecosystem-predictor	Run actions/upload-artifact@v4	2026-09-23T06:30:34.0167996Z Uploaded bytes 39003
ecosystem-predictor	Run actions/upload-artifact@v4	2026-09-23T06:30:34.0987476Z Finished uploading artifact content to blob storage!
ecosystem-predictor	Run actions/upload-artifact@v4	2026-09-23T06:30:34.0988638Z SHA256 digest of uploaded artifact zip is c2c4fc125731c740091b099da381d6c978f55793d2e33859b6fe40decbcf5e89
ecosystem-predictor	Run actions/upload-artifact@v4	2026-09-23T06:30:34.0990260Z Finalizing artifact upload
ecosystem-predictor	Run actions/upload-artifact@v4	2026-09-23T06:30:34.3596733Z Artifact cleanroom-ecosystem-predictor.zip successfully finalized. Artifact ID 10735641881
ecosystem-predictor	Run actions/upload-artifact@v4	2026-09-23T06:30:34.3598515Z Artifact cleanroom-ecosystem-predictor has been successfully uploaded! Final size is 39003 bytes. Artifact ID is 10735641881
ecosystem-predictor	Run actions/upload-artifact@v4	2026-09-23T06:30:34.3606291Z Artifact download URL: https://github.com/leonardosovienski/predictor-qualification/actions/runs/35827048915/artifacts/10735641881
ecosystem-predictor	Post Run actions/checkout@v4	﻿2026-09-23T06:30:34.3825830Z Node 20 is being deprecated. This workflow is running with Node 24 by default. If you need to temporarily use Node 20, you can set the ACTIONS_ALLOW_USE_UNSECURE_NODE_VERSION=true environment variable. For more information see: https://github.blog/changelog/2025-09-19-deprecation-of-node-20-on-github-actions-runners/
ecosystem-predictor	Post Run actions/checkout@v4	2026-09-23T06:30:34.3827109Z Post job cleanup.
ecosystem-predictor	Post Run actions/checkout@v4	2026-09-23T06:30:34.4726106Z [command]/usr/bin/git version
ecosystem-predictor	Post Run actions/checkout@v4	2026-09-23T06:30:34.4773599Z git version 2.55.0
ecosystem-predictor	Post Run actions/checkout@v4	2026-09-23T06:30:34.4819127Z Temporarily overriding HOME='/home/runner/work/_temp/59f3d68b-64bb-42cd-bba8-8b8796f2362b' before making global git config changes
ecosystem-predictor	Post Run actions/checkout@v4	2026-09-23T06:30:34.4820936Z Adding repository directory to the temporary git global config as a safe directory
ecosystem-predictor	Post Run actions/checkout@v4	2026-09-23T06:30:34.4826066Z [command]/usr/bin/git config --global --add safe.directory /home/runner/work/predictor-qualification/predictor-qualification
ecosystem-predictor	Post Run actions/checkout@v4	2026-09-23T06:30:34.4866453Z [command]/usr/bin/git config --local --name-only --get-regexp core\.sshCommand
ecosystem-predictor	Post Run actions/checkout@v4	2026-09-23T06:30:34.4901472Z [command]/usr/bin/git submodule foreach --recursive sh -c "git config --local --name-only --get-regexp 'core\.sshCommand' && git config --local --unset-all 'core.sshCommand' || :"
ecosystem-predictor	Post Run actions/checkout@v4	2026-09-23T06:30:34.5159463Z [command]/usr/bin/git config --local --name-only --get-regexp http\.https\:\/\/github\.com\/\.extraheader
ecosystem-predictor	Post Run actions/checkout@v4	2026-09-23T06:30:34.5196480Z [command]/usr/bin/git submodule foreach --recursive sh -c "git config --local --name-only --get-regexp 'http\.https\:\/\/github\.com\/\.extraheader' && git config --local --unset-all 'http.https://github.com/.extraheader' || :"
ecosystem-predictor	Post Run actions/checkout@v4	2026-09-23T06:30:34.5481094Z [command]/usr/bin/git config --local --name-only --get-regexp ^includeIf\.gitdir:
ecosystem-predictor	Post Run actions/checkout@v4	2026-09-23T06:30:34.5520227Z [command]/usr/bin/git submodule foreach --recursive git config --local --show-origin --name-only --get-regexp remote.origin.url
ecosystem-predictor	Complete job	﻿2026-09-23T06:30:34.5942760Z Cleaning up orphan processes
ecosystem-predictor	Complete job	2026-09-23T06:30:34.6260792Z ##[warning]Node.js 20 is deprecated. The following actions target Node.js 20 but are being forced to run on Node.js 24: actions/checkout@v4, actions/upload-artifact@v4. For more information see: https://github.blog/changelog/2025-09-19-deprecation-of-node-20-on-github-actions-runners/
brasileirao-predictor	Set up job	﻿2026-09-23T06:30:19.3156325Z Current runner version: '2.337.0'
brasileirao-predictor	Set up job	2026-09-23T06:30:19.3171246Z ##[group]Runner Image Provisioner
brasileirao-predictor	Set up job	2026-09-23T06:30:19.3171835Z Hosted Compute Agent
brasileirao-predictor	Set up job	2026-09-23T06:30:19.3172216Z Version: 20260828.587
brasileirao-predictor	Set up job	2026-09-23T06:30:19.3172577Z Commit: abac92662cab4cc7352de4f9f9d2e2419aad9c29
brasileirao-predictor	Set up job	2026-09-23T06:30:19.3173021Z Build Date: 2026-08-28T16:44:25Z
brasileirao-predictor	Set up job	2026-09-23T06:30:19.3173409Z Worker ID: {76ac5a9d-5205-4575-ae4d-1781ae22d63a}
brasileirao-predictor	Set up job	2026-09-23T06:30:19.3173800Z Azure Region: centralus
brasileirao-predictor	Set up job	2026-09-23T06:30:19.3174223Z ##[endgroup]
brasileirao-predictor	Set up job	2026-09-23T06:30:19.3174976Z ##[group]Operating System
brasileirao-predictor	Set up job	2026-09-23T06:30:19.3175532Z Ubuntu
brasileirao-predictor	Set up job	2026-09-23T06:30:19.3175837Z 24.04.5
brasileirao-predictor	Set up job	2026-09-23T06:30:19.3176118Z LTS
brasileirao-predictor	Set up job	2026-09-23T06:30:19.3176491Z ##[endgroup]
brasileirao-predictor	Set up job	2026-09-23T06:30:19.3176806Z ##[group]Runner Image
brasileirao-predictor	Set up job	2026-09-23T06:30:19.3177204Z Image: ubuntu-24.04
brasileirao-predictor	Set up job	2026-09-23T06:30:19.3177539Z Version: 20260907.300.1
brasileirao-predictor	Set up job	2026-09-23T06:30:19.3178124Z Included Software: https://github.com/actions/runner-images/blob/ubuntu24/20260907.300/images/ubuntu/Ubuntu2404-Readme.md
brasileirao-predictor	Set up job	2026-09-23T06:30:19.3179145Z Image Release: https://github.com/actions/runner-images/releases/tag/ubuntu24%2F20260907.300
brasileirao-predictor	Set up job	2026-09-23T06:30:19.3179693Z ##[endgroup]
brasileirao-predictor	Set up job	2026-09-23T06:30:19.3180335Z ##[group]GITHUB_TOKEN Permissions
brasileirao-predictor	Set up job	2026-09-23T06:30:19.3181719Z Contents: read
brasileirao-predictor	Set up job	2026-09-23T06:30:19.3182088Z Metadata: read
brasileirao-predictor	Set up job	2026-09-23T06:30:19.3182391Z ##[endgroup]
brasileirao-predictor	Set up job	2026-09-23T06:30:19.3183609Z Secret source: Actions
brasileirao-predictor	Set up job	2026-09-23T06:30:19.3184143Z Cache mode: write
brasileirao-predictor	Set up job	2026-09-23T06:30:19.3184574Z Prepare workflow directory
brasileirao-predictor	Set up job	2026-09-23T06:30:19.3623182Z Prepare all required actions
brasileirao-predictor	Set up job	2026-09-23T06:30:19.3652215Z Getting action download info
brasileirao-predictor	Set up job	2026-09-23T06:30:19.5826889Z Download action repository 'actions/checkout@v4' (SHA:11d5960a326750d5838078e36cf38b85af677262)
brasileirao-predictor	Set up job	2026-09-23T06:30:19.7926597Z Download action repository 'actions/upload-artifact@v4' (SHA:ea165f8d65b6e75b540449e92b4886f43607fa02)
brasileirao-predictor	Set up job	2026-09-23T06:30:20.1476552Z Complete job name: brasileirao-predictor
brasileirao-predictor	Run actions/checkout@v4	﻿2026-09-23T06:30:20.1921931Z Node 20 is being deprecated. This workflow is running with Node 24 by default. If you need to temporarily use Node 20, you can set the ACTIONS_ALLOW_USE_UNSECURE_NODE_VERSION=true environment variable. For more information see: https://github.blog/changelog/2025-09-19-deprecation-of-node-20-on-github-actions-runners/
brasileirao-predictor	Run actions/checkout@v4	2026-09-23T06:30:20.1927113Z ##[group]Run actions/checkout@v4
brasileirao-predictor	Run actions/checkout@v4	2026-09-23T06:30:20.1927494Z with:
brasileirao-predictor	Run actions/checkout@v4	2026-09-23T06:30:20.1927745Z   persist-credentials: false
brasileirao-predictor	Run actions/checkout@v4	2026-09-23T06:30:20.1928086Z   repository: leonardosovienski/predictor-qualification
brasileirao-predictor	Run actions/checkout@v4	2026-09-23T06:30:20.1930266Z   token: ***
brasileirao-predictor	Run actions/checkout@v4	2026-09-23T06:30:20.1930511Z   ssh-strict: true
brasileirao-predictor	Run actions/checkout@v4	2026-09-23T06:30:20.1930760Z   ssh-user: git
brasileirao-predictor	Run actions/checkout@v4	2026-09-23T06:30:20.1931002Z   clean: true
brasileirao-predictor	Run actions/checkout@v4	2026-09-23T06:30:20.1931259Z   sparse-checkout-cone-mode: true
brasileirao-predictor	Run actions/checkout@v4	2026-09-23T06:30:20.1931572Z   fetch-depth: 1
brasileirao-predictor	Run actions/checkout@v4	2026-09-23T06:30:20.1931824Z   fetch-tags: false
brasileirao-predictor	Run actions/checkout@v4	2026-09-23T06:30:20.1932086Z   show-progress: true
brasileirao-predictor	Run actions/checkout@v4	2026-09-23T06:30:20.1932348Z   lfs: false
brasileirao-predictor	Run actions/checkout@v4	2026-09-23T06:30:20.1932600Z   submodules: false
brasileirao-predictor	Run actions/checkout@v4	2026-09-23T06:30:20.1932889Z   set-safe-directory: true
brasileirao-predictor	Run actions/checkout@v4	2026-09-23T06:30:20.1933184Z   allow-unsafe-pr-checkout: false
brasileirao-predictor	Run actions/checkout@v4	2026-09-23T06:30:20.1933612Z ##[endgroup]
brasileirao-predictor	Run actions/checkout@v4	2026-09-23T06:30:20.2551383Z Syncing repository: leonardosovienski/predictor-qualification
brasileirao-predictor	Run actions/checkout@v4	2026-09-23T06:30:20.2553027Z ##[group]Getting Git version info
brasileirao-predictor	Run actions/checkout@v4	2026-09-23T06:30:20.2553811Z Working directory is '/home/runner/work/predictor-qualification/predictor-qualification'
brasileirao-predictor	Run actions/checkout@v4	2026-09-23T06:30:20.2554865Z [command]/usr/bin/git version
brasileirao-predictor	Run actions/checkout@v4	2026-09-23T06:30:20.2612813Z git version 2.55.0
brasileirao-predictor	Run actions/checkout@v4	2026-09-23T06:30:20.2630276Z ##[endgroup]
brasileirao-predictor	Run actions/checkout@v4	2026-09-23T06:30:20.2634929Z Temporarily overriding HOME='/home/runner/work/_temp/23b3d756-0923-48e1-80ab-62256b6213a0' before making global git config changes
brasileirao-predictor	Run actions/checkout@v4	2026-09-23T06:30:20.2636376Z Adding repository directory to the temporary git global config as a safe directory
brasileirao-predictor	Run actions/checkout@v4	2026-09-23T06:30:20.2637950Z [command]/usr/bin/git config --global --add safe.directory /home/runner/work/predictor-qualification/predictor-qualification
brasileirao-predictor	Run actions/checkout@v4	2026-09-23T06:30:20.2766290Z Deleting the contents of '/home/runner/work/predictor-qualification/predictor-qualification'
brasileirao-predictor	Run actions/checkout@v4	2026-09-23T06:30:20.2773289Z ##[group]Initializing the repository
brasileirao-predictor	Run actions/checkout@v4	2026-09-23T06:30:20.2774519Z [command]/usr/bin/git init /home/runner/work/predictor-qualification/predictor-qualification
brasileirao-predictor	Run actions/checkout@v4	2026-09-23T06:30:20.2979488Z hint: Using 'master' as the name for the initial branch. This default branch name
brasileirao-predictor	Run actions/checkout@v4	2026-09-23T06:30:20.2980425Z hint: will change to "main" in Git 3.0. To configure the initial branch name
brasileirao-predictor	Run actions/checkout@v4	2026-09-23T06:30:20.2981458Z hint: to use in all of your new repositories, which will suppress this warning,
brasileirao-predictor	Run actions/checkout@v4	2026-09-23T06:30:20.2982170Z hint: call:
brasileirao-predictor	Run actions/checkout@v4	2026-09-23T06:30:20.2982542Z hint:
brasileirao-predictor	Run actions/checkout@v4	2026-09-23T06:30:20.2983034Z hint: 	git config --global init.defaultBranch <name>
brasileirao-predictor	Run actions/checkout@v4	2026-09-23T06:30:20.2983560Z hint:
brasileirao-predictor	Run actions/checkout@v4	2026-09-23T06:30:20.2984083Z hint: Names commonly chosen instead of 'master' are 'main', 'trunk' and
brasileirao-predictor	Run actions/checkout@v4	2026-09-23T06:30:20.2985518Z hint: 'development'. The just-created branch can be renamed via this command:
brasileirao-predictor	Run actions/checkout@v4	2026-09-23T06:30:20.2986317Z hint:
brasileirao-predictor	Run actions/checkout@v4	2026-09-23T06:30:20.2986714Z hint: 	git branch -m <name>
brasileirao-predictor	Run actions/checkout@v4	2026-09-23T06:30:20.2987131Z hint:
brasileirao-predictor	Run actions/checkout@v4	2026-09-23T06:30:20.2987704Z hint: Disable this message with "git config set advice.defaultBranchName false"
brasileirao-predictor	Run actions/checkout@v4	2026-09-23T06:30:20.2988860Z Initialized empty Git repository in /home/runner/work/predictor-qualification/predictor-qualification/.git/
brasileirao-predictor	Run actions/checkout@v4	2026-09-23T06:30:20.2998087Z [command]/usr/bin/git remote add origin https://github.com/leonardosovienski/predictor-qualification
brasileirao-predictor	Run actions/checkout@v4	2026-09-23T06:30:20.3073247Z ##[endgroup]
brasileirao-predictor	Run actions/checkout@v4	2026-09-23T06:30:20.3073720Z ##[group]Disabling automatic garbage collection
brasileirao-predictor	Run actions/checkout@v4	2026-09-23T06:30:20.3074113Z [command]/usr/bin/git config --local gc.auto 0
brasileirao-predictor	Run actions/checkout@v4	2026-09-23T06:30:20.3110997Z ##[endgroup]
brasileirao-predictor	Run actions/checkout@v4	2026-09-23T06:30:20.3111422Z ##[group]Setting up auth
brasileirao-predictor	Run actions/checkout@v4	2026-09-23T06:30:20.3115855Z [command]/usr/bin/git config --local --name-only --get-regexp core\.sshCommand
brasileirao-predictor	Run actions/checkout@v4	2026-09-23T06:30:20.3141390Z [command]/usr/bin/git submodule foreach --recursive sh -c "git config --local --name-only --get-regexp 'core\.sshCommand' && git config --local --unset-all 'core.sshCommand' || :"
brasileirao-predictor	Run actions/checkout@v4	2026-09-23T06:30:20.3422229Z [command]/usr/bin/git config --local --name-only --get-regexp http\.https\:\/\/github\.com\/\.extraheader
brasileirao-predictor	Run actions/checkout@v4	2026-09-23T06:30:20.3451866Z [command]/usr/bin/git submodule foreach --recursive sh -c "git config --local --name-only --get-regexp 'http\.https\:\/\/github\.com\/\.extraheader' && git config --local --unset-all 'http.https://github.com/.extraheader' || :"
brasileirao-predictor	Run actions/checkout@v4	2026-09-23T06:30:20.3630720Z [command]/usr/bin/git config --local --name-only --get-regexp ^includeIf\.gitdir:
brasileirao-predictor	Run actions/checkout@v4	2026-09-23T06:30:20.3659445Z [command]/usr/bin/git submodule foreach --recursive git config --local --show-origin --name-only --get-regexp remote.origin.url
brasileirao-predictor	Run actions/checkout@v4	2026-09-23T06:30:20.3833990Z [command]/usr/bin/git config --local http.https://github.com/.extraheader AUTHORIZATION: basic ***
brasileirao-predictor	Run actions/checkout@v4	2026-09-23T06:30:20.3955781Z ##[endgroup]
brasileirao-predictor	Run actions/checkout@v4	2026-09-23T06:30:20.3956621Z ##[group]Fetching the repository
brasileirao-predictor	Run actions/checkout@v4	2026-09-23T06:30:20.3961561Z [command]/usr/bin/git -c protocol.version=2 fetch --no-tags --prune --no-recurse-submodules --depth=1 origin +e8dae4109c56d8bbd964a83e1c5f787d38906f02:refs/remotes/origin/shared/baseline-v1
brasileirao-predictor	Run actions/checkout@v4	2026-09-23T06:30:21.4109304Z From https://github.com/leonardosovienski/predictor-qualification
brasileirao-predictor	Run actions/checkout@v4	2026-09-23T06:30:21.4111250Z  * [new ref]         e8dae4109c56d8bbd964a83e1c5f787d38906f02 -> origin/shared/baseline-v1
brasileirao-predictor	Run actions/checkout@v4	2026-09-23T06:30:21.4114322Z ##[endgroup]
brasileirao-predictor	Run actions/checkout@v4	2026-09-23T06:30:21.4115457Z ##[group]Determining the checkout info
brasileirao-predictor	Run actions/checkout@v4	2026-09-23T06:30:21.4116610Z ##[endgroup]
brasileirao-predictor	Run actions/checkout@v4	2026-09-23T06:30:21.4117884Z [command]/usr/bin/git sparse-checkout disable
brasileirao-predictor	Run actions/checkout@v4	2026-09-23T06:30:21.4358171Z [command]/usr/bin/git config --local --unset-all extensions.worktreeConfig
brasileirao-predictor	Run actions/checkout@v4	2026-09-23T06:30:21.4645049Z ##[group]Checking out the ref
brasileirao-predictor	Run actions/checkout@v4	2026-09-23T06:30:21.4647788Z [command]/usr/bin/git checkout --progress --force -B shared/baseline-v1 refs/remotes/origin/shared/baseline-v1
brasileirao-predictor	Run actions/checkout@v4	2026-09-23T06:30:21.5164854Z Switched to a new branch 'shared/baseline-v1'
brasileirao-predictor	Run actions/checkout@v4	2026-09-23T06:30:21.5170590Z branch 'shared/baseline-v1' set up to track 'origin/shared/baseline-v1'.
brasileirao-predictor	Run actions/checkout@v4	2026-09-23T06:30:21.5176570Z ##[endgroup]
brasileirao-predictor	Run actions/checkout@v4	2026-09-23T06:30:21.5207499Z [command]/usr/bin/git log -1 --format=%H
brasileirao-predictor	Run actions/checkout@v4	2026-09-23T06:30:21.5228069Z e8dae4109c56d8bbd964a83e1c5f787d38906f02
brasileirao-predictor	Run actions/checkout@v4	2026-09-23T06:30:21.5235235Z ##[group]Removing auth
brasileirao-predictor	Run actions/checkout@v4	2026-09-23T06:30:21.5237471Z [command]/usr/bin/git config --local --name-only --get-regexp core\.sshCommand
brasileirao-predictor	Run actions/checkout@v4	2026-09-23T06:30:21.5262611Z [command]/usr/bin/git submodule foreach --recursive sh -c "git config --local --name-only --get-regexp 'core\.sshCommand' && git config --local --unset-all 'core.sshCommand' || :"
brasileirao-predictor	Run actions/checkout@v4	2026-09-23T06:30:21.5424172Z [command]/usr/bin/git config --local --name-only --get-regexp http\.https\:\/\/github\.com\/\.extraheader
brasileirao-predictor	Run actions/checkout@v4	2026-09-23T06:30:21.5445724Z http.https://github.com/.extraheader
brasileirao-predictor	Run actions/checkout@v4	2026-09-23T06:30:21.5456560Z [command]/usr/bin/git config --local --unset-all http.https://github.com/.extraheader
brasileirao-predictor	Run actions/checkout@v4	2026-09-23T06:30:21.5546052Z [command]/usr/bin/git submodule foreach --recursive sh -c "git config --local --name-only --get-regexp 'http\.https\:\/\/github\.com\/\.extraheader' && git config --local --unset-all 'http.https://github.com/.extraheader' || :"
brasileirao-predictor	Run actions/checkout@v4	2026-09-23T06:30:21.5703844Z [command]/usr/bin/git config --local --name-only --get-regexp ^includeIf\.gitdir:
brasileirao-predictor	Run actions/checkout@v4	2026-09-23T06:30:21.5726938Z [command]/usr/bin/git submodule foreach --recursive git config --local --show-origin --name-only --get-regexp remote.origin.url
brasileirao-predictor	Run actions/checkout@v4	2026-09-23T06:30:21.5885612Z ##[endgroup]
brasileirao-predictor	uv e Python fixados pelo plano	﻿2026-09-23T06:30:21.6058738Z ##[group]Run plan=qualification/shared/SHARED-002/CLEANROOM_PLAN_V2.json
brasileirao-predictor	uv e Python fixados pelo plano	2026-09-23T06:30:21.6060085Z ^[[36;1mplan=qualification/shared/SHARED-002/CLEANROOM_PLAN_V2.json^[[0m
brasileirao-predictor	uv e Python fixados pelo plano	2026-09-23T06:30:21.6061256Z ^[[36;1muv_version=$(jq -r .environment.uv_version "$plan")^[[0m
brasileirao-predictor	uv e Python fixados pelo plano	2026-09-23T06:30:21.6062274Z ^[[36;1muv_asset=$(jq -r .environment.uv_asset "$plan")^[[0m
brasileirao-predictor	uv e Python fixados pelo plano	2026-09-23T06:30:21.6063249Z ^[[36;1muv_sha=$(jq -r .environment.uv_sha256 "$plan")^[[0m
brasileirao-predictor	uv e Python fixados pelo plano	2026-09-23T06:30:21.6064189Z ^[[36;1mpy=$(jq -r .environment.python "$plan")^[[0m
brasileirao-predictor	uv e Python fixados pelo plano	2026-09-23T06:30:21.6065273Z ^[[36;1mtools="$RUNNER_TEMP/tools"^[[0m
brasileirao-predictor	uv e Python fixados pelo plano	2026-09-23T06:30:21.6066019Z ^[[36;1mmkdir -p "$tools/uv"^[[0m
brasileirao-predictor	uv e Python fixados pelo plano	2026-09-23T06:30:21.6067247Z ^[[36;1mcurl -sSfL -o "$tools/$uv_asset" "https://github.com/astral-sh/uv/releases/download/$uv_version/$uv_asset"^[[0m
brasileirao-predictor	uv e Python fixados pelo plano	2026-09-23T06:30:21.6068675Z ^[[36;1mecho "$uv_sha  $tools/$uv_asset" | sha256sum -c -^[[0m
brasileirao-predictor	uv e Python fixados pelo plano	2026-09-23T06:30:21.6069749Z ^[[36;1mtar -xzf "$tools/$uv_asset" -C "$tools/uv" --strip-components=1^[[0m
brasileirao-predictor	uv e Python fixados pelo plano	2026-09-23T06:30:21.6071170Z ^[[36;1mexport UV_PYTHON_INSTALL_DIR="$tools/python" UV_PYTHON_PREFERENCE=only-managed UV_NO_CONFIG=1^[[0m
brasileirao-predictor	uv e Python fixados pelo plano	2026-09-23T06:30:21.6072486Z ^[[36;1m"$tools/uv/uv" python install "$py"^[[0m
brasileirao-predictor	uv e Python fixados pelo plano	2026-09-23T06:30:21.6073379Z ^[[36;1mecho "CLEANROOM_UV=$tools/uv/uv" >> "$GITHUB_ENV"^[[0m
brasileirao-predictor	uv e Python fixados pelo plano	2026-09-23T06:30:21.6074433Z ^[[36;1mecho "UV_PYTHON_INSTALL_DIR=$tools/python" >> "$GITHUB_ENV"^[[0m
brasileirao-predictor	uv e Python fixados pelo plano	2026-09-23T06:30:21.6075581Z ^[[36;1mecho "UV_CACHE_DIR=$tools/uv-cache" >> "$GITHUB_ENV"^[[0m
brasileirao-predictor	uv e Python fixados pelo plano	2026-09-23T06:30:21.6076753Z ^[[36;1mecho "CLEANROOM_PYTHON=$("$tools/uv/uv" python find "$py")" >> "$GITHUB_ENV"^[[0m
brasileirao-predictor	uv e Python fixados pelo plano	2026-09-23T06:30:21.6111561Z shell: /usr/bin/bash -e {0}
brasileirao-predictor	uv e Python fixados pelo plano	2026-09-23T06:30:21.6112219Z ##[endgroup]
brasileirao-predictor	uv e Python fixados pelo plano	2026-09-23T06:30:22.1286762Z /home/runner/work/_temp/tools/uv-x86_64-unknown-linux-gnu.tar.gz: OK
brasileirao-predictor	uv e Python fixados pelo plano	2026-09-23T06:30:22.4793255Z Downloading cpython-3.13.15-linux-x86_64-gnu (download) (33.2MiB)
brasileirao-predictor	uv e Python fixados pelo plano	2026-09-23T06:30:23.0088785Z  Downloaded cpython-3.13.15-linux-x86_64-gnu (download)
brasileirao-predictor	uv e Python fixados pelo plano	2026-09-23T06:30:23.0203819Z Installed Python 3.13.15 in 631ms
brasileirao-predictor	uv e Python fixados pelo plano	2026-09-23T06:30:23.0204093Z  + cpython-3.13.15-linux-x86_64-gnu (python3.13)
brasileirao-predictor	Cleanroom	﻿2026-09-23T06:30:23.1254840Z ##[group]Run "$CLEANROOM_PYTHON" -I qualification/shared/scripts/cleanroom_baseline.py \
brasileirao-predictor	Cleanroom	2026-09-23T06:30:23.1255320Z ^[[36;1m"$CLEANROOM_PYTHON" -I qualification/shared/scripts/cleanroom_baseline.py \^[[0m
brasileirao-predictor	Cleanroom	2026-09-23T06:30:23.1255698Z ^[[36;1m  qualification/shared/SHARED-002/CLEANROOM_PLAN_V2.json "brasileirao-predictor" "$RUNNER_TEMP/out/brasileirao-predictor"^[[0m
brasileirao-predictor	Cleanroom	2026-09-23T06:30:23.1284953Z shell: /usr/bin/bash -e {0}
brasileirao-predictor	Cleanroom	2026-09-23T06:30:23.1285312Z env:
brasileirao-predictor	Cleanroom	2026-09-23T06:30:23.1285436Z   CLEANROOM_UV: /home/runner/work/_temp/tools/uv/uv
brasileirao-predictor	Cleanroom	2026-09-23T06:30:23.1285635Z   UV_PYTHON_INSTALL_DIR: /home/runner/work/_temp/tools/python
brasileirao-predictor	Cleanroom	2026-09-23T06:30:23.1285829Z   UV_CACHE_DIR: /home/runner/work/_temp/tools/uv-cache
brasileirao-predictor	Cleanroom	2026-09-23T06:30:23.1286096Z   CLEANROOM_PYTHON: /home/runner/work/_temp/tools/python/cpython-3.13.15-linux-x86_64-gnu/bin/python3.13
brasileirao-predictor	Cleanroom	2026-09-23T06:30:23.1286342Z ##[endgroup]
brasileirao-predictor	Cleanroom	2026-09-23T06:31:20.1271381Z {"repo": "brasileirao-predictor", "published": [{"tests": 2133, "failures": 76, "errors": 36, "skipped": 1, "passed": 2020, "failed_ids": ["::tests.test_audit_hardening", "::tests.test_hostil_2026_07_18", "::tests.test_prospective_metrics", "::tests.test_prospective_protocol_v2", "::tests.test_sombra_h5", "tests.test_audit_fixes::test_p7_gatilho_e_prob_de_mercado_usam_a_abertura", "tests.test_benchmark_panel_fixes::test_walkforward_serving_produz_linhas_de_ponta_a_ponta", "tests.test_benchmark_panel_fixes::test_relatorio_do_serving_carimba_o_ensemble_de_ponta_a_ponta", "tests.test_brasileirao_domain::test_espelho_sofascore_para_matches", "tests.test_brasileirao_domain::test_espelho_marca_e_remove_linha_orfa_de_adiamento", "tests.test_brasileirao_domain::test_espelho_remove_fixture_legado_sem_event_id_quando_data_muda", "tests.test_brasileirao_domain::test_odds_shop_sport_key_do_config", "tests.test_brasileirao_domain::test_ht_fraction_forward_only", "tests.test_core3_harness_contract::test_committed_harness_is_real_core3_execution_with_both_controls", "tests.test_core3_harness_contract::test_o_atestado_committado_aponta_para_codigo_identificavel", "tests.test_evaluate_h14_prospective::test_abaixo_do_n_minimo_nao_calcula_nada", "tests.test_evaluate_h14_prospective::test_no_n_minimo_calcula_e_reporta_veredito", "tests.test_evaluate_h14_prospective::test_ignora_previsoes_sem_resultado_ainda", "tests.test_evaluate_h15_prospective::test_abaixo_do_n_minimo_nao_calcula_nada", "tests.test_evaluate_h15_prospective::test_no_n_minimo_calcula_e_reporta_veredito", "tests.test_evaluate_h15_prospective::test_ignora_previsoes_sem_resultado_ainda", "tests.test_h10_fadiga_walkforward::test_run_walkforward_produces_paired_series_of_equal_length", "tests.test_h10_fadiga_walkforward::test_run_walkforward_exits_when_base_too_small", "tests.test_h10_fadiga_walkforward::test_main_registers_a_new_trial_with_attestation", "tests.test_market_research_jobs_manifest::test_every_market_research_
brasileirao-predictor	Run actions/upload-artifact@v4	﻿2026-09-23T06:31:20.1398397Z Node 20 is being deprecated. This workflow is running with Node 24 by default. If you need to temporarily use Node 20, you can set the ACTIONS_ALLOW_USE_UNSECURE_NODE_VERSION=true environment variable. For more information see: https://github.blog/changelog/2025-09-19-deprecation-of-node-20-on-github-actions-runners/
brasileirao-predictor	Run actions/upload-artifact@v4	2026-09-23T06:31:20.1399443Z ##[group]Run actions/upload-artifact@v4
brasileirao-predictor	Run actions/upload-artifact@v4	2026-09-23T06:31:20.1399587Z with:
brasileirao-predictor	Run actions/upload-artifact@v4	2026-09-23T06:31:20.1399711Z   name: cleanroom-brasileirao-predictor
brasileirao-predictor	Run actions/upload-artifact@v4	2026-09-23T06:31:20.1399891Z   path: /home/runner/work/_temp/out/brasileirao-predictor
brasileirao-predictor	Run actions/upload-artifact@v4	2026-09-23T06:31:20.1400081Z   if-no-files-found: error
brasileirao-predictor	Run actions/upload-artifact@v4	2026-09-23T06:31:20.1400213Z   compression-level: 6
brasileirao-predictor	Run actions/upload-artifact@v4	2026-09-23T06:31:20.1400333Z   overwrite: false
brasileirao-predictor	Run actions/upload-artifact@v4	2026-09-23T06:31:20.1400451Z   include-hidden-files: false
brasileirao-predictor	Run actions/upload-artifact@v4	2026-09-23T06:31:20.1400586Z env:
brasileirao-predictor	Run actions/upload-artifact@v4	2026-09-23T06:31:20.1400709Z   CLEANROOM_UV: /home/runner/work/_temp/tools/uv/uv
brasileirao-predictor	Run actions/upload-artifact@v4	2026-09-23T06:31:20.1400899Z   UV_PYTHON_INSTALL_DIR: /home/runner/work/_temp/tools/python
brasileirao-predictor	Run actions/upload-artifact@v4	2026-09-23T06:31:20.1401113Z   UV_CACHE_DIR: /home/runner/work/_temp/tools/uv-cache
brasileirao-predictor	Run actions/upload-artifact@v4	2026-09-23T06:31:20.1401378Z   CLEANROOM_PYTHON: /home/runner/work/_temp/tools/python/cpython-3.13.15-linux-x86_64-gnu/bin/python3.13
brasileirao-predictor	Run actions/upload-artifact@v4	2026-09-23T06:31:20.1401622Z ##[endgroup]
brasileirao-predictor	Run actions/upload-artifact@v4	2026-09-23T06:31:20.2396204Z (node:2423) [DEP0040] DeprecationWarning: The `punycode` module is deprecated. Please use a userland alternative instead.
brasileirao-predictor	Run actions/upload-artifact@v4	2026-09-23T06:31:20.2396756Z (Use `node --trace-deprecation ...` to show where the warning was created)
brasileirao-predictor	Run actions/upload-artifact@v4	2026-09-23T06:31:20.2465821Z With the provided path, there will be 34 files uploaded
brasileirao-predictor	Run actions/upload-artifact@v4	2026-09-23T06:31:20.2468862Z Artifact name is valid!
brasileirao-predictor	Run actions/upload-artifact@v4	2026-09-23T06:31:20.2469315Z Root directory input is valid!
brasileirao-predictor	Run actions/upload-artifact@v4	2026-09-23T06:31:20.5328631Z Beginning upload of artifact content to blob storage
brasileirao-predictor	Run actions/upload-artifact@v4	2026-09-23T06:31:20.5772111Z (node:2423) [DEP0169] DeprecationWarning: `url.parse()` behavior is not standardized and prone to errors that have security implications. Use the WHATWG URL API instead. CVEs are not issued for `url.parse()` vulnerabilities.
brasileirao-predictor	Run actions/upload-artifact@v4	2026-09-23T06:31:20.8667031Z Uploaded bytes 262168
brasileirao-predictor	Run actions/upload-artifact@v4	2026-09-23T06:31:20.9116485Z Finished uploading artifact content to blob storage!
brasileirao-predictor	Run actions/upload-artifact@v4	2026-09-23T06:31:20.9116981Z SHA256 digest of uploaded artifact zip is 02269699d9b51848fadcfd1609426f404beab926948006d8143cb6e9bafe281b
brasileirao-predictor	Run actions/upload-artifact@v4	2026-09-23T06:31:20.9118383Z Finalizing artifact upload
brasileirao-predictor	Run actions/upload-artifact@v4	2026-09-23T06:31:21.1185597Z Artifact cleanroom-brasileirao-predictor.zip successfully finalized. Artifact ID 10735950629
brasileirao-predictor	Run actions/upload-artifact@v4	2026-09-23T06:31:21.1186258Z Artifact cleanroom-brasileirao-predictor has been successfully uploaded! Final size is 262168 bytes. Artifact ID is 10735950629
brasileirao-predictor	Run actions/upload-artifact@v4	2026-09-23T06:31:21.1189373Z Artifact download URL: https://github.com/leonardosovienski/predictor-qualification/actions/runs/35827048915/artifacts/10735950629
brasileirao-predictor	Post Run actions/checkout@v4	﻿2026-09-23T06:31:21.1334094Z Node 20 is being deprecated. This workflow is running with Node 24 by default. If you need to temporarily use Node 20, you can set the ACTIONS_ALLOW_USE_UNSECURE_NODE_VERSION=true environment variable. For more information see: https://github.blog/changelog/2025-09-19-deprecation-of-node-20-on-github-actions-runners/
brasileirao-predictor	Post Run actions/checkout@v4	2026-09-23T06:31:21.1334726Z Post job cleanup.
brasileirao-predictor	Post Run actions/checkout@v4	2026-09-23T06:31:21.1834013Z [command]/usr/bin/git version
brasileirao-predictor	Post Run actions/checkout@v4	2026-09-23T06:31:21.1863040Z git version 2.55.0
brasileirao-predictor	Post Run actions/checkout@v4	2026-09-23T06:31:21.1885536Z Temporarily overriding HOME='/home/runner/work/_temp/d9f946ca-f2c9-4c56-9546-f757dece364a' before making global git config changes
brasileirao-predictor	Post Run actions/checkout@v4	2026-09-23T06:31:21.1886230Z Adding repository directory to the temporary git global config as a safe directory
brasileirao-predictor	Post Run actions/checkout@v4	2026-09-23T06:31:21.1888365Z [command]/usr/bin/git config --global --add safe.directory /home/runner/work/predictor-qualification/predictor-qualification
brasileirao-predictor	Post Run actions/checkout@v4	2026-09-23T06:31:21.1916315Z [command]/usr/bin/git config --local --name-only --get-regexp core\.sshCommand
brasileirao-predictor	Post Run actions/checkout@v4	2026-09-23T06:31:21.1941118Z [command]/usr/bin/git submodule foreach --recursive sh -c "git config --local --name-only --get-regexp 'core\.sshCommand' && git config --local --unset-all 'core.sshCommand' || :"
brasileirao-predictor	Post Run actions/checkout@v4	2026-09-23T06:31:21.2128974Z [command]/usr/bin/git config --local --name-only --get-regexp http\.https\:\/\/github\.com\/\.extraheader
brasileirao-predictor	Post Run actions/checkout@v4	2026-09-23T06:31:21.2156509Z [command]/usr/bin/git submodule foreach --recursive sh -c "git config --local --name-only --get-regexp 'http\.https\:\/\/github\.com\/\.extraheader' && git config --local --unset-all 'http.https://github.com/.extraheader' || :"
brasileirao-predictor	Post Run actions/checkout@v4	2026-09-23T06:31:21.2340465Z [command]/usr/bin/git config --local --name-only --get-regexp ^includeIf\.gitdir:
brasileirao-predictor	Post Run actions/checkout@v4	2026-09-23T06:31:21.2370097Z [command]/usr/bin/git submodule foreach --recursive git config --local --show-origin --name-only --get-regexp remote.origin.url
brasileirao-predictor	Complete job	﻿2026-09-23T06:31:21.2637950Z Cleaning up orphan processes
brasileirao-predictor	Complete job	2026-09-23T06:31:21.2832391Z ##[warning]Node.js 20 is deprecated. The following actions target Node.js 20 but are being forced to run on Node.js 24: actions/checkout@v4, actions/upload-artifact@v4. For more information see: https://github.blog/changelog/2025-09-19-deprecation-of-node-20-on-github-actions-runners/
stocks-predictor	Set up job	﻿2026-09-23T06:30:19.6143037Z Current runner version: '2.337.0'
stocks-predictor	Set up job	2026-09-23T06:30:19.6179827Z ##[group]Runner Image Provisioner
stocks-predictor	Set up job	2026-09-23T06:30:19.6181382Z Hosted Compute Agent
stocks-predictor	Set up job	2026-09-23T06:30:19.6182804Z Version: 20260828.587
stocks-predictor	Set up job	2026-09-23T06:30:19.6184015Z Commit: abac92662cab4cc7352de4f9f9d2e2419aad9c29
stocks-predictor	Set up job	2026-09-23T06:30:19.6185562Z Build Date: 2026-08-28T16:44:25Z
stocks-predictor	Set up job	2026-09-23T06:30:19.6186820Z Worker ID: {e06e3ab6-8fe9-44c8-8260-a30c612728b2}
stocks-predictor	Set up job	2026-09-23T06:30:19.6188056Z Azure Region: eastus
stocks-predictor	Set up job	2026-09-23T06:30:19.6189274Z ##[endgroup]
stocks-predictor	Set up job	2026-09-23T06:30:19.6191727Z ##[group]Operating System
stocks-predictor	Set up job	2026-09-23T06:30:19.6193214Z Ubuntu
stocks-predictor	Set up job	2026-09-23T06:30:19.6194175Z 24.04.5
stocks-predictor	Set up job	2026-09-23T06:30:19.6195163Z LTS
stocks-predictor	Set up job	2026-09-23T06:30:19.6196093Z ##[endgroup]
stocks-predictor	Set up job	2026-09-23T06:30:19.6197109Z ##[group]Runner Image
stocks-predictor	Set up job	2026-09-23T06:30:19.6198289Z Image: ubuntu-24.04
stocks-predictor	Set up job	2026-09-23T06:30:19.6199282Z Version: 20260907.300.1
stocks-predictor	Set up job	2026-09-23T06:30:19.6201462Z Included Software: https://github.com/actions/runner-images/blob/ubuntu24/20260907.300/images/ubuntu/Ubuntu2404-Readme.md
stocks-predictor	Set up job	2026-09-23T06:30:19.6204994Z Image Release: https://github.com/actions/runner-images/releases/tag/ubuntu24%2F20260907.300
stocks-predictor	Set up job	2026-09-23T06:30:19.6207375Z ##[endgroup]
stocks-predictor	Set up job	2026-09-23T06:30:19.6209301Z ##[group]GITHUB_TOKEN Permissions
stocks-predictor	Set up job	2026-09-23T06:30:19.6212644Z Contents: read
stocks-predictor	Set up job	2026-09-23T06:30:19.6213778Z Metadata: read
stocks-predictor	Set up job	2026-09-23T06:30:19.6214905Z ##[endgroup]
stocks-predictor	Set up job	2026-09-23T06:30:19.6217891Z Secret source: Actions
stocks-predictor	Set up job	2026-09-23T06:30:19.6219633Z Cache mode: write
stocks-predictor	Set up job	2026-09-23T06:30:19.6220740Z Prepare workflow directory
stocks-predictor	Set up job	2026-09-23T06:30:19.6696015Z Prepare all required actions
stocks-predictor	Set up job	2026-09-23T06:30:19.6765337Z Getting action download info
stocks-predictor	Set up job	2026-09-23T06:30:19.8903705Z Download action repository 'actions/checkout@v4' (SHA:11d5960a326750d5838078e36cf38b85af677262)
stocks-predictor	Set up job	2026-09-23T06:30:20.0109577Z Download action repository 'actions/upload-artifact@v4' (SHA:ea165f8d65b6e75b540449e92b4886f43607fa02)
stocks-predictor	Set up job	2026-09-23T06:30:20.2281843Z Complete job name: stocks-predictor
stocks-predictor	Run actions/checkout@v4	﻿2026-09-23T06:30:20.3074159Z Node 20 is being deprecated. This workflow is running with Node 24 by default. If you need to temporarily use Node 20, you can set the ACTIONS_ALLOW_USE_UNSECURE_NODE_VERSION=true environment variable. For more information see: https://github.blog/changelog/2025-09-19-deprecation-of-node-20-on-github-actions-runners/
stocks-predictor	Run actions/checkout@v4	2026-09-23T06:30:20.3082754Z ##[group]Run actions/checkout@v4
stocks-predictor	Run actions/checkout@v4	2026-09-23T06:30:20.3083568Z with:
stocks-predictor	Run actions/checkout@v4	2026-09-23T06:30:20.3084036Z   persist-credentials: false
stocks-predictor	Run actions/checkout@v4	2026-09-23T06:30:20.3084656Z   repository: leonardosovienski/predictor-qualification
stocks-predictor	Run actions/checkout@v4	2026-09-23T06:30:20.3088894Z   token: ***
stocks-predictor	Run actions/checkout@v4	2026-09-23T06:30:20.3089333Z   ssh-strict: true
stocks-predictor	Run actions/checkout@v4	2026-09-23T06:30:20.3089806Z   ssh-user: git
stocks-predictor	Run actions/checkout@v4	2026-09-23T06:30:20.3090232Z   clean: true
stocks-predictor	Run actions/checkout@v4	2026-09-23T06:30:20.3090694Z   sparse-checkout-cone-mode: true
stocks-predictor	Run actions/checkout@v4	2026-09-23T06:30:20.3091222Z   fetch-depth: 1
stocks-predictor	Run actions/checkout@v4	2026-09-23T06:30:20.3091660Z   fetch-tags: false
stocks-predictor	Run actions/checkout@v4	2026-09-23T06:30:20.3092110Z   show-progress: true
stocks-predictor	Run actions/checkout@v4	2026-09-23T06:30:20.3092741Z   lfs: false
stocks-predictor	Run actions/checkout@v4	2026-09-23T06:30:20.3093203Z   submodules: false
stocks-predictor	Run actions/checkout@v4	2026-09-23T06:30:20.3093709Z   set-safe-directory: true
stocks-predictor	Run actions/checkout@v4	2026-09-23T06:30:20.3094237Z   allow-unsafe-pr-checkout: false
stocks-predictor	Run actions/checkout@v4	2026-09-23T06:30:20.3095049Z ##[endgroup]
stocks-predictor	Run actions/checkout@v4	2026-09-23T06:30:20.4164807Z Syncing repository: leonardosovienski/predictor-qualification
stocks-predictor	Run actions/checkout@v4	2026-09-23T06:30:20.4167636Z ##[group]Getting Git version info
stocks-predictor	Run actions/checkout@v4	2026-09-23T06:30:20.4169054Z Working directory is '/home/runner/work/predictor-qualification/predictor-qualification'
stocks-predictor	Run actions/checkout@v4	2026-09-23T06:30:20.4171083Z [command]/usr/bin/git version
stocks-predictor	Run actions/checkout@v4	2026-09-23T06:30:20.4238107Z git version 2.55.0
stocks-predictor	Run actions/checkout@v4	2026-09-23T06:30:20.4273613Z ##[endgroup]
stocks-predictor	Run actions/checkout@v4	2026-09-23T06:30:20.4283043Z Temporarily overriding HOME='/home/runner/work/_temp/9ef43a0a-071e-4fa3-8295-2ffff42d0f48' before making global git config changes
stocks-predictor	Run actions/checkout@v4	2026-09-23T06:30:20.4286742Z Adding repository directory to the temporary git global config as a safe directory
stocks-predictor	Run actions/checkout@v4	2026-09-23T06:30:20.4289477Z [command]/usr/bin/git config --global --add safe.directory /home/runner/work/predictor-qualification/predictor-qualification
stocks-predictor	Run actions/checkout@v4	2026-09-23T06:30:20.4349420Z Deleting the contents of '/home/runner/work/predictor-qualification/predictor-qualification'
stocks-predictor	Run actions/checkout@v4	2026-09-23T06:30:20.4354862Z ##[group]Initializing the repository
stocks-predictor	Run actions/checkout@v4	2026-09-23T06:30:20.4360266Z [command]/usr/bin/git init /home/runner/work/predictor-qualification/predictor-qualification
stocks-predictor	Run actions/checkout@v4	2026-09-23T06:30:20.4507842Z hint: Using 'master' as the name for the initial branch. This default branch name
stocks-predictor	Run actions/checkout@v4	2026-09-23T06:30:20.4509697Z hint: will change to "main" in Git 3.0. To configure the initial branch name
stocks-predictor	Run actions/checkout@v4	2026-09-23T06:30:20.4511404Z hint: to use in all of your new repositories, which will suppress this warning,
stocks-predictor	Run actions/checkout@v4	2026-09-23T06:30:20.4513019Z hint: call:
stocks-predictor	Run actions/checkout@v4	2026-09-23T06:30:20.4513731Z hint:
stocks-predictor	Run actions/checkout@v4	2026-09-23T06:30:20.4514581Z hint: 	git config --global init.defaultBranch <name>
stocks-predictor	Run actions/checkout@v4	2026-09-23T06:30:20.4515662Z hint:
stocks-predictor	Run actions/checkout@v4	2026-09-23T06:30:20.4518833Z hint: Names commonly chosen instead of 'master' are 'main', 'trunk' and
stocks-predictor	Run actions/checkout@v4	2026-09-23T06:30:20.4520042Z hint: 'development'. The just-created branch can be renamed via this command:
stocks-predictor	Run actions/checkout@v4	2026-09-23T06:30:20.4520810Z hint:
stocks-predictor	Run actions/checkout@v4	2026-09-23T06:30:20.4521233Z hint: 	git branch -m <name>
stocks-predictor	Run actions/checkout@v4	2026-09-23T06:30:20.4521707Z hint:
stocks-predictor	Run actions/checkout@v4	2026-09-23T06:30:20.4522719Z hint: Disable this message with "git config set advice.defaultBranchName false"
stocks-predictor	Run actions/checkout@v4	2026-09-23T06:30:20.4538985Z Initialized empty Git repository in /home/runner/work/predictor-qualification/predictor-qualification/.git/
stocks-predictor	Run actions/checkout@v4	2026-09-23T06:30:20.4548847Z [command]/usr/bin/git remote add origin https://github.com/leonardosovienski/predictor-qualification
stocks-predictor	Run actions/checkout@v4	2026-09-23T06:30:20.4595915Z ##[endgroup]
stocks-predictor	Run actions/checkout@v4	2026-09-23T06:30:20.4597353Z ##[group]Disabling automatic garbage collection
stocks-predictor	Run actions/checkout@v4	2026-09-23T06:30:20.4599533Z [command]/usr/bin/git config --local gc.auto 0
stocks-predictor	Run actions/checkout@v4	2026-09-23T06:30:20.4644815Z ##[endgroup]
stocks-predictor	Run actions/checkout@v4	2026-09-23T06:30:20.4645836Z ##[group]Setting up auth
stocks-predictor	Run actions/checkout@v4	2026-09-23T06:30:20.4646617Z [command]/usr/bin/git config --local --name-only --get-regexp core\.sshCommand
stocks-predictor	Run actions/checkout@v4	2026-09-23T06:30:20.4684364Z [command]/usr/bin/git submodule foreach --recursive sh -c "git config --local --name-only --get-regexp 'core\.sshCommand' && git config --local --unset-all 'core.sshCommand' || :"
stocks-predictor	Run actions/checkout@v4	2026-09-23T06:30:20.5099396Z [command]/usr/bin/git config --local --name-only --get-regexp http\.https\:\/\/github\.com\/\.extraheader
stocks-predictor	Run actions/checkout@v4	2026-09-23T06:30:20.5141466Z [command]/usr/bin/git submodule foreach --recursive sh -c "git config --local --name-only --get-regexp 'http\.https\:\/\/github\.com\/\.extraheader' && git config --local --unset-all 'http.https://github.com/.extraheader' || :"
stocks-predictor	Run actions/checkout@v4	2026-09-23T06:30:20.5378663Z [command]/usr/bin/git config --local --name-only --get-regexp ^includeIf\.gitdir:
stocks-predictor	Run actions/checkout@v4	2026-09-23T06:30:20.5419956Z [command]/usr/bin/git submodule foreach --recursive git config --local --show-origin --name-only --get-regexp remote.origin.url
stocks-predictor	Run actions/checkout@v4	2026-09-23T06:30:20.5652901Z [command]/usr/bin/git config --local http.https://github.com/.extraheader AUTHORIZATION: basic ***
stocks-predictor	Run actions/checkout@v4	2026-09-23T06:30:20.5697253Z ##[endgroup]
stocks-predictor	Run actions/checkout@v4	2026-09-23T06:30:20.5698916Z ##[group]Fetching the repository
stocks-predictor	Run actions/checkout@v4	2026-09-23T06:30:20.5708198Z [command]/usr/bin/git -c protocol.version=2 fetch --no-tags --prune --no-recurse-submodules --depth=1 origin +e8dae4109c56d8bbd964a83e1c5f787d38906f02:refs/remotes/origin/shared/baseline-v1
stocks-predictor	Run actions/checkout@v4	2026-09-23T06:30:21.2837030Z From https://github.com/leonardosovienski/predictor-qualification
stocks-predictor	Run actions/checkout@v4	2026-09-23T06:30:21.2855881Z  * [new ref]         e8dae4109c56d8bbd964a83e1c5f787d38906f02 -> origin/shared/baseline-v1
stocks-predictor	Run actions/checkout@v4	2026-09-23T06:30:21.2860169Z ##[endgroup]
stocks-predictor	Run actions/checkout@v4	2026-09-23T06:30:21.2861438Z ##[group]Determining the checkout info
stocks-predictor	Run actions/checkout@v4	2026-09-23T06:30:21.2863058Z ##[endgroup]
stocks-predictor	Run actions/checkout@v4	2026-09-23T06:30:21.2863837Z [command]/usr/bin/git sparse-checkout disable
stocks-predictor	Run actions/checkout@v4	2026-09-23T06:30:21.2918251Z [command]/usr/bin/git config --local --unset-all extensions.worktreeConfig
stocks-predictor	Run actions/checkout@v4	2026-09-23T06:30:21.2958293Z ##[group]Checking out the ref
stocks-predictor	Run actions/checkout@v4	2026-09-23T06:30:21.2965144Z [command]/usr/bin/git checkout --progress --force -B shared/baseline-v1 refs/remotes/origin/shared/baseline-v1
stocks-predictor	Run actions/checkout@v4	2026-09-23T06:30:21.3393391Z Switched to a new branch 'shared/baseline-v1'
stocks-predictor	Run actions/checkout@v4	2026-09-23T06:30:21.3401175Z branch 'shared/baseline-v1' set up to track 'origin/shared/baseline-v1'.
stocks-predictor	Run actions/checkout@v4	2026-09-23T06:30:21.3411691Z ##[endgroup]
stocks-predictor	Run actions/checkout@v4	2026-09-23T06:30:21.3460897Z [command]/usr/bin/git log -1 --format=%H
stocks-predictor	Run actions/checkout@v4	2026-09-23T06:30:21.3488092Z e8dae4109c56d8bbd964a83e1c5f787d38906f02
stocks-predictor	Run actions/checkout@v4	2026-09-23T06:30:21.3498295Z ##[group]Removing auth
stocks-predictor	Run actions/checkout@v4	2026-09-23T06:30:21.3503438Z [command]/usr/bin/git config --local --name-only --get-regexp core\.sshCommand
stocks-predictor	Run actions/checkout@v4	2026-09-23T06:30:21.3536909Z [command]/usr/bin/git submodule foreach --recursive sh -c "git config --local --name-only --get-regexp 'core\.sshCommand' && git config --local --unset-all 'core.sshCommand' || :"
stocks-predictor	Run actions/checkout@v4	2026-09-23T06:30:21.3765316Z [command]/usr/bin/git config --local --name-only --get-regexp http\.https\:\/\/github\.com\/\.extraheader
stocks-predictor	Run actions/checkout@v4	2026-09-23T06:30:21.3793759Z http.https://github.com/.extraheader
stocks-predictor	Run actions/checkout@v4	2026-09-23T06:30:21.3801122Z [command]/usr/bin/git config --local --unset-all http.https://github.com/.extraheader
stocks-predictor	Run actions/checkout@v4	2026-09-23T06:30:21.3837187Z [command]/usr/bin/git submodule foreach --recursive sh -c "git config --local --name-only --get-regexp 'http\.https\:\/\/github\.com\/\.extraheader' && git config --local --unset-all 'http.https://github.com/.extraheader' || :"
stocks-predictor	Run actions/checkout@v4	2026-09-23T06:30:21.4060641Z [command]/usr/bin/git config --local --name-only --get-regexp ^includeIf\.gitdir:
stocks-predictor	Run actions/checkout@v4	2026-09-23T06:30:21.4096963Z [command]/usr/bin/git submodule foreach --recursive git config --local --show-origin --name-only --get-regexp remote.origin.url
stocks-predictor	Run actions/checkout@v4	2026-09-23T06:30:21.4315163Z ##[endgroup]
stocks-predictor	uv e Python fixados pelo plano	﻿2026-09-23T06:30:21.4560443Z ##[group]Run plan=qualification/shared/SHARED-002/CLEANROOM_PLAN_V2.json
stocks-predictor	uv e Python fixados pelo plano	2026-09-23T06:30:21.4563061Z ^[[36;1mplan=qualification/shared/SHARED-002/CLEANROOM_PLAN_V2.json^[[0m
stocks-predictor	uv e Python fixados pelo plano	2026-09-23T06:30:21.4565102Z ^[[36;1muv_version=$(jq -r .environment.uv_version "$plan")^[[0m
stocks-predictor	uv e Python fixados pelo plano	2026-09-23T06:30:21.4566882Z ^[[36;1muv_asset=$(jq -r .environment.uv_asset "$plan")^[[0m
stocks-predictor	uv e Python fixados pelo plano	2026-09-23T06:30:21.4568570Z ^[[36;1muv_sha=$(jq -r .environment.uv_sha256 "$plan")^[[0m
stocks-predictor	uv e Python fixados pelo plano	2026-09-23T06:30:21.4570219Z ^[[36;1mpy=$(jq -r .environment.python "$plan")^[[0m
stocks-predictor	uv e Python fixados pelo plano	2026-09-23T06:30:21.4571708Z ^[[36;1mtools="$RUNNER_TEMP/tools"^[[0m
stocks-predictor	uv e Python fixados pelo plano	2026-09-23T06:30:21.4573356Z ^[[36;1mmkdir -p "$tools/uv"^[[0m
stocks-predictor	uv e Python fixados pelo plano	2026-09-23T06:30:21.4575571Z ^[[36;1mcurl -sSfL -o "$tools/$uv_asset" "https://github.com/astral-sh/uv/releases/download/$uv_version/$uv_asset"^[[0m
stocks-predictor	uv e Python fixados pelo plano	2026-09-23T06:30:21.4578078Z ^[[36;1mecho "$uv_sha  $tools/$uv_asset" | sha256sum -c -^[[0m
stocks-predictor	uv e Python fixados pelo plano	2026-09-23T06:30:21.4580000Z ^[[36;1mtar -xzf "$tools/$uv_asset" -C "$tools/uv" --strip-components=1^[[0m
stocks-predictor	uv e Python fixados pelo plano	2026-09-23T06:30:21.4582912Z ^[[36;1mexport UV_PYTHON_INSTALL_DIR="$tools/python" UV_PYTHON_PREFERENCE=only-managed UV_NO_CONFIG=1^[[0m
stocks-predictor	uv e Python fixados pelo plano	2026-09-23T06:30:21.4585308Z ^[[36;1m"$tools/uv/uv" python install "$py"^[[0m
stocks-predictor	uv e Python fixados pelo plano	2026-09-23T06:30:21.4586928Z ^[[36;1mecho "CLEANROOM_UV=$tools/uv/uv" >> "$GITHUB_ENV"^[[0m
stocks-predictor	uv e Python fixados pelo plano	2026-09-23T06:30:21.4588843Z ^[[36;1mecho "UV_PYTHON_INSTALL_DIR=$tools/python" >> "$GITHUB_ENV"^[[0m
stocks-predictor	uv e Python fixados pelo plano	2026-09-23T06:30:21.4590787Z ^[[36;1mecho "UV_CACHE_DIR=$tools/uv-cache" >> "$GITHUB_ENV"^[[0m
stocks-predictor	uv e Python fixados pelo plano	2026-09-23T06:30:21.4593075Z ^[[36;1mecho "CLEANROOM_PYTHON=$("$tools/uv/uv" python find "$py")" >> "$GITHUB_ENV"^[[0m
stocks-predictor	uv e Python fixados pelo plano	2026-09-23T06:30:21.4636421Z shell: /usr/bin/bash -e {0}
stocks-predictor	uv e Python fixados pelo plano	2026-09-23T06:30:21.4637669Z ##[endgroup]
stocks-predictor	uv e Python fixados pelo plano	2026-09-23T06:30:21.7074308Z /home/runner/work/_temp/tools/uv-x86_64-unknown-linux-gnu.tar.gz: OK
stocks-predictor	uv e Python fixados pelo plano	2026-09-23T06:30:22.1785669Z Downloading cpython-3.13.15-linux-x86_64-gnu (download) (33.2MiB)
stocks-predictor	uv e Python fixados pelo plano	2026-09-23T06:30:23.0488732Z  Downloaded cpython-3.13.15-linux-x86_64-gnu (download)
stocks-predictor	uv e Python fixados pelo plano	2026-09-23T06:30:23.0535984Z Installed Python 3.13.15 in 970ms
stocks-predictor	uv e Python fixados pelo plano	2026-09-23T06:30:23.0537037Z  + cpython-3.13.15-linux-x86_64-gnu (python3.13)
stocks-predictor	Cleanroom	﻿2026-09-23T06:30:23.2169074Z ##[group]Run "$CLEANROOM_PYTHON" -I qualification/shared/scripts/cleanroom_baseline.py \
stocks-predictor	Cleanroom	2026-09-23T06:30:23.2169845Z ^[[36;1m"$CLEANROOM_PYTHON" -I qualification/shared/scripts/cleanroom_baseline.py \^[[0m
stocks-predictor	Cleanroom	2026-09-23T06:30:23.2170647Z ^[[36;1m  qualification/shared/SHARED-002/CLEANROOM_PLAN_V2.json "stocks-predictor" "$RUNNER_TEMP/out/stocks-predictor"^[[0m
stocks-predictor	Cleanroom	2026-09-23T06:30:23.2210605Z shell: /usr/bin/bash -e {0}
stocks-predictor	Cleanroom	2026-09-23T06:30:23.2210957Z env:
stocks-predictor	Cleanroom	2026-09-23T06:30:23.2211498Z   CLEANROOM_UV: /home/runner/work/_temp/tools/uv/uv
stocks-predictor	Cleanroom	2026-09-23T06:30:23.2211984Z   UV_PYTHON_INSTALL_DIR: /home/runner/work/_temp/tools/python
stocks-predictor	Cleanroom	2026-09-23T06:30:23.2212713Z   UV_CACHE_DIR: /home/runner/work/_temp/tools/uv-cache
stocks-predictor	Cleanroom	2026-09-23T06:30:23.2213360Z   CLEANROOM_PYTHON: /home/runner/work/_temp/tools/python/cpython-3.13.15-linux-x86_64-gnu/bin/python3.13
stocks-predictor	Cleanroom	2026-09-23T06:30:23.2213978Z ##[endgroup]
stocks-predictor	Cleanroom	2026-09-23T06:30:49.9954769Z {"repo": "stocks-predictor", "published": [{"tests": 571, "failures": 23, "errors": 50, "skipped": 0, "passed": 498, "failed_ids": ["::tests.test_adjust", "::tests.test_analyst", "::tests.test_backtest_m5", "::tests.test_big_winner_v2", "::tests.test_cash_source_audit", "::tests.test_cotahist", "::tests.test_document_panel", "::tests.test_dsr_deflation_guard", "::tests.test_economic_gate", "::tests.test_economics", "::tests.test_entrypoint_integrity", "::tests.test_external_intelligence", "::tests.test_factor_portfolio", "::tests.test_h10_double_filter", "::tests.test_h11_total_return", "::tests.test_h12_quality_margin", "::tests.test_h13_revenue_growth", "::tests.test_h14_near_52w_high", "::tests.test_h15_volume_surge", "::tests.test_h16_turn_of_month", "::tests.test_h17_accruals", "::tests.test_h18_h19_value", "::tests.test_h2_gate", "::tests.test_h4_sizing", "::tests.test_h5_reversal", "::tests.test_h6_momentum6", "::tests.test_h7_quality_roe", "::tests.test_h8_double_filter", "::tests.test_h9_quality_leverage", "::tests.test_legacy_schema_compatibility", "::tests.test_paper", "::tests.test_purge_embargo_limitation", "::tests.test_quote_factor", "::tests.test_readonly_entrypoints", "::tests.test_repairs_cvm", "::tests.test_repairs_execution", "::tests.test_report", "::tests.test_retail_cash", "::tests.test_returns", "::tests.test_rj_audit_2026_08_24", "::tests.test_rj_audit_integrity", "::tests.test_rj_ingest", "::tests.test_rj_next_gen", "::tests.test_rj_pipeline", "::tests.test_rj_power", "::tests.test_rj_power_gate", "::tests.test_rj_smoke_synthetic", "::tests.test_source_history", "::tests.test_stock_bonus", "::tests.test_universe", "tests.test_config::test_parse_sections_and_scalars", "tests.test_config::test_parse_comment_inside_quotes_preserved", "tests.test_config::test_parse_rejects_lists", "tests.test_config::test_parse_rejects_deep_nesting", "tests.test_config::test_load_real_config_h1_frozen_params", "tests.test_config::test_config_hash_stable_across_
stocks-predictor	Run actions/upload-artifact@v4	﻿2026-09-23T06:30:50.0130421Z Node 20 is being deprecated. This workflow is running with Node 24 by default. If you need to temporarily use Node 20, you can set the ACTIONS_ALLOW_USE_UNSECURE_NODE_VERSION=true environment variable. For more information see: https://github.blog/changelog/2025-09-19-deprecation-of-node-20-on-github-actions-runners/
stocks-predictor	Run actions/upload-artifact@v4	2026-09-23T06:30:50.0132611Z ##[group]Run actions/upload-artifact@v4
stocks-predictor	Run actions/upload-artifact@v4	2026-09-23T06:30:50.0132923Z with:
stocks-predictor	Run actions/upload-artifact@v4	2026-09-23T06:30:50.0133141Z   name: cleanroom-stocks-predictor
stocks-predictor	Run actions/upload-artifact@v4	2026-09-23T06:30:50.0133462Z   path: /home/runner/work/_temp/out/stocks-predictor
stocks-predictor	Run actions/upload-artifact@v4	2026-09-23T06:30:50.0133805Z   if-no-files-found: error
stocks-predictor	Run actions/upload-artifact@v4	2026-09-23T06:30:50.0134046Z   compression-level: 6
stocks-predictor	Run actions/upload-artifact@v4	2026-09-23T06:30:50.0134272Z   overwrite: false
stocks-predictor	Run actions/upload-artifact@v4	2026-09-23T06:30:50.0134489Z   include-hidden-files: false
stocks-predictor	Run actions/upload-artifact@v4	2026-09-23T06:30:50.0134732Z env:
stocks-predictor	Run actions/upload-artifact@v4	2026-09-23T06:30:50.0134965Z   CLEANROOM_UV: /home/runner/work/_temp/tools/uv/uv
stocks-predictor	Run actions/upload-artifact@v4	2026-09-23T06:30:50.0135337Z   UV_PYTHON_INSTALL_DIR: /home/runner/work/_temp/tools/python
stocks-predictor	Run actions/upload-artifact@v4	2026-09-23T06:30:50.0135707Z   UV_CACHE_DIR: /home/runner/work/_temp/tools/uv-cache
stocks-predictor	Run actions/upload-artifact@v4	2026-09-23T06:30:50.0136264Z   CLEANROOM_PYTHON: /home/runner/work/_temp/tools/python/cpython-3.13.15-linux-x86_64-gnu/bin/python3.13
stocks-predictor	Run actions/upload-artifact@v4	2026-09-23T06:30:50.0136772Z ##[endgroup]
stocks-predictor	Run actions/upload-artifact@v4	2026-09-23T06:30:50.1818944Z (node:2624) [DEP0040] DeprecationWarning: The `punycode` module is deprecated. Please use a userland alternative instead.
stocks-predictor	Run actions/upload-artifact@v4	2026-09-23T06:30:50.1819856Z (Use `node --trace-deprecation ...` to show where the warning was created)
stocks-predictor	Run actions/upload-artifact@v4	2026-09-23T06:30:50.1945549Z With the provided path, there will be 26 files uploaded
stocks-predictor	Run actions/upload-artifact@v4	2026-09-23T06:30:50.1952798Z Artifact name is valid!
stocks-predictor	Run actions/upload-artifact@v4	2026-09-23T06:30:50.1962158Z Root directory input is valid!
stocks-predictor	Run actions/upload-artifact@v4	2026-09-23T06:30:50.3961297Z Beginning upload of artifact content to blob storage
stocks-predictor	Run actions/upload-artifact@v4	2026-09-23T06:30:50.4570422Z (node:2624) [DEP0169] DeprecationWarning: `url.parse()` behavior is not standardized and prone to errors that have security implications. Use the WHATWG URL API instead. CVEs are not issued for `url.parse()` vulnerabilities.
stocks-predictor	Run actions/upload-artifact@v4	2026-09-23T06:30:50.4932531Z Uploaded bytes 70389
stocks-predictor	Run actions/upload-artifact@v4	2026-09-23T06:30:50.5129051Z Finished uploading artifact content to blob storage!
stocks-predictor	Run actions/upload-artifact@v4	2026-09-23T06:30:50.5131052Z SHA256 digest of uploaded artifact zip is d5d1b8f03506d886d3d7b57a91ebe52de2eaca97399d82562e6b8381faa7336b
stocks-predictor	Run actions/upload-artifact@v4	2026-09-23T06:30:50.5133087Z Finalizing artifact upload
stocks-predictor	Run actions/upload-artifact@v4	2026-09-23T06:30:50.7103454Z Artifact cleanroom-stocks-predictor.zip successfully finalized. Artifact ID 10734919467
stocks-predictor	Run actions/upload-artifact@v4	2026-09-23T06:30:50.7104959Z Artifact cleanroom-stocks-predictor has been successfully uploaded! Final size is 70389 bytes. Artifact ID is 10734919467
stocks-predictor	Run actions/upload-artifact@v4	2026-09-23T06:30:50.7107305Z Artifact download URL: https://github.com/leonardosovienski/predictor-qualification/actions/runs/35827048915/artifacts/10734919467
stocks-predictor	Post Run actions/checkout@v4	﻿2026-09-23T06:30:50.7314525Z Node 20 is being deprecated. This workflow is running with Node 24 by default. If you need to temporarily use Node 20, you can set the ACTIONS_ALLOW_USE_UNSECURE_NODE_VERSION=true environment variable. For more information see: https://github.blog/changelog/2025-09-19-deprecation-of-node-20-on-github-actions-runners/
stocks-predictor	Post Run actions/checkout@v4	2026-09-23T06:30:50.7315801Z Post job cleanup.
stocks-predictor	Post Run actions/checkout@v4	2026-09-23T06:30:50.8212888Z [command]/usr/bin/git version
stocks-predictor	Post Run actions/checkout@v4	2026-09-23T06:30:50.8259804Z git version 2.55.0
stocks-predictor	Post Run actions/checkout@v4	2026-09-23T06:30:50.8309887Z Temporarily overriding HOME='/home/runner/work/_temp/b550feb0-beb0-47e3-a646-cc66fbf914ee' before making global git config changes
stocks-predictor	Post Run actions/checkout@v4	2026-09-23T06:30:50.8311346Z Adding repository directory to the temporary git global config as a safe directory
stocks-predictor	Post Run actions/checkout@v4	2026-09-23T06:30:50.8316537Z [command]/usr/bin/git config --global --add safe.directory /home/runner/work/predictor-qualification/predictor-qualification
stocks-predictor	Post Run actions/checkout@v4	2026-09-23T06:30:50.8361252Z [command]/usr/bin/git config --local --name-only --get-regexp core\.sshCommand
stocks-predictor	Post Run actions/checkout@v4	2026-09-23T06:30:50.8399100Z [command]/usr/bin/git submodule foreach --recursive sh -c "git config --local --name-only --get-regexp 'core\.sshCommand' && git config --local --unset-all 'core.sshCommand' || :"
stocks-predictor	Post Run actions/checkout@v4	2026-09-23T06:30:50.8646183Z [command]/usr/bin/git config --local --name-only --get-regexp http\.https\:\/\/github\.com\/\.extraheader
stocks-predictor	Post Run actions/checkout@v4	2026-09-23T06:30:50.8681330Z [command]/usr/bin/git submodule foreach --recursive sh -c "git config --local --name-only --get-regexp 'http\.https\:\/\/github\.com\/\.extraheader' && git config --local --unset-all 'http.https://github.com/.extraheader' || :"
stocks-predictor	Post Run actions/checkout@v4	2026-09-23T06:30:50.8943967Z [command]/usr/bin/git config --local --name-only --get-regexp ^includeIf\.gitdir:
stocks-predictor	Post Run actions/checkout@v4	2026-09-23T06:30:50.8982576Z [command]/usr/bin/git submodule foreach --recursive git config --local --show-origin --name-only --get-regexp remote.origin.url
stocks-predictor	Complete job	﻿2026-09-23T06:30:50.9407378Z Cleaning up orphan processes
stocks-predictor	Complete job	2026-09-23T06:30:50.9698954Z ##[warning]Node.js 20 is deprecated. The following actions target Node.js 20 but are being forced to run on Node.js 24: actions/checkout@v4, actions/upload-artifact@v4. For more information see: https://github.blog/changelog/2025-09-19-deprecation-of-node-20-on-github-actions-runners/
cripto-predictor	Set up job	﻿2026-09-23T06:30:19.5986119Z Current runner version: '2.337.0'
cripto-predictor	Set up job	2026-09-23T06:30:19.6021799Z ##[group]Runner Image Provisioner
cripto-predictor	Set up job	2026-09-23T06:30:19.6023135Z Hosted Compute Agent
cripto-predictor	Set up job	2026-09-23T06:30:19.6024271Z Version: 20260828.587
cripto-predictor	Set up job	2026-09-23T06:30:19.6025335Z Commit: abac92662cab4cc7352de4f9f9d2e2419aad9c29
cripto-predictor	Set up job	2026-09-23T06:30:19.6026648Z Build Date: 2026-08-28T16:44:25Z
cripto-predictor	Set up job	2026-09-23T06:30:19.6027792Z Worker ID: {da6d173d-56e6-4c46-b6cb-7fe223ab15e6}
cripto-predictor	Set up job	2026-09-23T06:30:19.6029391Z Azure Region: eastus
cripto-predictor	Set up job	2026-09-23T06:30:19.6030519Z ##[endgroup]
cripto-predictor	Set up job	2026-09-23T06:30:19.6033090Z ##[group]Operating System
cripto-predictor	Set up job	2026-09-23T06:30:19.6034207Z Ubuntu
cripto-predictor	Set up job	2026-09-23T06:30:19.6035062Z 24.04.5
cripto-predictor	Set up job	2026-09-23T06:30:19.6035889Z LTS
cripto-predictor	Set up job	2026-09-23T06:30:19.6036965Z ##[endgroup]
cripto-predictor	Set up job	2026-09-23T06:30:19.6037879Z ##[group]Runner Image
cripto-predictor	Set up job	2026-09-23T06:30:19.6039710Z Image: ubuntu-24.04
cripto-predictor	Set up job	2026-09-23T06:30:19.6040772Z Version: 20260907.300.1
cripto-predictor	Set up job	2026-09-23T06:30:19.6042609Z Included Software: https://github.com/actions/runner-images/blob/ubuntu24/20260907.300/images/ubuntu/Ubuntu2404-Readme.md
cripto-predictor	Set up job	2026-09-23T06:30:19.6045803Z Image Release: https://github.com/actions/runner-images/releases/tag/ubuntu24%2F20260907.300
cripto-predictor	Set up job	2026-09-23T06:30:19.6047600Z ##[endgroup]
cripto-predictor	Set up job	2026-09-23T06:30:19.6049722Z ##[group]GITHUB_TOKEN Permissions
cripto-predictor	Set up job	2026-09-23T06:30:19.6053006Z Contents: read
cripto-predictor	Set up job	2026-09-23T06:30:19.6053989Z Metadata: read
cripto-predictor	Set up job	2026-09-23T06:30:19.6054972Z ##[endgroup]
cripto-predictor	Set up job	2026-09-23T06:30:19.6058235Z Secret source: Actions
cripto-predictor	Set up job	2026-09-23T06:30:19.6060153Z Cache mode: write
cripto-predictor	Set up job	2026-09-23T06:30:19.6061734Z Prepare workflow directory
cripto-predictor	Set up job	2026-09-23T06:30:19.6554097Z Prepare all required actions
cripto-predictor	Set up job	2026-09-23T06:30:19.6626037Z Getting action download info
cripto-predictor	Set up job	2026-09-23T06:30:19.8684805Z Download action repository 'actions/checkout@v4' (SHA:11d5960a326750d5838078e36cf38b85af677262)
cripto-predictor	Set up job	2026-09-23T06:30:19.9878858Z Download action repository 'actions/upload-artifact@v4' (SHA:ea165f8d65b6e75b540449e92b4886f43607fa02)
cripto-predictor	Set up job	2026-09-23T06:30:20.2062445Z Complete job name: cripto-predictor
cripto-predictor	Run actions/checkout@v4	﻿2026-09-23T06:30:20.2960972Z Node 20 is being deprecated. This workflow is running with Node 24 by default. If you need to temporarily use Node 20, you can set the ACTIONS_ALLOW_USE_UNSECURE_NODE_VERSION=true environment variable. For more information see: https://github.blog/changelog/2025-09-19-deprecation-of-node-20-on-github-actions-runners/
cripto-predictor	Run actions/checkout@v4	2026-09-23T06:30:20.2970335Z ##[group]Run actions/checkout@v4
cripto-predictor	Run actions/checkout@v4	2026-09-23T06:30:20.2971088Z with:
cripto-predictor	Run actions/checkout@v4	2026-09-23T06:30:20.2971546Z   persist-credentials: false
cripto-predictor	Run actions/checkout@v4	2026-09-23T06:30:20.2972181Z   repository: leonardosovienski/predictor-qualification
cripto-predictor	Run actions/checkout@v4	2026-09-23T06:30:20.2975964Z   token: ***
cripto-predictor	Run actions/checkout@v4	2026-09-23T06:30:20.2976396Z   ssh-strict: true
cripto-predictor	Run actions/checkout@v4	2026-09-23T06:30:20.2976830Z   ssh-user: git
cripto-predictor	Run actions/checkout@v4	2026-09-23T06:30:20.2977255Z   clean: true
cripto-predictor	Run actions/checkout@v4	2026-09-23T06:30:20.2977695Z   sparse-checkout-cone-mode: true
cripto-predictor	Run actions/checkout@v4	2026-09-23T06:30:20.2978217Z   fetch-depth: 1
cripto-predictor	Run actions/checkout@v4	2026-09-23T06:30:20.2978900Z   fetch-tags: false
cripto-predictor	Run actions/checkout@v4	2026-09-23T06:30:20.2979350Z   show-progress: true
cripto-predictor	Run actions/checkout@v4	2026-09-23T06:30:20.2979796Z   lfs: false
cripto-predictor	Run actions/checkout@v4	2026-09-23T06:30:20.2980212Z   submodules: false
cripto-predictor	Run actions/checkout@v4	2026-09-23T06:30:20.2980707Z   set-safe-directory: true
cripto-predictor	Run actions/checkout@v4	2026-09-23T06:30:20.2981225Z   allow-unsafe-pr-checkout: false
cripto-predictor	Run actions/checkout@v4	2026-09-23T06:30:20.2982005Z ##[endgroup]
cripto-predictor	Run actions/checkout@v4	2026-09-23T06:30:20.4022689Z Syncing repository: leonardosovienski/predictor-qualification
cripto-predictor	Run actions/checkout@v4	2026-09-23T06:30:20.4025539Z ##[group]Getting Git version info
cripto-predictor	Run actions/checkout@v4	2026-09-23T06:30:20.4026999Z Working directory is '/home/runner/work/predictor-qualification/predictor-qualification'
cripto-predictor	Run actions/checkout@v4	2026-09-23T06:30:20.4029288Z [command]/usr/bin/git version
cripto-predictor	Run actions/checkout@v4	2026-09-23T06:30:20.4079575Z git version 2.55.0
cripto-predictor	Run actions/checkout@v4	2026-09-23T06:30:20.4103804Z ##[endgroup]
cripto-predictor	Run actions/checkout@v4	2026-09-23T06:30:20.4126110Z Temporarily overriding HOME='/home/runner/work/_temp/484c57b6-483f-430f-8331-e54b8009a10f' before making global git config changes
cripto-predictor	Run actions/checkout@v4	2026-09-23T06:30:20.4129503Z Adding repository directory to the temporary git global config as a safe directory
cripto-predictor	Run actions/checkout@v4	2026-09-23T06:30:20.4131925Z [command]/usr/bin/git config --global --add safe.directory /home/runner/work/predictor-qualification/predictor-qualification
cripto-predictor	Run actions/checkout@v4	2026-09-23T06:30:20.4194416Z Deleting the contents of '/home/runner/work/predictor-qualification/predictor-qualification'
cripto-predictor	Run actions/checkout@v4	2026-09-23T06:30:20.4200107Z ##[group]Initializing the repository
cripto-predictor	Run actions/checkout@v4	2026-09-23T06:30:20.4206096Z [command]/usr/bin/git init /home/runner/work/predictor-qualification/predictor-qualification
cripto-predictor	Run actions/checkout@v4	2026-09-23T06:30:20.4321604Z hint: Using 'master' as the name for the initial branch. This default branch name
cripto-predictor	Run actions/checkout@v4	2026-09-23T06:30:20.4323322Z hint: will change to "main" in Git 3.0. To configure the initial branch name
cripto-predictor	Run actions/checkout@v4	2026-09-23T06:30:20.4324362Z hint: to use in all of your new repositories, which will suppress this warning,
cripto-predictor	Run actions/checkout@v4	2026-09-23T06:30:20.4325162Z hint: call:
cripto-predictor	Run actions/checkout@v4	2026-09-23T06:30:20.4325582Z hint:
cripto-predictor	Run actions/checkout@v4	2026-09-23T06:30:20.4326114Z hint: 	git config --global init.defaultBranch <name>
cripto-predictor	Run actions/checkout@v4	2026-09-23T06:30:20.4326767Z hint:
cripto-predictor	Run actions/checkout@v4	2026-09-23T06:30:20.4327379Z hint: Names commonly chosen instead of 'master' are 'main', 'trunk' and
cripto-predictor	Run actions/checkout@v4	2026-09-23T06:30:20.4328662Z hint: 'development'. The just-created branch can be renamed via this command:
cripto-predictor	Run actions/checkout@v4	2026-09-23T06:30:20.4329532Z hint:
cripto-predictor	Run actions/checkout@v4	2026-09-23T06:30:20.4329988Z hint: 	git branch -m <name>
cripto-predictor	Run actions/checkout@v4	2026-09-23T06:30:20.4330508Z hint:
cripto-predictor	Run actions/checkout@v4	2026-09-23T06:30:20.4331187Z hint: Disable this message with "git config set advice.defaultBranchName false"
cripto-predictor	Run actions/checkout@v4	2026-09-23T06:30:20.4337285Z Initialized empty Git repository in /home/runner/work/predictor-qualification/predictor-qualification/.git/
cripto-predictor	Run actions/checkout@v4	2026-09-23T06:30:20.4349369Z [command]/usr/bin/git remote add origin https://github.com/leonardosovienski/predictor-qualification
cripto-predictor	Run actions/checkout@v4	2026-09-23T06:30:20.4401401Z ##[endgroup]
cripto-predictor	Run actions/checkout@v4	2026-09-23T06:30:20.4402337Z ##[group]Disabling automatic garbage collection
cripto-predictor	Run actions/checkout@v4	2026-09-23T06:30:20.4405682Z [command]/usr/bin/git config --local gc.auto 0
cripto-predictor	Run actions/checkout@v4	2026-09-23T06:30:20.4440538Z ##[endgroup]
cripto-predictor	Run actions/checkout@v4	2026-09-23T06:30:20.4441322Z ##[group]Setting up auth
cripto-predictor	Run actions/checkout@v4	2026-09-23T06:30:20.4450515Z [command]/usr/bin/git config --local --name-only --get-regexp core\.sshCommand
cripto-predictor	Run actions/checkout@v4	2026-09-23T06:30:20.4489187Z [command]/usr/bin/git submodule foreach --recursive sh -c "git config --local --name-only --get-regexp 'core\.sshCommand' && git config --local --unset-all 'core.sshCommand' || :"
cripto-predictor	Run actions/checkout@v4	2026-09-23T06:30:20.4888715Z [command]/usr/bin/git config --local --name-only --get-regexp http\.https\:\/\/github\.com\/\.extraheader
cripto-predictor	Run actions/checkout@v4	2026-09-23T06:30:20.4931310Z [command]/usr/bin/git submodule foreach --recursive sh -c "git config --local --name-only --get-regexp 'http\.https\:\/\/github\.com\/\.extraheader' && git config --local --unset-all 'http.https://github.com/.extraheader' || :"
cripto-predictor	Run actions/checkout@v4	2026-09-23T06:30:20.5171340Z [command]/usr/bin/git config --local --name-only --get-regexp ^includeIf\.gitdir:
cripto-predictor	Run actions/checkout@v4	2026-09-23T06:30:20.5208943Z [command]/usr/bin/git submodule foreach --recursive git config --local --show-origin --name-only --get-regexp remote.origin.url
cripto-predictor	Run actions/checkout@v4	2026-09-23T06:30:20.5443039Z [command]/usr/bin/git config --local http.https://github.com/.extraheader AUTHORIZATION: basic ***
cripto-predictor	Run actions/checkout@v4	2026-09-23T06:30:20.5486090Z ##[endgroup]
cripto-predictor	Run actions/checkout@v4	2026-09-23T06:30:20.5487844Z ##[group]Fetching the repository
cripto-predictor	Run actions/checkout@v4	2026-09-23T06:30:20.5499498Z [command]/usr/bin/git -c protocol.version=2 fetch --no-tags --prune --no-recurse-submodules --depth=1 origin +e8dae4109c56d8bbd964a83e1c5f787d38906f02:refs/remotes/origin/shared/baseline-v1
cripto-predictor	Run actions/checkout@v4	2026-09-23T06:30:21.3132918Z From https://github.com/leonardosovienski/predictor-qualification
cripto-predictor	Run actions/checkout@v4	2026-09-23T06:30:21.3134485Z  * [new ref]         e8dae4109c56d8bbd964a83e1c5f787d38906f02 -> origin/shared/baseline-v1
cripto-predictor	Run actions/checkout@v4	2026-09-23T06:30:21.3138958Z ##[endgroup]
cripto-predictor	Run actions/checkout@v4	2026-09-23T06:30:21.3140496Z ##[group]Determining the checkout info
cripto-predictor	Run actions/checkout@v4	2026-09-23T06:30:21.3141937Z ##[endgroup]
cripto-predictor	Run actions/checkout@v4	2026-09-23T06:30:21.3147939Z [command]/usr/bin/git sparse-checkout disable
cripto-predictor	Run actions/checkout@v4	2026-09-23T06:30:21.3209533Z [command]/usr/bin/git config --local --unset-all extensions.worktreeConfig
cripto-predictor	Run actions/checkout@v4	2026-09-23T06:30:21.3245698Z ##[group]Checking out the ref
cripto-predictor	Run actions/checkout@v4	2026-09-23T06:30:21.3252009Z [command]/usr/bin/git checkout --progress --force -B shared/baseline-v1 refs/remotes/origin/shared/baseline-v1
cripto-predictor	Run actions/checkout@v4	2026-09-23T06:30:21.3674300Z Switched to a new branch 'shared/baseline-v1'
cripto-predictor	Run actions/checkout@v4	2026-09-23T06:30:21.3677465Z branch 'shared/baseline-v1' set up to track 'origin/shared/baseline-v1'.
cripto-predictor	Run actions/checkout@v4	2026-09-23T06:30:21.3686896Z ##[endgroup]
cripto-predictor	Run actions/checkout@v4	2026-09-23T06:30:21.3736523Z [command]/usr/bin/git log -1 --format=%H
cripto-predictor	Run actions/checkout@v4	2026-09-23T06:30:21.3762427Z e8dae4109c56d8bbd964a83e1c5f787d38906f02
cripto-predictor	Run actions/checkout@v4	2026-09-23T06:30:21.3772462Z ##[group]Removing auth
cripto-predictor	Run actions/checkout@v4	2026-09-23T06:30:21.3776131Z [command]/usr/bin/git config --local --name-only --get-regexp core\.sshCommand
cripto-predictor	Run actions/checkout@v4	2026-09-23T06:30:21.3809851Z [command]/usr/bin/git submodule foreach --recursive sh -c "git config --local --name-only --get-regexp 'core\.sshCommand' && git config --local --unset-all 'core.sshCommand' || :"
cripto-predictor	Run actions/checkout@v4	2026-09-23T06:30:21.4034881Z [command]/usr/bin/git config --local --name-only --get-regexp http\.https\:\/\/github\.com\/\.extraheader
cripto-predictor	Run actions/checkout@v4	2026-09-23T06:30:21.4063289Z http.https://github.com/.extraheader
cripto-predictor	Run actions/checkout@v4	2026-09-23T06:30:21.4071949Z [command]/usr/bin/git config --local --unset-all http.https://github.com/.extraheader
cripto-predictor	Run actions/checkout@v4	2026-09-23T06:30:21.4110222Z [command]/usr/bin/git submodule foreach --recursive sh -c "git config --local --name-only --get-regexp 'http\.https\:\/\/github\.com\/\.extraheader' && git config --local --unset-all 'http.https://github.com/.extraheader' || :"
cripto-predictor	Run actions/checkout@v4	2026-09-23T06:30:21.4336857Z [command]/usr/bin/git config --local --name-only --get-regexp ^includeIf\.gitdir:
cripto-predictor	Run actions/checkout@v4	2026-09-23T06:30:21.4370966Z [command]/usr/bin/git submodule foreach --recursive git config --local --show-origin --name-only --get-regexp remote.origin.url
cripto-predictor	Run actions/checkout@v4	2026-09-23T06:30:21.4599742Z ##[endgroup]
cripto-predictor	uv e Python fixados pelo plano	﻿2026-09-23T06:30:21.4846479Z ##[group]Run plan=qualification/shared/SHARED-002/CLEANROOM_PLAN_V2.json
cripto-predictor	uv e Python fixados pelo plano	2026-09-23T06:30:21.4849102Z ^[[36;1mplan=qualification/shared/SHARED-002/CLEANROOM_PLAN_V2.json^[[0m
cripto-predictor	uv e Python fixados pelo plano	2026-09-23T06:30:21.4851150Z ^[[36;1muv_version=$(jq -r .environment.uv_version "$plan")^[[0m
cripto-predictor	uv e Python fixados pelo plano	2026-09-23T06:30:21.4852952Z ^[[36;1muv_asset=$(jq -r .environment.uv_asset "$plan")^[[0m
cripto-predictor	uv e Python fixados pelo plano	2026-09-23T06:30:21.4854674Z ^[[36;1muv_sha=$(jq -r .environment.uv_sha256 "$plan")^[[0m
cripto-predictor	uv e Python fixados pelo plano	2026-09-23T06:30:21.4856324Z ^[[36;1mpy=$(jq -r .environment.python "$plan")^[[0m
cripto-predictor	uv e Python fixados pelo plano	2026-09-23T06:30:21.4857826Z ^[[36;1mtools="$RUNNER_TEMP/tools"^[[0m
cripto-predictor	uv e Python fixados pelo plano	2026-09-23T06:30:21.4859299Z ^[[36;1mmkdir -p "$tools/uv"^[[0m
cripto-predictor	uv e Python fixados pelo plano	2026-09-23T06:30:21.4861523Z ^[[36;1mcurl -sSfL -o "$tools/$uv_asset" "https://github.com/astral-sh/uv/releases/download/$uv_version/$uv_asset"^[[0m
cripto-predictor	uv e Python fixados pelo plano	2026-09-23T06:30:21.4864081Z ^[[36;1mecho "$uv_sha  $tools/$uv_asset" | sha256sum -c -^[[0m
cripto-predictor	uv e Python fixados pelo plano	2026-09-23T06:30:21.4865990Z ^[[36;1mtar -xzf "$tools/$uv_asset" -C "$tools/uv" --strip-components=1^[[0m
cripto-predictor	uv e Python fixados pelo plano	2026-09-23T06:30:21.4868775Z ^[[36;1mexport UV_PYTHON_INSTALL_DIR="$tools/python" UV_PYTHON_PREFERENCE=only-managed UV_NO_CONFIG=1^[[0m
cripto-predictor	uv e Python fixados pelo plano	2026-09-23T06:30:21.4871176Z ^[[36;1m"$tools/uv/uv" python install "$py"^[[0m
cripto-predictor	uv e Python fixados pelo plano	2026-09-23T06:30:21.4872794Z ^[[36;1mecho "CLEANROOM_UV=$tools/uv/uv" >> "$GITHUB_ENV"^[[0m
cripto-predictor	uv e Python fixados pelo plano	2026-09-23T06:30:21.4874693Z ^[[36;1mecho "UV_PYTHON_INSTALL_DIR=$tools/python" >> "$GITHUB_ENV"^[[0m
cripto-predictor	uv e Python fixados pelo plano	2026-09-23T06:30:21.4876651Z ^[[36;1mecho "UV_CACHE_DIR=$tools/uv-cache" >> "$GITHUB_ENV"^[[0m
cripto-predictor	uv e Python fixados pelo plano	2026-09-23T06:30:21.4878952Z ^[[36;1mecho "CLEANROOM_PYTHON=$("$tools/uv/uv" python find "$py")" >> "$GITHUB_ENV"^[[0m
cripto-predictor	uv e Python fixados pelo plano	2026-09-23T06:30:21.4921508Z shell: /usr/bin/bash -e {0}
cripto-predictor	uv e Python fixados pelo plano	2026-09-23T06:30:21.4922746Z ##[endgroup]
cripto-predictor	uv e Python fixados pelo plano	2026-09-23T06:30:21.6548054Z /home/runner/work/_temp/tools/uv-x86_64-unknown-linux-gnu.tar.gz: OK
cripto-predictor	uv e Python fixados pelo plano	2026-09-23T06:30:22.1183438Z Downloading cpython-3.13.15-linux-x86_64-gnu (download) (33.2MiB)
cripto-predictor	uv e Python fixados pelo plano	2026-09-23T06:30:23.0673783Z  Downloaded cpython-3.13.15-linux-x86_64-gnu (download)
cripto-predictor	uv e Python fixados pelo plano	2026-09-23T06:30:23.0725769Z Installed Python 3.13.15 in 1.06s
cripto-predictor	uv e Python fixados pelo plano	2026-09-23T06:30:23.0726612Z  + cpython-3.13.15-linux-x86_64-gnu (python3.13)
cripto-predictor	Cleanroom	﻿2026-09-23T06:30:23.2367255Z ##[group]Run "$CLEANROOM_PYTHON" -I qualification/shared/scripts/cleanroom_baseline.py \
cripto-predictor	Cleanroom	2026-09-23T06:30:23.2368039Z ^[[36;1m"$CLEANROOM_PYTHON" -I qualification/shared/scripts/cleanroom_baseline.py \^[[0m
cripto-predictor	Cleanroom	2026-09-23T06:30:23.2369225Z ^[[36;1m  qualification/shared/SHARED-002/CLEANROOM_PLAN_V2.json "cripto-predictor" "$RUNNER_TEMP/out/cripto-predictor"^[[0m
cripto-predictor	Cleanroom	2026-09-23T06:30:23.2408734Z shell: /usr/bin/bash -e {0}
cripto-predictor	Cleanroom	2026-09-23T06:30:23.2409068Z env:
cripto-predictor	Cleanroom	2026-09-23T06:30:23.2409624Z   CLEANROOM_UV: /home/runner/work/_temp/tools/uv/uv
cripto-predictor	Cleanroom	2026-09-23T06:30:23.2410078Z   UV_PYTHON_INSTALL_DIR: /home/runner/work/_temp/tools/python
cripto-predictor	Cleanroom	2026-09-23T06:30:23.2410516Z   UV_CACHE_DIR: /home/runner/work/_temp/tools/uv-cache
cripto-predictor	Cleanroom	2026-09-23T06:30:23.2411139Z   CLEANROOM_PYTHON: /home/runner/work/_temp/tools/python/cpython-3.13.15-linux-x86_64-gnu/bin/python3.13
cripto-predictor	Cleanroom	2026-09-23T06:30:23.2411710Z ##[endgroup]
cripto-predictor	Cleanroom	2026-09-23T06:33:55.6655095Z {"repo": "cripto-predictor", "published": [{"tests": 1567, "failures": 21, "errors": 6, "skipped": 0, "passed": 1540, "failed_ids": ["::tests.test_external_intelligence", "::tests.test_opportunity_detector", "::tests.test_opportunity_monitor", "::tests.test_profit_recovery_v1", "::tests.test_research_admission", "::tests.test_research_results", "tests.test_audit_persistence_safety::test_export_untrusted_text_cannot_become_formula", "tests.test_distribution_security::test_sdist_contains_build_sources_without_research_archives", "tests.test_distribution_security::test_built_wheels_contain_no_runtime_artifacts_or_secrets", "tests.test_feature_store_health::test_future_observation_cannot_hide_behind_larger_timestamp_text", "tests.test_feature_store_health::test_freshness_uses_latest_instant_across_offsets", "tests.test_feature_store_health::test_malformed_timestamp_cannot_hide_behind_valid_observation", "tests.test_freeze_h6_definition::test_snapshot_contem_as_travas_essenciais", "tests.test_freeze_h6_definition::test_hash_e_deterministico_entre_chamadas", "tests.test_freeze_h6_definition::test_hash_muda_se_a_entrada_do_trial_mudar", "tests.test_freeze_h6_definition::test_check_falha_quando_snapshot_gravado_diverge", "tests.test_freeze_h6_definition::test_check_passa_quando_snapshot_gravado_confere", "tests.test_h6_power_context::test_h6_spearman_verdict_continua_confere_com_o_snapshot_congelado", "tests.test_hypothesis_loop::test_modulo_nao_importa_nem_referencia_register_trial", "tests.test_hypothesis_loop::test_run_round_nao_toca_o_trials_json_real", "tests.test_quality_snapshot::test_artefato_nao_e_capturado_por_nenhuma_regra_do_gitignore", "tests.test_registry_e_scripts_encoding.TestRegistroCientifico::test_trials_json_e_utf8_valido", "tests.test_registry_e_scripts_encoding.TestRegistroCientifico::test_trials_json_sem_mojibake", "tests.test_registry_e_scripts_encoding.TestRegistroCientifico::test_trials_json_sem_nomes_duplicados", "tests.test_registry_e_scripts_enc
cripto-predictor	Run actions/upload-artifact@v4	﻿2026-09-23T06:33:55.6810133Z Node 20 is being deprecated. This workflow is running with Node 24 by default. If you need to temporarily use Node 20, you can set the ACTIONS_ALLOW_USE_UNSECURE_NODE_VERSION=true environment variable. For more information see: https://github.blog/changelog/2025-09-19-deprecation-of-node-20-on-github-actions-runners/
cripto-predictor	Run actions/upload-artifact@v4	2026-09-23T06:33:55.6812066Z ##[group]Run actions/upload-artifact@v4
cripto-predictor	Run actions/upload-artifact@v4	2026-09-23T06:33:55.6812367Z with:
cripto-predictor	Run actions/upload-artifact@v4	2026-09-23T06:33:55.6812589Z   name: cleanroom-cripto-predictor
cripto-predictor	Run actions/upload-artifact@v4	2026-09-23T06:33:55.6812909Z   path: /home/runner/work/_temp/out/cripto-predictor
cripto-predictor	Run actions/upload-artifact@v4	2026-09-23T06:33:55.6813255Z   if-no-files-found: error
cripto-predictor	Run actions/upload-artifact@v4	2026-09-23T06:33:55.6813497Z   compression-level: 6
cripto-predictor	Run actions/upload-artifact@v4	2026-09-23T06:33:55.6813729Z   overwrite: false
cripto-predictor	Run actions/upload-artifact@v4	2026-09-23T06:33:55.6813946Z   include-hidden-files: false
cripto-predictor	Run actions/upload-artifact@v4	2026-09-23T06:33:55.6814180Z env:
cripto-predictor	Run actions/upload-artifact@v4	2026-09-23T06:33:55.6814413Z   CLEANROOM_UV: /home/runner/work/_temp/tools/uv/uv
cripto-predictor	Run actions/upload-artifact@v4	2026-09-23T06:33:55.6814795Z   UV_PYTHON_INSTALL_DIR: /home/runner/work/_temp/tools/python
cripto-predictor	Run actions/upload-artifact@v4	2026-09-23T06:33:55.6815172Z   UV_CACHE_DIR: /home/runner/work/_temp/tools/uv-cache
cripto-predictor	Run actions/upload-artifact@v4	2026-09-23T06:33:55.6815778Z   CLEANROOM_PYTHON: /home/runner/work/_temp/tools/python/cpython-3.13.15-linux-x86_64-gnu/bin/python3.13
cripto-predictor	Run actions/upload-artifact@v4	2026-09-23T06:33:55.6816299Z ##[endgroup]
cripto-predictor	Run actions/upload-artifact@v4	2026-09-23T06:33:55.8523131Z (node:3001) [DEP0040] DeprecationWarning: The `punycode` module is deprecated. Please use a userland alternative instead.
cripto-predictor	Run actions/upload-artifact@v4	2026-09-23T06:33:55.8524425Z (Use `node --trace-deprecation ...` to show where the warning was created)
cripto-predictor	Run actions/upload-artifact@v4	2026-09-23T06:33:55.8673747Z With the provided path, there will be 35 files uploaded
cripto-predictor	Run actions/upload-artifact@v4	2026-09-23T06:33:55.8680254Z Artifact name is valid!
cripto-predictor	Run actions/upload-artifact@v4	2026-09-23T06:33:55.8680889Z Root directory input is valid!
cripto-predictor	Run actions/upload-artifact@v4	2026-09-23T06:33:56.0694858Z Beginning upload of artifact content to blob storage
cripto-predictor	Run actions/upload-artifact@v4	2026-09-23T06:33:56.1498692Z (node:3001) [DEP0169] DeprecationWarning: `url.parse()` behavior is not standardized and prone to errors that have security implications. Use the WHATWG URL API instead. CVEs are not issued for `url.parse()` vulnerabilities.
cripto-predictor	Run actions/upload-artifact@v4	2026-09-23T06:33:56.1829558Z Uploaded bytes 188752
cripto-predictor	Run actions/upload-artifact@v4	2026-09-23T06:33:56.2002873Z Finished uploading artifact content to blob storage!
cripto-predictor	Run actions/upload-artifact@v4	2026-09-23T06:33:56.2004352Z SHA256 digest of uploaded artifact zip is a5d11a789472be37a6ee165764ea81da4656c83ac0e45cb7981d75c723b28c39
cripto-predictor	Run actions/upload-artifact@v4	2026-09-23T06:33:56.2005626Z Finalizing artifact upload
cripto-predictor	Run actions/upload-artifact@v4	2026-09-23T06:33:56.3787186Z Artifact cleanroom-cripto-predictor.zip successfully finalized. Artifact ID 10735496514
cripto-predictor	Run actions/upload-artifact@v4	2026-09-23T06:33:56.3789216Z Artifact cleanroom-cripto-predictor has been successfully uploaded! Final size is 188752 bytes. Artifact ID is 10735496514
cripto-predictor	Run actions/upload-artifact@v4	2026-09-23T06:33:56.3796185Z Artifact download URL: https://github.com/leonardosovienski/predictor-qualification/actions/runs/35827048915/artifacts/10735496514
cripto-predictor	Post Run actions/checkout@v4	﻿2026-09-23T06:33:56.4016407Z Node 20 is being deprecated. This workflow is running with Node 24 by default. If you need to temporarily use Node 20, you can set the ACTIONS_ALLOW_USE_UNSECURE_NODE_VERSION=true environment variable. For more information see: https://github.blog/changelog/2025-09-19-deprecation-of-node-20-on-github-actions-runners/
cripto-predictor	Post Run actions/checkout@v4	2026-09-23T06:33:56.4017691Z Post job cleanup.
cripto-predictor	Post Run actions/checkout@v4	2026-09-23T06:33:56.4905861Z [command]/usr/bin/git version
cripto-predictor	Post Run actions/checkout@v4	2026-09-23T06:33:56.4958899Z git version 2.55.0
cripto-predictor	Post Run actions/checkout@v4	2026-09-23T06:33:56.4998432Z Temporarily overriding HOME='/home/runner/work/_temp/1c71da49-0f90-42ae-88f3-f5e6fdf3d148' before making global git config changes
cripto-predictor	Post Run actions/checkout@v4	2026-09-23T06:33:56.4999892Z Adding repository directory to the temporary git global config as a safe directory
cripto-predictor	Post Run actions/checkout@v4	2026-09-23T06:33:56.5006205Z [command]/usr/bin/git config --global --add safe.directory /home/runner/work/predictor-qualification/predictor-qualification
cripto-predictor	Post Run actions/checkout@v4	2026-09-23T06:33:56.5049909Z [command]/usr/bin/git config --local --name-only --get-regexp core\.sshCommand
cripto-predictor	Post Run actions/checkout@v4	2026-09-23T06:33:56.5089359Z [command]/usr/bin/git submodule foreach --recursive sh -c "git config --local --name-only --get-regexp 'core\.sshCommand' && git config --local --unset-all 'core.sshCommand' || :"
cripto-predictor	Post Run actions/checkout@v4	2026-09-23T06:33:56.5355960Z [command]/usr/bin/git config --local --name-only --get-regexp http\.https\:\/\/github\.com\/\.extraheader
cripto-predictor	Post Run actions/checkout@v4	2026-09-23T06:33:56.5396531Z [command]/usr/bin/git submodule foreach --recursive sh -c "git config --local --name-only --get-regexp 'http\.https\:\/\/github\.com\/\.extraheader' && git config --local --unset-all 'http.https://github.com/.extraheader' || :"
cripto-predictor	Post Run actions/checkout@v4	2026-09-23T06:33:56.5662838Z [command]/usr/bin/git config --local --name-only --get-regexp ^includeIf\.gitdir:
cripto-predictor	Post Run actions/checkout@v4	2026-09-23T06:33:56.5717855Z [command]/usr/bin/git submodule foreach --recursive git config --local --show-origin --name-only --get-regexp remote.origin.url
cripto-predictor	Complete job	﻿2026-09-23T06:33:56.6133794Z Cleaning up orphan processes
cripto-predictor	Complete job	2026-09-23T06:33:56.6460996Z ##[warning]Node.js 20 is deprecated. The following actions target Node.js 20 but are being forced to run on Node.js 24: actions/checkout@v4, actions/upload-artifact@v4. For more information see: https://github.blog/changelog/2025-09-19-deprecation-of-node-20-on-github-actions-runners/
