Synthetic .NET 10 build and test	Set up job	﻿2026-09-23T05:59:34.7137943Z Current runner version: '2.337.0'
Synthetic .NET 10 build and test	Set up job	2026-09-23T05:59:34.7174153Z ##[group]Runner Image Provisioner
Synthetic .NET 10 build and test	Set up job	2026-09-23T05:59:34.7175440Z Hosted Compute Agent
Synthetic .NET 10 build and test	Set up job	2026-09-23T05:59:34.7176553Z Version: 20260828.587
Synthetic .NET 10 build and test	Set up job	2026-09-23T05:59:34.7177641Z Commit: abac92662cab4cc7352de4f9f9d2e2419aad9c29
Synthetic .NET 10 build and test	Set up job	2026-09-23T05:59:34.7179049Z Build Date: 2026-08-28T16:44:25Z
Synthetic .NET 10 build and test	Set up job	2026-09-23T05:59:34.7180289Z Worker ID: {e885d9b3-7bc0-4bcd-85fc-615a9b2c722d}
Synthetic .NET 10 build and test	Set up job	2026-09-23T05:59:34.7181461Z Azure Region: eastus2
Synthetic .NET 10 build and test	Set up job	2026-09-23T05:59:34.7182641Z ##[endgroup]
Synthetic .NET 10 build and test	Set up job	2026-09-23T05:59:34.7184806Z ##[group]Operating System
Synthetic .NET 10 build and test	Set up job	2026-09-23T05:59:34.7185979Z Ubuntu
Synthetic .NET 10 build and test	Set up job	2026-09-23T05:59:34.7186877Z 24.04.5
Synthetic .NET 10 build and test	Set up job	2026-09-23T05:59:34.7187693Z LTS
Synthetic .NET 10 build and test	Set up job	2026-09-23T05:59:34.7188566Z ##[endgroup]
Synthetic .NET 10 build and test	Set up job	2026-09-23T05:59:34.7189553Z ##[group]Runner Image
Synthetic .NET 10 build and test	Set up job	2026-09-23T05:59:34.7190606Z Image: ubuntu-24.04
Synthetic .NET 10 build and test	Set up job	2026-09-23T05:59:34.7191522Z Version: 20260920.314.1
Synthetic .NET 10 build and test	Set up job	2026-09-23T05:59:34.7193607Z Included Software: https://github.com/actions/runner-images/blob/ubuntu24/20260920.314/images/ubuntu/Ubuntu2404-Readme.md
Synthetic .NET 10 build and test	Set up job	2026-09-23T05:59:34.7196624Z Image Release: https://github.com/actions/runner-images/releases/tag/ubuntu24%2F20260920.314
Synthetic .NET 10 build and test	Set up job	2026-09-23T05:59:34.7198449Z ##[endgroup]
Synthetic .NET 10 build and test	Set up job	2026-09-23T05:59:34.7200329Z ##[group]GITHUB_TOKEN Permissions
Synthetic .NET 10 build and test	Set up job	2026-09-23T05:59:34.7203209Z Contents: read
Synthetic .NET 10 build and test	Set up job	2026-09-23T05:59:34.7204152Z Metadata: read
Synthetic .NET 10 build and test	Set up job	2026-09-23T05:59:34.7205077Z ##[endgroup]
Synthetic .NET 10 build and test	Set up job	2026-09-23T05:59:34.7208042Z Secret source: Actions
Synthetic .NET 10 build and test	Set up job	2026-09-23T05:59:34.7209622Z Cache mode: write
Synthetic .NET 10 build and test	Set up job	2026-09-23T05:59:34.7210750Z Prepare workflow directory
Synthetic .NET 10 build and test	Set up job	2026-09-23T05:59:34.7828977Z Prepare all required actions
Synthetic .NET 10 build and test	Set up job	2026-09-23T05:59:34.7898473Z Getting action download info
Synthetic .NET 10 build and test	Set up job	2026-09-23T05:59:34.9958369Z Download action repository 'actions/checkout@v7' (SHA:3d3c42e5aac5ba805825da76410c181273ba90b1)
Synthetic .NET 10 build and test	Set up job	2026-09-23T05:59:35.0945683Z Download action repository 'actions/setup-dotnet@v6' (SHA:a98b56852c35b8e3190ac28c8c2271da59106c68)
Synthetic .NET 10 build and test	Set up job	2026-09-23T05:59:35.3336292Z Download action repository 'astral-sh/setup-uv@v7' (SHA:37802adc94f370d6bfd71619e3f0bf239e1f3b78)
Synthetic .NET 10 build and test	Set up job	2026-09-23T05:59:35.5605757Z Download action repository 'actions/setup-python@v7' (SHA:5fda3b95a4ea91299a34e894583c3862153e4b97)
Synthetic .NET 10 build and test	Set up job	2026-09-23T05:59:35.6444984Z Download action repository 'actions/upload-artifact@v7' (SHA:043fb46d1a93c77aae656e7c1c64a875d1fc6a0a)
Synthetic .NET 10 build and test	Set up job	2026-09-23T05:59:35.8688563Z Complete job name: Synthetic .NET 10 build and test
Synthetic .NET 10 build and test	Initialize containers	﻿2026-09-23T05:59:35.9308005Z ##[group]Checking docker version
Synthetic .NET 10 build and test	Initialize containers	2026-09-23T05:59:35.9321909Z ##[command]/usr/bin/docker version --format '{{.Server.APIVersion}}'
Synthetic .NET 10 build and test	Initialize containers	2026-09-23T05:59:36.0376612Z '1.48'
Synthetic .NET 10 build and test	Initialize containers	2026-09-23T05:59:36.0395678Z Docker daemon API version: '1.48'
Synthetic .NET 10 build and test	Initialize containers	2026-09-23T05:59:36.0397133Z ##[command]/usr/bin/docker version --format '{{.Client.APIVersion}}'
Synthetic .NET 10 build and test	Initialize containers	2026-09-23T05:59:36.0557711Z '1.48'
Synthetic .NET 10 build and test	Initialize containers	2026-09-23T05:59:36.0572439Z Docker client API version: '1.48'
Synthetic .NET 10 build and test	Initialize containers	2026-09-23T05:59:36.0579259Z ##[endgroup]
Synthetic .NET 10 build and test	Initialize containers	2026-09-23T05:59:36.0583551Z ##[group]Clean up resources from previous jobs
Synthetic .NET 10 build and test	Initialize containers	2026-09-23T05:59:36.0591186Z ##[command]/usr/bin/docker ps --all --quiet --no-trunc --filter "label=bf3803"
Synthetic .NET 10 build and test	Initialize containers	2026-09-23T05:59:36.0736783Z ##[command]/usr/bin/docker network prune --force --filter "label=bf3803"
Synthetic .NET 10 build and test	Initialize containers	2026-09-23T05:59:36.0873952Z ##[endgroup]
Synthetic .NET 10 build and test	Initialize containers	2026-09-23T05:59:36.0874965Z ##[group]Create local container network
Synthetic .NET 10 build and test	Initialize containers	2026-09-23T05:59:36.0886368Z ##[command]/usr/bin/docker network create --label bf3803 github_network_bce392954ad1496eac4a348cd7a93bef
Synthetic .NET 10 build and test	Initialize containers	2026-09-23T05:59:36.1409212Z e3c72bc99d84a6583a8be99d5a03768db4a8544df124ea5d3811573b2b4c5798
Synthetic .NET 10 build and test	Initialize containers	2026-09-23T05:59:36.1426588Z ##[endgroup]
Synthetic .NET 10 build and test	Initialize containers	2026-09-23T05:59:36.1453572Z ##[group]Starting redis service container
Synthetic .NET 10 build and test	Initialize containers	2026-09-23T05:59:36.1476214Z ##[command]/usr/bin/docker pull redis:8.2.9-alpine3.22@sha256:30abb90e62f14b737010746def3ba99cc79fe19dcdb3d37b41f21fc62e7da19d
Synthetic .NET 10 build and test	Initialize containers	2026-09-23T05:59:36.3929584Z docker.io/library/redis@sha256:30abb90e62f14b737010746def3ba99cc79fe19dcdb3d37b41f21fc62e7da19d: Pulling from library/redis
Synthetic .NET 10 build and test	Initialize containers	2026-09-23T05:59:36.4785869Z f7ee36c9aa34: Pulling fs layer
Synthetic .NET 10 build and test	Initialize containers	2026-09-23T05:59:36.4788266Z 2fbf79fbbb1b: Pulling fs layer
Synthetic .NET 10 build and test	Initialize containers	2026-09-23T05:59:36.4790518Z 81d5170ddd74: Pulling fs layer
Synthetic .NET 10 build and test	Initialize containers	2026-09-23T05:59:36.4793570Z bbabdb856fbf: Pulling fs layer
Synthetic .NET 10 build and test	Initialize containers	2026-09-23T05:59:36.4795760Z b9047df5a1ae: Pulling fs layer
Synthetic .NET 10 build and test	Initialize containers	2026-09-23T05:59:36.4797129Z 4f4fb700ef54: Pulling fs layer
Synthetic .NET 10 build and test	Initialize containers	2026-09-23T05:59:36.4798559Z a4a3c406a253: Pulling fs layer
Synthetic .NET 10 build and test	Initialize containers	2026-09-23T05:59:36.4799873Z b9047df5a1ae: Waiting
Synthetic .NET 10 build and test	Initialize containers	2026-09-23T05:59:36.4801138Z 4f4fb700ef54: Waiting
Synthetic .NET 10 build and test	Initialize containers	2026-09-23T05:59:36.4802598Z a4a3c406a253: Waiting
Synthetic .NET 10 build and test	Initialize containers	2026-09-23T05:59:36.4803824Z bbabdb856fbf: Waiting
Synthetic .NET 10 build and test	Initialize containers	2026-09-23T05:59:36.5274454Z 2fbf79fbbb1b: Verifying Checksum
Synthetic .NET 10 build and test	Initialize containers	2026-09-23T05:59:36.5276915Z 2fbf79fbbb1b: Download complete
Synthetic .NET 10 build and test	Initialize containers	2026-09-23T05:59:36.5403743Z 81d5170ddd74: Verifying Checksum
Synthetic .NET 10 build and test	Initialize containers	2026-09-23T05:59:36.5405859Z 81d5170ddd74: Download complete
Synthetic .NET 10 build and test	Initialize containers	2026-09-23T05:59:36.5869114Z b9047df5a1ae: Verifying Checksum
Synthetic .NET 10 build and test	Initialize containers	2026-09-23T05:59:36.5870874Z b9047df5a1ae: Download complete
Synthetic .NET 10 build and test	Initialize containers	2026-09-23T05:59:36.5882945Z f7ee36c9aa34: Verifying Checksum
Synthetic .NET 10 build and test	Initialize containers	2026-09-23T05:59:36.5885115Z f7ee36c9aa34: Download complete
Synthetic .NET 10 build and test	Initialize containers	2026-09-23T05:59:36.6349029Z 4f4fb700ef54: Verifying Checksum
Synthetic .NET 10 build and test	Initialize containers	2026-09-23T05:59:36.6360323Z 4f4fb700ef54: Download complete
Synthetic .NET 10 build and test	Initialize containers	2026-09-23T05:59:36.6365920Z a4a3c406a253: Download complete
Synthetic .NET 10 build and test	Initialize containers	2026-09-23T05:59:36.7035162Z bbabdb856fbf: Verifying Checksum
Synthetic .NET 10 build and test	Initialize containers	2026-09-23T05:59:36.7036844Z bbabdb856fbf: Download complete
Synthetic .NET 10 build and test	Initialize containers	2026-09-23T05:59:36.7285626Z f7ee36c9aa34: Pull complete
Synthetic .NET 10 build and test	Initialize containers	2026-09-23T05:59:39.2024463Z 2fbf79fbbb1b: Pull complete
Synthetic .NET 10 build and test	Initialize containers	2026-09-23T05:59:39.3473435Z 81d5170ddd74: Pull complete
Synthetic .NET 10 build and test	Initialize containers	2026-09-23T05:59:39.6946442Z bbabdb856fbf: Pull complete
Synthetic .NET 10 build and test	Initialize containers	2026-09-23T05:59:39.7044683Z b9047df5a1ae: Pull complete
Synthetic .NET 10 build and test	Initialize containers	2026-09-23T05:59:39.7117167Z 4f4fb700ef54: Pull complete
Synthetic .NET 10 build and test	Initialize containers	2026-09-23T05:59:39.7214475Z a4a3c406a253: Pull complete
Synthetic .NET 10 build and test	Initialize containers	2026-09-23T05:59:39.7254561Z Digest: sha256:30abb90e62f14b737010746def3ba99cc79fe19dcdb3d37b41f21fc62e7da19d
Synthetic .NET 10 build and test	Initialize containers	2026-09-23T05:59:39.7262863Z Status: Downloaded newer image for redis@sha256:30abb90e62f14b737010746def3ba99cc79fe19dcdb3d37b41f21fc62e7da19d
Synthetic .NET 10 build and test	Initialize containers	2026-09-23T05:59:39.7270897Z docker.io/library/redis:8.2.9-alpine3.22@sha256:30abb90e62f14b737010746def3ba99cc79fe19dcdb3d37b41f21fc62e7da19d
Synthetic .NET 10 build and test	Initialize containers	2026-09-23T05:59:39.7307405Z ##[command]/usr/bin/docker create --name cf5ad59df8ea4ced83ead95295193cdb_redis829alpine322sha25630abb90e62f14b737010746def3ba99cc79fe19dcdb3d37b41f21fc62e7da19d_88060e --label bf3803 --network github_network_bce392954ad1496eac4a348cd7a93bef --network-alias redis -p 26380:6379 --health-cmd "redis-cli ping" --health-interval 5s --health-timeout 3s --health-retries 10 -e GITHUB_ACTIONS=true -e CI=true redis:8.2.9-alpine3.22@sha256:30abb90e62f14b737010746def3ba99cc79fe19dcdb3d37b41f21fc62e7da19d
Synthetic .NET 10 build and test	Initialize containers	2026-09-23T05:59:39.7569671Z 586faffe0cc0c3c2c1f7f873e198051148dd3978e57b0c1835469cc3a99cbafc
Synthetic .NET 10 build and test	Initialize containers	2026-09-23T05:59:39.7592557Z ##[command]/usr/bin/docker start 586faffe0cc0c3c2c1f7f873e198051148dd3978e57b0c1835469cc3a99cbafc
Synthetic .NET 10 build and test	Initialize containers	2026-09-23T05:59:39.9936191Z 586faffe0cc0c3c2c1f7f873e198051148dd3978e57b0c1835469cc3a99cbafc
Synthetic .NET 10 build and test	Initialize containers	2026-09-23T05:59:39.9956592Z ##[command]/usr/bin/docker ps --all --filter id=586faffe0cc0c3c2c1f7f873e198051148dd3978e57b0c1835469cc3a99cbafc --filter status=running --no-trunc --format "{{.ID}} {{.Status}}"
Synthetic .NET 10 build and test	Initialize containers	2026-09-23T05:59:40.0103965Z 586faffe0cc0c3c2c1f7f873e198051148dd3978e57b0c1835469cc3a99cbafc Up Less than a second (health: starting)
Synthetic .NET 10 build and test	Initialize containers	2026-09-23T05:59:40.0131229Z ##[command]/usr/bin/docker port 586faffe0cc0c3c2c1f7f873e198051148dd3978e57b0c1835469cc3a99cbafc
Synthetic .NET 10 build and test	Initialize containers	2026-09-23T05:59:40.0257010Z 6379/tcp -> 0.0.0.0:26380
Synthetic .NET 10 build and test	Initialize containers	2026-09-23T05:59:40.0257635Z 6379/tcp -> [::]:26380
Synthetic .NET 10 build and test	Initialize containers	2026-09-23T05:59:40.0301645Z ##[endgroup]
Synthetic .NET 10 build and test	Initialize containers	2026-09-23T05:59:40.0310401Z ##[group]Waiting for all services to be ready
Synthetic .NET 10 build and test	Initialize containers	2026-09-23T05:59:40.0323843Z ##[command]/usr/bin/docker inspect --format="{{if .Config.Healthcheck}}{{print .State.Health.Status}}{{end}}" 586faffe0cc0c3c2c1f7f873e198051148dd3978e57b0c1835469cc3a99cbafc
Synthetic .NET 10 build and test	Initialize containers	2026-09-23T05:59:40.0442786Z starting
Synthetic .NET 10 build and test	Initialize containers	2026-09-23T05:59:40.0463172Z redis service is starting, waiting 2 seconds before checking again.
Synthetic .NET 10 build and test	Initialize containers	2026-09-23T05:59:42.0464981Z ##[command]/usr/bin/docker inspect --format="{{if .Config.Healthcheck}}{{print .State.Health.Status}}{{end}}" 586faffe0cc0c3c2c1f7f873e198051148dd3978e57b0c1835469cc3a99cbafc
Synthetic .NET 10 build and test	Initialize containers	2026-09-23T05:59:42.0590010Z starting
Synthetic .NET 10 build and test	Initialize containers	2026-09-23T05:59:42.0603360Z redis service is starting, waiting 3 seconds before checking again.
Synthetic .NET 10 build and test	Initialize containers	2026-09-23T05:59:45.9845794Z ##[command]/usr/bin/docker inspect --format="{{if .Config.Healthcheck}}{{print .State.Health.Status}}{{end}}" 586faffe0cc0c3c2c1f7f873e198051148dd3978e57b0c1835469cc3a99cbafc
Synthetic .NET 10 build and test	Initialize containers	2026-09-23T05:59:45.9978194Z healthy
Synthetic .NET 10 build and test	Initialize containers	2026-09-23T05:59:45.9994388Z redis service is healthy.
Synthetic .NET 10 build and test	Initialize containers	2026-09-23T05:59:45.9995199Z ##[endgroup]
Synthetic .NET 10 build and test	Run actions/checkout@v7	﻿2026-09-23T05:59:46.0282612Z ##[group]Run actions/checkout@v7
Synthetic .NET 10 build and test	Run actions/checkout@v7	2026-09-23T05:59:46.0283380Z with:
Synthetic .NET 10 build and test	Run actions/checkout@v7	2026-09-23T05:59:46.0283614Z   persist-credentials: false
Synthetic .NET 10 build and test	Run actions/checkout@v7	2026-09-23T05:59:46.0283924Z   repository: leonardosovienski/brasileirao-predictor
Synthetic .NET 10 build and test	Run actions/checkout@v7	2026-09-23T05:59:46.0286306Z   token: ***
Synthetic .NET 10 build and test	Run actions/checkout@v7	2026-09-23T05:59:46.0286513Z   ssh-strict: true
Synthetic .NET 10 build and test	Run actions/checkout@v7	2026-09-23T05:59:46.0286724Z   ssh-user: git
Synthetic .NET 10 build and test	Run actions/checkout@v7	2026-09-23T05:59:46.0286915Z   clean: true
Synthetic .NET 10 build and test	Run actions/checkout@v7	2026-09-23T05:59:46.0287123Z   sparse-checkout-cone-mode: true
Synthetic .NET 10 build and test	Run actions/checkout@v7	2026-09-23T05:59:46.0287376Z   fetch-depth: 1
Synthetic .NET 10 build and test	Run actions/checkout@v7	2026-09-23T05:59:46.0287585Z   fetch-tags: false
Synthetic .NET 10 build and test	Run actions/checkout@v7	2026-09-23T05:59:46.0287791Z   show-progress: true
Synthetic .NET 10 build and test	Run actions/checkout@v7	2026-09-23T05:59:46.0287998Z   lfs: false
Synthetic .NET 10 build and test	Run actions/checkout@v7	2026-09-23T05:59:46.0288194Z   submodules: false
Synthetic .NET 10 build and test	Run actions/checkout@v7	2026-09-23T05:59:46.0288405Z   set-safe-directory: true
Synthetic .NET 10 build and test	Run actions/checkout@v7	2026-09-23T05:59:46.0288651Z   allow-unsafe-pr-checkout: false
Synthetic .NET 10 build and test	Run actions/checkout@v7	2026-09-23T05:59:46.0289093Z env:
Synthetic .NET 10 build and test	Run actions/checkout@v7	2026-09-23T05:59:46.0289344Z   LINEUP_TEST_REDIS_URL: redis://127.0.0.1:26380/15
Synthetic .NET 10 build and test	Run actions/checkout@v7	2026-09-23T05:59:46.0289667Z ##[endgroup]
Synthetic .NET 10 build and test	Run actions/checkout@v7	2026-09-23T05:59:46.1249617Z Syncing repository: leonardosovienski/brasileirao-predictor
Synthetic .NET 10 build and test	Run actions/checkout@v7	2026-09-23T05:59:46.1251110Z ##[group]Getting Git version info
Synthetic .NET 10 build and test	Run actions/checkout@v7	2026-09-23T05:59:46.1251632Z Working directory is '/home/runner/work/brasileirao-predictor/brasileirao-predictor'
Synthetic .NET 10 build and test	Run actions/checkout@v7	2026-09-23T05:59:46.1252521Z [command]/usr/bin/git version
Synthetic .NET 10 build and test	Run actions/checkout@v7	2026-09-23T05:59:46.1389292Z git version 2.55.0
Synthetic .NET 10 build and test	Run actions/checkout@v7	2026-09-23T05:59:46.1414276Z ##[endgroup]
Synthetic .NET 10 build and test	Run actions/checkout@v7	2026-09-23T05:59:46.1428694Z Temporarily overriding HOME='/home/runner/work/_temp/5244b98c-911b-4c56-99b2-3787d86967f0' before making global git config changes
Synthetic .NET 10 build and test	Run actions/checkout@v7	2026-09-23T05:59:46.1430274Z Adding repository directory to the temporary git global config as a safe directory
Synthetic .NET 10 build and test	Run actions/checkout@v7	2026-09-23T05:59:46.1435252Z [command]/usr/bin/git config --global --add safe.directory /home/runner/work/brasileirao-predictor/brasileirao-predictor
Synthetic .NET 10 build and test	Run actions/checkout@v7	2026-09-23T05:59:46.1495912Z Deleting the contents of '/home/runner/work/brasileirao-predictor/brasileirao-predictor'
Synthetic .NET 10 build and test	Run actions/checkout@v7	2026-09-23T05:59:46.1497761Z ##[group]Determining repository object format
Synthetic .NET 10 build and test	Run actions/checkout@v7	2026-09-23T05:59:46.1499051Z ##[endgroup]
Synthetic .NET 10 build and test	Run actions/checkout@v7	2026-09-23T05:59:46.1505356Z ##[group]Initializing the repository
Synthetic .NET 10 build and test	Run actions/checkout@v7	2026-09-23T05:59:46.1506234Z [command]/usr/bin/git init /home/runner/work/brasileirao-predictor/brasileirao-predictor
Synthetic .NET 10 build and test	Run actions/checkout@v7	2026-09-23T05:59:46.1641238Z hint: Using 'master' as the name for the initial branch. This default branch name
Synthetic .NET 10 build and test	Run actions/checkout@v7	2026-09-23T05:59:46.1641996Z hint: will change to "main" in Git 3.0. To configure the initial branch name
Synthetic .NET 10 build and test	Run actions/checkout@v7	2026-09-23T05:59:46.1643112Z hint: to use in all of your new repositories, which will suppress this warning,
Synthetic .NET 10 build and test	Run actions/checkout@v7	2026-09-23T05:59:46.1643816Z hint: call:
Synthetic .NET 10 build and test	Run actions/checkout@v7	2026-09-23T05:59:46.1644312Z hint:
Synthetic .NET 10 build and test	Run actions/checkout@v7	2026-09-23T05:59:46.1645245Z hint: 	git config --global init.defaultBranch <name>
Synthetic .NET 10 build and test	Run actions/checkout@v7	2026-09-23T05:59:46.1646118Z hint:
Synthetic .NET 10 build and test	Run actions/checkout@v7	2026-09-23T05:59:46.1646914Z hint: Names commonly chosen instead of 'master' are 'main', 'trunk' and
Synthetic .NET 10 build and test	Run actions/checkout@v7	2026-09-23T05:59:46.1647806Z hint: 'development'. The just-created branch can be renamed via this command:
Synthetic .NET 10 build and test	Run actions/checkout@v7	2026-09-23T05:59:46.1648467Z hint:
Synthetic .NET 10 build and test	Run actions/checkout@v7	2026-09-23T05:59:46.1648826Z hint: 	git branch -m <name>
Synthetic .NET 10 build and test	Run actions/checkout@v7	2026-09-23T05:59:46.1649228Z hint:
Synthetic .NET 10 build and test	Run actions/checkout@v7	2026-09-23T05:59:46.1649806Z hint: Disable this message with "git config set advice.defaultBranchName false"
Synthetic .NET 10 build and test	Run actions/checkout@v7	2026-09-23T05:59:46.1650732Z Initialized empty Git repository in /home/runner/work/brasileirao-predictor/brasileirao-predictor/.git/
Synthetic .NET 10 build and test	Run actions/checkout@v7	2026-09-23T05:59:46.1660262Z [command]/usr/bin/git remote add origin https://github.com/leonardosovienski/brasileirao-predictor
Synthetic .NET 10 build and test	Run actions/checkout@v7	2026-09-23T05:59:46.1720794Z ##[endgroup]
Synthetic .NET 10 build and test	Run actions/checkout@v7	2026-09-23T05:59:46.1721493Z ##[group]Disabling automatic garbage collection
Synthetic .NET 10 build and test	Run actions/checkout@v7	2026-09-23T05:59:46.1725245Z [command]/usr/bin/git config --local gc.auto 0
Synthetic .NET 10 build and test	Run actions/checkout@v7	2026-09-23T05:59:46.1760050Z ##[endgroup]
Synthetic .NET 10 build and test	Run actions/checkout@v7	2026-09-23T05:59:46.1760726Z ##[group]Setting up auth
Synthetic .NET 10 build and test	Run actions/checkout@v7	2026-09-23T05:59:46.1761252Z Removing SSH command configuration
Synthetic .NET 10 build and test	Run actions/checkout@v7	2026-09-23T05:59:46.1767473Z [command]/usr/bin/git config --local --name-only --get-regexp core\.sshCommand
Synthetic .NET 10 build and test	Run actions/checkout@v7	2026-09-23T05:59:46.1807400Z [command]/usr/bin/git submodule foreach --recursive sh -c "git config --local --name-only --get-regexp 'core\.sshCommand' && git config --local --unset-all 'core.sshCommand' || :"
Synthetic .NET 10 build and test	Run actions/checkout@v7	2026-09-23T05:59:46.2219084Z Removing HTTP extra header
Synthetic .NET 10 build and test	Run actions/checkout@v7	2026-09-23T05:59:46.2224977Z [command]/usr/bin/git config --local --name-only --get-regexp http\.https\:\/\/github\.com\/\.extraheader
Synthetic .NET 10 build and test	Run actions/checkout@v7	2026-09-23T05:59:46.2260091Z [command]/usr/bin/git submodule foreach --recursive sh -c "git config --local --name-only --get-regexp 'http\.https\:\/\/github\.com\/\.extraheader' && git config --local --unset-all 'http.https://github.com/.extraheader' || :"
Synthetic .NET 10 build and test	Run actions/checkout@v7	2026-09-23T05:59:46.2480233Z Removing includeIf entries pointing to credentials config files
Synthetic .NET 10 build and test	Run actions/checkout@v7	2026-09-23T05:59:46.2485807Z [command]/usr/bin/git config --local --name-only --get-regexp ^includeIf\.gitdir:
Synthetic .NET 10 build and test	Run actions/checkout@v7	2026-09-23T05:59:46.2521193Z [command]/usr/bin/git submodule foreach --recursive git config --local --show-origin --name-only --get-regexp remote.origin.url
Synthetic .NET 10 build and test	Run actions/checkout@v7	2026-09-23T05:59:46.2752021Z [command]/usr/bin/git config --file /home/runner/work/_temp/git-credentials-f32c3d7a-5900-49c9-8a3e-66ce5fb768c3.config http.https://github.com/.extraheader AUTHORIZATION: basic ***
Synthetic .NET 10 build and test	Run actions/checkout@v7	2026-09-23T05:59:46.2792570Z [command]/usr/bin/git config --local includeIf.gitdir:/home/runner/work/brasileirao-predictor/brasileirao-predictor/.git.path /home/runner/work/_temp/git-credentials-f32c3d7a-5900-49c9-8a3e-66ce5fb768c3.config
Synthetic .NET 10 build and test	Run actions/checkout@v7	2026-09-23T05:59:46.2826576Z [command]/usr/bin/git config --local includeIf.gitdir:/home/runner/work/brasileirao-predictor/brasileirao-predictor/.git/worktrees/*.path /home/runner/work/_temp/git-credentials-f32c3d7a-5900-49c9-8a3e-66ce5fb768c3.config
Synthetic .NET 10 build and test	Run actions/checkout@v7	2026-09-23T05:59:46.2865242Z [command]/usr/bin/git config --local includeIf.gitdir:/github/workspace/.git.path /github/runner_temp/git-credentials-f32c3d7a-5900-49c9-8a3e-66ce5fb768c3.config
Synthetic .NET 10 build and test	Run actions/checkout@v7	2026-09-23T05:59:46.2899354Z [command]/usr/bin/git config --local includeIf.gitdir:/github/workspace/.git/worktrees/*.path /github/runner_temp/git-credentials-f32c3d7a-5900-49c9-8a3e-66ce5fb768c3.config
Synthetic .NET 10 build and test	Run actions/checkout@v7	2026-09-23T05:59:46.2929722Z ##[endgroup]
Synthetic .NET 10 build and test	Run actions/checkout@v7	2026-09-23T05:59:46.2930127Z ##[group]Fetching the repository
Synthetic .NET 10 build and test	Run actions/checkout@v7	2026-09-23T05:59:46.2938122Z [command]/usr/bin/git -c protocol.version=2 fetch --no-tags --prune --no-recurse-submodules --depth=1 origin +e14f3394c1908fae6d2f25754e6ab3a6792dbf1e:refs/remotes/origin/main
Synthetic .NET 10 build and test	Run actions/checkout@v7	2026-09-23T05:59:47.5467842Z From https://github.com/leonardosovienski/brasileirao-predictor
Synthetic .NET 10 build and test	Run actions/checkout@v7	2026-09-23T05:59:47.5469368Z  * [new ref]         e14f3394c1908fae6d2f25754e6ab3a6792dbf1e -> origin/main
Synthetic .NET 10 build and test	Run actions/checkout@v7	2026-09-23T05:59:47.5478976Z [command]/usr/bin/git branch --list --remote origin/main
Synthetic .NET 10 build and test	Run actions/checkout@v7	2026-09-23T05:59:47.5508097Z   origin/main
Synthetic .NET 10 build and test	Run actions/checkout@v7	2026-09-23T05:59:47.5516207Z [command]/usr/bin/git rev-parse refs/remotes/origin/main
Synthetic .NET 10 build and test	Run actions/checkout@v7	2026-09-23T05:59:47.5542368Z e14f3394c1908fae6d2f25754e6ab3a6792dbf1e
Synthetic .NET 10 build and test	Run actions/checkout@v7	2026-09-23T05:59:47.5546657Z ##[endgroup]
Synthetic .NET 10 build and test	Run actions/checkout@v7	2026-09-23T05:59:47.5547260Z ##[group]Determining the checkout info
Synthetic .NET 10 build and test	Run actions/checkout@v7	2026-09-23T05:59:47.5547928Z ##[endgroup]
Synthetic .NET 10 build and test	Run actions/checkout@v7	2026-09-23T05:59:47.5551501Z [command]/usr/bin/git sparse-checkout disable
Synthetic .NET 10 build and test	Run actions/checkout@v7	2026-09-23T05:59:47.5608004Z [command]/usr/bin/git config --local --unset-all extensions.worktreeConfig
Synthetic .NET 10 build and test	Run actions/checkout@v7	2026-09-23T05:59:47.5641467Z ##[group]Checking out the ref
Synthetic .NET 10 build and test	Run actions/checkout@v7	2026-09-23T05:59:47.5647494Z [command]/usr/bin/git checkout --progress --force -B main refs/remotes/origin/main
Synthetic .NET 10 build and test	Run actions/checkout@v7	2026-09-23T05:59:47.8798977Z Switched to a new branch 'main'
Synthetic .NET 10 build and test	Run actions/checkout@v7	2026-09-23T05:59:47.8804682Z branch 'main' set up to track 'origin/main'.
Synthetic .NET 10 build and test	Run actions/checkout@v7	2026-09-23T05:59:47.8830755Z ##[endgroup]
Synthetic .NET 10 build and test	Run actions/checkout@v7	2026-09-23T05:59:47.8883756Z [command]/usr/bin/git log -1 --format=%H
Synthetic .NET 10 build and test	Run actions/checkout@v7	2026-09-23T05:59:47.8916583Z e14f3394c1908fae6d2f25754e6ab3a6792dbf1e
Synthetic .NET 10 build and test	Run actions/checkout@v7	2026-09-23T05:59:47.8925567Z ##[group]Removing auth
Synthetic .NET 10 build and test	Run actions/checkout@v7	2026-09-23T05:59:47.8926164Z Removing SSH command configuration
Synthetic .NET 10 build and test	Run actions/checkout@v7	2026-09-23T05:59:47.8930718Z [command]/usr/bin/git config --local --name-only --get-regexp core\.sshCommand
Synthetic .NET 10 build and test	Run actions/checkout@v7	2026-09-23T05:59:47.8968513Z [command]/usr/bin/git submodule foreach --recursive sh -c "git config --local --name-only --get-regexp 'core\.sshCommand' && git config --local --unset-all 'core.sshCommand' || :"
Synthetic .NET 10 build and test	Run actions/checkout@v7	2026-09-23T05:59:47.9199354Z Removing HTTP extra header
Synthetic .NET 10 build and test	Run actions/checkout@v7	2026-09-23T05:59:47.9203337Z [command]/usr/bin/git config --local --name-only --get-regexp http\.https\:\/\/github\.com\/\.extraheader
Synthetic .NET 10 build and test	Run actions/checkout@v7	2026-09-23T05:59:47.9238981Z [command]/usr/bin/git submodule foreach --recursive sh -c "git config --local --name-only --get-regexp 'http\.https\:\/\/github\.com\/\.extraheader' && git config --local --unset-all 'http.https://github.com/.extraheader' || :"
Synthetic .NET 10 build and test	Run actions/checkout@v7	2026-09-23T05:59:47.9474733Z Removing includeIf entries pointing to credentials config files
Synthetic .NET 10 build and test	Run actions/checkout@v7	2026-09-23T05:59:47.9483261Z [command]/usr/bin/git config --local --name-only --get-regexp ^includeIf\.gitdir:
Synthetic .NET 10 build and test	Run actions/checkout@v7	2026-09-23T05:59:47.9523439Z includeif.gitdir:/home/runner/work/brasileirao-predictor/brasileirao-predictor/.git.path
Synthetic .NET 10 build and test	Run actions/checkout@v7	2026-09-23T05:59:47.9525023Z includeif.gitdir:/home/runner/work/brasileirao-predictor/brasileirao-predictor/.git/worktrees/*.path
Synthetic .NET 10 build and test	Run actions/checkout@v7	2026-09-23T05:59:47.9526272Z includeif.gitdir:/github/workspace/.git.path
Synthetic .NET 10 build and test	Run actions/checkout@v7	2026-09-23T05:59:47.9527221Z includeif.gitdir:/github/workspace/.git/worktrees/*.path
Synthetic .NET 10 build and test	Run actions/checkout@v7	2026-09-23T05:59:47.9529296Z [command]/usr/bin/git config --local --get-all includeif.gitdir:/home/runner/work/brasileirao-predictor/brasileirao-predictor/.git.path
Synthetic .NET 10 build and test	Run actions/checkout@v7	2026-09-23T05:59:47.9552216Z /home/runner/work/_temp/git-credentials-f32c3d7a-5900-49c9-8a3e-66ce5fb768c3.config
Synthetic .NET 10 build and test	Run actions/checkout@v7	2026-09-23T05:59:47.9564590Z [command]/usr/bin/git config --local --unset includeif.gitdir:/home/runner/work/brasileirao-predictor/brasileirao-predictor/.git.path \/home\/runner\/work\/_temp\/git\-credentials\-f32c3d7a\-5900\-49c9\-8a3e\-66ce5fb768c3\.config
Synthetic .NET 10 build and test	Run actions/checkout@v7	2026-09-23T05:59:47.9606527Z [command]/usr/bin/git config --local --get-all includeif.gitdir:/home/runner/work/brasileirao-predictor/brasileirao-predictor/.git/worktrees/*.path
Synthetic .NET 10 build and test	Run actions/checkout@v7	2026-09-23T05:59:47.9643606Z /home/runner/work/_temp/git-credentials-f32c3d7a-5900-49c9-8a3e-66ce5fb768c3.config
Synthetic .NET 10 build and test	Run actions/checkout@v7	2026-09-23T05:59:47.9652860Z [command]/usr/bin/git config --local --unset includeif.gitdir:/home/runner/work/brasileirao-predictor/brasileirao-predictor/.git/worktrees/*.path \/home\/runner\/work\/_temp\/git\-credentials\-f32c3d7a\-5900\-49c9\-8a3e\-66ce5fb768c3\.config
Synthetic .NET 10 build and test	Run actions/checkout@v7	2026-09-23T05:59:47.9689591Z [command]/usr/bin/git config --local --get-all includeif.gitdir:/github/workspace/.git.path
Synthetic .NET 10 build and test	Run actions/checkout@v7	2026-09-23T05:59:47.9718674Z /github/runner_temp/git-credentials-f32c3d7a-5900-49c9-8a3e-66ce5fb768c3.config
Synthetic .NET 10 build and test	Run actions/checkout@v7	2026-09-23T05:59:47.9729260Z [command]/usr/bin/git config --local --unset includeif.gitdir:/github/workspace/.git.path \/github\/runner_temp\/git\-credentials\-f32c3d7a\-5900\-49c9\-8a3e\-66ce5fb768c3\.config
Synthetic .NET 10 build and test	Run actions/checkout@v7	2026-09-23T05:59:47.9764571Z [command]/usr/bin/git config --local --get-all includeif.gitdir:/github/workspace/.git/worktrees/*.path
Synthetic .NET 10 build and test	Run actions/checkout@v7	2026-09-23T05:59:47.9790226Z /github/runner_temp/git-credentials-f32c3d7a-5900-49c9-8a3e-66ce5fb768c3.config
Synthetic .NET 10 build and test	Run actions/checkout@v7	2026-09-23T05:59:47.9797566Z [command]/usr/bin/git config --local --unset includeif.gitdir:/github/workspace/.git/worktrees/*.path \/github\/runner_temp\/git\-credentials\-f32c3d7a\-5900\-49c9\-8a3e\-66ce5fb768c3\.config
Synthetic .NET 10 build and test	Run actions/checkout@v7	2026-09-23T05:59:47.9835470Z [command]/usr/bin/git submodule foreach --recursive git config --local --show-origin --name-only --get-regexp remote.origin.url
Synthetic .NET 10 build and test	Run actions/checkout@v7	2026-09-23T05:59:48.0058145Z Removing credentials config '/home/runner/work/_temp/git-credentials-f32c3d7a-5900-49c9-8a3e-66ce5fb768c3.config'
Synthetic .NET 10 build and test	Run actions/checkout@v7	2026-09-23T05:59:48.0067591Z ##[endgroup]
Synthetic .NET 10 build and test	Identify this job's disposable Redis	﻿2026-09-23T05:59:48.0275494Z ##[group]Run run_id=$(docker exec "586faffe0cc0c3c2c1f7f873e198051148dd3978e57b0c1835469cc3a99cbafc" redis-cli INFO server | tr -d '\r' | sed -n 's/^run_id://p')
Synthetic .NET 10 build and test	Identify this job's disposable Redis	2026-09-23T05:59:48.0276699Z ^[[36;1mrun_id=$(docker exec "586faffe0cc0c3c2c1f7f873e198051148dd3978e57b0c1835469cc3a99cbafc" redis-cli INFO server | tr -d '\r' | sed -n 's/^run_id://p')^[[0m
Synthetic .NET 10 build and test	Identify this job's disposable Redis	2026-09-23T05:59:48.0277564Z ^[[36;1mtest -n "$run_id"^[[0m
Synthetic .NET 10 build and test	Identify this job's disposable Redis	2026-09-23T05:59:48.0277886Z ^[[36;1mecho "LINEUP_TEST_REDIS_RUN_ID=$run_id" >> "$GITHUB_ENV"^[[0m
Synthetic .NET 10 build and test	Identify this job's disposable Redis	2026-09-23T05:59:48.0527201Z shell: /usr/bin/bash -e {0}
Synthetic .NET 10 build and test	Identify this job's disposable Redis	2026-09-23T05:59:48.0527515Z env:
Synthetic .NET 10 build and test	Identify this job's disposable Redis	2026-09-23T05:59:48.0527798Z   LINEUP_TEST_REDIS_URL: redis://127.0.0.1:26380/15
Synthetic .NET 10 build and test	Identify this job's disposable Redis	2026-09-23T05:59:48.0528159Z ##[endgroup]
Synthetic .NET 10 build and test	Run actions/setup-dotnet@v6	﻿2026-09-23T05:59:48.1195509Z ##[group]Run actions/setup-dotnet@v6
Synthetic .NET 10 build and test	Run actions/setup-dotnet@v6	2026-09-23T05:59:48.1195817Z with:
Synthetic .NET 10 build and test	Run actions/setup-dotnet@v6	2026-09-23T05:59:48.1196022Z   dotnet-version: 10.0.x
Synthetic .NET 10 build and test	Run actions/setup-dotnet@v6	2026-09-23T05:59:48.1196249Z   cache: false
Synthetic .NET 10 build and test	Run actions/setup-dotnet@v6	2026-09-23T05:59:48.1196432Z env:
Synthetic .NET 10 build and test	Run actions/setup-dotnet@v6	2026-09-23T05:59:48.1196669Z   LINEUP_TEST_REDIS_URL: redis://127.0.0.1:26380/15
Synthetic .NET 10 build and test	Run actions/setup-dotnet@v6	2026-09-23T05:59:48.1197070Z   LINEUP_TEST_REDIS_RUN_ID: 4bc7954ec83798ba3df6a059cf69aa05bc8cfdae
Synthetic .NET 10 build and test	Run actions/setup-dotnet@v6	2026-09-23T05:59:48.1197419Z ##[endgroup]
Synthetic .NET 10 build and test	Run actions/setup-dotnet@v6	2026-09-23T05:59:48.2467149Z [command]/home/runner/work/_actions/actions/setup-dotnet/v6/externals/install-dotnet.sh --skip-non-versioned-files --runtime dotnet --channel LTS
Synthetic .NET 10 build and test	Run actions/setup-dotnet@v6	2026-09-23T05:59:48.5300112Z dotnet-install: .NET Core Runtime with version '10.0.12' is already installed.
Synthetic .NET 10 build and test	Run actions/setup-dotnet@v6	2026-09-23T05:59:48.5326130Z [command]/home/runner/work/_actions/actions/setup-dotnet/v6/externals/install-dotnet.sh --skip-non-versioned-files --channel 10.0
Synthetic .NET 10 build and test	Run actions/setup-dotnet@v6	2026-09-23T05:59:48.7273748Z dotnet-install: .NET Core SDK with version '10.0.401' is already installed.
Synthetic .NET 10 build and test	Run astral-sh/setup-uv@v7	﻿2026-09-23T05:59:48.7466685Z ##[group]Run astral-sh/setup-uv@v7
Synthetic .NET 10 build and test	Run astral-sh/setup-uv@v7	2026-09-23T05:59:48.7466986Z with:
Synthetic .NET 10 build and test	Run astral-sh/setup-uv@v7	2026-09-23T05:59:48.7467181Z   version: 0.12.1
Synthetic .NET 10 build and test	Run astral-sh/setup-uv@v7	2026-09-23T05:59:48.7467402Z   activate-environment: false
Synthetic .NET 10 build and test	Run astral-sh/setup-uv@v7	2026-09-23T05:59:48.7467818Z   working-directory: /home/runner/work/brasileirao-predictor/brasileirao-predictor
Synthetic .NET 10 build and test	Run astral-sh/setup-uv@v7	2026-09-23T05:59:48.7470278Z   github-token: ***
Synthetic .NET 10 build and test	Run astral-sh/setup-uv@v7	2026-09-23T05:59:48.7470494Z   enable-cache: auto
Synthetic .NET 10 build and test	Run astral-sh/setup-uv@v7	2026-09-23T05:59:48.7471047Z   cache-dependency-glob: **/*requirements*.txt
Synthetic .NET 10 build and test	Run astral-sh/setup-uv@v7	**/*requirements*.in
Synthetic .NET 10 build and test	Run astral-sh/setup-uv@v7	**/*constraints*.txt
Synthetic .NET 10 build and test	Run astral-sh/setup-uv@v7	**/*constraints*.in
Synthetic .NET 10 build and test	Run astral-sh/setup-uv@v7	**/pyproject.toml
Synthetic .NET 10 build and test	Run astral-sh/setup-uv@v7	**/uv.lock
Synthetic .NET 10 build and test	Run astral-sh/setup-uv@v7	**/*.py.lock
Synthetic .NET 10 build and test	Run astral-sh/setup-uv@v7	
Synthetic .NET 10 build and test	Run astral-sh/setup-uv@v7	2026-09-23T05:59:48.7471676Z   restore-cache: true
Synthetic .NET 10 build and test	Run astral-sh/setup-uv@v7	2026-09-23T05:59:48.7471890Z   save-cache: true
Synthetic .NET 10 build and test	Run astral-sh/setup-uv@v7	2026-09-23T05:59:48.7472103Z   prune-cache: true
Synthetic .NET 10 build and test	Run astral-sh/setup-uv@v7	2026-09-23T05:59:48.7472642Z   cache-python: false
Synthetic .NET 10 build and test	Run astral-sh/setup-uv@v7	2026-09-23T05:59:48.7472981Z   ignore-nothing-to-cache: false
Synthetic .NET 10 build and test	Run astral-sh/setup-uv@v7	2026-09-23T05:59:48.7473255Z   ignore-empty-workdir: false
Synthetic .NET 10 build and test	Run astral-sh/setup-uv@v7	2026-09-23T05:59:48.7473513Z   add-problem-matchers: true
Synthetic .NET 10 build and test	Run astral-sh/setup-uv@v7	2026-09-23T05:59:48.7473761Z   resolution-strategy: highest
Synthetic .NET 10 build and test	Run astral-sh/setup-uv@v7	2026-09-23T05:59:48.7474033Z env:
Synthetic .NET 10 build and test	Run astral-sh/setup-uv@v7	2026-09-23T05:59:48.7474267Z   LINEUP_TEST_REDIS_URL: redis://127.0.0.1:26380/15
Synthetic .NET 10 build and test	Run astral-sh/setup-uv@v7	2026-09-23T05:59:48.7474662Z   LINEUP_TEST_REDIS_RUN_ID: 4bc7954ec83798ba3df6a059cf69aa05bc8cfdae
Synthetic .NET 10 build and test	Run astral-sh/setup-uv@v7	2026-09-23T05:59:48.7475030Z   DOTNET_ROOT: /usr/share/dotnet
Synthetic .NET 10 build and test	Run astral-sh/setup-uv@v7	2026-09-23T05:59:48.7475270Z ##[endgroup]
Synthetic .NET 10 build and test	Run astral-sh/setup-uv@v7	2026-09-23T05:59:48.9233687Z Fetching version data from https://raw.githubusercontent.com/astral-sh/versions/main/v1/uv.ndjson ...
Synthetic .NET 10 build and test	Run astral-sh/setup-uv@v7	2026-09-23T05:59:49.0144526Z Downloading uv from "https://releases.astral.sh/github/uv/releases/download/0.12.1/uv-x86_64-unknown-linux-gnu.tar.gz" ...
Synthetic .NET 10 build and test	Run astral-sh/setup-uv@v7	2026-09-23T05:59:49.3714906Z [command]/usr/bin/tar xz --warning=no-unknown-keyword --overwrite -C /home/runner/work/_temp/1d5b10a3-0e5b-4f3f-b8c2-5d7e4585f08b -f /home/runner/work/_temp/6c566a4a-1899-4f88-b37e-07f6d2822b9b
Synthetic .NET 10 build and test	Run astral-sh/setup-uv@v7	2026-09-23T05:59:49.7954223Z Added /home/runner/.local/bin to the path
Synthetic .NET 10 build and test	Run astral-sh/setup-uv@v7	2026-09-23T05:59:49.7957732Z Added /opt/hostedtoolcache/uv/0.12.1/x86_64 to the path
Synthetic .NET 10 build and test	Run astral-sh/setup-uv@v7	2026-09-23T05:59:49.7959697Z Set UV_PYTHON_INSTALL_DIR to /home/runner/work/_temp/uv-python-dir
Synthetic .NET 10 build and test	Run astral-sh/setup-uv@v7	2026-09-23T05:59:49.7960366Z Added /home/runner/work/_temp/uv-python-dir to the path
Synthetic .NET 10 build and test	Run astral-sh/setup-uv@v7	2026-09-23T05:59:49.7971878Z Set UV_CACHE_DIR to /home/runner/work/_temp/setup-uv-cache
Synthetic .NET 10 build and test	Run astral-sh/setup-uv@v7	2026-09-23T05:59:49.7972937Z Successfully installed uv version 0.12.1
Synthetic .NET 10 build and test	Run astral-sh/setup-uv@v7	2026-09-23T05:59:49.9030532Z Searching files using cache dependency glob: /home/runner/work/brasileirao-predictor/brasileirao-predictor/**/*requirements*.txt,/home/runner/work/brasileirao-predictor/brasileirao-predictor/**/*requirements*.in,/home/runner/work/brasileirao-predictor/brasileirao-predictor/**/*constraints*.txt,/home/runner/work/brasileirao-predictor/brasileirao-predictor/**/*constraints*.in,/home/runner/work/brasileirao-predictor/brasileirao-predictor/**/pyproject.toml,/home/runner/work/brasileirao-predictor/brasileirao-predictor/**/uv.lock,/home/runner/work/brasileirao-predictor/brasileirao-predictor/**/*.py.lock
Synthetic .NET 10 build and test	Run astral-sh/setup-uv@v7	2026-09-23T05:59:50.2591903Z /home/runner/work/brasileirao-predictor/brasileirao-predictor/docs/open_source_research/OSR-20260911-01/evidence/requirements.txt
Synthetic .NET 10 build and test	Run astral-sh/setup-uv@v7	2026-09-23T05:59:50.2834744Z /home/runner/work/brasileirao-predictor/brasileirao-predictor/pyproject.toml
Synthetic .NET 10 build and test	Run astral-sh/setup-uv@v7	2026-09-23T05:59:50.3147583Z /home/runner/work/brasileirao-predictor/brasileirao-predictor/uv.lock
Synthetic .NET 10 build and test	Run astral-sh/setup-uv@v7	2026-09-23T05:59:50.3158116Z Found 3 files to hash.
Synthetic .NET 10 build and test	Run astral-sh/setup-uv@v7	2026-09-23T05:59:50.3235671Z Trying to restore cache from GitHub Actions cache with key: setup-uv-2-x86_64-unknown-linux-gnu-ubuntu-24.04-unknown-pruned-bd51c465fb85c1390acfd423f4ea7aebe070cc97cc2577a2b05bf352e5f99a35
Synthetic .NET 10 build and test	Run astral-sh/setup-uv@v7	2026-09-23T05:59:50.3833882Z No GitHub Actions cache found for key: setup-uv-2-x86_64-unknown-linux-gnu-ubuntu-24.04-unknown-pruned-bd51c465fb85c1390acfd423f4ea7aebe070cc97cc2577a2b05bf352e5f99a35
Synthetic .NET 10 build and test	Run actions/setup-python@v7	﻿2026-09-23T05:59:50.4515010Z ##[group]Run actions/setup-python@v7
Synthetic .NET 10 build and test	Run actions/setup-python@v7	2026-09-23T05:59:50.4515316Z with:
Synthetic .NET 10 build and test	Run actions/setup-python@v7	2026-09-23T05:59:50.4515519Z   python-version: 3.13
Synthetic .NET 10 build and test	Run actions/setup-python@v7	2026-09-23T05:59:50.4515749Z   check-latest: false
Synthetic .NET 10 build and test	Run actions/setup-python@v7	2026-09-23T05:59:50.4517985Z   token: ***
Synthetic .NET 10 build and test	Run actions/setup-python@v7	2026-09-23T05:59:50.4518190Z   update-environment: true
Synthetic .NET 10 build and test	Run actions/setup-python@v7	2026-09-23T05:59:50.4518425Z   allow-prereleases: false
Synthetic .NET 10 build and test	Run actions/setup-python@v7	2026-09-23T05:59:50.4518648Z   freethreaded: false
Synthetic .NET 10 build and test	Run actions/setup-python@v7	2026-09-23T05:59:50.4518855Z env:
Synthetic .NET 10 build and test	Run actions/setup-python@v7	2026-09-23T05:59:50.4519078Z   LINEUP_TEST_REDIS_URL: redis://127.0.0.1:26380/15
Synthetic .NET 10 build and test	Run actions/setup-python@v7	2026-09-23T05:59:50.4519470Z   LINEUP_TEST_REDIS_RUN_ID: 4bc7954ec83798ba3df6a059cf69aa05bc8cfdae
Synthetic .NET 10 build and test	Run actions/setup-python@v7	2026-09-23T05:59:50.4519834Z   DOTNET_ROOT: /usr/share/dotnet
Synthetic .NET 10 build and test	Run actions/setup-python@v7	2026-09-23T05:59:50.4520143Z   UV_PYTHON_INSTALL_DIR: /home/runner/work/_temp/uv-python-dir
Synthetic .NET 10 build and test	Run actions/setup-python@v7	2026-09-23T05:59:50.4520512Z   UV_CACHE_DIR: /home/runner/work/_temp/setup-uv-cache
Synthetic .NET 10 build and test	Run actions/setup-python@v7	2026-09-23T05:59:50.4520817Z ##[endgroup]
Synthetic .NET 10 build and test	Run actions/setup-python@v7	2026-09-23T05:59:50.5654492Z ##[group]Installed versions
Synthetic .NET 10 build and test	Run actions/setup-python@v7	2026-09-23T05:59:50.5745221Z Successfully set up CPython (3.13.15)
Synthetic .NET 10 build and test	Run actions/setup-python@v7	2026-09-23T05:59:50.5746196Z ##[endgroup]
Synthetic .NET 10 build and test	Prepare the synthetic cross-process kernel	﻿2026-09-23T05:59:50.5869757Z ##[group]Run uv sync --all-extras --locked
Synthetic .NET 10 build and test	Prepare the synthetic cross-process kernel	2026-09-23T05:59:50.5870126Z ^[[36;1muv sync --all-extras --locked^[[0m
Synthetic .NET 10 build and test	Prepare the synthetic cross-process kernel	2026-09-23T05:59:50.5942929Z shell: /usr/bin/bash -e {0}
Synthetic .NET 10 build and test	Prepare the synthetic cross-process kernel	2026-09-23T05:59:50.5943188Z env:
Synthetic .NET 10 build and test	Prepare the synthetic cross-process kernel	2026-09-23T05:59:50.5943446Z   LINEUP_TEST_REDIS_URL: redis://127.0.0.1:26380/15
Synthetic .NET 10 build and test	Prepare the synthetic cross-process kernel	2026-09-23T05:59:50.5943876Z   LINEUP_TEST_REDIS_RUN_ID: 4bc7954ec83798ba3df6a059cf69aa05bc8cfdae
Synthetic .NET 10 build and test	Prepare the synthetic cross-process kernel	2026-09-23T05:59:50.5944261Z   DOTNET_ROOT: /usr/share/dotnet
Synthetic .NET 10 build and test	Prepare the synthetic cross-process kernel	2026-09-23T05:59:50.5944600Z   UV_PYTHON_INSTALL_DIR: /home/runner/work/_temp/uv-python-dir
Synthetic .NET 10 build and test	Prepare the synthetic cross-process kernel	2026-09-23T05:59:50.5945010Z   UV_CACHE_DIR: /home/runner/work/_temp/setup-uv-cache
Synthetic .NET 10 build and test	Prepare the synthetic cross-process kernel	2026-09-23T05:59:50.5945399Z   pythonLocation: /opt/hostedtoolcache/Python/3.13.15/x64
Synthetic .NET 10 build and test	Prepare the synthetic cross-process kernel	2026-09-23T05:59:50.5945857Z   PKG_CONFIG_PATH: /opt/hostedtoolcache/Python/3.13.15/x64/lib/pkgconfig
Synthetic .NET 10 build and test	Prepare the synthetic cross-process kernel	2026-09-23T05:59:50.5946314Z   Python_ROOT_DIR: /opt/hostedtoolcache/Python/3.13.15/x64
Synthetic .NET 10 build and test	Prepare the synthetic cross-process kernel	2026-09-23T05:59:50.5946707Z   Python2_ROOT_DIR: /opt/hostedtoolcache/Python/3.13.15/x64
Synthetic .NET 10 build and test	Prepare the synthetic cross-process kernel	2026-09-23T05:59:50.5947100Z   Python3_ROOT_DIR: /opt/hostedtoolcache/Python/3.13.15/x64
Synthetic .NET 10 build and test	Prepare the synthetic cross-process kernel	2026-09-23T05:59:50.5947537Z   LD_LIBRARY_PATH: /opt/hostedtoolcache/Python/3.13.15/x64/lib
Synthetic .NET 10 build and test	Prepare the synthetic cross-process kernel	2026-09-23T05:59:50.5947871Z ##[endgroup]
Synthetic .NET 10 build and test	Prepare the synthetic cross-process kernel	2026-09-23T05:59:50.7159877Z Using CPython 3.13.15 interpreter at: /opt/hostedtoolcache/Python/3.13.15/x64/bin/python3
Synthetic .NET 10 build and test	Prepare the synthetic cross-process kernel	2026-09-23T05:59:50.7160592Z Creating virtual environment at: .venv
Synthetic .NET 10 build and test	Prepare the synthetic cross-process kernel	2026-09-23T05:59:50.8245755Z Resolved 60 packages in 105ms
Synthetic .NET 10 build and test	Prepare the synthetic cross-process kernel	2026-09-23T05:59:50.8408292Z    Building brasileirao-predictor @ file:///home/runner/work/brasileirao-predictor/brasileirao-predictor
Synthetic .NET 10 build and test	Prepare the synthetic cross-process kernel	2026-09-23T05:59:50.8718399Z Downloading pydantic-core (2.0MiB)
Synthetic .NET 10 build and test	Prepare the synthetic cross-process kernel	2026-09-23T05:59:50.8802232Z Downloading pygments (1.2MiB)
Synthetic .NET 10 build and test	Prepare the synthetic cross-process kernel	2026-09-23T05:59:50.8805398Z Downloading pandas (10.3MiB)
Synthetic .NET 10 build and test	Prepare the synthetic cross-process kernel	2026-09-23T05:59:50.8812236Z Downloading numpy (15.9MiB)
Synthetic .NET 10 build and test	Prepare the synthetic cross-process kernel	2026-09-23T05:59:50.8822537Z Downloading pyright (5.9MiB)
Synthetic .NET 10 build and test	Prepare the synthetic cross-process kernel	2026-09-23T05:59:50.8823805Z Downloading lxml (5.0MiB)
Synthetic .NET 10 build and test	Prepare the synthetic cross-process kernel	2026-09-23T05:59:50.8825173Z Downloading curl-cffi (12.9MiB)
Synthetic .NET 10 build and test	Prepare the synthetic cross-process kernel	2026-09-23T05:59:50.8826595Z Downloading ruff (9.8MiB)
Synthetic .NET 10 build and test	Prepare the synthetic cross-process kernel	2026-09-23T05:59:50.8831169Z Downloading scipy (33.7MiB)
Synthetic .NET 10 build and test	Prepare the synthetic cross-process kernel	2026-09-23T05:59:50.8832667Z Downloading llvmlite (57.1MiB)
Synthetic .NET 10 build and test	Prepare the synthetic cross-process kernel	2026-09-23T05:59:50.8837955Z Downloading virtualenv (5.1MiB)
Synthetic .NET 10 build and test	Prepare the synthetic cross-process kernel	2026-09-23T05:59:50.8839498Z Downloading numba (3.7MiB)
Synthetic .NET 10 build and test	Prepare the synthetic cross-process kernel	2026-09-23T05:59:51.2184421Z  Downloaded pydantic-core
Synthetic .NET 10 build and test	Prepare the synthetic cross-process kernel	2026-09-23T05:59:51.4169898Z  Downloaded pygments
Synthetic .NET 10 build and test	Prepare the synthetic cross-process kernel	2026-09-23T05:59:51.5820393Z  Downloaded virtualenv
Synthetic .NET 10 build and test	Prepare the synthetic cross-process kernel	2026-09-23T05:59:51.6250528Z  Downloaded lxml
Synthetic .NET 10 build and test	Prepare the synthetic cross-process kernel	2026-09-23T05:59:51.8010518Z       Built brasileirao-predictor @ file:///home/runner/work/brasileirao-predictor/brasileirao-predictor
Synthetic .NET 10 build and test	Prepare the synthetic cross-process kernel	2026-09-23T05:59:51.8155581Z  Downloaded numba
Synthetic .NET 10 build and test	Prepare the synthetic cross-process kernel	2026-09-23T05:59:51.9987329Z  Downloaded ruff
Synthetic .NET 10 build and test	Prepare the synthetic cross-process kernel	2026-09-23T05:59:52.1641309Z  Downloaded curl-cffi
Synthetic .NET 10 build and test	Prepare the synthetic cross-process kernel	2026-09-23T05:59:52.2761351Z  Downloaded numpy
Synthetic .NET 10 build and test	Prepare the synthetic cross-process kernel	2026-09-23T05:59:52.8558055Z  Downloaded llvmlite
Synthetic .NET 10 build and test	Prepare the synthetic cross-process kernel	2026-09-23T05:59:52.8615767Z  Downloaded scipy
Synthetic .NET 10 build and test	Prepare the synthetic cross-process kernel	2026-09-23T05:59:52.8691931Z  Downloaded pandas
Synthetic .NET 10 build and test	Prepare the synthetic cross-process kernel	2026-09-23T05:59:53.3281172Z  Downloaded pyright
Synthetic .NET 10 build and test	Prepare the synthetic cross-process kernel	2026-09-23T05:59:53.3284677Z Prepared 56 packages in 2.50s
Synthetic .NET 10 build and test	Prepare the synthetic cross-process kernel	2026-09-23T05:59:53.5037689Z Installed 58 packages in 175ms
Synthetic .NET 10 build and test	Prepare the synthetic cross-process kernel	2026-09-23T05:59:53.5038453Z  + annotated-types==0.8.0
Synthetic .NET 10 build and test	Prepare the synthetic cross-process kernel	2026-09-23T05:59:53.5038949Z  + attrs==26.1.0
Synthetic .NET 10 build and test	Prepare the synthetic cross-process kernel	2026-09-23T05:59:53.5039359Z  + beautifulsoup4==4.15.0
Synthetic .NET 10 build and test	Prepare the synthetic cross-process kernel	2026-09-23T05:59:53.5040317Z  + brasileirao-predictor==0.2.0 (from file:///home/runner/work/brasileirao-predictor/brasileirao-predictor)
Synthetic .NET 10 build and test	Prepare the synthetic cross-process kernel	2026-09-23T05:59:53.5041266Z  + build==1.6.1
Synthetic .NET 10 build and test	Prepare the synthetic cross-process kernel	2026-09-23T05:59:53.5041625Z  + certifi==2026.7.22
Synthetic .NET 10 build and test	Prepare the synthetic cross-process kernel	2026-09-23T05:59:53.5042025Z  + cffi==2.1.1
Synthetic .NET 10 build and test	Prepare the synthetic cross-process kernel	2026-09-23T05:59:53.5042628Z  + cfgv==3.5.0
Synthetic .NET 10 build and test	Prepare the synthetic cross-process kernel	2026-09-23T05:59:53.5043091Z  + charset-normalizer==3.5.1
Synthetic .NET 10 build and test	Prepare the synthetic cross-process kernel	2026-09-23T05:59:53.5043572Z  + coverage==7.15.4
Synthetic .NET 10 build and test	Prepare the synthetic cross-process kernel	2026-09-23T05:59:53.5043996Z  + curl-cffi==0.16.3
Synthetic .NET 10 build and test	Prepare the synthetic cross-process kernel	2026-09-23T05:59:53.5044423Z  + distlib==0.4.3
Synthetic .NET 10 build and test	Prepare the synthetic cross-process kernel	2026-09-23T05:59:53.5044829Z  + filelock==3.32.4
Synthetic .NET 10 build and test	Prepare the synthetic cross-process kernel	2026-09-23T05:59:53.5045567Z  + hiredis==3.4.1
Synthetic .NET 10 build and test	Prepare the synthetic cross-process kernel	2026-09-23T05:59:53.5046150Z  + html5lib==1.1
Synthetic .NET 10 build and test	Prepare the synthetic cross-process kernel	2026-09-23T05:59:53.5046694Z  + identify==2.6.19
Synthetic .NET 10 build and test	Prepare the synthetic cross-process kernel	2026-09-23T05:59:53.5047204Z  + idna==3.19
Synthetic .NET 10 build and test	Prepare the synthetic cross-process kernel	2026-09-23T05:59:53.5047729Z  + iniconfig==2.3.0
Synthetic .NET 10 build and test	Prepare the synthetic cross-process kernel	2026-09-23T05:59:53.5048683Z  + jsonschema==4.26.0
Synthetic .NET 10 build and test	Prepare the synthetic cross-process kernel	2026-09-23T05:59:53.5049316Z  + jsonschema-specifications==2025.9.1
Synthetic .NET 10 build and test	Prepare the synthetic cross-process kernel	2026-09-23T05:59:53.5050005Z  + llvmlite==0.49.0
Synthetic .NET 10 build and test	Prepare the synthetic cross-process kernel	2026-09-23T05:59:53.5050512Z  + lxml==6.1.3
Synthetic .NET 10 build and test	Prepare the synthetic cross-process kernel	2026-09-23T05:59:53.5051027Z  + nodeenv==1.10.0
Synthetic .NET 10 build and test	Prepare the synthetic cross-process kernel	2026-09-23T05:59:53.5051533Z  + numba==0.67.0
Synthetic .NET 10 build and test	Prepare the synthetic cross-process kernel	2026-09-23T05:59:53.5052029Z  + numpy==2.5.3
Synthetic .NET 10 build and test	Prepare the synthetic cross-process kernel	2026-09-23T05:59:53.5052781Z  + packaging==26.3
Synthetic .NET 10 build and test	Prepare the synthetic cross-process kernel	2026-09-23T05:59:53.5053322Z  + pandas==3.0.6
Synthetic .NET 10 build and test	Prepare the synthetic cross-process kernel	2026-09-23T05:59:53.5053873Z  + platformdirs==4.11.4
Synthetic .NET 10 build and test	Prepare the synthetic cross-process kernel	2026-09-23T05:59:53.5054417Z  + pluggy==1.6.0
Synthetic .NET 10 build and test	Prepare the synthetic cross-process kernel	2026-09-23T05:59:53.5055153Z  + pre-commit==4.6.2
Synthetic .NET 10 build and test	Prepare the synthetic cross-process kernel	2026-09-23T05:59:53.5056551Z  + predictor-core==3.2.1 (from https://github.com/leonardosovienski/core-predictor/releases/download/v3.2.1/predictor_core-3.2.1-py3-none-any.whl)
Synthetic .NET 10 build and test	Prepare the synthetic cross-process kernel	2026-09-23T05:59:53.5058674Z  + predictor-ops==4.2.1 (from https://github.com/leonardosovienski/predictor-ops/releases/download/v4.2.1/predictor_ops-4.2.1-py3-none-any.whl)
Synthetic .NET 10 build and test	Prepare the synthetic cross-process kernel	2026-09-23T05:59:53.5060051Z  + pycparser==3.0
Synthetic .NET 10 build and test	Prepare the synthetic cross-process kernel	2026-09-23T05:59:53.5060592Z  + pydantic==2.13.5
Synthetic .NET 10 build and test	Prepare the synthetic cross-process kernel	2026-09-23T05:59:53.5061153Z  + pydantic-core==2.46.5
Synthetic .NET 10 build and test	Prepare the synthetic cross-process kernel	2026-09-23T05:59:53.5061754Z  + pydantic-settings==2.15.0
Synthetic .NET 10 build and test	Prepare the synthetic cross-process kernel	2026-09-23T05:59:53.5062537Z  + pygments==2.21.0
Synthetic .NET 10 build and test	Prepare the synthetic cross-process kernel	2026-09-23T05:59:53.5063235Z  + pyproject-hooks==1.2.0
Synthetic .NET 10 build and test	Prepare the synthetic cross-process kernel	2026-09-23T05:59:53.5063853Z  + pyright==1.1.414
Synthetic .NET 10 build and test	Prepare the synthetic cross-process kernel	2026-09-23T05:59:53.5064372Z  + pytest==9.1.1
Synthetic .NET 10 build and test	Prepare the synthetic cross-process kernel	2026-09-23T05:59:53.5064941Z  + python-dateutil==2.9.0.post0
Synthetic .NET 10 build and test	Prepare the synthetic cross-process kernel	2026-09-23T05:59:53.5065574Z  + python-discovery==1.5.3
Synthetic .NET 10 build and test	Prepare the synthetic cross-process kernel	2026-09-23T05:59:53.5066176Z  + python-dotenv==1.2.3
Synthetic .NET 10 build and test	Prepare the synthetic cross-process kernel	2026-09-23T05:59:53.5066714Z  + pyyaml==6.0.3
Synthetic .NET 10 build and test	Prepare the synthetic cross-process kernel	2026-09-23T05:59:53.5067208Z  + redis==8.1.0
Synthetic .NET 10 build and test	Prepare the synthetic cross-process kernel	2026-09-23T05:59:53.5067760Z  + referencing==0.37.0
Synthetic .NET 10 build and test	Prepare the synthetic cross-process kernel	2026-09-23T05:59:53.5068317Z  + requests==2.34.2
Synthetic .NET 10 build and test	Prepare the synthetic cross-process kernel	2026-09-23T05:59:53.5068852Z  + rpds-py==2026.6.3
Synthetic .NET 10 build and test	Prepare the synthetic cross-process kernel	2026-09-23T05:59:53.5069371Z  + ruff==0.16.8
Synthetic .NET 10 build and test	Prepare the synthetic cross-process kernel	2026-09-23T05:59:53.5070101Z  + scipy==1.18.1
Synthetic .NET 10 build and test	Prepare the synthetic cross-process kernel	2026-09-23T05:59:53.5070603Z  + six==1.17.0
Synthetic .NET 10 build and test	Prepare the synthetic cross-process kernel	2026-09-23T05:59:53.5071123Z  + soupsieve==2.9.2
Synthetic .NET 10 build and test	Prepare the synthetic cross-process kernel	2026-09-23T05:59:53.5071669Z  + truststore==0.10.4
Synthetic .NET 10 build and test	Prepare the synthetic cross-process kernel	2026-09-23T05:59:53.5072246Z  + typing-extensions==4.16.0
Synthetic .NET 10 build and test	Prepare the synthetic cross-process kernel	2026-09-23T05:59:53.5073100Z  + typing-inspection==0.4.4
Synthetic .NET 10 build and test	Prepare the synthetic cross-process kernel	2026-09-23T05:59:53.5073701Z  + urllib3==2.7.0
Synthetic .NET 10 build and test	Prepare the synthetic cross-process kernel	2026-09-23T05:59:53.5074248Z  + virtualenv==21.7.5
Synthetic .NET 10 build and test	Prepare the synthetic cross-process kernel	2026-09-23T05:59:53.5074805Z  + webencodings==0.6.1
Synthetic .NET 10 build and test	Run dotnet restore dotnet/LineupWorker.Tests/LineupWorker.Tests.csproj --locked-mode	﻿2026-09-23T05:59:53.5200801Z ##[group]Run dotnet restore dotnet/LineupWorker.Tests/LineupWorker.Tests.csproj --locked-mode
Synthetic .NET 10 build and test	Run dotnet restore dotnet/LineupWorker.Tests/LineupWorker.Tests.csproj --locked-mode	2026-09-23T05:59:53.5202042Z ^[[36;1mdotnet restore dotnet/LineupWorker.Tests/LineupWorker.Tests.csproj --locked-mode^[[0m
Synthetic .NET 10 build and test	Run dotnet restore dotnet/LineupWorker.Tests/LineupWorker.Tests.csproj --locked-mode	2026-09-23T05:59:53.5290044Z shell: /usr/bin/bash -e {0}
Synthetic .NET 10 build and test	Run dotnet restore dotnet/LineupWorker.Tests/LineupWorker.Tests.csproj --locked-mode	2026-09-23T05:59:53.5290316Z env:
Synthetic .NET 10 build and test	Run dotnet restore dotnet/LineupWorker.Tests/LineupWorker.Tests.csproj --locked-mode	2026-09-23T05:59:53.5290571Z   LINEUP_TEST_REDIS_URL: redis://127.0.0.1:26380/15
Synthetic .NET 10 build and test	Run dotnet restore dotnet/LineupWorker.Tests/LineupWorker.Tests.csproj --locked-mode	2026-09-23T05:59:53.5290998Z   LINEUP_TEST_REDIS_RUN_ID: 4bc7954ec83798ba3df6a059cf69aa05bc8cfdae
Synthetic .NET 10 build and test	Run dotnet restore dotnet/LineupWorker.Tests/LineupWorker.Tests.csproj --locked-mode	2026-09-23T05:59:53.5291420Z   DOTNET_ROOT: /usr/share/dotnet
Synthetic .NET 10 build and test	Run dotnet restore dotnet/LineupWorker.Tests/LineupWorker.Tests.csproj --locked-mode	2026-09-23T05:59:53.5291851Z   UV_PYTHON_INSTALL_DIR: /home/runner/work/_temp/uv-python-dir
Synthetic .NET 10 build and test	Run dotnet restore dotnet/LineupWorker.Tests/LineupWorker.Tests.csproj --locked-mode	2026-09-23T05:59:53.5292787Z   UV_CACHE_DIR: /home/runner/work/_temp/setup-uv-cache
Synthetic .NET 10 build and test	Run dotnet restore dotnet/LineupWorker.Tests/LineupWorker.Tests.csproj --locked-mode	2026-09-23T05:59:53.5293267Z   pythonLocation: /opt/hostedtoolcache/Python/3.13.15/x64
Synthetic .NET 10 build and test	Run dotnet restore dotnet/LineupWorker.Tests/LineupWorker.Tests.csproj --locked-mode	2026-09-23T05:59:53.5293834Z   PKG_CONFIG_PATH: /opt/hostedtoolcache/Python/3.13.15/x64/lib/pkgconfig
Synthetic .NET 10 build and test	Run dotnet restore dotnet/LineupWorker.Tests/LineupWorker.Tests.csproj --locked-mode	2026-09-23T05:59:53.5294441Z   Python_ROOT_DIR: /opt/hostedtoolcache/Python/3.13.15/x64
Synthetic .NET 10 build and test	Run dotnet restore dotnet/LineupWorker.Tests/LineupWorker.Tests.csproj --locked-mode	2026-09-23T05:59:53.5295658Z   Python2_ROOT_DIR: /opt/hostedtoolcache/Python/3.13.15/x64
Synthetic .NET 10 build and test	Run dotnet restore dotnet/LineupWorker.Tests/LineupWorker.Tests.csproj --locked-mode	2026-09-23T05:59:53.5296642Z   Python3_ROOT_DIR: /opt/hostedtoolcache/Python/3.13.15/x64
Synthetic .NET 10 build and test	Run dotnet restore dotnet/LineupWorker.Tests/LineupWorker.Tests.csproj --locked-mode	2026-09-23T05:59:53.5297183Z   LD_LIBRARY_PATH: /opt/hostedtoolcache/Python/3.13.15/x64/lib
Synthetic .NET 10 build and test	Run dotnet restore dotnet/LineupWorker.Tests/LineupWorker.Tests.csproj --locked-mode	2026-09-23T05:59:53.5297752Z ##[endgroup]
Synthetic .NET 10 build and test	Run dotnet restore dotnet/LineupWorker.Tests/LineupWorker.Tests.csproj --locked-mode	2026-09-23T05:59:59.4287520Z   Determining projects to restore...
Synthetic .NET 10 build and test	Run dotnet restore dotnet/LineupWorker.Tests/LineupWorker.Tests.csproj --locked-mode	2026-09-23T06:00:04.3277649Z   Restored /home/runner/work/brasileirao-predictor/brasileirao-predictor/dotnet/LineupWorker/LineupWorker.csproj (in 2.91 sec).
Synthetic .NET 10 build and test	Run dotnet restore dotnet/LineupWorker.Tests/LineupWorker.Tests.csproj --locked-mode	2026-09-23T06:00:04.3495647Z   Restored /home/runner/work/brasileirao-predictor/brasileirao-predictor/dotnet/LineupWorker.Tests/LineupWorker.Tests.csproj (in 2.94 sec).
Synthetic .NET 10 build and test	Run dotnet build dotnet/LineupWorker/LineupWorker.csproj --configuration Release --no-restore --warnaserror	﻿2026-09-23T06:00:04.3905453Z ##[group]Run dotnet build dotnet/LineupWorker/LineupWorker.csproj --configuration Release --no-restore --warnaserror
Synthetic .NET 10 build and test	Run dotnet build dotnet/LineupWorker/LineupWorker.csproj --configuration Release --no-restore --warnaserror	2026-09-23T06:00:04.3906320Z ^[[36;1mdotnet build dotnet/LineupWorker/LineupWorker.csproj --configuration Release --no-restore --warnaserror^[[0m
Synthetic .NET 10 build and test	Run dotnet build dotnet/LineupWorker/LineupWorker.csproj --configuration Release --no-restore --warnaserror	2026-09-23T06:00:04.3969206Z shell: /usr/bin/bash -e {0}
Synthetic .NET 10 build and test	Run dotnet build dotnet/LineupWorker/LineupWorker.csproj --configuration Release --no-restore --warnaserror	2026-09-23T06:00:04.3969468Z env:
Synthetic .NET 10 build and test	Run dotnet build dotnet/LineupWorker/LineupWorker.csproj --configuration Release --no-restore --warnaserror	2026-09-23T06:00:04.3969725Z   LINEUP_TEST_REDIS_URL: redis://127.0.0.1:26380/15
Synthetic .NET 10 build and test	Run dotnet build dotnet/LineupWorker/LineupWorker.csproj --configuration Release --no-restore --warnaserror	2026-09-23T06:00:04.3970143Z   LINEUP_TEST_REDIS_RUN_ID: 4bc7954ec83798ba3df6a059cf69aa05bc8cfdae
Synthetic .NET 10 build and test	Run dotnet build dotnet/LineupWorker/LineupWorker.csproj --configuration Release --no-restore --warnaserror	2026-09-23T06:00:04.3970512Z   DOTNET_ROOT: /usr/share/dotnet
Synthetic .NET 10 build and test	Run dotnet build dotnet/LineupWorker/LineupWorker.csproj --configuration Release --no-restore --warnaserror	2026-09-23T06:00:04.3970831Z   UV_PYTHON_INSTALL_DIR: /home/runner/work/_temp/uv-python-dir
Synthetic .NET 10 build and test	Run dotnet build dotnet/LineupWorker/LineupWorker.csproj --configuration Release --no-restore --warnaserror	2026-09-23T06:00:04.3971211Z   UV_CACHE_DIR: /home/runner/work/_temp/setup-uv-cache
Synthetic .NET 10 build and test	Run dotnet build dotnet/LineupWorker/LineupWorker.csproj --configuration Release --no-restore --warnaserror	2026-09-23T06:00:04.3971574Z   pythonLocation: /opt/hostedtoolcache/Python/3.13.15/x64
Synthetic .NET 10 build and test	Run dotnet build dotnet/LineupWorker/LineupWorker.csproj --configuration Release --no-restore --warnaserror	2026-09-23T06:00:04.3972010Z   PKG_CONFIG_PATH: /opt/hostedtoolcache/Python/3.13.15/x64/lib/pkgconfig
Synthetic .NET 10 build and test	Run dotnet build dotnet/LineupWorker/LineupWorker.csproj --configuration Release --no-restore --warnaserror	2026-09-23T06:00:04.3972780Z   Python_ROOT_DIR: /opt/hostedtoolcache/Python/3.13.15/x64
Synthetic .NET 10 build and test	Run dotnet build dotnet/LineupWorker/LineupWorker.csproj --configuration Release --no-restore --warnaserror	2026-09-23T06:00:04.3973226Z   Python2_ROOT_DIR: /opt/hostedtoolcache/Python/3.13.15/x64
Synthetic .NET 10 build and test	Run dotnet build dotnet/LineupWorker/LineupWorker.csproj --configuration Release --no-restore --warnaserror	2026-09-23T06:00:04.3973603Z   Python3_ROOT_DIR: /opt/hostedtoolcache/Python/3.13.15/x64
Synthetic .NET 10 build and test	Run dotnet build dotnet/LineupWorker/LineupWorker.csproj --configuration Release --no-restore --warnaserror	2026-09-23T06:00:04.3973985Z   LD_LIBRARY_PATH: /opt/hostedtoolcache/Python/3.13.15/x64/lib
Synthetic .NET 10 build and test	Run dotnet build dotnet/LineupWorker/LineupWorker.csproj --configuration Release --no-restore --warnaserror	2026-09-23T06:00:04.3974304Z ##[endgroup]
Synthetic .NET 10 build and test	Run dotnet build dotnet/LineupWorker/LineupWorker.csproj --configuration Release --no-restore --warnaserror	2026-09-23T06:00:11.1211596Z   LineupWorker -> /home/runner/work/brasileirao-predictor/brasileirao-predictor/dotnet/LineupWorker/bin/Release/net10.0/LineupWorker.dll
Synthetic .NET 10 build and test	Run dotnet build dotnet/LineupWorker/LineupWorker.csproj --configuration Release --no-restore --warnaserror	2026-09-23T06:00:11.1470333Z 
Synthetic .NET 10 build and test	Run dotnet build dotnet/LineupWorker/LineupWorker.csproj --configuration Release --no-restore --warnaserror	2026-09-23T06:00:11.1476572Z Build succeeded.
Synthetic .NET 10 build and test	Run dotnet build dotnet/LineupWorker/LineupWorker.csproj --configuration Release --no-restore --warnaserror	2026-09-23T06:00:11.1477201Z     0 Warning(s)
Synthetic .NET 10 build and test	Run dotnet build dotnet/LineupWorker/LineupWorker.csproj --configuration Release --no-restore --warnaserror	2026-09-23T06:00:11.1477698Z     0 Error(s)
Synthetic .NET 10 build and test	Run dotnet build dotnet/LineupWorker/LineupWorker.csproj --configuration Release --no-restore --warnaserror	2026-09-23T06:00:11.1478634Z 
Synthetic .NET 10 build and test	Run dotnet build dotnet/LineupWorker/LineupWorker.csproj --configuration Release --no-restore --warnaserror	2026-09-23T06:00:11.1478933Z Time Elapsed 00:00:06.46
Synthetic .NET 10 build and test	Test Worker and Python processes against this job's Redis	﻿2026-09-23T06:00:11.1924916Z ##[group]Run export BRASILEIRAO_LAB_OUTPUT="$RUNNER_TEMP/brasileirao-runtime-lab"
Synthetic .NET 10 build and test	Test Worker and Python processes against this job's Redis	2026-09-23T06:00:11.1925742Z ^[[36;1mexport BRASILEIRAO_LAB_OUTPUT="$RUNNER_TEMP/brasileirao-runtime-lab"^[[0m
Synthetic .NET 10 build and test	Test Worker and Python processes against this job's Redis	2026-09-23T06:00:11.1926186Z ^[[36;1mmkdir -p "$BRASILEIRAO_LAB_OUTPUT"^[[0m
Synthetic .NET 10 build and test	Test Worker and Python processes against this job's Redis	2026-09-23T06:00:11.1926540Z ^[[36;1mexport BRASILEIRAO_LAB_REPO="$GITHUB_WORKSPACE"^[[0m
Synthetic .NET 10 build and test	Test Worker and Python processes against this job's Redis	2026-09-23T06:00:11.1926887Z ^[[36;1mexport PYTHONDONTWRITEBYTECODE=1^[[0m
Synthetic .NET 10 build and test	Test Worker and Python processes against this job's Redis	2026-09-23T06:00:11.1927243Z ^[[36;1mexport NUMBA_CACHE_DIR="$BRASILEIRAO_LAB_OUTPUT/numba"^[[0m
Synthetic .NET 10 build and test	Test Worker and Python processes against this job's Redis	2026-09-23T06:00:11.1927608Z ^[[36;1mexport TMPDIR="$BRASILEIRAO_LAB_OUTPUT"^[[0m
Synthetic .NET 10 build and test	Test Worker and Python processes against this job's Redis	2026-09-23T06:00:11.1927996Z ^[[36;1mexport LINEUP_E2E_PYTHON="$GITHUB_WORKSPACE/.venv/bin/python"^[[0m
Synthetic .NET 10 build and test	Test Worker and Python processes against this job's Redis	2026-09-23T06:00:11.1928538Z ^[[36;1mexport LINEUP_E2E_KERNEL_SCRIPT="$GITHUB_WORKSPACE/tools/runtime_lab/kernel_synthetic.py"^[[0m
Synthetic .NET 10 build and test	Test Worker and Python processes against this job's Redis	2026-09-23T06:00:11.1929109Z ^[[36;1mexport LINEUP_E2E_REDIS_URL=redis://127.0.0.1:26380/13^[[0m
Synthetic .NET 10 build and test	Test Worker and Python processes against this job's Redis	2026-09-23T06:00:11.1929545Z ^[[36;1mexport LINEUP_E2E_REDIS_RUN_ID="$LINEUP_TEST_REDIS_RUN_ID"^[[0m
Synthetic .NET 10 build and test	Test Worker and Python processes against this job's Redis	2026-09-23T06:00:11.1930456Z ^[[36;1mdotnet test dotnet/LineupWorker.Tests/LineupWorker.Tests.csproj --configuration Release --no-restore --collect:"XPlat Code Coverage" --results-directory artifacts/dotnet-coverage^[[0m
Synthetic .NET 10 build and test	Test Worker and Python processes against this job's Redis	2026-09-23T06:00:11.1999829Z shell: /usr/bin/bash -e {0}
Synthetic .NET 10 build and test	Test Worker and Python processes against this job's Redis	2026-09-23T06:00:11.2000228Z env:
Synthetic .NET 10 build and test	Test Worker and Python processes against this job's Redis	2026-09-23T06:00:11.2000601Z   LINEUP_TEST_REDIS_URL: redis://127.0.0.1:26380/15
Synthetic .NET 10 build and test	Test Worker and Python processes against this job's Redis	2026-09-23T06:00:11.2001022Z   LINEUP_TEST_REDIS_RUN_ID: 4bc7954ec83798ba3df6a059cf69aa05bc8cfdae
Synthetic .NET 10 build and test	Test Worker and Python processes against this job's Redis	2026-09-23T06:00:11.2001398Z   DOTNET_ROOT: /usr/share/dotnet
Synthetic .NET 10 build and test	Test Worker and Python processes against this job's Redis	2026-09-23T06:00:11.2001737Z   UV_PYTHON_INSTALL_DIR: /home/runner/work/_temp/uv-python-dir
Synthetic .NET 10 build and test	Test Worker and Python processes against this job's Redis	2026-09-23T06:00:11.2002125Z   UV_CACHE_DIR: /home/runner/work/_temp/setup-uv-cache
Synthetic .NET 10 build and test	Test Worker and Python processes against this job's Redis	2026-09-23T06:00:11.2002645Z   pythonLocation: /opt/hostedtoolcache/Python/3.13.15/x64
Synthetic .NET 10 build and test	Test Worker and Python processes against this job's Redis	2026-09-23T06:00:11.2003068Z   PKG_CONFIG_PATH: /opt/hostedtoolcache/Python/3.13.15/x64/lib/pkgconfig
Synthetic .NET 10 build and test	Test Worker and Python processes against this job's Redis	2026-09-23T06:00:11.2003491Z   Python_ROOT_DIR: /opt/hostedtoolcache/Python/3.13.15/x64
Synthetic .NET 10 build and test	Test Worker and Python processes against this job's Redis	2026-09-23T06:00:11.2003875Z   Python2_ROOT_DIR: /opt/hostedtoolcache/Python/3.13.15/x64
Synthetic .NET 10 build and test	Test Worker and Python processes against this job's Redis	2026-09-23T06:00:11.2004254Z   Python3_ROOT_DIR: /opt/hostedtoolcache/Python/3.13.15/x64
Synthetic .NET 10 build and test	Test Worker and Python processes against this job's Redis	2026-09-23T06:00:11.2004659Z   LD_LIBRARY_PATH: /opt/hostedtoolcache/Python/3.13.15/x64/lib
Synthetic .NET 10 build and test	Test Worker and Python processes against this job's Redis	2026-09-23T06:00:11.2004987Z ##[endgroup]
Synthetic .NET 10 build and test	Test Worker and Python processes against this job's Redis	2026-09-23T06:00:12.3053479Z   LineupWorker -> /home/runner/work/brasileirao-predictor/brasileirao-predictor/dotnet/LineupWorker/bin/Release/net10.0/LineupWorker.dll
Synthetic .NET 10 build and test	Test Worker and Python processes against this job's Redis	2026-09-23T06:00:13.9372717Z   LineupWorker.Tests -> /home/runner/work/brasileirao-predictor/brasileirao-predictor/dotnet/LineupWorker.Tests/bin/Release/net10.0/LineupWorker.Tests.dll
Synthetic .NET 10 build and test	Test Worker and Python processes against this job's Redis	2026-09-23T06:00:13.9589627Z Test run for /home/runner/work/brasileirao-predictor/brasileirao-predictor/dotnet/LineupWorker.Tests/bin/Release/net10.0/LineupWorker.Tests.dll (.NETCoreApp,Version=v10.0)
Synthetic .NET 10 build and test	Test Worker and Python processes against this job's Redis	2026-09-23T06:00:14.5753629Z A total of 1 test files matched the specified pattern.
Synthetic .NET 10 build and test	Test Worker and Python processes against this job's Redis	2026-09-23T06:00:42.3065584Z 
Synthetic .NET 10 build and test	Test Worker and Python processes against this job's Redis	2026-09-23T06:00:42.3110488Z Passed!  - Failed:     0, Passed:   160, Skipped:     0, Total:   160, Duration: 25 s - LineupWorker.Tests.dll (net10.0)
Synthetic .NET 10 build and test	Test Worker and Python processes against this job's Redis	2026-09-23T06:00:42.4926513Z 
Synthetic .NET 10 build and test	Test Worker and Python processes against this job's Redis	2026-09-23T06:00:42.4931887Z Attachments:
Synthetic .NET 10 build and test	Test Worker and Python processes against this job's Redis	2026-09-23T06:00:42.4934548Z   /home/runner/work/brasileirao-predictor/brasileirao-predictor/artifacts/dotnet-coverage/bd1e266c-efdc-4c09-a91b-bf2ba41ccdde/coverage.cobertura.xml
Synthetic .NET 10 build and test	Run actions/upload-artifact@v7	﻿2026-09-23T06:00:42.5541156Z ##[group]Run actions/upload-artifact@v7
Synthetic .NET 10 build and test	Run actions/upload-artifact@v7	2026-09-23T06:00:42.5541463Z with:
Synthetic .NET 10 build and test	Run actions/upload-artifact@v7	2026-09-23T06:00:42.5541663Z   name: dotnet-validation
Synthetic .NET 10 build and test	Run actions/upload-artifact@v7	2026-09-23T06:00:42.5542053Z   path: artifacts/dotnet-coverage
Synthetic .NET 10 build and test	Run actions/upload-artifact@v7	/home/runner/work/_temp/brasileirao-runtime-lab
Synthetic .NET 10 build and test	Run actions/upload-artifact@v7	
Synthetic .NET 10 build and test	Run actions/upload-artifact@v7	2026-09-23T06:00:42.5542979Z   if-no-files-found: warn
Synthetic .NET 10 build and test	Run actions/upload-artifact@v7	2026-09-23T06:00:42.5543226Z   compression-level: 6
Synthetic .NET 10 build and test	Run actions/upload-artifact@v7	2026-09-23T06:00:42.5543441Z   overwrite: false
Synthetic .NET 10 build and test	Run actions/upload-artifact@v7	2026-09-23T06:00:42.5543657Z   include-hidden-files: false
Synthetic .NET 10 build and test	Run actions/upload-artifact@v7	2026-09-23T06:00:42.5543896Z   archive: true
Synthetic .NET 10 build and test	Run actions/upload-artifact@v7	2026-09-23T06:00:42.5544087Z env:
Synthetic .NET 10 build and test	Run actions/upload-artifact@v7	2026-09-23T06:00:42.5544325Z   LINEUP_TEST_REDIS_URL: redis://127.0.0.1:26380/15
Synthetic .NET 10 build and test	Run actions/upload-artifact@v7	2026-09-23T06:00:42.5544726Z   LINEUP_TEST_REDIS_RUN_ID: 4bc7954ec83798ba3df6a059cf69aa05bc8cfdae
Synthetic .NET 10 build and test	Run actions/upload-artifact@v7	2026-09-23T06:00:42.5545082Z   DOTNET_ROOT: /usr/share/dotnet
Synthetic .NET 10 build and test	Run actions/upload-artifact@v7	2026-09-23T06:00:42.5545596Z   UV_PYTHON_INSTALL_DIR: /home/runner/work/_temp/uv-python-dir
Synthetic .NET 10 build and test	Run actions/upload-artifact@v7	2026-09-23T06:00:42.5545967Z   UV_CACHE_DIR: /home/runner/work/_temp/setup-uv-cache
Synthetic .NET 10 build and test	Run actions/upload-artifact@v7	2026-09-23T06:00:42.5546327Z   pythonLocation: /opt/hostedtoolcache/Python/3.13.15/x64
Synthetic .NET 10 build and test	Run actions/upload-artifact@v7	2026-09-23T06:00:42.5546771Z   PKG_CONFIG_PATH: /opt/hostedtoolcache/Python/3.13.15/x64/lib/pkgconfig
Synthetic .NET 10 build and test	Run actions/upload-artifact@v7	2026-09-23T06:00:42.5547181Z   Python_ROOT_DIR: /opt/hostedtoolcache/Python/3.13.15/x64
Synthetic .NET 10 build and test	Run actions/upload-artifact@v7	2026-09-23T06:00:42.5547552Z   Python2_ROOT_DIR: /opt/hostedtoolcache/Python/3.13.15/x64
Synthetic .NET 10 build and test	Run actions/upload-artifact@v7	2026-09-23T06:00:42.5547926Z   Python3_ROOT_DIR: /opt/hostedtoolcache/Python/3.13.15/x64
Synthetic .NET 10 build and test	Run actions/upload-artifact@v7	2026-09-23T06:00:42.5548300Z   LD_LIBRARY_PATH: /opt/hostedtoolcache/Python/3.13.15/x64/lib
Synthetic .NET 10 build and test	Run actions/upload-artifact@v7	2026-09-23T06:00:42.5548616Z ##[endgroup]
Synthetic .NET 10 build and test	Run actions/upload-artifact@v7	2026-09-23T06:00:42.7015838Z Multiple search paths detected. Calculating the least common ancestor of all paths
Synthetic .NET 10 build and test	Run actions/upload-artifact@v7	2026-09-23T06:00:42.7018301Z The least common ancestor is /home/runner/work. This will be the root directory of the artifact
Synthetic .NET 10 build and test	Run actions/upload-artifact@v7	2026-09-23T06:00:42.7019372Z With the provided path, there will be 4 files uploaded
Synthetic .NET 10 build and test	Run actions/upload-artifact@v7	2026-09-23T06:00:42.7025323Z Artifact name is valid!
Synthetic .NET 10 build and test	Run actions/upload-artifact@v7	2026-09-23T06:00:42.7025805Z Root directory input is valid!
Synthetic .NET 10 build and test	Run actions/upload-artifact@v7	2026-09-23T06:00:42.9007893Z Uploading artifact: dotnet-validation.zip
Synthetic .NET 10 build and test	Run actions/upload-artifact@v7	2026-09-23T06:00:42.9054047Z Beginning upload of artifact content to blob storage
Synthetic .NET 10 build and test	Run actions/upload-artifact@v7	2026-09-23T06:00:43.0020951Z Uploaded bytes 45033
Synthetic .NET 10 build and test	Run actions/upload-artifact@v7	2026-09-23T06:00:43.0185615Z Finished uploading artifact content to blob storage!
Synthetic .NET 10 build and test	Run actions/upload-artifact@v7	2026-09-23T06:00:43.0186500Z SHA256 digest of uploaded artifact is 7ec126a4203db6364bafff8adcad93526906fe44458388ca36f817d7d853f774
Synthetic .NET 10 build and test	Run actions/upload-artifact@v7	2026-09-23T06:00:43.0187198Z Finalizing artifact upload
Synthetic .NET 10 build and test	Run actions/upload-artifact@v7	2026-09-23T06:00:43.2341297Z Artifact dotnet-validation successfully finalized. Artifact ID 10735081105
Synthetic .NET 10 build and test	Run actions/upload-artifact@v7	2026-09-23T06:00:43.2342994Z Artifact dotnet-validation has been successfully uploaded! Final size is 45033 bytes. Artifact ID is 10735081105
Synthetic .NET 10 build and test	Run actions/upload-artifact@v7	2026-09-23T06:00:43.2345686Z Artifact download URL: https://github.com/leonardosovienski/brasileirao-predictor/actions/runs/35824710697/artifacts/10735081105
Synthetic .NET 10 build and test	Enforce Worker line and branch coverage	﻿2026-09-23T06:00:43.2461090Z ##[group]Run python - <<'PY'
Synthetic .NET 10 build and test	Enforce Worker line and branch coverage	2026-09-23T06:00:43.2461459Z ^[[36;1mpython - <<'PY'^[[0m
Synthetic .NET 10 build and test	Enforce Worker line and branch coverage	2026-09-23T06:00:43.2461740Z ^[[36;1mimport glob, xml.etree.ElementTree as ET^[[0m
Synthetic .NET 10 build and test	Enforce Worker line and branch coverage	2026-09-23T06:00:43.2462274Z ^[[36;1mreport = glob.glob("artifacts/dotnet-coverage/**/coverage.cobertura.xml", recursive=True)[0]^[[0m
Synthetic .NET 10 build and test	Enforce Worker line and branch coverage	2026-09-23T06:00:43.2463430Z ^[[36;1mroot = ET.parse(report).getroot()^[[0m
Synthetic .NET 10 build and test	Enforce Worker line and branch coverage	2026-09-23T06:00:43.2463914Z ^[[36;1mrates = {"line": float(root.attrib["line-rate"]), "branch": float(root.attrib["branch-rate"])}^[[0m
Synthetic .NET 10 build and test	Enforce Worker line and branch coverage	2026-09-23T06:00:43.2464368Z ^[[36;1mprint(rates)^[[0m
Synthetic .NET 10 build and test	Enforce Worker line and branch coverage	2026-09-23T06:00:43.2464624Z ^[[36;1massert min(rates.values()) >= 0.80, rates^[[0m
Synthetic .NET 10 build and test	Enforce Worker line and branch coverage	2026-09-23T06:00:43.2464910Z ^[[36;1mPY^[[0m
Synthetic .NET 10 build and test	Enforce Worker line and branch coverage	2026-09-23T06:00:43.2526984Z shell: /usr/bin/bash -e {0}
Synthetic .NET 10 build and test	Enforce Worker line and branch coverage	2026-09-23T06:00:43.2527238Z env:
Synthetic .NET 10 build and test	Enforce Worker line and branch coverage	2026-09-23T06:00:43.2527492Z   LINEUP_TEST_REDIS_URL: redis://127.0.0.1:26380/15
Synthetic .NET 10 build and test	Enforce Worker line and branch coverage	2026-09-23T06:00:43.2527902Z   LINEUP_TEST_REDIS_RUN_ID: 4bc7954ec83798ba3df6a059cf69aa05bc8cfdae
Synthetic .NET 10 build and test	Enforce Worker line and branch coverage	2026-09-23T06:00:43.2528292Z   DOTNET_ROOT: /usr/share/dotnet
Synthetic .NET 10 build and test	Enforce Worker line and branch coverage	2026-09-23T06:00:43.2528661Z   UV_PYTHON_INSTALL_DIR: /home/runner/work/_temp/uv-python-dir
Synthetic .NET 10 build and test	Enforce Worker line and branch coverage	2026-09-23T06:00:43.2529050Z   UV_CACHE_DIR: /home/runner/work/_temp/setup-uv-cache
Synthetic .NET 10 build and test	Enforce Worker line and branch coverage	2026-09-23T06:00:43.2529430Z   pythonLocation: /opt/hostedtoolcache/Python/3.13.15/x64
Synthetic .NET 10 build and test	Enforce Worker line and branch coverage	2026-09-23T06:00:43.2529867Z   PKG_CONFIG_PATH: /opt/hostedtoolcache/Python/3.13.15/x64/lib/pkgconfig
Synthetic .NET 10 build and test	Enforce Worker line and branch coverage	2026-09-23T06:00:43.2530304Z   Python_ROOT_DIR: /opt/hostedtoolcache/Python/3.13.15/x64
Synthetic .NET 10 build and test	Enforce Worker line and branch coverage	2026-09-23T06:00:43.2530693Z   Python2_ROOT_DIR: /opt/hostedtoolcache/Python/3.13.15/x64
Synthetic .NET 10 build and test	Enforce Worker line and branch coverage	2026-09-23T06:00:43.2531082Z   Python3_ROOT_DIR: /opt/hostedtoolcache/Python/3.13.15/x64
Synthetic .NET 10 build and test	Enforce Worker line and branch coverage	2026-09-23T06:00:43.2531474Z   LD_LIBRARY_PATH: /opt/hostedtoolcache/Python/3.13.15/x64/lib
Synthetic .NET 10 build and test	Enforce Worker line and branch coverage	2026-09-23T06:00:43.2531800Z ##[endgroup]
Synthetic .NET 10 build and test	Enforce Worker line and branch coverage	2026-09-23T06:00:43.3122257Z {'line': 0.8691, 'branch': 0.8190000000000001}
Synthetic .NET 10 build and test	Post Run actions/setup-python@v7	﻿2026-09-23T06:00:43.3255550Z Post job cleanup.
Synthetic .NET 10 build and test	Post Run astral-sh/setup-uv@v7	﻿2026-09-23T06:00:43.4556909Z Post job cleanup.
Synthetic .NET 10 build and test	Post Run astral-sh/setup-uv@v7	2026-09-23T06:00:43.5726410Z UV_CACHE_DIR is already set to /home/runner/work/_temp/setup-uv-cache
Synthetic .NET 10 build and test	Post Run astral-sh/setup-uv@v7	2026-09-23T06:00:43.5732041Z UV_PYTHON_INSTALL_DIR is already set to /home/runner/work/_temp/uv-python-dir
Synthetic .NET 10 build and test	Post Run astral-sh/setup-uv@v7	2026-09-23T06:00:43.5742901Z Pruning cache...
Synthetic .NET 10 build and test	Post Run astral-sh/setup-uv@v7	2026-09-23T06:00:43.5759598Z [command]/opt/hostedtoolcache/uv/0.12.1/x86_64/uv cache prune --ci --force
Synthetic .NET 10 build and test	Post Run astral-sh/setup-uv@v7	2026-09-23T06:00:43.5891579Z Pruning cache at: /home/runner/work/_temp/setup-uv-cache
Synthetic .NET 10 build and test	Post Run astral-sh/setup-uv@v7	2026-09-23T06:00:43.8528630Z Removed 12391 files (510.2MiB)
Synthetic .NET 10 build and test	Post Run astral-sh/setup-uv@v7	2026-09-23T06:00:43.8556095Z Including uv cache path: /home/runner/work/_temp/setup-uv-cache
Synthetic .NET 10 build and test	Post Run astral-sh/setup-uv@v7	2026-09-23T06:00:43.8707258Z [command]/usr/bin/tar --posix -cf cache.tzst --exclude cache.tzst -P -C /home/runner/work/brasileirao-predictor/brasileirao-predictor --files-from manifest.txt --use-compress-program zstdmt
Synthetic .NET 10 build and test	Post Run astral-sh/setup-uv@v7	2026-09-23T06:00:43.9391517Z ##[warning]Failed to save: Unable to reserve cache with key setup-uv-2-x86_64-unknown-linux-gnu-ubuntu-24.04-unknown-pruned-bd51c465fb85c1390acfd423f4ea7aebe070cc97cc2577a2b05bf352e5f99a35, another job may be creating this cache.
Synthetic .NET 10 build and test	Post Run astral-sh/setup-uv@v7	2026-09-23T06:00:43.9399754Z uv cache saved with key: setup-uv-2-x86_64-unknown-linux-gnu-ubuntu-24.04-unknown-pruned-bd51c465fb85c1390acfd423f4ea7aebe070cc97cc2577a2b05bf352e5f99a35
Synthetic .NET 10 build and test	Post Run actions/setup-dotnet@v6	﻿2026-09-23T06:00:43.9995053Z Post job cleanup.
Synthetic .NET 10 build and test	Post Run actions/checkout@v7	﻿2026-09-23T06:00:44.1320236Z Post job cleanup.
Synthetic .NET 10 build and test	Post Run actions/checkout@v7	2026-09-23T06:00:44.2185353Z [command]/usr/bin/git version
Synthetic .NET 10 build and test	Post Run actions/checkout@v7	2026-09-23T06:00:44.2237468Z git version 2.55.0
Synthetic .NET 10 build and test	Post Run actions/checkout@v7	2026-09-23T06:00:44.2276565Z Temporarily overriding HOME='/home/runner/work/_temp/53220f8d-5b37-40e2-99d3-83ce15684d60' before making global git config changes
Synthetic .NET 10 build and test	Post Run actions/checkout@v7	2026-09-23T06:00:44.2278045Z Adding repository directory to the temporary git global config as a safe directory
Synthetic .NET 10 build and test	Post Run actions/checkout@v7	2026-09-23T06:00:44.2283138Z [command]/usr/bin/git config --global --add safe.directory /home/runner/work/brasileirao-predictor/brasileirao-predictor
Synthetic .NET 10 build and test	Post Run actions/checkout@v7	2026-09-23T06:00:44.2315093Z Removing SSH command configuration
Synthetic .NET 10 build and test	Post Run actions/checkout@v7	2026-09-23T06:00:44.2321828Z [command]/usr/bin/git config --local --name-only --get-regexp core\.sshCommand
Synthetic .NET 10 build and test	Post Run actions/checkout@v7	2026-09-23T06:00:44.2358738Z [command]/usr/bin/git submodule foreach --recursive sh -c "git config --local --name-only --get-regexp 'core\.sshCommand' && git config --local --unset-all 'core.sshCommand' || :"
Synthetic .NET 10 build and test	Post Run actions/checkout@v7	2026-09-23T06:00:44.2669494Z Removing HTTP extra header
Synthetic .NET 10 build and test	Post Run actions/checkout@v7	2026-09-23T06:00:44.2670469Z [command]/usr/bin/git config --local --name-only --get-regexp http\.https\:\/\/github\.com\/\.extraheader
Synthetic .NET 10 build and test	Post Run actions/checkout@v7	2026-09-23T06:00:44.2720423Z [command]/usr/bin/git submodule foreach --recursive sh -c "git config --local --name-only --get-regexp 'http\.https\:\/\/github\.com\/\.extraheader' && git config --local --unset-all 'http.https://github.com/.extraheader' || :"
Synthetic .NET 10 build and test	Post Run actions/checkout@v7	2026-09-23T06:00:44.3015425Z Removing includeIf entries pointing to credentials config files
Synthetic .NET 10 build and test	Post Run actions/checkout@v7	2026-09-23T06:00:44.3025491Z [command]/usr/bin/git config --local --name-only --get-regexp ^includeIf\.gitdir:
Synthetic .NET 10 build and test	Post Run actions/checkout@v7	2026-09-23T06:00:44.3063772Z [command]/usr/bin/git submodule foreach --recursive git config --local --show-origin --name-only --get-regexp remote.origin.url
Synthetic .NET 10 build and test	Stop containers	﻿2026-09-23T06:00:44.3486271Z Print service container logs: cf5ad59df8ea4ced83ead95295193cdb_redis829alpine322sha25630abb90e62f14b737010746def3ba99cc79fe19dcdb3d37b41f21fc62e7da19d_88060e
Synthetic .NET 10 build and test	Stop containers	2026-09-23T06:00:44.3491598Z ##[command]/usr/bin/docker logs --details 586faffe0cc0c3c2c1f7f873e198051148dd3978e57b0c1835469cc3a99cbafc
Synthetic .NET 10 build and test	Stop containers	2026-09-23T06:00:44.3639243Z  Starting Redis Server
Synthetic .NET 10 build and test	Stop containers	2026-09-23T06:00:44.3657967Z  1:C 23 Sep 2026 05:59:40.010 # WARNING Memory overcommit must be enabled! Without it, a background save or replication may fail under low memory condition. Being disabled, it can also cause failures without low memory condition, see https://github.com/jemalloc/jemalloc/issues/1328. To fix this issue add 'vm.overcommit_memory = 1' to /etc/sysctl.conf and then reboot or run the command 'sysctl vm.overcommit_memory=1' for this to take effect.
Synthetic .NET 10 build and test	Stop containers	2026-09-23T06:00:44.3662055Z  1:C 23 Sep 2026 05:59:40.011 * oO0OoO0OoO0Oo Redis is starting oO0OoO0OoO0Oo
Synthetic .NET 10 build and test	Stop containers	2026-09-23T06:00:44.3663179Z  1:C 23 Sep 2026 05:59:40.011 * Redis version=8.2.9, bits=64, commit=00000000, modified=1, pid=1, just started
Synthetic .NET 10 build and test	Stop containers	2026-09-23T06:00:44.3664155Z  1:C 23 Sep 2026 05:59:40.011 * Configuration loaded
Synthetic .NET 10 build and test	Stop containers	2026-09-23T06:00:44.3664541Z  1:M 23 Sep 2026 05:59:40.011 * monotonic clock: POSIX clock_gettime
Synthetic .NET 10 build and test	Stop containers	2026-09-23T06:00:44.3664978Z  1:M 23 Sep 2026 05:59:40.012 * Running mode=standalone, port=6379.
Synthetic .NET 10 build and test	Stop containers	2026-09-23T06:00:44.3665423Z  1:M 23 Sep 2026 05:59:40.012 * <bf> RedisBloom version 8.2.16 (Git=unknown)
Synthetic .NET 10 build and test	Stop containers	2026-09-23T06:00:44.3665871Z  1:M 23 Sep 2026 05:59:40.012 * <bf> Registering configuration options: [
Synthetic .NET 10 build and test	Stop containers	2026-09-23T06:00:44.3666291Z  1:M 23 Sep 2026 05:59:40.012 * <bf> 	{ bf-error-rate       :      0.01 }
Synthetic .NET 10 build and test	Stop containers	2026-09-23T06:00:44.3666688Z  1:M 23 Sep 2026 05:59:40.012 * <bf> 	{ bf-initial-size     :       100 }
Synthetic .NET 10 build and test	Stop containers	2026-09-23T06:00:44.3667084Z  1:M 23 Sep 2026 05:59:40.012 * <bf> 	{ bf-expansion-factor :         2 }
Synthetic .NET 10 build and test	Stop containers	2026-09-23T06:00:44.3667475Z  1:M 23 Sep 2026 05:59:40.012 * <bf> 	{ cf-bucket-size      :         2 }
Synthetic .NET 10 build and test	Stop containers	2026-09-23T06:00:44.3667869Z  1:M 23 Sep 2026 05:59:40.012 * <bf> 	{ cf-initial-size     :      1024 }
Synthetic .NET 10 build and test	Stop containers	2026-09-23T06:00:44.3668269Z  1:M 23 Sep 2026 05:59:40.012 * <bf> 	{ cf-max-iterations   :        20 }
Synthetic .NET 10 build and test	Stop containers	2026-09-23T06:00:44.3668661Z  1:M 23 Sep 2026 05:59:40.012 * <bf> 	{ cf-expansion-factor :         1 }
Synthetic .NET 10 build and test	Stop containers	2026-09-23T06:00:44.3669060Z  1:M 23 Sep 2026 05:59:40.012 * <bf> 	{ cf-max-expansions   :        32 }
Synthetic .NET 10 build and test	Stop containers	2026-09-23T06:00:44.3669395Z  1:M 23 Sep 2026 05:59:40.012 * <bf> ]
Synthetic .NET 10 build and test	Stop containers	2026-09-23T06:00:44.3669802Z  1:M 23 Sep 2026 05:59:40.012 * Module 'bf' loaded from /usr/local/lib/redis/modules//redisbloom.so
Synthetic .NET 10 build and test	Stop containers	2026-09-23T06:00:44.3670350Z  1:M 23 Sep 2026 05:59:40.015 * <search> Redis version found by RedisSearch : 8.2.9 - oss
Synthetic .NET 10 build and test	Stop containers	2026-09-23T06:00:44.3670827Z  1:M 23 Sep 2026 05:59:40.015 * <search> RediSearch version 8.2.13 (Git=e9cf9bf)
Synthetic .NET 10 build and test	Stop containers	2026-09-23T06:00:44.3671304Z  1:M 23 Sep 2026 05:59:40.015 * <search> Low level api version 1 initialized successfully
Synthetic .NET 10 build and test	Stop containers	2026-09-23T06:00:44.3672961Z  1:M 23 Sep 2026 05:59:40.015 * <search> gc: ON, prefix min length: 2, min word length to stem: 4, prefix max expansions: 200, query timeout (ms): 500, timeout policy: return, cursor read size: 1000, cursor max idle (ms): 300000, max doctable size: 1000000, max number of search results:  1000000, default scorer: BM25STD, 
Synthetic .NET 10 build and test	Stop containers	2026-09-23T06:00:44.3674682Z  1:M 23 Sep 2026 05:59:40.015 * <search> Initialized thread pools!
Synthetic .NET 10 build and test	Stop containers	2026-09-23T06:00:44.3675183Z  1:M 23 Sep 2026 05:59:40.015 * <search> Disabled workers threadpool of size 0
Synthetic .NET 10 build and test	Stop containers	2026-09-23T06:00:44.3675613Z  1:M 23 Sep 2026 05:59:40.015 * <search> Subscribe to config changes
Synthetic .NET 10 build and test	Stop containers	2026-09-23T06:00:44.3676013Z  1:M 23 Sep 2026 05:59:40.015 * <search> Enabled role change notification
Synthetic .NET 10 build and test	Stop containers	2026-09-23T06:00:44.3676446Z  1:M 23 Sep 2026 05:59:40.015 # <search> Could not create command: _FT.DROP
Synthetic .NET 10 build and test	Stop containers	2026-09-23T06:00:44.3676908Z  1:M 23 Sep 2026 05:59:40.015 * <search> Registered command _FT.DROP with flags: write
Synthetic .NET 10 build and test	Stop containers	2026-09-23T06:00:44.3677371Z  1:M 23 Sep 2026 05:59:40.015 # <search> Could not create command: _FT.DROPINDEX
Synthetic .NET 10 build and test	Stop containers	2026-09-23T06:00:44.3677856Z  1:M 23 Sep 2026 05:59:40.015 * <search> Registered command _FT.DROPINDEX with flags: write
Synthetic .NET 10 build and test	Stop containers	2026-09-23T06:00:44.3678606Z  1:M 23 Sep 2026 05:59:40.015 # <search> Could not create command: _FT._DROPIFX
Synthetic .NET 10 build and test	Stop containers	2026-09-23T06:00:44.3679080Z  1:M 23 Sep 2026 05:59:40.015 * <search> Registered command _FT._DROPIFX with flags: write
Synthetic .NET 10 build and test	Stop containers	2026-09-23T06:00:44.3679568Z  1:M 23 Sep 2026 05:59:40.015 # <search> Could not create command: _FT._DROPINDEXIFX
Synthetic .NET 10 build and test	Stop containers	2026-09-23T06:00:44.3680075Z  1:M 23 Sep 2026 05:59:40.015 * <search> Registered command _FT._DROPINDEXIFX with flags: write
Synthetic .NET 10 build and test	Stop containers	2026-09-23T06:00:44.3680692Z  1:M 23 Sep 2026 05:59:40.015 * <search> Cluster configuration: AUTO partitions, type: 0, coordinator timeout: 0ms
Synthetic .NET 10 build and test	Stop containers	2026-09-23T06:00:44.3681224Z  1:M 23 Sep 2026 05:59:40.015 * <search> Register write commands
Synthetic .NET 10 build and test	Stop containers	2026-09-23T06:00:44.3681715Z  1:M 23 Sep 2026 05:59:40.015 * Module 'search' loaded from /usr/local/lib/redis/modules//redisearch.so
Synthetic .NET 10 build and test	Stop containers	2026-09-23T06:00:44.3682634Z  1:M 23 Sep 2026 05:59:40.016 * <timeseries> RedisTimeSeries version 80210, git_sha=93993a3d3f8ab28dc2c86a3e917f5160a2617f8b
Synthetic .NET 10 build and test	Stop containers	2026-09-23T06:00:44.3683456Z  1:M 23 Sep 2026 05:59:40.016 * <timeseries> Redis version found by RedisTimeSeries : 8.2.9 - oss
Synthetic .NET 10 build and test	Stop containers	2026-09-23T06:00:44.3683976Z  1:M 23 Sep 2026 05:59:40.016 * <timeseries> Registering configuration options: [
Synthetic .NET 10 build and test	Stop containers	2026-09-23T06:00:44.3684445Z  1:M 23 Sep 2026 05:59:40.016 * <timeseries> 	{ ts-compaction-policy   :              }
Synthetic .NET 10 build and test	Stop containers	2026-09-23T06:00:44.3684917Z  1:M 23 Sep 2026 05:59:40.016 * <timeseries> 	{ ts-num-threads         :            3 }
Synthetic .NET 10 build and test	Stop containers	2026-09-23T06:00:44.3685384Z  1:M 23 Sep 2026 05:59:40.016 * <timeseries> 	{ ts-retention-policy    :            0 }
Synthetic .NET 10 build and test	Stop containers	2026-09-23T06:00:44.3685843Z  1:M 23 Sep 2026 05:59:40.016 * <timeseries> 	{ ts-duplicate-policy    :        block }
Synthetic .NET 10 build and test	Stop containers	2026-09-23T06:00:44.3686310Z  1:M 23 Sep 2026 05:59:40.016 * <timeseries> 	{ ts-chunk-size-bytes    :         4096 }
Synthetic .NET 10 build and test	Stop containers	2026-09-23T06:00:44.3686775Z  1:M 23 Sep 2026 05:59:40.016 * <timeseries> 	{ ts-encoding            :   compressed }
Synthetic .NET 10 build and test	Stop containers	2026-09-23T06:00:44.3687235Z  1:M 23 Sep 2026 05:59:40.016 * <timeseries> 	{ ts-ignore-max-time-diff:            0 }
Synthetic .NET 10 build and test	Stop containers	2026-09-23T06:00:44.3687708Z  1:M 23 Sep 2026 05:59:40.016 * <timeseries> 	{ ts-ignore-max-val-diff :     0.000000 }
Synthetic .NET 10 build and test	Stop containers	2026-09-23T06:00:44.3688106Z  1:M 23 Sep 2026 05:59:40.016 * <timeseries> ]
Synthetic .NET 10 build and test	Stop containers	2026-09-23T06:00:44.3688444Z  1:M 23 Sep 2026 05:59:40.016 * <timeseries> Detected redis oss
Synthetic .NET 10 build and test	Stop containers	2026-09-23T06:00:44.3688837Z  1:M 23 Sep 2026 05:59:40.016 * <timeseries> Enabled diskless replication
Synthetic .NET 10 build and test	Stop containers	2026-09-23T06:00:44.3689388Z  1:M 23 Sep 2026 05:59:40.016 * Module 'timeseries' loaded from /usr/local/lib/redis/modules//redistimeseries.so
Synthetic .NET 10 build and test	Stop containers	2026-09-23T06:00:44.3689934Z  1:M 23 Sep 2026 05:59:40.016 * <ReJSON> Created new data type 'ReJSON-RL'
Synthetic .NET 10 build and test	Stop containers	2026-09-23T06:00:44.3690388Z  1:M 23 Sep 2026 05:59:40.017 * <ReJSON> version: 80209 git sha: unknown branch: unknown
Synthetic .NET 10 build and test	Stop containers	2026-09-23T06:00:44.3690834Z  1:M 23 Sep 2026 05:59:40.017 * <ReJSON> Exported RedisJSON_V1 API
Synthetic .NET 10 build and test	Stop containers	2026-09-23T06:00:44.3691220Z  1:M 23 Sep 2026 05:59:40.017 * <ReJSON> Exported RedisJSON_V2 API
Synthetic .NET 10 build and test	Stop containers	2026-09-23T06:00:44.3691595Z  1:M 23 Sep 2026 05:59:40.017 * <ReJSON> Exported RedisJSON_V3 API
Synthetic .NET 10 build and test	Stop containers	2026-09-23T06:00:44.3691991Z  1:M 23 Sep 2026 05:59:40.017 * <ReJSON> Exported RedisJSON_V4 API
Synthetic .NET 10 build and test	Stop containers	2026-09-23T06:00:44.3692606Z  1:M 23 Sep 2026 05:59:40.017 * <ReJSON> Exported RedisJSON_V5 API
Synthetic .NET 10 build and test	Stop containers	2026-09-23T06:00:44.3693000Z  1:M 23 Sep 2026 05:59:40.017 * <ReJSON> Enabled diskless replication
Synthetic .NET 10 build and test	Stop containers	2026-09-23T06:00:44.3693461Z  1:M 23 Sep 2026 05:59:40.017 * <ReJSON> Initialized shared string cache, thread safe: true.
Synthetic .NET 10 build and test	Stop containers	2026-09-23T06:00:44.3694000Z  1:M 23 Sep 2026 05:59:40.017 * Module 'ReJSON' loaded from /usr/local/lib/redis/modules//rejson.so
Synthetic .NET 10 build and test	Stop containers	2026-09-23T06:00:44.3694473Z  1:M 23 Sep 2026 05:59:40.017 * <search> Acquired RedisJSON_V5 API
Synthetic .NET 10 build and test	Stop containers	2026-09-23T06:00:44.3694815Z  1:M 23 Sep 2026 05:59:40.017 * Server initialized
Synthetic .NET 10 build and test	Stop containers	2026-09-23T06:00:44.3695152Z  1:M 23 Sep 2026 05:59:40.017 * Ready to accept connections tcp
Synthetic .NET 10 build and test	Stop containers	2026-09-23T06:00:44.3695532Z  1:M 23 Sep 2026 06:00:41.097 * 10000 changes in 60 seconds. Saving...
Synthetic .NET 10 build and test	Stop containers	2026-09-23T06:00:44.3695931Z  1:M 23 Sep 2026 06:00:41.097 * Background saving started by pid 110
Synthetic .NET 10 build and test	Stop containers	2026-09-23T06:00:44.3696430Z  110:C 23 Sep 2026 06:00:41.102 * DB saved on disk
Synthetic .NET 10 build and test	Stop containers	2026-09-23T06:00:44.3696822Z  110:C 23 Sep 2026 06:00:41.103 * Fork CoW for RDB: current 0 MB, peak 0 MB, average 0 MB
Synthetic .NET 10 build and test	Stop containers	2026-09-23T06:00:44.3697305Z  1:M 23 Sep 2026 06:00:41.198 * Background saving terminated with success
Synthetic .NET 10 build and test	Stop containers	2026-09-23T06:00:44.3704189Z Stop and remove container: cf5ad59df8ea4ced83ead95295193cdb_redis829alpine322sha25630abb90e62f14b737010746def3ba99cc79fe19dcdb3d37b41f21fc62e7da19d_88060e
Synthetic .NET 10 build and test	Stop containers	2026-09-23T06:00:44.3709746Z ##[command]/usr/bin/docker rm --force 586faffe0cc0c3c2c1f7f873e198051148dd3978e57b0c1835469cc3a99cbafc
Synthetic .NET 10 build and test	Stop containers	2026-09-23T06:00:44.5045764Z 586faffe0cc0c3c2c1f7f873e198051148dd3978e57b0c1835469cc3a99cbafc
Synthetic .NET 10 build and test	Stop containers	2026-09-23T06:00:44.5071089Z Remove container network: github_network_bce392954ad1496eac4a348cd7a93bef
Synthetic .NET 10 build and test	Stop containers	2026-09-23T06:00:44.5075664Z ##[command]/usr/bin/docker network rm github_network_bce392954ad1496eac4a348cd7a93bef
Synthetic .NET 10 build and test	Stop containers	2026-09-23T06:00:44.6161958Z github_network_bce392954ad1496eac4a348cd7a93bef
Synthetic .NET 10 build and test	Complete job	﻿2026-09-23T06:00:44.6231414Z Cleaning up orphan processes
Synthetic .NET 10 build and test	Complete job	2026-09-23T06:00:44.6659168Z Terminate orphan process: pid (3127) (VBCSCompiler)
Synthetic Python 3.14	Set up job	﻿2026-09-23T05:59:34.9995586Z Current runner version: '2.337.0'
Synthetic Python 3.14	Set up job	2026-09-23T05:59:35.0014426Z ##[group]Runner Image Provisioner
Synthetic Python 3.14	Set up job	2026-09-23T05:59:35.0015200Z Hosted Compute Agent
Synthetic Python 3.14	Set up job	2026-09-23T05:59:35.0015715Z Version: 20260828.587
Synthetic Python 3.14	Set up job	2026-09-23T05:59:35.0016276Z Commit: abac92662cab4cc7352de4f9f9d2e2419aad9c29
Synthetic Python 3.14	Set up job	2026-09-23T05:59:35.0016909Z Build Date: 2026-08-28T16:44:25Z
Synthetic Python 3.14	Set up job	2026-09-23T05:59:35.0017481Z Worker ID: {d9c68a34-6fbd-4de3-bab2-ae5d58e4b673}
Synthetic Python 3.14	Set up job	2026-09-23T05:59:35.0018333Z Azure Region: centralus
Synthetic Python 3.14	Set up job	2026-09-23T05:59:35.0018833Z ##[endgroup]
Synthetic Python 3.14	Set up job	2026-09-23T05:59:35.0020028Z ##[group]Operating System
Synthetic Python 3.14	Set up job	2026-09-23T05:59:35.0020601Z Ubuntu
Synthetic Python 3.14	Set up job	2026-09-23T05:59:35.0021032Z 24.04.5
Synthetic Python 3.14	Set up job	2026-09-23T05:59:35.0021500Z LTS
Synthetic Python 3.14	Set up job	2026-09-23T05:59:35.0021953Z ##[endgroup]
Synthetic Python 3.14	Set up job	2026-09-23T05:59:35.0022709Z ##[group]Runner Image
Synthetic Python 3.14	Set up job	2026-09-23T05:59:35.0023222Z Image: ubuntu-24.04
Synthetic Python 3.14	Set up job	2026-09-23T05:59:35.0023678Z Version: 20260907.300.1
Synthetic Python 3.14	Set up job	2026-09-23T05:59:35.0024611Z Included Software: https://github.com/actions/runner-images/blob/ubuntu24/20260907.300/images/ubuntu/Ubuntu2404-Readme.md
Synthetic Python 3.14	Set up job	2026-09-23T05:59:35.0026068Z Image Release: https://github.com/actions/runner-images/releases/tag/ubuntu24%2F20260907.300
Synthetic Python 3.14	Set up job	2026-09-23T05:59:35.0026858Z ##[endgroup]
Synthetic Python 3.14	Set up job	2026-09-23T05:59:35.0027964Z ##[group]GITHUB_TOKEN Permissions
Synthetic Python 3.14	Set up job	2026-09-23T05:59:35.0029844Z Contents: read
Synthetic Python 3.14	Set up job	2026-09-23T05:59:35.0030325Z Metadata: read
Synthetic Python 3.14	Set up job	2026-09-23T05:59:35.0030849Z ##[endgroup]
Synthetic Python 3.14	Set up job	2026-09-23T05:59:35.0032500Z Secret source: Actions
Synthetic Python 3.14	Set up job	2026-09-23T05:59:35.0033311Z Cache mode: write
Synthetic Python 3.14	Set up job	2026-09-23T05:59:35.0033880Z Prepare workflow directory
Synthetic Python 3.14	Set up job	2026-09-23T05:59:35.0413490Z Prepare all required actions
Synthetic Python 3.14	Set up job	2026-09-23T05:59:35.0455610Z Getting action download info
Synthetic Python 3.14	Set up job	2026-09-23T05:59:35.3167236Z Download action repository 'actions/checkout@v7' (SHA:3d3c42e5aac5ba805825da76410c181273ba90b1)
Synthetic Python 3.14	Set up job	2026-09-23T05:59:35.7863208Z Download action repository 'astral-sh/setup-uv@v7' (SHA:37802adc94f370d6bfd71619e3f0bf239e1f3b78)
Synthetic Python 3.14	Set up job	2026-09-23T05:59:36.4084026Z Download action repository 'actions/setup-python@v7' (SHA:5fda3b95a4ea91299a34e894583c3862153e4b97)
Synthetic Python 3.14	Set up job	2026-09-23T05:59:36.5007453Z Download action repository 'actions/upload-artifact@v7' (SHA:043fb46d1a93c77aae656e7c1c64a875d1fc6a0a)
Synthetic Python 3.14	Set up job	2026-09-23T05:59:36.6927900Z Complete job name: Synthetic Python 3.14
Synthetic Python 3.14	Run actions/checkout@v7	﻿2026-09-23T05:59:36.7541931Z ##[group]Run actions/checkout@v7
Synthetic Python 3.14	Run actions/checkout@v7	2026-09-23T05:59:36.7542769Z with:
Synthetic Python 3.14	Run actions/checkout@v7	2026-09-23T05:59:36.7543315Z   persist-credentials: false
Synthetic Python 3.14	Run actions/checkout@v7	2026-09-23T05:59:36.7543950Z   repository: leonardosovienski/brasileirao-predictor
Synthetic Python 3.14	Run actions/checkout@v7	2026-09-23T05:59:36.7548069Z   token: ***
Synthetic Python 3.14	Run actions/checkout@v7	2026-09-23T05:59:36.7548616Z   ssh-strict: true
Synthetic Python 3.14	Run actions/checkout@v7	2026-09-23T05:59:36.7549105Z   ssh-user: git
Synthetic Python 3.14	Run actions/checkout@v7	2026-09-23T05:59:36.7549595Z   clean: true
Synthetic Python 3.14	Run actions/checkout@v7	2026-09-23T05:59:36.7550094Z   sparse-checkout-cone-mode: true
Synthetic Python 3.14	Run actions/checkout@v7	2026-09-23T05:59:36.7550644Z   fetch-depth: 1
Synthetic Python 3.14	Run actions/checkout@v7	2026-09-23T05:59:36.7551144Z   fetch-tags: false
Synthetic Python 3.14	Run actions/checkout@v7	2026-09-23T05:59:36.7551691Z   show-progress: true
Synthetic Python 3.14	Run actions/checkout@v7	2026-09-23T05:59:36.7552204Z   lfs: false
Synthetic Python 3.14	Run actions/checkout@v7	2026-09-23T05:59:36.7552660Z   submodules: false
Synthetic Python 3.14	Run actions/checkout@v7	2026-09-23T05:59:36.7553143Z   set-safe-directory: true
Synthetic Python 3.14	Run actions/checkout@v7	2026-09-23T05:59:36.7553737Z   allow-unsafe-pr-checkout: false
Synthetic Python 3.14	Run actions/checkout@v7	2026-09-23T05:59:36.7554465Z ##[endgroup]
Synthetic Python 3.14	Run actions/checkout@v7	2026-09-23T05:59:36.8398084Z Syncing repository: leonardosovienski/brasileirao-predictor
Synthetic Python 3.14	Run actions/checkout@v7	2026-09-23T05:59:36.8400010Z ##[group]Getting Git version info
Synthetic Python 3.14	Run actions/checkout@v7	2026-09-23T05:59:36.8401204Z Working directory is '/home/runner/work/brasileirao-predictor/brasileirao-predictor'
Synthetic Python 3.14	Run actions/checkout@v7	2026-09-23T05:59:36.8402455Z [command]/usr/bin/git version
Synthetic Python 3.14	Run actions/checkout@v7	2026-09-23T05:59:36.8489846Z git version 2.55.0
Synthetic Python 3.14	Run actions/checkout@v7	2026-09-23T05:59:36.8510449Z ##[endgroup]
Synthetic Python 3.14	Run actions/checkout@v7	2026-09-23T05:59:36.8517622Z Temporarily overriding HOME='/home/runner/work/_temp/fbe7a1e6-09aa-4ea7-bd95-d5f2f3bff881' before making global git config changes
Synthetic Python 3.14	Run actions/checkout@v7	2026-09-23T05:59:36.8520106Z Adding repository directory to the temporary git global config as a safe directory
Synthetic Python 3.14	Run actions/checkout@v7	2026-09-23T05:59:36.8522022Z [command]/usr/bin/git config --global --add safe.directory /home/runner/work/brasileirao-predictor/brasileirao-predictor
Synthetic Python 3.14	Run actions/checkout@v7	2026-09-23T05:59:36.8557207Z Deleting the contents of '/home/runner/work/brasileirao-predictor/brasileirao-predictor'
Synthetic Python 3.14	Run actions/checkout@v7	2026-09-23T05:59:36.8562662Z ##[group]Determining repository object format
Synthetic Python 3.14	Run actions/checkout@v7	2026-09-23T05:59:36.8566122Z ##[endgroup]
Synthetic Python 3.14	Run actions/checkout@v7	2026-09-23T05:59:36.8567525Z ##[group]Initializing the repository
Synthetic Python 3.14	Run actions/checkout@v7	2026-09-23T05:59:36.8569279Z [command]/usr/bin/git init /home/runner/work/brasileirao-predictor/brasileirao-predictor
Synthetic Python 3.14	Run actions/checkout@v7	2026-09-23T05:59:36.8654726Z hint: Using 'master' as the name for the initial branch. This default branch name
Synthetic Python 3.14	Run actions/checkout@v7	2026-09-23T05:59:36.8656525Z hint: will change to "main" in Git 3.0. To configure the initial branch name
Synthetic Python 3.14	Run actions/checkout@v7	2026-09-23T05:59:36.8658758Z hint: to use in all of your new repositories, which will suppress this warning,
Synthetic Python 3.14	Run actions/checkout@v7	2026-09-23T05:59:36.8660289Z hint: call:
Synthetic Python 3.14	Run actions/checkout@v7	2026-09-23T05:59:36.8661194Z hint:
Synthetic Python 3.14	Run actions/checkout@v7	2026-09-23T05:59:36.8662283Z hint: 	git config --global init.defaultBranch <name>
Synthetic Python 3.14	Run actions/checkout@v7	2026-09-23T05:59:36.8663674Z hint:
Synthetic Python 3.14	Run actions/checkout@v7	2026-09-23T05:59:36.8664928Z hint: Names commonly chosen instead of 'master' are 'main', 'trunk' and
Synthetic Python 3.14	Run actions/checkout@v7	2026-09-23T05:59:36.8666579Z hint: 'development'. The just-created branch can be renamed via this command:
Synthetic Python 3.14	Run actions/checkout@v7	2026-09-23T05:59:36.8668599Z hint:
Synthetic Python 3.14	Run actions/checkout@v7	2026-09-23T05:59:36.8669701Z hint: 	git branch -m <name>
Synthetic Python 3.14	Run actions/checkout@v7	2026-09-23T05:59:36.8670675Z hint:
Synthetic Python 3.14	Run actions/checkout@v7	2026-09-23T05:59:36.8671814Z hint: Disable this message with "git config set advice.defaultBranchName false"
Synthetic Python 3.14	Run actions/checkout@v7	2026-09-23T05:59:36.8673746Z Initialized empty Git repository in /home/runner/work/brasileirao-predictor/brasileirao-predictor/.git/
Synthetic Python 3.14	Run actions/checkout@v7	2026-09-23T05:59:36.8677149Z [command]/usr/bin/git remote add origin https://github.com/leonardosovienski/brasileirao-predictor
Synthetic Python 3.14	Run actions/checkout@v7	2026-09-23T05:59:36.8704189Z ##[endgroup]
Synthetic Python 3.14	Run actions/checkout@v7	2026-09-23T05:59:36.8705633Z ##[group]Disabling automatic garbage collection
Synthetic Python 3.14	Run actions/checkout@v7	2026-09-23T05:59:36.8706872Z [command]/usr/bin/git config --local gc.auto 0
Synthetic Python 3.14	Run actions/checkout@v7	2026-09-23T05:59:36.8744090Z ##[endgroup]
Synthetic Python 3.14	Run actions/checkout@v7	2026-09-23T05:59:36.8745607Z ##[group]Setting up auth
Synthetic Python 3.14	Run actions/checkout@v7	2026-09-23T05:59:36.8746716Z Removing SSH command configuration
Synthetic Python 3.14	Run actions/checkout@v7	2026-09-23T05:59:36.8748456Z [command]/usr/bin/git config --local --name-only --get-regexp core\.sshCommand
Synthetic Python 3.14	Run actions/checkout@v7	2026-09-23T05:59:36.8772161Z [command]/usr/bin/git submodule foreach --recursive sh -c "git config --local --name-only --get-regexp 'core\.sshCommand' && git config --local --unset-all 'core.sshCommand' || :"
Synthetic Python 3.14	Run actions/checkout@v7	2026-09-23T05:59:36.9046655Z Removing HTTP extra header
Synthetic Python 3.14	Run actions/checkout@v7	2026-09-23T05:59:36.9051932Z [command]/usr/bin/git config --local --name-only --get-regexp http\.https\:\/\/github\.com\/\.extraheader
Synthetic Python 3.14	Run actions/checkout@v7	2026-09-23T05:59:36.9086566Z [command]/usr/bin/git submodule foreach --recursive sh -c "git config --local --name-only --get-regexp 'http\.https\:\/\/github\.com\/\.extraheader' && git config --local --unset-all 'http.https://github.com/.extraheader' || :"
Synthetic Python 3.14	Run actions/checkout@v7	2026-09-23T05:59:36.9246541Z Removing includeIf entries pointing to credentials config files
Synthetic Python 3.14	Run actions/checkout@v7	2026-09-23T05:59:36.9250682Z [command]/usr/bin/git config --local --name-only --get-regexp ^includeIf\.gitdir:
Synthetic Python 3.14	Run actions/checkout@v7	2026-09-23T05:59:36.9278619Z [command]/usr/bin/git submodule foreach --recursive git config --local --show-origin --name-only --get-regexp remote.origin.url
Synthetic Python 3.14	Run actions/checkout@v7	2026-09-23T05:59:36.9435807Z [command]/usr/bin/git config --file /home/runner/work/_temp/git-credentials-e9fdf223-b3c9-450f-8c45-bd8a7114ca05.config http.https://github.com/.extraheader AUTHORIZATION: basic ***
Synthetic Python 3.14	Run actions/checkout@v7	2026-09-23T05:59:36.9463827Z [command]/usr/bin/git config --local includeIf.gitdir:/home/runner/work/brasileirao-predictor/brasileirao-predictor/.git.path /home/runner/work/_temp/git-credentials-e9fdf223-b3c9-450f-8c45-bd8a7114ca05.config
Synthetic Python 3.14	Run actions/checkout@v7	2026-09-23T05:59:36.9487237Z [command]/usr/bin/git config --local includeIf.gitdir:/home/runner/work/brasileirao-predictor/brasileirao-predictor/.git/worktrees/*.path /home/runner/work/_temp/git-credentials-e9fdf223-b3c9-450f-8c45-bd8a7114ca05.config
Synthetic Python 3.14	Run actions/checkout@v7	2026-09-23T05:59:36.9512000Z [command]/usr/bin/git config --local includeIf.gitdir:/github/workspace/.git.path /github/runner_temp/git-credentials-e9fdf223-b3c9-450f-8c45-bd8a7114ca05.config
Synthetic Python 3.14	Run actions/checkout@v7	2026-09-23T05:59:36.9535052Z [command]/usr/bin/git config --local includeIf.gitdir:/github/workspace/.git/worktrees/*.path /github/runner_temp/git-credentials-e9fdf223-b3c9-450f-8c45-bd8a7114ca05.config
Synthetic Python 3.14	Run actions/checkout@v7	2026-09-23T05:59:36.9556839Z ##[endgroup]
Synthetic Python 3.14	Run actions/checkout@v7	2026-09-23T05:59:36.9558568Z ##[group]Fetching the repository
Synthetic Python 3.14	Run actions/checkout@v7	2026-09-23T05:59:36.9563091Z [command]/usr/bin/git -c protocol.version=2 fetch --no-tags --prune --no-recurse-submodules --depth=1 origin +e14f3394c1908fae6d2f25754e6ab3a6792dbf1e:refs/remotes/origin/main
Synthetic Python 3.14	Run actions/checkout@v7	2026-09-23T05:59:38.6104874Z From https://github.com/leonardosovienski/brasileirao-predictor
Synthetic Python 3.14	Run actions/checkout@v7	2026-09-23T05:59:38.6108185Z  * [new ref]         e14f3394c1908fae6d2f25754e6ab3a6792dbf1e -> origin/main
Synthetic Python 3.14	Run actions/checkout@v7	2026-09-23T05:59:38.6112055Z [command]/usr/bin/git branch --list --remote origin/main
Synthetic Python 3.14	Run actions/checkout@v7	2026-09-23T05:59:38.6133167Z   origin/main
Synthetic Python 3.14	Run actions/checkout@v7	2026-09-23T05:59:38.6139533Z [command]/usr/bin/git rev-parse refs/remotes/origin/main
Synthetic Python 3.14	Run actions/checkout@v7	2026-09-23T05:59:38.6159228Z e14f3394c1908fae6d2f25754e6ab3a6792dbf1e
Synthetic Python 3.14	Run actions/checkout@v7	2026-09-23T05:59:38.6162559Z ##[endgroup]
Synthetic Python 3.14	Run actions/checkout@v7	2026-09-23T05:59:38.6163963Z ##[group]Determining the checkout info
Synthetic Python 3.14	Run actions/checkout@v7	2026-09-23T05:59:38.6165873Z ##[endgroup]
Synthetic Python 3.14	Run actions/checkout@v7	2026-09-23T05:59:38.6167036Z [command]/usr/bin/git sparse-checkout disable
Synthetic Python 3.14	Run actions/checkout@v7	2026-09-23T05:59:38.6203199Z [command]/usr/bin/git config --local --unset-all extensions.worktreeConfig
Synthetic Python 3.14	Run actions/checkout@v7	2026-09-23T05:59:38.6227362Z ##[group]Checking out the ref
Synthetic Python 3.14	Run actions/checkout@v7	2026-09-23T05:59:38.6229766Z [command]/usr/bin/git checkout --progress --force -B main refs/remotes/origin/main
Synthetic Python 3.14	Run actions/checkout@v7	2026-09-23T05:59:38.8870371Z Switched to a new branch 'main'
Synthetic Python 3.14	Run actions/checkout@v7	2026-09-23T05:59:38.8874891Z branch 'main' set up to track 'origin/main'.
Synthetic Python 3.14	Run actions/checkout@v7	2026-09-23T05:59:38.8891225Z ##[endgroup]
Synthetic Python 3.14	Run actions/checkout@v7	2026-09-23T05:59:38.8924231Z [command]/usr/bin/git log -1 --format=%H
Synthetic Python 3.14	Run actions/checkout@v7	2026-09-23T05:59:38.8945069Z e14f3394c1908fae6d2f25754e6ab3a6792dbf1e
Synthetic Python 3.14	Run actions/checkout@v7	2026-09-23T05:59:38.8951336Z ##[group]Removing auth
Synthetic Python 3.14	Run actions/checkout@v7	2026-09-23T05:59:38.8952673Z Removing SSH command configuration
Synthetic Python 3.14	Run actions/checkout@v7	2026-09-23T05:59:38.8954772Z [command]/usr/bin/git config --local --name-only --get-regexp core\.sshCommand
Synthetic Python 3.14	Run actions/checkout@v7	2026-09-23T05:59:38.8979575Z [command]/usr/bin/git submodule foreach --recursive sh -c "git config --local --name-only --get-regexp 'core\.sshCommand' && git config --local --unset-all 'core.sshCommand' || :"
Synthetic Python 3.14	Run actions/checkout@v7	2026-09-23T05:59:38.9146685Z Removing HTTP extra header
Synthetic Python 3.14	Run actions/checkout@v7	2026-09-23T05:59:38.9150125Z [command]/usr/bin/git config --local --name-only --get-regexp http\.https\:\/\/github\.com\/\.extraheader
Synthetic Python 3.14	Run actions/checkout@v7	2026-09-23T05:59:38.9173315Z [command]/usr/bin/git submodule foreach --recursive sh -c "git config --local --name-only --get-regexp 'http\.https\:\/\/github\.com\/\.extraheader' && git config --local --unset-all 'http.https://github.com/.extraheader' || :"
Synthetic Python 3.14	Run actions/checkout@v7	2026-09-23T05:59:38.9338730Z Removing includeIf entries pointing to credentials config files
Synthetic Python 3.14	Run actions/checkout@v7	2026-09-23T05:59:38.9341672Z [command]/usr/bin/git config --local --name-only --get-regexp ^includeIf\.gitdir:
Synthetic Python 3.14	Run actions/checkout@v7	2026-09-23T05:59:38.9361007Z includeif.gitdir:/home/runner/work/brasileirao-predictor/brasileirao-predictor/.git.path
Synthetic Python 3.14	Run actions/checkout@v7	2026-09-23T05:59:38.9364754Z includeif.gitdir:/home/runner/work/brasileirao-predictor/brasileirao-predictor/.git/worktrees/*.path
Synthetic Python 3.14	Run actions/checkout@v7	2026-09-23T05:59:38.9367665Z includeif.gitdir:/github/workspace/.git.path
Synthetic Python 3.14	Run actions/checkout@v7	2026-09-23T05:59:38.9370084Z includeif.gitdir:/github/workspace/.git/worktrees/*.path
Synthetic Python 3.14	Run actions/checkout@v7	2026-09-23T05:59:38.9374950Z [command]/usr/bin/git config --local --get-all includeif.gitdir:/home/runner/work/brasileirao-predictor/brasileirao-predictor/.git.path
Synthetic Python 3.14	Run actions/checkout@v7	2026-09-23T05:59:38.9385661Z /home/runner/work/_temp/git-credentials-e9fdf223-b3c9-450f-8c45-bd8a7114ca05.config
Synthetic Python 3.14	Run actions/checkout@v7	2026-09-23T05:59:38.9394867Z [command]/usr/bin/git config --local --unset includeif.gitdir:/home/runner/work/brasileirao-predictor/brasileirao-predictor/.git.path \/home\/runner\/work\/_temp\/git\-credentials\-e9fdf223\-b3c9\-450f\-8c45\-bd8a7114ca05\.config
Synthetic Python 3.14	Run actions/checkout@v7	2026-09-23T05:59:38.9425400Z [command]/usr/bin/git config --local --get-all includeif.gitdir:/home/runner/work/brasileirao-predictor/brasileirao-predictor/.git/worktrees/*.path
Synthetic Python 3.14	Run actions/checkout@v7	2026-09-23T05:59:38.9443580Z /home/runner/work/_temp/git-credentials-e9fdf223-b3c9-450f-8c45-bd8a7114ca05.config
Synthetic Python 3.14	Run actions/checkout@v7	2026-09-23T05:59:38.9451597Z [command]/usr/bin/git config --local --unset includeif.gitdir:/home/runner/work/brasileirao-predictor/brasileirao-predictor/.git/worktrees/*.path \/home\/runner\/work\/_temp\/git\-credentials\-e9fdf223\-b3c9\-450f\-8c45\-bd8a7114ca05\.config
Synthetic Python 3.14	Run actions/checkout@v7	2026-09-23T05:59:38.9475905Z [command]/usr/bin/git config --local --get-all includeif.gitdir:/github/workspace/.git.path
Synthetic Python 3.14	Run actions/checkout@v7	2026-09-23T05:59:38.9534330Z /github/runner_temp/git-credentials-e9fdf223-b3c9-450f-8c45-bd8a7114ca05.config
Synthetic Python 3.14	Run actions/checkout@v7	2026-09-23T05:59:38.9539337Z [command]/usr/bin/git config --local --unset includeif.gitdir:/github/workspace/.git.path \/github\/runner_temp\/git\-credentials\-e9fdf223\-b3c9\-450f\-8c45\-bd8a7114ca05\.config
Synthetic Python 3.14	Run actions/checkout@v7	2026-09-23T05:59:38.9577233Z [command]/usr/bin/git config --local --get-all includeif.gitdir:/github/workspace/.git/worktrees/*.path
Synthetic Python 3.14	Run actions/checkout@v7	2026-09-23T05:59:38.9594990Z /github/runner_temp/git-credentials-e9fdf223-b3c9-450f-8c45-bd8a7114ca05.config
Synthetic Python 3.14	Run actions/checkout@v7	2026-09-23T05:59:38.9601387Z [command]/usr/bin/git config --local --unset includeif.gitdir:/github/workspace/.git/worktrees/*.path \/github\/runner_temp\/git\-credentials\-e9fdf223\-b3c9\-450f\-8c45\-bd8a7114ca05\.config
Synthetic Python 3.14	Run actions/checkout@v7	2026-09-23T05:59:38.9625590Z [command]/usr/bin/git submodule foreach --recursive git config --local --show-origin --name-only --get-regexp remote.origin.url
Synthetic Python 3.14	Run actions/checkout@v7	2026-09-23T05:59:38.9780938Z Removing credentials config '/home/runner/work/_temp/git-credentials-e9fdf223-b3c9-450f-8c45-bd8a7114ca05.config'
Synthetic Python 3.14	Run actions/checkout@v7	2026-09-23T05:59:38.9785466Z ##[endgroup]
Synthetic Python 3.14	Run astral-sh/setup-uv@v7	﻿2026-09-23T05:59:39.0095657Z ##[group]Run astral-sh/setup-uv@v7
Synthetic Python 3.14	Run astral-sh/setup-uv@v7	2026-09-23T05:59:39.0096653Z with:
Synthetic Python 3.14	Run astral-sh/setup-uv@v7	2026-09-23T05:59:39.0097401Z   version: 0.12.1
Synthetic Python 3.14	Run astral-sh/setup-uv@v7	2026-09-23T05:59:39.0098391Z   activate-environment: false
Synthetic Python 3.14	Run astral-sh/setup-uv@v7	2026-09-23T05:59:39.0099738Z   working-directory: /home/runner/work/brasileirao-predictor/brasileirao-predictor
Synthetic Python 3.14	Run astral-sh/setup-uv@v7	2026-09-23T05:59:39.0107350Z   github-token: ***
Synthetic Python 3.14	Run astral-sh/setup-uv@v7	2026-09-23T05:59:39.0108493Z   enable-cache: auto
Synthetic Python 3.14	Run astral-sh/setup-uv@v7	2026-09-23T05:59:39.0110217Z   cache-dependency-glob: **/*requirements*.txt
Synthetic Python 3.14	Run astral-sh/setup-uv@v7	**/*requirements*.in
Synthetic Python 3.14	Run astral-sh/setup-uv@v7	**/*constraints*.txt
Synthetic Python 3.14	Run astral-sh/setup-uv@v7	**/*constraints*.in
Synthetic Python 3.14	Run astral-sh/setup-uv@v7	**/pyproject.toml
Synthetic Python 3.14	Run astral-sh/setup-uv@v7	**/uv.lock
Synthetic Python 3.14	Run astral-sh/setup-uv@v7	**/*.py.lock
Synthetic Python 3.14	Run astral-sh/setup-uv@v7	
Synthetic Python 3.14	Run astral-sh/setup-uv@v7	2026-09-23T05:59:39.0112156Z   restore-cache: true
Synthetic Python 3.14	Run astral-sh/setup-uv@v7	2026-09-23T05:59:39.0113016Z   save-cache: true
Synthetic Python 3.14	Run astral-sh/setup-uv@v7	2026-09-23T05:59:39.0113824Z   prune-cache: true
Synthetic Python 3.14	Run astral-sh/setup-uv@v7	2026-09-23T05:59:39.0114658Z   cache-python: false
Synthetic Python 3.14	Run astral-sh/setup-uv@v7	2026-09-23T05:59:39.0115584Z   ignore-nothing-to-cache: false
Synthetic Python 3.14	Run astral-sh/setup-uv@v7	2026-09-23T05:59:39.0116583Z   ignore-empty-workdir: false
Synthetic Python 3.14	Run astral-sh/setup-uv@v7	2026-09-23T05:59:39.0117584Z   add-problem-matchers: true
Synthetic Python 3.14	Run astral-sh/setup-uv@v7	2026-09-23T05:59:39.0118934Z   resolution-strategy: highest
Synthetic Python 3.14	Run astral-sh/setup-uv@v7	2026-09-23T05:59:39.0120015Z ##[endgroup]
Synthetic Python 3.14	Run astral-sh/setup-uv@v7	2026-09-23T05:59:39.1705543Z Fetching version data from https://raw.githubusercontent.com/astral-sh/versions/main/v1/uv.ndjson ...
Synthetic Python 3.14	Run astral-sh/setup-uv@v7	2026-09-23T05:59:39.2746440Z Downloading uv from "https://releases.astral.sh/github/uv/releases/download/0.12.1/uv-x86_64-unknown-linux-gnu.tar.gz" ...
Synthetic Python 3.14	Run astral-sh/setup-uv@v7	2026-09-23T05:59:39.4394379Z [command]/usr/bin/tar xz --warning=no-unknown-keyword --overwrite -C /home/runner/work/_temp/6e086f25-83b9-48e1-a3dd-9aa7f814937a -f /home/runner/work/_temp/164bb316-b02a-4140-a8a6-78b61ebbc315
Synthetic Python 3.14	Run astral-sh/setup-uv@v7	2026-09-23T05:59:40.0751914Z Added /home/runner/.local/bin to the path
Synthetic Python 3.14	Run astral-sh/setup-uv@v7	2026-09-23T05:59:40.0753569Z Added /opt/hostedtoolcache/uv/0.12.1/x86_64 to the path
Synthetic Python 3.14	Run astral-sh/setup-uv@v7	2026-09-23T05:59:40.0754693Z Set UV_PYTHON_INSTALL_DIR to /home/runner/work/_temp/uv-python-dir
Synthetic Python 3.14	Run astral-sh/setup-uv@v7	2026-09-23T05:59:40.0755466Z Added /home/runner/work/_temp/uv-python-dir to the path
Synthetic Python 3.14	Run astral-sh/setup-uv@v7	2026-09-23T05:59:40.0774937Z Set UV_CACHE_DIR to /home/runner/work/_temp/setup-uv-cache
Synthetic Python 3.14	Run astral-sh/setup-uv@v7	2026-09-23T05:59:40.0775455Z Successfully installed uv version 0.12.1
Synthetic Python 3.14	Run astral-sh/setup-uv@v7	2026-09-23T05:59:40.1690500Z Searching files using cache dependency glob: /home/runner/work/brasileirao-predictor/brasileirao-predictor/**/*requirements*.txt,/home/runner/work/brasileirao-predictor/brasileirao-predictor/**/*requirements*.in,/home/runner/work/brasileirao-predictor/brasileirao-predictor/**/*constraints*.txt,/home/runner/work/brasileirao-predictor/brasileirao-predictor/**/*constraints*.in,/home/runner/work/brasileirao-predictor/brasileirao-predictor/**/pyproject.toml,/home/runner/work/brasileirao-predictor/brasileirao-predictor/**/uv.lock,/home/runner/work/brasileirao-predictor/brasileirao-predictor/**/*.py.lock
Synthetic Python 3.14	Run astral-sh/setup-uv@v7	2026-09-23T05:59:40.4019285Z /home/runner/work/brasileirao-predictor/brasileirao-predictor/docs/open_source_research/OSR-20260911-01/evidence/requirements.txt
Synthetic Python 3.14	Run astral-sh/setup-uv@v7	2026-09-23T05:59:40.4195437Z /home/runner/work/brasileirao-predictor/brasileirao-predictor/pyproject.toml
Synthetic Python 3.14	Run astral-sh/setup-uv@v7	2026-09-23T05:59:40.4409178Z /home/runner/work/brasileirao-predictor/brasileirao-predictor/uv.lock
Synthetic Python 3.14	Run astral-sh/setup-uv@v7	2026-09-23T05:59:40.4416944Z Found 3 files to hash.
Synthetic Python 3.14	Run astral-sh/setup-uv@v7	2026-09-23T05:59:40.4466508Z Trying to restore cache from GitHub Actions cache with key: setup-uv-2-x86_64-unknown-linux-gnu-ubuntu-24.04-unknown-pruned-bd51c465fb85c1390acfd423f4ea7aebe070cc97cc2577a2b05bf352e5f99a35
Synthetic Python 3.14	Run astral-sh/setup-uv@v7	2026-09-23T05:59:40.5977379Z No GitHub Actions cache found for key: setup-uv-2-x86_64-unknown-linux-gnu-ubuntu-24.04-unknown-pruned-bd51c465fb85c1390acfd423f4ea7aebe070cc97cc2577a2b05bf352e5f99a35
Synthetic Python 3.14	Run actions/setup-python@v7	﻿2026-09-23T05:59:40.6612590Z ##[group]Run actions/setup-python@v7
Synthetic Python 3.14	Run actions/setup-python@v7	2026-09-23T05:59:40.6612919Z with:
Synthetic Python 3.14	Run actions/setup-python@v7	2026-09-23T05:59:40.6613221Z   python-version: 3.14
Synthetic Python 3.14	Run actions/setup-python@v7	2026-09-23T05:59:40.6613492Z   check-latest: false
Synthetic Python 3.14	Run actions/setup-python@v7	2026-09-23T05:59:40.6615732Z   token: ***
Synthetic Python 3.14	Run actions/setup-python@v7	2026-09-23T05:59:40.6616019Z   update-environment: true
Synthetic Python 3.14	Run actions/setup-python@v7	2026-09-23T05:59:40.6616320Z   allow-prereleases: false
Synthetic Python 3.14	Run actions/setup-python@v7	2026-09-23T05:59:40.6616614Z   freethreaded: false
Synthetic Python 3.14	Run actions/setup-python@v7	2026-09-23T05:59:40.6616898Z env:
Synthetic Python 3.14	Run actions/setup-python@v7	2026-09-23T05:59:40.6617212Z   UV_PYTHON_INSTALL_DIR: /home/runner/work/_temp/uv-python-dir
Synthetic Python 3.14	Run actions/setup-python@v7	2026-09-23T05:59:40.6617597Z   UV_CACHE_DIR: /home/runner/work/_temp/setup-uv-cache
Synthetic Python 3.14	Run actions/setup-python@v7	2026-09-23T05:59:40.6618118Z ##[endgroup]
Synthetic Python 3.14	Run actions/setup-python@v7	2026-09-23T05:59:40.7568372Z ##[group]Installed versions
Synthetic Python 3.14	Run actions/setup-python@v7	2026-09-23T05:59:40.7630318Z Successfully set up CPython (3.14.7)
Synthetic Python 3.14	Run actions/setup-python@v7	2026-09-23T05:59:40.7631055Z ##[endgroup]
Synthetic Python 3.14	Install the locked dependency graph	﻿2026-09-23T05:59:40.7727561Z ##[group]Run uv sync --locked --all-extras
Synthetic Python 3.14	Install the locked dependency graph	2026-09-23T05:59:40.7728443Z ^[[36;1muv sync --locked --all-extras^[[0m
Synthetic Python 3.14	Install the locked dependency graph	2026-09-23T05:59:40.7759343Z shell: /usr/bin/bash -e {0}
Synthetic Python 3.14	Install the locked dependency graph	2026-09-23T05:59:40.7759717Z env:
Synthetic Python 3.14	Install the locked dependency graph	2026-09-23T05:59:40.7760030Z   UV_PYTHON_INSTALL_DIR: /home/runner/work/_temp/uv-python-dir
Synthetic Python 3.14	Install the locked dependency graph	2026-09-23T05:59:40.7760426Z   UV_CACHE_DIR: /home/runner/work/_temp/setup-uv-cache
Synthetic Python 3.14	Install the locked dependency graph	2026-09-23T05:59:40.7760845Z   pythonLocation: /opt/hostedtoolcache/Python/3.14.7/x64
Synthetic Python 3.14	Install the locked dependency graph	2026-09-23T05:59:40.7761272Z   PKG_CONFIG_PATH: /opt/hostedtoolcache/Python/3.14.7/x64/lib/pkgconfig
Synthetic Python 3.14	Install the locked dependency graph	2026-09-23T05:59:40.7761705Z   Python_ROOT_DIR: /opt/hostedtoolcache/Python/3.14.7/x64
Synthetic Python 3.14	Install the locked dependency graph	2026-09-23T05:59:40.7762069Z   Python2_ROOT_DIR: /opt/hostedtoolcache/Python/3.14.7/x64
Synthetic Python 3.14	Install the locked dependency graph	2026-09-23T05:59:40.7762437Z   Python3_ROOT_DIR: /opt/hostedtoolcache/Python/3.14.7/x64
Synthetic Python 3.14	Install the locked dependency graph	2026-09-23T05:59:40.7762868Z   LD_LIBRARY_PATH: /opt/hostedtoolcache/Python/3.14.7/x64/lib
Synthetic Python 3.14	Install the locked dependency graph	2026-09-23T05:59:40.7763199Z ##[endgroup]
Synthetic Python 3.14	Install the locked dependency graph	2026-09-23T05:59:41.3894220Z Using CPython 3.14.7 interpreter at: /opt/hostedtoolcache/Python/3.14.7/x64/bin/python3
Synthetic Python 3.14	Install the locked dependency graph	2026-09-23T05:59:41.3895289Z Creating virtual environment at: .venv
Synthetic Python 3.14	Install the locked dependency graph	2026-09-23T05:59:41.7325607Z Resolved 60 packages in 340ms
Synthetic Python 3.14	Install the locked dependency graph	2026-09-23T05:59:41.7432175Z    Building brasileirao-predictor @ file:///home/runner/work/brasileirao-predictor/brasileirao-predictor
Synthetic Python 3.14	Install the locked dependency graph	2026-09-23T05:59:41.7897709Z Downloading curl-cffi (12.9MiB)
Synthetic Python 3.14	Install the locked dependency graph	2026-09-23T05:59:41.7899490Z Downloading numpy (15.9MiB)
Synthetic Python 3.14	Install the locked dependency graph	2026-09-23T05:59:41.7901666Z Downloading pyright (5.9MiB)
Synthetic Python 3.14	Install the locked dependency graph	2026-09-23T05:59:41.7904782Z Downloading pygments (1.2MiB)
Synthetic Python 3.14	Install the locked dependency graph	2026-09-23T05:59:41.7910234Z Downloading pydantic-core (2.0MiB)
Synthetic Python 3.14	Install the locked dependency graph	2026-09-23T05:59:41.7910733Z Downloading llvmlite (57.1MiB)
Synthetic Python 3.14	Install the locked dependency graph	2026-09-23T05:59:41.7913566Z Downloading numba (3.7MiB)
Synthetic Python 3.14	Install the locked dependency graph	2026-09-23T05:59:41.7914549Z Downloading ruff (9.8MiB)
Synthetic Python 3.14	Install the locked dependency graph	2026-09-23T05:59:41.7919291Z Downloading scipy (33.7MiB)
Synthetic Python 3.14	Install the locked dependency graph	2026-09-23T05:59:41.7923979Z Downloading pandas (10.3MiB)
Synthetic Python 3.14	Install the locked dependency graph	2026-09-23T05:59:41.7925931Z Downloading lxml (5.0MiB)
Synthetic Python 3.14	Install the locked dependency graph	2026-09-23T05:59:41.7927881Z Downloading virtualenv (5.1MiB)
Synthetic Python 3.14	Install the locked dependency graph	2026-09-23T05:59:42.1163068Z  Downloaded pydantic-core
Synthetic Python 3.14	Install the locked dependency graph	2026-09-23T05:59:42.2734306Z  Downloaded pygments
Synthetic Python 3.14	Install the locked dependency graph	2026-09-23T05:59:42.4204124Z  Downloaded virtualenv
Synthetic Python 3.14	Install the locked dependency graph	2026-09-23T05:59:42.4543110Z  Downloaded lxml
Synthetic Python 3.14	Install the locked dependency graph	2026-09-23T05:59:42.5647308Z  Downloaded numba
Synthetic Python 3.14	Install the locked dependency graph	2026-09-23T05:59:42.7898813Z  Downloaded ruff
Synthetic Python 3.14	Install the locked dependency graph	2026-09-23T05:59:42.9285703Z  Downloaded curl-cffi
Synthetic Python 3.14	Install the locked dependency graph	2026-09-23T05:59:43.0881266Z  Downloaded numpy
Synthetic Python 3.14	Install the locked dependency graph	2026-09-23T05:59:43.1502902Z       Built brasileirao-predictor @ file:///home/runner/work/brasileirao-predictor/brasileirao-predictor
Synthetic Python 3.14	Install the locked dependency graph	2026-09-23T05:59:43.5328031Z  Downloaded pandas
Synthetic Python 3.14	Install the locked dependency graph	2026-09-23T05:59:43.5738597Z  Downloaded scipy
Synthetic Python 3.14	Install the locked dependency graph	2026-09-23T05:59:43.7119098Z  Downloaded llvmlite
Synthetic Python 3.14	Install the locked dependency graph	2026-09-23T05:59:43.9776876Z  Downloaded pyright
Synthetic Python 3.14	Install the locked dependency graph	2026-09-23T05:59:43.9784062Z Prepared 56 packages in 2.24s
Synthetic Python 3.14	Install the locked dependency graph	2026-09-23T05:59:44.4654607Z Installed 58 packages in 486ms
Synthetic Python 3.14	Install the locked dependency graph	2026-09-23T05:59:44.4655137Z  + annotated-types==0.8.0
Synthetic Python 3.14	Install the locked dependency graph	2026-09-23T05:59:44.4655707Z  + attrs==26.1.0
Synthetic Python 3.14	Install the locked dependency graph	2026-09-23T05:59:44.4656099Z  + beautifulsoup4==4.15.0
Synthetic Python 3.14	Install the locked dependency graph	2026-09-23T05:59:44.4656824Z  + brasileirao-predictor==0.2.0 (from file:///home/runner/work/brasileirao-predictor/brasileirao-predictor)
Synthetic Python 3.14	Install the locked dependency graph	2026-09-23T05:59:44.4657662Z  + build==1.6.1
Synthetic Python 3.14	Install the locked dependency graph	2026-09-23T05:59:44.4658176Z  + certifi==2026.7.22
Synthetic Python 3.14	Install the locked dependency graph	2026-09-23T05:59:44.4658619Z  + cffi==2.1.1
Synthetic Python 3.14	Install the locked dependency graph	2026-09-23T05:59:44.4658940Z  + cfgv==3.5.0
Synthetic Python 3.14	Install the locked dependency graph	2026-09-23T05:59:44.4659315Z  + charset-normalizer==3.5.1
Synthetic Python 3.14	Install the locked dependency graph	2026-09-23T05:59:44.4659722Z  + coverage==7.15.4
Synthetic Python 3.14	Install the locked dependency graph	2026-09-23T05:59:44.4660062Z  + curl-cffi==0.16.3
Synthetic Python 3.14	Install the locked dependency graph	2026-09-23T05:59:44.4660472Z  + distlib==0.4.3
Synthetic Python 3.14	Install the locked dependency graph	2026-09-23T05:59:44.4660823Z  + filelock==3.32.4
Synthetic Python 3.14	Install the locked dependency graph	2026-09-23T05:59:44.4661178Z  + hiredis==3.4.1
Synthetic Python 3.14	Install the locked dependency graph	2026-09-23T05:59:44.4661557Z  + html5lib==1.1
Synthetic Python 3.14	Install the locked dependency graph	2026-09-23T05:59:44.4661896Z  + identify==2.6.19
Synthetic Python 3.14	Install the locked dependency graph	2026-09-23T05:59:44.4662309Z  + idna==3.19
Synthetic Python 3.14	Install the locked dependency graph	2026-09-23T05:59:44.4662637Z  + iniconfig==2.3.0
Synthetic Python 3.14	Install the locked dependency graph	2026-09-23T05:59:44.4662990Z  + jsonschema==4.26.0
Synthetic Python 3.14	Install the locked dependency graph	2026-09-23T05:59:44.4663423Z  + jsonschema-specifications==2025.9.1
Synthetic Python 3.14	Install the locked dependency graph	2026-09-23T05:59:44.4663851Z  + llvmlite==0.49.0
Synthetic Python 3.14	Install the locked dependency graph	2026-09-23T05:59:44.4664219Z  + lxml==6.1.3
Synthetic Python 3.14	Install the locked dependency graph	2026-09-23T05:59:44.4664571Z  + nodeenv==1.10.0
Synthetic Python 3.14	Install the locked dependency graph	2026-09-23T05:59:44.4665073Z  + numba==0.67.0
Synthetic Python 3.14	Install the locked dependency graph	2026-09-23T05:59:44.4665486Z  + numpy==2.5.3
Synthetic Python 3.14	Install the locked dependency graph	2026-09-23T05:59:44.4665808Z  + packaging==26.3
Synthetic Python 3.14	Install the locked dependency graph	2026-09-23T05:59:44.4666159Z  + pandas==3.0.6
Synthetic Python 3.14	Install the locked dependency graph	2026-09-23T05:59:44.4666481Z  + platformdirs==4.11.4
Synthetic Python 3.14	Install the locked dependency graph	2026-09-23T05:59:44.4666801Z  + pluggy==1.6.0
Synthetic Python 3.14	Install the locked dependency graph	2026-09-23T05:59:44.4667176Z  + pre-commit==4.6.2
Synthetic Python 3.14	Install the locked dependency graph	2026-09-23T05:59:44.4668127Z  + predictor-core==3.2.1 (from https://github.com/leonardosovienski/core-predictor/releases/download/v3.2.1/predictor_core-3.2.1-py3-none-any.whl)
Synthetic Python 3.14	Install the locked dependency graph	2026-09-23T05:59:44.4669441Z  + predictor-ops==4.2.1 (from https://github.com/leonardosovienski/predictor-ops/releases/download/v4.2.1/predictor_ops-4.2.1-py3-none-any.whl)
Synthetic Python 3.14	Install the locked dependency graph	2026-09-23T05:59:44.4670305Z  + pycparser==3.0
Synthetic Python 3.14	Install the locked dependency graph	2026-09-23T05:59:44.4670641Z  + pydantic==2.13.5
Synthetic Python 3.14	Install the locked dependency graph	2026-09-23T05:59:44.4671051Z  + pydantic-core==2.46.5
Synthetic Python 3.14	Install the locked dependency graph	2026-09-23T05:59:44.4671437Z  + pydantic-settings==2.15.0
Synthetic Python 3.14	Install the locked dependency graph	2026-09-23T05:59:44.4671824Z  + pygments==2.21.0
Synthetic Python 3.14	Install the locked dependency graph	2026-09-23T05:59:44.4672184Z  + pyproject-hooks==1.2.0
Synthetic Python 3.14	Install the locked dependency graph	2026-09-23T05:59:44.4672566Z  + pyright==1.1.414
Synthetic Python 3.14	Install the locked dependency graph	2026-09-23T05:59:44.4672946Z  + pytest==9.1.1
Synthetic Python 3.14	Install the locked dependency graph	2026-09-23T05:59:44.4673293Z  + python-dateutil==2.9.0.post0
Synthetic Python 3.14	Install the locked dependency graph	2026-09-23T05:59:44.4673670Z  + python-discovery==1.5.3
Synthetic Python 3.14	Install the locked dependency graph	2026-09-23T05:59:44.4674130Z  + python-dotenv==1.2.3
Synthetic Python 3.14	Install the locked dependency graph	2026-09-23T05:59:44.4674506Z  + pyyaml==6.0.3
Synthetic Python 3.14	Install the locked dependency graph	2026-09-23T05:59:44.4674845Z  + redis==8.1.0
Synthetic Python 3.14	Install the locked dependency graph	2026-09-23T05:59:44.4675296Z  + referencing==0.37.0
Synthetic Python 3.14	Install the locked dependency graph	2026-09-23T05:59:44.4675644Z  + requests==2.34.2
Synthetic Python 3.14	Install the locked dependency graph	2026-09-23T05:59:44.4676032Z  + rpds-py==2026.6.3
Synthetic Python 3.14	Install the locked dependency graph	2026-09-23T05:59:44.4676379Z  + ruff==0.16.8
Synthetic Python 3.14	Install the locked dependency graph	2026-09-23T05:59:44.4676736Z  + scipy==1.18.1
Synthetic Python 3.14	Install the locked dependency graph	2026-09-23T05:59:44.4677086Z  + six==1.17.0
Synthetic Python 3.14	Install the locked dependency graph	2026-09-23T05:59:44.4677415Z  + soupsieve==2.9.2
Synthetic Python 3.14	Install the locked dependency graph	2026-09-23T05:59:44.4677902Z  + truststore==0.10.4
Synthetic Python 3.14	Install the locked dependency graph	2026-09-23T05:59:44.4678289Z  + typing-extensions==4.16.0
Synthetic Python 3.14	Install the locked dependency graph	2026-09-23T05:59:44.4678686Z  + typing-inspection==0.4.4
Synthetic Python 3.14	Install the locked dependency graph	2026-09-23T05:59:44.4679147Z  + urllib3==2.7.0
Synthetic Python 3.14	Install the locked dependency graph	2026-09-23T05:59:44.4679519Z  + virtualenv==21.7.5
Synthetic Python 3.14	Install the locked dependency graph	2026-09-23T05:59:44.4679925Z  + webencodings==0.6.1
Synthetic Python 3.14	Validate the reviewed synthetic allowlist	﻿2026-09-23T05:59:44.4760654Z ##[group]Run .venv/bin/python -I -B tools/publication_validation/run.py "$RUNNER_TEMP/python-synthetic"
Synthetic Python 3.14	Validate the reviewed synthetic allowlist	2026-09-23T05:59:44.4761377Z ^[[36;1m.venv/bin/python -I -B tools/publication_validation/run.py "$RUNNER_TEMP/python-synthetic"^[[0m
Synthetic Python 3.14	Validate the reviewed synthetic allowlist	2026-09-23T05:59:44.4782733Z shell: /usr/bin/bash -e {0}
Synthetic Python 3.14	Validate the reviewed synthetic allowlist	2026-09-23T05:59:44.4783044Z env:
Synthetic Python 3.14	Validate the reviewed synthetic allowlist	2026-09-23T05:59:44.4783417Z   UV_PYTHON_INSTALL_DIR: /home/runner/work/_temp/uv-python-dir
Synthetic Python 3.14	Validate the reviewed synthetic allowlist	2026-09-23T05:59:44.4783954Z   UV_CACHE_DIR: /home/runner/work/_temp/setup-uv-cache
Synthetic Python 3.14	Validate the reviewed synthetic allowlist	2026-09-23T05:59:44.4784482Z   pythonLocation: /opt/hostedtoolcache/Python/3.14.7/x64
Synthetic Python 3.14	Validate the reviewed synthetic allowlist	2026-09-23T05:59:44.4784960Z   PKG_CONFIG_PATH: /opt/hostedtoolcache/Python/3.14.7/x64/lib/pkgconfig
Synthetic Python 3.14	Validate the reviewed synthetic allowlist	2026-09-23T05:59:44.4785370Z   Python_ROOT_DIR: /opt/hostedtoolcache/Python/3.14.7/x64
Synthetic Python 3.14	Validate the reviewed synthetic allowlist	2026-09-23T05:59:44.4785761Z   Python2_ROOT_DIR: /opt/hostedtoolcache/Python/3.14.7/x64
Synthetic Python 3.14	Validate the reviewed synthetic allowlist	2026-09-23T05:59:44.4786141Z   Python3_ROOT_DIR: /opt/hostedtoolcache/Python/3.14.7/x64
Synthetic Python 3.14	Validate the reviewed synthetic allowlist	2026-09-23T05:59:44.4786577Z   LD_LIBRARY_PATH: /opt/hostedtoolcache/Python/3.14.7/x64/lib
Synthetic Python 3.14	Validate the reviewed synthetic allowlist	2026-09-23T05:59:44.4786984Z ##[endgroup]
Synthetic Python 3.14	Validate the reviewed synthetic allowlist	2026-09-23T05:59:56.2498622Z ........................................................................ [ 17%]
Synthetic Python 3.14	Validate the reviewed synthetic allowlist	2026-09-23T05:59:56.5143513Z ........................................................................ [ 34%]
Synthetic Python 3.14	Validate the reviewed synthetic allowlist	2026-09-23T05:59:56.7523053Z ........................................................................ [ 52%]
Synthetic Python 3.14	Validate the reviewed synthetic allowlist	2026-09-23T05:59:58.0274365Z ........................................................................ [ 69%]
Synthetic Python 3.14	Validate the reviewed synthetic allowlist	2026-09-23T05:59:58.1753903Z ........................................................................ [ 86%]
Synthetic Python 3.14	Validate the reviewed synthetic allowlist	2026-09-23T05:59:58.4400949Z .......................................................                  [100%]
Synthetic Python 3.14	Validate the reviewed synthetic allowlist	2026-09-23T05:59:58.4401868Z 415 passed in 12.17s
Synthetic Python 3.14	Validate publication tools	﻿2026-09-23T05:59:58.7166880Z ##[group]Run uv run --locked ruff check tools/publication_validation
Synthetic Python 3.14	Validate publication tools	2026-09-23T05:59:58.7167420Z ^[[36;1muv run --locked ruff check tools/publication_validation^[[0m
Synthetic Python 3.14	Validate publication tools	2026-09-23T05:59:58.7168035Z ^[[36;1muv run --locked ruff format --check tools/publication_validation^[[0m
Synthetic Python 3.14	Validate publication tools	2026-09-23T05:59:58.7168500Z ^[[36;1muv run --locked pyright tools/publication_validation^[[0m
Synthetic Python 3.14	Validate publication tools	2026-09-23T05:59:58.7189138Z shell: /usr/bin/bash -e {0}
Synthetic Python 3.14	Validate publication tools	2026-09-23T05:59:58.7189483Z env:
Synthetic Python 3.14	Validate publication tools	2026-09-23T05:59:58.7189816Z   UV_PYTHON_INSTALL_DIR: /home/runner/work/_temp/uv-python-dir
Synthetic Python 3.14	Validate publication tools	2026-09-23T05:59:58.7190267Z   UV_CACHE_DIR: /home/runner/work/_temp/setup-uv-cache
Synthetic Python 3.14	Validate publication tools	2026-09-23T05:59:58.7190684Z   pythonLocation: /opt/hostedtoolcache/Python/3.14.7/x64
Synthetic Python 3.14	Validate publication tools	2026-09-23T05:59:58.7191115Z   PKG_CONFIG_PATH: /opt/hostedtoolcache/Python/3.14.7/x64/lib/pkgconfig
Synthetic Python 3.14	Validate publication tools	2026-09-23T05:59:58.7191529Z   Python_ROOT_DIR: /opt/hostedtoolcache/Python/3.14.7/x64
Synthetic Python 3.14	Validate publication tools	2026-09-23T05:59:58.7191915Z   Python2_ROOT_DIR: /opt/hostedtoolcache/Python/3.14.7/x64
Synthetic Python 3.14	Validate publication tools	2026-09-23T05:59:58.7192321Z   Python3_ROOT_DIR: /opt/hostedtoolcache/Python/3.14.7/x64
Synthetic Python 3.14	Validate publication tools	2026-09-23T05:59:58.7192815Z   LD_LIBRARY_PATH: /opt/hostedtoolcache/Python/3.14.7/x64/lib
Synthetic Python 3.14	Validate publication tools	2026-09-23T05:59:58.7193155Z ##[endgroup]
Synthetic Python 3.14	Validate publication tools	2026-09-23T05:59:59.0160174Z All checks passed!
Synthetic Python 3.14	Validate publication tools	2026-09-23T05:59:59.2446109Z 5 files already formatted
Synthetic Python 3.14	Validate publication tools	2026-09-23T06:00:00.9430770Z 0 errors, 0 warnings, 0 informations
Synthetic Python 3.14	Build distribution and verify wheel installation	﻿2026-09-23T06:00:00.9810105Z ##[group]Run uv build
Synthetic Python 3.14	Build distribution and verify wheel installation	2026-09-23T06:00:00.9810430Z ^[[36;1muv build^[[0m
Synthetic Python 3.14	Build distribution and verify wheel installation	2026-09-23T06:00:00.9810705Z ^[[36;1muv venv "$RUNNER_TEMP/installed"^[[0m
Synthetic Python 3.14	Build distribution and verify wheel installation	2026-09-23T06:00:00.9811270Z ^[[36;1muv export --locked --no-dev --no-emit-project --format requirements-txt --output-file "$RUNNER_TEMP/runtime.txt"^[[0m
Synthetic Python 3.14	Build distribution and verify wheel installation	2026-09-23T06:00:00.9812025Z ^[[36;1muv pip install --python "$RUNNER_TEMP/installed/bin/python" --require-hashes --no-deps -r "$RUNNER_TEMP/runtime.txt"^[[0m
Synthetic Python 3.14	Build distribution and verify wheel installation	2026-09-23T06:00:00.9812640Z ^[[36;1muv pip install --python "$RUNNER_TEMP/installed/bin/python" --no-deps dist/*.whl^[[0m
Synthetic Python 3.14	Build distribution and verify wheel installation	2026-09-23T06:00:00.9813226Z ^[[36;1mtest -f "$RUNNER_TEMP/installed/lib/python3.14/site-packages/brasileirao_predictor/kernel_cli.py"^[[0m
Synthetic Python 3.14	Build distribution and verify wheel installation	2026-09-23T06:00:00.9813876Z ^[[36;1m"$RUNNER_TEMP/installed/bin/python" -I tools/publication_validation/installed_shadow.py "$RUNNER_TEMP/installed-shadow"^[[0m
Synthetic Python 3.14	Build distribution and verify wheel installation	2026-09-23T06:00:00.9835267Z shell: /usr/bin/bash -e {0}
Synthetic Python 3.14	Build distribution and verify wheel installation	2026-09-23T06:00:00.9835655Z env:
Synthetic Python 3.14	Build distribution and verify wheel installation	2026-09-23T06:00:00.9836013Z   UV_PYTHON_INSTALL_DIR: /home/runner/work/_temp/uv-python-dir
Synthetic Python 3.14	Build distribution and verify wheel installation	2026-09-23T06:00:00.9836537Z   UV_CACHE_DIR: /home/runner/work/_temp/setup-uv-cache
Synthetic Python 3.14	Build distribution and verify wheel installation	2026-09-23T06:00:00.9836919Z   pythonLocation: /opt/hostedtoolcache/Python/3.14.7/x64
Synthetic Python 3.14	Build distribution and verify wheel installation	2026-09-23T06:00:00.9837340Z   PKG_CONFIG_PATH: /opt/hostedtoolcache/Python/3.14.7/x64/lib/pkgconfig
Synthetic Python 3.14	Build distribution and verify wheel installation	2026-09-23T06:00:00.9838148Z   Python_ROOT_DIR: /opt/hostedtoolcache/Python/3.14.7/x64
Synthetic Python 3.14	Build distribution and verify wheel installation	2026-09-23T06:00:00.9838541Z   Python2_ROOT_DIR: /opt/hostedtoolcache/Python/3.14.7/x64
Synthetic Python 3.14	Build distribution and verify wheel installation	2026-09-23T06:00:00.9838938Z   Python3_ROOT_DIR: /opt/hostedtoolcache/Python/3.14.7/x64
Synthetic Python 3.14	Build distribution and verify wheel installation	2026-09-23T06:00:00.9839352Z   LD_LIBRARY_PATH: /opt/hostedtoolcache/Python/3.14.7/x64/lib
Synthetic Python 3.14	Build distribution and verify wheel installation	2026-09-23T06:00:00.9839691Z ##[endgroup]
Synthetic Python 3.14	Build distribution and verify wheel installation	2026-09-23T06:00:01.0067083Z Building source distribution...
Synthetic Python 3.14	Build distribution and verify wheel installation	2026-09-23T06:00:06.0788055Z Building wheel from source distribution...
Synthetic Python 3.14	Build distribution and verify wheel installation	2026-09-23T06:00:06.4276699Z Successfully built dist/brasileirao_predictor-0.2.0.tar.gz
Synthetic Python 3.14	Build distribution and verify wheel installation	2026-09-23T06:00:06.4277614Z Successfully built dist/brasileirao_predictor-0.2.0-py3-none-any.whl
Synthetic Python 3.14	Build distribution and verify wheel installation	2026-09-23T06:00:06.4442021Z Using CPython 3.14.7 interpreter at: /opt/hostedtoolcache/Python/3.14.7/x64/bin/python3
Synthetic Python 3.14	Build distribution and verify wheel installation	2026-09-23T06:00:06.4442800Z Creating virtual environment at: /home/runner/work/_temp/installed
Synthetic Python 3.14	Build distribution and verify wheel installation	2026-09-23T06:00:06.4444916Z Activate with: /home/runner/work/_temp/installed/bin/activate
Synthetic Python 3.14	Build distribution and verify wheel installation	2026-09-23T06:00:06.6707516Z Resolved 60 packages in 212ms
Synthetic Python 3.14	Build distribution and verify wheel installation	2026-09-23T06:00:06.6713112Z # This file was autogenerated by uv via the following command:
Synthetic Python 3.14	Build distribution and verify wheel installation	2026-09-23T06:00:06.6715151Z #    uv export --locked --no-dev --no-emit-project --format requirements-txt --output-file /home/runner/work/_temp/runtime.txt
Synthetic Python 3.14	Build distribution and verify wheel installation	2026-09-23T06:00:06.6716013Z annotated-types==0.8.0 \
Synthetic Python 3.14	Build distribution and verify wheel installation	2026-09-23T06:00:06.6716583Z     --hash=sha256:13b2beaad985e05e2d6407ee4c4f35590b11f8d693a258a561055cac8f64cab7 \
Synthetic Python 3.14	Build distribution and verify wheel installation	2026-09-23T06:00:06.6717321Z     --hash=sha256:f072f4d804ea359e4eaf198b1af7a8b0943881a87f31bb764f8bf219bb9419e0
Synthetic Python 3.14	Build distribution and verify wheel installation	2026-09-23T06:00:06.6718036Z     # via pydantic
Synthetic Python 3.14	Build distribution and verify wheel installation	2026-09-23T06:00:06.6718489Z attrs==26.1.0 \
Synthetic Python 3.14	Build distribution and verify wheel installation	2026-09-23T06:00:06.6719206Z     --hash=sha256:c647aa4a12dfbad9333ca4e71fe62ddc36f4e63b2d260a37a8b83d2f043ac309 \
Synthetic Python 3.14	Build distribution and verify wheel installation	2026-09-23T06:00:06.6720399Z     --hash=sha256:d03ceb89cb322a8fd706d4fb91940737b6642aa36998fe130a9bc96c985eff32
Synthetic Python 3.14	Build distribution and verify wheel installation	2026-09-23T06:00:06.6721113Z     # via
Synthetic Python 3.14	Build distribution and verify wheel installation	2026-09-23T06:00:06.6721584Z     #   jsonschema
Synthetic Python 3.14	Build distribution and verify wheel installation	2026-09-23T06:00:06.6721857Z     #   referencing
Synthetic Python 3.14	Build distribution and verify wheel installation	2026-09-23T06:00:06.6722118Z certifi==2026.7.22 \
Synthetic Python 3.14	Build distribution and verify wheel installation	2026-09-23T06:00:06.6722497Z     --hash=sha256:62f22742b58a1a33014a2b6b706588a8d7e2a88ae7bd1a6ebe8c992928483775 \
Synthetic Python 3.14	Build distribution and verify wheel installation	2026-09-23T06:00:06.6722996Z     --hash=sha256:741e2c3b351ddf169a738da9f2c048608ff7f2c5cc02f1ebc6b118bb090d5d55
Synthetic Python 3.14	Build distribution and verify wheel installation	2026-09-23T06:00:06.6723397Z     # via requests
Synthetic Python 3.14	Build distribution and verify wheel installation	2026-09-23T06:00:06.6723682Z charset-normalizer==3.5.1 \
Synthetic Python 3.14	Build distribution and verify wheel installation	2026-09-23T06:00:06.6724104Z     --hash=sha256:01e93745f7f219b703b60ba7afead36cfc4242782be5af484673fc500df12da5 \
Synthetic Python 3.14	Build distribution and verify wheel installation	2026-09-23T06:00:06.6724651Z     --hash=sha256:09a7bba9f739468c8e78c36a75c33768e53cb1959fc638f510454c14683f00d5 \
Synthetic Python 3.14	Build distribution and verify wheel installation	2026-09-23T06:00:06.6725174Z     --hash=sha256:0c6dfb5ca6723eeed15aa8e564a014d69fcb8812f94eef11fe3631e0508199f5 \
Synthetic Python 3.14	Build distribution and verify wheel installation	2026-09-23T06:00:06.6725937Z     --hash=sha256:0d929fc574b4d6fd9e7c0f5c2ede8716a41911923aa7fa5fce38e0818aa4a1ac \
Synthetic Python 3.14	Build distribution and verify wheel installation	2026-09-23T06:00:06.6726525Z     --hash=sha256:15f024313246a4ed976c60f440bb8d257815513a681d212ff74fd46f7d715a90 \
Synthetic Python 3.14	Build distribution and verify wheel installation	2026-09-23T06:00:06.6727198Z     --hash=sha256:1f5883d77fd409a261abb5dc8ccbe335720d798b1de4abb3b1d47ccbbc76b53b \
Synthetic Python 3.14	Build distribution and verify wheel installation	2026-09-23T06:00:06.6728098Z     --hash=sha256:256dd4d85d9e4dc595e2bc983c980e73f62ddeb3165c58b4c3dfe78c5c8548c1 \
Synthetic Python 3.14	Build distribution and verify wheel installation	2026-09-23T06:00:06.6728867Z     --hash=sha256:26422d45fd13551cf564c58932f7d72b4f58b93b0fcf18c35ba6be12b46bb102 \
Synthetic Python 3.14	Build distribution and verify wheel installation	2026-09-23T06:00:06.6729401Z     --hash=sha256:2bced4061f000f7187254a02ad3433ae17eaf991747ceea2f478422590a5bba9 \
Synthetic Python 3.14	Build distribution and verify wheel installation	2026-09-23T06:00:06.6729898Z     --hash=sha256:2f06b7eae9dbe77fe1d644ca244dad508de8d302870a43f3c559b521270938a0 \
Synthetic Python 3.14	Build distribution and verify wheel installation	2026-09-23T06:00:06.6730375Z     --hash=sha256:2f293479cce755c75f1697e87c409b7ae4c555c7dfecb6e988ad13abba943031 \
Synthetic Python 3.14	Build distribution and verify wheel installation	2026-09-23T06:00:06.6730891Z     --hash=sha256:329fc3ccb63ad22d867d84c2adea759a64079a37ba4a343433b02c7a2816871e \
Synthetic Python 3.14	Build distribution and verify wheel installation	2026-09-23T06:00:06.6731398Z     --hash=sha256:343fb4f2821043bd87095f7b08a1a181febc8e36ac64212143bbfd0a0e1bc235 \
Synthetic Python 3.14	Build distribution and verify wheel installation	2026-09-23T06:00:06.6731942Z     --hash=sha256:3588e376b3ea2eea84976f67273d679f229e24c66dce7b82ae45aef04ff6e072 \
Synthetic Python 3.14	Build distribution and verify wheel installation	2026-09-23T06:00:06.6732560Z     --hash=sha256:35fe081843b35aad20ffeccec3eeffbe637b15d14f3fb22cc1b59cd8ec17e93c \
Synthetic Python 3.14	Build distribution and verify wheel installation	2026-09-23T06:00:06.6733049Z     --hash=sha256:36047af20e17097c3bb9476c2b7655f2f7aa51322c0ba58c07695bedf755a950 \
Synthetic Python 3.14	Build distribution and verify wheel installation	2026-09-23T06:00:06.6733560Z     --hash=sha256:394fea06235c8543390050ed5f529187074b029fb027213f6c46ac11ab5d950e \
Synthetic Python 3.14	Build distribution and verify wheel installation	2026-09-23T06:00:06.6734048Z     --hash=sha256:41876ee62a3dddf48ff1121ad8f0798032aa03f2fd35f21f34a4cab14f18d8d2 \
Synthetic Python 3.14	Build distribution and verify wheel installation	2026-09-23T06:00:06.6734569Z     --hash=sha256:485a0d363cafefcd2538a73c7c838daa2035f09b2c9f9b5e3133f80c6aeb84c2 \
Synthetic Python 3.14	Build distribution and verify wheel installation	2026-09-23T06:00:06.6735062Z     --hash=sha256:496846868fea80e479324862fa877f02411f2fd0f83b79ccee2607aa68b2a032 \
Synthetic Python 3.14	Build distribution and verify wheel installation	2026-09-23T06:00:06.6735560Z     --hash=sha256:4b599739b93b2cbeded49645ae3c8d1405c29ddfbceac1545c87a3f9580a9e96 \
Synthetic Python 3.14	Build distribution and verify wheel installation	2026-09-23T06:00:06.6736090Z     --hash=sha256:4bea7f8ebe90bbd7f0e4a2de42ca6924ba23e3e76418c408ff82f1d46fabd687 \
Synthetic Python 3.14	Build distribution and verify wheel installation	2026-09-23T06:00:06.6736611Z     --hash=sha256:4c4fb141a727957c93edfe5c32a26ceb6b5f6461d67146e2d39f51e16170bea8 \
Synthetic Python 3.14	Build distribution and verify wheel installation	2026-09-23T06:00:06.6737107Z     --hash=sha256:4c9548dc78002099910abaebc0a72ac58b7d30931869e0351c09b507dff4ece3 \
Synthetic Python 3.14	Build distribution and verify wheel installation	2026-09-23T06:00:06.6737597Z     --hash=sha256:4f298bdadb8f0b9e5672877f647d1be9373ef5320c9e2f049795e26cad28b6a9 \
Synthetic Python 3.14	Build distribution and verify wheel installation	2026-09-23T06:00:06.6738345Z     --hash=sha256:52ec005752a56ae79547a05c0139ca2501a0c866390b6115008456b9f0e7cde1 \
Synthetic Python 3.14	Build distribution and verify wheel installation	2026-09-23T06:00:06.6738841Z     --hash=sha256:58d3e12c88e0950bca850ae1f7c256055c097639c2edb9eb123af9807d8b15e4 \
Synthetic Python 3.14	Build distribution and verify wheel installation	2026-09-23T06:00:06.6739385Z     --hash=sha256:58d4aa13a59c969dbfdf9e6a9560e242cbfd9e8a8f50c2747714df1a423adf65 \
Synthetic Python 3.14	Build distribution and verify wheel installation	2026-09-23T06:00:06.6739888Z     --hash=sha256:5c0ea61a470e070686aa30892fed79e297d2c8d0ab46b8bcdf027d38c51da591 \
Synthetic Python 3.14	Build distribution and verify wheel installation	2026-09-23T06:00:06.6740381Z     --hash=sha256:6117b84ea48435e5356dc737f5121485c30920ba43375fa7b434fd753df0eac3 \
Synthetic Python 3.14	Build distribution and verify wheel installation	2026-09-23T06:00:06.6740865Z     --hash=sha256:62b55f6722735a6c472f88361cde6640608773d9443cebdbb51abf436a1fcdd3 \
Synthetic Python 3.14	Build distribution and verify wheel installation	2026-09-23T06:00:06.6741357Z     --hash=sha256:6b7430cf5728e68f6c462254009a6ef4086e1bea43cf2f57aa9c55fb4f50ff96 \
Synthetic Python 3.14	Build distribution and verify wheel installation	2026-09-23T06:00:06.6741867Z     --hash=sha256:6c9cdde8becb25a7fde49924511aa2644d6f8081cc8df8e9452724303348d8e3 \
Synthetic Python 3.14	Build distribution and verify wheel installation	2026-09-23T06:00:06.6742347Z     --hash=sha256:6df0ec430f9a831772c23ca5a224cba36517a58a84bb32c32bb59a9fa67c47f6 \
Synthetic Python 3.14	Build distribution and verify wheel installation	2026-09-23T06:00:06.6742887Z     --hash=sha256:70055ff39b97c99e7ae40ea3e393fb62aa2e44dbd9b29f8d14f42fb0025c3959 \
Synthetic Python 3.14	Build distribution and verify wheel installation	2026-09-23T06:00:06.6743374Z     --hash=sha256:774d157f112367ff4abd29019f38f023c24e00e56edc7829c20e358a5a913ad8 \
Synthetic Python 3.14	Build distribution and verify wheel installation	2026-09-23T06:00:06.6743874Z     --hash=sha256:7ac76cf9afd34929d76eb7fcb63be476a4853d8a96f0dcf2d0db68a0cbdf9885 \
Synthetic Python 3.14	Build distribution and verify wheel installation	2026-09-23T06:00:06.6744389Z     --hash=sha256:823f82903d189af463d7df250ef1f7f696f3cee08cc8d91deb565e8d425f6506 \
Synthetic Python 3.14	Build distribution and verify wheel installation	2026-09-23T06:00:06.6745223Z     --hash=sha256:85d5855daafc240cc045c026d7a15fd198a09b0fc8ff6f5ecbb5297b509cb11e \
Synthetic Python 3.14	Build distribution and verify wheel installation	2026-09-23T06:00:06.6745858Z     --hash=sha256:87e4f41d375c0b9be2fb5251aee4b8a689169e134535aed81bf085c3b647451e \
Synthetic Python 3.14	Build distribution and verify wheel installation	2026-09-23T06:00:06.6746345Z     --hash=sha256:88ca277405c2d3b71c4e1c2ee0e7966e807bcba86a69d11e19ba199d18ae4491 \
Synthetic Python 3.14	Build distribution and verify wheel installation	2026-09-23T06:00:06.6746886Z     --hash=sha256:90b7481fb62fbe172c558bc6fd1c4c98d82004a54a7551f20e11ac9bf0b8708c \
Synthetic Python 3.14	Build distribution and verify wheel installation	2026-09-23T06:00:06.6747404Z     --hash=sha256:9362dd90aa7dab48c0054a21187791ccf05473f7dba5d92b8033ae62164675e7 \
Synthetic Python 3.14	Build distribution and verify wheel installation	2026-09-23T06:00:06.6748132Z     --hash=sha256:94d78ecec2605a8d0398b0f365d5f12a63248438516f5dac536a5eff7337df4a \
Synthetic Python 3.14	Build distribution and verify wheel installation	2026-09-23T06:00:06.6748649Z     --hash=sha256:977cdbd483a9cff38179bea4fd754289a6f2195c7abd414aba85410b3e66cc5e \
Synthetic Python 3.14	Build distribution and verify wheel installation	2026-09-23T06:00:06.6749149Z     --hash=sha256:9ac4444d8d4fd4c4bd08bf451ed3167aa9e7ec6cdb41b648794f1d1103652e36 \
Synthetic Python 3.14	Build distribution and verify wheel installation	2026-09-23T06:00:06.6749653Z     --hash=sha256:9d9a0dc7cbe9bec24c3f767c9122c41fe5a1bc43f47cd099d00d393e09769de4 \
Synthetic Python 3.14	Build distribution and verify wheel installation	2026-09-23T06:00:06.6750184Z     --hash=sha256:9eea3ab2597a5e65fe65296e2d6a84570845a6b55532d90333d740d48bbc850a \
Synthetic Python 3.14	Build distribution and verify wheel installation	2026-09-23T06:00:06.6750691Z     --hash=sha256:a2028475ba855475b8b4d3cfeb4994269c967aea8b9892dfba907f4263a863a3 \
Synthetic Python 3.14	Build distribution and verify wheel installation	2026-09-23T06:00:06.6751205Z     --hash=sha256:a3a370082ce34d0612f421e15fe011c53bb1feff21a26d06ad4fb244dab5a375 \
Synthetic Python 3.14	Build distribution and verify wheel installation	2026-09-23T06:00:06.6751762Z     --hash=sha256:a6dac12ff6b846103483683f60c5f8fee205121adc58ffd87e90a90a3af69e99 \
Synthetic Python 3.14	Build distribution and verify wheel installation	2026-09-23T06:00:06.6752283Z     --hash=sha256:ab743e9bc90c1f73552ec33e10e3331315acd2c397b36065b591b0181de533cc \
Synthetic Python 3.14	Build distribution and verify wheel installation	2026-09-23T06:00:06.6752795Z     --hash=sha256:acaf604462bf330b0d07e7a07c1d6e4adac79e5fb13e9c5140590542cafacc00 \
Synthetic Python 3.14	Build distribution and verify wheel installation	2026-09-23T06:00:06.6753304Z     --hash=sha256:ae4a097991662cd4fff0ddc74e0fe7874f82e00042fa0ea00855645ed0c79598 \
Synthetic Python 3.14	Build distribution and verify wheel installation	2026-09-23T06:00:06.6753855Z     --hash=sha256:aea996a6aba25260827c9ea511d1addfde2da9eb686ac961838509086188b7e6 \
Synthetic Python 3.14	Build distribution and verify wheel installation	2026-09-23T06:00:06.6754364Z     --hash=sha256:b39b69b347e5e47a3b5b8cfc005c68c1ba347474e3960236c4944a8ecd174962 \
Synthetic Python 3.14	Build distribution and verify wheel installation	2026-09-23T06:00:06.6754880Z     --hash=sha256:bb57753e36e4855b8ca375069482250a6246372331a3e4f3407eaebb007443f5 \
Synthetic Python 3.14	Build distribution and verify wheel installation	2026-09-23T06:00:06.6755399Z     --hash=sha256:c010f5581d9c612804cc59fcf7b524b707fbcb72828551237ab545bb5c7034af \
Synthetic Python 3.14	Build distribution and verify wheel installation	2026-09-23T06:00:06.6755891Z     --hash=sha256:c428c6c31eb5f4277d7f8eccaf767fbd548ddd5ce3c8b4f4cbbfab3d96b5904c \
Synthetic Python 3.14	Build distribution and verify wheel installation	2026-09-23T06:00:06.6756409Z     --hash=sha256:c658c50ac0c98cd755a2dd50b7977d3bca7df401dcc47fbdfa87db53ef7d4e8b \
Synthetic Python 3.14	Build distribution and verify wheel installation	2026-09-23T06:00:06.6756902Z     --hash=sha256:c71fb0d56c920c269cd3e2e3fe7c610e3f1fdb21a6ce60efa6430ff63676cea6 \
Synthetic Python 3.14	Build distribution and verify wheel installation	2026-09-23T06:00:06.6757454Z     --hash=sha256:cee5dd7c6fb5dd52a0fe2a740f9bc6e3593f5f8b1788bde49de02086f30182b2 \
Synthetic Python 3.14	Build distribution and verify wheel installation	2026-09-23T06:00:06.6758121Z     --hash=sha256:d59b75732e9b6f27388e10c14b0259cc5f2e48c78627d185e6a177b58ad3cffe \
Synthetic Python 3.14	Build distribution and verify wheel installation	2026-09-23T06:00:06.6758608Z     --hash=sha256:d63600d620ad0064c3a748b950ac5ea38a80190e5498532efefa4b7b3f1da1f3 \
Synthetic Python 3.14	Build distribution and verify wheel installation	2026-09-23T06:00:06.6759106Z     --hash=sha256:dd732602a7009217f658d5863d12d79d373a4de0eebc111094bcdd3bb8e0a6cc \
Synthetic Python 3.14	Build distribution and verify wheel installation	2026-09-23T06:00:06.6759590Z     --hash=sha256:e199fb99720074809a7720f1c0b4d919eea8b87e88713e0f8f602f7bef543d9d \
Synthetic Python 3.14	Build distribution and verify wheel installation	2026-09-23T06:00:06.6760093Z     --hash=sha256:e71c909f353863b2b89c83de2ebed71ea6d0df8a6ef65a128193c5e650766bef \
Synthetic Python 3.14	Build distribution and verify wheel installation	2026-09-23T06:00:06.6760623Z     --hash=sha256:e90251c0c7bdd54a100a0dce3c07b7e637278c93af29dbf78ebb89a58c4bac7d \
Synthetic Python 3.14	Build distribution and verify wheel installation	2026-09-23T06:00:06.6761152Z     --hash=sha256:f03ac127268b43ef4fe9e6ab6794a6794b49485a0cc0c1db79876d2f33f75bc7 \
Synthetic Python 3.14	Build distribution and verify wheel installation	2026-09-23T06:00:06.6761676Z     --hash=sha256:f6f7deae3feb4edfa2efaf7c574fe88cbf055038a6abdb40188e4fff66d5699f \
Synthetic Python 3.14	Build distribution and verify wheel installation	2026-09-23T06:00:06.6762183Z     --hash=sha256:fa48b1b63d639f9483e0633e092f5851e2348c352f1f9bb6c8182f87884ef876 \
Synthetic Python 3.14	Build distribution and verify wheel installation	2026-09-23T06:00:06.6762675Z     --hash=sha256:fbc597639158fd7c14d55e808718848319540f51b0e6746e3eefa59723a4a348 \
Synthetic Python 3.14	Build distribution and verify wheel installation	2026-09-23T06:00:06.6763205Z     --hash=sha256:fce8cbd4997efeb450bd298b54f755dcdff18d496f7a5ddbb4867c6d7c88fdc3 \
Synthetic Python 3.14	Build distribution and verify wheel installation	2026-09-23T06:00:06.6763697Z     --hash=sha256:fd0350afdc3aabd5576f60ea109228bd5538139713c7b094c5cd27c73a98bc6f \
Synthetic Python 3.14	Build distribution and verify wheel installation	2026-09-23T06:00:06.6764202Z     --hash=sha256:fd0a274c0e5f9a21565cd9d3dd749b61f96b7aa1e20a93aa1ba4029518f2e5c0 \
Synthetic Python 3.14	Build distribution and verify wheel installation	2026-09-23T06:00:06.6764834Z     --hash=sha256:fdb8a068947befafba9952162645dc2fecaeb400e64584829ed5e9b2fbe21a7f
Synthetic Python 3.14	Build distribution and verify wheel installation	2026-09-23T06:00:06.6765220Z     # via requests
Synthetic Python 3.14	Build distribution and verify wheel installation	2026-09-23T06:00:06.6765493Z idna==3.19 \
Synthetic Python 3.14	Build distribution and verify wheel installation	2026-09-23T06:00:06.6765844Z     --hash=sha256:5e0811a4383b21dc5838069f801c4fb62113b7447663d2530d2bd6e77b49bf15 \
Synthetic Python 3.14	Build distribution and verify wheel installation	2026-09-23T06:00:06.6766335Z     --hash=sha256:815e7be7a7806d54abb586dc943addc79e8b2ee16915059658cbeff4b1b43bf4
Synthetic Python 3.14	Build distribution and verify wheel installation	2026-09-23T06:00:06.6766744Z     # via requests
Synthetic Python 3.14	Build distribution and verify wheel installation	2026-09-23T06:00:06.6767028Z jsonschema==4.26.0 \
Synthetic Python 3.14	Build distribution and verify wheel installation	2026-09-23T06:00:06.6767421Z     --hash=sha256:0c26707e2efad8aa1bfc5b7ce170f3fccc2e4918ff85989ba9ffa9facb2be326 \
Synthetic Python 3.14	Build distribution and verify wheel installation	2026-09-23T06:00:06.6768147Z     --hash=sha256:d489f15263b8d200f8387e64b4c3a75f06629559fb73deb8fdfb525f2dab50ce
Synthetic Python 3.14	Build distribution and verify wheel installation	2026-09-23T06:00:06.6768559Z     # via brasileirao-predictor
Synthetic Python 3.14	Build distribution and verify wheel installation	2026-09-23T06:00:06.6768908Z jsonschema-specifications==2025.9.1 \
Synthetic Python 3.14	Build distribution and verify wheel installation	2026-09-23T06:00:06.6769330Z     --hash=sha256:98802fee3a11ee76ecaca44429fda8a41bff98b00a0f2838151b113f210cc6fe \
Synthetic Python 3.14	Build distribution and verify wheel installation	2026-09-23T06:00:06.6769844Z     --hash=sha256:b540987f239e745613c7a9176f3edb72b832a4ac465cf02712288397832b5e8d
Synthetic Python 3.14	Build distribution and verify wheel installation	2026-09-23T06:00:06.6770226Z     # via jsonschema
Synthetic Python 3.14	Build distribution and verify wheel installation	2026-09-23T06:00:06.6770473Z numpy==2.5.3 \
Synthetic Python 3.14	Build distribution and verify wheel installation	2026-09-23T06:00:06.6770848Z     --hash=sha256:012e66aca395d795496446e52aeeb5866312a5d4d3f27da270e5a0b43f70dc5c \
Synthetic Python 3.14	Build distribution and verify wheel installation	2026-09-23T06:00:06.6771444Z     --hash=sha256:1302b90c0e52281681b2975adfe8a860cb7b12216a27b4b0b4207c44bf7bccf0 \
Synthetic Python 3.14	Build distribution and verify wheel installation	2026-09-23T06:00:06.6771940Z     --hash=sha256:15aa985ac73a8db02db7663381aa109510449d3819d37206caed27b33a65a8a6 \
Synthetic Python 3.14	Build distribution and verify wheel installation	2026-09-23T06:00:06.6772433Z     --hash=sha256:1c80eabb4035ecf4ca9cd49cde8a9fdd69a729e63e6474887d1523ade7aa277f \
Synthetic Python 3.14	Build distribution and verify wheel installation	2026-09-23T06:00:06.6772920Z     --hash=sha256:1fb6f8fb9ff0b3a69f52c66ce397b0246583e9f28616231b0e32ca49259a5fa6 \
Synthetic Python 3.14	Build distribution and verify wheel installation	2026-09-23T06:00:06.6773453Z     --hash=sha256:2c25dfa72943e4336ddb6b0ee4277b47a0c85bede0807530ec68103bf58e2c10 \
Synthetic Python 3.14	Build distribution and verify wheel installation	2026-09-23T06:00:06.6773947Z     --hash=sha256:2d8240cb4c16fd831074aa2b2cf9fc54664d826341d61c372245b96a74a49a9a \
Synthetic Python 3.14	Build distribution and verify wheel installation	2026-09-23T06:00:06.6774436Z     --hash=sha256:350ba9783ce969cf9f7ce6e6a9a58e1a6e2a19ca025b7ee448c4db727706212a \
Synthetic Python 3.14	Build distribution and verify wheel installation	2026-09-23T06:00:06.6774968Z     --hash=sha256:4c8a6d2ebce6305fd82fbefca827775437147052a976ee7c94b36a0c1b52ac6c \
Synthetic Python 3.14	Build distribution and verify wheel installation	2026-09-23T06:00:06.6775439Z     --hash=sha256:536f963710a4e63934d80ac0dc4f478804a83e9a84b6828018f25d09953ada33 \
Synthetic Python 3.14	Build distribution and verify wheel installation	2026-09-23T06:00:06.6775967Z     --hash=sha256:54a115e5a73b8fc44f0cebef486365a1894b5c9760685d4558b72b7c3eb846e0 \
Synthetic Python 3.14	Build distribution and verify wheel installation	2026-09-23T06:00:06.6776454Z     --hash=sha256:66a78fe4556c60aceda5916f9eacd638b18e9e681016ec302dcb4682d6d4d034 \
Synthetic Python 3.14	Build distribution and verify wheel installation	2026-09-23T06:00:06.6776941Z     --hash=sha256:71cad2b2a7451ab79d8f5e71b453485b6775963d5cf794179144a7463fe6e8ec \
Synthetic Python 3.14	Build distribution and verify wheel installation	2026-09-23T06:00:06.6777435Z     --hash=sha256:8e4dd766076855b5ff7ea52fa5f07ce26286726e0f8bff446b7739d02e6ea204 \
Synthetic Python 3.14	Build distribution and verify wheel installation	2026-09-23T06:00:06.6778141Z     --hash=sha256:92f30e89b8ee0ecf363033576c422b2f58fed6a80bed0aa48dff6d14c654663e \
Synthetic Python 3.14	Build distribution and verify wheel installation	2026-09-23T06:00:06.6778696Z     --hash=sha256:93e1f5447e2b1e479d7bd74701e84746b86450cff1fc368b132d195e2b8f8211 \
Synthetic Python 3.14	Build distribution and verify wheel installation	2026-09-23T06:00:06.6779191Z     --hash=sha256:9a37475425b431b4d060f23b4f52cd2f3aef6bc7c654bd760adf0040eec9d435 \
Synthetic Python 3.14	Build distribution and verify wheel installation	2026-09-23T06:00:06.6779681Z     --hash=sha256:9deb49575e5b0b94ed72c8a64ec4d033381adc27e9060ae842971f697ba96104 \
Synthetic Python 3.14	Build distribution and verify wheel installation	2026-09-23T06:00:06.6780194Z     --hash=sha256:a5fa86b80fd24bcd1aff83ad23be44ea323de3f787be8f8b15d4a65621e25321 \
Synthetic Python 3.14	Build distribution and verify wheel installation	2026-09-23T06:00:06.6780707Z     --hash=sha256:ac7bb1c52d445bd4f8f7f97fefe6abc3a084dc4d63df50d79b17fa2b78e89297 \
Synthetic Python 3.14	Build distribution and verify wheel installation	2026-09-23T06:00:06.6781239Z     --hash=sha256:adc1ada2662f8a5f960b8a10d9986897e7499ef07e06d4cfe7197f8cce923c07 \
Synthetic Python 3.14	Build distribution and verify wheel installation	2026-09-23T06:00:06.6781810Z     --hash=sha256:b00eefbcf0f292945c4b4dec2ae845389ef5bcdcd596e6e4328051db5b5ba694 \
Synthetic Python 3.14	Build distribution and verify wheel installation	2026-09-23T06:00:06.6782304Z     --hash=sha256:b0521d0f4aebb6e06189451025fa17a913287b13c03d5fe05c017333b654ea5b \
Synthetic Python 3.14	Build distribution and verify wheel installation	2026-09-23T06:00:06.6782805Z     --hash=sha256:bd4cb9ad3c7889b9b3fe0a9a9fb5d2ed26f9879bff2608d9f01aed147a20d231 \
Synthetic Python 3.14	Build distribution and verify wheel installation	2026-09-23T06:00:06.6783307Z     --hash=sha256:be5a8381859b6da607c84f4f7d6847725f1cf1853ef8a2c9e115b7d58bef47dc \
Synthetic Python 3.14	Build distribution and verify wheel installation	2026-09-23T06:00:06.6783926Z     --hash=sha256:c00abe94c1a69d75d827dcf1c025b25c8a45d230b3bcd77a9020883a1b047653 \
Synthetic Python 3.14	Build distribution and verify wheel installation	2026-09-23T06:00:06.6784416Z     --hash=sha256:c2381f82999704f818e2c987a865050e285ec3621262c66d40f5a96c8f899f8e \
Synthetic Python 3.14	Build distribution and verify wheel installation	2026-09-23T06:00:06.6784908Z     --hash=sha256:c76d5dde9f445058f83d0c02af00557a4db91de9a9a57c0df87d1535001d654b \
Synthetic Python 3.14	Build distribution and verify wheel installation	2026-09-23T06:00:06.6785418Z     --hash=sha256:ccbc4665079665c3cf3bab4db9f6b095370cd6437d66be549b6c2a1fd19e1958 \
Synthetic Python 3.14	Build distribution and verify wheel installation	2026-09-23T06:00:06.6786060Z     --hash=sha256:df2d5874ff183595a4ba404edd04f6bd9b5505c1d7708573f6a6c17489a67563 \
Synthetic Python 3.14	Build distribution and verify wheel installation	2026-09-23T06:00:06.6786577Z     --hash=sha256:e6ab667ba76450084eb64013762c438ea76d9d29cc676dcd6c2e9892ba37f841 \
Synthetic Python 3.14	Build distribution and verify wheel installation	2026-09-23T06:00:06.6787081Z     --hash=sha256:f7fabeb6cea87d65f3b926de33d03fb016cfdc29314c90974383b5582ae72891 \
Synthetic Python 3.14	Build distribution and verify wheel installation	2026-09-23T06:00:06.6787619Z     --hash=sha256:f9a2353b37a1a9e78fd82b27ad7e2a32a2d036604d18f02b05e3136c62ca3b09
Synthetic Python 3.14	Build distribution and verify wheel installation	2026-09-23T06:00:06.6788336Z     # via
Synthetic Python 3.14	Build distribution and verify wheel installation	2026-09-23T06:00:06.6788627Z     #   brasileirao-predictor
Synthetic Python 3.14	Build distribution and verify wheel installation	2026-09-23T06:00:06.6788923Z     #   pandas
Synthetic Python 3.14	Build distribution and verify wheel installation	2026-09-23T06:00:06.6789173Z     #   scipy
Synthetic Python 3.14	Build distribution and verify wheel installation	2026-09-23T06:00:06.6789402Z pandas==3.0.6 \
Synthetic Python 3.14	Build distribution and verify wheel installation	2026-09-23T06:00:06.6789770Z     --hash=sha256:097090508a1dd335013d39106fc10b20f4fd4a171638e47b77d55798ed9dab6c \
Synthetic Python 3.14	Build distribution and verify wheel installation	2026-09-23T06:00:06.6790286Z     --hash=sha256:1e92d9fa834c7d877130027cddc0cad8dcff97c1f6cca26bd6310f847228b658 \
Synthetic Python 3.14	Build distribution and verify wheel installation	2026-09-23T06:00:06.6790927Z     --hash=sha256:22172a92e7ee678ec0140c7af4fc9366b55413834a1cd86af78b3caa0b0574de \
Synthetic Python 3.14	Build distribution and verify wheel installation	2026-09-23T06:00:06.6791423Z     --hash=sha256:429d9df32731ab01383ed98f2baa7a60368090d1a94fc06019a12062510e8630 \
Synthetic Python 3.14	Build distribution and verify wheel installation	2026-09-23T06:00:06.6791893Z     --hash=sha256:583be68728a31d0d750d5b8d9e00f02b153df0d4655f858bde93cb84cfc4227c \
Synthetic Python 3.14	Build distribution and verify wheel installation	2026-09-23T06:00:06.6792406Z     --hash=sha256:60d81f9e1799b36f3739e7fff44d1fbb2e8fd5a271b3863e03de9715fccda0fa \
Synthetic Python 3.14	Build distribution and verify wheel installation	2026-09-23T06:00:06.6792907Z     --hash=sha256:62f51d7f651c8054c5e82a69265c98082e795d1442df7ca6edc3a545d61214b1 \
Synthetic Python 3.14	Build distribution and verify wheel installation	2026-09-23T06:00:06.6793387Z     --hash=sha256:654aae059295dbba6ecd2328ca12712a2cf1676214c8699f1c29213f7ccf9c34 \
Synthetic Python 3.14	Build distribution and verify wheel installation	2026-09-23T06:00:06.6793889Z     --hash=sha256:66b07ef7315a31bfe1089cd3d71a7de781c9dca986762d0b4fe7c0ef17465d10 \
Synthetic Python 3.14	Build distribution and verify wheel installation	2026-09-23T06:00:06.6794549Z     --hash=sha256:6ff482fa91fa2bafd92e8fe66ce3645c851824310f295c1f0a2f96e928fc4541 \
Synthetic Python 3.14	Build distribution and verify wheel installation	2026-09-23T06:00:06.6795094Z     --hash=sha256:77ccbe5057aece6fc172b9b77f19c04335af6882bc2e10c8f3ee4e6bfb3da553 \
Synthetic Python 3.14	Build distribution and verify wheel installation	2026-09-23T06:00:06.6795586Z     --hash=sha256:9ae8073aed8e21d1a7fe263dcdc6840743549722a6738198a0a46000fa9476f2 \
Synthetic Python 3.14	Build distribution and verify wheel installation	2026-09-23T06:00:06.6796114Z     --hash=sha256:9e492cd4bdba6778de4fe0df7f4590c012161ebcf9902dce01b01dc683105514 \
Synthetic Python 3.14	Build distribution and verify wheel installation	2026-09-23T06:00:06.6796610Z     --hash=sha256:a4dbd4dc65cbe645b92b8785d0f96dd7311010dc6606cf620e51b07b8788a12a \
Synthetic Python 3.14	Build distribution and verify wheel installation	2026-09-23T06:00:06.6797087Z     --hash=sha256:b27c8d890e4aa2171437ae2a39de1d215e674158e4865c4023a8b31c932513b2 \
Synthetic Python 3.14	Build distribution and verify wheel installation	2026-09-23T06:00:06.6797625Z     --hash=sha256:bd75ed0c840f709fc2ae26ddd9534ac77ca1a48ac0cce521a74acaa85f3340a7 \
Synthetic Python 3.14	Build distribution and verify wheel installation	2026-09-23T06:00:06.6798257Z     --hash=sha256:cc39303913e2ea129915670de5d1c9fbd647f543bb72e5543bac8baa94e9e42f \
Synthetic Python 3.14	Build distribution and verify wheel installation	2026-09-23T06:00:06.6798970Z     --hash=sha256:d7dcd21238cbb4828ff148481ba01cac8946dc5121457b5aeba28636f8f99a60 \
Synthetic Python 3.14	Build distribution and verify wheel installation	2026-09-23T06:00:06.6799702Z     --hash=sha256:db7ec631f26223beee8e5c9e0b8f23c24d8197bbd1d982421d4e3188bea51965 \
Synthetic Python 3.14	Build distribution and verify wheel installation	2026-09-23T06:00:06.6800375Z     --hash=sha256:ee913a91669056c1de1a6b733fbfeab711de9e54e3bee2dfa5fe79d9457247d1 \
Synthetic Python 3.14	Build distribution and verify wheel installation	2026-09-23T06:00:06.6800923Z     --hash=sha256:ef738d71d1059245b6bb03e312be06d8b3821326a83486c1ad03b9aba3710e44 \
Synthetic Python 3.14	Build distribution and verify wheel installation	2026-09-23T06:00:06.6801403Z     --hash=sha256:f3ce8a6968045481e91a3990e797e348ce13db45ee164a7095bbc824e26c09dd \
Synthetic Python 3.14	Build distribution and verify wheel installation	2026-09-23T06:00:06.6801891Z     --hash=sha256:f8029ec0f1f89e4f985929ce1f6626dabf3140d61a4e9c1215afdab34eaf9a5d \
Synthetic Python 3.14	Build distribution and verify wheel installation	2026-09-23T06:00:06.6802394Z     --hash=sha256:fb625f426b375bcc96e3a04c5d5d266cd7be6ae5d6866e0e703382ab5164068c \
Synthetic Python 3.14	Build distribution and verify wheel installation	2026-09-23T06:00:06.6802892Z     --hash=sha256:ff51a4459ed036e93d1eb1bb5e6e7b28685d3cb6b7c12b91c05b31024e234729
Synthetic Python 3.14	Build distribution and verify wheel installation	2026-09-23T06:00:06.6803335Z     # via brasileirao-predictor
Synthetic Python 3.14	Build distribution and verify wheel installation	2026-09-23T06:00:06.6803941Z predictor-core @ https://github.com/leonardosovienski/core-predictor/releases/download/v3.2.1/predictor_core-3.2.1-py3-none-any.whl \
Synthetic Python 3.14	Build distribution and verify wheel installation	2026-09-23T06:00:06.6804675Z     --hash=sha256:10ef42f34ace8bb2df5f83ff7de2ceec79b035a25ea0a690e8942bd60d2fb4e3
Synthetic Python 3.14	Build distribution and verify wheel installation	2026-09-23T06:00:06.6805101Z     # via brasileirao-predictor
Synthetic Python 3.14	Build distribution and verify wheel installation	2026-09-23T06:00:06.6805696Z predictor-ops @ https://github.com/leonardosovienski/predictor-ops/releases/download/v4.2.1/predictor_ops-4.2.1-py3-none-any.whl \
Synthetic Python 3.14	Build distribution and verify wheel installation	2026-09-23T06:00:06.6806652Z     --hash=sha256:da4fa540703879669caba919521ec7d3c33734b5d57781122823df8817346f0e
Synthetic Python 3.14	Build distribution and verify wheel installation	2026-09-23T06:00:06.6807199Z     # via brasileirao-predictor
Synthetic Python 3.14	Build distribution and verify wheel installation	2026-09-23T06:00:06.6807547Z pydantic==2.13.5 \
Synthetic Python 3.14	Build distribution and verify wheel installation	2026-09-23T06:00:06.6808253Z     --hash=sha256:346a034f080da3755d8e9cb5e00e8b07de1d39e4f6e2c87d8ab7cafa0b269a73 \
Synthetic Python 3.14	Build distribution and verify wheel installation	2026-09-23T06:00:06.6808968Z     --hash=sha256:51a9c5f7b2f8e636f04c6cada605d9b6a3bf1348fdf945a3d8869b19bba0ee08
Synthetic Python 3.14	Build distribution and verify wheel installation	2026-09-23T06:00:06.6809560Z     # via
Synthetic Python 3.14	Build distribution and verify wheel installation	2026-09-23T06:00:06.6809862Z     #   brasileirao-predictor
Synthetic Python 3.14	Build distribution and verify wheel installation	2026-09-23T06:00:06.6810202Z     #   predictor-ops
Synthetic Python 3.14	Build distribution and verify wheel installation	2026-09-23T06:00:06.6810594Z     #   pydantic-settings
Synthetic Python 3.14	Build distribution and verify wheel installation	2026-09-23T06:00:06.6810959Z pydantic-core==2.46.5 \
Synthetic Python 3.14	Build distribution and verify wheel installation	2026-09-23T06:00:06.6811460Z     --hash=sha256:03b9666e41e35d8909852ba191a0607520f81b74eaf12ccf8737005dbb313821 \
Synthetic Python 3.14	Build distribution and verify wheel installation	2026-09-23T06:00:06.6812189Z     --hash=sha256:045ab3b6d308439e32b81cc173bba5b9018bc6ed896afd0c65b3b009b1699af5 \
Synthetic Python 3.14	Build distribution and verify wheel installation	2026-09-23T06:00:06.6813120Z     --hash=sha256:0cdbada856a1c69a7624a64d3d9aefe79300bd6ef827b43a4f265010b9b55184 \
Synthetic Python 3.14	Build distribution and verify wheel installation	2026-09-23T06:00:06.6813859Z     --hash=sha256:10416c15b8839ecc4ef4d0885da76da6fd0f67333a0eb8aff6d93c4b8f2910fc \
Synthetic Python 3.14	Build distribution and verify wheel installation	2026-09-23T06:00:06.6814586Z     --hash=sha256:15f4a94963c95accac15b7b657bb177d3ad82bb90b0d0526d9a9b85079925db5 \
Synthetic Python 3.14	Build distribution and verify wheel installation	2026-09-23T06:00:06.6815330Z     --hash=sha256:193375f3548919d3f0b60936ca113ada3e38f264f91b9b8e0508efaad57be931 \
Synthetic Python 3.14	Build distribution and verify wheel installation	2026-09-23T06:00:06.6816127Z     --hash=sha256:1a353f84de772f423b5ffb11d7ae352fbbef0f446f3c0b0af0f8236d7233606e \
Synthetic Python 3.14	Build distribution and verify wheel installation	2026-09-23T06:00:06.6816899Z     --hash=sha256:24922243639cbdac66c75fcb6fd6495a9cb52b213d62f9a0d16f0310b1ff8038 \
Synthetic Python 3.14	Build distribution and verify wheel installation	2026-09-23T06:00:06.6817720Z     --hash=sha256:2cbd9a5eff05e51c447c34dfa4632145b26b09120cf04bd0c871e44c1a5e1c9a \
Synthetic Python 3.14	Build distribution and verify wheel installation	2026-09-23T06:00:06.6818769Z     --hash=sha256:2d5d76654becf5efd62c9e51c3756c67b49498b0c9a40884934c40807adbd074 \
Synthetic Python 3.14	Build distribution and verify wheel installation	2026-09-23T06:00:06.6819528Z     --hash=sha256:37ae34309d7bd8c0d61ab839668058f2a7962ea1fc51d105d2db228fe0618034 \
Synthetic Python 3.14	Build distribution and verify wheel installation	2026-09-23T06:00:06.6820303Z     --hash=sha256:37ea7b83c935e5b0d68c9449b82651accf78a10828b2c02b2f2d9e9496446c21 \
Synthetic Python 3.14	Build distribution and verify wheel installation	2026-09-23T06:00:06.6821044Z     --hash=sha256:46c25dda9d092a06c08db76ffe0a197107904d0dfac653f7d5306bbcd6d6119c \
Synthetic Python 3.14	Build distribution and verify wheel installation	2026-09-23T06:00:06.6821821Z     --hash=sha256:5086029a57366b8cf81b130a43908738095c270c21a8d7f0e8bdfdb89718e2f3 \
Synthetic Python 3.14	Build distribution and verify wheel installation	2026-09-23T06:00:06.6822514Z     --hash=sha256:52e24eacdb536cade636aa90fb851835222becff8484b7001fdc78cb0290f2aa \
Synthetic Python 3.14	Build distribution and verify wheel installation	2026-09-23T06:00:06.6823249Z     --hash=sha256:545f26c504b27c3758439a5e6d9349931f0a04f855668d5fe323c89e82300a38 \
Synthetic Python 3.14	Build distribution and verify wheel installation	2026-09-23T06:00:06.6823986Z     --hash=sha256:54d510bac3ee52247af28ed4bb18a1e799f040ac60fd2bf5ccd4c92f1fbe786f \
Synthetic Python 3.14	Build distribution and verify wheel installation	2026-09-23T06:00:06.6824762Z     --hash=sha256:5ee239d575f80b08eca11f6e20f90c4c695de7825c67eefe6091fbf20dda648e \
Synthetic Python 3.14	Build distribution and verify wheel installation	2026-09-23T06:00:06.6825465Z     --hash=sha256:5f194189415698233dd1114a093a9b56e61e2c57e11b469be3b0506f46f0771c \
Synthetic Python 3.14	Build distribution and verify wheel installation	2026-09-23T06:00:06.6826053Z     --hash=sha256:6f7b393a8b3da82f5c1fc0751e6d01ac6c55b93c18226a60bdfba4a724efafd1 \
Synthetic Python 3.14	Build distribution and verify wheel installation	2026-09-23T06:00:06.6826634Z     --hash=sha256:79bdfa52f843137045b2d081cc05c120ba6665d29b7559c2c47690906f39279f \
Synthetic Python 3.14	Build distribution and verify wheel installation	2026-09-23T06:00:06.6827313Z     --hash=sha256:7ac031912d54f3d83ef3b3eb98dfabc1608802e2202263d25957eeed40b94761 \
Synthetic Python 3.14	Build distribution and verify wheel installation	2026-09-23T06:00:06.6828011Z     --hash=sha256:82a36973cf8a2ef5406f4fe2edbf8ed0c99629535d959e0b100c76a32535a111 \
Synthetic Python 3.14	Build distribution and verify wheel installation	2026-09-23T06:00:06.6828572Z     --hash=sha256:837b396ca3d7b74091ca623f6cbd8351bd42d670a79c2683e79fb089f06a2de5 \
Synthetic Python 3.14	Build distribution and verify wheel installation	2026-09-23T06:00:06.6829087Z     --hash=sha256:8816f3d218beb4b787de5c9759c259b8fa61f9dec42dc7811f320a33771778b7 \
Synthetic Python 3.14	Build distribution and verify wheel installation	2026-09-23T06:00:06.6829573Z     --hash=sha256:976e1128455aa595ea04c79ccfedff1aaeab96ee013fcc916bed120c4f0ad94f \
Synthetic Python 3.14	Build distribution and verify wheel installation	2026-09-23T06:00:06.6830429Z     --hash=sha256:97bf8de4d541598c94a59344eeb988a94c08ff76b5723c41f6567ec18c7892ea \
Synthetic Python 3.14	Build distribution and verify wheel installation	2026-09-23T06:00:06.6830942Z     --hash=sha256:97cf3eb53a8cccacf9d46686a0926186c9bfb5574f2ed66d3639d5fe117cd3a9 \
Synthetic Python 3.14	Build distribution and verify wheel installation	2026-09-23T06:00:06.6831463Z     --hash=sha256:9c4b71f10dd532fb7a5cbc8f58707779e64f03a258c2bf8bfbaecfcd9970b519 \
Synthetic Python 3.14	Build distribution and verify wheel installation	2026-09-23T06:00:06.6832036Z     --hash=sha256:a2a5e1d0ff29adddc9f6d6821a66302e4493f8ca898b715b6b1182c2c201ea0a \
Synthetic Python 3.14	Build distribution and verify wheel installation	2026-09-23T06:00:06.6832532Z     --hash=sha256:a91c17edf6eea2402cb5457b4c89e99bc5ed1004aa34c4adf1d4258c1a5c22c2 \
Synthetic Python 3.14	Build distribution and verify wheel installation	2026-09-23T06:00:06.6833064Z     --hash=sha256:acf8a67ba51f4ca9ddbd0e6b3000a65ac51ab734661778b3e7ba64d99a710f2f \
Synthetic Python 3.14	Build distribution and verify wheel installation	2026-09-23T06:00:06.6833558Z     --hash=sha256:b49924c73a235e969511bf2aabdff3beebf9820931f646c80274d5d780010c47 \
Synthetic Python 3.14	Build distribution and verify wheel installation	2026-09-23T06:00:06.6834110Z     --hash=sha256:b7ca9034437b6022f941f4857459562ee00a560b97e7cce8a0ec5a74fc6766e0 \
Synthetic Python 3.14	Build distribution and verify wheel installation	2026-09-23T06:00:06.6834632Z     --hash=sha256:bce57638e08ac148e5778cce7feb968307a727d66f8e2274a543d0cf0c9ad6a3 \
Synthetic Python 3.14	Build distribution and verify wheel installation	2026-09-23T06:00:06.6835122Z     --hash=sha256:c1c43ad4339643d70ebb8124e1305a7dab423001eff58bb41a0f731adbc98355 \
Synthetic Python 3.14	Build distribution and verify wheel installation	2026-09-23T06:00:06.6835646Z     --hash=sha256:c76fe65e607be28c7fd4d56fc3c42b1583aa058ce3408b7ad0fd540171d31f9f \
Synthetic Python 3.14	Build distribution and verify wheel installation	2026-09-23T06:00:06.6836133Z     --hash=sha256:cdbb78909f52b981d3b2d56b97328d71eb0b974c36bd77c920123a7ebb192829 \
Synthetic Python 3.14	Build distribution and verify wheel installation	2026-09-23T06:00:06.6836708Z     --hash=sha256:d22a945598fb91236b4dd793a6e42e4f3dd7740bb5aace5ebd7d4c08d13bb575 \
Synthetic Python 3.14	Build distribution and verify wheel installation	2026-09-23T06:00:06.6837200Z     --hash=sha256:d2f9fc07a8042a8f95925b35c4f04f469707c981fc33245b6ca187cf5d2dd290 \
Synthetic Python 3.14	Build distribution and verify wheel installation	2026-09-23T06:00:06.6837684Z     --hash=sha256:e64e88d5585bea9ce95861079de72006c7fa6d3df4e3a3b65ba31eb979c15c9f \
Synthetic Python 3.14	Build distribution and verify wheel installation	2026-09-23T06:00:06.6838495Z     --hash=sha256:e7b891faeedeafba41b2983e5001a81b6a915b69544c7e7570d1989ce1c36ac7 \
Synthetic Python 3.14	Build distribution and verify wheel installation	2026-09-23T06:00:06.6838992Z     --hash=sha256:e80675d75ae2cd14372cb65cad5400d9347a3d3f6c13000183f22dfd027283ed \
Synthetic Python 3.14	Build distribution and verify wheel installation	2026-09-23T06:00:06.6839535Z     --hash=sha256:f332f0e72a5a0400141f830744e141bf9f97917878dbe968669e8a7fefea78ff \
Synthetic Python 3.14	Build distribution and verify wheel installation	2026-09-23T06:00:06.6840034Z     --hash=sha256:fa10ef4112775900e7a0661068635eb67b2ab824fbde764de6e0e21982a93db0 \
Synthetic Python 3.14	Build distribution and verify wheel installation	2026-09-23T06:00:06.6840517Z     --hash=sha256:ff218293c9c806138dca139765e3b067621be52bcd93cdc14c7711be7ddc90a9
Synthetic Python 3.14	Build distribution and verify wheel installation	2026-09-23T06:00:06.6840919Z     # via pydantic
Synthetic Python 3.14	Build distribution and verify wheel installation	2026-09-23T06:00:06.6841194Z pydantic-settings==2.15.0 \
Synthetic Python 3.14	Build distribution and verify wheel installation	2026-09-23T06:00:06.6841591Z     --hash=sha256:0ba092c291c94baceb5eff768aa0d56400a457585bc0175925a5a5510303da42 \
Synthetic Python 3.14	Build distribution and verify wheel installation	2026-09-23T06:00:06.6842109Z     --hash=sha256:694b793e84f766ba76a90ebdefc01d0a9a045dab0382bee70393da93712ad117
Synthetic Python 3.14	Build distribution and verify wheel installation	2026-09-23T06:00:06.6842521Z     # via
Synthetic Python 3.14	Build distribution and verify wheel installation	2026-09-23T06:00:06.6842787Z     #   brasileirao-predictor
Synthetic Python 3.14	Build distribution and verify wheel installation	2026-09-23T06:00:06.6843074Z     #   predictor-ops
Synthetic Python 3.14	Build distribution and verify wheel installation	2026-09-23T06:00:06.6843361Z python-dateutil==2.9.0.post0 \
Synthetic Python 3.14	Build distribution and verify wheel installation	2026-09-23T06:00:06.6843767Z     --hash=sha256:37dd54208da7e1cd875388217d5e00ebd4179249f90fb72437e91a35459a0ad3 \
Synthetic Python 3.14	Build distribution and verify wheel installation	2026-09-23T06:00:06.6844261Z     --hash=sha256:a8b2bc7bffae282281c8140a97d3aa9c14da0b136dfe83f850eea9a5f7470427
Synthetic Python 3.14	Build distribution and verify wheel installation	2026-09-23T06:00:06.6844653Z     # via pandas
Synthetic Python 3.14	Build distribution and verify wheel installation	2026-09-23T06:00:06.6844922Z python-dotenv==1.2.3 \
Synthetic Python 3.14	Build distribution and verify wheel installation	2026-09-23T06:00:06.6845320Z     --hash=sha256:904552145e8bfed22162c09dab1c2b9b54fefa7b23ba780f4f26ca0316b0f0d9 \
Synthetic Python 3.14	Build distribution and verify wheel installation	2026-09-23T06:00:06.6845847Z     --hash=sha256:a20a594dabeaa385725aa239d5244871c143ecb356add8a20fcf23773a6c3a35
Synthetic Python 3.14	Build distribution and verify wheel installation	2026-09-23T06:00:06.6846246Z     # via pydantic-settings
Synthetic Python 3.14	Build distribution and verify wheel installation	2026-09-23T06:00:06.6846521Z pyyaml==6.0.3 \
Synthetic Python 3.14	Build distribution and verify wheel installation	2026-09-23T06:00:06.6846889Z     --hash=sha256:00c4bdeba853cc34e7dd471f16b4114f4162dc03e6b7afcc2128711f0eca823c \
Synthetic Python 3.14	Build distribution and verify wheel installation	2026-09-23T06:00:06.6847404Z     --hash=sha256:02893d100e99e03eda1c8fd5c441d8c60103fd175728e23e431db1b589cf5ab3 \
Synthetic Python 3.14	Build distribution and verify wheel installation	2026-09-23T06:00:06.6848124Z     --hash=sha256:0f29edc409a6392443abf94b9cf89ce99889a1dd5376d94316ae5145dfedd5d6 \
Synthetic Python 3.14	Build distribution and verify wheel installation	2026-09-23T06:00:06.6848620Z     --hash=sha256:16249ee61e95f858e83976573de0f5b2893b3677ba71c9dd36b9cf8be9ac6d65 \
Synthetic Python 3.14	Build distribution and verify wheel installation	2026-09-23T06:00:06.6849140Z     --hash=sha256:2283a07e2c21a2aa78d9c4442724ec1eb15f5e42a723b99cb3d822d48f5f7ad1 \
Synthetic Python 3.14	Build distribution and verify wheel installation	2026-09-23T06:00:06.6849643Z     --hash=sha256:34d5fcd24b8445fadc33f9cf348c1047101756fd760b4dacb5c3e99755703310 \
Synthetic Python 3.14	Build distribution and verify wheel installation	2026-09-23T06:00:06.6850232Z     --hash=sha256:4a2e8cebe2ff6ab7d1050ecd59c25d4c8bd7e6f400f5f82b96557ac0abafd0ac \
Synthetic Python 3.14	Build distribution and verify wheel installation	2026-09-23T06:00:06.6850753Z     --hash=sha256:4ad1906908f2f5ae4e5a8ddfce73c320c2a1429ec52eafd27138b7f1cbe341c9 \
Synthetic Python 3.14	Build distribution and verify wheel installation	2026-09-23T06:00:06.6851247Z     --hash=sha256:501a031947e3a9025ed4405a168e6ef5ae3126c59f90ce0cd6f2bfc477be31b7 \
Synthetic Python 3.14	Build distribution and verify wheel installation	2026-09-23T06:00:06.6851720Z     --hash=sha256:5190d403f121660ce8d1d2c1bb2ef1bd05b5f68533fc5c2ea899bd15f4399b35 \
Synthetic Python 3.14	Build distribution and verify wheel installation	2026-09-23T06:00:06.6852236Z     --hash=sha256:5498cd1645aa724a7c71c8f378eb29ebe23da2fc0d7a08071d89469bf1d2defb \
Synthetic Python 3.14	Build distribution and verify wheel installation	2026-09-23T06:00:06.6852774Z     --hash=sha256:66e1674c3ef6f541c35191caae2d429b967b99e02040f5ba928632d9a7f0f065 \
Synthetic Python 3.14	Build distribution and verify wheel installation	2026-09-23T06:00:06.6853266Z     --hash=sha256:6adc77889b628398debc7b65c073bcb99c4a0237b248cacaf3fe8a557563ef6c \
Synthetic Python 3.14	Build distribution and verify wheel installation	2026-09-23T06:00:06.6853756Z     --hash=sha256:79005a0d97d5ddabfeeea4cf676af11e647e41d81c9a7722a193022accdb6b7c \
Synthetic Python 3.14	Build distribution and verify wheel installation	2026-09-23T06:00:06.6854225Z     --hash=sha256:7c6610def4f163542a622a73fb39f534f8c101d690126992300bf3207eab9764 \
Synthetic Python 3.14	Build distribution and verify wheel installation	2026-09-23T06:00:06.6854753Z     --hash=sha256:8d1fab6bb153a416f9aeb4b8763bc0f22a5586065f86f7664fc23339fc1c1fac \
Synthetic Python 3.14	Build distribution and verify wheel installation	2026-09-23T06:00:06.6855245Z     --hash=sha256:8da9669d359f02c0b91ccc01cac4a67f16afec0dac22c2ad09f46bee0697eba8 \
Synthetic Python 3.14	Build distribution and verify wheel installation	2026-09-23T06:00:06.6855804Z     --hash=sha256:93dda82c9c22deb0a405ea4dc5f2d0cda384168e466364dec6255b293923b2f3 \
Synthetic Python 3.14	Build distribution and verify wheel installation	2026-09-23T06:00:06.6856336Z     --hash=sha256:a33284e20b78bd4a18c8c2282d549d10bc8408a2a7ff57653c0cf0b9be0afce5 \
Synthetic Python 3.14	Build distribution and verify wheel installation	2026-09-23T06:00:06.6856813Z     --hash=sha256:a80cb027f6b349846a3bf6d73b5e95e782175e52f22108cfa17876aaeff93702 \
Synthetic Python 3.14	Build distribution and verify wheel installation	2026-09-23T06:00:06.6857346Z     --hash=sha256:b3bc83488de33889877a0f2543ade9f70c67d66d9ebb4ac959502e12de895788 \
Synthetic Python 3.14	Build distribution and verify wheel installation	2026-09-23T06:00:06.6858105Z     --hash=sha256:c1ff362665ae507275af2853520967820d9124984e0f7466736aea23d8611fba \
Synthetic Python 3.14	Build distribution and verify wheel installation	2026-09-23T06:00:06.6858599Z     --hash=sha256:c458b6d084f9b935061bc36216e8a69a7e293a2f1e68bf956dcd9e6cbcd143f5 \
Synthetic Python 3.14	Build distribution and verify wheel installation	2026-09-23T06:00:06.6859099Z     --hash=sha256:d0eae10f8159e8fdad514efdc92d74fd8d682c933a6dd088030f3834bc8e6b26 \
Synthetic Python 3.14	Build distribution and verify wheel installation	2026-09-23T06:00:06.6859599Z     --hash=sha256:d76623373421df22fb4cf8817020cbb7ef15c725b9d5e45f17e189bfc384190f \
Synthetic Python 3.14	Build distribution and verify wheel installation	2026-09-23T06:00:06.6860150Z     --hash=sha256:ebc55a14a21cb14062aa4162f906cd962b28e2e9ea38f9b4391244cd8de4ae0b \
Synthetic Python 3.14	Build distribution and verify wheel installation	2026-09-23T06:00:06.6860649Z     --hash=sha256:eda16858a3cab07b80edaf74336ece1f986ba330fdb8ee0d6c0d68fe82bc96be \
Synthetic Python 3.14	Build distribution and verify wheel installation	2026-09-23T06:00:06.6861143Z     --hash=sha256:ee2922902c45ae8ccada2c5b501ab86c36525b883eff4255313a253a3160861c \
Synthetic Python 3.14	Build distribution and verify wheel installation	2026-09-23T06:00:06.6861641Z     --hash=sha256:f7057c9a337546edc7973c0d3ba84ddcdf0daa14533c2065749c9075001090e6
Synthetic Python 3.14	Build distribution and verify wheel installation	2026-09-23T06:00:06.6862042Z     # via brasileirao-predictor
Synthetic Python 3.14	Build distribution and verify wheel installation	2026-09-23T06:00:06.6862372Z referencing==0.37.0 \
Synthetic Python 3.14	Build distribution and verify wheel installation	2026-09-23T06:00:06.6862729Z     --hash=sha256:381329a9f99628c9069361716891d34ad94af76e461dcb0335825aecc7692231 \
Synthetic Python 3.14	Build distribution and verify wheel installation	2026-09-23T06:00:06.6863244Z     --hash=sha256:44aefc3142c5b842538163acb373e24cce6632bd54bdb01b21ad5863489f50d8
Synthetic Python 3.14	Build distribution and verify wheel installation	2026-09-23T06:00:06.6863635Z     # via
Synthetic Python 3.14	Build distribution and verify wheel installation	2026-09-23T06:00:06.6863881Z     #   jsonschema
Synthetic Python 3.14	Build distribution and verify wheel installation	2026-09-23T06:00:06.6864194Z     #   jsonschema-specifications
Synthetic Python 3.14	Build distribution and verify wheel installation	2026-09-23T06:00:06.6864484Z requests==2.34.2 \
Synthetic Python 3.14	Build distribution and verify wheel installation	2026-09-23T06:00:06.6864829Z     --hash=sha256:2a0d60c172f83ac6ab31e4554906c0f3b3588d37b5cb939b1c061f4907e278e0 \
Synthetic Python 3.14	Build distribution and verify wheel installation	2026-09-23T06:00:06.6865346Z     --hash=sha256:f288924cae4e29463698d6d60bc6a4da69c89185ad1e0bcc4104f584e960b9ed
Synthetic Python 3.14	Build distribution and verify wheel installation	2026-09-23T06:00:06.6865745Z     # via brasileirao-predictor
Synthetic Python 3.14	Build distribution and verify wheel installation	2026-09-23T06:00:06.6866049Z rpds-py==2026.6.3 \
Synthetic Python 3.14	Build distribution and verify wheel installation	2026-09-23T06:00:06.6866467Z     --hash=sha256:0be972be84cfcaf46c8c6edf690ca0f154ac17babf1f6a955a51579b34ad2dc5 \
Synthetic Python 3.14	Build distribution and verify wheel installation	2026-09-23T06:00:06.6866960Z     --hash=sha256:166cf54d9f44fc6ceb53c7860258dde44a81406646de79f8ed3234fca3b6e538 \
Synthetic Python 3.14	Build distribution and verify wheel installation	2026-09-23T06:00:06.6867558Z     --hash=sha256:1cebd1337c242e4ec2293e541f712b2da849b29f48f0c293684b71c0632625d4 \
Synthetic Python 3.14	Build distribution and verify wheel installation	2026-09-23T06:00:06.6868220Z     --hash=sha256:1cf01971c4f2c5553b772a542e4aaf191789cd331bc2cd4ff0e6e65ba49e1e97 \
Synthetic Python 3.14	Build distribution and verify wheel installation	2026-09-23T06:00:06.6868761Z     --hash=sha256:29dfa0533a5d4c94d4dfa1b694fcb56c9c63aad8330ffdd816fd225d0a7a162f \
Synthetic Python 3.14	Build distribution and verify wheel installation	2026-09-23T06:00:06.6869322Z     --hash=sha256:2a9c6f195058cb45335e8cc3802745c603d716eb96bc9625950c1aac71c0c703 \
Synthetic Python 3.14	Build distribution and verify wheel installation	2026-09-23T06:00:06.6869806Z     --hash=sha256:3cfe765c1da0072636ca06628261e0ea05688e160d5c8a03e0217c3854037223 \
Synthetic Python 3.14	Build distribution and verify wheel installation	2026-09-23T06:00:06.6870329Z     --hash=sha256:425560c6fa0415f27261727bb20bd097568485e5eb0c121f1949417d1c516885 \
Synthetic Python 3.14	Build distribution and verify wheel installation	2026-09-23T06:00:06.6870834Z     --hash=sha256:4470ce197d4090875cf6affbf1f853338387428df97c4fb7b7106317b8214698 \
Synthetic Python 3.14	Build distribution and verify wheel installation	2026-09-23T06:00:06.6871332Z     --hash=sha256:4f4bca01b63096f606e095734dd56e74e175f94cfbf24ff3d63281cec61f7bb7 \
Synthetic Python 3.14	Build distribution and verify wheel installation	2026-09-23T06:00:06.6871858Z     --hash=sha256:536bceea4fa4acf7e1c61da2b5786304367c816c8895be71b8f537c480b0ea1f \
Synthetic Python 3.14	Build distribution and verify wheel installation	2026-09-23T06:00:06.6872358Z     --hash=sha256:539d75de9e0d536c84ff18dfeb805398e58227001ce09231a26a08b9aed1ee0e \
Synthetic Python 3.14	Build distribution and verify wheel installation	2026-09-23T06:00:06.6872983Z     --hash=sha256:54f45a148e28767bf343d33a684693c70e451c6f4c0e9904709a723fafbdfc1f \
Synthetic Python 3.14	Build distribution and verify wheel installation	2026-09-23T06:00:06.6873510Z     --hash=sha256:639c8929aa0afe81be836b04de888460d6bed38b9c54cfc18da8f6bfabf5af5d \
Synthetic Python 3.14	Build distribution and verify wheel installation	2026-09-23T06:00:06.6874049Z     --hash=sha256:6de4744d05bd1aa1be4ed7ea1189e3979196808008113bbbf899a460966b925e \
Synthetic Python 3.14	Build distribution and verify wheel installation	2026-09-23T06:00:06.6874549Z     --hash=sha256:8020133a74bd81b4572dd8e4be028a6b1ebcd70e6726edc3918008c08bee6ee6 \
Synthetic Python 3.14	Build distribution and verify wheel installation	2026-09-23T06:00:06.6875098Z     --hash=sha256:842e7b070435622248c7a2c44ae53fa1440e073cc3023bc919fed570884097a7 \
Synthetic Python 3.14	Build distribution and verify wheel installation	2026-09-23T06:00:06.6875589Z     --hash=sha256:847927daf4cffbd4e90e42bc890069897101edd015f956cb8721b3473372edda \
Synthetic Python 3.14	Build distribution and verify wheel installation	2026-09-23T06:00:06.6876087Z     --hash=sha256:882076c00c0a608b131187055ddc5ae29f2e7eaf870d6168980420d58528a5c8 \
Synthetic Python 3.14	Build distribution and verify wheel installation	2026-09-23T06:00:06.6876560Z     --hash=sha256:8c3d1e9c15b9d51ca0391e13da1a25a0a4df3c58a37c9dc368e0736cf7f69df0 \
Synthetic Python 3.14	Build distribution and verify wheel installation	2026-09-23T06:00:06.6877081Z     --hash=sha256:8c6e5a2f750cc71c3e3b11d71661f21d6f9bc6cebc6564b1466417a1ec03ec77 \
Synthetic Python 3.14	Build distribution and verify wheel installation	2026-09-23T06:00:06.6877601Z     --hash=sha256:900a67df3fd1660b035a4761c4ce73c382ea6b35f90f9863c36c6fd8bf8b09bb \
Synthetic Python 3.14	Build distribution and verify wheel installation	2026-09-23T06:00:06.6878404Z     --hash=sha256:9250a9a0a6fd4648b3f868da8d91a4c52b5811a62df58e753d50ae4454a36f80 \
Synthetic Python 3.14	Build distribution and verify wheel installation	2026-09-23T06:00:06.6878913Z     --hash=sha256:931908d9fc855d8f74783377822be318edb6dcb19e47169dc038f9a1bf60b06e \
Synthetic Python 3.14	Build distribution and verify wheel installation	2026-09-23T06:00:06.6879378Z     --hash=sha256:9826217f048f620d9a712672818bf231442c1b35d96b227a07eabd11b4bb6945 \
Synthetic Python 3.14	Build distribution and verify wheel installation	2026-09-23T06:00:06.6879882Z     --hash=sha256:a550fb4950a06dde3beb4721f5ad4b25bf4513784665b0a8522c792e2bd822a4 \
Synthetic Python 3.14	Build distribution and verify wheel installation	2026-09-23T06:00:06.6880380Z     --hash=sha256:aca6c1ef08a82bfe327cc156da694660f599923e2e6665b6d81c9c2d0ac9ffc8 \
Synthetic Python 3.14	Build distribution and verify wheel installation	2026-09-23T06:00:06.6880871Z     --hash=sha256:acac386b453c2516111b50985d60ce46e7fadb5ea71ae7b25f4c946935bf27cf \
Synthetic Python 3.14	Build distribution and verify wheel installation	2026-09-23T06:00:06.6881416Z     --hash=sha256:ae50181a047c871561212bb97f7932a2d45fb53e947bd9b57ebad85b529cbc53 \
Synthetic Python 3.14	Build distribution and verify wheel installation	2026-09-23T06:00:06.6881897Z     --hash=sha256:af05d726809bff6b141be124d4c7ce998f9c9c7f30edb1f46c07aa103d540b41 \
Synthetic Python 3.14	Build distribution and verify wheel installation	2026-09-23T06:00:06.6882402Z     --hash=sha256:afd70d95892096cdb26f15a00c45907b17817577aa8d1c76b2dcc2788391f9e9 \
Synthetic Python 3.14	Build distribution and verify wheel installation	2026-09-23T06:00:06.6883107Z     --hash=sha256:bc0011654b91cc4fb2ae701bec0a0ba1e552c0714247fa7af6c59e0ccfa3a4e1 \
Synthetic Python 3.14	Build distribution and verify wheel installation	2026-09-23T06:00:06.6883619Z     --hash=sha256:bcfbcf66006befb9fd2aeaa9e01feaf881b4dc330a02ba07d2322b1c11be7b5d \
Synthetic Python 3.14	Build distribution and verify wheel installation	2026-09-23T06:00:06.6884145Z     --hash=sha256:c7b9a2f8f4d8e90af72571d3d495deebdd7e3c75451f5b41719aee166e940fc2 \
Synthetic Python 3.14	Build distribution and verify wheel installation	2026-09-23T06:00:06.6884648Z     --hash=sha256:ccffae9a092a00deb7efd545fe5e2c33c33b88e7c054337e9a74c179347d0b7d \
Synthetic Python 3.14	Build distribution and verify wheel installation	2026-09-23T06:00:06.6885187Z     --hash=sha256:cdc7e35386f3847df728fbcb5e887e2d79c19e2fa1eba9e51b6621d23e3243af \
Synthetic Python 3.14	Build distribution and verify wheel installation	2026-09-23T06:00:06.6885676Z     --hash=sha256:d34c20167764fbcf927194d532dd7e0c56772f0a5f943fa5ef9e9afbba8fb9db \
Synthetic Python 3.14	Build distribution and verify wheel installation	2026-09-23T06:00:06.6886160Z     --hash=sha256:d7469697dce35be237db177d42e2a2ee26e6dcc5fc052078a6fefabd288c6edd \
Synthetic Python 3.14	Build distribution and verify wheel installation	2026-09-23T06:00:06.6886682Z     --hash=sha256:dc319e5a1de4b6913aac94bf6a2f9e847371e0a140a43dd4991db1a09bc2d504 \
Synthetic Python 3.14	Build distribution and verify wheel installation	2026-09-23T06:00:06.6887176Z     --hash=sha256:e4316bf32babbed84e691e352faf967ce2f0f024174a8643c37c94a1080374fc \
Synthetic Python 3.14	Build distribution and verify wheel installation	2026-09-23T06:00:06.6887680Z     --hash=sha256:ea7bb13b7c9a29791f87a0387ba7d3ad3a6d783d827e4d3f27b40a0ff44495e2 \
Synthetic Python 3.14	Build distribution and verify wheel installation	2026-09-23T06:00:06.6888395Z     --hash=sha256:ea964164cc9afa72d4d9b23cc28dafae93693c0a53e0b42acbff15b22c3f9ddd \
Synthetic Python 3.14	Build distribution and verify wheel installation	2026-09-23T06:00:06.6888946Z     --hash=sha256:ec829541c45bca16e61c7ae50c20501f213605beb75d1aba91a6ee37fbbb56a4 \
Synthetic Python 3.14	Build distribution and verify wheel installation	2026-09-23T06:00:06.6889452Z     --hash=sha256:f4d78253f6996be4901669ad25319f842f740eccf4d58e3c7f3dd39e6dde1d8f \
Synthetic Python 3.14	Build distribution and verify wheel installation	2026-09-23T06:00:06.6889932Z     --hash=sha256:f90938e92afda60266da758ee7d363447f7f0138c9559f9e1811629580582d90
Synthetic Python 3.14	Build distribution and verify wheel installation	2026-09-23T06:00:06.6890320Z     # via
Synthetic Python 3.14	Build distribution and verify wheel installation	2026-09-23T06:00:06.6890560Z     #   jsonschema
Synthetic Python 3.14	Build distribution and verify wheel installation	2026-09-23T06:00:06.6890816Z     #   referencing
Synthetic Python 3.14	Build distribution and verify wheel installation	2026-09-23T06:00:06.6891093Z scipy==1.18.1 \
Synthetic Python 3.14	Build distribution and verify wheel installation	2026-09-23T06:00:06.6891448Z     --hash=sha256:011413b7426b75012840e35649e00fe0a2c3bae89fed433876e3a99251572efc \
Synthetic Python 3.14	Build distribution and verify wheel installation	2026-09-23T06:00:06.6891977Z     --hash=sha256:0e82073ecc7acc6436fac4b31674109c7e1d3e596789767eda01258a8c9e8123 \
Synthetic Python 3.14	Build distribution and verify wheel installation	2026-09-23T06:00:06.6892470Z     --hash=sha256:0fcb3c93519f27bb4f0c4b0f7802cdcaca7fcf93267b75edda2e9f4e8a55cbd7 \
Synthetic Python 3.14	Build distribution and verify wheel installation	2026-09-23T06:00:06.6892983Z     --hash=sha256:11c423f1049c5755ad4409af52a9ada1cff96fe9b50795d4af3619f292901239 \
Synthetic Python 3.14	Build distribution and verify wheel installation	2026-09-23T06:00:06.6893495Z     --hash=sha256:2d3ab0e8c69a17dd3559eab8cbb88f258e285c94d572c2719033f90f83290c89 \
Synthetic Python 3.14	Build distribution and verify wheel installation	2026-09-23T06:00:06.6893980Z     --hash=sha256:3ab3523da44749156e1f68b464dc56af11ae4cbc5c739a49d05f32b982eca9f3 \
Synthetic Python 3.14	Build distribution and verify wheel installation	2026-09-23T06:00:06.6894523Z     --hash=sha256:52c4b7422442aba924d03ad4019852b08a92e64ea187b933135687bfe2747307 \
Synthetic Python 3.14	Build distribution and verify wheel installation	2026-09-23T06:00:06.6895043Z     --hash=sha256:559ed65f60c1af5a03f3912605a1b5114f522c7c32fb23c3376ae8f03219fe28 \
Synthetic Python 3.14	Build distribution and verify wheel installation	2026-09-23T06:00:06.6895533Z     --hash=sha256:75b00eb8fb802090aa903f4ea1c7f5a584779f967361e68b7e98e531cc2d7174 \
Synthetic Python 3.14	Build distribution and verify wheel installation	2026-09-23T06:00:06.6896042Z     --hash=sha256:78a0d7c918e74a232394117160e7e3db503377572a45bcef8826e4ab8a35feba \
Synthetic Python 3.14	Build distribution and verify wheel installation	2026-09-23T06:00:06.6896525Z     --hash=sha256:7f4b8bc363b6d65ee2152bec57568e3c52639bb34c46057b09857a307ed5e21d \
Synthetic Python 3.14	Build distribution and verify wheel installation	2026-09-23T06:00:06.6897015Z     --hash=sha256:83de5453a7799afc9048b4616bd085cef126e36412f0ea2f6370c36a2a3a51e7 \
Synthetic Python 3.14	Build distribution and verify wheel installation	2026-09-23T06:00:06.6897501Z     --hash=sha256:88f0e784020649f88ea48c9f5ddfa403bf9205820667c0914740b392035afb82 \
Synthetic Python 3.14	Build distribution and verify wheel installation	2026-09-23T06:00:06.6898094Z     --hash=sha256:8bcf3c1ba5d6456e2effd30fcbd3459b044d683fcdac79a2e6830f0bdf7de487 \
Synthetic Python 3.14	Build distribution and verify wheel installation	2026-09-23T06:00:06.6898622Z     --hash=sha256:911de823097db8b63f034299d12662db93344e6ffa0b881cbb57748974b70168 \
Synthetic Python 3.14	Build distribution and verify wheel installation	2026-09-23T06:00:06.6899107Z     --hash=sha256:95298364e251be3e60249facbeeca03631d3bb7584f85879516ec55ac717b81f \
Synthetic Python 3.14	Build distribution and verify wheel installation	2026-09-23T06:00:06.6899590Z     --hash=sha256:9554bcc6d715ee87a633a3cc8e7703c6628b100dd29cb8a2efc4c0533c7ff729 \
Synthetic Python 3.14	Build distribution and verify wheel installation	2026-09-23T06:00:06.6900086Z     --hash=sha256:9f2897bf7737392ad0d5213ea7b6add72a4edf5679b3153106aeb88b6507b3b9 \
Synthetic Python 3.14	Build distribution and verify wheel installation	2026-09-23T06:00:06.6900596Z     --hash=sha256:a1d33a7836f7ddc1993427966a0823468ec41bcbdb1a9f9942d1d7e57f803ba3 \
Synthetic Python 3.14	Build distribution and verify wheel installation	2026-09-23T06:00:06.6901098Z     --hash=sha256:ac0333bdf38309aa3dcbe7e3fa7ea29e7a2c37c6ea306a757b700ded8e4596ad \
Synthetic Python 3.14	Build distribution and verify wheel installation	2026-09-23T06:00:06.6901598Z     --hash=sha256:c24acac1e18912761c4700239bbc1fd32f615af690f1584d49b35859be51324d \
Synthetic Python 3.14	Build distribution and verify wheel installation	2026-09-23T06:00:06.6902116Z     --hash=sha256:c825cef2f49e46753726a7181a8e199804a912b29519ada542c6ebc654951899 \
Synthetic Python 3.14	Build distribution and verify wheel installation	2026-09-23T06:00:06.6903069Z     --hash=sha256:cbf38d043c1aa4ab306e1ada6ab6eddacc3322a20b7af1b30bc93254b366fe09 \
Synthetic Python 3.14	Build distribution and verify wheel installation	2026-09-23T06:00:06.6903572Z     --hash=sha256:cd479fc04dd9401e3b4f49e76518768ef99c4f517a98c284eb091fd725719adf \
Synthetic Python 3.14	Build distribution and verify wheel installation	2026-09-23T06:00:06.6904076Z     --hash=sha256:cfbf154f2ba187f2ed6cce2639efff7d105f1140573642c0161615b6d91d6a87 \
Synthetic Python 3.14	Build distribution and verify wheel installation	2026-09-23T06:00:06.6904575Z     --hash=sha256:d416b16cccfd70fbf62400e84d0bb2f4e6af519a45557f1692c749b37f14b315 \
Synthetic Python 3.14	Build distribution and verify wheel installation	2026-09-23T06:00:06.6905056Z     --hash=sha256:ddef79fb382df40104a19bb7151b3b23e57c1778fcf857c71ceecd9bd264513f \
Synthetic Python 3.14	Build distribution and verify wheel installation	2026-09-23T06:00:06.6905579Z     --hash=sha256:e3b417bf8c2c7c16e8f58ad91db17783ec911ac16e7b50eb6eab6e809b4f5b07 \
Synthetic Python 3.14	Build distribution and verify wheel installation	2026-09-23T06:00:06.6906136Z     --hash=sha256:e6fb6a55cc0ba97b59a1f288fb86dc6fce8bdfc0fffcbfd015e3a954bf2a2d93 \
Synthetic Python 3.14	Build distribution and verify wheel installation	2026-09-23T06:00:06.6906657Z     --hash=sha256:ea324d9dd34c38bfb9bec8ca4d1b407db97dbb74029f566b8e322b1b6fe56fe6 \
Synthetic Python 3.14	Build distribution and verify wheel installation	2026-09-23T06:00:06.6907220Z     --hash=sha256:fdaf5ea890a6183d0565f51a61799d67081bd5b1cf03c5f4b3fd3732108625c9
Synthetic Python 3.14	Build distribution and verify wheel installation	2026-09-23T06:00:06.6907617Z     # via brasileirao-predictor
Synthetic Python 3.14	Build distribution and verify wheel installation	2026-09-23T06:00:06.6908043Z six==1.17.0 \
Synthetic Python 3.14	Build distribution and verify wheel installation	2026-09-23T06:00:06.6908404Z     --hash=sha256:4721f391ed90541fddacab5acf947aa0d3dc7d27b2e1e8eda2be8970586c3274 \
Synthetic Python 3.14	Build distribution and verify wheel installation	2026-09-23T06:00:06.6908898Z     --hash=sha256:ff70335d468e7eb6ec65b95b99d3a2836546063f63acc5171de367e834932a81
Synthetic Python 3.14	Build distribution and verify wheel installation	2026-09-23T06:00:06.6909338Z     # via python-dateutil
Synthetic Python 3.14	Build distribution and verify wheel installation	2026-09-23T06:00:06.6909602Z truststore==0.10.4 \
Synthetic Python 3.14	Build distribution and verify wheel installation	2026-09-23T06:00:06.6910009Z     --hash=sha256:9d91bd436463ad5e4ee4aba766628dd6cd7010cf3e2461756b3303710eebc301 \
Synthetic Python 3.14	Build distribution and verify wheel installation	2026-09-23T06:00:06.6910509Z     --hash=sha256:adaeaecf1cbb5f4de3b1959b42d41f6fab57b2b1666adb59e89cb0b53361d981
Synthetic Python 3.14	Build distribution and verify wheel installation	2026-09-23T06:00:06.6910921Z     # via brasileirao-predictor
Synthetic Python 3.14	Build distribution and verify wheel installation	2026-09-23T06:00:06.6911226Z typing-extensions==4.16.0 \
Synthetic Python 3.14	Build distribution and verify wheel installation	2026-09-23T06:00:06.6911609Z     --hash=sha256:481caa481374e813c1b176ada14e97f1f67a4539ce9cfeb3f350d78d6370c2e8 \
Synthetic Python 3.14	Build distribution and verify wheel installation	2026-09-23T06:00:06.6912140Z     --hash=sha256:dc983d19a509c94dba722ee6abd33940f7c05a89e243c47e907eb4db6f1a43e5
Synthetic Python 3.14	Build distribution and verify wheel installation	2026-09-23T06:00:06.6912556Z     # via
Synthetic Python 3.14	Build distribution and verify wheel installation	2026-09-23T06:00:06.6912870Z     #   pydantic
Synthetic Python 3.14	Build distribution and verify wheel installation	2026-09-23T06:00:06.6913133Z     #   pydantic-core
Synthetic Python 3.14	Build distribution and verify wheel installation	2026-09-23T06:00:06.6913401Z     #   typing-inspection
Synthetic Python 3.14	Build distribution and verify wheel installation	2026-09-23T06:00:06.6913894Z typing-inspection==0.4.4 \
Synthetic Python 3.14	Build distribution and verify wheel installation	2026-09-23T06:00:06.6914272Z     --hash=sha256:547274fa6b0a561ccf549cc9524b999a578e737d015d8709d021f9d0d13bea47 \
Synthetic Python 3.14	Build distribution and verify wheel installation	2026-09-23T06:00:06.6914767Z     --hash=sha256:65b8397ba37ccbce054456aaccddfc91e6e3083c92824df348d96ca832f3f147
Synthetic Python 3.14	Build distribution and verify wheel installation	2026-09-23T06:00:06.6915162Z     # via
Synthetic Python 3.14	Build distribution and verify wheel installation	2026-09-23T06:00:06.6915430Z     #   pydantic
Synthetic Python 3.14	Build distribution and verify wheel installation	2026-09-23T06:00:06.6915724Z     #   pydantic-settings
Synthetic Python 3.14	Build distribution and verify wheel installation	2026-09-23T06:00:06.6916074Z tzdata==2026.3 ; sys_platform == 'emscripten' or sys_platform == 'win32' \
Synthetic Python 3.14	Build distribution and verify wheel installation	2026-09-23T06:00:06.6916557Z     --hash=sha256:4a1518b8993086a7982523e071643f3c0e5f213e75b21318e78bcabfff9d1415 \
Synthetic Python 3.14	Build distribution and verify wheel installation	2026-09-23T06:00:06.6917049Z     --hash=sha256:dc096730c87af6cab1b171c9d532be840741ff5d459015e7f6947bd7d7e54931
Synthetic Python 3.14	Build distribution and verify wheel installation	2026-09-23T06:00:06.6917456Z     # via pandas
Synthetic Python 3.14	Build distribution and verify wheel installation	2026-09-23T06:00:06.6917717Z urllib3==2.7.0 \
Synthetic Python 3.14	Build distribution and verify wheel installation	2026-09-23T06:00:06.6918226Z     --hash=sha256:231e0ec3b63ceb14667c67be60f2f2c40a518cb38b03af60abc813da26505f4c \
Synthetic Python 3.14	Build distribution and verify wheel installation	2026-09-23T06:00:06.6918718Z     --hash=sha256:9fb4c81ebbb1ce9531cce37674bbc6f1360472bc18ca9a553ede278ef7276897
Synthetic Python 3.14	Build distribution and verify wheel installation	2026-09-23T06:00:06.6919165Z     # via requests
Synthetic Python 3.14	Build distribution and verify wheel installation	2026-09-23T06:00:06.7236781Z Using Python 3.14.7 environment at: /home/runner/work/_temp/installed
Synthetic Python 3.14	Build distribution and verify wheel installation	2026-09-23T06:00:07.0825970Z Resolved 26 packages in 358ms
Synthetic Python 3.14	Build distribution and verify wheel installation	2026-09-23T06:00:07.1047366Z Installed 26 packages in 21ms
Synthetic Python 3.14	Build distribution and verify wheel installation	2026-09-23T06:00:07.1048177Z  + annotated-types==0.8.0
Synthetic Python 3.14	Build distribution and verify wheel installation	2026-09-23T06:00:07.1048569Z  + attrs==26.1.0
Synthetic Python 3.14	Build distribution and verify wheel installation	2026-09-23T06:00:07.1048930Z  + certifi==2026.7.22
Synthetic Python 3.14	Build distribution and verify wheel installation	2026-09-23T06:00:07.1049331Z  + charset-normalizer==3.5.1
Synthetic Python 3.14	Build distribution and verify wheel installation	2026-09-23T06:00:07.1049821Z  + idna==3.19
Synthetic Python 3.14	Build distribution and verify wheel installation	2026-09-23T06:00:07.1050141Z  + jsonschema==4.26.0
Synthetic Python 3.14	Build distribution and verify wheel installation	2026-09-23T06:00:07.1050576Z  + jsonschema-specifications==2025.9.1
Synthetic Python 3.14	Build distribution and verify wheel installation	2026-09-23T06:00:07.1051021Z  + numpy==2.5.3
Synthetic Python 3.14	Build distribution and verify wheel installation	2026-09-23T06:00:07.1051413Z  + pandas==3.0.6
Synthetic Python 3.14	Build distribution and verify wheel installation	2026-09-23T06:00:07.1052290Z  + predictor-core==3.2.1 (from https://github.com/leonardosovienski/core-predictor/releases/download/v3.2.1/predictor_core-3.2.1-py3-none-any.whl)
Synthetic Python 3.14	Build distribution and verify wheel installation	2026-09-23T06:00:07.1053577Z  + predictor-ops==4.2.1 (from https://github.com/leonardosovienski/predictor-ops/releases/download/v4.2.1/predictor_ops-4.2.1-py3-none-any.whl)
Synthetic Python 3.14	Build distribution and verify wheel installation	2026-09-23T06:00:07.1054398Z  + pydantic==2.13.5
Synthetic Python 3.14	Build distribution and verify wheel installation	2026-09-23T06:00:07.1054756Z  + pydantic-core==2.46.5
Synthetic Python 3.14	Build distribution and verify wheel installation	2026-09-23T06:00:07.1055161Z  + pydantic-settings==2.15.0
Synthetic Python 3.14	Build distribution and verify wheel installation	2026-09-23T06:00:07.1055793Z  + python-dateutil==2.9.0.post0
Synthetic Python 3.14	Build distribution and verify wheel installation	2026-09-23T06:00:07.1056202Z  + python-dotenv==1.2.3
Synthetic Python 3.14	Build distribution and verify wheel installation	2026-09-23T06:00:07.1056624Z  + pyyaml==6.0.3
Synthetic Python 3.14	Build distribution and verify wheel installation	2026-09-23T06:00:07.1057015Z  + referencing==0.37.0
Synthetic Python 3.14	Build distribution and verify wheel installation	2026-09-23T06:00:07.1057374Z  + requests==2.34.2
Synthetic Python 3.14	Build distribution and verify wheel installation	2026-09-23T06:00:07.1057847Z  + rpds-py==2026.6.3
Synthetic Python 3.14	Build distribution and verify wheel installation	2026-09-23T06:00:07.1058169Z  + scipy==1.18.1
Synthetic Python 3.14	Build distribution and verify wheel installation	2026-09-23T06:00:07.1058655Z  + six==1.17.0
Synthetic Python 3.14	Build distribution and verify wheel installation	2026-09-23T06:00:07.1059055Z  + truststore==0.10.4
Synthetic Python 3.14	Build distribution and verify wheel installation	2026-09-23T06:00:07.1059584Z  + typing-extensions==4.16.0
Synthetic Python 3.14	Build distribution and verify wheel installation	2026-09-23T06:00:07.1060126Z  + typing-inspection==0.4.4
Synthetic Python 3.14	Build distribution and verify wheel installation	2026-09-23T06:00:07.1060404Z  + urllib3==2.7.0
Synthetic Python 3.14	Build distribution and verify wheel installation	2026-09-23T06:00:07.1173272Z Using Python 3.14.7 environment at: /home/runner/work/_temp/installed
Synthetic Python 3.14	Build distribution and verify wheel installation	2026-09-23T06:00:07.1196034Z Resolved 1 package in 1ms
Synthetic Python 3.14	Build distribution and verify wheel installation	2026-09-23T06:00:07.1348622Z Prepared 1 package in 15ms
Synthetic Python 3.14	Build distribution and verify wheel installation	2026-09-23T06:00:07.1377384Z Installed 1 package in 2ms
Synthetic Python 3.14	Build distribution and verify wheel installation	2026-09-23T06:00:07.1378465Z  + brasileirao-predictor==0.2.0 (from file:///home/runner/work/brasileirao-predictor/brasileirao-predictor/dist/brasileirao_predictor-0.2.0-py3-none-any.whl)
Synthetic Python 3.14	Build distribution and verify wheel installation	2026-09-23T06:00:08.2195265Z {"status": "PASS", "installed_shadow_ops": true, "scientific_steps_executed": false}
Synthetic Python 3.14	Run actions/upload-artifact@v7	﻿2026-09-23T06:00:08.2479391Z ##[group]Run actions/upload-artifact@v7
Synthetic Python 3.14	Run actions/upload-artifact@v7	2026-09-23T06:00:08.2479746Z with:
Synthetic Python 3.14	Run actions/upload-artifact@v7	2026-09-23T06:00:08.2479993Z   name: python-validation-3.14
Synthetic Python 3.14	Run actions/upload-artifact@v7	2026-09-23T06:00:08.2480308Z   path: /home/runner/work/_temp/python-synthetic
Synthetic Python 3.14	Run actions/upload-artifact@v7	dist
Synthetic Python 3.14	Run actions/upload-artifact@v7	
Synthetic Python 3.14	Run actions/upload-artifact@v7	2026-09-23T06:00:08.2480666Z   if-no-files-found: warn
Synthetic Python 3.14	Run actions/upload-artifact@v7	2026-09-23T06:00:08.2480922Z   compression-level: 6
Synthetic Python 3.14	Run actions/upload-artifact@v7	2026-09-23T06:00:08.2481186Z   overwrite: false
Synthetic Python 3.14	Run actions/upload-artifact@v7	2026-09-23T06:00:08.2481434Z   include-hidden-files: false
Synthetic Python 3.14	Run actions/upload-artifact@v7	2026-09-23T06:00:08.2481739Z   archive: true
Synthetic Python 3.14	Run actions/upload-artifact@v7	2026-09-23T06:00:08.2481978Z env:
Synthetic Python 3.14	Run actions/upload-artifact@v7	2026-09-23T06:00:08.2482257Z   UV_PYTHON_INSTALL_DIR: /home/runner/work/_temp/uv-python-dir
Synthetic Python 3.14	Run actions/upload-artifact@v7	2026-09-23T06:00:08.2482773Z   UV_CACHE_DIR: /home/runner/work/_temp/setup-uv-cache
Synthetic Python 3.14	Run actions/upload-artifact@v7	2026-09-23T06:00:08.2483127Z   pythonLocation: /opt/hostedtoolcache/Python/3.14.7/x64
Synthetic Python 3.14	Run actions/upload-artifact@v7	2026-09-23T06:00:08.2483533Z   PKG_CONFIG_PATH: /opt/hostedtoolcache/Python/3.14.7/x64/lib/pkgconfig
Synthetic Python 3.14	Run actions/upload-artifact@v7	2026-09-23T06:00:08.2483950Z   Python_ROOT_DIR: /opt/hostedtoolcache/Python/3.14.7/x64
Synthetic Python 3.14	Run actions/upload-artifact@v7	2026-09-23T06:00:08.2484309Z   Python2_ROOT_DIR: /opt/hostedtoolcache/Python/3.14.7/x64
Synthetic Python 3.14	Run actions/upload-artifact@v7	2026-09-23T06:00:08.2484746Z   Python3_ROOT_DIR: /opt/hostedtoolcache/Python/3.14.7/x64
Synthetic Python 3.14	Run actions/upload-artifact@v7	2026-09-23T06:00:08.2485106Z   LD_LIBRARY_PATH: /opt/hostedtoolcache/Python/3.14.7/x64/lib
Synthetic Python 3.14	Run actions/upload-artifact@v7	2026-09-23T06:00:08.2485475Z ##[endgroup]
Synthetic Python 3.14	Run actions/upload-artifact@v7	2026-09-23T06:00:08.5474407Z Multiple search paths detected. Calculating the least common ancestor of all paths
Synthetic Python 3.14	Run actions/upload-artifact@v7	2026-09-23T06:00:08.5475148Z The least common ancestor is /home/runner/work. This will be the root directory of the artifact
Synthetic Python 3.14	Run actions/upload-artifact@v7	2026-09-23T06:00:08.5475551Z With the provided path, there will be 703 files uploaded
Synthetic Python 3.14	Run actions/upload-artifact@v7	2026-09-23T06:00:08.5475960Z Artifact name is valid!
Synthetic Python 3.14	Run actions/upload-artifact@v7	2026-09-23T06:00:08.5476162Z Root directory input is valid!
Synthetic Python 3.14	Run actions/upload-artifact@v7	2026-09-23T06:00:08.7934549Z Uploading artifact: python-validation-3.14.zip
Synthetic Python 3.14	Run actions/upload-artifact@v7	2026-09-23T06:00:08.7967022Z Beginning upload of artifact content to blob storage
Synthetic Python 3.14	Run actions/upload-artifact@v7	2026-09-23T06:00:09.6677924Z Uploaded bytes 8388608
Synthetic Python 3.14	Run actions/upload-artifact@v7	2026-09-23T06:00:09.7764898Z Uploaded bytes 12102393
Synthetic Python 3.14	Run actions/upload-artifact@v7	2026-09-23T06:00:09.8093689Z Finished uploading artifact content to blob storage!
Synthetic Python 3.14	Run actions/upload-artifact@v7	2026-09-23T06:00:09.8094420Z SHA256 digest of uploaded artifact is ae8b0dc1beab52ac2f4d79879424a21c078c167e3eb4cc80fc107201d092d682
Synthetic Python 3.14	Run actions/upload-artifact@v7	2026-09-23T06:00:09.8094999Z Finalizing artifact upload
Synthetic Python 3.14	Run actions/upload-artifact@v7	2026-09-23T06:00:10.1036914Z Artifact python-validation-3.14 successfully finalized. Artifact ID 10734876450
Synthetic Python 3.14	Run actions/upload-artifact@v7	2026-09-23T06:00:10.1037945Z Artifact python-validation-3.14 has been successfully uploaded! Final size is 12102393 bytes. Artifact ID is 10734876450
Synthetic Python 3.14	Run actions/upload-artifact@v7	2026-09-23T06:00:10.1041018Z Artifact download URL: https://github.com/leonardosovienski/brasileirao-predictor/actions/runs/35824710697/artifacts/10734876450
Synthetic Python 3.14	Post Run actions/setup-python@v7	﻿2026-09-23T06:00:10.1189799Z Post job cleanup.
Synthetic Python 3.14	Post Run astral-sh/setup-uv@v7	﻿2026-09-23T06:00:10.2221085Z Post job cleanup.
Synthetic Python 3.14	Post Run astral-sh/setup-uv@v7	2026-09-23T06:00:10.3155132Z UV_CACHE_DIR is already set to /home/runner/work/_temp/setup-uv-cache
Synthetic Python 3.14	Post Run astral-sh/setup-uv@v7	2026-09-23T06:00:10.3158515Z UV_PYTHON_INSTALL_DIR is already set to /home/runner/work/_temp/uv-python-dir
Synthetic Python 3.14	Post Run astral-sh/setup-uv@v7	2026-09-23T06:00:10.3168864Z Pruning cache...
Synthetic Python 3.14	Post Run astral-sh/setup-uv@v7	2026-09-23T06:00:10.3182707Z [command]/opt/hostedtoolcache/uv/0.12.1/x86_64/uv cache prune --ci --force
Synthetic Python 3.14	Post Run astral-sh/setup-uv@v7	2026-09-23T06:00:10.3408549Z Pruning cache at: /home/runner/work/_temp/setup-uv-cache
Synthetic Python 3.14	Post Run astral-sh/setup-uv@v7	2026-09-23T06:00:10.4496854Z Removed 12638 files (512.1MiB)
Synthetic Python 3.14	Post Run astral-sh/setup-uv@v7	2026-09-23T06:00:10.4518210Z Including uv cache path: /home/runner/work/_temp/setup-uv-cache
Synthetic Python 3.14	Post Run astral-sh/setup-uv@v7	2026-09-23T06:00:10.4628772Z [command]/usr/bin/tar --posix -cf cache.tzst --exclude cache.tzst -P -C /home/runner/work/brasileirao-predictor/brasileirao-predictor --files-from manifest.txt --use-compress-program zstdmt
Synthetic Python 3.14	Post Run astral-sh/setup-uv@v7	2026-09-23T06:00:11.2362302Z Sent 3639531 of 3639531 (100.0%), 6.4 MBs/sec
Synthetic Python 3.14	Post Run astral-sh/setup-uv@v7	2026-09-23T06:00:11.4303019Z uv cache saved with key: setup-uv-2-x86_64-unknown-linux-gnu-ubuntu-24.04-unknown-pruned-bd51c465fb85c1390acfd423f4ea7aebe070cc97cc2577a2b05bf352e5f99a35
Synthetic Python 3.14	Post Run actions/checkout@v7	﻿2026-09-23T06:00:11.4894849Z Post job cleanup.
Synthetic Python 3.14	Post Run actions/checkout@v7	2026-09-23T06:00:11.5598412Z [command]/usr/bin/git version
Synthetic Python 3.14	Post Run actions/checkout@v7	2026-09-23T06:00:11.5619155Z git version 2.55.0
Synthetic Python 3.14	Post Run actions/checkout@v7	2026-09-23T06:00:11.5654741Z Temporarily overriding HOME='/home/runner/work/_temp/b95861cd-bfb1-47db-bb82-b87a5ff82596' before making global git config changes
Synthetic Python 3.14	Post Run actions/checkout@v7	2026-09-23T06:00:11.5656033Z Adding repository directory to the temporary git global config as a safe directory
Synthetic Python 3.14	Post Run actions/checkout@v7	2026-09-23T06:00:11.5659239Z [command]/usr/bin/git config --global --add safe.directory /home/runner/work/brasileirao-predictor/brasileirao-predictor
Synthetic Python 3.14	Post Run actions/checkout@v7	2026-09-23T06:00:11.5683815Z Removing SSH command configuration
Synthetic Python 3.14	Post Run actions/checkout@v7	2026-09-23T06:00:11.5689226Z [command]/usr/bin/git config --local --name-only --get-regexp core\.sshCommand
Synthetic Python 3.14	Post Run actions/checkout@v7	2026-09-23T06:00:11.5716739Z [command]/usr/bin/git submodule foreach --recursive sh -c "git config --local --name-only --get-regexp 'core\.sshCommand' && git config --local --unset-all 'core.sshCommand' || :"
Synthetic Python 3.14	Post Run actions/checkout@v7	2026-09-23T06:00:11.5895699Z Removing HTTP extra header
Synthetic Python 3.14	Post Run actions/checkout@v7	2026-09-23T06:00:11.5900610Z [command]/usr/bin/git config --local --name-only --get-regexp http\.https\:\/\/github\.com\/\.extraheader
Synthetic Python 3.14	Post Run actions/checkout@v7	2026-09-23T06:00:11.5925577Z [command]/usr/bin/git submodule foreach --recursive sh -c "git config --local --name-only --get-regexp 'http\.https\:\/\/github\.com\/\.extraheader' && git config --local --unset-all 'http.https://github.com/.extraheader' || :"
Synthetic Python 3.14	Post Run actions/checkout@v7	2026-09-23T06:00:11.6106306Z Removing includeIf entries pointing to credentials config files
Synthetic Python 3.14	Post Run actions/checkout@v7	2026-09-23T06:00:11.6107018Z [command]/usr/bin/git config --local --name-only --get-regexp ^includeIf\.gitdir:
Synthetic Python 3.14	Post Run actions/checkout@v7	2026-09-23T06:00:11.6133086Z [command]/usr/bin/git submodule foreach --recursive git config --local --show-origin --name-only --get-regexp remote.origin.url
Synthetic Python 3.14	Complete job	﻿2026-09-23T06:00:11.6466534Z Cleaning up orphan processes
Synthetic Python 3.13	Set up job	﻿2026-09-23T05:59:34.8995952Z Current runner version: '2.337.0'
Synthetic Python 3.13	Set up job	2026-09-23T05:59:34.9033462Z ##[group]Runner Image Provisioner
Synthetic Python 3.13	Set up job	2026-09-23T05:59:34.9035274Z Hosted Compute Agent
Synthetic Python 3.13	Set up job	2026-09-23T05:59:34.9036112Z Version: 20260828.587
Synthetic Python 3.13	Set up job	2026-09-23T05:59:34.9037156Z Commit: abac92662cab4cc7352de4f9f9d2e2419aad9c29
Synthetic Python 3.13	Set up job	2026-09-23T05:59:34.9038186Z Build Date: 2026-08-28T16:44:25Z
Synthetic Python 3.13	Set up job	2026-09-23T05:59:34.9039180Z Worker ID: {571fca46-4ca5-471a-ba4a-d3565b59e9d2}
Synthetic Python 3.13	Set up job	2026-09-23T05:59:34.9040332Z Azure Region: northcentralus
Synthetic Python 3.13	Set up job	2026-09-23T05:59:34.9041208Z ##[endgroup]
Synthetic Python 3.13	Set up job	2026-09-23T05:59:34.9043188Z ##[group]Operating System
Synthetic Python 3.13	Set up job	2026-09-23T05:59:34.9044128Z Ubuntu
Synthetic Python 3.13	Set up job	2026-09-23T05:59:34.9045129Z 24.04.5
Synthetic Python 3.13	Set up job	2026-09-23T05:59:34.9045870Z LTS
Synthetic Python 3.13	Set up job	2026-09-23T05:59:34.9046533Z ##[endgroup]
Synthetic Python 3.13	Set up job	2026-09-23T05:59:34.9047882Z ##[group]Runner Image
Synthetic Python 3.13	Set up job	2026-09-23T05:59:34.9048777Z Image: ubuntu-24.04
Synthetic Python 3.13	Set up job	2026-09-23T05:59:34.9049565Z Version: 20260907.300.1
Synthetic Python 3.13	Set up job	2026-09-23T05:59:34.9051207Z Included Software: https://github.com/actions/runner-images/blob/ubuntu24/20260907.300/images/ubuntu/Ubuntu2404-Readme.md
Synthetic Python 3.13	Set up job	2026-09-23T05:59:34.9053753Z Image Release: https://github.com/actions/runner-images/releases/tag/ubuntu24%2F20260907.300
Synthetic Python 3.13	Set up job	2026-09-23T05:59:34.9055322Z ##[endgroup]
Synthetic Python 3.13	Set up job	2026-09-23T05:59:34.9057043Z ##[group]GITHUB_TOKEN Permissions
Synthetic Python 3.13	Set up job	2026-09-23T05:59:34.9059910Z Contents: read
Synthetic Python 3.13	Set up job	2026-09-23T05:59:34.9060805Z Metadata: read
Synthetic Python 3.13	Set up job	2026-09-23T05:59:34.9061534Z ##[endgroup]
Synthetic Python 3.13	Set up job	2026-09-23T05:59:34.9064266Z Secret source: Actions
Synthetic Python 3.13	Set up job	2026-09-23T05:59:34.9065813Z Cache mode: write
Synthetic Python 3.13	Set up job	2026-09-23T05:59:34.9067213Z Prepare workflow directory
Synthetic Python 3.13	Set up job	2026-09-23T05:59:34.9468466Z Prepare all required actions
Synthetic Python 3.13	Set up job	2026-09-23T05:59:34.9536365Z Getting action download info
Synthetic Python 3.13	Set up job	2026-09-23T05:59:35.2007250Z Download action repository 'actions/checkout@v7' (SHA:3d3c42e5aac5ba805825da76410c181273ba90b1)
Synthetic Python 3.13	Set up job	2026-09-23T05:59:35.3012859Z Download action repository 'astral-sh/setup-uv@v7' (SHA:37802adc94f370d6bfd71619e3f0bf239e1f3b78)
Synthetic Python 3.13	Set up job	2026-09-23T05:59:35.7136068Z Download action repository 'actions/setup-python@v7' (SHA:5fda3b95a4ea91299a34e894583c3862153e4b97)
Synthetic Python 3.13	Set up job	2026-09-23T05:59:36.0541065Z Download action repository 'actions/upload-artifact@v7' (SHA:043fb46d1a93c77aae656e7c1c64a875d1fc6a0a)
Synthetic Python 3.13	Set up job	2026-09-23T05:59:36.2658426Z Complete job name: Synthetic Python 3.13
Synthetic Python 3.13	Run actions/checkout@v7	﻿2026-09-23T05:59:36.3356767Z ##[group]Run actions/checkout@v7
Synthetic Python 3.13	Run actions/checkout@v7	2026-09-23T05:59:36.3357660Z with:
Synthetic Python 3.13	Run actions/checkout@v7	2026-09-23T05:59:36.3358187Z   persist-credentials: false
Synthetic Python 3.13	Run actions/checkout@v7	2026-09-23T05:59:36.3358837Z   repository: leonardosovienski/brasileirao-predictor
Synthetic Python 3.13	Run actions/checkout@v7	2026-09-23T05:59:36.3363108Z   token: ***
Synthetic Python 3.13	Run actions/checkout@v7	2026-09-23T05:59:36.3363621Z   ssh-strict: true
Synthetic Python 3.13	Run actions/checkout@v7	2026-09-23T05:59:36.3364127Z   ssh-user: git
Synthetic Python 3.13	Run actions/checkout@v7	2026-09-23T05:59:36.3364629Z   clean: true
Synthetic Python 3.13	Run actions/checkout@v7	2026-09-23T05:59:36.3365329Z   sparse-checkout-cone-mode: true
Synthetic Python 3.13	Run actions/checkout@v7	2026-09-23T05:59:36.3365949Z   fetch-depth: 1
Synthetic Python 3.13	Run actions/checkout@v7	2026-09-23T05:59:36.3366468Z   fetch-tags: false
Synthetic Python 3.13	Run actions/checkout@v7	2026-09-23T05:59:36.3367038Z   show-progress: true
Synthetic Python 3.13	Run actions/checkout@v7	2026-09-23T05:59:36.3367572Z   lfs: false
Synthetic Python 3.13	Run actions/checkout@v7	2026-09-23T05:59:36.3368040Z   submodules: false
Synthetic Python 3.13	Run actions/checkout@v7	2026-09-23T05:59:36.3368564Z   set-safe-directory: true
Synthetic Python 3.13	Run actions/checkout@v7	2026-09-23T05:59:36.3369149Z   allow-unsafe-pr-checkout: false
Synthetic Python 3.13	Run actions/checkout@v7	2026-09-23T05:59:36.3369910Z ##[endgroup]
Synthetic Python 3.13	Run actions/checkout@v7	2026-09-23T05:59:36.4356493Z Syncing repository: leonardosovienski/brasileirao-predictor
Synthetic Python 3.13	Run actions/checkout@v7	2026-09-23T05:59:36.4359475Z ##[group]Getting Git version info
Synthetic Python 3.13	Run actions/checkout@v7	2026-09-23T05:59:36.4361158Z Working directory is '/home/runner/work/brasileirao-predictor/brasileirao-predictor'
Synthetic Python 3.13	Run actions/checkout@v7	2026-09-23T05:59:36.4363161Z [command]/usr/bin/git version
Synthetic Python 3.13	Run actions/checkout@v7	2026-09-23T05:59:36.4371387Z git version 2.55.0
Synthetic Python 3.13	Run actions/checkout@v7	2026-09-23T05:59:36.4390378Z ##[endgroup]
Synthetic Python 3.13	Run actions/checkout@v7	2026-09-23T05:59:36.4398419Z Temporarily overriding HOME='/home/runner/work/_temp/4d8d14d9-5257-4a61-bc59-a6043d1406a8' before making global git config changes
Synthetic Python 3.13	Run actions/checkout@v7	2026-09-23T05:59:36.4400623Z Adding repository directory to the temporary git global config as a safe directory
Synthetic Python 3.13	Run actions/checkout@v7	2026-09-23T05:59:36.4405291Z [command]/usr/bin/git config --global --add safe.directory /home/runner/work/brasileirao-predictor/brasileirao-predictor
Synthetic Python 3.13	Run actions/checkout@v7	2026-09-23T05:59:36.4452372Z Deleting the contents of '/home/runner/work/brasileirao-predictor/brasileirao-predictor'
Synthetic Python 3.13	Run actions/checkout@v7	2026-09-23T05:59:36.4455496Z ##[group]Determining repository object format
Synthetic Python 3.13	Run actions/checkout@v7	2026-09-23T05:59:36.4457876Z ##[endgroup]
Synthetic Python 3.13	Run actions/checkout@v7	2026-09-23T05:59:36.4459596Z ##[group]Initializing the repository
Synthetic Python 3.13	Run actions/checkout@v7	2026-09-23T05:59:36.4461333Z [command]/usr/bin/git init /home/runner/work/brasileirao-predictor/brasileirao-predictor
Synthetic Python 3.13	Run actions/checkout@v7	2026-09-23T05:59:36.4541902Z hint: Using 'master' as the name for the initial branch. This default branch name
Synthetic Python 3.13	Run actions/checkout@v7	2026-09-23T05:59:36.4543466Z hint: will change to "main" in Git 3.0. To configure the initial branch name
Synthetic Python 3.13	Run actions/checkout@v7	2026-09-23T05:59:36.4545131Z hint: to use in all of your new repositories, which will suppress this warning,
Synthetic Python 3.13	Run actions/checkout@v7	2026-09-23T05:59:36.4546025Z hint: call:
Synthetic Python 3.13	Run actions/checkout@v7	2026-09-23T05:59:36.4546592Z hint:
Synthetic Python 3.13	Run actions/checkout@v7	2026-09-23T05:59:36.4547237Z hint: 	git config --global init.defaultBranch <name>
Synthetic Python 3.13	Run actions/checkout@v7	2026-09-23T05:59:36.4547929Z hint:
Synthetic Python 3.13	Run actions/checkout@v7	2026-09-23T05:59:36.4548551Z hint: Names commonly chosen instead of 'master' are 'main', 'trunk' and
Synthetic Python 3.13	Run actions/checkout@v7	2026-09-23T05:59:36.4549462Z hint: 'development'. The just-created branch can be renamed via this command:
Synthetic Python 3.13	Run actions/checkout@v7	2026-09-23T05:59:36.4550273Z hint:
Synthetic Python 3.13	Run actions/checkout@v7	2026-09-23T05:59:36.4550743Z hint: 	git branch -m <name>
Synthetic Python 3.13	Run actions/checkout@v7	2026-09-23T05:59:36.4551334Z hint:
Synthetic Python 3.13	Run actions/checkout@v7	2026-09-23T05:59:36.4551985Z hint: Disable this message with "git config set advice.defaultBranchName false"
Synthetic Python 3.13	Run actions/checkout@v7	2026-09-23T05:59:36.4556982Z Initialized empty Git repository in /home/runner/work/brasileirao-predictor/brasileirao-predictor/.git/
Synthetic Python 3.13	Run actions/checkout@v7	2026-09-23T05:59:36.4565288Z [command]/usr/bin/git remote add origin https://github.com/leonardosovienski/brasileirao-predictor
Synthetic Python 3.13	Run actions/checkout@v7	2026-09-23T05:59:36.4609367Z ##[endgroup]
Synthetic Python 3.13	Run actions/checkout@v7	2026-09-23T05:59:36.4610951Z ##[group]Disabling automatic garbage collection
Synthetic Python 3.13	Run actions/checkout@v7	2026-09-23T05:59:36.4612270Z [command]/usr/bin/git config --local gc.auto 0
Synthetic Python 3.13	Run actions/checkout@v7	2026-09-23T05:59:36.4640557Z ##[endgroup]
Synthetic Python 3.13	Run actions/checkout@v7	2026-09-23T05:59:36.4642423Z ##[group]Setting up auth
Synthetic Python 3.13	Run actions/checkout@v7	2026-09-23T05:59:36.4643463Z Removing SSH command configuration
Synthetic Python 3.13	Run actions/checkout@v7	2026-09-23T05:59:36.4645657Z [command]/usr/bin/git config --local --name-only --get-regexp core\.sshCommand
Synthetic Python 3.13	Run actions/checkout@v7	2026-09-23T05:59:36.4677493Z [command]/usr/bin/git submodule foreach --recursive sh -c "git config --local --name-only --get-regexp 'core\.sshCommand' && git config --local --unset-all 'core.sshCommand' || :"
Synthetic Python 3.13	Run actions/checkout@v7	2026-09-23T05:59:36.4987009Z Removing HTTP extra header
Synthetic Python 3.13	Run actions/checkout@v7	2026-09-23T05:59:36.4992904Z [command]/usr/bin/git config --local --name-only --get-regexp http\.https\:\/\/github\.com\/\.extraheader
Synthetic Python 3.13	Run actions/checkout@v7	2026-09-23T05:59:36.5030042Z [command]/usr/bin/git submodule foreach --recursive sh -c "git config --local --name-only --get-regexp 'http\.https\:\/\/github\.com\/\.extraheader' && git config --local --unset-all 'http.https://github.com/.extraheader' || :"
Synthetic Python 3.13	Run actions/checkout@v7	2026-09-23T05:59:36.5238051Z Removing includeIf entries pointing to credentials config files
Synthetic Python 3.13	Run actions/checkout@v7	2026-09-23T05:59:36.5241705Z [command]/usr/bin/git config --local --name-only --get-regexp ^includeIf\.gitdir:
Synthetic Python 3.13	Run actions/checkout@v7	2026-09-23T05:59:36.5270103Z [command]/usr/bin/git submodule foreach --recursive git config --local --show-origin --name-only --get-regexp remote.origin.url
Synthetic Python 3.13	Run actions/checkout@v7	2026-09-23T05:59:36.5450614Z [command]/usr/bin/git config --file /home/runner/work/_temp/git-credentials-8d836a0e-5a45-41d8-9cf0-397b3c726f9a.config http.https://github.com/.extraheader AUTHORIZATION: basic ***
Synthetic Python 3.13	Run actions/checkout@v7	2026-09-23T05:59:36.5483917Z [command]/usr/bin/git config --local includeIf.gitdir:/home/runner/work/brasileirao-predictor/brasileirao-predictor/.git.path /home/runner/work/_temp/git-credentials-8d836a0e-5a45-41d8-9cf0-397b3c726f9a.config
Synthetic Python 3.13	Run actions/checkout@v7	2026-09-23T05:59:36.5511583Z [command]/usr/bin/git config --local includeIf.gitdir:/home/runner/work/brasileirao-predictor/brasileirao-predictor/.git/worktrees/*.path /home/runner/work/_temp/git-credentials-8d836a0e-5a45-41d8-9cf0-397b3c726f9a.config
Synthetic Python 3.13	Run actions/checkout@v7	2026-09-23T05:59:36.5542232Z [command]/usr/bin/git config --local includeIf.gitdir:/github/workspace/.git.path /github/runner_temp/git-credentials-8d836a0e-5a45-41d8-9cf0-397b3c726f9a.config
Synthetic Python 3.13	Run actions/checkout@v7	2026-09-23T05:59:36.5568699Z [command]/usr/bin/git config --local includeIf.gitdir:/github/workspace/.git/worktrees/*.path /github/runner_temp/git-credentials-8d836a0e-5a45-41d8-9cf0-397b3c726f9a.config
Synthetic Python 3.13	Run actions/checkout@v7	2026-09-23T05:59:36.5592056Z ##[endgroup]
Synthetic Python 3.13	Run actions/checkout@v7	2026-09-23T05:59:36.5592919Z ##[group]Fetching the repository
Synthetic Python 3.13	Run actions/checkout@v7	2026-09-23T05:59:36.5598072Z [command]/usr/bin/git -c protocol.version=2 fetch --no-tags --prune --no-recurse-submodules --depth=1 origin +e14f3394c1908fae6d2f25754e6ab3a6792dbf1e:refs/remotes/origin/main
Synthetic Python 3.13	Run actions/checkout@v7	2026-09-23T05:59:38.0948380Z From https://github.com/leonardosovienski/brasileirao-predictor
Synthetic Python 3.13	Run actions/checkout@v7	2026-09-23T05:59:38.0950363Z  * [new ref]         e14f3394c1908fae6d2f25754e6ab3a6792dbf1e -> origin/main
Synthetic Python 3.13	Run actions/checkout@v7	2026-09-23T05:59:38.0956410Z [command]/usr/bin/git branch --list --remote origin/main
Synthetic Python 3.13	Run actions/checkout@v7	2026-09-23T05:59:38.0980175Z   origin/main
Synthetic Python 3.13	Run actions/checkout@v7	2026-09-23T05:59:38.0986389Z [command]/usr/bin/git rev-parse refs/remotes/origin/main
Synthetic Python 3.13	Run actions/checkout@v7	2026-09-23T05:59:38.1008368Z e14f3394c1908fae6d2f25754e6ab3a6792dbf1e
Synthetic Python 3.13	Run actions/checkout@v7	2026-09-23T05:59:38.1011019Z ##[endgroup]
Synthetic Python 3.13	Run actions/checkout@v7	2026-09-23T05:59:38.1012071Z ##[group]Determining the checkout info
Synthetic Python 3.13	Run actions/checkout@v7	2026-09-23T05:59:38.1013048Z ##[endgroup]
Synthetic Python 3.13	Run actions/checkout@v7	2026-09-23T05:59:38.1017119Z [command]/usr/bin/git sparse-checkout disable
Synthetic Python 3.13	Run actions/checkout@v7	2026-09-23T05:59:38.1060474Z [command]/usr/bin/git config --local --unset-all extensions.worktreeConfig
Synthetic Python 3.13	Run actions/checkout@v7	2026-09-23T05:59:38.1086688Z ##[group]Checking out the ref
Synthetic Python 3.13	Run actions/checkout@v7	2026-09-23T05:59:38.1090782Z [command]/usr/bin/git checkout --progress --force -B main refs/remotes/origin/main
Synthetic Python 3.13	Run actions/checkout@v7	2026-09-23T05:59:38.4267592Z Switched to a new branch 'main'
Synthetic Python 3.13	Run actions/checkout@v7	2026-09-23T05:59:38.4271210Z branch 'main' set up to track 'origin/main'.
Synthetic Python 3.13	Run actions/checkout@v7	2026-09-23T05:59:38.4289633Z ##[endgroup]
Synthetic Python 3.13	Run actions/checkout@v7	2026-09-23T05:59:38.4338815Z [command]/usr/bin/git log -1 --format=%H
Synthetic Python 3.13	Run actions/checkout@v7	2026-09-23T05:59:38.4365273Z e14f3394c1908fae6d2f25754e6ab3a6792dbf1e
Synthetic Python 3.13	Run actions/checkout@v7	2026-09-23T05:59:38.4374087Z ##[group]Removing auth
Synthetic Python 3.13	Run actions/checkout@v7	2026-09-23T05:59:38.4374856Z Removing SSH command configuration
Synthetic Python 3.13	Run actions/checkout@v7	2026-09-23T05:59:38.4379774Z [command]/usr/bin/git config --local --name-only --get-regexp core\.sshCommand
Synthetic Python 3.13	Run actions/checkout@v7	2026-09-23T05:59:38.4417021Z [command]/usr/bin/git submodule foreach --recursive sh -c "git config --local --name-only --get-regexp 'core\.sshCommand' && git config --local --unset-all 'core.sshCommand' || :"
Synthetic Python 3.13	Run actions/checkout@v7	2026-09-23T05:59:38.4622038Z Removing HTTP extra header
Synthetic Python 3.13	Run actions/checkout@v7	2026-09-23T05:59:38.4623947Z [command]/usr/bin/git config --local --name-only --get-regexp http\.https\:\/\/github\.com\/\.extraheader
Synthetic Python 3.13	Run actions/checkout@v7	2026-09-23T05:59:38.4653313Z [command]/usr/bin/git submodule foreach --recursive sh -c "git config --local --name-only --get-regexp 'http\.https\:\/\/github\.com\/\.extraheader' && git config --local --unset-all 'http.https://github.com/.extraheader' || :"
Synthetic Python 3.13	Run actions/checkout@v7	2026-09-23T05:59:38.4834899Z Removing includeIf entries pointing to credentials config files
Synthetic Python 3.13	Run actions/checkout@v7	2026-09-23T05:59:38.4837878Z [command]/usr/bin/git config --local --name-only --get-regexp ^includeIf\.gitdir:
Synthetic Python 3.13	Run actions/checkout@v7	2026-09-23T05:59:38.4862925Z includeif.gitdir:/home/runner/work/brasileirao-predictor/brasileirao-predictor/.git.path
Synthetic Python 3.13	Run actions/checkout@v7	2026-09-23T05:59:38.4864343Z includeif.gitdir:/home/runner/work/brasileirao-predictor/brasileirao-predictor/.git/worktrees/*.path
Synthetic Python 3.13	Run actions/checkout@v7	2026-09-23T05:59:38.4865397Z includeif.gitdir:/github/workspace/.git.path
Synthetic Python 3.13	Run actions/checkout@v7	2026-09-23T05:59:38.4866177Z includeif.gitdir:/github/workspace/.git/worktrees/*.path
Synthetic Python 3.13	Run actions/checkout@v7	2026-09-23T05:59:38.4869487Z [command]/usr/bin/git config --local --get-all includeif.gitdir:/home/runner/work/brasileirao-predictor/brasileirao-predictor/.git.path
Synthetic Python 3.13	Run actions/checkout@v7	2026-09-23T05:59:38.4889639Z /home/runner/work/_temp/git-credentials-8d836a0e-5a45-41d8-9cf0-397b3c726f9a.config
Synthetic Python 3.13	Run actions/checkout@v7	2026-09-23T05:59:38.4897469Z [command]/usr/bin/git config --local --unset includeif.gitdir:/home/runner/work/brasileirao-predictor/brasileirao-predictor/.git.path \/home\/runner\/work\/_temp\/git\-credentials\-8d836a0e\-5a45\-41d8\-9cf0\-397b3c726f9a\.config
Synthetic Python 3.13	Run actions/checkout@v7	2026-09-23T05:59:38.4925989Z [command]/usr/bin/git config --local --get-all includeif.gitdir:/home/runner/work/brasileirao-predictor/brasileirao-predictor/.git/worktrees/*.path
Synthetic Python 3.13	Run actions/checkout@v7	2026-09-23T05:59:38.4976305Z /home/runner/work/_temp/git-credentials-8d836a0e-5a45-41d8-9cf0-397b3c726f9a.config
Synthetic Python 3.13	Run actions/checkout@v7	2026-09-23T05:59:38.4984066Z [command]/usr/bin/git config --local --unset includeif.gitdir:/home/runner/work/brasileirao-predictor/brasileirao-predictor/.git/worktrees/*.path \/home\/runner\/work\/_temp\/git\-credentials\-8d836a0e\-5a45\-41d8\-9cf0\-397b3c726f9a\.config
Synthetic Python 3.13	Run actions/checkout@v7	2026-09-23T05:59:38.5016222Z [command]/usr/bin/git config --local --get-all includeif.gitdir:/github/workspace/.git.path
Synthetic Python 3.13	Run actions/checkout@v7	2026-09-23T05:59:38.5038248Z /github/runner_temp/git-credentials-8d836a0e-5a45-41d8-9cf0-397b3c726f9a.config
Synthetic Python 3.13	Run actions/checkout@v7	2026-09-23T05:59:38.5058830Z [command]/usr/bin/git config --local --unset includeif.gitdir:/github/workspace/.git.path \/github\/runner_temp\/git\-credentials\-8d836a0e\-5a45\-41d8\-9cf0\-397b3c726f9a\.config
Synthetic Python 3.13	Run actions/checkout@v7	2026-09-23T05:59:38.5099631Z [command]/usr/bin/git config --local --get-all includeif.gitdir:/github/workspace/.git/worktrees/*.path
Synthetic Python 3.13	Run actions/checkout@v7	2026-09-23T05:59:38.5135251Z /github/runner_temp/git-credentials-8d836a0e-5a45-41d8-9cf0-397b3c726f9a.config
Synthetic Python 3.13	Run actions/checkout@v7	2026-09-23T05:59:38.5138189Z [command]/usr/bin/git config --local --unset includeif.gitdir:/github/workspace/.git/worktrees/*.path \/github\/runner_temp\/git\-credentials\-8d836a0e\-5a45\-41d8\-9cf0\-397b3c726f9a\.config
Synthetic Python 3.13	Run actions/checkout@v7	2026-09-23T05:59:38.5165616Z [command]/usr/bin/git submodule foreach --recursive git config --local --show-origin --name-only --get-regexp remote.origin.url
Synthetic Python 3.13	Run actions/checkout@v7	2026-09-23T05:59:38.5345264Z Removing credentials config '/home/runner/work/_temp/git-credentials-8d836a0e-5a45-41d8-9cf0-397b3c726f9a.config'
Synthetic Python 3.13	Run actions/checkout@v7	2026-09-23T05:59:38.5352082Z ##[endgroup]
Synthetic Python 3.13	Run astral-sh/setup-uv@v7	﻿2026-09-23T05:59:38.5595279Z ##[group]Run astral-sh/setup-uv@v7
Synthetic Python 3.13	Run astral-sh/setup-uv@v7	2026-09-23T05:59:38.5595713Z with:
Synthetic Python 3.13	Run astral-sh/setup-uv@v7	2026-09-23T05:59:38.5596021Z   version: 0.12.1
Synthetic Python 3.13	Run astral-sh/setup-uv@v7	2026-09-23T05:59:38.5596413Z   activate-environment: false
Synthetic Python 3.13	Run astral-sh/setup-uv@v7	2026-09-23T05:59:38.5596959Z   working-directory: /home/runner/work/brasileirao-predictor/brasileirao-predictor
Synthetic Python 3.13	Run astral-sh/setup-uv@v7	2026-09-23T05:59:38.5599999Z   github-token: ***
Synthetic Python 3.13	Run astral-sh/setup-uv@v7	2026-09-23T05:59:38.5600341Z   enable-cache: auto
Synthetic Python 3.13	Run astral-sh/setup-uv@v7	2026-09-23T05:59:38.5600981Z   cache-dependency-glob: **/*requirements*.txt
Synthetic Python 3.13	Run astral-sh/setup-uv@v7	**/*requirements*.in
Synthetic Python 3.13	Run astral-sh/setup-uv@v7	**/*constraints*.txt
Synthetic Python 3.13	Run astral-sh/setup-uv@v7	**/*constraints*.in
Synthetic Python 3.13	Run astral-sh/setup-uv@v7	**/pyproject.toml
Synthetic Python 3.13	Run astral-sh/setup-uv@v7	**/uv.lock
Synthetic Python 3.13	Run astral-sh/setup-uv@v7	**/*.py.lock
Synthetic Python 3.13	Run astral-sh/setup-uv@v7	
Synthetic Python 3.13	Run astral-sh/setup-uv@v7	2026-09-23T05:59:38.5601753Z   restore-cache: true
Synthetic Python 3.13	Run astral-sh/setup-uv@v7	2026-09-23T05:59:38.5602079Z   save-cache: true
Synthetic Python 3.13	Run astral-sh/setup-uv@v7	2026-09-23T05:59:38.5602411Z   prune-cache: true
Synthetic Python 3.13	Run astral-sh/setup-uv@v7	2026-09-23T05:59:38.5602732Z   cache-python: false
Synthetic Python 3.13	Run astral-sh/setup-uv@v7	2026-09-23T05:59:38.5603069Z   ignore-nothing-to-cache: false
Synthetic Python 3.13	Run astral-sh/setup-uv@v7	2026-09-23T05:59:38.5603475Z   ignore-empty-workdir: false
Synthetic Python 3.13	Run astral-sh/setup-uv@v7	2026-09-23T05:59:38.5603838Z   add-problem-matchers: true
Synthetic Python 3.13	Run astral-sh/setup-uv@v7	2026-09-23T05:59:38.5604179Z   resolution-strategy: highest
Synthetic Python 3.13	Run astral-sh/setup-uv@v7	2026-09-23T05:59:38.5604669Z ##[endgroup]
Synthetic Python 3.13	Run astral-sh/setup-uv@v7	2026-09-23T05:59:38.7422955Z Fetching version data from https://raw.githubusercontent.com/astral-sh/versions/main/v1/uv.ndjson ...
Synthetic Python 3.13	Run astral-sh/setup-uv@v7	2026-09-23T05:59:38.8137300Z Downloading uv from "https://releases.astral.sh/github/uv/releases/download/0.12.1/uv-x86_64-unknown-linux-gnu.tar.gz" ...
Synthetic Python 3.13	Run astral-sh/setup-uv@v7	2026-09-23T05:59:38.9429697Z [command]/usr/bin/tar xz --warning=no-unknown-keyword --overwrite -C /home/runner/work/_temp/5b86c2f9-8ed5-49e0-8777-57ace68bd4d1 -f /home/runner/work/_temp/c1cec9d6-3dbf-4b32-af15-e9b0ebae9678
Synthetic Python 3.13	Run astral-sh/setup-uv@v7	2026-09-23T05:59:39.5534006Z Added /home/runner/.local/bin to the path
Synthetic Python 3.13	Run astral-sh/setup-uv@v7	2026-09-23T05:59:39.5537471Z Added /opt/hostedtoolcache/uv/0.12.1/x86_64 to the path
Synthetic Python 3.13	Run astral-sh/setup-uv@v7	2026-09-23T05:59:39.5538298Z Set UV_PYTHON_INSTALL_DIR to /home/runner/work/_temp/uv-python-dir
Synthetic Python 3.13	Run astral-sh/setup-uv@v7	2026-09-23T05:59:39.5539029Z Added /home/runner/work/_temp/uv-python-dir to the path
Synthetic Python 3.13	Run astral-sh/setup-uv@v7	2026-09-23T05:59:39.5562107Z Set UV_CACHE_DIR to /home/runner/work/_temp/setup-uv-cache
Synthetic Python 3.13	Run astral-sh/setup-uv@v7	2026-09-23T05:59:39.5562633Z Successfully installed uv version 0.12.1
Synthetic Python 3.13	Run astral-sh/setup-uv@v7	2026-09-23T05:59:39.7171777Z Searching files using cache dependency glob: /home/runner/work/brasileirao-predictor/brasileirao-predictor/**/*requirements*.txt,/home/runner/work/brasileirao-predictor/brasileirao-predictor/**/*requirements*.in,/home/runner/work/brasileirao-predictor/brasileirao-predictor/**/*constraints*.txt,/home/runner/work/brasileirao-predictor/brasileirao-predictor/**/*constraints*.in,/home/runner/work/brasileirao-predictor/brasileirao-predictor/**/pyproject.toml,/home/runner/work/brasileirao-predictor/brasileirao-predictor/**/uv.lock,/home/runner/work/brasileirao-predictor/brasileirao-predictor/**/*.py.lock
Synthetic Python 3.13	Run astral-sh/setup-uv@v7	2026-09-23T05:59:39.9788068Z /home/runner/work/brasileirao-predictor/brasileirao-predictor/docs/open_source_research/OSR-20260911-01/evidence/requirements.txt
Synthetic Python 3.13	Run astral-sh/setup-uv@v7	2026-09-23T05:59:39.9983080Z /home/runner/work/brasileirao-predictor/brasileirao-predictor/pyproject.toml
Synthetic Python 3.13	Run astral-sh/setup-uv@v7	2026-09-23T05:59:40.0236138Z /home/runner/work/brasileirao-predictor/brasileirao-predictor/uv.lock
Synthetic Python 3.13	Run astral-sh/setup-uv@v7	2026-09-23T05:59:40.0245452Z Found 3 files to hash.
Synthetic Python 3.13	Run astral-sh/setup-uv@v7	2026-09-23T05:59:40.0305618Z Trying to restore cache from GitHub Actions cache with key: setup-uv-2-x86_64-unknown-linux-gnu-ubuntu-24.04-unknown-pruned-bd51c465fb85c1390acfd423f4ea7aebe070cc97cc2577a2b05bf352e5f99a35
Synthetic Python 3.13	Run astral-sh/setup-uv@v7	2026-09-23T05:59:40.1151902Z No GitHub Actions cache found for key: setup-uv-2-x86_64-unknown-linux-gnu-ubuntu-24.04-unknown-pruned-bd51c465fb85c1390acfd423f4ea7aebe070cc97cc2577a2b05bf352e5f99a35
Synthetic Python 3.13	Run actions/setup-python@v7	﻿2026-09-23T05:59:40.1826733Z ##[group]Run actions/setup-python@v7
Synthetic Python 3.13	Run actions/setup-python@v7	2026-09-23T05:59:40.1827159Z with:
Synthetic Python 3.13	Run actions/setup-python@v7	2026-09-23T05:59:40.1827489Z   python-version: 3.13
Synthetic Python 3.13	Run actions/setup-python@v7	2026-09-23T05:59:40.1827817Z   check-latest: false
Synthetic Python 3.13	Run actions/setup-python@v7	2026-09-23T05:59:40.1830459Z   token: ***
Synthetic Python 3.13	Run actions/setup-python@v7	2026-09-23T05:59:40.1830799Z   update-environment: true
Synthetic Python 3.13	Run actions/setup-python@v7	2026-09-23T05:59:40.1831139Z   allow-prereleases: false
Synthetic Python 3.13	Run actions/setup-python@v7	2026-09-23T05:59:40.1831525Z   freethreaded: false
Synthetic Python 3.13	Run actions/setup-python@v7	2026-09-23T05:59:40.1831836Z env:
Synthetic Python 3.13	Run actions/setup-python@v7	2026-09-23T05:59:40.1832196Z   UV_PYTHON_INSTALL_DIR: /home/runner/work/_temp/uv-python-dir
Synthetic Python 3.13	Run actions/setup-python@v7	2026-09-23T05:59:40.1832683Z   UV_CACHE_DIR: /home/runner/work/_temp/setup-uv-cache
Synthetic Python 3.13	Run actions/setup-python@v7	2026-09-23T05:59:40.1833067Z ##[endgroup]
Synthetic Python 3.13	Run actions/setup-python@v7	2026-09-23T05:59:40.2998011Z ##[group]Installed versions
Synthetic Python 3.13	Run actions/setup-python@v7	2026-09-23T05:59:40.3082837Z Successfully set up CPython (3.13.15)
Synthetic Python 3.13	Run actions/setup-python@v7	2026-09-23T05:59:40.3083702Z ##[endgroup]
Synthetic Python 3.13	Install the locked dependency graph	﻿2026-09-23T05:59:40.3212926Z ##[group]Run uv sync --locked --all-extras
Synthetic Python 3.13	Install the locked dependency graph	2026-09-23T05:59:40.3213461Z ^[[36;1muv sync --locked --all-extras^[[0m
Synthetic Python 3.13	Install the locked dependency graph	2026-09-23T05:59:40.3248994Z shell: /usr/bin/bash -e {0}
Synthetic Python 3.13	Install the locked dependency graph	2026-09-23T05:59:40.3249381Z env:
Synthetic Python 3.13	Install the locked dependency graph	2026-09-23T05:59:40.3249876Z   UV_PYTHON_INSTALL_DIR: /home/runner/work/_temp/uv-python-dir
Synthetic Python 3.13	Install the locked dependency graph	2026-09-23T05:59:40.3250437Z   UV_CACHE_DIR: /home/runner/work/_temp/setup-uv-cache
Synthetic Python 3.13	Install the locked dependency graph	2026-09-23T05:59:40.3250924Z   pythonLocation: /opt/hostedtoolcache/Python/3.13.15/x64
Synthetic Python 3.13	Install the locked dependency graph	2026-09-23T05:59:40.3251458Z   PKG_CONFIG_PATH: /opt/hostedtoolcache/Python/3.13.15/x64/lib/pkgconfig
Synthetic Python 3.13	Install the locked dependency graph	2026-09-23T05:59:40.3251939Z   Python_ROOT_DIR: /opt/hostedtoolcache/Python/3.13.15/x64
Synthetic Python 3.13	Install the locked dependency graph	2026-09-23T05:59:40.3252425Z   Python2_ROOT_DIR: /opt/hostedtoolcache/Python/3.13.15/x64
Synthetic Python 3.13	Install the locked dependency graph	2026-09-23T05:59:40.3252903Z   Python3_ROOT_DIR: /opt/hostedtoolcache/Python/3.13.15/x64
Synthetic Python 3.13	Install the locked dependency graph	2026-09-23T05:59:40.3253359Z   LD_LIBRARY_PATH: /opt/hostedtoolcache/Python/3.13.15/x64/lib
Synthetic Python 3.13	Install the locked dependency graph	2026-09-23T05:59:40.3253805Z ##[endgroup]
Synthetic Python 3.13	Install the locked dependency graph	2026-09-23T05:59:41.4469259Z Using CPython 3.13.15 interpreter at: /opt/hostedtoolcache/Python/3.13.15/x64/bin/python3
Synthetic Python 3.13	Install the locked dependency graph	2026-09-23T05:59:41.4470144Z Creating virtual environment at: .venv
Synthetic Python 3.13	Install the locked dependency graph	2026-09-23T05:59:41.7129098Z Resolved 60 packages in 263ms
Synthetic Python 3.13	Install the locked dependency graph	2026-09-23T05:59:41.7260146Z    Building brasileirao-predictor @ file:///home/runner/work/brasileirao-predictor/brasileirao-predictor
Synthetic Python 3.13	Install the locked dependency graph	2026-09-23T05:59:41.7402334Z Downloading pydantic-core (2.0MiB)
Synthetic Python 3.13	Install the locked dependency graph	2026-09-23T05:59:41.7471070Z Downloading llvmlite (57.1MiB)
Synthetic Python 3.13	Install the locked dependency graph	2026-09-23T05:59:41.7473917Z Downloading numpy (15.9MiB)
Synthetic Python 3.13	Install the locked dependency graph	2026-09-23T05:59:41.7477343Z Downloading lxml (5.0MiB)
Synthetic Python 3.13	Install the locked dependency graph	2026-09-23T05:59:41.7478600Z Downloading numba (3.7MiB)
Synthetic Python 3.13	Install the locked dependency graph	2026-09-23T05:59:41.7481352Z Downloading curl-cffi (12.9MiB)
Synthetic Python 3.13	Install the locked dependency graph	2026-09-23T05:59:41.7483467Z Downloading ruff (9.8MiB)
Synthetic Python 3.13	Install the locked dependency graph	2026-09-23T05:59:41.7485043Z Downloading pyright (5.9MiB)
Synthetic Python 3.13	Install the locked dependency graph	2026-09-23T05:59:41.7486380Z Downloading virtualenv (5.1MiB)
Synthetic Python 3.13	Install the locked dependency graph	2026-09-23T05:59:41.7492314Z Downloading pandas (10.3MiB)
Synthetic Python 3.13	Install the locked dependency graph	2026-09-23T05:59:41.7493849Z Downloading pygments (1.2MiB)
Synthetic Python 3.13	Install the locked dependency graph	2026-09-23T05:59:41.7501365Z Downloading scipy (33.7MiB)
Synthetic Python 3.13	Install the locked dependency graph	2026-09-23T05:59:42.1640134Z  Downloaded pydantic-core
Synthetic Python 3.13	Install the locked dependency graph	2026-09-23T05:59:42.3570502Z  Downloaded pygments
Synthetic Python 3.13	Install the locked dependency graph	2026-09-23T05:59:42.4707660Z  Downloaded virtualenv
Synthetic Python 3.13	Install the locked dependency graph	2026-09-23T05:59:42.5259010Z  Downloaded lxml
Synthetic Python 3.13	Install the locked dependency graph	2026-09-23T05:59:42.7786534Z  Downloaded numba
Synthetic Python 3.13	Install the locked dependency graph	2026-09-23T05:59:42.9255658Z       Built brasileirao-predictor @ file:///home/runner/work/brasileirao-predictor/brasileirao-predictor
Synthetic Python 3.13	Install the locked dependency graph	2026-09-23T05:59:42.9465415Z  Downloaded ruff
Synthetic Python 3.13	Install the locked dependency graph	2026-09-23T05:59:43.2693492Z  Downloaded curl-cffi
Synthetic Python 3.13	Install the locked dependency graph	2026-09-23T05:59:43.3784218Z  Downloaded numpy
Synthetic Python 3.13	Install the locked dependency graph	2026-09-23T05:59:44.0051744Z  Downloaded llvmlite
Synthetic Python 3.13	Install the locked dependency graph	2026-09-23T05:59:44.0148873Z  Downloaded scipy
Synthetic Python 3.13	Install the locked dependency graph	2026-09-23T05:59:44.0251074Z  Downloaded pandas
Synthetic Python 3.13	Install the locked dependency graph	2026-09-23T05:59:44.5719172Z  Downloaded pyright
Synthetic Python 3.13	Install the locked dependency graph	2026-09-23T05:59:44.5723037Z Prepared 56 packages in 2.85s
Synthetic Python 3.13	Install the locked dependency graph	2026-09-23T05:59:44.9744659Z Installed 58 packages in 401ms
Synthetic Python 3.13	Install the locked dependency graph	2026-09-23T05:59:44.9745436Z  + annotated-types==0.8.0
Synthetic Python 3.13	Install the locked dependency graph	2026-09-23T05:59:44.9745858Z  + attrs==26.1.0
Synthetic Python 3.13	Install the locked dependency graph	2026-09-23T05:59:44.9746310Z  + beautifulsoup4==4.15.0
Synthetic Python 3.13	Install the locked dependency graph	2026-09-23T05:59:44.9747146Z  + brasileirao-predictor==0.2.0 (from file:///home/runner/work/brasileirao-predictor/brasileirao-predictor)
Synthetic Python 3.13	Install the locked dependency graph	2026-09-23T05:59:44.9747991Z  + build==1.6.1
Synthetic Python 3.13	Install the locked dependency graph	2026-09-23T05:59:44.9748377Z  + certifi==2026.7.22
Synthetic Python 3.13	Install the locked dependency graph	2026-09-23T05:59:44.9748827Z  + cffi==2.1.1
Synthetic Python 3.13	Install the locked dependency graph	2026-09-23T05:59:44.9749218Z  + cfgv==3.5.0
Synthetic Python 3.13	Install the locked dependency graph	2026-09-23T05:59:44.9749616Z  + charset-normalizer==3.5.1
Synthetic Python 3.13	Install the locked dependency graph	2026-09-23T05:59:44.9750118Z  + coverage==7.15.4
Synthetic Python 3.13	Install the locked dependency graph	2026-09-23T05:59:44.9750522Z  + curl-cffi==0.16.3
Synthetic Python 3.13	Install the locked dependency graph	2026-09-23T05:59:44.9750904Z  + distlib==0.4.3
Synthetic Python 3.13	Install the locked dependency graph	2026-09-23T05:59:44.9751336Z  + filelock==3.32.4
Synthetic Python 3.13	Install the locked dependency graph	2026-09-23T05:59:44.9751717Z  + hiredis==3.4.1
Synthetic Python 3.13	Install the locked dependency graph	2026-09-23T05:59:44.9752174Z  + html5lib==1.1
Synthetic Python 3.13	Install the locked dependency graph	2026-09-23T05:59:44.9752606Z  + identify==2.6.19
Synthetic Python 3.13	Install the locked dependency graph	2026-09-23T05:59:44.9752990Z  + idna==3.19
Synthetic Python 3.13	Install the locked dependency graph	2026-09-23T05:59:44.9753399Z  + iniconfig==2.3.0
Synthetic Python 3.13	Install the locked dependency graph	2026-09-23T05:59:44.9753792Z  + jsonschema==4.26.0
Synthetic Python 3.13	Install the locked dependency graph	2026-09-23T05:59:44.9754282Z  + jsonschema-specifications==2025.9.1
Synthetic Python 3.13	Install the locked dependency graph	2026-09-23T05:59:44.9754934Z  + llvmlite==0.49.0
Synthetic Python 3.13	Install the locked dependency graph	2026-09-23T05:59:44.9755330Z  + lxml==6.1.3
Synthetic Python 3.13	Install the locked dependency graph	2026-09-23T05:59:44.9755730Z  + nodeenv==1.10.0
Synthetic Python 3.13	Install the locked dependency graph	2026-09-23T05:59:44.9756412Z  + numba==0.67.0
Synthetic Python 3.13	Install the locked dependency graph	2026-09-23T05:59:44.9756845Z  + numpy==2.5.3
Synthetic Python 3.13	Install the locked dependency graph	2026-09-23T05:59:44.9757252Z  + packaging==26.3
Synthetic Python 3.13	Install the locked dependency graph	2026-09-23T05:59:44.9757647Z  + pandas==3.0.6
Synthetic Python 3.13	Install the locked dependency graph	2026-09-23T05:59:44.9758071Z  + platformdirs==4.11.4
Synthetic Python 3.13	Install the locked dependency graph	2026-09-23T05:59:44.9758511Z  + pluggy==1.6.0
Synthetic Python 3.13	Install the locked dependency graph	2026-09-23T05:59:44.9758876Z  + pre-commit==4.6.2
Synthetic Python 3.13	Install the locked dependency graph	2026-09-23T05:59:44.9759870Z  + predictor-core==3.2.1 (from https://github.com/leonardosovienski/core-predictor/releases/download/v3.2.1/predictor_core-3.2.1-py3-none-any.whl)
Synthetic Python 3.13	Install the locked dependency graph	2026-09-23T05:59:44.9761821Z  + predictor-ops==4.2.1 (from https://github.com/leonardosovienski/predictor-ops/releases/download/v4.2.1/predictor_ops-4.2.1-py3-none-any.whl)
Synthetic Python 3.13	Install the locked dependency graph	2026-09-23T05:59:44.9762868Z  + pycparser==3.0
Synthetic Python 3.13	Install the locked dependency graph	2026-09-23T05:59:44.9763284Z  + pydantic==2.13.5
Synthetic Python 3.13	Install the locked dependency graph	2026-09-23T05:59:44.9763666Z  + pydantic-core==2.46.5
Synthetic Python 3.13	Install the locked dependency graph	2026-09-23T05:59:44.9764171Z  + pydantic-settings==2.15.0
Synthetic Python 3.13	Install the locked dependency graph	2026-09-23T05:59:44.9764609Z  + pygments==2.21.0
Synthetic Python 3.13	Install the locked dependency graph	2026-09-23T05:59:44.9765165Z  + pyproject-hooks==1.2.0
Synthetic Python 3.13	Install the locked dependency graph	2026-09-23T05:59:44.9765698Z  + pyright==1.1.414
Synthetic Python 3.13	Install the locked dependency graph	2026-09-23T05:59:44.9766111Z  + pytest==9.1.1
Synthetic Python 3.13	Install the locked dependency graph	2026-09-23T05:59:44.9766544Z  + python-dateutil==2.9.0.post0
Synthetic Python 3.13	Install the locked dependency graph	2026-09-23T05:59:44.9767041Z  + python-discovery==1.5.3
Synthetic Python 3.13	Install the locked dependency graph	2026-09-23T05:59:44.9767498Z  + python-dotenv==1.2.3
Synthetic Python 3.13	Install the locked dependency graph	2026-09-23T05:59:44.9767913Z  + pyyaml==6.0.3
Synthetic Python 3.13	Install the locked dependency graph	2026-09-23T05:59:44.9768271Z  + redis==8.1.0
Synthetic Python 3.13	Install the locked dependency graph	2026-09-23T05:59:44.9768680Z  + referencing==0.37.0
Synthetic Python 3.13	Install the locked dependency graph	2026-09-23T05:59:44.9769100Z  + requests==2.34.2
Synthetic Python 3.13	Install the locked dependency graph	2026-09-23T05:59:44.9769468Z  + rpds-py==2026.6.3
Synthetic Python 3.13	Install the locked dependency graph	2026-09-23T05:59:44.9769920Z  + ruff==0.16.8
Synthetic Python 3.13	Install the locked dependency graph	2026-09-23T05:59:44.9770277Z  + scipy==1.18.1
Synthetic Python 3.13	Install the locked dependency graph	2026-09-23T05:59:44.9770652Z  + six==1.17.0
Synthetic Python 3.13	Install the locked dependency graph	2026-09-23T05:59:44.9771071Z  + soupsieve==2.9.2
Synthetic Python 3.13	Install the locked dependency graph	2026-09-23T05:59:44.9771450Z  + truststore==0.10.4
Synthetic Python 3.13	Install the locked dependency graph	2026-09-23T05:59:44.9771971Z  + typing-extensions==4.16.0
Synthetic Python 3.13	Install the locked dependency graph	2026-09-23T05:59:44.9772423Z  + typing-inspection==0.4.4
Synthetic Python 3.13	Install the locked dependency graph	2026-09-23T05:59:44.9772867Z  + urllib3==2.7.0
Synthetic Python 3.13	Install the locked dependency graph	2026-09-23T05:59:44.9773269Z  + virtualenv==21.7.5
Synthetic Python 3.13	Install the locked dependency graph	2026-09-23T05:59:44.9773672Z  + webencodings==0.6.1
Synthetic Python 3.13	Validate the reviewed synthetic allowlist	﻿2026-09-23T05:59:44.9881371Z ##[group]Run .venv/bin/python -I -B tools/publication_validation/run.py "$RUNNER_TEMP/python-synthetic"
Synthetic Python 3.13	Validate the reviewed synthetic allowlist	2026-09-23T05:59:44.9882206Z ^[[36;1m.venv/bin/python -I -B tools/publication_validation/run.py "$RUNNER_TEMP/python-synthetic"^[[0m
Synthetic Python 3.13	Validate the reviewed synthetic allowlist	2026-09-23T05:59:44.9907545Z shell: /usr/bin/bash -e {0}
Synthetic Python 3.13	Validate the reviewed synthetic allowlist	2026-09-23T05:59:44.9908000Z env:
Synthetic Python 3.13	Validate the reviewed synthetic allowlist	2026-09-23T05:59:44.9908376Z   UV_PYTHON_INSTALL_DIR: /home/runner/work/_temp/uv-python-dir
Synthetic Python 3.13	Validate the reviewed synthetic allowlist	2026-09-23T05:59:44.9909050Z   UV_CACHE_DIR: /home/runner/work/_temp/setup-uv-cache
Synthetic Python 3.13	Validate the reviewed synthetic allowlist	2026-09-23T05:59:44.9909662Z   pythonLocation: /opt/hostedtoolcache/Python/3.13.15/x64
Synthetic Python 3.13	Validate the reviewed synthetic allowlist	2026-09-23T05:59:44.9910183Z   PKG_CONFIG_PATH: /opt/hostedtoolcache/Python/3.13.15/x64/lib/pkgconfig
Synthetic Python 3.13	Validate the reviewed synthetic allowlist	2026-09-23T05:59:44.9910721Z   Python_ROOT_DIR: /opt/hostedtoolcache/Python/3.13.15/x64
Synthetic Python 3.13	Validate the reviewed synthetic allowlist	2026-09-23T05:59:44.9911182Z   Python2_ROOT_DIR: /opt/hostedtoolcache/Python/3.13.15/x64
Synthetic Python 3.13	Validate the reviewed synthetic allowlist	2026-09-23T05:59:44.9911681Z   Python3_ROOT_DIR: /opt/hostedtoolcache/Python/3.13.15/x64
Synthetic Python 3.13	Validate the reviewed synthetic allowlist	2026-09-23T05:59:44.9912163Z   LD_LIBRARY_PATH: /opt/hostedtoolcache/Python/3.13.15/x64/lib
Synthetic Python 3.13	Validate the reviewed synthetic allowlist	2026-09-23T05:59:44.9912680Z ##[endgroup]
Synthetic Python 3.13	Validate the reviewed synthetic allowlist	2026-09-23T05:59:55.8065392Z ........................................................................ [ 17%]
Synthetic Python 3.13	Validate the reviewed synthetic allowlist	2026-09-23T05:59:55.9803683Z ........................................................................ [ 34%]
Synthetic Python 3.13	Validate the reviewed synthetic allowlist	2026-09-23T05:59:56.2408009Z ........................................................................ [ 52%]
Synthetic Python 3.13	Validate the reviewed synthetic allowlist	2026-09-23T05:59:57.6805211Z ........................................................................ [ 69%]
Synthetic Python 3.13	Validate the reviewed synthetic allowlist	2026-09-23T05:59:57.8428882Z ........................................................................ [ 86%]
Synthetic Python 3.13	Validate the reviewed synthetic allowlist	2026-09-23T05:59:58.1742273Z .......................................................                  [100%]
Synthetic Python 3.13	Validate the reviewed synthetic allowlist	2026-09-23T05:59:58.1743088Z 415 passed in 11.17s
Synthetic Python 3.13	Validate publication tools	﻿2026-09-23T05:59:58.5428929Z ##[group]Run uv run --locked ruff check tools/publication_validation
Synthetic Python 3.13	Validate publication tools	2026-09-23T05:59:58.5429545Z ^[[36;1muv run --locked ruff check tools/publication_validation^[[0m
Synthetic Python 3.13	Validate publication tools	2026-09-23T05:59:58.5430093Z ^[[36;1muv run --locked ruff format --check tools/publication_validation^[[0m
Synthetic Python 3.13	Validate publication tools	2026-09-23T05:59:58.5430630Z ^[[36;1muv run --locked pyright tools/publication_validation^[[0m
Synthetic Python 3.13	Validate publication tools	2026-09-23T05:59:58.5455000Z shell: /usr/bin/bash -e {0}
Synthetic Python 3.13	Validate publication tools	2026-09-23T05:59:58.5455387Z env:
Synthetic Python 3.13	Validate publication tools	2026-09-23T05:59:58.5455876Z   UV_PYTHON_INSTALL_DIR: /home/runner/work/_temp/uv-python-dir
Synthetic Python 3.13	Validate publication tools	2026-09-23T05:59:58.5456390Z   UV_CACHE_DIR: /home/runner/work/_temp/setup-uv-cache
Synthetic Python 3.13	Validate publication tools	2026-09-23T05:59:58.5456887Z   pythonLocation: /opt/hostedtoolcache/Python/3.13.15/x64
Synthetic Python 3.13	Validate publication tools	2026-09-23T05:59:58.5457391Z   PKG_CONFIG_PATH: /opt/hostedtoolcache/Python/3.13.15/x64/lib/pkgconfig
Synthetic Python 3.13	Validate publication tools	2026-09-23T05:59:58.5457878Z   Python_ROOT_DIR: /opt/hostedtoolcache/Python/3.13.15/x64
Synthetic Python 3.13	Validate publication tools	2026-09-23T05:59:58.5458366Z   Python2_ROOT_DIR: /opt/hostedtoolcache/Python/3.13.15/x64
Synthetic Python 3.13	Validate publication tools	2026-09-23T05:59:58.5458935Z   Python3_ROOT_DIR: /opt/hostedtoolcache/Python/3.13.15/x64
Synthetic Python 3.13	Validate publication tools	2026-09-23T05:59:58.5459421Z   LD_LIBRARY_PATH: /opt/hostedtoolcache/Python/3.13.15/x64/lib
Synthetic Python 3.13	Validate publication tools	2026-09-23T05:59:58.5459823Z ##[endgroup]
Synthetic Python 3.13	Validate publication tools	2026-09-23T05:59:58.7524089Z All checks passed!
Synthetic Python 3.13	Validate publication tools	2026-09-23T05:59:58.9085909Z 5 files already formatted
Synthetic Python 3.13	Validate publication tools	2026-09-23T06:00:00.7816155Z 0 errors, 0 warnings, 0 informations
Synthetic Python 3.13	Build distribution and verify wheel installation	﻿2026-09-23T06:00:00.8259488Z ##[group]Run uv build
Synthetic Python 3.13	Build distribution and verify wheel installation	2026-09-23T06:00:00.8259936Z ^[[36;1muv build^[[0m
Synthetic Python 3.13	Build distribution and verify wheel installation	2026-09-23T06:00:00.8260253Z ^[[36;1muv venv "$RUNNER_TEMP/installed"^[[0m
Synthetic Python 3.13	Build distribution and verify wheel installation	2026-09-23T06:00:00.8260883Z ^[[36;1muv export --locked --no-dev --no-emit-project --format requirements-txt --output-file "$RUNNER_TEMP/runtime.txt"^[[0m
Synthetic Python 3.13	Build distribution and verify wheel installation	2026-09-23T06:00:00.8261806Z ^[[36;1muv pip install --python "$RUNNER_TEMP/installed/bin/python" --require-hashes --no-deps -r "$RUNNER_TEMP/runtime.txt"^[[0m
Synthetic Python 3.13	Build distribution and verify wheel installation	2026-09-23T06:00:00.8262504Z ^[[36;1muv pip install --python "$RUNNER_TEMP/installed/bin/python" --no-deps dist/*.whl^[[0m
Synthetic Python 3.13	Build distribution and verify wheel installation	2026-09-23T06:00:00.8263217Z ^[[36;1mtest -f "$RUNNER_TEMP/installed/lib/python3.13/site-packages/brasileirao_predictor/kernel_cli.py"^[[0m
Synthetic Python 3.13	Build distribution and verify wheel installation	2026-09-23T06:00:00.8264011Z ^[[36;1m"$RUNNER_TEMP/installed/bin/python" -I tools/publication_validation/installed_shadow.py "$RUNNER_TEMP/installed-shadow"^[[0m
Synthetic Python 3.13	Build distribution and verify wheel installation	2026-09-23T06:00:00.8287828Z shell: /usr/bin/bash -e {0}
Synthetic Python 3.13	Build distribution and verify wheel installation	2026-09-23T06:00:00.8288219Z env:
Synthetic Python 3.13	Build distribution and verify wheel installation	2026-09-23T06:00:00.8288599Z   UV_PYTHON_INSTALL_DIR: /home/runner/work/_temp/uv-python-dir
Synthetic Python 3.13	Build distribution and verify wheel installation	2026-09-23T06:00:00.8289183Z   UV_CACHE_DIR: /home/runner/work/_temp/setup-uv-cache
Synthetic Python 3.13	Build distribution and verify wheel installation	2026-09-23T06:00:00.8289646Z   pythonLocation: /opt/hostedtoolcache/Python/3.13.15/x64
Synthetic Python 3.13	Build distribution and verify wheel installation	2026-09-23T06:00:00.8290159Z   PKG_CONFIG_PATH: /opt/hostedtoolcache/Python/3.13.15/x64/lib/pkgconfig
Synthetic Python 3.13	Build distribution and verify wheel installation	2026-09-23T06:00:00.8290824Z   Python_ROOT_DIR: /opt/hostedtoolcache/Python/3.13.15/x64
Synthetic Python 3.13	Build distribution and verify wheel installation	2026-09-23T06:00:00.8291284Z   Python2_ROOT_DIR: /opt/hostedtoolcache/Python/3.13.15/x64
Synthetic Python 3.13	Build distribution and verify wheel installation	2026-09-23T06:00:00.8291725Z   Python3_ROOT_DIR: /opt/hostedtoolcache/Python/3.13.15/x64
Synthetic Python 3.13	Build distribution and verify wheel installation	2026-09-23T06:00:00.8292274Z   LD_LIBRARY_PATH: /opt/hostedtoolcache/Python/3.13.15/x64/lib
Synthetic Python 3.13	Build distribution and verify wheel installation	2026-09-23T06:00:00.8292677Z ##[endgroup]
Synthetic Python 3.13	Build distribution and verify wheel installation	2026-09-23T06:00:00.8466107Z Building source distribution...
Synthetic Python 3.13	Build distribution and verify wheel installation	2026-09-23T06:00:06.9414601Z Building wheel from source distribution...
Synthetic Python 3.13	Build distribution and verify wheel installation	2026-09-23T06:00:07.3301639Z Successfully built dist/brasileirao_predictor-0.2.0.tar.gz
Synthetic Python 3.13	Build distribution and verify wheel installation	2026-09-23T06:00:07.3302646Z Successfully built dist/brasileirao_predictor-0.2.0-py3-none-any.whl
Synthetic Python 3.13	Build distribution and verify wheel installation	2026-09-23T06:00:07.3432593Z Using CPython 3.13.15 interpreter at: /opt/hostedtoolcache/Python/3.13.15/x64/bin/python3
Synthetic Python 3.13	Build distribution and verify wheel installation	2026-09-23T06:00:07.3433311Z Creating virtual environment at: /home/runner/work/_temp/installed
Synthetic Python 3.13	Build distribution and verify wheel installation	2026-09-23T06:00:07.3436746Z Activate with: /home/runner/work/_temp/installed/bin/activate
Synthetic Python 3.13	Build distribution and verify wheel installation	2026-09-23T06:00:07.6592863Z Resolved 60 packages in 301ms
Synthetic Python 3.13	Build distribution and verify wheel installation	2026-09-23T06:00:07.6594175Z # This file was autogenerated by uv via the following command:
Synthetic Python 3.13	Build distribution and verify wheel installation	2026-09-23T06:00:07.6595635Z #    uv export --locked --no-dev --no-emit-project --format requirements-txt --output-file /home/runner/work/_temp/runtime.txt
Synthetic Python 3.13	Build distribution and verify wheel installation	2026-09-23T06:00:07.6596696Z annotated-types==0.8.0 \
Synthetic Python 3.13	Build distribution and verify wheel installation	2026-09-23T06:00:07.6597588Z     --hash=sha256:13b2beaad985e05e2d6407ee4c4f35590b11f8d693a258a561055cac8f64cab7 \
Synthetic Python 3.13	Build distribution and verify wheel installation	2026-09-23T06:00:07.6598707Z     --hash=sha256:f072f4d804ea359e4eaf198b1af7a8b0943881a87f31bb764f8bf219bb9419e0
Synthetic Python 3.13	Build distribution and verify wheel installation	2026-09-23T06:00:07.6599544Z     # via pydantic
Synthetic Python 3.13	Build distribution and verify wheel installation	2026-09-23T06:00:07.6600096Z attrs==26.1.0 \
Synthetic Python 3.13	Build distribution and verify wheel installation	2026-09-23T06:00:07.6600940Z     --hash=sha256:c647aa4a12dfbad9333ca4e71fe62ddc36f4e63b2d260a37a8b83d2f043ac309 \
Synthetic Python 3.13	Build distribution and verify wheel installation	2026-09-23T06:00:07.6601987Z     --hash=sha256:d03ceb89cb322a8fd706d4fb91940737b6642aa36998fe130a9bc96c985eff32
Synthetic Python 3.13	Build distribution and verify wheel installation	2026-09-23T06:00:07.6602715Z     # via
Synthetic Python 3.13	Build distribution and verify wheel installation	2026-09-23T06:00:07.6603109Z     #   jsonschema
Synthetic Python 3.13	Build distribution and verify wheel installation	2026-09-23T06:00:07.6603546Z     #   referencing
Synthetic Python 3.13	Build distribution and verify wheel installation	2026-09-23T06:00:07.6603930Z certifi==2026.7.22 \
Synthetic Python 3.13	Build distribution and verify wheel installation	2026-09-23T06:00:07.6604511Z     --hash=sha256:62f22742b58a1a33014a2b6b706588a8d7e2a88ae7bd1a6ebe8c992928483775 \
Synthetic Python 3.13	Build distribution and verify wheel installation	2026-09-23T06:00:07.6605548Z     --hash=sha256:741e2c3b351ddf169a738da9f2c048608ff7f2c5cc02f1ebc6b118bb090d5d55
Synthetic Python 3.13	Build distribution and verify wheel installation	2026-09-23T06:00:07.6606243Z     # via requests
Synthetic Python 3.13	Build distribution and verify wheel installation	2026-09-23T06:00:07.6606675Z charset-normalizer==3.5.1 \
Synthetic Python 3.13	Build distribution and verify wheel installation	2026-09-23T06:00:07.6607356Z     --hash=sha256:01e93745f7f219b703b60ba7afead36cfc4242782be5af484673fc500df12da5 \
Synthetic Python 3.13	Build distribution and verify wheel installation	2026-09-23T06:00:07.6608175Z     --hash=sha256:09a7bba9f739468c8e78c36a75c33768e53cb1959fc638f510454c14683f00d5 \
Synthetic Python 3.13	Build distribution and verify wheel installation	2026-09-23T06:00:07.6609053Z     --hash=sha256:0c6dfb5ca6723eeed15aa8e564a014d69fcb8812f94eef11fe3631e0508199f5 \
Synthetic Python 3.13	Build distribution and verify wheel installation	2026-09-23T06:00:07.6610285Z     --hash=sha256:0d929fc574b4d6fd9e7c0f5c2ede8716a41911923aa7fa5fce38e0818aa4a1ac \
Synthetic Python 3.13	Build distribution and verify wheel installation	2026-09-23T06:00:07.6611192Z     --hash=sha256:15f024313246a4ed976c60f440bb8d257815513a681d212ff74fd46f7d715a90 \
Synthetic Python 3.13	Build distribution and verify wheel installation	2026-09-23T06:00:07.6612115Z     --hash=sha256:1f5883d77fd409a261abb5dc8ccbe335720d798b1de4abb3b1d47ccbbc76b53b \
Synthetic Python 3.13	Build distribution and verify wheel installation	2026-09-23T06:00:07.6612719Z     --hash=sha256:256dd4d85d9e4dc595e2bc983c980e73f62ddeb3165c58b4c3dfe78c5c8548c1 \
Synthetic Python 3.13	Build distribution and verify wheel installation	2026-09-23T06:00:07.6613369Z     --hash=sha256:26422d45fd13551cf564c58932f7d72b4f58b93b0fcf18c35ba6be12b46bb102 \
Synthetic Python 3.13	Build distribution and verify wheel installation	2026-09-23T06:00:07.6614101Z     --hash=sha256:2bced4061f000f7187254a02ad3433ae17eaf991747ceea2f478422590a5bba9 \
Synthetic Python 3.13	Build distribution and verify wheel installation	2026-09-23T06:00:07.6614983Z     --hash=sha256:2f06b7eae9dbe77fe1d644ca244dad508de8d302870a43f3c559b521270938a0 \
Synthetic Python 3.13	Build distribution and verify wheel installation	2026-09-23T06:00:07.6615745Z     --hash=sha256:2f293479cce755c75f1697e87c409b7ae4c555c7dfecb6e988ad13abba943031 \
Synthetic Python 3.13	Build distribution and verify wheel installation	2026-09-23T06:00:07.6616337Z     --hash=sha256:329fc3ccb63ad22d867d84c2adea759a64079a37ba4a343433b02c7a2816871e \
Synthetic Python 3.13	Build distribution and verify wheel installation	2026-09-23T06:00:07.6616943Z     --hash=sha256:343fb4f2821043bd87095f7b08a1a181febc8e36ac64212143bbfd0a0e1bc235 \
Synthetic Python 3.13	Build distribution and verify wheel installation	2026-09-23T06:00:07.6617553Z     --hash=sha256:3588e376b3ea2eea84976f67273d679f229e24c66dce7b82ae45aef04ff6e072 \
Synthetic Python 3.13	Build distribution and verify wheel installation	2026-09-23T06:00:07.6618347Z     --hash=sha256:35fe081843b35aad20ffeccec3eeffbe637b15d14f3fb22cc1b59cd8ec17e93c \
Synthetic Python 3.13	Build distribution and verify wheel installation	2026-09-23T06:00:07.6618986Z     --hash=sha256:36047af20e17097c3bb9476c2b7655f2f7aa51322c0ba58c07695bedf755a950 \
Synthetic Python 3.13	Build distribution and verify wheel installation	2026-09-23T06:00:07.6619561Z     --hash=sha256:394fea06235c8543390050ed5f529187074b029fb027213f6c46ac11ab5d950e \
Synthetic Python 3.13	Build distribution and verify wheel installation	2026-09-23T06:00:07.6620142Z     --hash=sha256:41876ee62a3dddf48ff1121ad8f0798032aa03f2fd35f21f34a4cab14f18d8d2 \
Synthetic Python 3.13	Build distribution and verify wheel installation	2026-09-23T06:00:07.6620739Z     --hash=sha256:485a0d363cafefcd2538a73c7c838daa2035f09b2c9f9b5e3133f80c6aeb84c2 \
Synthetic Python 3.13	Build distribution and verify wheel installation	2026-09-23T06:00:07.6621353Z     --hash=sha256:496846868fea80e479324862fa877f02411f2fd0f83b79ccee2607aa68b2a032 \
Synthetic Python 3.13	Build distribution and verify wheel installation	2026-09-23T06:00:07.6621950Z     --hash=sha256:4b599739b93b2cbeded49645ae3c8d1405c29ddfbceac1545c87a3f9580a9e96 \
Synthetic Python 3.13	Build distribution and verify wheel installation	2026-09-23T06:00:07.6622587Z     --hash=sha256:4bea7f8ebe90bbd7f0e4a2de42ca6924ba23e3e76418c408ff82f1d46fabd687 \
Synthetic Python 3.13	Build distribution and verify wheel installation	2026-09-23T06:00:07.6623182Z     --hash=sha256:4c4fb141a727957c93edfe5c32a26ceb6b5f6461d67146e2d39f51e16170bea8 \
Synthetic Python 3.13	Build distribution and verify wheel installation	2026-09-23T06:00:07.6623779Z     --hash=sha256:4c9548dc78002099910abaebc0a72ac58b7d30931869e0351c09b507dff4ece3 \
Synthetic Python 3.13	Build distribution and verify wheel installation	2026-09-23T06:00:07.6624396Z     --hash=sha256:4f298bdadb8f0b9e5672877f647d1be9373ef5320c9e2f049795e26cad28b6a9 \
Synthetic Python 3.13	Build distribution and verify wheel installation	2026-09-23T06:00:07.6625260Z     --hash=sha256:52ec005752a56ae79547a05c0139ca2501a0c866390b6115008456b9f0e7cde1 \
Synthetic Python 3.13	Build distribution and verify wheel installation	2026-09-23T06:00:07.6625836Z     --hash=sha256:58d3e12c88e0950bca850ae1f7c256055c097639c2edb9eb123af9807d8b15e4 \
Synthetic Python 3.13	Build distribution and verify wheel installation	2026-09-23T06:00:07.6626466Z     --hash=sha256:58d4aa13a59c969dbfdf9e6a9560e242cbfd9e8a8f50c2747714df1a423adf65 \
Synthetic Python 3.13	Build distribution and verify wheel installation	2026-09-23T06:00:07.6627093Z     --hash=sha256:5c0ea61a470e070686aa30892fed79e297d2c8d0ab46b8bcdf027d38c51da591 \
Synthetic Python 3.13	Build distribution and verify wheel installation	2026-09-23T06:00:07.6627672Z     --hash=sha256:6117b84ea48435e5356dc737f5121485c30920ba43375fa7b434fd753df0eac3 \
Synthetic Python 3.13	Build distribution and verify wheel installation	2026-09-23T06:00:07.6628257Z     --hash=sha256:62b55f6722735a6c472f88361cde6640608773d9443cebdbb51abf436a1fcdd3 \
Synthetic Python 3.13	Build distribution and verify wheel installation	2026-09-23T06:00:07.6628833Z     --hash=sha256:6b7430cf5728e68f6c462254009a6ef4086e1bea43cf2f57aa9c55fb4f50ff96 \
Synthetic Python 3.13	Build distribution and verify wheel installation	2026-09-23T06:00:07.6629750Z     --hash=sha256:6c9cdde8becb25a7fde49924511aa2644d6f8081cc8df8e9452724303348d8e3 \
Synthetic Python 3.13	Build distribution and verify wheel installation	2026-09-23T06:00:07.6630389Z     --hash=sha256:6df0ec430f9a831772c23ca5a224cba36517a58a84bb32c32bb59a9fa67c47f6 \
Synthetic Python 3.13	Build distribution and verify wheel installation	2026-09-23T06:00:07.6631044Z     --hash=sha256:70055ff39b97c99e7ae40ea3e393fb62aa2e44dbd9b29f8d14f42fb0025c3959 \
Synthetic Python 3.13	Build distribution and verify wheel installation	2026-09-23T06:00:07.6631650Z     --hash=sha256:774d157f112367ff4abd29019f38f023c24e00e56edc7829c20e358a5a913ad8 \
Synthetic Python 3.13	Build distribution and verify wheel installation	2026-09-23T06:00:07.6632243Z     --hash=sha256:7ac76cf9afd34929d76eb7fcb63be476a4853d8a96f0dcf2d0db68a0cbdf9885 \
Synthetic Python 3.13	Build distribution and verify wheel installation	2026-09-23T06:00:07.6632802Z     --hash=sha256:823f82903d189af463d7df250ef1f7f696f3cee08cc8d91deb565e8d425f6506 \
Synthetic Python 3.13	Build distribution and verify wheel installation	2026-09-23T06:00:07.6633935Z     --hash=sha256:85d5855daafc240cc045c026d7a15fd198a09b0fc8ff6f5ecbb5297b509cb11e \
Synthetic Python 3.13	Build distribution and verify wheel installation	2026-09-23T06:00:07.6634644Z     --hash=sha256:87e4f41d375c0b9be2fb5251aee4b8a689169e134535aed81bf085c3b647451e \
Synthetic Python 3.13	Build distribution and verify wheel installation	2026-09-23T06:00:07.6635423Z     --hash=sha256:88ca277405c2d3b71c4e1c2ee0e7966e807bcba86a69d11e19ba199d18ae4491 \
Synthetic Python 3.13	Build distribution and verify wheel installation	2026-09-23T06:00:07.6636068Z     --hash=sha256:90b7481fb62fbe172c558bc6fd1c4c98d82004a54a7551f20e11ac9bf0b8708c \
Synthetic Python 3.13	Build distribution and verify wheel installation	2026-09-23T06:00:07.6636643Z     --hash=sha256:9362dd90aa7dab48c0054a21187791ccf05473f7dba5d92b8033ae62164675e7 \
Synthetic Python 3.13	Build distribution and verify wheel installation	2026-09-23T06:00:07.6637338Z     --hash=sha256:94d78ecec2605a8d0398b0f365d5f12a63248438516f5dac536a5eff7337df4a \
Synthetic Python 3.13	Build distribution and verify wheel installation	2026-09-23T06:00:07.6637935Z     --hash=sha256:977cdbd483a9cff38179bea4fd754289a6f2195c7abd414aba85410b3e66cc5e \
Synthetic Python 3.13	Build distribution and verify wheel installation	2026-09-23T06:00:07.6638533Z     --hash=sha256:9ac4444d8d4fd4c4bd08bf451ed3167aa9e7ec6cdb41b648794f1d1103652e36 \
Synthetic Python 3.13	Build distribution and verify wheel installation	2026-09-23T06:00:07.6639140Z     --hash=sha256:9d9a0dc7cbe9bec24c3f767c9122c41fe5a1bc43f47cd099d00d393e09769de4 \
Synthetic Python 3.13	Build distribution and verify wheel installation	2026-09-23T06:00:07.6639735Z     --hash=sha256:9eea3ab2597a5e65fe65296e2d6a84570845a6b55532d90333d740d48bbc850a \
Synthetic Python 3.13	Build distribution and verify wheel installation	2026-09-23T06:00:07.6640399Z     --hash=sha256:a2028475ba855475b8b4d3cfeb4994269c967aea8b9892dfba907f4263a863a3 \
Synthetic Python 3.13	Build distribution and verify wheel installation	2026-09-23T06:00:07.6640992Z     --hash=sha256:a3a370082ce34d0612f421e15fe011c53bb1feff21a26d06ad4fb244dab5a375 \
Synthetic Python 3.13	Build distribution and verify wheel installation	2026-09-23T06:00:07.6641659Z     --hash=sha256:a6dac12ff6b846103483683f60c5f8fee205121adc58ffd87e90a90a3af69e99 \
Synthetic Python 3.13	Build distribution and verify wheel installation	2026-09-23T06:00:07.6642261Z     --hash=sha256:ab743e9bc90c1f73552ec33e10e3331315acd2c397b36065b591b0181de533cc \
Synthetic Python 3.13	Build distribution and verify wheel installation	2026-09-23T06:00:07.6642880Z     --hash=sha256:acaf604462bf330b0d07e7a07c1d6e4adac79e5fb13e9c5140590542cafacc00 \
Synthetic Python 3.13	Build distribution and verify wheel installation	2026-09-23T06:00:07.6643487Z     --hash=sha256:ae4a097991662cd4fff0ddc74e0fe7874f82e00042fa0ea00855645ed0c79598 \
Synthetic Python 3.13	Build distribution and verify wheel installation	2026-09-23T06:00:07.6644086Z     --hash=sha256:aea996a6aba25260827c9ea511d1addfde2da9eb686ac961838509086188b7e6 \
Synthetic Python 3.13	Build distribution and verify wheel installation	2026-09-23T06:00:07.6644826Z     --hash=sha256:b39b69b347e5e47a3b5b8cfc005c68c1ba347474e3960236c4944a8ecd174962 \
Synthetic Python 3.13	Build distribution and verify wheel installation	2026-09-23T06:00:07.6645440Z     --hash=sha256:bb57753e36e4855b8ca375069482250a6246372331a3e4f3407eaebb007443f5 \
Synthetic Python 3.13	Build distribution and verify wheel installation	2026-09-23T06:00:07.6646056Z     --hash=sha256:c010f5581d9c612804cc59fcf7b524b707fbcb72828551237ab545bb5c7034af \
Synthetic Python 3.13	Build distribution and verify wheel installation	2026-09-23T06:00:07.6646674Z     --hash=sha256:c428c6c31eb5f4277d7f8eccaf767fbd548ddd5ce3c8b4f4cbbfab3d96b5904c \
Synthetic Python 3.13	Build distribution and verify wheel installation	2026-09-23T06:00:07.6647277Z     --hash=sha256:c658c50ac0c98cd755a2dd50b7977d3bca7df401dcc47fbdfa87db53ef7d4e8b \
Synthetic Python 3.13	Build distribution and verify wheel installation	2026-09-23T06:00:07.6647863Z     --hash=sha256:c71fb0d56c920c269cd3e2e3fe7c610e3f1fdb21a6ce60efa6430ff63676cea6 \
Synthetic Python 3.13	Build distribution and verify wheel installation	2026-09-23T06:00:07.6648757Z     --hash=sha256:cee5dd7c6fb5dd52a0fe2a740f9bc6e3593f5f8b1788bde49de02086f30182b2 \
Synthetic Python 3.13	Build distribution and verify wheel installation	2026-09-23T06:00:07.6649366Z     --hash=sha256:d59b75732e9b6f27388e10c14b0259cc5f2e48c78627d185e6a177b58ad3cffe \
Synthetic Python 3.13	Build distribution and verify wheel installation	2026-09-23T06:00:07.6649977Z     --hash=sha256:d63600d620ad0064c3a748b950ac5ea38a80190e5498532efefa4b7b3f1da1f3 \
Synthetic Python 3.13	Build distribution and verify wheel installation	2026-09-23T06:00:07.6650566Z     --hash=sha256:dd732602a7009217f658d5863d12d79d373a4de0eebc111094bcdd3bb8e0a6cc \
Synthetic Python 3.13	Build distribution and verify wheel installation	2026-09-23T06:00:07.6651156Z     --hash=sha256:e199fb99720074809a7720f1c0b4d919eea8b87e88713e0f8f602f7bef543d9d \
Synthetic Python 3.13	Build distribution and verify wheel installation	2026-09-23T06:00:07.6651759Z     --hash=sha256:e71c909f353863b2b89c83de2ebed71ea6d0df8a6ef65a128193c5e650766bef \
Synthetic Python 3.13	Build distribution and verify wheel installation	2026-09-23T06:00:07.6652385Z     --hash=sha256:e90251c0c7bdd54a100a0dce3c07b7e637278c93af29dbf78ebb89a58c4bac7d \
Synthetic Python 3.13	Build distribution and verify wheel installation	2026-09-23T06:00:07.6653032Z     --hash=sha256:f03ac127268b43ef4fe9e6ab6794a6794b49485a0cc0c1db79876d2f33f75bc7 \
Synthetic Python 3.13	Build distribution and verify wheel installation	2026-09-23T06:00:07.6653638Z     --hash=sha256:f6f7deae3feb4edfa2efaf7c574fe88cbf055038a6abdb40188e4fff66d5699f \
Synthetic Python 3.13	Build distribution and verify wheel installation	2026-09-23T06:00:07.6654232Z     --hash=sha256:fa48b1b63d639f9483e0633e092f5851e2348c352f1f9bb6c8182f87884ef876 \
Synthetic Python 3.13	Build distribution and verify wheel installation	2026-09-23T06:00:07.6654943Z     --hash=sha256:fbc597639158fd7c14d55e808718848319540f51b0e6746e3eefa59723a4a348 \
Synthetic Python 3.13	Build distribution and verify wheel installation	2026-09-23T06:00:07.6655578Z     --hash=sha256:fce8cbd4997efeb450bd298b54f755dcdff18d496f7a5ddbb4867c6d7c88fdc3 \
Synthetic Python 3.13	Build distribution and verify wheel installation	2026-09-23T06:00:07.6656193Z     --hash=sha256:fd0350afdc3aabd5576f60ea109228bd5538139713c7b094c5cd27c73a98bc6f \
Synthetic Python 3.13	Build distribution and verify wheel installation	2026-09-23T06:00:07.6656778Z     --hash=sha256:fd0a274c0e5f9a21565cd9d3dd749b61f96b7aa1e20a93aa1ba4029518f2e5c0 \
Synthetic Python 3.13	Build distribution and verify wheel installation	2026-09-23T06:00:07.6657503Z     --hash=sha256:fdb8a068947befafba9952162645dc2fecaeb400e64584829ed5e9b2fbe21a7f
Synthetic Python 3.13	Build distribution and verify wheel installation	2026-09-23T06:00:07.6658009Z     # via requests
Synthetic Python 3.13	Build distribution and verify wheel installation	2026-09-23T06:00:07.6658305Z idna==3.19 \
Synthetic Python 3.13	Build distribution and verify wheel installation	2026-09-23T06:00:07.6658736Z     --hash=sha256:5e0811a4383b21dc5838069f801c4fb62113b7447663d2530d2bd6e77b49bf15 \
Synthetic Python 3.13	Build distribution and verify wheel installation	2026-09-23T06:00:07.6659318Z     --hash=sha256:815e7be7a7806d54abb586dc943addc79e8b2ee16915059658cbeff4b1b43bf4
Synthetic Python 3.13	Build distribution and verify wheel installation	2026-09-23T06:00:07.6659764Z     # via requests
Synthetic Python 3.13	Build distribution and verify wheel installation	2026-09-23T06:00:07.6660120Z jsonschema==4.26.0 \
Synthetic Python 3.13	Build distribution and verify wheel installation	2026-09-23T06:00:07.6660568Z     --hash=sha256:0c26707e2efad8aa1bfc5b7ce170f3fccc2e4918ff85989ba9ffa9facb2be326 \
Synthetic Python 3.13	Build distribution and verify wheel installation	2026-09-23T06:00:07.6661208Z     --hash=sha256:d489f15263b8d200f8387e64b4c3a75f06629559fb73deb8fdfb525f2dab50ce
Synthetic Python 3.13	Build distribution and verify wheel installation	2026-09-23T06:00:07.6661681Z     # via brasileirao-predictor
Synthetic Python 3.13	Build distribution and verify wheel installation	2026-09-23T06:00:07.6662034Z jsonschema-specifications==2025.9.1 \
Synthetic Python 3.13	Build distribution and verify wheel installation	2026-09-23T06:00:07.6662593Z     --hash=sha256:98802fee3a11ee76ecaca44429fda8a41bff98b00a0f2838151b113f210cc6fe \
Synthetic Python 3.13	Build distribution and verify wheel installation	2026-09-23T06:00:07.6663184Z     --hash=sha256:b540987f239e745613c7a9176f3edb72b832a4ac465cf02712288397832b5e8d
Synthetic Python 3.13	Build distribution and verify wheel installation	2026-09-23T06:00:07.6663640Z     # via jsonschema
Synthetic Python 3.13	Build distribution and verify wheel installation	2026-09-23T06:00:07.6663946Z numpy==2.5.3 \
Synthetic Python 3.13	Build distribution and verify wheel installation	2026-09-23T06:00:07.6664365Z     --hash=sha256:012e66aca395d795496446e52aeeb5866312a5d4d3f27da270e5a0b43f70dc5c \
Synthetic Python 3.13	Build distribution and verify wheel installation	2026-09-23T06:00:07.6665367Z     --hash=sha256:1302b90c0e52281681b2975adfe8a860cb7b12216a27b4b0b4207c44bf7bccf0 \
Synthetic Python 3.13	Build distribution and verify wheel installation	2026-09-23T06:00:07.6665952Z     --hash=sha256:15aa985ac73a8db02db7663381aa109510449d3819d37206caed27b33a65a8a6 \
Synthetic Python 3.13	Build distribution and verify wheel installation	2026-09-23T06:00:07.6666553Z     --hash=sha256:1c80eabb4035ecf4ca9cd49cde8a9fdd69a729e63e6474887d1523ade7aa277f \
Synthetic Python 3.13	Build distribution and verify wheel installation	2026-09-23T06:00:07.6667155Z     --hash=sha256:1fb6f8fb9ff0b3a69f52c66ce397b0246583e9f28616231b0e32ca49259a5fa6 \
Synthetic Python 3.13	Build distribution and verify wheel installation	2026-09-23T06:00:07.6667741Z     --hash=sha256:2c25dfa72943e4336ddb6b0ee4277b47a0c85bede0807530ec68103bf58e2c10 \
Synthetic Python 3.13	Build distribution and verify wheel installation	2026-09-23T06:00:07.6668371Z     --hash=sha256:2d8240cb4c16fd831074aa2b2cf9fc54664d826341d61c372245b96a74a49a9a \
Synthetic Python 3.13	Build distribution and verify wheel installation	2026-09-23T06:00:07.6668968Z     --hash=sha256:350ba9783ce969cf9f7ce6e6a9a58e1a6e2a19ca025b7ee448c4db727706212a \
Synthetic Python 3.13	Build distribution and verify wheel installation	2026-09-23T06:00:07.6669599Z     --hash=sha256:4c8a6d2ebce6305fd82fbefca827775437147052a976ee7c94b36a0c1b52ac6c \
Synthetic Python 3.13	Build distribution and verify wheel installation	2026-09-23T06:00:07.6670189Z     --hash=sha256:536f963710a4e63934d80ac0dc4f478804a83e9a84b6828018f25d09953ada33 \
Synthetic Python 3.13	Build distribution and verify wheel installation	2026-09-23T06:00:07.6670766Z     --hash=sha256:54a115e5a73b8fc44f0cebef486365a1894b5c9760685d4558b72b7c3eb846e0 \
Synthetic Python 3.13	Build distribution and verify wheel installation	2026-09-23T06:00:07.6671401Z     --hash=sha256:66a78fe4556c60aceda5916f9eacd638b18e9e681016ec302dcb4682d6d4d034 \
Synthetic Python 3.13	Build distribution and verify wheel installation	2026-09-23T06:00:07.6671987Z     --hash=sha256:71cad2b2a7451ab79d8f5e71b453485b6775963d5cf794179144a7463fe6e8ec \
Synthetic Python 3.13	Build distribution and verify wheel installation	2026-09-23T06:00:07.6672547Z     --hash=sha256:8e4dd766076855b5ff7ea52fa5f07ce26286726e0f8bff446b7739d02e6ea204 \
Synthetic Python 3.13	Build distribution and verify wheel installation	2026-09-23T06:00:07.6673166Z     --hash=sha256:92f30e89b8ee0ecf363033576c422b2f58fed6a80bed0aa48dff6d14c654663e \
Synthetic Python 3.13	Build distribution and verify wheel installation	2026-09-23T06:00:07.6673813Z     --hash=sha256:93e1f5447e2b1e479d7bd74701e84746b86450cff1fc368b132d195e2b8f8211 \
Synthetic Python 3.13	Build distribution and verify wheel installation	2026-09-23T06:00:07.6674419Z     --hash=sha256:9a37475425b431b4d060f23b4f52cd2f3aef6bc7c654bd760adf0040eec9d435 \
Synthetic Python 3.13	Build distribution and verify wheel installation	2026-09-23T06:00:07.6675290Z     --hash=sha256:9deb49575e5b0b94ed72c8a64ec4d033381adc27e9060ae842971f697ba96104 \
Synthetic Python 3.13	Build distribution and verify wheel installation	2026-09-23T06:00:07.6675889Z     --hash=sha256:a5fa86b80fd24bcd1aff83ad23be44ea323de3f787be8f8b15d4a65621e25321 \
Synthetic Python 3.13	Build distribution and verify wheel installation	2026-09-23T06:00:07.6676524Z     --hash=sha256:ac7bb1c52d445bd4f8f7f97fefe6abc3a084dc4d63df50d79b17fa2b78e89297 \
Synthetic Python 3.13	Build distribution and verify wheel installation	2026-09-23T06:00:07.6677130Z     --hash=sha256:adc1ada2662f8a5f960b8a10d9986897e7499ef07e06d4cfe7197f8cce923c07 \
Synthetic Python 3.13	Build distribution and verify wheel installation	2026-09-23T06:00:07.6677867Z     --hash=sha256:b00eefbcf0f292945c4b4dec2ae845389ef5bcdcd596e6e4328051db5b5ba694 \
Synthetic Python 3.13	Build distribution and verify wheel installation	2026-09-23T06:00:07.6678466Z     --hash=sha256:b0521d0f4aebb6e06189451025fa17a913287b13c03d5fe05c017333b654ea5b \
Synthetic Python 3.13	Build distribution and verify wheel installation	2026-09-23T06:00:07.6679036Z     --hash=sha256:bd4cb9ad3c7889b9b3fe0a9a9fb5d2ed26f9879bff2608d9f01aed147a20d231 \
Synthetic Python 3.13	Build distribution and verify wheel installation	2026-09-23T06:00:07.6679659Z     --hash=sha256:be5a8381859b6da607c84f4f7d6847725f1cf1853ef8a2c9e115b7d58bef47dc \
Synthetic Python 3.13	Build distribution and verify wheel installation	2026-09-23T06:00:07.6680385Z     --hash=sha256:c00abe94c1a69d75d827dcf1c025b25c8a45d230b3bcd77a9020883a1b047653 \
Synthetic Python 3.13	Build distribution and verify wheel installation	2026-09-23T06:00:07.6680983Z     --hash=sha256:c2381f82999704f818e2c987a865050e285ec3621262c66d40f5a96c8f899f8e \
Synthetic Python 3.13	Build distribution and verify wheel installation	2026-09-23T06:00:07.6681563Z     --hash=sha256:c76d5dde9f445058f83d0c02af00557a4db91de9a9a57c0df87d1535001d654b \
Synthetic Python 3.13	Build distribution and verify wheel installation	2026-09-23T06:00:07.6682153Z     --hash=sha256:ccbc4665079665c3cf3bab4db9f6b095370cd6437d66be549b6c2a1fd19e1958 \
Synthetic Python 3.13	Build distribution and verify wheel installation	2026-09-23T06:00:07.6682807Z     --hash=sha256:df2d5874ff183595a4ba404edd04f6bd9b5505c1d7708573f6a6c17489a67563 \
Synthetic Python 3.13	Build distribution and verify wheel installation	2026-09-23T06:00:07.6683422Z     --hash=sha256:e6ab667ba76450084eb64013762c438ea76d9d29cc676dcd6c2e9892ba37f841 \
Synthetic Python 3.13	Build distribution and verify wheel installation	2026-09-23T06:00:07.6684033Z     --hash=sha256:f7fabeb6cea87d65f3b926de33d03fb016cfdc29314c90974383b5582ae72891 \
Synthetic Python 3.13	Build distribution and verify wheel installation	2026-09-23T06:00:07.6684666Z     --hash=sha256:f9a2353b37a1a9e78fd82b27ad7e2a32a2d036604d18f02b05e3136c62ca3b09
Synthetic Python 3.13	Build distribution and verify wheel installation	2026-09-23T06:00:07.6685291Z     # via
Synthetic Python 3.13	Build distribution and verify wheel installation	2026-09-23T06:00:07.6685631Z     #   brasileirao-predictor
Synthetic Python 3.13	Build distribution and verify wheel installation	2026-09-23T06:00:07.6685992Z     #   pandas
Synthetic Python 3.13	Build distribution and verify wheel installation	2026-09-23T06:00:07.6686282Z     #   scipy
Synthetic Python 3.13	Build distribution and verify wheel installation	2026-09-23T06:00:07.6686576Z pandas==3.0.6 \
Synthetic Python 3.13	Build distribution and verify wheel installation	2026-09-23T06:00:07.6686987Z     --hash=sha256:097090508a1dd335013d39106fc10b20f4fd4a171638e47b77d55798ed9dab6c \
Synthetic Python 3.13	Build distribution and verify wheel installation	2026-09-23T06:00:07.6687659Z     --hash=sha256:1e92d9fa834c7d877130027cddc0cad8dcff97c1f6cca26bd6310f847228b658 \
Synthetic Python 3.13	Build distribution and verify wheel installation	2026-09-23T06:00:07.6688309Z     --hash=sha256:22172a92e7ee678ec0140c7af4fc9366b55413834a1cd86af78b3caa0b0574de \
Synthetic Python 3.13	Build distribution and verify wheel installation	2026-09-23T06:00:07.6688895Z     --hash=sha256:429d9df32731ab01383ed98f2baa7a60368090d1a94fc06019a12062510e8630 \
Synthetic Python 3.13	Build distribution and verify wheel installation	2026-09-23T06:00:07.6689493Z     --hash=sha256:583be68728a31d0d750d5b8d9e00f02b153df0d4655f858bde93cb84cfc4227c \
Synthetic Python 3.13	Build distribution and verify wheel installation	2026-09-23T06:00:07.6690078Z     --hash=sha256:60d81f9e1799b36f3739e7fff44d1fbb2e8fd5a271b3863e03de9715fccda0fa \
Synthetic Python 3.13	Build distribution and verify wheel installation	2026-09-23T06:00:07.6690709Z     --hash=sha256:62f51d7f651c8054c5e82a69265c98082e795d1442df7ca6edc3a545d61214b1 \
Synthetic Python 3.13	Build distribution and verify wheel installation	2026-09-23T06:00:07.6691287Z     --hash=sha256:654aae059295dbba6ecd2328ca12712a2cf1676214c8699f1c29213f7ccf9c34 \
Synthetic Python 3.13	Build distribution and verify wheel installation	2026-09-23T06:00:07.6691870Z     --hash=sha256:66b07ef7315a31bfe1089cd3d71a7de781c9dca986762d0b4fe7c0ef17465d10 \
Synthetic Python 3.13	Build distribution and verify wheel installation	2026-09-23T06:00:07.6692527Z     --hash=sha256:6ff482fa91fa2bafd92e8fe66ce3645c851824310f295c1f0a2f96e928fc4541 \
Synthetic Python 3.13	Build distribution and verify wheel installation	2026-09-23T06:00:07.6693131Z     --hash=sha256:77ccbe5057aece6fc172b9b77f19c04335af6882bc2e10c8f3ee4e6bfb3da553 \
Synthetic Python 3.13	Build distribution and verify wheel installation	2026-09-23T06:00:07.6693762Z     --hash=sha256:9ae8073aed8e21d1a7fe263dcdc6840743549722a6738198a0a46000fa9476f2 \
Synthetic Python 3.13	Build distribution and verify wheel installation	2026-09-23T06:00:07.6694351Z     --hash=sha256:9e492cd4bdba6778de4fe0df7f4590c012161ebcf9902dce01b01dc683105514 \
Synthetic Python 3.13	Build distribution and verify wheel installation	2026-09-23T06:00:07.6695017Z     --hash=sha256:a4dbd4dc65cbe645b92b8785d0f96dd7311010dc6606cf620e51b07b8788a12a \
Synthetic Python 3.13	Build distribution and verify wheel installation	2026-09-23T06:00:07.6695646Z     --hash=sha256:b27c8d890e4aa2171437ae2a39de1d215e674158e4865c4023a8b31c932513b2 \
Synthetic Python 3.13	Build distribution and verify wheel installation	2026-09-23T06:00:07.6696249Z     --hash=sha256:bd75ed0c840f709fc2ae26ddd9534ac77ca1a48ac0cce521a74acaa85f3340a7 \
Synthetic Python 3.13	Build distribution and verify wheel installation	2026-09-23T06:00:07.6696935Z     --hash=sha256:cc39303913e2ea129915670de5d1c9fbd647f543bb72e5543bac8baa94e9e42f \
Synthetic Python 3.13	Build distribution and verify wheel installation	2026-09-23T06:00:07.6697529Z     --hash=sha256:d7dcd21238cbb4828ff148481ba01cac8946dc5121457b5aeba28636f8f99a60 \
Synthetic Python 3.13	Build distribution and verify wheel installation	2026-09-23T06:00:07.6698107Z     --hash=sha256:db7ec631f26223beee8e5c9e0b8f23c24d8197bbd1d982421d4e3188bea51965 \
Synthetic Python 3.13	Build distribution and verify wheel installation	2026-09-23T06:00:07.6698731Z     --hash=sha256:ee913a91669056c1de1a6b733fbfeab711de9e54e3bee2dfa5fe79d9457247d1 \
Synthetic Python 3.13	Build distribution and verify wheel installation	2026-09-23T06:00:07.6699320Z     --hash=sha256:ef738d71d1059245b6bb03e312be06d8b3821326a83486c1ad03b9aba3710e44 \
Synthetic Python 3.13	Build distribution and verify wheel installation	2026-09-23T06:00:07.6699928Z     --hash=sha256:f3ce8a6968045481e91a3990e797e348ce13db45ee164a7095bbc824e26c09dd \
Synthetic Python 3.13	Build distribution and verify wheel installation	2026-09-23T06:00:07.6700530Z     --hash=sha256:f8029ec0f1f89e4f985929ce1f6626dabf3140d61a4e9c1215afdab34eaf9a5d \
Synthetic Python 3.13	Build distribution and verify wheel installation	2026-09-23T06:00:07.6701141Z     --hash=sha256:fb625f426b375bcc96e3a04c5d5d266cd7be6ae5d6866e0e703382ab5164068c \
Synthetic Python 3.13	Build distribution and verify wheel installation	2026-09-23T06:00:07.6701762Z     --hash=sha256:ff51a4459ed036e93d1eb1bb5e6e7b28685d3cb6b7c12b91c05b31024e234729
Synthetic Python 3.13	Build distribution and verify wheel installation	2026-09-23T06:00:07.6702245Z     # via brasileirao-predictor
Synthetic Python 3.13	Build distribution and verify wheel installation	2026-09-23T06:00:07.6702953Z predictor-core @ https://github.com/leonardosovienski/core-predictor/releases/download/v3.2.1/predictor_core-3.2.1-py3-none-any.whl \
Synthetic Python 3.13	Build distribution and verify wheel installation	2026-09-23T06:00:07.6703828Z     --hash=sha256:10ef42f34ace8bb2df5f83ff7de2ceec79b035a25ea0a690e8942bd60d2fb4e3
Synthetic Python 3.13	Build distribution and verify wheel installation	2026-09-23T06:00:07.6704318Z     # via brasileirao-predictor
Synthetic Python 3.13	Build distribution and verify wheel installation	2026-09-23T06:00:07.6705116Z predictor-ops @ https://github.com/leonardosovienski/predictor-ops/releases/download/v4.2.1/predictor_ops-4.2.1-py3-none-any.whl \
Synthetic Python 3.13	Build distribution and verify wheel installation	2026-09-23T06:00:07.6705983Z     --hash=sha256:da4fa540703879669caba919521ec7d3c33734b5d57781122823df8817346f0e
Synthetic Python 3.13	Build distribution and verify wheel installation	2026-09-23T06:00:07.6706490Z     # via brasileirao-predictor
Synthetic Python 3.13	Build distribution and verify wheel installation	2026-09-23T06:00:07.6706836Z pydantic==2.13.5 \
Synthetic Python 3.13	Build distribution and verify wheel installation	2026-09-23T06:00:07.6707273Z     --hash=sha256:346a034f080da3755d8e9cb5e00e8b07de1d39e4f6e2c87d8ab7cafa0b269a73 \
Synthetic Python 3.13	Build distribution and verify wheel installation	2026-09-23T06:00:07.6707884Z     --hash=sha256:51a9c5f7b2f8e636f04c6cada605d9b6a3bf1348fdf945a3d8869b19bba0ee08
Synthetic Python 3.13	Build distribution and verify wheel installation	2026-09-23T06:00:07.6708338Z     # via
Synthetic Python 3.13	Build distribution and verify wheel installation	2026-09-23T06:00:07.6708646Z     #   brasileirao-predictor
Synthetic Python 3.13	Build distribution and verify wheel installation	2026-09-23T06:00:07.6709010Z     #   predictor-ops
Synthetic Python 3.13	Build distribution and verify wheel installation	2026-09-23T06:00:07.6709365Z     #   pydantic-settings
Synthetic Python 3.13	Build distribution and verify wheel installation	2026-09-23T06:00:07.6709715Z pydantic-core==2.46.5 \
Synthetic Python 3.13	Build distribution and verify wheel installation	2026-09-23T06:00:07.6710151Z     --hash=sha256:03b9666e41e35d8909852ba191a0607520f81b74eaf12ccf8737005dbb313821 \
Synthetic Python 3.13	Build distribution and verify wheel installation	2026-09-23T06:00:07.6710846Z     --hash=sha256:045ab3b6d308439e32b81cc173bba5b9018bc6ed896afd0c65b3b009b1699af5 \
Synthetic Python 3.13	Build distribution and verify wheel installation	2026-09-23T06:00:07.6711485Z     --hash=sha256:0cdbada856a1c69a7624a64d3d9aefe79300bd6ef827b43a4f265010b9b55184 \
Synthetic Python 3.13	Build distribution and verify wheel installation	2026-09-23T06:00:07.6712095Z     --hash=sha256:10416c15b8839ecc4ef4d0885da76da6fd0f67333a0eb8aff6d93c4b8f2910fc \
Synthetic Python 3.13	Build distribution and verify wheel installation	2026-09-23T06:00:07.6712683Z     --hash=sha256:15f4a94963c95accac15b7b657bb177d3ad82bb90b0d0526d9a9b85079925db5 \
Synthetic Python 3.13	Build distribution and verify wheel installation	2026-09-23T06:00:07.6713299Z     --hash=sha256:193375f3548919d3f0b60936ca113ada3e38f264f91b9b8e0508efaad57be931 \
Synthetic Python 3.13	Build distribution and verify wheel installation	2026-09-23T06:00:07.6713917Z     --hash=sha256:1a353f84de772f423b5ffb11d7ae352fbbef0f446f3c0b0af0f8236d7233606e \
Synthetic Python 3.13	Build distribution and verify wheel installation	2026-09-23T06:00:07.6714541Z     --hash=sha256:24922243639cbdac66c75fcb6fd6495a9cb52b213d62f9a0d16f0310b1ff8038 \
Synthetic Python 3.13	Build distribution and verify wheel installation	2026-09-23T06:00:07.6715329Z     --hash=sha256:2cbd9a5eff05e51c447c34dfa4632145b26b09120cf04bd0c871e44c1a5e1c9a \
Synthetic Python 3.13	Build distribution and verify wheel installation	2026-09-23T06:00:07.6715929Z     --hash=sha256:2d5d76654becf5efd62c9e51c3756c67b49498b0c9a40884934c40807adbd074 \
Synthetic Python 3.13	Build distribution and verify wheel installation	2026-09-23T06:00:07.6716552Z     --hash=sha256:37ae34309d7bd8c0d61ab839668058f2a7962ea1fc51d105d2db228fe0618034 \
Synthetic Python 3.13	Build distribution and verify wheel installation	2026-09-23T06:00:07.6717141Z     --hash=sha256:37ea7b83c935e5b0d68c9449b82651accf78a10828b2c02b2f2d9e9496446c21 \
Synthetic Python 3.13	Build distribution and verify wheel installation	2026-09-23T06:00:07.6717785Z     --hash=sha256:46c25dda9d092a06c08db76ffe0a197107904d0dfac653f7d5306bbcd6d6119c \
Synthetic Python 3.13	Build distribution and verify wheel installation	2026-09-23T06:00:07.6718376Z     --hash=sha256:5086029a57366b8cf81b130a43908738095c270c21a8d7f0e8bdfdb89718e2f3 \
Synthetic Python 3.13	Build distribution and verify wheel installation	2026-09-23T06:00:07.6718965Z     --hash=sha256:52e24eacdb536cade636aa90fb851835222becff8484b7001fdc78cb0290f2aa \
Synthetic Python 3.13	Build distribution and verify wheel installation	2026-09-23T06:00:07.6719589Z     --hash=sha256:545f26c504b27c3758439a5e6d9349931f0a04f855668d5fe323c89e82300a38 \
Synthetic Python 3.13	Build distribution and verify wheel installation	2026-09-23T06:00:07.6720181Z     --hash=sha256:54d510bac3ee52247af28ed4bb18a1e799f040ac60fd2bf5ccd4c92f1fbe786f \
Synthetic Python 3.13	Build distribution and verify wheel installation	2026-09-23T06:00:07.6720806Z     --hash=sha256:5ee239d575f80b08eca11f6e20f90c4c695de7825c67eefe6091fbf20dda648e \
Synthetic Python 3.13	Build distribution and verify wheel installation	2026-09-23T06:00:07.6721388Z     --hash=sha256:5f194189415698233dd1114a093a9b56e61e2c57e11b469be3b0506f46f0771c \
Synthetic Python 3.13	Build distribution and verify wheel installation	2026-09-23T06:00:07.6722012Z     --hash=sha256:6f7b393a8b3da82f5c1fc0751e6d01ac6c55b93c18226a60bdfba4a724efafd1 \
Synthetic Python 3.13	Build distribution and verify wheel installation	2026-09-23T06:00:07.6722642Z     --hash=sha256:79bdfa52f843137045b2d081cc05c120ba6665d29b7559c2c47690906f39279f \
Synthetic Python 3.13	Build distribution and verify wheel installation	2026-09-23T06:00:07.6723231Z     --hash=sha256:7ac031912d54f3d83ef3b3eb98dfabc1608802e2202263d25957eeed40b94761 \
Synthetic Python 3.13	Build distribution and verify wheel installation	2026-09-23T06:00:07.6723839Z     --hash=sha256:82a36973cf8a2ef5406f4fe2edbf8ed0c99629535d959e0b100c76a32535a111 \
Synthetic Python 3.13	Build distribution and verify wheel installation	2026-09-23T06:00:07.6724424Z     --hash=sha256:837b396ca3d7b74091ca623f6cbd8351bd42d670a79c2683e79fb089f06a2de5 \
Synthetic Python 3.13	Build distribution and verify wheel installation	2026-09-23T06:00:07.6725165Z     --hash=sha256:8816f3d218beb4b787de5c9759c259b8fa61f9dec42dc7811f320a33771778b7 \
Synthetic Python 3.13	Build distribution and verify wheel installation	2026-09-23T06:00:07.6725835Z     --hash=sha256:976e1128455aa595ea04c79ccfedff1aaeab96ee013fcc916bed120c4f0ad94f \
Synthetic Python 3.13	Build distribution and verify wheel installation	2026-09-23T06:00:07.6726541Z     --hash=sha256:97bf8de4d541598c94a59344eeb988a94c08ff76b5723c41f6567ec18c7892ea \
Synthetic Python 3.13	Build distribution and verify wheel installation	2026-09-23T06:00:07.6727149Z     --hash=sha256:97cf3eb53a8cccacf9d46686a0926186c9bfb5574f2ed66d3639d5fe117cd3a9 \
Synthetic Python 3.13	Build distribution and verify wheel installation	2026-09-23T06:00:07.6727756Z     --hash=sha256:9c4b71f10dd532fb7a5cbc8f58707779e64f03a258c2bf8bfbaecfcd9970b519 \
Synthetic Python 3.13	Build distribution and verify wheel installation	2026-09-23T06:00:07.6728338Z     --hash=sha256:a2a5e1d0ff29adddc9f6d6821a66302e4493f8ca898b715b6b1182c2c201ea0a \
Synthetic Python 3.13	Build distribution and verify wheel installation	2026-09-23T06:00:07.6728995Z     --hash=sha256:a91c17edf6eea2402cb5457b4c89e99bc5ed1004aa34c4adf1d4258c1a5c22c2 \
Synthetic Python 3.13	Build distribution and verify wheel installation	2026-09-23T06:00:07.6729598Z     --hash=sha256:acf8a67ba51f4ca9ddbd0e6b3000a65ac51ab734661778b3e7ba64d99a710f2f \
Synthetic Python 3.13	Build distribution and verify wheel installation	2026-09-23T06:00:07.6730269Z     --hash=sha256:b49924c73a235e969511bf2aabdff3beebf9820931f646c80274d5d780010c47 \
Synthetic Python 3.13	Build distribution and verify wheel installation	2026-09-23T06:00:07.6730909Z     --hash=sha256:b7ca9034437b6022f941f4857459562ee00a560b97e7cce8a0ec5a74fc6766e0 \
Synthetic Python 3.13	Build distribution and verify wheel installation	2026-09-23T06:00:07.6731474Z     --hash=sha256:bce57638e08ac148e5778cce7feb968307a727d66f8e2274a543d0cf0c9ad6a3 \
Synthetic Python 3.13	Build distribution and verify wheel installation	2026-09-23T06:00:07.6732119Z     --hash=sha256:c1c43ad4339643d70ebb8124e1305a7dab423001eff58bb41a0f731adbc98355 \
Synthetic Python 3.13	Build distribution and verify wheel installation	2026-09-23T06:00:07.6732713Z     --hash=sha256:c76fe65e607be28c7fd4d56fc3c42b1583aa058ce3408b7ad0fd540171d31f9f \
Synthetic Python 3.13	Build distribution and verify wheel installation	2026-09-23T06:00:07.6733372Z     --hash=sha256:cdbb78909f52b981d3b2d56b97328d71eb0b974c36bd77c920123a7ebb192829 \
Synthetic Python 3.13	Build distribution and verify wheel installation	2026-09-23T06:00:07.6733968Z     --hash=sha256:d22a945598fb91236b4dd793a6e42e4f3dd7740bb5aace5ebd7d4c08d13bb575 \
Synthetic Python 3.13	Build distribution and verify wheel installation	2026-09-23T06:00:07.6734583Z     --hash=sha256:d2f9fc07a8042a8f95925b35c4f04f469707c981fc33245b6ca187cf5d2dd290 \
Synthetic Python 3.13	Build distribution and verify wheel installation	2026-09-23T06:00:07.6735301Z     --hash=sha256:e64e88d5585bea9ce95861079de72006c7fa6d3df4e3a3b65ba31eb979c15c9f \
Synthetic Python 3.13	Build distribution and verify wheel installation	2026-09-23T06:00:07.6735906Z     --hash=sha256:e7b891faeedeafba41b2983e5001a81b6a915b69544c7e7570d1989ce1c36ac7 \
Synthetic Python 3.13	Build distribution and verify wheel installation	2026-09-23T06:00:07.6736499Z     --hash=sha256:e80675d75ae2cd14372cb65cad5400d9347a3d3f6c13000183f22dfd027283ed \
Synthetic Python 3.13	Build distribution and verify wheel installation	2026-09-23T06:00:07.6737126Z     --hash=sha256:f332f0e72a5a0400141f830744e141bf9f97917878dbe968669e8a7fefea78ff \
Synthetic Python 3.13	Build distribution and verify wheel installation	2026-09-23T06:00:07.6737740Z     --hash=sha256:fa10ef4112775900e7a0661068635eb67b2ab824fbde764de6e0e21982a93db0 \
Synthetic Python 3.13	Build distribution and verify wheel installation	2026-09-23T06:00:07.6738333Z     --hash=sha256:ff218293c9c806138dca139765e3b067621be52bcd93cdc14c7711be7ddc90a9
Synthetic Python 3.13	Build distribution and verify wheel installation	2026-09-23T06:00:07.6738793Z     # via pydantic
Synthetic Python 3.13	Build distribution and verify wheel installation	2026-09-23T06:00:07.6739134Z pydantic-settings==2.15.0 \
Synthetic Python 3.13	Build distribution and verify wheel installation	2026-09-23T06:00:07.6739602Z     --hash=sha256:0ba092c291c94baceb5eff768aa0d56400a457585bc0175925a5a5510303da42 \
Synthetic Python 3.13	Build distribution and verify wheel installation	2026-09-23T06:00:07.6740224Z     --hash=sha256:694b793e84f766ba76a90ebdefc01d0a9a045dab0382bee70393da93712ad117
Synthetic Python 3.13	Build distribution and verify wheel installation	2026-09-23T06:00:07.6740693Z     # via
Synthetic Python 3.13	Build distribution and verify wheel installation	2026-09-23T06:00:07.6740983Z     #   brasileirao-predictor
Synthetic Python 3.13	Build distribution and verify wheel installation	2026-09-23T06:00:07.6741298Z     #   predictor-ops
Synthetic Python 3.13	Build distribution and verify wheel installation	2026-09-23T06:00:07.6741652Z python-dateutil==2.9.0.post0 \
Synthetic Python 3.13	Build distribution and verify wheel installation	2026-09-23T06:00:07.6742123Z     --hash=sha256:37dd54208da7e1cd875388217d5e00ebd4179249f90fb72437e91a35459a0ad3 \
Synthetic Python 3.13	Build distribution and verify wheel installation	2026-09-23T06:00:07.6742756Z     --hash=sha256:a8b2bc7bffae282281c8140a97d3aa9c14da0b136dfe83f850eea9a5f7470427
Synthetic Python 3.13	Build distribution and verify wheel installation	2026-09-23T06:00:07.6743227Z     # via pandas
Synthetic Python 3.13	Build distribution and verify wheel installation	2026-09-23T06:00:07.6743508Z python-dotenv==1.2.3 \
Synthetic Python 3.13	Build distribution and verify wheel installation	2026-09-23T06:00:07.6743988Z     --hash=sha256:904552145e8bfed22162c09dab1c2b9b54fefa7b23ba780f4f26ca0316b0f0d9 \
Synthetic Python 3.13	Build distribution and verify wheel installation	2026-09-23T06:00:07.6744611Z     --hash=sha256:a20a594dabeaa385725aa239d5244871c143ecb356add8a20fcf23773a6c3a35
Synthetic Python 3.13	Build distribution and verify wheel installation	2026-09-23T06:00:07.6745262Z     # via pydantic-settings
Synthetic Python 3.13	Build distribution and verify wheel installation	2026-09-23T06:00:07.6745602Z pyyaml==6.0.3 \
Synthetic Python 3.13	Build distribution and verify wheel installation	2026-09-23T06:00:07.6746027Z     --hash=sha256:00c4bdeba853cc34e7dd471f16b4114f4162dc03e6b7afcc2128711f0eca823c \
Synthetic Python 3.13	Build distribution and verify wheel installation	2026-09-23T06:00:07.6746662Z     --hash=sha256:02893d100e99e03eda1c8fd5c441d8c60103fd175728e23e431db1b589cf5ab3 \
Synthetic Python 3.13	Build distribution and verify wheel installation	2026-09-23T06:00:07.6747278Z     --hash=sha256:0f29edc409a6392443abf94b9cf89ce99889a1dd5376d94316ae5145dfedd5d6 \
Synthetic Python 3.13	Build distribution and verify wheel installation	2026-09-23T06:00:07.6747855Z     --hash=sha256:16249ee61e95f858e83976573de0f5b2893b3677ba71c9dd36b9cf8be9ac6d65 \
Synthetic Python 3.13	Build distribution and verify wheel installation	2026-09-23T06:00:07.6748445Z     --hash=sha256:2283a07e2c21a2aa78d9c4442724ec1eb15f5e42a723b99cb3d822d48f5f7ad1 \
Synthetic Python 3.13	Build distribution and verify wheel installation	2026-09-23T06:00:07.6749035Z     --hash=sha256:34d5fcd24b8445fadc33f9cf348c1047101756fd760b4dacb5c3e99755703310 \
Synthetic Python 3.13	Build distribution and verify wheel installation	2026-09-23T06:00:07.6749715Z     --hash=sha256:4a2e8cebe2ff6ab7d1050ecd59c25d4c8bd7e6f400f5f82b96557ac0abafd0ac \
Synthetic Python 3.13	Build distribution and verify wheel installation	2026-09-23T06:00:07.6750350Z     --hash=sha256:4ad1906908f2f5ae4e5a8ddfce73c320c2a1429ec52eafd27138b7f1cbe341c9 \
Synthetic Python 3.13	Build distribution and verify wheel installation	2026-09-23T06:00:07.6750998Z     --hash=sha256:501a031947e3a9025ed4405a168e6ef5ae3126c59f90ce0cd6f2bfc477be31b7 \
Synthetic Python 3.13	Build distribution and verify wheel installation	2026-09-23T06:00:07.6751599Z     --hash=sha256:5190d403f121660ce8d1d2c1bb2ef1bd05b5f68533fc5c2ea899bd15f4399b35 \
Synthetic Python 3.13	Build distribution and verify wheel installation	2026-09-23T06:00:07.6752194Z     --hash=sha256:5498cd1645aa724a7c71c8f378eb29ebe23da2fc0d7a08071d89469bf1d2defb \
Synthetic Python 3.13	Build distribution and verify wheel installation	2026-09-23T06:00:07.6752819Z     --hash=sha256:66e1674c3ef6f541c35191caae2d429b967b99e02040f5ba928632d9a7f0f065 \
Synthetic Python 3.13	Build distribution and verify wheel installation	2026-09-23T06:00:07.6753414Z     --hash=sha256:6adc77889b628398debc7b65c073bcb99c4a0237b248cacaf3fe8a557563ef6c \
Synthetic Python 3.13	Build distribution and verify wheel installation	2026-09-23T06:00:07.6753993Z     --hash=sha256:79005a0d97d5ddabfeeea4cf676af11e647e41d81c9a7722a193022accdb6b7c \
Synthetic Python 3.13	Build distribution and verify wheel installation	2026-09-23T06:00:07.6754605Z     --hash=sha256:7c6610def4f163542a622a73fb39f534f8c101d690126992300bf3207eab9764 \
Synthetic Python 3.13	Build distribution and verify wheel installation	2026-09-23T06:00:07.6755437Z     --hash=sha256:8d1fab6bb153a416f9aeb4b8763bc0f22a5586065f86f7664fc23339fc1c1fac \
Synthetic Python 3.13	Build distribution and verify wheel installation	2026-09-23T06:00:07.6756087Z     --hash=sha256:8da9669d359f02c0b91ccc01cac4a67f16afec0dac22c2ad09f46bee0697eba8 \
Synthetic Python 3.13	Build distribution and verify wheel installation	2026-09-23T06:00:07.6756759Z     --hash=sha256:93dda82c9c22deb0a405ea4dc5f2d0cda384168e466364dec6255b293923b2f3 \
Synthetic Python 3.13	Build distribution and verify wheel installation	2026-09-23T06:00:07.6757345Z     --hash=sha256:a33284e20b78bd4a18c8c2282d549d10bc8408a2a7ff57653c0cf0b9be0afce5 \
Synthetic Python 3.13	Build distribution and verify wheel installation	2026-09-23T06:00:07.6758067Z     --hash=sha256:a80cb027f6b349846a3bf6d73b5e95e782175e52f22108cfa17876aaeff93702 \
Synthetic Python 3.13	Build distribution and verify wheel installation	2026-09-23T06:00:07.6758660Z     --hash=sha256:b3bc83488de33889877a0f2543ade9f70c67d66d9ebb4ac959502e12de895788 \
Synthetic Python 3.13	Build distribution and verify wheel installation	2026-09-23T06:00:07.6759262Z     --hash=sha256:c1ff362665ae507275af2853520967820d9124984e0f7466736aea23d8611fba \
Synthetic Python 3.13	Build distribution and verify wheel installation	2026-09-23T06:00:07.6759881Z     --hash=sha256:c458b6d084f9b935061bc36216e8a69a7e293a2f1e68bf956dcd9e6cbcd143f5 \
Synthetic Python 3.13	Build distribution and verify wheel installation	2026-09-23T06:00:07.6760463Z     --hash=sha256:d0eae10f8159e8fdad514efdc92d74fd8d682c933a6dd088030f3834bc8e6b26 \
Synthetic Python 3.13	Build distribution and verify wheel installation	2026-09-23T06:00:07.6761086Z     --hash=sha256:d76623373421df22fb4cf8817020cbb7ef15c725b9d5e45f17e189bfc384190f \
Synthetic Python 3.13	Build distribution and verify wheel installation	2026-09-23T06:00:07.6761676Z     --hash=sha256:ebc55a14a21cb14062aa4162f906cd962b28e2e9ea38f9b4391244cd8de4ae0b \
Synthetic Python 3.13	Build distribution and verify wheel installation	2026-09-23T06:00:07.6762304Z     --hash=sha256:eda16858a3cab07b80edaf74336ece1f986ba330fdb8ee0d6c0d68fe82bc96be \
Synthetic Python 3.13	Build distribution and verify wheel installation	2026-09-23T06:00:07.6762910Z     --hash=sha256:ee2922902c45ae8ccada2c5b501ab86c36525b883eff4255313a253a3160861c \
Synthetic Python 3.13	Build distribution and verify wheel installation	2026-09-23T06:00:07.6763499Z     --hash=sha256:f7057c9a337546edc7973c0d3ba84ddcdf0daa14533c2065749c9075001090e6
Synthetic Python 3.13	Build distribution and verify wheel installation	2026-09-23T06:00:07.6764031Z     # via brasileirao-predictor
Synthetic Python 3.13	Build distribution and verify wheel installation	2026-09-23T06:00:07.6764367Z referencing==0.37.0 \
Synthetic Python 3.13	Build distribution and verify wheel installation	2026-09-23T06:00:07.6764885Z     --hash=sha256:381329a9f99628c9069361716891d34ad94af76e461dcb0335825aecc7692231 \
Synthetic Python 3.13	Build distribution and verify wheel installation	2026-09-23T06:00:07.6765490Z     --hash=sha256:44aefc3142c5b842538163acb373e24cce6632bd54bdb01b21ad5863489f50d8
Synthetic Python 3.13	Build distribution and verify wheel installation	2026-09-23T06:00:07.6765950Z     # via
Synthetic Python 3.13	Build distribution and verify wheel installation	2026-09-23T06:00:07.6766249Z     #   jsonschema
Synthetic Python 3.13	Build distribution and verify wheel installation	2026-09-23T06:00:07.6766557Z     #   jsonschema-specifications
Synthetic Python 3.13	Build distribution and verify wheel installation	2026-09-23T06:00:07.6766906Z requests==2.34.2 \
Synthetic Python 3.13	Build distribution and verify wheel installation	2026-09-23T06:00:07.6767401Z     --hash=sha256:2a0d60c172f83ac6ab31e4554906c0f3b3588d37b5cb939b1c061f4907e278e0 \
Synthetic Python 3.13	Build distribution and verify wheel installation	2026-09-23T06:00:07.6767995Z     --hash=sha256:f288924cae4e29463698d6d60bc6a4da69c89185ad1e0bcc4104f584e960b9ed
Synthetic Python 3.13	Build distribution and verify wheel installation	2026-09-23T06:00:07.6768485Z     # via brasileirao-predictor
Synthetic Python 3.13	Build distribution and verify wheel installation	2026-09-23T06:00:07.6768819Z rpds-py==2026.6.3 \
Synthetic Python 3.13	Build distribution and verify wheel installation	2026-09-23T06:00:07.6769265Z     --hash=sha256:0be972be84cfcaf46c8c6edf690ca0f154ac17babf1f6a955a51579b34ad2dc5 \
Synthetic Python 3.13	Build distribution and verify wheel installation	2026-09-23T06:00:07.6769894Z     --hash=sha256:166cf54d9f44fc6ceb53c7860258dde44a81406646de79f8ed3234fca3b6e538 \
Synthetic Python 3.13	Build distribution and verify wheel installation	2026-09-23T06:00:07.6770484Z     --hash=sha256:1cebd1337c242e4ec2293e541f712b2da849b29f48f0c293684b71c0632625d4 \
Synthetic Python 3.13	Build distribution and verify wheel installation	2026-09-23T06:00:07.6771067Z     --hash=sha256:1cf01971c4f2c5553b772a542e4aaf191789cd331bc2cd4ff0e6e65ba49e1e97 \
Synthetic Python 3.13	Build distribution and verify wheel installation	2026-09-23T06:00:07.6771709Z     --hash=sha256:29dfa0533a5d4c94d4dfa1b694fcb56c9c63aad8330ffdd816fd225d0a7a162f \
Synthetic Python 3.13	Build distribution and verify wheel installation	2026-09-23T06:00:07.6772403Z     --hash=sha256:2a9c6f195058cb45335e8cc3802745c603d716eb96bc9625950c1aac71c0c703 \
Synthetic Python 3.13	Build distribution and verify wheel installation	2026-09-23T06:00:07.6773009Z     --hash=sha256:3cfe765c1da0072636ca06628261e0ea05688e160d5c8a03e0217c3854037223 \
Synthetic Python 3.13	Build distribution and verify wheel installation	2026-09-23T06:00:07.6773584Z     --hash=sha256:425560c6fa0415f27261727bb20bd097568485e5eb0c121f1949417d1c516885 \
Synthetic Python 3.13	Build distribution and verify wheel installation	2026-09-23T06:00:07.6774157Z     --hash=sha256:4470ce197d4090875cf6affbf1f853338387428df97c4fb7b7106317b8214698 \
Synthetic Python 3.13	Build distribution and verify wheel installation	2026-09-23T06:00:07.6774844Z     --hash=sha256:4f4bca01b63096f606e095734dd56e74e175f94cfbf24ff3d63281cec61f7bb7 \
Synthetic Python 3.13	Build distribution and verify wheel installation	2026-09-23T06:00:07.6775460Z     --hash=sha256:536bceea4fa4acf7e1c61da2b5786304367c816c8895be71b8f537c480b0ea1f \
Synthetic Python 3.13	Build distribution and verify wheel installation	2026-09-23T06:00:07.6776114Z     --hash=sha256:539d75de9e0d536c84ff18dfeb805398e58227001ce09231a26a08b9aed1ee0e \
Synthetic Python 3.13	Build distribution and verify wheel installation	2026-09-23T06:00:07.6776690Z     --hash=sha256:54f45a148e28767bf343d33a684693c70e451c6f4c0e9904709a723fafbdfc1f \
Synthetic Python 3.13	Build distribution and verify wheel installation	2026-09-23T06:00:07.6777287Z     --hash=sha256:639c8929aa0afe81be836b04de888460d6bed38b9c54cfc18da8f6bfabf5af5d \
Synthetic Python 3.13	Build distribution and verify wheel installation	2026-09-23T06:00:07.6777920Z     --hash=sha256:6de4744d05bd1aa1be4ed7ea1189e3979196808008113bbbf899a460966b925e \
Synthetic Python 3.13	Build distribution and verify wheel installation	2026-09-23T06:00:07.6778518Z     --hash=sha256:8020133a74bd81b4572dd8e4be028a6b1ebcd70e6726edc3918008c08bee6ee6 \
Synthetic Python 3.13	Build distribution and verify wheel installation	2026-09-23T06:00:07.6779175Z     --hash=sha256:842e7b070435622248c7a2c44ae53fa1440e073cc3023bc919fed570884097a7 \
Synthetic Python 3.13	Build distribution and verify wheel installation	2026-09-23T06:00:07.6779753Z     --hash=sha256:847927daf4cffbd4e90e42bc890069897101edd015f956cb8721b3473372edda \
Synthetic Python 3.13	Build distribution and verify wheel installation	2026-09-23T06:00:07.6780376Z     --hash=sha256:882076c00c0a608b131187055ddc5ae29f2e7eaf870d6168980420d58528a5c8 \
Synthetic Python 3.13	Build distribution and verify wheel installation	2026-09-23T06:00:07.6781006Z     --hash=sha256:8c3d1e9c15b9d51ca0391e13da1a25a0a4df3c58a37c9dc368e0736cf7f69df0 \
Synthetic Python 3.13	Build distribution and verify wheel installation	2026-09-23T06:00:07.6781596Z     --hash=sha256:8c6e5a2f750cc71c3e3b11d71661f21d6f9bc6cebc6564b1466417a1ec03ec77 \
Synthetic Python 3.13	Build distribution and verify wheel installation	2026-09-23T06:00:07.6782200Z     --hash=sha256:900a67df3fd1660b035a4761c4ce73c382ea6b35f90f9863c36c6fd8bf8b09bb \
Synthetic Python 3.13	Build distribution and verify wheel installation	2026-09-23T06:00:07.6782778Z     --hash=sha256:9250a9a0a6fd4648b3f868da8d91a4c52b5811a62df58e753d50ae4454a36f80 \
Synthetic Python 3.13	Build distribution and verify wheel installation	2026-09-23T06:00:07.6783351Z     --hash=sha256:931908d9fc855d8f74783377822be318edb6dcb19e47169dc038f9a1bf60b06e \
Synthetic Python 3.13	Build distribution and verify wheel installation	2026-09-23T06:00:07.6784014Z     --hash=sha256:9826217f048f620d9a712672818bf231442c1b35d96b227a07eabd11b4bb6945 \
Synthetic Python 3.13	Build distribution and verify wheel installation	2026-09-23T06:00:07.6784592Z     --hash=sha256:a550fb4950a06dde3beb4721f5ad4b25bf4513784665b0a8522c792e2bd822a4 \
Synthetic Python 3.13	Build distribution and verify wheel installation	2026-09-23T06:00:07.6785386Z     --hash=sha256:aca6c1ef08a82bfe327cc156da694660f599923e2e6665b6d81c9c2d0ac9ffc8 \
Synthetic Python 3.13	Build distribution and verify wheel installation	2026-09-23T06:00:07.6785990Z     --hash=sha256:acac386b453c2516111b50985d60ce46e7fadb5ea71ae7b25f4c946935bf27cf \
Synthetic Python 3.13	Build distribution and verify wheel installation	2026-09-23T06:00:07.6786560Z     --hash=sha256:ae50181a047c871561212bb97f7932a2d45fb53e947bd9b57ebad85b529cbc53 \
Synthetic Python 3.13	Build distribution and verify wheel installation	2026-09-23T06:00:07.6787218Z     --hash=sha256:af05d726809bff6b141be124d4c7ce998f9c9c7f30edb1f46c07aa103d540b41 \
Synthetic Python 3.13	Build distribution and verify wheel installation	2026-09-23T06:00:07.6787808Z     --hash=sha256:afd70d95892096cdb26f15a00c45907b17817577aa8d1c76b2dcc2788391f9e9 \
Synthetic Python 3.13	Build distribution and verify wheel installation	2026-09-23T06:00:07.6788457Z     --hash=sha256:bc0011654b91cc4fb2ae701bec0a0ba1e552c0714247fa7af6c59e0ccfa3a4e1 \
Synthetic Python 3.13	Build distribution and verify wheel installation	2026-09-23T06:00:07.6789071Z     --hash=sha256:bcfbcf66006befb9fd2aeaa9e01feaf881b4dc330a02ba07d2322b1c11be7b5d \
Synthetic Python 3.13	Build distribution and verify wheel installation	2026-09-23T06:00:07.6789660Z     --hash=sha256:c7b9a2f8f4d8e90af72571d3d495deebdd7e3c75451f5b41719aee166e940fc2 \
Synthetic Python 3.13	Build distribution and verify wheel installation	2026-09-23T06:00:07.6790322Z     --hash=sha256:ccffae9a092a00deb7efd545fe5e2c33c33b88e7c054337e9a74c179347d0b7d \
Synthetic Python 3.13	Build distribution and verify wheel installation	2026-09-23T06:00:07.6790928Z     --hash=sha256:cdc7e35386f3847df728fbcb5e887e2d79c19e2fa1eba9e51b6621d23e3243af \
Synthetic Python 3.13	Build distribution and verify wheel installation	2026-09-23T06:00:07.6791517Z     --hash=sha256:d34c20167764fbcf927194d532dd7e0c56772f0a5f943fa5ef9e9afbba8fb9db \
Synthetic Python 3.13	Build distribution and verify wheel installation	2026-09-23T06:00:07.6792122Z     --hash=sha256:d7469697dce35be237db177d42e2a2ee26e6dcc5fc052078a6fefabd288c6edd \
Synthetic Python 3.13	Build distribution and verify wheel installation	2026-09-23T06:00:07.6792745Z     --hash=sha256:dc319e5a1de4b6913aac94bf6a2f9e847371e0a140a43dd4991db1a09bc2d504 \
Synthetic Python 3.13	Build distribution and verify wheel installation	2026-09-23T06:00:07.6793398Z     --hash=sha256:e4316bf32babbed84e691e352faf967ce2f0f024174a8643c37c94a1080374fc \
Synthetic Python 3.13	Build distribution and verify wheel installation	2026-09-23T06:00:07.6794005Z     --hash=sha256:ea7bb13b7c9a29791f87a0387ba7d3ad3a6d783d827e4d3f27b40a0ff44495e2 \
Synthetic Python 3.13	Build distribution and verify wheel installation	2026-09-23T06:00:07.6794675Z     --hash=sha256:ea964164cc9afa72d4d9b23cc28dafae93693c0a53e0b42acbff15b22c3f9ddd \
Synthetic Python 3.13	Build distribution and verify wheel installation	2026-09-23T06:00:07.6795486Z     --hash=sha256:ec829541c45bca16e61c7ae50c20501f213605beb75d1aba91a6ee37fbbb56a4 \
Synthetic Python 3.13	Build distribution and verify wheel installation	2026-09-23T06:00:07.6796117Z     --hash=sha256:f4d78253f6996be4901669ad25319f842f740eccf4d58e3c7f3dd39e6dde1d8f \
Synthetic Python 3.13	Build distribution and verify wheel installation	2026-09-23T06:00:07.6796712Z     --hash=sha256:f90938e92afda60266da758ee7d363447f7f0138c9559f9e1811629580582d90
Synthetic Python 3.13	Build distribution and verify wheel installation	2026-09-23T06:00:07.6797205Z     # via
Synthetic Python 3.13	Build distribution and verify wheel installation	2026-09-23T06:00:07.6797481Z     #   jsonschema
Synthetic Python 3.13	Build distribution and verify wheel installation	2026-09-23T06:00:07.6797786Z     #   referencing
Synthetic Python 3.13	Build distribution and verify wheel installation	2026-09-23T06:00:07.6798108Z scipy==1.18.1 \
Synthetic Python 3.13	Build distribution and verify wheel installation	2026-09-23T06:00:07.6798532Z     --hash=sha256:011413b7426b75012840e35649e00fe0a2c3bae89fed433876e3a99251572efc \
Synthetic Python 3.13	Build distribution and verify wheel installation	2026-09-23T06:00:07.6799113Z     --hash=sha256:0e82073ecc7acc6436fac4b31674109c7e1d3e596789767eda01258a8c9e8123 \
Synthetic Python 3.13	Build distribution and verify wheel installation	2026-09-23T06:00:07.6799696Z     --hash=sha256:0fcb3c93519f27bb4f0c4b0f7802cdcaca7fcf93267b75edda2e9f4e8a55cbd7 \
Synthetic Python 3.13	Build distribution and verify wheel installation	2026-09-23T06:00:07.6800331Z     --hash=sha256:11c423f1049c5755ad4409af52a9ada1cff96fe9b50795d4af3619f292901239 \
Synthetic Python 3.13	Build distribution and verify wheel installation	2026-09-23T06:00:07.6800979Z     --hash=sha256:2d3ab0e8c69a17dd3559eab8cbb88f258e285c94d572c2719033f90f83290c89 \
Synthetic Python 3.13	Build distribution and verify wheel installation	2026-09-23T06:00:07.6801639Z     --hash=sha256:3ab3523da44749156e1f68b464dc56af11ae4cbc5c739a49d05f32b982eca9f3 \
Synthetic Python 3.13	Build distribution and verify wheel installation	2026-09-23T06:00:07.6802228Z     --hash=sha256:52c4b7422442aba924d03ad4019852b08a92e64ea187b933135687bfe2747307 \
Synthetic Python 3.13	Build distribution and verify wheel installation	2026-09-23T06:00:07.6802787Z     --hash=sha256:559ed65f60c1af5a03f3912605a1b5114f522c7c32fb23c3376ae8f03219fe28 \
Synthetic Python 3.13	Build distribution and verify wheel installation	2026-09-23T06:00:07.6803398Z     --hash=sha256:75b00eb8fb802090aa903f4ea1c7f5a584779f967361e68b7e98e531cc2d7174 \
Synthetic Python 3.13	Build distribution and verify wheel installation	2026-09-23T06:00:07.6804002Z     --hash=sha256:78a0d7c918e74a232394117160e7e3db503377572a45bcef8826e4ab8a35feba \
Synthetic Python 3.13	Build distribution and verify wheel installation	2026-09-23T06:00:07.6804584Z     --hash=sha256:7f4b8bc363b6d65ee2152bec57568e3c52639bb34c46057b09857a307ed5e21d \
Synthetic Python 3.13	Build distribution and verify wheel installation	2026-09-23T06:00:07.6805386Z     --hash=sha256:83de5453a7799afc9048b4616bd085cef126e36412f0ea2f6370c36a2a3a51e7 \
Synthetic Python 3.13	Build distribution and verify wheel installation	2026-09-23T06:00:07.6805959Z     --hash=sha256:88f0e784020649f88ea48c9f5ddfa403bf9205820667c0914740b392035afb82 \
Synthetic Python 3.13	Build distribution and verify wheel installation	2026-09-23T06:00:07.6806602Z     --hash=sha256:8bcf3c1ba5d6456e2effd30fcbd3459b044d683fcdac79a2e6830f0bdf7de487 \
Synthetic Python 3.13	Build distribution and verify wheel installation	2026-09-23T06:00:07.6807218Z     --hash=sha256:911de823097db8b63f034299d12662db93344e6ffa0b881cbb57748974b70168 \
Synthetic Python 3.13	Build distribution and verify wheel installation	2026-09-23T06:00:07.6807799Z     --hash=sha256:95298364e251be3e60249facbeeca03631d3bb7584f85879516ec55ac717b81f \
Synthetic Python 3.13	Build distribution and verify wheel installation	2026-09-23T06:00:07.6808398Z     --hash=sha256:9554bcc6d715ee87a633a3cc8e7703c6628b100dd29cb8a2efc4c0533c7ff729 \
Synthetic Python 3.13	Build distribution and verify wheel installation	2026-09-23T06:00:07.6808987Z     --hash=sha256:9f2897bf7737392ad0d5213ea7b6add72a4edf5679b3153106aeb88b6507b3b9 \
Synthetic Python 3.13	Build distribution and verify wheel installation	2026-09-23T06:00:07.6809642Z     --hash=sha256:a1d33a7836f7ddc1993427966a0823468ec41bcbdb1a9f9942d1d7e57f803ba3 \
Synthetic Python 3.13	Build distribution and verify wheel installation	2026-09-23T06:00:07.6810238Z     --hash=sha256:ac0333bdf38309aa3dcbe7e3fa7ea29e7a2c37c6ea306a757b700ded8e4596ad \
Synthetic Python 3.13	Build distribution and verify wheel installation	2026-09-23T06:00:07.6810846Z     --hash=sha256:c24acac1e18912761c4700239bbc1fd32f615af690f1584d49b35859be51324d \
Synthetic Python 3.13	Build distribution and verify wheel installation	2026-09-23T06:00:07.6811443Z     --hash=sha256:c825cef2f49e46753726a7181a8e199804a912b29519ada542c6ebc654951899 \
Synthetic Python 3.13	Build distribution and verify wheel installation	2026-09-23T06:00:07.6812030Z     --hash=sha256:cbf38d043c1aa4ab306e1ada6ab6eddacc3322a20b7af1b30bc93254b366fe09 \
Synthetic Python 3.13	Build distribution and verify wheel installation	2026-09-23T06:00:07.6812637Z     --hash=sha256:cd479fc04dd9401e3b4f49e76518768ef99c4f517a98c284eb091fd725719adf \
Synthetic Python 3.13	Build distribution and verify wheel installation	2026-09-23T06:00:07.6813257Z     --hash=sha256:cfbf154f2ba187f2ed6cce2639efff7d105f1140573642c0161615b6d91d6a87 \
Synthetic Python 3.13	Build distribution and verify wheel installation	2026-09-23T06:00:07.6813898Z     --hash=sha256:d416b16cccfd70fbf62400e84d0bb2f4e6af519a45557f1692c749b37f14b315 \
Synthetic Python 3.13	Build distribution and verify wheel installation	2026-09-23T06:00:07.6814509Z     --hash=sha256:ddef79fb382df40104a19bb7151b3b23e57c1778fcf857c71ceecd9bd264513f \
Synthetic Python 3.13	Build distribution and verify wheel installation	2026-09-23T06:00:07.6815190Z     --hash=sha256:e3b417bf8c2c7c16e8f58ad91db17783ec911ac16e7b50eb6eab6e809b4f5b07 \
Synthetic Python 3.13	Build distribution and verify wheel installation	2026-09-23T06:00:07.6815846Z     --hash=sha256:e6fb6a55cc0ba97b59a1f288fb86dc6fce8bdfc0fffcbfd015e3a954bf2a2d93 \
Synthetic Python 3.13	Build distribution and verify wheel installation	2026-09-23T06:00:07.6816452Z     --hash=sha256:ea324d9dd34c38bfb9bec8ca4d1b407db97dbb74029f566b8e322b1b6fe56fe6 \
Synthetic Python 3.13	Build distribution and verify wheel installation	2026-09-23T06:00:07.6817103Z     --hash=sha256:fdaf5ea890a6183d0565f51a61799d67081bd5b1cf03c5f4b3fd3732108625c9
Synthetic Python 3.13	Build distribution and verify wheel installation	2026-09-23T06:00:07.6817620Z     # via brasileirao-predictor
Synthetic Python 3.13	Build distribution and verify wheel installation	2026-09-23T06:00:07.6817984Z six==1.17.0 \
Synthetic Python 3.13	Build distribution and verify wheel installation	2026-09-23T06:00:07.6818444Z     --hash=sha256:4721f391ed90541fddacab5acf947aa0d3dc7d27b2e1e8eda2be8970586c3274 \
Synthetic Python 3.13	Build distribution and verify wheel installation	2026-09-23T06:00:07.6819036Z     --hash=sha256:ff70335d468e7eb6ec65b95b99d3a2836546063f63acc5171de367e834932a81
Synthetic Python 3.13	Build distribution and verify wheel installation	2026-09-23T06:00:07.6819494Z     # via python-dateutil
Synthetic Python 3.13	Build distribution and verify wheel installation	2026-09-23T06:00:07.6819846Z truststore==0.10.4 \
Synthetic Python 3.13	Build distribution and verify wheel installation	2026-09-23T06:00:07.6820273Z     --hash=sha256:9d91bd436463ad5e4ee4aba766628dd6cd7010cf3e2461756b3303710eebc301 \
Synthetic Python 3.13	Build distribution and verify wheel installation	2026-09-23T06:00:07.6820911Z     --hash=sha256:adaeaecf1cbb5f4de3b1959b42d41f6fab57b2b1666adb59e89cb0b53361d981
Synthetic Python 3.13	Build distribution and verify wheel installation	2026-09-23T06:00:07.6821417Z     # via brasileirao-predictor
Synthetic Python 3.13	Build distribution and verify wheel installation	2026-09-23T06:00:07.6821779Z typing-extensions==4.16.0 \
Synthetic Python 3.13	Build distribution and verify wheel installation	2026-09-23T06:00:07.6822255Z     --hash=sha256:481caa481374e813c1b176ada14e97f1f67a4539ce9cfeb3f350d78d6370c2e8 \
Synthetic Python 3.13	Build distribution and verify wheel installation	2026-09-23T06:00:07.6822853Z     --hash=sha256:dc983d19a509c94dba722ee6abd33940f7c05a89e243c47e907eb4db6f1a43e5
Synthetic Python 3.13	Build distribution and verify wheel installation	2026-09-23T06:00:07.6823422Z     # via
Synthetic Python 3.13	Build distribution and verify wheel installation	2026-09-23T06:00:07.6823710Z     #   pydantic
Synthetic Python 3.13	Build distribution and verify wheel installation	2026-09-23T06:00:07.6824006Z     #   pydantic-core
Synthetic Python 3.13	Build distribution and verify wheel installation	2026-09-23T06:00:07.6824398Z     #   typing-inspection
Synthetic Python 3.13	Build distribution and verify wheel installation	2026-09-23T06:00:07.6825030Z typing-inspection==0.4.4 \
Synthetic Python 3.13	Build distribution and verify wheel installation	2026-09-23T06:00:07.6825533Z     --hash=sha256:547274fa6b0a561ccf549cc9524b999a578e737d015d8709d021f9d0d13bea47 \
Synthetic Python 3.13	Build distribution and verify wheel installation	2026-09-23T06:00:07.6826137Z     --hash=sha256:65b8397ba37ccbce054456aaccddfc91e6e3083c92824df348d96ca832f3f147
Synthetic Python 3.13	Build distribution and verify wheel installation	2026-09-23T06:00:07.6826580Z     # via
Synthetic Python 3.13	Build distribution and verify wheel installation	2026-09-23T06:00:07.6826884Z     #   pydantic
Synthetic Python 3.13	Build distribution and verify wheel installation	2026-09-23T06:00:07.6827213Z     #   pydantic-settings
Synthetic Python 3.13	Build distribution and verify wheel installation	2026-09-23T06:00:07.6827627Z tzdata==2026.3 ; sys_platform == 'emscripten' or sys_platform == 'win32' \
Synthetic Python 3.13	Build distribution and verify wheel installation	2026-09-23T06:00:07.6828183Z     --hash=sha256:4a1518b8993086a7982523e071643f3c0e5f213e75b21318e78bcabfff9d1415 \
Synthetic Python 3.13	Build distribution and verify wheel installation	2026-09-23T06:00:07.6828751Z     --hash=sha256:dc096730c87af6cab1b171c9d532be840741ff5d459015e7f6947bd7d7e54931
Synthetic Python 3.13	Build distribution and verify wheel installation	2026-09-23T06:00:07.6829251Z     # via pandas
Synthetic Python 3.13	Build distribution and verify wheel installation	2026-09-23T06:00:07.6829555Z urllib3==2.7.0 \
Synthetic Python 3.13	Build distribution and verify wheel installation	2026-09-23T06:00:07.6829968Z     --hash=sha256:231e0ec3b63ceb14667c67be60f2f2c40a518cb38b03af60abc813da26505f4c \
Synthetic Python 3.13	Build distribution and verify wheel installation	2026-09-23T06:00:07.6830575Z     --hash=sha256:9fb4c81ebbb1ce9531cce37674bbc6f1360472bc18ca9a553ede278ef7276897
Synthetic Python 3.13	Build distribution and verify wheel installation	2026-09-23T06:00:07.6831028Z     # via requests
Synthetic Python 3.13	Build distribution and verify wheel installation	2026-09-23T06:00:07.7210897Z Using Python 3.13.15 environment at: /home/runner/work/_temp/installed
Synthetic Python 3.13	Build distribution and verify wheel installation	2026-09-23T06:00:07.9637466Z Resolved 26 packages in 241ms
Synthetic Python 3.13	Build distribution and verify wheel installation	2026-09-23T06:00:07.9906430Z Installed 26 packages in 26ms
Synthetic Python 3.13	Build distribution and verify wheel installation	2026-09-23T06:00:07.9907102Z  + annotated-types==0.8.0
Synthetic Python 3.13	Build distribution and verify wheel installation	2026-09-23T06:00:07.9907705Z  + attrs==26.1.0
Synthetic Python 3.13	Build distribution and verify wheel installation	2026-09-23T06:00:07.9908128Z  + certifi==2026.7.22
Synthetic Python 3.13	Build distribution and verify wheel installation	2026-09-23T06:00:07.9908576Z  + charset-normalizer==3.5.1
Synthetic Python 3.13	Build distribution and verify wheel installation	2026-09-23T06:00:07.9909090Z  + idna==3.19
Synthetic Python 3.13	Build distribution and verify wheel installation	2026-09-23T06:00:07.9909485Z  + jsonschema==4.26.0
Synthetic Python 3.13	Build distribution and verify wheel installation	2026-09-23T06:00:07.9909924Z  + jsonschema-specifications==2025.9.1
Synthetic Python 3.13	Build distribution and verify wheel installation	2026-09-23T06:00:07.9910464Z  + numpy==2.5.3
Synthetic Python 3.13	Build distribution and verify wheel installation	2026-09-23T06:00:07.9910938Z  + pandas==3.0.6
Synthetic Python 3.13	Build distribution and verify wheel installation	2026-09-23T06:00:07.9911965Z  + predictor-core==3.2.1 (from https://github.com/leonardosovienski/core-predictor/releases/download/v3.2.1/predictor_core-3.2.1-py3-none-any.whl)
Synthetic Python 3.13	Build distribution and verify wheel installation	2026-09-23T06:00:07.9913482Z  + predictor-ops==4.2.1 (from https://github.com/leonardosovienski/predictor-ops/releases/download/v4.2.1/predictor_ops-4.2.1-py3-none-any.whl)
Synthetic Python 3.13	Build distribution and verify wheel installation	2026-09-23T06:00:07.9914565Z  + pydantic==2.13.5
Synthetic Python 3.13	Build distribution and verify wheel installation	2026-09-23T06:00:07.9915186Z  + pydantic-core==2.46.5
Synthetic Python 3.13	Build distribution and verify wheel installation	2026-09-23T06:00:07.9915658Z  + pydantic-settings==2.15.0
Synthetic Python 3.13	Build distribution and verify wheel installation	2026-09-23T06:00:07.9916192Z  + python-dateutil==2.9.0.post0
Synthetic Python 3.13	Build distribution and verify wheel installation	2026-09-23T06:00:07.9916652Z  + python-dotenv==1.2.3
Synthetic Python 3.13	Build distribution and verify wheel installation	2026-09-23T06:00:07.9917065Z  + pyyaml==6.0.3
Synthetic Python 3.13	Build distribution and verify wheel installation	2026-09-23T06:00:07.9917487Z  + referencing==0.37.0
Synthetic Python 3.13	Build distribution and verify wheel installation	2026-09-23T06:00:07.9917971Z  + requests==2.34.2
Synthetic Python 3.13	Build distribution and verify wheel installation	2026-09-23T06:00:07.9918440Z  + rpds-py==2026.6.3
Synthetic Python 3.13	Build distribution and verify wheel installation	2026-09-23T06:00:07.9918937Z  + scipy==1.18.1
Synthetic Python 3.13	Build distribution and verify wheel installation	2026-09-23T06:00:07.9919491Z  + six==1.17.0
Synthetic Python 3.13	Build distribution and verify wheel installation	2026-09-23T06:00:07.9919952Z  + truststore==0.10.4
Synthetic Python 3.13	Build distribution and verify wheel installation	2026-09-23T06:00:07.9920908Z  + typing-extensions==4.16.0
Synthetic Python 3.13	Build distribution and verify wheel installation	2026-09-23T06:00:07.9921377Z  + typing-inspection==0.4.4
Synthetic Python 3.13	Build distribution and verify wheel installation	2026-09-23T06:00:07.9921891Z  + urllib3==2.7.0
Synthetic Python 3.13	Build distribution and verify wheel installation	2026-09-23T06:00:08.0062837Z Using Python 3.13.15 environment at: /home/runner/work/_temp/installed
Synthetic Python 3.13	Build distribution and verify wheel installation	2026-09-23T06:00:08.0088429Z Resolved 1 package in 1ms
Synthetic Python 3.13	Build distribution and verify wheel installation	2026-09-23T06:00:08.0256792Z Prepared 1 package in 16ms
Synthetic Python 3.13	Build distribution and verify wheel installation	2026-09-23T06:00:08.0294109Z Installed 1 package in 3ms
Synthetic Python 3.13	Build distribution and verify wheel installation	2026-09-23T06:00:08.0295491Z  + brasileirao-predictor==0.2.0 (from file:///home/runner/work/brasileirao-predictor/brasileirao-predictor/dist/brasileirao_predictor-0.2.0-py3-none-any.whl)
Synthetic Python 3.13	Build distribution and verify wheel installation	2026-09-23T06:00:09.1537233Z {"status": "PASS", "installed_shadow_ops": true, "scientific_steps_executed": false}
Synthetic Python 3.13	Run actions/upload-artifact@v7	﻿2026-09-23T06:00:09.1815594Z ##[group]Run actions/upload-artifact@v7
Synthetic Python 3.13	Run actions/upload-artifact@v7	2026-09-23T06:00:09.1816004Z with:
Synthetic Python 3.13	Run actions/upload-artifact@v7	2026-09-23T06:00:09.1816306Z   name: python-validation-3.13
Synthetic Python 3.13	Run actions/upload-artifact@v7	2026-09-23T06:00:09.1816718Z   path: /home/runner/work/_temp/python-synthetic
Synthetic Python 3.13	Run actions/upload-artifact@v7	dist
Synthetic Python 3.13	Run actions/upload-artifact@v7	
Synthetic Python 3.13	Run actions/upload-artifact@v7	2026-09-23T06:00:09.1817163Z   if-no-files-found: warn
Synthetic Python 3.13	Run actions/upload-artifact@v7	2026-09-23T06:00:09.1817493Z   compression-level: 6
Synthetic Python 3.13	Run actions/upload-artifact@v7	2026-09-23T06:00:09.1817806Z   overwrite: false
Synthetic Python 3.13	Run actions/upload-artifact@v7	2026-09-23T06:00:09.1818168Z   include-hidden-files: false
Synthetic Python 3.13	Run actions/upload-artifact@v7	2026-09-23T06:00:09.1818508Z   archive: true
Synthetic Python 3.13	Run actions/upload-artifact@v7	2026-09-23T06:00:09.1818859Z env:
Synthetic Python 3.13	Run actions/upload-artifact@v7	2026-09-23T06:00:09.1819334Z   UV_PYTHON_INSTALL_DIR: /home/runner/work/_temp/uv-python-dir
Synthetic Python 3.13	Run actions/upload-artifact@v7	2026-09-23T06:00:09.1819790Z   UV_CACHE_DIR: /home/runner/work/_temp/setup-uv-cache
Synthetic Python 3.13	Run actions/upload-artifact@v7	2026-09-23T06:00:09.1820260Z   pythonLocation: /opt/hostedtoolcache/Python/3.13.15/x64
Synthetic Python 3.13	Run actions/upload-artifact@v7	2026-09-23T06:00:09.1820797Z   PKG_CONFIG_PATH: /opt/hostedtoolcache/Python/3.13.15/x64/lib/pkgconfig
Synthetic Python 3.13	Run actions/upload-artifact@v7	2026-09-23T06:00:09.1821310Z   Python_ROOT_DIR: /opt/hostedtoolcache/Python/3.13.15/x64
Synthetic Python 3.13	Run actions/upload-artifact@v7	2026-09-23T06:00:09.1821799Z   Python2_ROOT_DIR: /opt/hostedtoolcache/Python/3.13.15/x64
Synthetic Python 3.13	Run actions/upload-artifact@v7	2026-09-23T06:00:09.1822322Z   Python3_ROOT_DIR: /opt/hostedtoolcache/Python/3.13.15/x64
Synthetic Python 3.13	Run actions/upload-artifact@v7	2026-09-23T06:00:09.1822829Z   LD_LIBRARY_PATH: /opt/hostedtoolcache/Python/3.13.15/x64/lib
Synthetic Python 3.13	Run actions/upload-artifact@v7	2026-09-23T06:00:09.1823225Z ##[endgroup]
Synthetic Python 3.13	Run actions/upload-artifact@v7	2026-09-23T06:00:09.4998010Z Multiple search paths detected. Calculating the least common ancestor of all paths
Synthetic Python 3.13	Run actions/upload-artifact@v7	2026-09-23T06:00:09.4999480Z The least common ancestor is /home/runner/work. This will be the root directory of the artifact
Synthetic Python 3.13	Run actions/upload-artifact@v7	2026-09-23T06:00:09.5000261Z With the provided path, there will be 703 files uploaded
Synthetic Python 3.13	Run actions/upload-artifact@v7	2026-09-23T06:00:09.5000964Z Artifact name is valid!
Synthetic Python 3.13	Run actions/upload-artifact@v7	2026-09-23T06:00:09.5001322Z Root directory input is valid!
Synthetic Python 3.13	Run actions/upload-artifact@v7	2026-09-23T06:00:09.7301224Z Uploading artifact: python-validation-3.13.zip
Synthetic Python 3.13	Run actions/upload-artifact@v7	2026-09-23T06:00:09.7337047Z Beginning upload of artifact content to blob storage
Synthetic Python 3.13	Run actions/upload-artifact@v7	2026-09-23T06:00:10.6949431Z Uploaded bytes 8388608
Synthetic Python 3.13	Run actions/upload-artifact@v7	2026-09-23T06:00:10.7981642Z Uploaded bytes 12102394
Synthetic Python 3.13	Run actions/upload-artifact@v7	2026-09-23T06:00:10.8311940Z Finished uploading artifact content to blob storage!
Synthetic Python 3.13	Run actions/upload-artifact@v7	2026-09-23T06:00:10.8312749Z SHA256 digest of uploaded artifact is bffc2c036d8350af0334527a03dd31b12e0e8432d38b0bbaa32816414640b31d
Synthetic Python 3.13	Run actions/upload-artifact@v7	2026-09-23T06:00:10.8313335Z Finalizing artifact upload
Synthetic Python 3.13	Run actions/upload-artifact@v7	2026-09-23T06:00:11.1210406Z Artifact python-validation-3.13 successfully finalized. Artifact ID 10734957238
Synthetic Python 3.13	Run actions/upload-artifact@v7	2026-09-23T06:00:11.1211518Z Artifact python-validation-3.13 has been successfully uploaded! Final size is 12102394 bytes. Artifact ID is 10734957238
Synthetic Python 3.13	Run actions/upload-artifact@v7	2026-09-23T06:00:11.1215255Z Artifact download URL: https://github.com/leonardosovienski/brasileirao-predictor/actions/runs/35824710697/artifacts/10734957238
Synthetic Python 3.13	Post Run actions/setup-python@v7	﻿2026-09-23T06:00:11.1393380Z Post job cleanup.
Synthetic Python 3.13	Post Run astral-sh/setup-uv@v7	﻿2026-09-23T06:00:11.2649458Z Post job cleanup.
Synthetic Python 3.13	Post Run astral-sh/setup-uv@v7	2026-09-23T06:00:11.3748031Z UV_CACHE_DIR is already set to /home/runner/work/_temp/setup-uv-cache
Synthetic Python 3.13	Post Run astral-sh/setup-uv@v7	2026-09-23T06:00:11.3751879Z UV_PYTHON_INSTALL_DIR is already set to /home/runner/work/_temp/uv-python-dir
Synthetic Python 3.13	Post Run astral-sh/setup-uv@v7	2026-09-23T06:00:11.3761923Z Pruning cache...
Synthetic Python 3.13	Post Run astral-sh/setup-uv@v7	2026-09-23T06:00:11.3777865Z [command]/opt/hostedtoolcache/uv/0.12.1/x86_64/uv cache prune --ci --force
Synthetic Python 3.13	Post Run astral-sh/setup-uv@v7	2026-09-23T06:00:11.3945819Z Pruning cache at: /home/runner/work/_temp/setup-uv-cache
Synthetic Python 3.13	Post Run astral-sh/setup-uv@v7	2026-09-23T06:00:11.5331494Z Removed 12638 files (511.8MiB)
Synthetic Python 3.13	Post Run astral-sh/setup-uv@v7	2026-09-23T06:00:11.5356583Z Including uv cache path: /home/runner/work/_temp/setup-uv-cache
Synthetic Python 3.13	Post Run astral-sh/setup-uv@v7	2026-09-23T06:00:11.5484332Z [command]/usr/bin/tar --posix -cf cache.tzst --exclude cache.tzst -P -C /home/runner/work/brasileirao-predictor/brasileirao-predictor --files-from manifest.txt --use-compress-program zstdmt
Synthetic Python 3.13	Post Run astral-sh/setup-uv@v7	2026-09-23T06:00:11.7112028Z ##[warning]Failed to save: Unable to reserve cache with key setup-uv-2-x86_64-unknown-linux-gnu-ubuntu-24.04-unknown-pruned-bd51c465fb85c1390acfd423f4ea7aebe070cc97cc2577a2b05bf352e5f99a35, another job may be creating this cache.
Synthetic Python 3.13	Post Run astral-sh/setup-uv@v7	2026-09-23T06:00:11.7119525Z uv cache saved with key: setup-uv-2-x86_64-unknown-linux-gnu-ubuntu-24.04-unknown-pruned-bd51c465fb85c1390acfd423f4ea7aebe070cc97cc2577a2b05bf352e5f99a35
Synthetic Python 3.13	Post Run actions/checkout@v7	﻿2026-09-23T06:00:11.7714175Z Post job cleanup.
Synthetic Python 3.13	Post Run actions/checkout@v7	2026-09-23T06:00:11.8544284Z [command]/usr/bin/git version
Synthetic Python 3.13	Post Run actions/checkout@v7	2026-09-23T06:00:11.8590554Z git version 2.55.0
Synthetic Python 3.13	Post Run actions/checkout@v7	2026-09-23T06:00:11.8622638Z Temporarily overriding HOME='/home/runner/work/_temp/6aacc0ff-9ea0-4bd7-bd05-225b2d26d8c7' before making global git config changes
Synthetic Python 3.13	Post Run actions/checkout@v7	2026-09-23T06:00:11.8623859Z Adding repository directory to the temporary git global config as a safe directory
Synthetic Python 3.13	Post Run actions/checkout@v7	2026-09-23T06:00:11.8628373Z [command]/usr/bin/git config --global --add safe.directory /home/runner/work/brasileirao-predictor/brasileirao-predictor
Synthetic Python 3.13	Post Run actions/checkout@v7	2026-09-23T06:00:11.8662101Z Removing SSH command configuration
Synthetic Python 3.13	Post Run actions/checkout@v7	2026-09-23T06:00:11.8670163Z [command]/usr/bin/git config --local --name-only --get-regexp core\.sshCommand
Synthetic Python 3.13	Post Run actions/checkout@v7	2026-09-23T06:00:11.8705047Z [command]/usr/bin/git submodule foreach --recursive sh -c "git config --local --name-only --get-regexp 'core\.sshCommand' && git config --local --unset-all 'core.sshCommand' || :"
Synthetic Python 3.13	Post Run actions/checkout@v7	2026-09-23T06:00:11.8935503Z Removing HTTP extra header
Synthetic Python 3.13	Post Run actions/checkout@v7	2026-09-23T06:00:11.8941553Z [command]/usr/bin/git config --local --name-only --get-regexp http\.https\:\/\/github\.com\/\.extraheader
Synthetic Python 3.13	Post Run actions/checkout@v7	2026-09-23T06:00:11.8981514Z [command]/usr/bin/git submodule foreach --recursive sh -c "git config --local --name-only --get-regexp 'http\.https\:\/\/github\.com\/\.extraheader' && git config --local --unset-all 'http.https://github.com/.extraheader' || :"
Synthetic Python 3.13	Post Run actions/checkout@v7	2026-09-23T06:00:11.9199810Z Removing includeIf entries pointing to credentials config files
Synthetic Python 3.13	Post Run actions/checkout@v7	2026-09-23T06:00:11.9207599Z [command]/usr/bin/git config --local --name-only --get-regexp ^includeIf\.gitdir:
Synthetic Python 3.13	Post Run actions/checkout@v7	2026-09-23T06:00:11.9241448Z [command]/usr/bin/git submodule foreach --recursive git config --local --show-origin --name-only --get-regexp remote.origin.url
Synthetic Python 3.13	Complete job	﻿2026-09-23T06:00:11.9593453Z Cleaning up orphan processes
Synthetic Compose build and health	Set up job	﻿2026-09-23T06:00:49.4778995Z Current runner version: '2.337.0'
Synthetic Compose build and health	Set up job	2026-09-23T06:00:49.4805270Z ##[group]Runner Image Provisioner
Synthetic Compose build and health	Set up job	2026-09-23T06:00:49.4806232Z Hosted Compute Agent
Synthetic Compose build and health	Set up job	2026-09-23T06:00:49.4806855Z Version: 20260828.587
Synthetic Compose build and health	Set up job	2026-09-23T06:00:49.4807578Z Commit: abac92662cab4cc7352de4f9f9d2e2419aad9c29
Synthetic Compose build and health	Set up job	2026-09-23T06:00:49.4808339Z Build Date: 2026-08-28T16:44:25Z
Synthetic Compose build and health	Set up job	2026-09-23T06:00:49.4809546Z Worker ID: {61ebee57-08e9-4437-b0e1-525ea75097e6}
Synthetic Compose build and health	Set up job	2026-09-23T06:00:49.4810363Z Azure Region: westcentralus
Synthetic Compose build and health	Set up job	2026-09-23T06:00:49.4811358Z ##[endgroup]
Synthetic Compose build and health	Set up job	2026-09-23T06:00:49.4812989Z ##[group]Operating System
Synthetic Compose build and health	Set up job	2026-09-23T06:00:49.4813685Z Ubuntu
Synthetic Compose build and health	Set up job	2026-09-23T06:00:49.4814213Z 24.04.5
Synthetic Compose build and health	Set up job	2026-09-23T06:00:49.4814851Z LTS
Synthetic Compose build and health	Set up job	2026-09-23T06:00:49.4815396Z ##[endgroup]
Synthetic Compose build and health	Set up job	2026-09-23T06:00:49.4816010Z ##[group]Runner Image
Synthetic Compose build and health	Set up job	2026-09-23T06:00:49.4816695Z Image: ubuntu-24.04
Synthetic Compose build and health	Set up job	2026-09-23T06:00:49.4817270Z Version: 20260907.300.1
Synthetic Compose build and health	Set up job	2026-09-23T06:00:49.4818466Z Included Software: https://github.com/actions/runner-images/blob/ubuntu24/20260907.300/images/ubuntu/Ubuntu2404-Readme.md
Synthetic Compose build and health	Set up job	2026-09-23T06:00:49.4820251Z Image Release: https://github.com/actions/runner-images/releases/tag/ubuntu24%2F20260907.300
Synthetic Compose build and health	Set up job	2026-09-23T06:00:49.4821512Z ##[endgroup]
Synthetic Compose build and health	Set up job	2026-09-23T06:00:49.4822704Z ##[group]GITHUB_TOKEN Permissions
Synthetic Compose build and health	Set up job	2026-09-23T06:00:49.4824655Z Contents: read
Synthetic Compose build and health	Set up job	2026-09-23T06:00:49.4825268Z Metadata: read
Synthetic Compose build and health	Set up job	2026-09-23T06:00:49.4826000Z ##[endgroup]
Synthetic Compose build and health	Set up job	2026-09-23T06:00:49.4828045Z Secret source: Actions
Synthetic Compose build and health	Set up job	2026-09-23T06:00:49.4829209Z Cache mode: write
Synthetic Compose build and health	Set up job	2026-09-23T06:00:49.4829930Z Prepare workflow directory
Synthetic Compose build and health	Set up job	2026-09-23T06:00:49.5377947Z Prepare all required actions
Synthetic Compose build and health	Set up job	2026-09-23T06:00:49.5427027Z Getting action download info
Synthetic Compose build and health	Set up job	2026-09-23T06:00:49.8287385Z Download action repository 'actions/checkout@v7' (SHA:3d3c42e5aac5ba805825da76410c181273ba90b1)
Synthetic Compose build and health	Set up job	2026-09-23T06:00:49.9213411Z Download action repository 'actions/upload-artifact@v7' (SHA:043fb46d1a93c77aae656e7c1c64a875d1fc6a0a)
Synthetic Compose build and health	Set up job	2026-09-23T06:00:50.0939525Z Complete job name: Synthetic Compose build and health
Synthetic Compose build and health	Run actions/checkout@v7	﻿2026-09-23T06:00:50.1644120Z ##[group]Run actions/checkout@v7
Synthetic Compose build and health	Run actions/checkout@v7	2026-09-23T06:00:50.1645009Z with:
Synthetic Compose build and health	Run actions/checkout@v7	2026-09-23T06:00:50.1645465Z   persist-credentials: false
Synthetic Compose build and health	Run actions/checkout@v7	2026-09-23T06:00:50.1646077Z   repository: leonardosovienski/brasileirao-predictor
Synthetic Compose build and health	Run actions/checkout@v7	2026-09-23T06:00:50.1650090Z   token: ***
Synthetic Compose build and health	Run actions/checkout@v7	2026-09-23T06:00:50.1650533Z   ssh-strict: true
Synthetic Compose build and health	Run actions/checkout@v7	2026-09-23T06:00:50.1651139Z   ssh-user: git
Synthetic Compose build and health	Run actions/checkout@v7	2026-09-23T06:00:50.1651558Z   clean: true
Synthetic Compose build and health	Run actions/checkout@v7	2026-09-23T06:00:50.1652001Z   sparse-checkout-cone-mode: true
Synthetic Compose build and health	Run actions/checkout@v7	2026-09-23T06:00:50.1652533Z   fetch-depth: 1
Synthetic Compose build and health	Run actions/checkout@v7	2026-09-23T06:00:50.1652964Z   fetch-tags: false
Synthetic Compose build and health	Run actions/checkout@v7	2026-09-23T06:00:50.1653411Z   show-progress: true
Synthetic Compose build and health	Run actions/checkout@v7	2026-09-23T06:00:50.1653854Z   lfs: false
Synthetic Compose build and health	Run actions/checkout@v7	2026-09-23T06:00:50.1654265Z   submodules: false
Synthetic Compose build and health	Run actions/checkout@v7	2026-09-23T06:00:50.1654702Z   set-safe-directory: true
Synthetic Compose build and health	Run actions/checkout@v7	2026-09-23T06:00:50.1655201Z   allow-unsafe-pr-checkout: false
Synthetic Compose build and health	Run actions/checkout@v7	2026-09-23T06:00:50.1655903Z env:
Synthetic Compose build and health	Run actions/checkout@v7	2026-09-23T06:00:50.1656388Z   COMPOSE_PROJECT_NAME: brasileirao-ci-35824710697-1
Synthetic Compose build and health	Run actions/checkout@v7	2026-09-23T06:00:50.1657004Z   EXCHANGE_WEBSOCKET_URL: 
Synthetic Compose build and health	Run actions/checkout@v7	2026-09-23T06:00:50.1657481Z   EXCHANGE_API_KEY: 
Synthetic Compose build and health	Run actions/checkout@v7	2026-09-23T06:00:50.1658001Z   LINEUP_ALLOW_SYNTHETIC_INPUTS: true
Synthetic Compose build and health	Run actions/checkout@v7	2026-09-23T06:00:50.1658527Z ##[endgroup]
Synthetic Compose build and health	Run actions/checkout@v7	2026-09-23T06:00:50.2688930Z Syncing repository: leonardosovienski/brasileirao-predictor
Synthetic Compose build and health	Run actions/checkout@v7	2026-09-23T06:00:50.2691825Z ##[group]Getting Git version info
Synthetic Compose build and health	Run actions/checkout@v7	2026-09-23T06:00:50.2693172Z Working directory is '/home/runner/work/brasileirao-predictor/brasileirao-predictor'
Synthetic Compose build and health	Run actions/checkout@v7	2026-09-23T06:00:50.2695179Z [command]/usr/bin/git version
Synthetic Compose build and health	Run actions/checkout@v7	2026-09-23T06:00:50.2752844Z git version 2.55.0
Synthetic Compose build and health	Run actions/checkout@v7	2026-09-23T06:00:50.2772506Z ##[endgroup]
Synthetic Compose build and health	Run actions/checkout@v7	2026-09-23T06:00:50.2782324Z Temporarily overriding HOME='/home/runner/work/_temp/a2769585-087f-4c7c-8688-e297a5ffcafb' before making global git config changes
Synthetic Compose build and health	Run actions/checkout@v7	2026-09-23T06:00:50.2784696Z Adding repository directory to the temporary git global config as a safe directory
Synthetic Compose build and health	Run actions/checkout@v7	2026-09-23T06:00:50.2788447Z [command]/usr/bin/git config --global --add safe.directory /home/runner/work/brasileirao-predictor/brasileirao-predictor
Synthetic Compose build and health	Run actions/checkout@v7	2026-09-23T06:00:50.2845240Z Deleting the contents of '/home/runner/work/brasileirao-predictor/brasileirao-predictor'
Synthetic Compose build and health	Run actions/checkout@v7	2026-09-23T06:00:50.2848555Z ##[group]Determining repository object format
Synthetic Compose build and health	Run actions/checkout@v7	2026-09-23T06:00:50.2850072Z ##[endgroup]
Synthetic Compose build and health	Run actions/checkout@v7	2026-09-23T06:00:50.2851207Z ##[group]Initializing the repository
Synthetic Compose build and health	Run actions/checkout@v7	2026-09-23T06:00:50.2855706Z [command]/usr/bin/git init /home/runner/work/brasileirao-predictor/brasileirao-predictor
Synthetic Compose build and health	Run actions/checkout@v7	2026-09-23T06:00:50.2956353Z hint: Using 'master' as the name for the initial branch. This default branch name
Synthetic Compose build and health	Run actions/checkout@v7	2026-09-23T06:00:50.2958077Z hint: will change to "main" in Git 3.0. To configure the initial branch name
Synthetic Compose build and health	Run actions/checkout@v7	2026-09-23T06:00:50.2959374Z hint: to use in all of your new repositories, which will suppress this warning,
Synthetic Compose build and health	Run actions/checkout@v7	2026-09-23T06:00:50.2960142Z hint: call:
Synthetic Compose build and health	Run actions/checkout@v7	2026-09-23T06:00:50.2960559Z hint:
Synthetic Compose build and health	Run actions/checkout@v7	2026-09-23T06:00:50.2961481Z hint: 	git config --global init.defaultBranch <name>
Synthetic Compose build and health	Run actions/checkout@v7	2026-09-23T06:00:50.2962478Z hint:
Synthetic Compose build and health	Run actions/checkout@v7	2026-09-23T06:00:50.2963409Z hint: Names commonly chosen instead of 'master' are 'main', 'trunk' and
Synthetic Compose build and health	Run actions/checkout@v7	2026-09-23T06:00:50.2964900Z hint: 'development'. The just-created branch can be renamed via this command:
Synthetic Compose build and health	Run actions/checkout@v7	2026-09-23T06:00:50.2966281Z hint:
Synthetic Compose build and health	Run actions/checkout@v7	2026-09-23T06:00:50.2966953Z hint: 	git branch -m <name>
Synthetic Compose build and health	Run actions/checkout@v7	2026-09-23T06:00:50.2967709Z hint:
Synthetic Compose build and health	Run actions/checkout@v7	2026-09-23T06:00:50.2968701Z hint: Disable this message with "git config set advice.defaultBranchName false"
Synthetic Compose build and health	Run actions/checkout@v7	2026-09-23T06:00:50.2970559Z Initialized empty Git repository in /home/runner/work/brasileirao-predictor/brasileirao-predictor/.git/
Synthetic Compose build and health	Run actions/checkout@v7	2026-09-23T06:00:50.2975673Z [command]/usr/bin/git remote add origin https://github.com/leonardosovienski/brasileirao-predictor
Synthetic Compose build and health	Run actions/checkout@v7	2026-09-23T06:00:50.3023571Z ##[endgroup]
Synthetic Compose build and health	Run actions/checkout@v7	2026-09-23T06:00:50.3024800Z ##[group]Disabling automatic garbage collection
Synthetic Compose build and health	Run actions/checkout@v7	2026-09-23T06:00:50.3027746Z [command]/usr/bin/git config --local gc.auto 0
Synthetic Compose build and health	Run actions/checkout@v7	2026-09-23T06:00:50.3063665Z ##[endgroup]
Synthetic Compose build and health	Run actions/checkout@v7	2026-09-23T06:00:50.3065375Z ##[group]Setting up auth
Synthetic Compose build and health	Run actions/checkout@v7	2026-09-23T06:00:50.3066269Z Removing SSH command configuration
Synthetic Compose build and health	Run actions/checkout@v7	2026-09-23T06:00:50.3070180Z [command]/usr/bin/git config --local --name-only --get-regexp core\.sshCommand
Synthetic Compose build and health	Run actions/checkout@v7	2026-09-23T06:00:50.3107881Z [command]/usr/bin/git submodule foreach --recursive sh -c "git config --local --name-only --get-regexp 'core\.sshCommand' && git config --local --unset-all 'core.sshCommand' || :"
Synthetic Compose build and health	Run actions/checkout@v7	2026-09-23T06:00:50.3482470Z Removing HTTP extra header
Synthetic Compose build and health	Run actions/checkout@v7	2026-09-23T06:00:50.3489212Z [command]/usr/bin/git config --local --name-only --get-regexp http\.https\:\/\/github\.com\/\.extraheader
Synthetic Compose build and health	Run actions/checkout@v7	2026-09-23T06:00:50.3534409Z [command]/usr/bin/git submodule foreach --recursive sh -c "git config --local --name-only --get-regexp 'http\.https\:\/\/github\.com\/\.extraheader' && git config --local --unset-all 'http.https://github.com/.extraheader' || :"
Synthetic Compose build and health	Run actions/checkout@v7	2026-09-23T06:00:50.3770556Z Removing includeIf entries pointing to credentials config files
Synthetic Compose build and health	Run actions/checkout@v7	2026-09-23T06:00:50.3775868Z [command]/usr/bin/git config --local --name-only --get-regexp ^includeIf\.gitdir:
Synthetic Compose build and health	Run actions/checkout@v7	2026-09-23T06:00:50.3813795Z [command]/usr/bin/git submodule foreach --recursive git config --local --show-origin --name-only --get-regexp remote.origin.url
Synthetic Compose build and health	Run actions/checkout@v7	2026-09-23T06:00:50.4063442Z [command]/usr/bin/git config --file /home/runner/work/_temp/git-credentials-1355fa13-5599-4df1-97bb-7cd2d6542ec8.config http.https://github.com/.extraheader AUTHORIZATION: basic ***
Synthetic Compose build and health	Run actions/checkout@v7	2026-09-23T06:00:50.4106898Z [command]/usr/bin/git config --local includeIf.gitdir:/home/runner/work/brasileirao-predictor/brasileirao-predictor/.git.path /home/runner/work/_temp/git-credentials-1355fa13-5599-4df1-97bb-7cd2d6542ec8.config
Synthetic Compose build and health	Run actions/checkout@v7	2026-09-23T06:00:50.4144308Z [command]/usr/bin/git config --local includeIf.gitdir:/home/runner/work/brasileirao-predictor/brasileirao-predictor/.git/worktrees/*.path /home/runner/work/_temp/git-credentials-1355fa13-5599-4df1-97bb-7cd2d6542ec8.config
Synthetic Compose build and health	Run actions/checkout@v7	2026-09-23T06:00:50.4183697Z [command]/usr/bin/git config --local includeIf.gitdir:/github/workspace/.git.path /github/runner_temp/git-credentials-1355fa13-5599-4df1-97bb-7cd2d6542ec8.config
Synthetic Compose build and health	Run actions/checkout@v7	2026-09-23T06:00:50.4220318Z [command]/usr/bin/git config --local includeIf.gitdir:/github/workspace/.git/worktrees/*.path /github/runner_temp/git-credentials-1355fa13-5599-4df1-97bb-7cd2d6542ec8.config
Synthetic Compose build and health	Run actions/checkout@v7	2026-09-23T06:00:50.4253511Z ##[endgroup]
Synthetic Compose build and health	Run actions/checkout@v7	2026-09-23T06:00:50.4254323Z ##[group]Fetching the repository
Synthetic Compose build and health	Run actions/checkout@v7	2026-09-23T06:00:50.4260167Z [command]/usr/bin/git -c protocol.version=2 fetch --no-tags --prune --no-recurse-submodules --depth=1 origin +e14f3394c1908fae6d2f25754e6ab3a6792dbf1e:refs/remotes/origin/main
Synthetic Compose build and health	Run actions/checkout@v7	2026-09-23T06:00:52.3430187Z From https://github.com/leonardosovienski/brasileirao-predictor
Synthetic Compose build and health	Run actions/checkout@v7	2026-09-23T06:00:52.3432045Z  * [new ref]         e14f3394c1908fae6d2f25754e6ab3a6792dbf1e -> origin/main
Synthetic Compose build and health	Run actions/checkout@v7	2026-09-23T06:00:52.3439419Z [command]/usr/bin/git branch --list --remote origin/main
Synthetic Compose build and health	Run actions/checkout@v7	2026-09-23T06:00:52.3472677Z   origin/main
Synthetic Compose build and health	Run actions/checkout@v7	2026-09-23T06:00:52.3481696Z [command]/usr/bin/git rev-parse refs/remotes/origin/main
Synthetic Compose build and health	Run actions/checkout@v7	2026-09-23T06:00:52.3511036Z e14f3394c1908fae6d2f25754e6ab3a6792dbf1e
Synthetic Compose build and health	Run actions/checkout@v7	2026-09-23T06:00:52.3515587Z ##[endgroup]
Synthetic Compose build and health	Run actions/checkout@v7	2026-09-23T06:00:52.3516772Z ##[group]Determining the checkout info
Synthetic Compose build and health	Run actions/checkout@v7	2026-09-23T06:00:52.3518165Z ##[endgroup]
Synthetic Compose build and health	Run actions/checkout@v7	2026-09-23T06:00:52.3520570Z [command]/usr/bin/git sparse-checkout disable
Synthetic Compose build and health	Run actions/checkout@v7	2026-09-23T06:00:52.3575668Z [command]/usr/bin/git config --local --unset-all extensions.worktreeConfig
Synthetic Compose build and health	Run actions/checkout@v7	2026-09-23T06:00:52.3612602Z ##[group]Checking out the ref
Synthetic Compose build and health	Run actions/checkout@v7	2026-09-23T06:00:52.3616169Z [command]/usr/bin/git checkout --progress --force -B main refs/remotes/origin/main
Synthetic Compose build and health	Run actions/checkout@v7	2026-09-23T06:00:52.6823132Z Switched to a new branch 'main'
Synthetic Compose build and health	Run actions/checkout@v7	2026-09-23T06:00:52.6829290Z branch 'main' set up to track 'origin/main'.
Synthetic Compose build and health	Run actions/checkout@v7	2026-09-23T06:00:52.6853229Z ##[endgroup]
Synthetic Compose build and health	Run actions/checkout@v7	2026-09-23T06:00:52.6907104Z [command]/usr/bin/git log -1 --format=%H
Synthetic Compose build and health	Run actions/checkout@v7	2026-09-23T06:00:52.6938542Z e14f3394c1908fae6d2f25754e6ab3a6792dbf1e
Synthetic Compose build and health	Run actions/checkout@v7	2026-09-23T06:00:52.6947425Z ##[group]Removing auth
Synthetic Compose build and health	Run actions/checkout@v7	2026-09-23T06:00:52.6947934Z Removing SSH command configuration
Synthetic Compose build and health	Run actions/checkout@v7	2026-09-23T06:00:52.6951920Z [command]/usr/bin/git config --local --name-only --get-regexp core\.sshCommand
Synthetic Compose build and health	Run actions/checkout@v7	2026-09-23T06:00:52.6990119Z [command]/usr/bin/git submodule foreach --recursive sh -c "git config --local --name-only --get-regexp 'core\.sshCommand' && git config --local --unset-all 'core.sshCommand' || :"
Synthetic Compose build and health	Run actions/checkout@v7	2026-09-23T06:00:52.7234898Z Removing HTTP extra header
Synthetic Compose build and health	Run actions/checkout@v7	2026-09-23T06:00:52.7238375Z [command]/usr/bin/git config --local --name-only --get-regexp http\.https\:\/\/github\.com\/\.extraheader
Synthetic Compose build and health	Run actions/checkout@v7	2026-09-23T06:00:52.7275895Z [command]/usr/bin/git submodule foreach --recursive sh -c "git config --local --name-only --get-regexp 'http\.https\:\/\/github\.com\/\.extraheader' && git config --local --unset-all 'http.https://github.com/.extraheader' || :"
Synthetic Compose build and health	Run actions/checkout@v7	2026-09-23T06:00:52.7516612Z Removing includeIf entries pointing to credentials config files
Synthetic Compose build and health	Run actions/checkout@v7	2026-09-23T06:00:52.7519923Z [command]/usr/bin/git config --local --name-only --get-regexp ^includeIf\.gitdir:
Synthetic Compose build and health	Run actions/checkout@v7	2026-09-23T06:00:52.7554220Z includeif.gitdir:/home/runner/work/brasileirao-predictor/brasileirao-predictor/.git.path
Synthetic Compose build and health	Run actions/checkout@v7	2026-09-23T06:00:52.7555312Z includeif.gitdir:/home/runner/work/brasileirao-predictor/brasileirao-predictor/.git/worktrees/*.path
Synthetic Compose build and health	Run actions/checkout@v7	2026-09-23T06:00:52.7555985Z includeif.gitdir:/github/workspace/.git.path
Synthetic Compose build and health	Run actions/checkout@v7	2026-09-23T06:00:52.7556633Z includeif.gitdir:/github/workspace/.git/worktrees/*.path
Synthetic Compose build and health	Run actions/checkout@v7	2026-09-23T06:00:52.7562812Z [command]/usr/bin/git config --local --get-all includeif.gitdir:/home/runner/work/brasileirao-predictor/brasileirao-predictor/.git.path
Synthetic Compose build and health	Run actions/checkout@v7	2026-09-23T06:00:52.7592340Z /home/runner/work/_temp/git-credentials-1355fa13-5599-4df1-97bb-7cd2d6542ec8.config
Synthetic Compose build and health	Run actions/checkout@v7	2026-09-23T06:00:52.7602869Z [command]/usr/bin/git config --local --unset includeif.gitdir:/home/runner/work/brasileirao-predictor/brasileirao-predictor/.git.path \/home\/runner\/work\/_temp\/git\-credentials\-1355fa13\-5599\-4df1\-97bb\-7cd2d6542ec8\.config
Synthetic Compose build and health	Run actions/checkout@v7	2026-09-23T06:00:52.7646288Z [command]/usr/bin/git config --local --get-all includeif.gitdir:/home/runner/work/brasileirao-predictor/brasileirao-predictor/.git/worktrees/*.path
Synthetic Compose build and health	Run actions/checkout@v7	2026-09-23T06:00:52.7678171Z /home/runner/work/_temp/git-credentials-1355fa13-5599-4df1-97bb-7cd2d6542ec8.config
Synthetic Compose build and health	Run actions/checkout@v7	2026-09-23T06:00:52.7686529Z [command]/usr/bin/git config --local --unset includeif.gitdir:/home/runner/work/brasileirao-predictor/brasileirao-predictor/.git/worktrees/*.path \/home\/runner\/work\/_temp\/git\-credentials\-1355fa13\-5599\-4df1\-97bb\-7cd2d6542ec8\.config
Synthetic Compose build and health	Run actions/checkout@v7	2026-09-23T06:00:52.7723568Z [command]/usr/bin/git config --local --get-all includeif.gitdir:/github/workspace/.git.path
Synthetic Compose build and health	Run actions/checkout@v7	2026-09-23T06:00:52.7781911Z /github/runner_temp/git-credentials-1355fa13-5599-4df1-97bb-7cd2d6542ec8.config
Synthetic Compose build and health	Run actions/checkout@v7	2026-09-23T06:00:52.7795068Z [command]/usr/bin/git config --local --unset includeif.gitdir:/github/workspace/.git.path \/github\/runner_temp\/git\-credentials\-1355fa13\-5599\-4df1\-97bb\-7cd2d6542ec8\.config
Synthetic Compose build and health	Run actions/checkout@v7	2026-09-23T06:00:52.7849573Z [command]/usr/bin/git config --local --get-all includeif.gitdir:/github/workspace/.git/worktrees/*.path
Synthetic Compose build and health	Run actions/checkout@v7	2026-09-23T06:00:52.7878104Z /github/runner_temp/git-credentials-1355fa13-5599-4df1-97bb-7cd2d6542ec8.config
Synthetic Compose build and health	Run actions/checkout@v7	2026-09-23T06:00:52.7885877Z [command]/usr/bin/git config --local --unset includeif.gitdir:/github/workspace/.git/worktrees/*.path \/github\/runner_temp\/git\-credentials\-1355fa13\-5599\-4df1\-97bb\-7cd2d6542ec8\.config
Synthetic Compose build and health	Run actions/checkout@v7	2026-09-23T06:00:52.7924211Z [command]/usr/bin/git submodule foreach --recursive git config --local --show-origin --name-only --get-regexp remote.origin.url
Synthetic Compose build and health	Run actions/checkout@v7	2026-09-23T06:00:52.8163970Z Removing credentials config '/home/runner/work/_temp/git-credentials-1355fa13-5599-4df1-97bb-7cd2d6542ec8.config'
Synthetic Compose build and health	Run actions/checkout@v7	2026-09-23T06:00:52.8171948Z ##[endgroup]
Synthetic Compose build and health	Verify canonical shared wheel hashes	﻿2026-09-23T06:00:52.8371258Z ##[group]Run mkdir .wheelhouse-e2e
Synthetic Compose build and health	Verify canonical shared wheel hashes	2026-09-23T06:00:52.8371784Z ^[[36;1mmkdir .wheelhouse-e2e^[[0m
Synthetic Compose build and health	Verify canonical shared wheel hashes	2026-09-23T06:00:52.8372209Z ^[[36;1mcurl --fail --silent --show-error --location \^[[0m
Synthetic Compose build and health	Verify canonical shared wheel hashes	2026-09-23T06:00:52.8372986Z ^[[36;1m  "https://github.com/leonardosovienski/core-predictor/releases/download/v3.2.1/predictor_core-3.2.1-py3-none-any.whl" \^[[0m
Synthetic Compose build and health	Verify canonical shared wheel hashes	2026-09-23T06:00:52.8373754Z ^[[36;1m  --output .wheelhouse-e2e/predictor_core-3.2.1-py3-none-any.whl^[[0m
Synthetic Compose build and health	Verify canonical shared wheel hashes	2026-09-23T06:00:52.8374238Z ^[[36;1mcurl --fail --silent --show-error --location \^[[0m
Synthetic Compose build and health	Verify canonical shared wheel hashes	2026-09-23T06:00:52.8374928Z ^[[36;1m  "https://github.com/leonardosovienski/predictor-ops/releases/download/v4.2.1/predictor_ops-4.2.1-py3-none-any.whl" \^[[0m
Synthetic Compose build and health	Verify canonical shared wheel hashes	2026-09-23T06:00:52.8375685Z ^[[36;1m  --output .wheelhouse-e2e/predictor_ops-4.2.1-py3-none-any.whl^[[0m
Synthetic Compose build and health	Verify canonical shared wheel hashes	2026-09-23T06:00:52.8376122Z ^[[36;1mcd .wheelhouse-e2e^[[0m
Synthetic Compose build and health	Verify canonical shared wheel hashes	2026-09-23T06:00:52.8376496Z ^[[36;1msha256sum --check ../constraints/shared-wheels.sha256^[[0m
Synthetic Compose build and health	Verify canonical shared wheel hashes	2026-09-23T06:00:52.8422022Z shell: /usr/bin/bash -e {0}
Synthetic Compose build and health	Verify canonical shared wheel hashes	2026-09-23T06:00:52.8422550Z env:
Synthetic Compose build and health	Verify canonical shared wheel hashes	2026-09-23T06:00:52.8494711Z   COMPOSE_PROJECT_NAME: brasileirao-ci-35824710697-1
Synthetic Compose build and health	Verify canonical shared wheel hashes	2026-09-23T06:00:52.8495188Z   EXCHANGE_WEBSOCKET_URL: 
Synthetic Compose build and health	Verify canonical shared wheel hashes	2026-09-23T06:00:52.8495518Z   EXCHANGE_API_KEY: 
Synthetic Compose build and health	Verify canonical shared wheel hashes	2026-09-23T06:00:52.8495843Z   LINEUP_ALLOW_SYNTHETIC_INPUTS: true
Synthetic Compose build and health	Verify canonical shared wheel hashes	2026-09-23T06:00:52.8496192Z ##[endgroup]
Synthetic Compose build and health	Verify canonical shared wheel hashes	2026-09-23T06:00:53.4309580Z predictor_core-3.2.1-py3-none-any.whl: OK
Synthetic Compose build and health	Verify canonical shared wheel hashes	2026-09-23T06:00:53.4310205Z predictor_ops-4.2.1-py3-none-any.whl: OK
Synthetic Compose build and health	Isolate Compose configuration from operational paths	﻿2026-09-23T06:00:53.4351785Z ##[group]Run python tools/publication_validation/compose_config.py "$RUNNER_TEMP/compose-synthetic"
Synthetic Compose build and health	Isolate Compose configuration from operational paths	2026-09-23T06:00:53.4352539Z ^[[36;1mpython tools/publication_validation/compose_config.py "$RUNNER_TEMP/compose-synthetic"^[[0m
Synthetic Compose build and health	Isolate Compose configuration from operational paths	2026-09-23T06:00:53.4353192Z ^[[36;1mecho "COMPOSE_FILE=$RUNNER_TEMP/compose-synthetic/compose.json" >> "$GITHUB_ENV"^[[0m
Synthetic Compose build and health	Isolate Compose configuration from operational paths	2026-09-23T06:00:53.4395112Z shell: /usr/bin/bash -e {0}
Synthetic Compose build and health	Isolate Compose configuration from operational paths	2026-09-23T06:00:53.4395389Z env:
Synthetic Compose build and health	Isolate Compose configuration from operational paths	2026-09-23T06:00:53.4395649Z   COMPOSE_PROJECT_NAME: brasileirao-ci-35824710697-1
Synthetic Compose build and health	Isolate Compose configuration from operational paths	2026-09-23T06:00:53.4395987Z   EXCHANGE_WEBSOCKET_URL: 
Synthetic Compose build and health	Isolate Compose configuration from operational paths	2026-09-23T06:00:53.4396237Z   EXCHANGE_API_KEY: 
Synthetic Compose build and health	Isolate Compose configuration from operational paths	2026-09-23T06:00:53.4396471Z   LINEUP_ALLOW_SYNTHETIC_INPUTS: true
Synthetic Compose build and health	Isolate Compose configuration from operational paths	2026-09-23T06:00:53.4396741Z ##[endgroup]
Synthetic Compose build and health	Run docker compose config --quiet	﻿2026-09-23T06:00:53.7552961Z ##[group]Run docker compose config --quiet
Synthetic Compose build and health	Run docker compose config --quiet	2026-09-23T06:00:53.7553357Z ^[[36;1mdocker compose config --quiet^[[0m
Synthetic Compose build and health	Run docker compose config --quiet	2026-09-23T06:00:53.7592183Z shell: /usr/bin/bash -e {0}
Synthetic Compose build and health	Run docker compose config --quiet	2026-09-23T06:00:53.7592482Z env:
Synthetic Compose build and health	Run docker compose config --quiet	2026-09-23T06:00:53.7592757Z   COMPOSE_PROJECT_NAME: brasileirao-ci-35824710697-1
Synthetic Compose build and health	Run docker compose config --quiet	2026-09-23T06:00:53.7593105Z   EXCHANGE_WEBSOCKET_URL: 
Synthetic Compose build and health	Run docker compose config --quiet	2026-09-23T06:00:53.7593344Z   EXCHANGE_API_KEY: 
Synthetic Compose build and health	Run docker compose config --quiet	2026-09-23T06:00:53.7593802Z   LINEUP_ALLOW_SYNTHETIC_INPUTS: true
Synthetic Compose build and health	Run docker compose config --quiet	2026-09-23T06:00:53.7594183Z   COMPOSE_FILE: /home/runner/work/_temp/compose-synthetic/compose.json
Synthetic Compose build and health	Run docker compose config --quiet	2026-09-23T06:00:53.7594552Z ##[endgroup]
Synthetic Compose build and health	Run docker compose build	﻿2026-09-23T06:00:53.8384458Z ##[group]Run docker compose build
Synthetic Compose build and health	Run docker compose build	2026-09-23T06:00:53.8384827Z ^[[36;1mdocker compose build^[[0m
Synthetic Compose build and health	Run docker compose build	2026-09-23T06:00:53.8423936Z shell: /usr/bin/bash -e {0}
Synthetic Compose build and health	Run docker compose build	2026-09-23T06:00:53.8424206Z env:
Synthetic Compose build and health	Run docker compose build	2026-09-23T06:00:53.8424474Z   COMPOSE_PROJECT_NAME: brasileirao-ci-35824710697-1
Synthetic Compose build and health	Run docker compose build	2026-09-23T06:00:53.8424810Z   EXCHANGE_WEBSOCKET_URL: 
Synthetic Compose build and health	Run docker compose build	2026-09-23T06:00:53.8425055Z   EXCHANGE_API_KEY: 
Synthetic Compose build and health	Run docker compose build	2026-09-23T06:00:53.8425330Z   LINEUP_ALLOW_SYNTHETIC_INPUTS: true
Synthetic Compose build and health	Run docker compose build	2026-09-23T06:00:53.8425738Z   COMPOSE_FILE: /home/runner/work/_temp/compose-synthetic/compose.json
Synthetic Compose build and health	Run docker compose build	2026-09-23T06:00:53.8426113Z ##[endgroup]
Synthetic Compose build and health	Run docker compose build	2026-09-23T06:00:54.1229532Z #1 [internal] load local bake definitions
Synthetic Compose build and health	Run docker compose build	2026-09-23T06:00:54.2253064Z #1 reading from stdin 1.19kB done
Synthetic Compose build and health	Run docker compose build	2026-09-23T06:00:54.2253669Z #1 DONE 0.0s
Synthetic Compose build and health	Run docker compose build	2026-09-23T06:00:54.2254389Z 
Synthetic Compose build and health	Run docker compose build	2026-09-23T06:00:54.2254726Z #2 [init-data internal] load build definition from Dockerfile.cli
Synthetic Compose build and health	Run docker compose build	2026-09-23T06:00:54.2255285Z #2 transferring dockerfile: 1.38kB done
Synthetic Compose build and health	Run docker compose build	2026-09-23T06:00:54.2255664Z #2 DONE 0.0s
Synthetic Compose build and health	Run docker compose build	2026-09-23T06:00:54.2255845Z 
Synthetic Compose build and health	Run docker compose build	2026-09-23T06:00:54.2256184Z #3 [kernel internal] load build definition from Dockerfile.kernel
Synthetic Compose build and health	Run docker compose build	2026-09-23T06:00:54.2256738Z #3 transferring dockerfile: 1.42kB done
Synthetic Compose build and health	Run docker compose build	2026-09-23T06:00:54.2257122Z #3 DONE 0.0s
Synthetic Compose build and health	Run docker compose build	2026-09-23T06:00:54.2257297Z 
Synthetic Compose build and health	Run docker compose build	2026-09-23T06:00:54.2257543Z #4 [worker internal] load build definition from Dockerfile.worker
Synthetic Compose build and health	Run docker compose build	2026-09-23T06:00:54.2258106Z #4 transferring dockerfile: 596B done
Synthetic Compose build and health	Run docker compose build	2026-09-23T06:00:54.2258485Z #4 DONE 0.0s
Synthetic Compose build and health	Run docker compose build	2026-09-23T06:00:54.2258653Z 
Synthetic Compose build and health	Run docker compose build	2026-09-23T06:00:54.2259036Z #5 [kernel internal] load metadata for docker.io/library/python:3.14.7-slim-bookworm
Synthetic Compose build and health	Run docker compose build	2026-09-23T06:00:54.3592794Z #5 ...
Synthetic Compose build and health	Run docker compose build	2026-09-23T06:00:54.3593078Z 
Synthetic Compose build and health	Run docker compose build	2026-09-23T06:00:54.3593424Z #6 [worker internal] load metadata for mcr.microsoft.com/dotnet/runtime:10.0
Synthetic Compose build and health	Run docker compose build	2026-09-23T06:00:54.3593997Z #6 DONE 0.1s
Synthetic Compose build and health	Run docker compose build	2026-09-23T06:00:54.3594142Z 
Synthetic Compose build and health	Run docker compose build	2026-09-23T06:00:54.3594405Z #5 [init-data internal] load metadata for docker.io/library/python:3.14.7-slim-bookworm
Synthetic Compose build and health	Run docker compose build	2026-09-23T06:00:54.4810537Z #5 ...
Synthetic Compose build and health	Run docker compose build	2026-09-23T06:00:54.4811062Z 
Synthetic Compose build and health	Run docker compose build	2026-09-23T06:00:54.4811388Z #7 [worker internal] load metadata for mcr.microsoft.com/dotnet/sdk:10.0
Synthetic Compose build and health	Run docker compose build	2026-09-23T06:00:54.4811912Z #7 DONE 0.1s
Synthetic Compose build and health	Run docker compose build	2026-09-23T06:00:54.4812066Z 
Synthetic Compose build and health	Run docker compose build	2026-09-23T06:00:54.4812208Z #8 [worker internal] load .dockerignore
Synthetic Compose build and health	Run docker compose build	2026-09-23T06:00:54.4812507Z #8 transferring context: 824B done
Synthetic Compose build and health	Run docker compose build	2026-09-23T06:00:54.4812753Z #8 DONE 0.0s
Synthetic Compose build and health	Run docker compose build	2026-09-23T06:00:54.4812867Z 
Synthetic Compose build and health	Run docker compose build	2026-09-23T06:00:54.4813027Z #9 [auth] library/python:pull token for registry-1.docker.io
Synthetic Compose build and health	Run docker compose build	2026-09-23T06:00:54.4813355Z #9 DONE 0.0s
Synthetic Compose build and health	Run docker compose build	2026-09-23T06:00:54.4813460Z 
Synthetic Compose build and health	Run docker compose build	2026-09-23T06:00:54.4813568Z #10 [worker internal] load build context
Synthetic Compose build and health	Run docker compose build	2026-09-23T06:00:54.4813859Z #10 transferring context: 131.20kB 0.0s done
Synthetic Compose build and health	Run docker compose build	2026-09-23T06:00:54.4814123Z #10 DONE 0.0s
Synthetic Compose build and health	Run docker compose build	2026-09-23T06:00:54.5814785Z 
Synthetic Compose build and health	Run docker compose build	2026-09-23T06:00:54.5816901Z #11 [worker stage-1 1/3] FROM mcr.microsoft.com/dotnet/runtime:10.0@sha256:ff17a18b639a0327e52c7c296fa2e1abe6e03eb61d8121a8ef67cc6aa430a27e
Synthetic Compose build and health	Run docker compose build	2026-09-23T06:00:54.5818691Z #11 resolve mcr.microsoft.com/dotnet/runtime:10.0@sha256:ff17a18b639a0327e52c7c296fa2e1abe6e03eb61d8121a8ef67cc6aa430a27e done
Synthetic Compose build and health	Run docker compose build	2026-09-23T06:00:54.5819955Z #11 sha256:ff17a18b639a0327e52c7c296fa2e1abe6e03eb61d8121a8ef67cc6aa430a27e 1.08kB / 1.08kB done
Synthetic Compose build and health	Run docker compose build	2026-09-23T06:00:54.5821230Z #11 sha256:e125f77d6e4d196bc58af5c062e9e29f208435499a50b9f6b43cfd837ac27dc8 1.37kB / 1.37kB done
Synthetic Compose build and health	Run docker compose build	2026-09-23T06:00:54.5822268Z #11 sha256:2e3b0133bcb758844b5f4e664e4260bc9d2f1293572816f5c3d13f89b4608c96 2.75kB / 2.75kB done
Synthetic Compose build and health	Run docker compose build	2026-09-23T06:00:54.5823333Z #11 sha256:a60ef8ec184edb5ed91f5983f00261359fb2fe20f603e8d488b9477d32fcad70 29.76MB / 29.76MB 0.2s done
Synthetic Compose build and health	Run docker compose build	2026-09-23T06:00:54.5824471Z #11 sha256:ea6cb4dbc0441ebd0533ffbd6a74ab2beda50e0405abcf7f0970e98d50e7cb1c 16.78MB / 16.78MB 0.2s done
Synthetic Compose build and health	Run docker compose build	2026-09-23T06:00:54.5825614Z #11 sha256:a5cebd405655232f15f734db62490e47124a0cb581430165b95a94181e7fc914 3.57kB / 3.57kB 0.1s done
Synthetic Compose build and health	Run docker compose build	2026-09-23T06:00:54.5827066Z #11 sha256:6b5ca14511f7caa4a8cfbe9a3b02f35dcc941eb7f35268face0d5633b659e6aa 15.73MB / 36.60MB 0.2s
Synthetic Compose build and health	Run docker compose build	2026-09-23T06:00:54.5828134Z #11 sha256:5e69a756d7854bdeaa612af1a66cfab8c8ea5b496b704eeb9fac5ec3ff5e7118 0B / 155B 0.2s
Synthetic Compose build and health	Run docker compose build	2026-09-23T06:00:54.6818530Z #11 extracting sha256:a60ef8ec184edb5ed91f5983f00261359fb2fe20f603e8d488b9477d32fcad70
Synthetic Compose build and health	Run docker compose build	2026-09-23T06:00:55.2709208Z #11 ...
Synthetic Compose build and health	Run docker compose build	2026-09-23T06:00:55.2712198Z 
Synthetic Compose build and health	Run docker compose build	2026-09-23T06:00:55.2712857Z #8 [init-data internal] load .dockerignore
Synthetic Compose build and health	Run docker compose build	2026-09-23T06:00:55.2713588Z #8 transferring context: 824B done
Synthetic Compose build and health	Run docker compose build	2026-09-23T06:00:55.2713976Z #8 DONE 0.0s
Synthetic Compose build and health	Run docker compose build	2026-09-23T06:00:55.2714293Z 
Synthetic Compose build and health	Run docker compose build	2026-09-23T06:00:55.2714681Z #5 [init-data internal] load metadata for docker.io/library/python:3.14.7-slim-bookworm
Synthetic Compose build and health	Run docker compose build	2026-09-23T06:00:55.2715556Z #5 DONE 1.0s
Synthetic Compose build and health	Run docker compose build	2026-09-23T06:00:55.2715728Z 
Synthetic Compose build and health	Run docker compose build	2026-09-23T06:00:55.2716009Z #12 [kernel internal] load build context
Synthetic Compose build and health	Run docker compose build	2026-09-23T06:00:55.2716411Z #12 DONE 0.0s
Synthetic Compose build and health	Run docker compose build	2026-09-23T06:00:55.3734576Z 
Synthetic Compose build and health	Run docker compose build	2026-09-23T06:00:55.3735302Z #12 [init-data internal] load build context
Synthetic Compose build and health	Run docker compose build	2026-09-23T06:00:55.3736375Z #12 transferring context: 1.94MB 0.1s done
Synthetic Compose build and health	Run docker compose build	2026-09-23T06:00:55.3737172Z #12 DONE 0.1s
Synthetic Compose build and health	Run docker compose build	2026-09-23T06:00:55.3737396Z 
Synthetic Compose build and health	Run docker compose build	2026-09-23T06:00:55.3739039Z #13 [kernel builder 1/8] FROM docker.io/library/python:3.14.7-slim-bookworm@sha256:82bc3c539b8813ada9d68c63b40158fa002f7f33de9bf3312a3dfdc0620dff56
Synthetic Compose build and health	Run docker compose build	2026-09-23T06:00:55.3740594Z #13 resolve docker.io/library/python:3.14.7-slim-bookworm@sha256:82bc3c539b8813ada9d68c63b40158fa002f7f33de9bf3312a3dfdc0620dff56 done
Synthetic Compose build and health	Run docker compose build	2026-09-23T06:00:55.3761417Z #13 sha256:82bc3c539b8813ada9d68c63b40158fa002f7f33de9bf3312a3dfdc0620dff56 6.54kB / 6.54kB done
Synthetic Compose build and health	Run docker compose build	2026-09-23T06:00:55.3762567Z #13 sha256:998acd06f485adfd6890e3e15a4b542543e0cf22ff904310095da328a5e3e561 1.75kB / 1.75kB done
Synthetic Compose build and health	Run docker compose build	2026-09-23T06:00:55.3763642Z #13 sha256:2257b5221f82e75e6dc53c8bd26c29fcd62ec335d7e0fe08794c6bde4e482af8 4.96kB / 4.96kB done
Synthetic Compose build and health	Run docker compose build	2026-09-23T06:00:55.3764647Z #13 sha256:774043ccc8ccd0d0833a9ee0792142ab7ad93df971e59dd248fbf82db16d0150 0B / 28.24MB 0.1s
Synthetic Compose build and health	Run docker compose build	2026-09-23T06:00:55.3765652Z #13 sha256:fae0687378166d85bd7a79c473f4e776ea39cda1597f6af0d0963bce09f03820 0B / 3.53MB 0.1s
Synthetic Compose build and health	Run docker compose build	2026-09-23T06:00:55.4813388Z #13 sha256:82bc3c539b8813ada9d68c63b40158fa002f7f33de9bf3312a3dfdc0620dff56 6.54kB / 6.54kB done
Synthetic Compose build and health	Run docker compose build	2026-09-23T06:00:55.4814670Z #13 sha256:998acd06f485adfd6890e3e15a4b542543e0cf22ff904310095da328a5e3e561 1.75kB / 1.75kB done
Synthetic Compose build and health	Run docker compose build	2026-09-23T06:00:55.4815446Z #13 sha256:2257b5221f82e75e6dc53c8bd26c29fcd62ec335d7e0fe08794c6bde4e482af8 4.96kB / 4.96kB done
Synthetic Compose build and health	Run docker compose build	2026-09-23T06:00:55.6640490Z #13 sha256:774043ccc8ccd0d0833a9ee0792142ab7ad93df971e59dd248fbf82db16d0150 10.49MB / 28.24MB 0.3s
Synthetic Compose build and health	Run docker compose build	2026-09-23T06:00:55.6641718Z #13 sha256:fae0687378166d85bd7a79c473f4e776ea39cda1597f6af0d0963bce09f03820 1.05MB / 3.53MB 0.3s
Synthetic Compose build and health	Run docker compose build	2026-09-23T06:00:55.7735977Z #13 sha256:774043ccc8ccd0d0833a9ee0792142ab7ad93df971e59dd248fbf82db16d0150 28.24MB / 28.24MB 0.4s done
Synthetic Compose build and health	Run docker compose build	2026-09-23T06:00:55.7737208Z #13 sha256:fae0687378166d85bd7a79c473f4e776ea39cda1597f6af0d0963bce09f03820 3.53MB / 3.53MB 0.3s done
Synthetic Compose build and health	Run docker compose build	2026-09-23T06:00:55.7738295Z #13 sha256:e5c850752c51d87dbacfd0037c1582fa5940f3ffa241d22bd07bfd3d315bc902 0B / 13.04MB 0.5s
Synthetic Compose build and health	Run docker compose build	2026-09-23T06:00:55.7739308Z #13 sha256:1cb952ef300203f205062c860df00582c23c719ed6c0f578f962332d23c6a3ab 250B / 250B 0.4s done
Synthetic Compose build and health	Run docker compose build	2026-09-23T06:00:55.7740306Z #13 extracting sha256:774043ccc8ccd0d0833a9ee0792142ab7ad93df971e59dd248fbf82db16d0150
Synthetic Compose build and health	Run docker compose build	2026-09-23T06:00:55.9142511Z #13 sha256:e5c850752c51d87dbacfd0037c1582fa5940f3ffa241d22bd07bfd3d315bc902 13.04MB / 13.04MB 0.5s done
Synthetic Compose build and health	Run docker compose build	2026-09-23T06:00:55.9144087Z #13 sha256:1cb952ef300203f205062c860df00582c23c719ed6c0f578f962332d23c6a3ab 250B / 250B 0.4s done
Synthetic Compose build and health	Run docker compose build	2026-09-23T06:00:56.8461238Z #13 extracting sha256:774043ccc8ccd0d0833a9ee0792142ab7ad93df971e59dd248fbf82db16d0150 1.2s done
Synthetic Compose build and health	Run docker compose build	2026-09-23T06:00:57.0297953Z #13 extracting sha256:774043ccc8ccd0d0833a9ee0792142ab7ad93df971e59dd248fbf82db16d0150 1.2s done
Synthetic Compose build and health	Run docker compose build	2026-09-23T06:00:57.0299318Z #13 extracting sha256:fae0687378166d85bd7a79c473f4e776ea39cda1597f6af0d0963bce09f03820 0.1s
Synthetic Compose build and health	Run docker compose build	2026-09-23T06:00:57.6698179Z #13 extracting sha256:fae0687378166d85bd7a79c473f4e776ea39cda1597f6af0d0963bce09f03820 0.6s done
Synthetic Compose build and health	Run docker compose build	2026-09-23T06:00:58.0249821Z #13 extracting sha256:e5c850752c51d87dbacfd0037c1582fa5940f3ffa241d22bd07bfd3d315bc902
Synthetic Compose build and health	Run docker compose build	2026-09-23T06:00:59.2853324Z #13 extracting sha256:e5c850752c51d87dbacfd0037c1582fa5940f3ffa241d22bd07bfd3d315bc902 1.1s done
Synthetic Compose build and health	Run docker compose build	2026-09-23T06:00:59.8247667Z #13 extracting sha256:1cb952ef300203f205062c860df00582c23c719ed6c0f578f962332d23c6a3ab
Synthetic Compose build and health	Run docker compose build	2026-09-23T06:00:59.9607404Z #13 extracting sha256:1cb952ef300203f205062c860df00582c23c719ed6c0f578f962332d23c6a3ab done
Synthetic Compose build and health	Run docker compose build	2026-09-23T06:00:59.9608562Z #13 DONE 4.6s
Synthetic Compose build and health	Run docker compose build	2026-09-23T06:00:59.9608963Z 
Synthetic Compose build and health	Run docker compose build	2026-09-23T06:00:59.9609465Z #14 [init-data stage-1 2/4] RUN useradd --system --uid 10001 --create-home app
Synthetic Compose build and health	Run docker compose build	2026-09-23T06:01:00.0654083Z #14 0.204 useradd warning: app's uid 10001 is greater than SYS_UID_MAX 999
Synthetic Compose build and health	Run docker compose build	2026-09-23T06:01:00.1708357Z #14 DONE 0.2s
Synthetic Compose build and health	Run docker compose build	2026-09-23T06:01:00.1708876Z 
Synthetic Compose build and health	Run docker compose build	2026-09-23T06:01:00.1709785Z #15 [worker build 1/7] FROM mcr.microsoft.com/dotnet/sdk:10.0@sha256:35d40304542c8689331f8cab17c65926cdf48fe711e289321d71924b230a7d29
Synthetic Compose build and health	Run docker compose build	2026-09-23T06:01:00.1711589Z #15 resolve mcr.microsoft.com/dotnet/sdk:10.0@sha256:35d40304542c8689331f8cab17c65926cdf48fe711e289321d71924b230a7d29 done
Synthetic Compose build and health	Run docker compose build	2026-09-23T06:01:00.1713028Z #15 sha256:35d40304542c8689331f8cab17c65926cdf48fe711e289321d71924b230a7d29 1.08kB / 1.08kB done
Synthetic Compose build and health	Run docker compose build	2026-09-23T06:01:00.1714246Z #15 sha256:28e7a5db4f5d40cc805acd939a065668ba2e17d697a09153054dce98db240d0e 2.64kB / 2.64kB done
Synthetic Compose build and health	Run docker compose build	2026-09-23T06:01:00.1715531Z #15 sha256:ea6cb4dbc0441ebd0533ffbd6a74ab2beda50e0405abcf7f0970e98d50e7cb1c 16.78MB / 16.78MB 0.2s done
Synthetic Compose build and health	Run docker compose build	2026-09-23T06:01:00.1716815Z #15 sha256:9087b2e7762d148ff39cbf3766cd7fffe608dbd9990c8673c2cbb77f6eacd82f 5.64kB / 5.64kB done
Synthetic Compose build and health	Run docker compose build	2026-09-23T06:01:00.1718094Z #15 sha256:a60ef8ec184edb5ed91f5983f00261359fb2fe20f603e8d488b9477d32fcad70 29.76MB / 29.76MB 0.2s done
Synthetic Compose build and health	Run docker compose build	2026-09-23T06:01:00.1719383Z #15 sha256:a5cebd405655232f15f734db62490e47124a0cb581430165b95a94181e7fc914 3.57kB / 3.57kB 0.1s done
Synthetic Compose build and health	Run docker compose build	2026-09-23T06:01:00.1720840Z #15 sha256:6b5ca14511f7caa4a8cfbe9a3b02f35dcc941eb7f35268face0d5633b659e6aa 36.60MB / 36.60MB 0.3s done
Synthetic Compose build and health	Run docker compose build	2026-09-23T06:01:00.1722188Z #15 sha256:5e69a756d7854bdeaa612af1a66cfab8c8ea5b496b704eeb9fac5ec3ff5e7118 155B / 155B 0.2s done
Synthetic Compose build and health	Run docker compose build	2026-09-23T06:01:00.1723518Z #15 sha256:900a7e4f4a95ace020db70e2884d34b23086c5b30cfb33f7649ba218e4813d4c 12.74MB / 12.74MB 0.3s done
Synthetic Compose build and health	Run docker compose build	2026-09-23T06:01:00.1724828Z #15 sha256:8ebcd0b81eab9c66536808cb48a6a8e712d8a1a9bed1a7a9c0d9fac76a797754 189.60MB / 189.60MB 1.2s done
Synthetic Compose build and health	Run docker compose build	2026-09-23T06:01:00.1726204Z #15 sha256:bf8d9f0af4cf5add254d88fe495b0612b141d3eb4d42a1eca9f67085516cf8a7 23.83MB / 23.83MB 0.3s done
Synthetic Compose build and health	Run docker compose build	2026-09-23T06:01:00.1727429Z #15 sha256:3764d0bde8e56f9d1f8484738536609feaf082dc402901650dc083cc306ad317 21.02MB / 21.02MB 0.4s done
Synthetic Compose build and health	Run docker compose build	2026-09-23T06:01:00.1728650Z #15 sha256:5fe2b873c8840e85db37b83eb4f7306fc7b406e2714b68f4231520f2d5b72d6e 495B / 495B 0.4s done
Synthetic Compose build and health	Run docker compose build	2026-09-23T06:01:00.1729860Z #15 sha256:8ccc63740347e02ec875e83e36c3d87332868b615b4a9d3e63690ab9c61ec3e3 20.57MB / 20.57MB 0.5s done
Synthetic Compose build and health	Run docker compose build	2026-09-23T06:01:00.1731330Z #15 extracting sha256:ea6cb4dbc0441ebd0533ffbd6a74ab2beda50e0405abcf7f0970e98d50e7cb1c 0.1s
Synthetic Compose build and health	Run docker compose build	2026-09-23T06:01:00.6500372Z #15 ...
Synthetic Compose build and health	Run docker compose build	2026-09-23T06:01:00.6501001Z 
Synthetic Compose build and health	Run docker compose build	2026-09-23T06:01:00.6511999Z #11 [worker stage-1 1/3] FROM mcr.microsoft.com/dotnet/runtime:10.0@sha256:ff17a18b639a0327e52c7c296fa2e1abe6e03eb61d8121a8ef67cc6aa430a27e
Synthetic Compose build and health	Run docker compose build	2026-09-23T06:01:00.6513983Z #11 extracting sha256:a60ef8ec184edb5ed91f5983f00261359fb2fe20f603e8d488b9477d32fcad70 1.1s done
Synthetic Compose build and health	Run docker compose build	2026-09-23T06:01:00.6514765Z #11 extracting sha256:ea6cb4dbc0441ebd0533ffbd6a74ab2beda50e0405abcf7f0970e98d50e7cb1c 0.6s done
Synthetic Compose build and health	Run docker compose build	2026-09-23T06:01:00.6515515Z #11 extracting sha256:a5cebd405655232f15f734db62490e47124a0cb581430165b95a94181e7fc914 done
Synthetic Compose build and health	Run docker compose build	2026-09-23T06:01:00.6516233Z #11 extracting sha256:6b5ca14511f7caa4a8cfbe9a3b02f35dcc941eb7f35268face0d5633b659e6aa 0.6s done
Synthetic Compose build and health	Run docker compose build	2026-09-23T06:01:00.6518693Z #11 extracting sha256:5e69a756d7854bdeaa612af1a66cfab8c8ea5b496b704eeb9fac5ec3ff5e7118 done
Synthetic Compose build and health	Run docker compose build	2026-09-23T06:01:00.6519462Z #11 DONE 6.2s
Synthetic Compose build and health	Run docker compose build	2026-09-23T06:01:00.6520108Z 
Synthetic Compose build and health	Run docker compose build	2026-09-23T06:01:00.6520273Z #16 [worker stage-1 2/3] WORKDIR /app
Synthetic Compose build and health	Run docker compose build	2026-09-23T06:01:00.6520915Z #16 DONE 0.0s
Synthetic Compose build and health	Run docker compose build	2026-09-23T06:01:00.6521240Z 
Synthetic Compose build and health	Run docker compose build	2026-09-23T06:01:00.6521869Z #15 [worker build 1/7] FROM mcr.microsoft.com/dotnet/sdk:10.0@sha256:35d40304542c8689331f8cab17c65926cdf48fe711e289321d71924b230a7d29
Synthetic Compose build and health	Run docker compose build	2026-09-23T06:01:00.6523179Z #15 extracting sha256:900a7e4f4a95ace020db70e2884d34b23086c5b30cfb33f7649ba218e4813d4c 0.1s
Synthetic Compose build and health	Run docker compose build	2026-09-23T06:01:00.6523914Z #15 ...
Synthetic Compose build and health	Run docker compose build	2026-09-23T06:01:00.6524076Z 
Synthetic Compose build and health	Run docker compose build	2026-09-23T06:01:02.8666261Z #17 [init-data builder 2/8] RUN pip install --no-cache-dir uv==0.12.1
Synthetic Compose build and health	Run docker compose build	2026-09-23T06:01:02.8666943Z #17 2.945 Collecting uv==0.12.1
Synthetic Compose build and health	Run docker compose build	2026-09-23T06:01:02.9712646Z #17 3.084   Downloading uv-0.12.1-py3-none-manylinux_2_17_x86_64.manylinux2014_x86_64.whl.metadata (11 kB)
Synthetic Compose build and health	Run docker compose build	2026-09-23T06:01:02.9713512Z #17 3.113 Downloading uv-0.12.1-py3-none-manylinux_2_17_x86_64.manylinux2014_x86_64.whl (22.4 MB)
Synthetic Compose build and health	Run docker compose build	2026-09-23T06:01:04.0969727Z #17 4.109    ━━━━━━━━━━━━━━━━━━━━━━━━━━━━━━━━━━━━━━━━ 22.4/22.4 MB 24.1 MB/s  0:00:00
Synthetic Compose build and health	Run docker compose build	2026-09-23T06:01:04.3158835Z #17 4.246 Installing collected packages: uv
Synthetic Compose build and health	Run docker compose build	2026-09-23T06:01:04.4225378Z #17 4.557 Successfully installed uv-0.12.1
Synthetic Compose build and health	Run docker compose build	2026-09-23T06:01:04.4227950Z #17 4.557 WARNING: Running pip as the 'root' user can result in broken permissions and conflicting behaviour with the system package manager, possibly rendering your system unusable. It is recommended to use a virtual environment instead: https://pip.pypa.io/warnings/venv. Use the --root-user-action option if you know what you are doing and want to suppress this warning.
Synthetic Compose build and health	Run docker compose build	2026-09-23T06:01:05.6756167Z #17 DONE 5.7s
Synthetic Compose build and health	Run docker compose build	2026-09-23T06:01:05.6756404Z 
Synthetic Compose build and health	Run docker compose build	2026-09-23T06:01:05.6756532Z #18 [init-data builder 3/8] WORKDIR /build
Synthetic Compose build and health	Run docker compose build	2026-09-23T06:01:05.8347644Z #18 DONE 0.2s
Synthetic Compose build and health	Run docker compose build	2026-09-23T06:01:05.8348581Z 
Synthetic Compose build and health	Run docker compose build	2026-09-23T06:01:05.8349349Z #19 [init-data builder 4/8] COPY pyproject.toml uv.lock README.md ./
Synthetic Compose build and health	Run docker compose build	2026-09-23T06:01:05.8350297Z #19 DONE 0.0s
Synthetic Compose build and health	Run docker compose build	2026-09-23T06:01:05.8350915Z 
Synthetic Compose build and health	Run docker compose build	2026-09-23T06:01:05.8351398Z #20 [init-data builder 5/8] COPY constraints/shared-wheels.sha256 constraints/shared-wheels.sha256
Synthetic Compose build and health	Run docker compose build	2026-09-23T06:01:05.8352154Z #20 DONE 0.0s
Synthetic Compose build and health	Run docker compose build	2026-09-23T06:01:05.8352616Z 
Synthetic Compose build and health	Run docker compose build	2026-09-23T06:01:05.8352950Z #21 [kernel builder 6/8] COPY brasileirao_predictor brasileirao_predictor
Synthetic Compose build and health	Run docker compose build	2026-09-23T06:01:05.8354852Z #21 DONE 0.0s
Synthetic Compose build and health	Run docker compose build	2026-09-23T06:01:05.8354986Z 
Synthetic Compose build and health	Run docker compose build	2026-09-23T06:01:05.8355188Z #22 [kernel builder 7/8] COPY brasileirao_scripts brasileirao_scripts
Synthetic Compose build and health	Run docker compose build	2026-09-23T06:01:05.9527746Z #22 DONE 0.0s
Synthetic Compose build and health	Run docker compose build	2026-09-23T06:01:05.9528363Z 
Synthetic Compose build and health	Run docker compose build	2026-09-23T06:01:05.9533384Z #23 [kernel builder 8/8] RUN python -c "import urllib.request; urllib.request.urlretrieve('https://github.com/leonardosovienski/core-predictor/releases/download/v3.2.1/predictor_core-3.2.1-py3-none-any.whl', 'predictor_core-3.2.1-py3-none-any.whl'); urllib.request.urlretrieve('https://github.com/leonardosovienski/predictor-ops/releases/download/v4.2.1/predictor_ops-4.2.1-py3-none-any.whl', 'predictor_ops-4.2.1-py3-none-any.whl')"     && sha256sum -c constraints/shared-wheels.sha256     && uv export --locked --no-dev --extra kernel --no-emit-project         --format requirements.txt --output-file requirements.lock     && uv build --wheel && uv venv /opt/venv     && uv pip sync --python /opt/venv/bin/python --require-hashes requirements.lock     && uv pip install --python /opt/venv/bin/python --no-deps dist/*.whl
Synthetic Compose build and health	Run docker compose build	2026-09-23T06:01:06.5896884Z #23 ...
Synthetic Compose build and health	Run docker compose build	2026-09-23T06:01:06.5898604Z 
Synthetic Compose build and health	Run docker compose build	2026-09-23T06:01:06.5899544Z #15 [worker build 1/7] FROM mcr.microsoft.com/dotnet/sdk:10.0@sha256:35d40304542c8689331f8cab17c65926cdf48fe711e289321d71924b230a7d29
Synthetic Compose build and health	Run docker compose build	2026-09-23T06:01:06.5901289Z #15 extracting sha256:900a7e4f4a95ace020db70e2884d34b23086c5b30cfb33f7649ba218e4813d4c 0.2s done
Synthetic Compose build and health	Run docker compose build	2026-09-23T06:01:06.5902579Z #15 extracting sha256:bf8d9f0af4cf5add254d88fe495b0612b141d3eb4d42a1eca9f67085516cf8a7 0.9s done
Synthetic Compose build and health	Run docker compose build	2026-09-23T06:01:06.5903840Z #15 extracting sha256:8ebcd0b81eab9c66536808cb48a6a8e712d8a1a9bed1a7a9c0d9fac76a797754 3.7s done
Synthetic Compose build and health	Run docker compose build	2026-09-23T06:01:06.5905077Z #15 extracting sha256:3764d0bde8e56f9d1f8484738536609feaf082dc402901650dc083cc306ad317 0.1s done
Synthetic Compose build and health	Run docker compose build	2026-09-23T06:01:06.5906697Z #15 extracting sha256:5fe2b873c8840e85db37b83eb4f7306fc7b406e2714b68f4231520f2d5b72d6e done
Synthetic Compose build and health	Run docker compose build	2026-09-23T06:01:06.5907908Z #15 extracting sha256:8ccc63740347e02ec875e83e36c3d87332868b615b4a9d3e63690ab9c61ec3e3 0.4s done
Synthetic Compose build and health	Run docker compose build	2026-09-23T06:01:06.5909057Z #15 DONE 12.0s
Synthetic Compose build and health	Run docker compose build	2026-09-23T06:01:06.5909384Z 
Synthetic Compose build and health	Run docker compose build	2026-09-23T06:01:06.5909708Z #24 [worker build 2/7] WORKDIR /src
Synthetic Compose build and health	Run docker compose build	2026-09-23T06:01:06.5910254Z #24 DONE 0.0s
Synthetic Compose build and health	Run docker compose build	2026-09-23T06:01:06.5910581Z 
Synthetic Compose build and health	Run docker compose build	2026-09-23T06:01:06.5911412Z #25 [worker build 3/7] COPY dotnet/LineupWorker/LineupWorker.csproj dotnet/LineupWorker/
Synthetic Compose build and health	Run docker compose build	2026-09-23T06:01:06.5912537Z #25 DONE 0.0s
Synthetic Compose build and health	Run docker compose build	2026-09-23T06:01:06.5912857Z 
Synthetic Compose build and health	Run docker compose build	2026-09-23T06:01:06.5913411Z #26 [worker build 4/7] COPY dotnet/LineupWorker/packages.lock.json dotnet/LineupWorker/
Synthetic Compose build and health	Run docker compose build	2026-09-23T06:01:06.5914231Z #26 DONE 0.0s
Synthetic Compose build and health	Run docker compose build	2026-09-23T06:01:06.7388260Z 
Synthetic Compose build and health	Run docker compose build	2026-09-23T06:01:06.7389376Z #27 [worker build 5/7] RUN dotnet restore dotnet/LineupWorker/LineupWorker.csproj --locked-mode
Synthetic Compose build and health	Run docker compose build	2026-09-23T06:01:07.1944126Z #27 0.755   Determining projects to restore...
Synthetic Compose build and health	Run docker compose build	2026-09-23T06:01:09.5814497Z #27 3.142   Restored /src/dotnet/LineupWorker/LineupWorker.csproj (in 2.03 sec).
Synthetic Compose build and health	Run docker compose build	2026-09-23T06:01:10.0304239Z #27 DONE 3.6s
Synthetic Compose build and health	Run docker compose build	2026-09-23T06:01:10.0309835Z 
Synthetic Compose build and health	Run docker compose build	2026-09-23T06:01:10.0320262Z #23 [kernel builder 8/8] RUN python -c "import urllib.request; urllib.request.urlretrieve('https://github.com/leonardosovienski/core-predictor/releases/download/v3.2.1/predictor_core-3.2.1-py3-none-any.whl', 'predictor_core-3.2.1-py3-none-any.whl'); urllib.request.urlretrieve('https://github.com/leonardosovienski/predictor-ops/releases/download/v4.2.1/predictor_ops-4.2.1-py3-none-any.whl', 'predictor_ops-4.2.1-py3-none-any.whl')"     && sha256sum -c constraints/shared-wheels.sha256     && uv export --locked --no-dev --extra kernel --no-emit-project         --format requirements.txt --output-file requirements.lock     && uv build --wheel && uv venv /opt/venv     && uv pip sync --python /opt/venv/bin/python --require-hashes requirements.lock     && uv pip install --python /opt/venv/bin/python --no-deps dist/*.whl
Synthetic Compose build and health	Run docker compose build	2026-09-23T06:01:10.0330425Z #23 0.944 predictor_core-3.2.1-py3-none-any.whl: OK
Synthetic Compose build and health	Run docker compose build	2026-09-23T06:01:10.0331966Z #23 0.945 predictor_ops-4.2.1-py3-none-any.whl: OK
Synthetic Compose build and health	Run docker compose build	2026-09-23T06:01:10.0332606Z #23 1.029 Using CPython 3.14.7 interpreter at: /usr/local/bin/python3
Synthetic Compose build and health	Run docker compose build	2026-09-23T06:01:10.0333306Z #23 1.351 Resolved 60 packages in 315ms
Synthetic Compose build and health	Run docker compose build	2026-09-23T06:01:10.0334284Z #23 1.352 # This file was autogenerated by uv via the following command:
Synthetic Compose build and health	Run docker compose build	2026-09-23T06:01:10.0335357Z #23 1.352 #    uv export --locked --no-dev --extra kernel --no-emit-project --format requirements.txt --output-file requirements.lock
Synthetic Compose build and health	Run docker compose build	2026-09-23T06:01:10.0336433Z #23 1.352 annotated-types==0.8.0 \
Synthetic Compose build and health	Run docker compose build	2026-09-23T06:01:10.0337292Z #23 1.352     --hash=sha256:13b2beaad985e05e2d6407ee4c4f35590b11f8d693a258a561055cac8f64cab7 \
Synthetic Compose build and health	Run docker compose build	2026-09-23T06:01:10.0341055Z #23 1.352     --hash=sha256:f072f4d804ea359e4eaf198b1af7a8b0943881a87f31bb764f8bf219bb9419e0
Synthetic Compose build and health	Run docker compose build	2026-09-23T06:01:10.0341790Z #23 1.352     # via pydantic
Synthetic Compose build and health	Run docker compose build	2026-09-23T06:01:10.0342165Z #23 1.352 attrs==26.1.0 \
Synthetic Compose build and health	Run docker compose build	2026-09-23T06:01:10.0342856Z #23 1.352     --hash=sha256:c647aa4a12dfbad9333ca4e71fe62ddc36f4e63b2d260a37a8b83d2f043ac309 \
Synthetic Compose build and health	Run docker compose build	2026-09-23T06:01:10.0344072Z #23 1.352     --hash=sha256:d03ceb89cb322a8fd706d4fb91940737b6642aa36998fe130a9bc96c985eff32
Synthetic Compose build and health	Run docker compose build	2026-09-23T06:01:10.0348023Z #23 1.352     # via
Synthetic Compose build and health	Run docker compose build	2026-09-23T06:01:10.0348372Z #23 1.352     #   jsonschema
Synthetic Compose build and health	Run docker compose build	2026-09-23T06:01:10.0348741Z #23 1.352     #   referencing
Synthetic Compose build and health	Run docker compose build	2026-09-23T06:01:10.0349120Z #23 1.352 certifi==2026.7.22 \
Synthetic Compose build and health	Run docker compose build	2026-09-23T06:01:10.0352017Z #23 1.352     --hash=sha256:62f22742b58a1a33014a2b6b706588a8d7e2a88ae7bd1a6ebe8c992928483775 \
Synthetic Compose build and health	Run docker compose build	2026-09-23T06:01:10.0353361Z #23 1.352     --hash=sha256:741e2c3b351ddf169a738da9f2c048608ff7f2c5cc02f1ebc6b118bb090d5d55
Synthetic Compose build and health	Run docker compose build	2026-09-23T06:01:10.0354086Z #23 1.352     # via requests
Synthetic Compose build and health	Run docker compose build	2026-09-23T06:01:10.0354472Z #23 1.352 charset-normalizer==3.5.1 \
Synthetic Compose build and health	Run docker compose build	2026-09-23T06:01:10.0355165Z #23 1.352     --hash=sha256:01e93745f7f219b703b60ba7afead36cfc4242782be5af484673fc500df12da5 \
Synthetic Compose build and health	Run docker compose build	2026-09-23T06:01:10.0356809Z #23 1.352     --hash=sha256:09a7bba9f739468c8e78c36a75c33768e53cb1959fc638f510454c14683f00d5 \
Synthetic Compose build and health	Run docker compose build	2026-09-23T06:01:10.0357784Z #23 1.352     --hash=sha256:0c6dfb5ca6723eeed15aa8e564a014d69fcb8812f94eef11fe3631e0508199f5 \
Synthetic Compose build and health	Run docker compose build	2026-09-23T06:01:10.0359069Z #23 1.352     --hash=sha256:0d929fc574b4d6fd9e7c0f5c2ede8716a41911923aa7fa5fce38e0818aa4a1ac \
Synthetic Compose build and health	Run docker compose build	2026-09-23T06:01:10.0360011Z #23 1.352     --hash=sha256:15f024313246a4ed976c60f440bb8d257815513a681d212ff74fd46f7d715a90 \
Synthetic Compose build and health	Run docker compose build	2026-09-23T06:01:10.0361318Z #23 1.352     --hash=sha256:1f5883d77fd409a261abb5dc8ccbe335720d798b1de4abb3b1d47ccbbc76b53b \
Synthetic Compose build and health	Run docker compose build	2026-09-23T06:01:10.0362279Z #23 1.352     --hash=sha256:256dd4d85d9e4dc595e2bc983c980e73f62ddeb3165c58b4c3dfe78c5c8548c1 \
Synthetic Compose build and health	Run docker compose build	2026-09-23T06:01:10.0364724Z #23 1.352     --hash=sha256:26422d45fd13551cf564c58932f7d72b4f58b93b0fcf18c35ba6be12b46bb102 \
Synthetic Compose build and health	Run docker compose build	2026-09-23T06:01:10.0365807Z #23 1.352     --hash=sha256:2bced4061f000f7187254a02ad3433ae17eaf991747ceea2f478422590a5bba9 \
Synthetic Compose build and health	Run docker compose build	2026-09-23T06:01:10.0367783Z #23 1.352     --hash=sha256:2f06b7eae9dbe77fe1d644ca244dad508de8d302870a43f3c559b521270938a0 \
Synthetic Compose build and health	Run docker compose build	2026-09-23T06:01:10.0369980Z #23 1.352     --hash=sha256:2f293479cce755c75f1697e87c409b7ae4c555c7dfecb6e988ad13abba943031 \
Synthetic Compose build and health	Run docker compose build	2026-09-23T06:01:10.0400413Z #23 1.352     --hash=sha256:329fc3ccb63ad22d867d84c2adea759a64079a37ba4a343433b02c7a2816871e \
Synthetic Compose build and health	Run docker compose build	2026-09-23T06:01:10.0401615Z #23 1.352     --hash=sha256:343fb4f2821043bd87095f7b08a1a181febc8e36ac64212143bbfd0a0e1bc235 \
Synthetic Compose build and health	Run docker compose build	2026-09-23T06:01:10.0402534Z #23 1.352     --hash=sha256:3588e376b3ea2eea84976f67273d679f229e24c66dce7b82ae45aef04ff6e072 \
Synthetic Compose build and health	Run docker compose build	2026-09-23T06:01:10.0403478Z #23 1.352     --hash=sha256:35fe081843b35aad20ffeccec3eeffbe637b15d14f3fb22cc1b59cd8ec17e93c \
Synthetic Compose build and health	Run docker compose build	2026-09-23T06:01:10.0404441Z #23 1.352     --hash=sha256:36047af20e17097c3bb9476c2b7655f2f7aa51322c0ba58c07695bedf755a950 \
Synthetic Compose build and health	Run docker compose build	2026-09-23T06:01:10.0405361Z #23 1.352     --hash=sha256:394fea06235c8543390050ed5f529187074b029fb027213f6c46ac11ab5d950e \
Synthetic Compose build and health	Run docker compose build	2026-09-23T06:01:10.0406308Z #23 1.352     --hash=sha256:41876ee62a3dddf48ff1121ad8f0798032aa03f2fd35f21f34a4cab14f18d8d2 \
Synthetic Compose build and health	Run docker compose build	2026-09-23T06:01:10.0408061Z #23 1.352     --hash=sha256:485a0d363cafefcd2538a73c7c838daa2035f09b2c9f9b5e3133f80c6aeb84c2 \
Synthetic Compose build and health	Run docker compose build	2026-09-23T06:01:10.0408958Z #23 1.352     --hash=sha256:496846868fea80e479324862fa877f02411f2fd0f83b79ccee2607aa68b2a032 \
Synthetic Compose build and health	Run docker compose build	2026-09-23T06:01:10.0411106Z #23 1.352     --hash=sha256:4b599739b93b2cbeded49645ae3c8d1405c29ddfbceac1545c87a3f9580a9e96 \
Synthetic Compose build and health	Run docker compose build	2026-09-23T06:01:10.0412606Z #23 1.352     --hash=sha256:4bea7f8ebe90bbd7f0e4a2de42ca6924ba23e3e76418c408ff82f1d46fabd687 \
Synthetic Compose build and health	Run docker compose build	2026-09-23T06:01:10.0413551Z #23 1.352     --hash=sha256:4c4fb141a727957c93edfe5c32a26ceb6b5f6461d67146e2d39f51e16170bea8 \
Synthetic Compose build and health	Run docker compose build	2026-09-23T06:01:10.0414488Z #23 1.352     --hash=sha256:4c9548dc78002099910abaebc0a72ac58b7d30931869e0351c09b507dff4ece3 \
Synthetic Compose build and health	Run docker compose build	2026-09-23T06:01:10.0419798Z #23 1.352     --hash=sha256:4f298bdadb8f0b9e5672877f647d1be9373ef5320c9e2f049795e26cad28b6a9 \
Synthetic Compose build and health	Run docker compose build	2026-09-23T06:01:10.0421009Z #23 1.352     --hash=sha256:52ec005752a56ae79547a05c0139ca2501a0c866390b6115008456b9f0e7cde1 \
Synthetic Compose build and health	Run docker compose build	2026-09-23T06:01:10.0421936Z #23 1.352     --hash=sha256:58d3e12c88e0950bca850ae1f7c256055c097639c2edb9eb123af9807d8b15e4 \
Synthetic Compose build and health	Run docker compose build	2026-09-23T06:01:10.0422838Z #23 1.352     --hash=sha256:58d4aa13a59c969dbfdf9e6a9560e242cbfd9e8a8f50c2747714df1a423adf65 \
Synthetic Compose build and health	Run docker compose build	2026-09-23T06:01:10.0423833Z #23 1.352     --hash=sha256:5c0ea61a470e070686aa30892fed79e297d2c8d0ab46b8bcdf027d38c51da591 \
Synthetic Compose build and health	Run docker compose build	2026-09-23T06:01:10.0425719Z #23 1.352     --hash=sha256:6117b84ea48435e5356dc737f5121485c30920ba43375fa7b434fd753df0eac3 \
Synthetic Compose build and health	Run docker compose build	2026-09-23T06:01:10.0427200Z #23 1.352     --hash=sha256:62b55f6722735a6c472f88361cde6640608773d9443cebdbb51abf436a1fcdd3 \
Synthetic Compose build and health	Run docker compose build	2026-09-23T06:01:10.0428127Z #23 1.352     --hash=sha256:6b7430cf5728e68f6c462254009a6ef4086e1bea43cf2f57aa9c55fb4f50ff96 \
Synthetic Compose build and health	Run docker compose build	2026-09-23T06:01:10.0429074Z #23 1.352     --hash=sha256:6c9cdde8becb25a7fde49924511aa2644d6f8081cc8df8e9452724303348d8e3 \
Synthetic Compose build and health	Run docker compose build	2026-09-23T06:01:10.0429980Z #23 1.352     --hash=sha256:6df0ec430f9a831772c23ca5a224cba36517a58a84bb32c32bb59a9fa67c47f6 \
Synthetic Compose build and health	Run docker compose build	2026-09-23T06:01:10.0431426Z #23 1.352     --hash=sha256:70055ff39b97c99e7ae40ea3e393fb62aa2e44dbd9b29f8d14f42fb0025c3959 \
Synthetic Compose build and health	Run docker compose build	2026-09-23T06:01:10.0432372Z #23 1.352     --hash=sha256:774d157f112367ff4abd29019f38f023c24e00e56edc7829c20e358a5a913ad8 \
Synthetic Compose build and health	Run docker compose build	2026-09-23T06:01:10.0433506Z #23 1.352     --hash=sha256:7ac76cf9afd34929d76eb7fcb63be476a4853d8a96f0dcf2d0db68a0cbdf9885 \
Synthetic Compose build and health	Run docker compose build	2026-09-23T06:01:10.0434407Z #23 1.352     --hash=sha256:823f82903d189af463d7df250ef1f7f696f3cee08cc8d91deb565e8d425f6506 \
Synthetic Compose build and health	Run docker compose build	2026-09-23T06:01:10.0435343Z #23 1.352     --hash=sha256:85d5855daafc240cc045c026d7a15fd198a09b0fc8ff6f5ecbb5297b509cb11e \
Synthetic Compose build and health	Run docker compose build	2026-09-23T06:01:10.0436299Z #23 1.352     --hash=sha256:87e4f41d375c0b9be2fb5251aee4b8a689169e134535aed81bf085c3b647451e \
Synthetic Compose build and health	Run docker compose build	2026-09-23T06:01:10.0437218Z #23 1.352     --hash=sha256:88ca277405c2d3b71c4e1c2ee0e7966e807bcba86a69d11e19ba199d18ae4491 \
Synthetic Compose build and health	Run docker compose build	2026-09-23T06:01:10.0438160Z #23 1.352     --hash=sha256:90b7481fb62fbe172c558bc6fd1c4c98d82004a54a7551f20e11ac9bf0b8708c \
Synthetic Compose build and health	Run docker compose build	2026-09-23T06:01:10.0439138Z #23 1.353     --hash=sha256:9362dd90aa7dab48c0054a21187791ccf05473f7dba5d92b8033ae62164675e7 \
Synthetic Compose build and health	Run docker compose build	2026-09-23T06:01:10.0440242Z #23 1.353     --hash=sha256:94d78ecec2605a8d0398b0f365d5f12a63248438516f5dac536a5eff7337df4a \
Synthetic Compose build and health	Run docker compose build	2026-09-23T06:01:10.0441395Z #23 1.353     --hash=sha256:977cdbd483a9cff38179bea4fd754289a6f2195c7abd414aba85410b3e66cc5e \
Synthetic Compose build and health	Run docker compose build	2026-09-23T06:01:10.0443965Z #23 1.353     --hash=sha256:9ac4444d8d4fd4c4bd08bf451ed3167aa9e7ec6cdb41b648794f1d1103652e36 \
Synthetic Compose build and health	Run docker compose build	2026-09-23T06:01:10.0444956Z #23 1.353     --hash=sha256:9d9a0dc7cbe9bec24c3f767c9122c41fe5a1bc43f47cd099d00d393e09769de4 \
Synthetic Compose build and health	Run docker compose build	2026-09-23T06:01:10.0447003Z #23 1.353     --hash=sha256:9eea3ab2597a5e65fe65296e2d6a84570845a6b55532d90333d740d48bbc850a \
Synthetic Compose build and health	Run docker compose build	2026-09-23T06:01:10.0447957Z #23 1.353     --hash=sha256:a2028475ba855475b8b4d3cfeb4994269c967aea8b9892dfba907f4263a863a3 \
Synthetic Compose build and health	Run docker compose build	2026-09-23T06:01:10.0449870Z #23 1.353     --hash=sha256:a3a370082ce34d0612f421e15fe011c53bb1feff21a26d06ad4fb244dab5a375 \
Synthetic Compose build and health	Run docker compose build	2026-09-23T06:01:10.0451117Z #23 1.353     --hash=sha256:a6dac12ff6b846103483683f60c5f8fee205121adc58ffd87e90a90a3af69e99 \
Synthetic Compose build and health	Run docker compose build	2026-09-23T06:01:10.0452113Z #23 1.353     --hash=sha256:ab743e9bc90c1f73552ec33e10e3331315acd2c397b36065b591b0181de533cc \
Synthetic Compose build and health	Run docker compose build	2026-09-23T06:01:10.0453027Z #23 1.353     --hash=sha256:acaf604462bf330b0d07e7a07c1d6e4adac79e5fb13e9c5140590542cafacc00 \
Synthetic Compose build and health	Run docker compose build	2026-09-23T06:01:10.0453937Z #23 1.353     --hash=sha256:ae4a097991662cd4fff0ddc74e0fe7874f82e00042fa0ea00855645ed0c79598 \
Synthetic Compose build and health	Run docker compose build	2026-09-23T06:01:10.0459356Z #23 1.353     --hash=sha256:aea996a6aba25260827c9ea511d1addfde2da9eb686ac961838509086188b7e6 \
Synthetic Compose build and health	Run docker compose build	2026-09-23T06:01:10.0460320Z #23 1.353     --hash=sha256:b39b69b347e5e47a3b5b8cfc005c68c1ba347474e3960236c4944a8ecd174962 \
Synthetic Compose build and health	Run docker compose build	2026-09-23T06:01:10.0461393Z #23 1.353     --hash=sha256:bb57753e36e4855b8ca375069482250a6246372331a3e4f3407eaebb007443f5 \
Synthetic Compose build and health	Run docker compose build	2026-09-23T06:01:10.0464586Z #23 1.353     --hash=sha256:c010f5581d9c612804cc59fcf7b524b707fbcb72828551237ab545bb5c7034af \
Synthetic Compose build and health	Run docker compose build	2026-09-23T06:01:10.0465569Z #23 1.353     --hash=sha256:c428c6c31eb5f4277d7f8eccaf767fbd548ddd5ce3c8b4f4cbbfab3d96b5904c \
Synthetic Compose build and health	Run docker compose build	2026-09-23T06:01:10.0467190Z #23 1.353     --hash=sha256:c658c50ac0c98cd755a2dd50b7977d3bca7df401dcc47fbdfa87db53ef7d4e8b \
Synthetic Compose build and health	Run docker compose build	2026-09-23T06:01:10.0469576Z #23 1.353     --hash=sha256:c71fb0d56c920c269cd3e2e3fe7c610e3f1fdb21a6ce60efa6430ff63676cea6 \
Synthetic Compose build and health	Run docker compose build	2026-09-23T06:01:10.0471624Z #23 1.353     --hash=sha256:cee5dd7c6fb5dd52a0fe2a740f9bc6e3593f5f8b1788bde49de02086f30182b2 \
Synthetic Compose build and health	Run docker compose build	2026-09-23T06:01:10.0473354Z #23 1.353     --hash=sha256:d59b75732e9b6f27388e10c14b0259cc5f2e48c78627d185e6a177b58ad3cffe \
Synthetic Compose build and health	Run docker compose build	2026-09-23T06:01:10.0474333Z #23 1.353     --hash=sha256:d63600d620ad0064c3a748b950ac5ea38a80190e5498532efefa4b7b3f1da1f3 \
Synthetic Compose build and health	Run docker compose build	2026-09-23T06:01:10.0475250Z #23 1.353     --hash=sha256:dd732602a7009217f658d5863d12d79d373a4de0eebc111094bcdd3bb8e0a6cc \
Synthetic Compose build and health	Run docker compose build	2026-09-23T06:01:10.0480233Z #23 1.353     --hash=sha256:e199fb99720074809a7720f1c0b4d919eea8b87e88713e0f8f602f7bef543d9d \
Synthetic Compose build and health	Run docker compose build	2026-09-23T06:01:10.0483184Z #23 1.353     --hash=sha256:e71c909f353863b2b89c83de2ebed71ea6d0df8a6ef65a128193c5e650766bef \
Synthetic Compose build and health	Run docker compose build	2026-09-23T06:01:10.0486244Z #23 1.353     --hash=sha256:e90251c0c7bdd54a100a0dce3c07b7e637278c93af29dbf78ebb89a58c4bac7d \
Synthetic Compose build and health	Run docker compose build	2026-09-23T06:01:10.0487666Z #23 1.353     --hash=sha256:f03ac127268b43ef4fe9e6ab6794a6794b49485a0cc0c1db79876d2f33f75bc7 \
Synthetic Compose build and health	Run docker compose build	2026-09-23T06:01:10.0488874Z #23 1.353     --hash=sha256:f6f7deae3feb4edfa2efaf7c574fe88cbf055038a6abdb40188e4fff66d5699f \
Synthetic Compose build and health	Run docker compose build	2026-09-23T06:01:10.0490434Z #23 1.353     --hash=sha256:fa48b1b63d639f9483e0633e092f5851e2348c352f1f9bb6c8182f87884ef876 \
Synthetic Compose build and health	Run docker compose build	2026-09-23T06:01:10.0491537Z #23 1.353     --hash=sha256:fbc597639158fd7c14d55e808718848319540f51b0e6746e3eefa59723a4a348 \
Synthetic Compose build and health	Run docker compose build	2026-09-23T06:01:10.0492505Z #23 1.353     --hash=sha256:fce8cbd4997efeb450bd298b54f755dcdff18d496f7a5ddbb4867c6d7c88fdc3 \
Synthetic Compose build and health	Run docker compose build	2026-09-23T06:01:10.0493468Z #23 1.353     --hash=sha256:fd0350afdc3aabd5576f60ea109228bd5538139713c7b094c5cd27c73a98bc6f \
Synthetic Compose build and health	Run docker compose build	2026-09-23T06:01:10.0494421Z #23 1.353     --hash=sha256:fd0a274c0e5f9a21565cd9d3dd749b61f96b7aa1e20a93aa1ba4029518f2e5c0 \
Synthetic Compose build and health	Run docker compose build	2026-09-23T06:01:10.0495369Z #23 1.353     --hash=sha256:fdb8a068947befafba9952162645dc2fecaeb400e64584829ed5e9b2fbe21a7f
Synthetic Compose build and health	Run docker compose build	2026-09-23T06:01:10.0496083Z #23 1.353     # via requests
Synthetic Compose build and health	Run docker compose build	2026-09-23T06:01:10.0496447Z #23 1.353 hiredis==3.4.1 \
Synthetic Compose build and health	Run docker compose build	2026-09-23T06:01:10.0497099Z #23 1.353     --hash=sha256:00073e9b794229daca1089af62e6d2af8ec0a0f5540ced414eede10de2f43dae \
Synthetic Compose build and health	Run docker compose build	2026-09-23T06:01:10.0498050Z #23 1.353     --hash=sha256:026639fa97c4b4fcc0f502454287ef1254cc1d067b610cbb958c392c46ff54ae \
Synthetic Compose build and health	Run docker compose build	2026-09-23T06:01:10.0498983Z #23 1.353     --hash=sha256:0a70be2b3a2280d48a0c46823455d83a863b8285563177a76667fcd62c686b5c \
Synthetic Compose build and health	Run docker compose build	2026-09-23T06:01:10.0500129Z #23 1.353     --hash=sha256:0ebfbff143596d0b8957e67972ab14591b7427891e2d22b5939ddb1185fe14d2 \
Synthetic Compose build and health	Run docker compose build	2026-09-23T06:01:10.0502319Z #23 1.353     --hash=sha256:16fb7453720d846168281619021cd3562e4d6252b39ee0dd29610ab26847a0ee \
Synthetic Compose build and health	Run docker compose build	2026-09-23T06:01:10.0503303Z #23 1.353     --hash=sha256:1bca03bec5515ab7367fb84d5bdc3cd7bae901320eda89e059f1639e3f9e0793 \
Synthetic Compose build and health	Run docker compose build	2026-09-23T06:01:10.0504845Z #23 1.353     --hash=sha256:1e52aee6e7c9f97ae6df104388292568ce34ad5f1aae8acc843f4686b4745362 \
Synthetic Compose build and health	Run docker compose build	2026-09-23T06:01:10.0505851Z #23 1.353     --hash=sha256:23667bce8ea8e5c300d4b13e369ef3f8d836b07cfea0dba46b839f1f1bd52548 \
Synthetic Compose build and health	Run docker compose build	2026-09-23T06:01:10.0506841Z #23 1.353     --hash=sha256:279258dfc81ee6e2235f45e2fc9af00177bdaea5c72eaca6f6bbed56812c1018 \
Synthetic Compose build and health	Run docker compose build	2026-09-23T06:01:10.0507825Z #23 1.353     --hash=sha256:28c6f40eab7dd56dc63ff0e100e9d5d2759b191615d3134abcb48de5ff1f037a \
Synthetic Compose build and health	Run docker compose build	2026-09-23T06:01:10.0508788Z #23 1.353     --hash=sha256:2b5b4cc3e1806f44f022389ade780aa1054336357defcb87613fe5267470e6f4 \
Synthetic Compose build and health	Run docker compose build	2026-09-23T06:01:10.0510254Z #23 1.353     --hash=sha256:2bbb55435506e481d270df8d0b29dd94acb85d11d71df4b8efce23849a4d0bb7 \
Synthetic Compose build and health	Run docker compose build	2026-09-23T06:01:10.0511495Z #23 1.353     --hash=sha256:464f27b0521375a8179e24f19889d7953a88d22ec00808714a0c78ac8ebffbe7 \
Synthetic Compose build and health	Run docker compose build	2026-09-23T06:01:10.0512432Z #23 1.353     --hash=sha256:4e1e92095b511e2a778302b9acd160eceb1f20d49a1c9716a864358fc4ffc236 \
Synthetic Compose build and health	Run docker compose build	2026-09-23T06:01:10.0513363Z #23 1.353     --hash=sha256:54d077e062804fa1eb49d25032bc0cadb085c50a5adc6f6fc43262dde6428471 \
Synthetic Compose build and health	Run docker compose build	2026-09-23T06:01:10.0514319Z #23 1.353     --hash=sha256:5b59b49cbe1ee36e88a629a6653258cca4a89c3711b5836efde0ef1e011f0ab2 \
Synthetic Compose build and health	Run docker compose build	2026-09-23T06:01:10.0515268Z #23 1.353     --hash=sha256:5ba1921fc110294a80e28e2cc145edf69f038c263deb22543e787b07394ef5d2 \
Synthetic Compose build and health	Run docker compose build	2026-09-23T06:01:10.0516669Z #23 1.353     --hash=sha256:6fd1472d5e5d82929411ea08d002eb4a8e200558d05b66458b9fcd058214aa33 \
Synthetic Compose build and health	Run docker compose build	2026-09-23T06:01:10.0517631Z #23 1.353     --hash=sha256:718b86c425c8e2b3505d428ca632f9c9f5ea1c1582edcb76a77aa9c0d0a82580 \
Synthetic Compose build and health	Run docker compose build	2026-09-23T06:01:10.0520844Z #23 1.353     --hash=sha256:7b72464f56c3f40f1ae1c784933686c3f0135d15e84fa7eb90166df18577b645 \
Synthetic Compose build and health	Run docker compose build	2026-09-23T06:01:10.0522149Z #23 1.353     --hash=sha256:7c3632721df2a3addca9a9707f7baa062bb0c004a585873f461b3b7a629c2516 \
Synthetic Compose build and health	Run docker compose build	2026-09-23T06:01:10.0523116Z #23 1.353     --hash=sha256:7cf4cf0735806049d2ada98ef0ac605e70b6bd303277857f459a8183b38b88c0 \
Synthetic Compose build and health	Run docker compose build	2026-09-23T06:01:10.0524064Z #23 1.353     --hash=sha256:7eb8b46d2f453030a3514d8ba76edeb92b920b627f883ec3685873c018a96494 \
Synthetic Compose build and health	Run docker compose build	2026-09-23T06:01:10.0525008Z #23 1.353     --hash=sha256:885220a6a495365961b8124865ccd5ea5ff7d39772fc79265d947befe418cc1b \
Synthetic Compose build and health	Run docker compose build	2026-09-23T06:01:10.0527601Z #23 1.353     --hash=sha256:9186f49f2f45220d1dde7981f7766b7195497d6f3b85617dc0bc519f1e456482 \
Synthetic Compose build and health	Run docker compose build	2026-09-23T06:01:10.0531098Z #23 1.353     --hash=sha256:98788950e4a973b925a1b5cfe6d74736726732d8785437fcc4b80bbc563d2a47 \
Synthetic Compose build and health	Run docker compose build	2026-09-23T06:01:10.0532087Z #23 1.353     --hash=sha256:a5e68f33bfdd542f659066ae7fb4ad37d4634d67fd330903feb0088f01808298 \
Synthetic Compose build and health	Run docker compose build	2026-09-23T06:01:10.0533054Z #23 1.353     --hash=sha256:b6bef7f8753b0ab1e2a29781b589e4a64645bbe2753581cd57f32659756ccae2 \
Synthetic Compose build and health	Run docker compose build	2026-09-23T06:01:10.0534016Z #23 1.353     --hash=sha256:b980b63a189ed8e2a42274f260430dae2f33a4a61e2f18ce31248909e36bd14a \
Synthetic Compose build and health	Run docker compose build	2026-09-23T06:01:10.0534942Z #23 1.353     --hash=sha256:ba678bbf5bd590e5c5b23560e5dcc73b9bbc4ccb4639d1eda1dba669bd8c6cb7 \
Synthetic Compose build and health	Run docker compose build	2026-09-23T06:01:10.0535830Z #23 1.353     --hash=sha256:bfb1f5806a54f643b13065c2c5d05be993401421b8fef309d36f511ed3d13e06 \
Synthetic Compose build and health	Run docker compose build	2026-09-23T06:01:10.0536791Z #23 1.353     --hash=sha256:bfd850dbf9c221d4a9e3eae819a91ecc8cdf9843a9ccdbc49cc94fe3f49dec59 \
Synthetic Compose build and health	Run docker compose build	2026-09-23T06:01:10.0537747Z #23 1.353     --hash=sha256:c4eba0bacd389e350470a883aad5f6733c721c65d408b32ba50b6624025660c4 \
Synthetic Compose build and health	Run docker compose build	2026-09-23T06:01:10.0538602Z #23 1.353     --hash=sha256:c54721b67df1cbdd0f78e0421b0b9768818109fcadbfa6b4a8d761c2506dd846 \
Synthetic Compose build and health	Run docker compose build	2026-09-23T06:01:10.0539523Z #23 1.353     --hash=sha256:c874e1f25fff64a0cd0ac990813950d59c9586094df0ce95cfc0372a6bc750ab \
Synthetic Compose build and health	Run docker compose build	2026-09-23T06:01:10.0540451Z #23 1.353     --hash=sha256:d151dd3d715cb62dcc09132e4a8f16c9ec0b0874ab9c6fca3b2cbdc09d52660f \
Synthetic Compose build and health	Run docker compose build	2026-09-23T06:01:10.0541668Z #23 1.353     --hash=sha256:d856ba70bd97db7cc136ca1dfa72b98044647d08913335949aa70477c8ebfe9a \
Synthetic Compose build and health	Run docker compose build	2026-09-23T06:01:10.0542635Z #23 1.353     --hash=sha256:d94c41779ae3eaee75c1668f23d26d9eda526055e37cd9052e980c64fb4127cc \
Synthetic Compose build and health	Run docker compose build	2026-09-23T06:01:10.0543599Z #23 1.353     --hash=sha256:da1c8485246d0ec238d76c6689440c0e1bc28409a46592cda89f2ef1c008f26d \
Synthetic Compose build and health	Run docker compose build	2026-09-23T06:01:10.0544536Z #23 1.353     --hash=sha256:e238e434d22c767b638d591f32532b7b34077267055481fce10bab1a4fa82d39 \
Synthetic Compose build and health	Run docker compose build	2026-09-23T06:01:10.0545472Z #23 1.353     --hash=sha256:e5377c51a30a09f0e302221dfe93e6f137b0a95f0d45c7756d995408a842627a \
Synthetic Compose build and health	Run docker compose build	2026-09-23T06:01:10.0546398Z #23 1.353     --hash=sha256:fd46a3fdec76283264e5a564fe38ba813e962bd3af1860970585c242eace683d \
Synthetic Compose build and health	Run docker compose build	2026-09-23T06:01:10.0547326Z #23 1.353     --hash=sha256:fd69048bb3870b962a2e09aff2ebfd0a3a4ee868bd280404c553235c36d43f7f
Synthetic Compose build and health	Run docker compose build	2026-09-23T06:01:10.0548594Z #23 1.353     # via redis
Synthetic Compose build and health	Run docker compose build	2026-09-23T06:01:10.0548983Z #23 1.353 idna==3.19 \
Synthetic Compose build and health	Run docker compose build	2026-09-23T06:01:10.0549578Z #23 1.353     --hash=sha256:5e0811a4383b21dc5838069f801c4fb62113b7447663d2530d2bd6e77b49bf15 \
Synthetic Compose build and health	Run docker compose build	2026-09-23T06:01:10.0550534Z #23 1.353     --hash=sha256:815e7be7a7806d54abb586dc943addc79e8b2ee16915059658cbeff4b1b43bf4
Synthetic Compose build and health	Run docker compose build	2026-09-23T06:01:10.0551448Z #23 1.353     # via requests
Synthetic Compose build and health	Run docker compose build	2026-09-23T06:01:10.0551818Z #23 1.353 jsonschema==4.26.0 \
Synthetic Compose build and health	Run docker compose build	2026-09-23T06:01:10.0552482Z #23 1.353     --hash=sha256:0c26707e2efad8aa1bfc5b7ce170f3fccc2e4918ff85989ba9ffa9facb2be326 \
Synthetic Compose build and health	Run docker compose build	2026-09-23T06:01:10.0553444Z #23 1.353     --hash=sha256:d489f15263b8d200f8387e64b4c3a75f06629559fb73deb8fdfb525f2dab50ce
Synthetic Compose build and health	Run docker compose build	2026-09-23T06:01:10.0554160Z #23 1.353     # via brasileirao-predictor
Synthetic Compose build and health	Run docker compose build	2026-09-23T06:01:10.0554645Z #23 1.353 jsonschema-specifications==2025.9.1 \
Synthetic Compose build and health	Run docker compose build	2026-09-23T06:01:10.0555398Z #23 1.353     --hash=sha256:98802fee3a11ee76ecaca44429fda8a41bff98b00a0f2838151b113f210cc6fe \
Synthetic Compose build and health	Run docker compose build	2026-09-23T06:01:10.0556354Z #23 1.353     --hash=sha256:b540987f239e745613c7a9176f3edb72b832a4ac465cf02712288397832b5e8d
Synthetic Compose build and health	Run docker compose build	2026-09-23T06:01:10.0559180Z #23 1.353     # via jsonschema
Synthetic Compose build and health	Run docker compose build	2026-09-23T06:01:10.0559582Z #23 1.353 llvmlite==0.49.0 \
Synthetic Compose build and health	Run docker compose build	2026-09-23T06:01:10.0560232Z #23 1.353     --hash=sha256:00f16db782f4a13c78c5804aedc434e46794a77e89999a168f9401106270e50a \
Synthetic Compose build and health	Run docker compose build	2026-09-23T06:01:10.0561426Z #23 1.353     --hash=sha256:039fa4054a06f537fb39248d4472284ca96be311a142ec09e69f95630ab469cc \
Synthetic Compose build and health	Run docker compose build	2026-09-23T06:01:10.0562396Z #23 1.353     --hash=sha256:294e2f0b70aef8f92d0ae7b203e2609f08beb39437eee73de59a21669331aae9 \
Synthetic Compose build and health	Run docker compose build	2026-09-23T06:01:10.0563350Z #23 1.353     --hash=sha256:4281a0171d66d2098adce4ba706b8c550b1b10718650f682d64cde16e84e4de5 \
Synthetic Compose build and health	Run docker compose build	2026-09-23T06:01:10.0565026Z #23 1.353     --hash=sha256:80a84683d04516bb51da1bbeebddaf2c2f558809c93078a8f91807909ae331f8 \
Synthetic Compose build and health	Run docker compose build	2026-09-23T06:01:10.0566152Z #23 1.353     --hash=sha256:95d1071023ed858b79f6971954fd7cc1f5dbcbab987718a4ccbe1411e47d0b81 \
Synthetic Compose build and health	Run docker compose build	2026-09-23T06:01:10.0567061Z #23 1.353     --hash=sha256:a1b414dc6b164738ec39dd8987cea73829057b7dd92fc6d91b52838385fc1dd2 \
Synthetic Compose build and health	Run docker compose build	2026-09-23T06:01:10.0568670Z #23 1.353     --hash=sha256:b095f15fb12c4d90495df5b1a3772b4732cc408398b204a787dbedd370e09c69 \
Synthetic Compose build and health	Run docker compose build	2026-09-23T06:01:10.0569658Z #23 1.353     --hash=sha256:be637e465010bc9c50f070468f7f1cf5385e92fee364d192dd5e6cea790ecba9 \
Synthetic Compose build and health	Run docker compose build	2026-09-23T06:01:10.0571215Z #23 1.353     --hash=sha256:d3dee64784201b64c13a8df62c48a4f4218858faaa65889866bb29bdc243c038 \
Synthetic Compose build and health	Run docker compose build	2026-09-23T06:01:10.0572197Z #23 1.353     --hash=sha256:d5555ea1d63928481cbf7fcb1d67452b216c7e5b393a4eb7aa1401e67f2a4fc4 \
Synthetic Compose build and health	Run docker compose build	2026-09-23T06:01:10.0573166Z #23 1.353     --hash=sha256:ddc7aecd4f56397ed6e8f120ec5dcd5a1a8f0e6032ca4af413462792d4dca2e3 \
Synthetic Compose build and health	Run docker compose build	2026-09-23T06:01:10.0575433Z #23 1.353     --hash=sha256:e32adb84fdaae28aeb86fdb6253084ee707ee157289a2e98fe3caf48a62bee82 \
Synthetic Compose build and health	Run docker compose build	2026-09-23T06:01:10.0576486Z #23 1.353     --hash=sha256:f3f2ff0aeb17d34fcce9f79b99baac441cfd3efa41b83e233ca4530a72381f72
Synthetic Compose build and health	Run docker compose build	2026-09-23T06:01:10.0577222Z #23 1.353     # via numba
Synthetic Compose build and health	Run docker compose build	2026-09-23T06:01:10.0577571Z #23 1.353 numba==0.67.0 \
Synthetic Compose build and health	Run docker compose build	2026-09-23T06:01:10.0578211Z #23 1.353     --hash=sha256:00c964a5b94d3ae82d83ac162cd610755875b98dadb779fdde06e6bfcdbca47e \
Synthetic Compose build and health	Run docker compose build	2026-09-23T06:01:10.0579199Z #23 1.353     --hash=sha256:4a2ed006635bbd0fe45681ed49f3b4f4bad1abf0c233bcc5842c9e3a34cabd61 \
Synthetic Compose build and health	Run docker compose build	2026-09-23T06:01:10.0580291Z #23 1.353     --hash=sha256:4d576e62bf2c9370f61312b51573c4bb1f3fe96798bbab56730847a368a316c4 \
Synthetic Compose build and health	Run docker compose build	2026-09-23T06:01:10.0581354Z #23 1.353     --hash=sha256:5269245a675abdd3e2c35ec6bb2f250355effa9032514d8f2354f0d2d10854bd \
Synthetic Compose build and health	Run docker compose build	2026-09-23T06:01:10.0582301Z #23 1.353     --hash=sha256:77e1c7173fee57a0d84e006c7e70346689d6cb3e7db503489bae58646b4eff7b \
Synthetic Compose build and health	Run docker compose build	2026-09-23T06:01:10.0583237Z #23 1.353     --hash=sha256:7930748ce8355d2a5a28602abab056a61fdc676d17377f27d17993905428171f \
Synthetic Compose build and health	Run docker compose build	2026-09-23T06:01:10.0584175Z #23 1.353     --hash=sha256:83ab968b0e0fa744eba03351282dd8000796e6ec8e4518f47bd3ed86c0a20c7b \
Synthetic Compose build and health	Run docker compose build	2026-09-23T06:01:10.0585139Z #23 1.353     --hash=sha256:88f6e0f5cb6c545e158b6ef0496c01b6d6958a7ccc6634a1576a94bbbab29ff2 \
Synthetic Compose build and health	Run docker compose build	2026-09-23T06:01:10.0586092Z #23 1.353     --hash=sha256:9c4953387c77864b596d8296e2cfbdef82b0eea4166ab4864b05d226c51143e0 \
Synthetic Compose build and health	Run docker compose build	2026-09-23T06:01:10.0713665Z #23 1.353     --hash=sha256:aa5f002f665bec321b950dacaa26ee009e1d720f6ac9d9856eed5efe1caa03a6 \
Synthetic Compose build and health	Run docker compose build	2026-09-23T06:01:10.0714438Z #23 1.353     --hash=sha256:b68ad5125fe245339cc8dcc036081fc1ea482c5063387b9612a76ccd83dc91cd \
Synthetic Compose build and health	Run docker compose build	2026-09-23T06:01:10.0715037Z #23 1.353     --hash=sha256:cd75aa535b33fa05d9d930b1ae8af9f97a2881e96d72dfb38ec9b78284d9f851 \
Synthetic Compose build and health	Run docker compose build	2026-09-23T06:01:10.0715680Z #23 1.353     --hash=sha256:f074a8e23db78490f11a3930c940be758316c10ac5985be83d2f298dc080acf7 \
Synthetic Compose build and health	Run docker compose build	2026-09-23T06:01:10.0716357Z #23 1.353     --hash=sha256:f99f880ff25f418a67f9a1d00d0ddfbc63430f627b523e515085a592a7567f4b
Synthetic Compose build and health	Run docker compose build	2026-09-23T06:01:10.0716916Z #23 1.353     # via brasileirao-predictor
Synthetic Compose build and health	Run docker compose build	2026-09-23T06:01:10.0717249Z #23 1.353 numpy==2.5.3 \
Synthetic Compose build and health	Run docker compose build	2026-09-23T06:01:10.0718014Z #23 1.353     --hash=sha256:012e66aca395d795496446e52aeeb5866312a5d4d3f27da270e5a0b43f70dc5c \
Synthetic Compose build and health	Run docker compose build	2026-09-23T06:01:10.0718820Z #23 1.353     --hash=sha256:1302b90c0e52281681b2975adfe8a860cb7b12216a27b4b0b4207c44bf7bccf0 \
Synthetic Compose build and health	Run docker compose build	2026-09-23T06:01:10.0719598Z #23 1.353     --hash=sha256:15aa985ac73a8db02db7663381aa109510449d3819d37206caed27b33a65a8a6 \
Synthetic Compose build and health	Run docker compose build	2026-09-23T06:01:10.0720367Z #23 1.353     --hash=sha256:1c80eabb4035ecf4ca9cd49cde8a9fdd69a729e63e6474887d1523ade7aa277f \
Synthetic Compose build and health	Run docker compose build	2026-09-23T06:01:10.0721405Z #23 1.353     --hash=sha256:1fb6f8fb9ff0b3a69f52c66ce397b0246583e9f28616231b0e32ca49259a5fa6 \
Synthetic Compose build and health	Run docker compose build	2026-09-23T06:01:10.0721961Z #23 1.353     --hash=sha256:2c25dfa72943e4336ddb6b0ee4277b47a0c85bede0807530ec68103bf58e2c10 \
Synthetic Compose build and health	Run docker compose build	2026-09-23T06:01:10.0722504Z #23 1.353     --hash=sha256:2d8240cb4c16fd831074aa2b2cf9fc54664d826341d61c372245b96a74a49a9a \
Synthetic Compose build and health	Run docker compose build	2026-09-23T06:01:10.0723380Z #23 1.353     --hash=sha256:350ba9783ce969cf9f7ce6e6a9a58e1a6e2a19ca025b7ee448c4db727706212a \
Synthetic Compose build and health	Run docker compose build	2026-09-23T06:01:10.0723948Z #23 1.353     --hash=sha256:4c8a6d2ebce6305fd82fbefca827775437147052a976ee7c94b36a0c1b52ac6c \
Synthetic Compose build and health	Run docker compose build	2026-09-23T06:01:10.0724635Z #23 1.353     --hash=sha256:536f963710a4e63934d80ac0dc4f478804a83e9a84b6828018f25d09953ada33 \
Synthetic Compose build and health	Run docker compose build	2026-09-23T06:01:10.0725172Z #23 1.353     --hash=sha256:54a115e5a73b8fc44f0cebef486365a1894b5c9760685d4558b72b7c3eb846e0 \
Synthetic Compose build and health	Run docker compose build	2026-09-23T06:01:10.0725709Z #23 1.353     --hash=sha256:66a78fe4556c60aceda5916f9eacd638b18e9e681016ec302dcb4682d6d4d034 \
Synthetic Compose build and health	Run docker compose build	2026-09-23T06:01:10.0726242Z #23 1.353     --hash=sha256:71cad2b2a7451ab79d8f5e71b453485b6775963d5cf794179144a7463fe6e8ec \
Synthetic Compose build and health	Run docker compose build	2026-09-23T06:01:10.0726848Z #23 1.353     --hash=sha256:8e4dd766076855b5ff7ea52fa5f07ce26286726e0f8bff446b7739d02e6ea204 \
Synthetic Compose build and health	Run docker compose build	2026-09-23T06:01:10.0727385Z #23 1.353     --hash=sha256:92f30e89b8ee0ecf363033576c422b2f58fed6a80bed0aa48dff6d14c654663e \
Synthetic Compose build and health	Run docker compose build	2026-09-23T06:01:10.0727933Z #23 1.353     --hash=sha256:93e1f5447e2b1e479d7bd74701e84746b86450cff1fc368b132d195e2b8f8211 \
Synthetic Compose build and health	Run docker compose build	2026-09-23T06:01:10.0728462Z #23 1.353     --hash=sha256:9a37475425b431b4d060f23b4f52cd2f3aef6bc7c654bd760adf0040eec9d435 \
Synthetic Compose build and health	Run docker compose build	2026-09-23T06:01:10.0728999Z #23 1.353     --hash=sha256:9deb49575e5b0b94ed72c8a64ec4d033381adc27e9060ae842971f697ba96104 \
Synthetic Compose build and health	Run docker compose build	2026-09-23T06:01:10.0729548Z #23 1.353     --hash=sha256:a5fa86b80fd24bcd1aff83ad23be44ea323de3f787be8f8b15d4a65621e25321 \
Synthetic Compose build and health	Run docker compose build	2026-09-23T06:01:10.0730098Z #23 1.353     --hash=sha256:ac7bb1c52d445bd4f8f7f97fefe6abc3a084dc4d63df50d79b17fa2b78e89297 \
Synthetic Compose build and health	Run docker compose build	2026-09-23T06:01:10.0730653Z #23 1.353     --hash=sha256:adc1ada2662f8a5f960b8a10d9986897e7499ef07e06d4cfe7197f8cce923c07 \
Synthetic Compose build and health	Run docker compose build	2026-09-23T06:01:10.0731399Z #23 1.353     --hash=sha256:b00eefbcf0f292945c4b4dec2ae845389ef5bcdcd596e6e4328051db5b5ba694 \
Synthetic Compose build and health	Run docker compose build	2026-09-23T06:01:10.0731951Z #23 1.353     --hash=sha256:b0521d0f4aebb6e06189451025fa17a913287b13c03d5fe05c017333b654ea5b \
Synthetic Compose build and health	Run docker compose build	2026-09-23T06:01:10.0732497Z #23 1.353     --hash=sha256:bd4cb9ad3c7889b9b3fe0a9a9fb5d2ed26f9879bff2608d9f01aed147a20d231 \
Synthetic Compose build and health	Run docker compose build	2026-09-23T06:01:10.0733040Z #23 1.353     --hash=sha256:be5a8381859b6da607c84f4f7d6847725f1cf1853ef8a2c9e115b7d58bef47dc \
Synthetic Compose build and health	Run docker compose build	2026-09-23T06:01:10.0733576Z #23 1.353     --hash=sha256:c00abe94c1a69d75d827dcf1c025b25c8a45d230b3bcd77a9020883a1b047653 \
Synthetic Compose build and health	Run docker compose build	2026-09-23T06:01:10.0734100Z #23 1.353     --hash=sha256:c2381f82999704f818e2c987a865050e285ec3621262c66d40f5a96c8f899f8e \
Synthetic Compose build and health	Run docker compose build	2026-09-23T06:01:10.0734631Z #23 1.353     --hash=sha256:c76d5dde9f445058f83d0c02af00557a4db91de9a9a57c0df87d1535001d654b \
Synthetic Compose build and health	Run docker compose build	2026-09-23T06:01:10.0735169Z #23 1.353     --hash=sha256:ccbc4665079665c3cf3bab4db9f6b095370cd6437d66be549b6c2a1fd19e1958 \
Synthetic Compose build and health	Run docker compose build	2026-09-23T06:01:10.0735723Z #23 1.353     --hash=sha256:df2d5874ff183595a4ba404edd04f6bd9b5505c1d7708573f6a6c17489a67563 \
Synthetic Compose build and health	Run docker compose build	2026-09-23T06:01:10.0736255Z #23 1.353     --hash=sha256:e6ab667ba76450084eb64013762c438ea76d9d29cc676dcd6c2e9892ba37f841 \
Synthetic Compose build and health	Run docker compose build	2026-09-23T06:01:10.0736824Z #23 1.353     --hash=sha256:f7fabeb6cea87d65f3b926de33d03fb016cfdc29314c90974383b5582ae72891 \
Synthetic Compose build and health	Run docker compose build	2026-09-23T06:01:10.0737386Z #23 1.353     --hash=sha256:f9a2353b37a1a9e78fd82b27ad7e2a32a2d036604d18f02b05e3136c62ca3b09
Synthetic Compose build and health	Run docker compose build	2026-09-23T06:01:10.0737785Z #23 1.353     # via
Synthetic Compose build and health	Run docker compose build	2026-09-23T06:01:10.0738017Z #23 1.353     #   brasileirao-predictor
Synthetic Compose build and health	Run docker compose build	2026-09-23T06:01:10.0738287Z #23 1.353     #   numba
Synthetic Compose build and health	Run docker compose build	2026-09-23T06:01:10.0738541Z #23 1.353     #   pandas
Synthetic Compose build and health	Run docker compose build	2026-09-23T06:01:10.0738758Z #23 1.353     #   scipy
Synthetic Compose build and health	Run docker compose build	2026-09-23T06:01:10.0738973Z #23 1.353 pandas==3.0.6 \
Synthetic Compose build and health	Run docker compose build	2026-09-23T06:01:10.0739357Z #23 1.353     --hash=sha256:097090508a1dd335013d39106fc10b20f4fd4a171638e47b77d55798ed9dab6c \
Synthetic Compose build and health	Run docker compose build	2026-09-23T06:01:10.0739912Z #23 1.353     --hash=sha256:1e92d9fa834c7d877130027cddc0cad8dcff97c1f6cca26bd6310f847228b658 \
Synthetic Compose build and health	Run docker compose build	2026-09-23T06:01:10.0740445Z #23 1.353     --hash=sha256:22172a92e7ee678ec0140c7af4fc9366b55413834a1cd86af78b3caa0b0574de \
Synthetic Compose build and health	Run docker compose build	2026-09-23T06:01:10.0741203Z #23 1.353     --hash=sha256:429d9df32731ab01383ed98f2baa7a60368090d1a94fc06019a12062510e8630 \
Synthetic Compose build and health	Run docker compose build	2026-09-23T06:01:10.0741893Z #23 1.353     --hash=sha256:583be68728a31d0d750d5b8d9e00f02b153df0d4655f858bde93cb84cfc4227c \
Synthetic Compose build and health	Run docker compose build	2026-09-23T06:01:10.0742436Z #23 1.353     --hash=sha256:60d81f9e1799b36f3739e7fff44d1fbb2e8fd5a271b3863e03de9715fccda0fa \
Synthetic Compose build and health	Run docker compose build	2026-09-23T06:01:10.0743090Z #23 1.353     --hash=sha256:62f51d7f651c8054c5e82a69265c98082e795d1442df7ca6edc3a545d61214b1 \
Synthetic Compose build and health	Run docker compose build	2026-09-23T06:01:10.0743628Z #23 1.353     --hash=sha256:654aae059295dbba6ecd2328ca12712a2cf1676214c8699f1c29213f7ccf9c34 \
Synthetic Compose build and health	Run docker compose build	2026-09-23T06:01:10.0744168Z #23 1.353     --hash=sha256:66b07ef7315a31bfe1089cd3d71a7de781c9dca986762d0b4fe7c0ef17465d10 \
Synthetic Compose build and health	Run docker compose build	2026-09-23T06:01:10.0744710Z #23 1.353     --hash=sha256:6ff482fa91fa2bafd92e8fe66ce3645c851824310f295c1f0a2f96e928fc4541 \
Synthetic Compose build and health	Run docker compose build	2026-09-23T06:01:10.0745251Z #23 1.353     --hash=sha256:77ccbe5057aece6fc172b9b77f19c04335af6882bc2e10c8f3ee4e6bfb3da553 \
Synthetic Compose build and health	Run docker compose build	2026-09-23T06:01:10.0745787Z #23 1.353     --hash=sha256:9ae8073aed8e21d1a7fe263dcdc6840743549722a6738198a0a46000fa9476f2 \
Synthetic Compose build and health	Run docker compose build	2026-09-23T06:01:10.0746331Z #23 1.353     --hash=sha256:9e492cd4bdba6778de4fe0df7f4590c012161ebcf9902dce01b01dc683105514 \
Synthetic Compose build and health	Run docker compose build	2026-09-23T06:01:10.0746869Z #23 1.353     --hash=sha256:a4dbd4dc65cbe645b92b8785d0f96dd7311010dc6606cf620e51b07b8788a12a \
Synthetic Compose build and health	Run docker compose build	2026-09-23T06:01:10.0747407Z #23 1.353     --hash=sha256:b27c8d890e4aa2171437ae2a39de1d215e674158e4865c4023a8b31c932513b2 \
Synthetic Compose build and health	Run docker compose build	2026-09-23T06:01:10.0747939Z #23 1.353     --hash=sha256:bd75ed0c840f709fc2ae26ddd9534ac77ca1a48ac0cce521a74acaa85f3340a7 \
Synthetic Compose build and health	Run docker compose build	2026-09-23T06:01:10.0748493Z #23 1.353     --hash=sha256:cc39303913e2ea129915670de5d1c9fbd647f543bb72e5543bac8baa94e9e42f \
Synthetic Compose build and health	Run docker compose build	2026-09-23T06:01:10.0749024Z #23 1.353     --hash=sha256:d7dcd21238cbb4828ff148481ba01cac8946dc5121457b5aeba28636f8f99a60 \
Synthetic Compose build and health	Run docker compose build	2026-09-23T06:01:10.0749552Z #23 1.353     --hash=sha256:db7ec631f26223beee8e5c9e0b8f23c24d8197bbd1d982421d4e3188bea51965 \
Synthetic Compose build and health	Run docker compose build	2026-09-23T06:01:10.0750092Z #23 1.353     --hash=sha256:ee913a91669056c1de1a6b733fbfeab711de9e54e3bee2dfa5fe79d9457247d1 \
Synthetic Compose build and health	Run docker compose build	2026-09-23T06:01:10.0750620Z #23 1.353     --hash=sha256:ef738d71d1059245b6bb03e312be06d8b3821326a83486c1ad03b9aba3710e44 \
Synthetic Compose build and health	Run docker compose build	2026-09-23T06:01:10.0751351Z #23 1.353     --hash=sha256:f3ce8a6968045481e91a3990e797e348ce13db45ee164a7095bbc824e26c09dd \
Synthetic Compose build and health	Run docker compose build	2026-09-23T06:01:10.0751953Z #23 1.353     --hash=sha256:f8029ec0f1f89e4f985929ce1f6626dabf3140d61a4e9c1215afdab34eaf9a5d \
Synthetic Compose build and health	Run docker compose build	2026-09-23T06:01:10.0752499Z #23 1.353     --hash=sha256:fb625f426b375bcc96e3a04c5d5d266cd7be6ae5d6866e0e703382ab5164068c \
Synthetic Compose build and health	Run docker compose build	2026-09-23T06:01:10.0753042Z #23 1.353     --hash=sha256:ff51a4459ed036e93d1eb1bb5e6e7b28685d3cb6b7c12b91c05b31024e234729
Synthetic Compose build and health	Run docker compose build	2026-09-23T06:01:10.0753468Z #23 1.353     # via brasileirao-predictor
Synthetic Compose build and health	Run docker compose build	2026-09-23T06:01:10.0754122Z #23 1.353 predictor-core @ https://github.com/leonardosovienski/core-predictor/releases/download/v3.2.1/predictor_core-3.2.1-py3-none-any.whl \
Synthetic Compose build and health	Run docker compose build	2026-09-23T06:01:10.0754876Z #23 1.353     --hash=sha256:10ef42f34ace8bb2df5f83ff7de2ceec79b035a25ea0a690e8942bd60d2fb4e3
Synthetic Compose build and health	Run docker compose build	2026-09-23T06:01:10.0755315Z #23 1.353     # via brasileirao-predictor
Synthetic Compose build and health	Run docker compose build	2026-09-23T06:01:10.0755918Z #23 1.353 predictor-ops @ https://github.com/leonardosovienski/predictor-ops/releases/download/v4.2.1/predictor_ops-4.2.1-py3-none-any.whl \
Synthetic Compose build and health	Run docker compose build	2026-09-23T06:01:10.0756625Z #23 1.353     --hash=sha256:da4fa540703879669caba919521ec7d3c33734b5d57781122823df8817346f0e
Synthetic Compose build and health	Run docker compose build	2026-09-23T06:01:10.0757032Z #23 1.353     # via brasileirao-predictor
Synthetic Compose build and health	Run docker compose build	2026-09-23T06:01:10.0757293Z #23 1.353 pydantic==2.13.5 \
Synthetic Compose build and health	Run docker compose build	2026-09-23T06:01:10.0757674Z #23 1.353     --hash=sha256:346a034f080da3755d8e9cb5e00e8b07de1d39e4f6e2c87d8ab7cafa0b269a73 \
Synthetic Compose build and health	Run docker compose build	2026-09-23T06:01:10.0758219Z #23 1.353     --hash=sha256:51a9c5f7b2f8e636f04c6cada605d9b6a3bf1348fdf945a3d8869b19bba0ee08
Synthetic Compose build and health	Run docker compose build	2026-09-23T06:01:10.0758610Z #23 1.353     # via
Synthetic Compose build and health	Run docker compose build	2026-09-23T06:01:10.0758832Z #23 1.353     #   brasileirao-predictor
Synthetic Compose build and health	Run docker compose build	2026-09-23T06:01:10.0759110Z #23 1.353     #   predictor-ops
Synthetic Compose build and health	Run docker compose build	2026-09-23T06:01:10.0759363Z #23 1.353     #   pydantic-settings
Synthetic Compose build and health	Run docker compose build	2026-09-23T06:01:10.0759617Z #23 1.353 pydantic-core==2.46.5 \
Synthetic Compose build and health	Run docker compose build	2026-09-23T06:01:10.0760017Z #23 1.353     --hash=sha256:03b9666e41e35d8909852ba191a0607520f81b74eaf12ccf8737005dbb313821 \
Synthetic Compose build and health	Run docker compose build	2026-09-23T06:01:10.0761009Z #23 1.353     --hash=sha256:045ab3b6d308439e32b81cc173bba5b9018bc6ed896afd0c65b3b009b1699af5 \
Synthetic Compose build and health	Run docker compose build	2026-09-23T06:01:10.0761581Z #23 1.353     --hash=sha256:0cdbada856a1c69a7624a64d3d9aefe79300bd6ef827b43a4f265010b9b55184 \
Synthetic Compose build and health	Run docker compose build	2026-09-23T06:01:10.0762259Z #23 1.353     --hash=sha256:10416c15b8839ecc4ef4d0885da76da6fd0f67333a0eb8aff6d93c4b8f2910fc \
Synthetic Compose build and health	Run docker compose build	2026-09-23T06:01:10.0762797Z #23 1.353     --hash=sha256:15f4a94963c95accac15b7b657bb177d3ad82bb90b0d0526d9a9b85079925db5 \
Synthetic Compose build and health	Run docker compose build	2026-09-23T06:01:10.0763333Z #23 1.353     --hash=sha256:193375f3548919d3f0b60936ca113ada3e38f264f91b9b8e0508efaad57be931 \
Synthetic Compose build and health	Run docker compose build	2026-09-23T06:01:10.0763924Z #23 1.353     --hash=sha256:1a353f84de772f423b5ffb11d7ae352fbbef0f446f3c0b0af0f8236d7233606e \
Synthetic Compose build and health	Run docker compose build	2026-09-23T06:01:10.0764486Z #23 1.353     --hash=sha256:24922243639cbdac66c75fcb6fd6495a9cb52b213d62f9a0d16f0310b1ff8038 \
Synthetic Compose build and health	Run docker compose build	2026-09-23T06:01:10.0765030Z #23 1.353     --hash=sha256:2cbd9a5eff05e51c447c34dfa4632145b26b09120cf04bd0c871e44c1a5e1c9a \
Synthetic Compose build and health	Run docker compose build	2026-09-23T06:01:10.0765572Z #23 1.353     --hash=sha256:2d5d76654becf5efd62c9e51c3756c67b49498b0c9a40884934c40807adbd074 \
Synthetic Compose build and health	Run docker compose build	2026-09-23T06:01:10.0766103Z #23 1.353     --hash=sha256:37ae34309d7bd8c0d61ab839668058f2a7962ea1fc51d105d2db228fe0618034 \
Synthetic Compose build and health	Run docker compose build	2026-09-23T06:01:10.0766640Z #23 1.353     --hash=sha256:37ea7b83c935e5b0d68c9449b82651accf78a10828b2c02b2f2d9e9496446c21 \
Synthetic Compose build and health	Run docker compose build	2026-09-23T06:01:10.0767179Z #23 1.353     --hash=sha256:46c25dda9d092a06c08db76ffe0a197107904d0dfac653f7d5306bbcd6d6119c \
Synthetic Compose build and health	Run docker compose build	2026-09-23T06:01:10.0767714Z #23 1.353     --hash=sha256:5086029a57366b8cf81b130a43908738095c270c21a8d7f0e8bdfdb89718e2f3 \
Synthetic Compose build and health	Run docker compose build	2026-09-23T06:01:10.0768247Z #23 1.353     --hash=sha256:52e24eacdb536cade636aa90fb851835222becff8484b7001fdc78cb0290f2aa \
Synthetic Compose build and health	Run docker compose build	2026-09-23T06:01:10.0768775Z #23 1.353     --hash=sha256:545f26c504b27c3758439a5e6d9349931f0a04f855668d5fe323c89e82300a38 \
Synthetic Compose build and health	Run docker compose build	2026-09-23T06:01:10.0769305Z #23 1.353     --hash=sha256:54d510bac3ee52247af28ed4bb18a1e799f040ac60fd2bf5ccd4c92f1fbe786f \
Synthetic Compose build and health	Run docker compose build	2026-09-23T06:01:10.0769847Z #23 1.353     --hash=sha256:5ee239d575f80b08eca11f6e20f90c4c695de7825c67eefe6091fbf20dda648e \
Synthetic Compose build and health	Run docker compose build	2026-09-23T06:01:10.0770376Z #23 1.353     --hash=sha256:5f194189415698233dd1114a093a9b56e61e2c57e11b469be3b0506f46f0771c \
Synthetic Compose build and health	Run docker compose build	2026-09-23T06:01:10.0771102Z #23 1.353     --hash=sha256:6f7b393a8b3da82f5c1fc0751e6d01ac6c55b93c18226a60bdfba4a724efafd1 \
Synthetic Compose build and health	Run docker compose build	2026-09-23T06:01:10.0771652Z #23 1.353     --hash=sha256:79bdfa52f843137045b2d081cc05c120ba6665d29b7559c2c47690906f39279f \
Synthetic Compose build and health	Run docker compose build	2026-09-23T06:01:10.0772184Z #23 1.353     --hash=sha256:7ac031912d54f3d83ef3b3eb98dfabc1608802e2202263d25957eeed40b94761 \
Synthetic Compose build and health	Run docker compose build	2026-09-23T06:01:10.0772706Z #23 1.353     --hash=sha256:82a36973cf8a2ef5406f4fe2edbf8ed0c99629535d959e0b100c76a32535a111 \
Synthetic Compose build and health	Run docker compose build	2026-09-23T06:01:10.0773233Z #23 1.353     --hash=sha256:837b396ca3d7b74091ca623f6cbd8351bd42d670a79c2683e79fb089f06a2de5 \
Synthetic Compose build and health	Run docker compose build	2026-09-23T06:01:10.0773758Z #23 1.353     --hash=sha256:8816f3d218beb4b787de5c9759c259b8fa61f9dec42dc7811f320a33771778b7 \
Synthetic Compose build and health	Run docker compose build	2026-09-23T06:01:10.0774289Z #23 1.353     --hash=sha256:976e1128455aa595ea04c79ccfedff1aaeab96ee013fcc916bed120c4f0ad94f \
Synthetic Compose build and health	Run docker compose build	2026-09-23T06:01:10.0774833Z #23 1.353     --hash=sha256:97bf8de4d541598c94a59344eeb988a94c08ff76b5723c41f6567ec18c7892ea \
Synthetic Compose build and health	Run docker compose build	2026-09-23T06:01:10.0775372Z #23 1.353     --hash=sha256:97cf3eb53a8cccacf9d46686a0926186c9bfb5574f2ed66d3639d5fe117cd3a9 \
Synthetic Compose build and health	Run docker compose build	2026-09-23T06:01:10.0775919Z #23 1.353     --hash=sha256:9c4b71f10dd532fb7a5cbc8f58707779e64f03a258c2bf8bfbaecfcd9970b519 \
Synthetic Compose build and health	Run docker compose build	2026-09-23T06:01:10.0776454Z #23 1.353     --hash=sha256:a2a5e1d0ff29adddc9f6d6821a66302e4493f8ca898b715b6b1182c2c201ea0a \
Synthetic Compose build and health	Run docker compose build	2026-09-23T06:01:10.0776992Z #23 1.353     --hash=sha256:a91c17edf6eea2402cb5457b4c89e99bc5ed1004aa34c4adf1d4258c1a5c22c2 \
Synthetic Compose build and health	Run docker compose build	2026-09-23T06:01:10.0777556Z #23 1.353     --hash=sha256:acf8a67ba51f4ca9ddbd0e6b3000a65ac51ab734661778b3e7ba64d99a710f2f \
Synthetic Compose build and health	Run docker compose build	2026-09-23T06:01:10.0778103Z #23 1.353     --hash=sha256:b49924c73a235e969511bf2aabdff3beebf9820931f646c80274d5d780010c47 \
Synthetic Compose build and health	Run docker compose build	2026-09-23T06:01:10.0778640Z #23 1.353     --hash=sha256:b7ca9034437b6022f941f4857459562ee00a560b97e7cce8a0ec5a74fc6766e0 \
Synthetic Compose build and health	Run docker compose build	2026-09-23T06:01:10.0779317Z #23 1.353     --hash=sha256:bce57638e08ac148e5778cce7feb968307a727d66f8e2274a543d0cf0c9ad6a3 \
Synthetic Compose build and health	Run docker compose build	2026-09-23T06:01:10.0779858Z #23 1.353     --hash=sha256:c1c43ad4339643d70ebb8124e1305a7dab423001eff58bb41a0f731adbc98355 \
Synthetic Compose build and health	Run docker compose build	2026-09-23T06:01:10.0780527Z #23 1.353     --hash=sha256:c76fe65e607be28c7fd4d56fc3c42b1583aa058ce3408b7ad0fd540171d31f9f \
Synthetic Compose build and health	Run docker compose build	2026-09-23T06:01:10.0781313Z #23 1.353     --hash=sha256:cdbb78909f52b981d3b2d56b97328d71eb0b974c36bd77c920123a7ebb192829 \
Synthetic Compose build and health	Run docker compose build	2026-09-23T06:01:10.0781860Z #23 1.353     --hash=sha256:d22a945598fb91236b4dd793a6e42e4f3dd7740bb5aace5ebd7d4c08d13bb575 \
Synthetic Compose build and health	Run docker compose build	2026-09-23T06:01:10.0782392Z #23 1.353     --hash=sha256:d2f9fc07a8042a8f95925b35c4f04f469707c981fc33245b6ca187cf5d2dd290 \
Synthetic Compose build and health	Run docker compose build	2026-09-23T06:01:10.0782924Z #23 1.353     --hash=sha256:e64e88d5585bea9ce95861079de72006c7fa6d3df4e3a3b65ba31eb979c15c9f \
Synthetic Compose build and health	Run docker compose build	2026-09-23T06:01:10.0783756Z #23 1.353     --hash=sha256:e7b891faeedeafba41b2983e5001a81b6a915b69544c7e7570d1989ce1c36ac7 \
Synthetic Compose build and health	Run docker compose build	2026-09-23T06:01:10.0784450Z #23 1.353     --hash=sha256:e80675d75ae2cd14372cb65cad5400d9347a3d3f6c13000183f22dfd027283ed \
Synthetic Compose build and health	Run docker compose build	2026-09-23T06:01:10.0785136Z #23 1.353     --hash=sha256:f332f0e72a5a0400141f830744e141bf9f97917878dbe968669e8a7fefea78ff \
Synthetic Compose build and health	Run docker compose build	2026-09-23T06:01:10.0785864Z #23 1.353     --hash=sha256:fa10ef4112775900e7a0661068635eb67b2ab824fbde764de6e0e21982a93db0 \
Synthetic Compose build and health	Run docker compose build	2026-09-23T06:01:10.0786506Z #23 1.353     --hash=sha256:ff218293c9c806138dca139765e3b067621be52bcd93cdc14c7711be7ddc90a9
Synthetic Compose build and health	Run docker compose build	2026-09-23T06:01:10.0786914Z #23 1.353     # via pydantic
Synthetic Compose build and health	Run docker compose build	2026-09-23T06:01:10.0787170Z #23 1.353 pydantic-settings==2.15.0 \
Synthetic Compose build and health	Run docker compose build	2026-09-23T06:01:10.0787579Z #23 1.353     --hash=sha256:0ba092c291c94baceb5eff768aa0d56400a457585bc0175925a5a5510303da42 \
Synthetic Compose build and health	Run docker compose build	2026-09-23T06:01:10.0788114Z #23 1.353     --hash=sha256:694b793e84f766ba76a90ebdefc01d0a9a045dab0382bee70393da93712ad117
Synthetic Compose build and health	Run docker compose build	2026-09-23T06:01:10.0788518Z #23 1.353     # via
Synthetic Compose build and health	Run docker compose build	2026-09-23T06:01:10.0788738Z #23 1.353     #   brasileirao-predictor
Synthetic Compose build and health	Run docker compose build	2026-09-23T06:01:10.0789008Z #23 1.353     #   predictor-ops
Synthetic Compose build and health	Run docker compose build	2026-09-23T06:01:10.0789272Z #23 1.353 python-dateutil==2.9.0.post0 \
Synthetic Compose build and health	Run docker compose build	2026-09-23T06:01:10.0789677Z #23 1.353     --hash=sha256:37dd54208da7e1cd875388217d5e00ebd4179249f90fb72437e91a35459a0ad3 \
Synthetic Compose build and health	Run docker compose build	2026-09-23T06:01:10.0790214Z #23 1.353     --hash=sha256:a8b2bc7bffae282281c8140a97d3aa9c14da0b136dfe83f850eea9a5f7470427
Synthetic Compose build and health	Run docker compose build	2026-09-23T06:01:10.0790621Z #23 1.353     # via pandas
Synthetic Compose build and health	Run docker compose build	2026-09-23T06:01:10.0790998Z #23 1.353 python-dotenv==1.2.3 \
Synthetic Compose build and health	Run docker compose build	2026-09-23T06:01:10.0791388Z #23 1.353     --hash=sha256:904552145e8bfed22162c09dab1c2b9b54fefa7b23ba780f4f26ca0316b0f0d9 \
Synthetic Compose build and health	Run docker compose build	2026-09-23T06:01:10.0791933Z #23 1.353     --hash=sha256:a20a594dabeaa385725aa239d5244871c143ecb356add8a20fcf23773a6c3a35
Synthetic Compose build and health	Run docker compose build	2026-09-23T06:01:10.0792336Z #23 1.353     # via pydantic-settings
Synthetic Compose build and health	Run docker compose build	2026-09-23T06:01:10.0792588Z #23 1.353 pyyaml==6.0.3 \
Synthetic Compose build and health	Run docker compose build	2026-09-23T06:01:10.0792954Z #23 1.353     --hash=sha256:00c4bdeba853cc34e7dd471f16b4114f4162dc03e6b7afcc2128711f0eca823c \
Synthetic Compose build and health	Run docker compose build	2026-09-23T06:01:10.0793495Z #23 1.353     --hash=sha256:02893d100e99e03eda1c8fd5c441d8c60103fd175728e23e431db1b589cf5ab3 \
Synthetic Compose build and health	Run docker compose build	2026-09-23T06:01:10.0794028Z #23 1.353     --hash=sha256:0f29edc409a6392443abf94b9cf89ce99889a1dd5376d94316ae5145dfedd5d6 \
Synthetic Compose build and health	Run docker compose build	2026-09-23T06:01:10.0794557Z #23 1.353     --hash=sha256:16249ee61e95f858e83976573de0f5b2893b3677ba71c9dd36b9cf8be9ac6d65 \
Synthetic Compose build and health	Run docker compose build	2026-09-23T06:01:10.0795080Z #23 1.353     --hash=sha256:2283a07e2c21a2aa78d9c4442724ec1eb15f5e42a723b99cb3d822d48f5f7ad1 \
Synthetic Compose build and health	Run docker compose build	2026-09-23T06:01:10.0795620Z #23 1.353     --hash=sha256:34d5fcd24b8445fadc33f9cf348c1047101756fd760b4dacb5c3e99755703310 \
Synthetic Compose build and health	Run docker compose build	2026-09-23T06:01:10.0796172Z #23 1.353     --hash=sha256:4a2e8cebe2ff6ab7d1050ecd59c25d4c8bd7e6f400f5f82b96557ac0abafd0ac \
Synthetic Compose build and health	Run docker compose build	2026-09-23T06:01:10.0796714Z #23 1.353     --hash=sha256:4ad1906908f2f5ae4e5a8ddfce73c320c2a1429ec52eafd27138b7f1cbe341c9 \
Synthetic Compose build and health	Run docker compose build	2026-09-23T06:01:10.0797248Z #23 1.353     --hash=sha256:501a031947e3a9025ed4405a168e6ef5ae3126c59f90ce0cd6f2bfc477be31b7 \
Synthetic Compose build and health	Run docker compose build	2026-09-23T06:01:10.0797780Z #23 1.353     --hash=sha256:5190d403f121660ce8d1d2c1bb2ef1bd05b5f68533fc5c2ea899bd15f4399b35 \
Synthetic Compose build and health	Run docker compose build	2026-09-23T06:01:10.0798472Z #23 1.353     --hash=sha256:5498cd1645aa724a7c71c8f378eb29ebe23da2fc0d7a08071d89469bf1d2defb \
Synthetic Compose build and health	Run docker compose build	2026-09-23T06:01:10.0799001Z #23 1.353     --hash=sha256:66e1674c3ef6f541c35191caae2d429b967b99e02040f5ba928632d9a7f0f065 \
Synthetic Compose build and health	Run docker compose build	2026-09-23T06:01:10.0799661Z #23 1.353     --hash=sha256:6adc77889b628398debc7b65c073bcb99c4a0237b248cacaf3fe8a557563ef6c \
Synthetic Compose build and health	Run docker compose build	2026-09-23T06:01:10.0800194Z #23 1.353     --hash=sha256:79005a0d97d5ddabfeeea4cf676af11e647e41d81c9a7722a193022accdb6b7c \
Synthetic Compose build and health	Run docker compose build	2026-09-23T06:01:10.0800835Z #23 1.353     --hash=sha256:7c6610def4f163542a622a73fb39f534f8c101d690126992300bf3207eab9764 \
Synthetic Compose build and health	Run docker compose build	2026-09-23T06:01:10.0801372Z #23 1.353     --hash=sha256:8d1fab6bb153a416f9aeb4b8763bc0f22a5586065f86f7664fc23339fc1c1fac \
Synthetic Compose build and health	Run docker compose build	2026-09-23T06:01:10.0801914Z #23 1.353     --hash=sha256:8da9669d359f02c0b91ccc01cac4a67f16afec0dac22c2ad09f46bee0697eba8 \
Synthetic Compose build and health	Run docker compose build	2026-09-23T06:01:10.0802451Z #23 1.353     --hash=sha256:93dda82c9c22deb0a405ea4dc5f2d0cda384168e466364dec6255b293923b2f3 \
Synthetic Compose build and health	Run docker compose build	2026-09-23T06:01:10.0803000Z #23 1.353     --hash=sha256:a33284e20b78bd4a18c8c2282d549d10bc8408a2a7ff57653c0cf0b9be0afce5 \
Synthetic Compose build and health	Run docker compose build	2026-09-23T06:01:10.0803528Z #23 1.353     --hash=sha256:a80cb027f6b349846a3bf6d73b5e95e782175e52f22108cfa17876aaeff93702 \
Synthetic Compose build and health	Run docker compose build	2026-09-23T06:01:10.0804066Z #23 1.353     --hash=sha256:b3bc83488de33889877a0f2543ade9f70c67d66d9ebb4ac959502e12de895788 \
Synthetic Compose build and health	Run docker compose build	2026-09-23T06:01:10.0804586Z #23 1.353     --hash=sha256:c1ff362665ae507275af2853520967820d9124984e0f7466736aea23d8611fba \
Synthetic Compose build and health	Run docker compose build	2026-09-23T06:01:10.0805120Z #23 1.353     --hash=sha256:c458b6d084f9b935061bc36216e8a69a7e293a2f1e68bf956dcd9e6cbcd143f5 \
Synthetic Compose build and health	Run docker compose build	2026-09-23T06:01:10.0805971Z #23 1.353     --hash=sha256:d0eae10f8159e8fdad514efdc92d74fd8d682c933a6dd088030f3834bc8e6b26 \
Synthetic Compose build and health	Run docker compose build	2026-09-23T06:01:10.0806515Z #23 1.353     --hash=sha256:d76623373421df22fb4cf8817020cbb7ef15c725b9d5e45f17e189bfc384190f \
Synthetic Compose build and health	Run docker compose build	2026-09-23T06:01:10.0807058Z #23 1.353     --hash=sha256:ebc55a14a21cb14062aa4162f906cd962b28e2e9ea38f9b4391244cd8de4ae0b \
Synthetic Compose build and health	Run docker compose build	2026-09-23T06:01:10.0807601Z #23 1.353     --hash=sha256:eda16858a3cab07b80edaf74336ece1f986ba330fdb8ee0d6c0d68fe82bc96be \
Synthetic Compose build and health	Run docker compose build	2026-09-23T06:01:10.0808156Z #23 1.353     --hash=sha256:ee2922902c45ae8ccada2c5b501ab86c36525b883eff4255313a253a3160861c \
Synthetic Compose build and health	Run docker compose build	2026-09-23T06:01:10.0808692Z #23 1.353     --hash=sha256:f7057c9a337546edc7973c0d3ba84ddcdf0daa14533c2065749c9075001090e6
Synthetic Compose build and health	Run docker compose build	2026-09-23T06:01:10.0809111Z #23 1.353     # via brasileirao-predictor
Synthetic Compose build and health	Run docker compose build	2026-09-23T06:01:10.0809389Z #23 1.353 redis==8.1.0 \
Synthetic Compose build and health	Run docker compose build	2026-09-23T06:01:10.0809765Z #23 1.353     --hash=sha256:6e1a19beef9225c83efd689c7e6b7da2d5215b1f42cd13b7fc3714d0a09c7b25 \
Synthetic Compose build and health	Run docker compose build	2026-09-23T06:01:10.0810310Z #23 1.353     --hash=sha256:a4fe1aac3d3b3cc791d4b3d5931c5a956045dc951ee74d1c913ee3ac4d2ee9fb
Synthetic Compose build and health	Run docker compose build	2026-09-23T06:01:10.0810833Z #23 1.353     # via brasileirao-predictor
Synthetic Compose build and health	Run docker compose build	2026-09-23T06:01:10.0811105Z #23 1.353 referencing==0.37.0 \
Synthetic Compose build and health	Run docker compose build	2026-09-23T06:01:10.0811487Z #23 1.353     --hash=sha256:381329a9f99628c9069361716891d34ad94af76e461dcb0335825aecc7692231 \
Synthetic Compose build and health	Run docker compose build	2026-09-23T06:01:10.0812010Z #23 1.353     --hash=sha256:44aefc3142c5b842538163acb373e24cce6632bd54bdb01b21ad5863489f50d8
Synthetic Compose build and health	Run docker compose build	2026-09-23T06:01:10.0812404Z #23 1.353     # via
Synthetic Compose build and health	Run docker compose build	2026-09-23T06:01:10.0812613Z #23 1.353     #   jsonschema
Synthetic Compose build and health	Run docker compose build	2026-09-23T06:01:10.0812865Z #23 1.353     #   jsonschema-specifications
Synthetic Compose build and health	Run docker compose build	2026-09-23T06:01:10.0813139Z #23 1.353 requests==2.34.2 \
Synthetic Compose build and health	Run docker compose build	2026-09-23T06:01:10.0813497Z #23 1.353     --hash=sha256:2a0d60c172f83ac6ab31e4554906c0f3b3588d37b5cb939b1c061f4907e278e0 \
Synthetic Compose build and health	Run docker compose build	2026-09-23T06:01:10.0814028Z #23 1.353     --hash=sha256:f288924cae4e29463698d6d60bc6a4da69c89185ad1e0bcc4104f584e960b9ed
Synthetic Compose build and health	Run docker compose build	2026-09-23T06:01:10.0814434Z #23 1.353     # via brasileirao-predictor
Synthetic Compose build and health	Run docker compose build	2026-09-23T06:01:10.0814699Z #23 1.353 rpds-py==2026.6.3 \
Synthetic Compose build and health	Run docker compose build	2026-09-23T06:01:10.0815082Z #23 1.353     --hash=sha256:0be972be84cfcaf46c8c6edf690ca0f154ac17babf1f6a955a51579b34ad2dc5 \
Synthetic Compose build and health	Run docker compose build	2026-09-23T06:01:10.0815623Z #23 1.353     --hash=sha256:166cf54d9f44fc6ceb53c7860258dde44a81406646de79f8ed3234fca3b6e538 \
Synthetic Compose build and health	Run docker compose build	2026-09-23T06:01:10.0816156Z #23 1.353     --hash=sha256:1cebd1337c242e4ec2293e541f712b2da849b29f48f0c293684b71c0632625d4 \
Synthetic Compose build and health	Run docker compose build	2026-09-23T06:01:10.0816870Z #23 1.353     --hash=sha256:1cf01971c4f2c5553b772a542e4aaf191789cd331bc2cd4ff0e6e65ba49e1e97 \
Synthetic Compose build and health	Run docker compose build	2026-09-23T06:01:10.0817411Z #23 1.353     --hash=sha256:29dfa0533a5d4c94d4dfa1b694fcb56c9c63aad8330ffdd816fd225d0a7a162f \
Synthetic Compose build and health	Run docker compose build	2026-09-23T06:01:10.0818097Z #23 1.353     --hash=sha256:2a9c6f195058cb45335e8cc3802745c603d716eb96bc9625950c1aac71c0c703 \
Synthetic Compose build and health	Run docker compose build	2026-09-23T06:01:10.0818821Z #23 1.353     --hash=sha256:3cfe765c1da0072636ca06628261e0ea05688e160d5c8a03e0217c3854037223 \
Synthetic Compose build and health	Run docker compose build	2026-09-23T06:01:10.0820043Z #23 1.353     --hash=sha256:425560c6fa0415f27261727bb20bd097568485e5eb0c121f1949417d1c516885 \
Synthetic Compose build and health	Run docker compose build	2026-09-23T06:01:10.0821486Z #23 1.353     --hash=sha256:4470ce197d4090875cf6affbf1f853338387428df97c4fb7b7106317b8214698 \
Synthetic Compose build and health	Run docker compose build	2026-09-23T06:01:10.0822045Z #23 1.353     --hash=sha256:4f4bca01b63096f606e095734dd56e74e175f94cfbf24ff3d63281cec61f7bb7 \
Synthetic Compose build and health	Run docker compose build	2026-09-23T06:01:10.0822583Z #23 1.353     --hash=sha256:536bceea4fa4acf7e1c61da2b5786304367c816c8895be71b8f537c480b0ea1f \
Synthetic Compose build and health	Run docker compose build	2026-09-23T06:01:10.0823128Z #23 1.353     --hash=sha256:539d75de9e0d536c84ff18dfeb805398e58227001ce09231a26a08b9aed1ee0e \
Synthetic Compose build and health	Run docker compose build	2026-09-23T06:01:10.0824625Z #23 1.353     --hash=sha256:54f45a148e28767bf343d33a684693c70e451c6f4c0e9904709a723fafbdfc1f \
Synthetic Compose build and health	Run docker compose build	2026-09-23T06:01:10.0825816Z #23 1.353     --hash=sha256:639c8929aa0afe81be836b04de888460d6bed38b9c54cfc18da8f6bfabf5af5d \
Synthetic Compose build and health	Run docker compose build	2026-09-23T06:01:10.0827685Z #23 1.353     --hash=sha256:6de4744d05bd1aa1be4ed7ea1189e3979196808008113bbbf899a460966b925e \
Synthetic Compose build and health	Run docker compose build	2026-09-23T06:01:10.0828840Z #23 1.353     --hash=sha256:8020133a74bd81b4572dd8e4be028a6b1ebcd70e6726edc3918008c08bee6ee6 \
Synthetic Compose build and health	Run docker compose build	2026-09-23T06:01:10.0830307Z #23 1.353     --hash=sha256:842e7b070435622248c7a2c44ae53fa1440e073cc3023bc919fed570884097a7 \
Synthetic Compose build and health	Run docker compose build	2026-09-23T06:01:10.0831471Z #23 1.353     --hash=sha256:847927daf4cffbd4e90e42bc890069897101edd015f956cb8721b3473372edda \
Synthetic Compose build and health	Run docker compose build	2026-09-23T06:01:10.0832354Z #23 1.353     --hash=sha256:882076c00c0a608b131187055ddc5ae29f2e7eaf870d6168980420d58528a5c8 \
Synthetic Compose build and health	Run docker compose build	2026-09-23T06:01:10.0832892Z #23 1.353     --hash=sha256:8c3d1e9c15b9d51ca0391e13da1a25a0a4df3c58a37c9dc368e0736cf7f69df0 \
Synthetic Compose build and health	Run docker compose build	2026-09-23T06:01:10.0833586Z #23 1.353     --hash=sha256:8c6e5a2f750cc71c3e3b11d71661f21d6f9bc6cebc6564b1466417a1ec03ec77 \
Synthetic Compose build and health	Run docker compose build	2026-09-23T06:01:10.0834274Z #23 1.353     --hash=sha256:900a67df3fd1660b035a4761c4ce73c382ea6b35f90f9863c36c6fd8bf8b09bb \
Synthetic Compose build and health	Run docker compose build	2026-09-23T06:01:10.0834820Z #23 1.353     --hash=sha256:9250a9a0a6fd4648b3f868da8d91a4c52b5811a62df58e753d50ae4454a36f80 \
Synthetic Compose build and health	Run docker compose build	2026-09-23T06:01:10.0835346Z #23 1.353     --hash=sha256:931908d9fc855d8f74783377822be318edb6dcb19e47169dc038f9a1bf60b06e \
Synthetic Compose build and health	Run docker compose build	2026-09-23T06:01:10.0835865Z #23 1.353     --hash=sha256:9826217f048f620d9a712672818bf231442c1b35d96b227a07eabd11b4bb6945 \
Synthetic Compose build and health	Run docker compose build	2026-09-23T06:01:10.0836386Z #23 1.353     --hash=sha256:a550fb4950a06dde3beb4721f5ad4b25bf4513784665b0a8522c792e2bd822a4 \
Synthetic Compose build and health	Run docker compose build	2026-09-23T06:01:10.0837087Z #23 1.353     --hash=sha256:aca6c1ef08a82bfe327cc156da694660f599923e2e6665b6d81c9c2d0ac9ffc8 \
Synthetic Compose build and health	Run docker compose build	2026-09-23T06:01:10.0837630Z #23 1.353     --hash=sha256:acac386b453c2516111b50985d60ce46e7fadb5ea71ae7b25f4c946935bf27cf \
Synthetic Compose build and health	Run docker compose build	2026-09-23T06:01:10.0838173Z #23 1.353     --hash=sha256:ae50181a047c871561212bb97f7932a2d45fb53e947bd9b57ebad85b529cbc53 \
Synthetic Compose build and health	Run docker compose build	2026-09-23T06:01:10.0838702Z #23 1.353     --hash=sha256:af05d726809bff6b141be124d4c7ce998f9c9c7f30edb1f46c07aa103d540b41 \
Synthetic Compose build and health	Run docker compose build	2026-09-23T06:01:10.0839243Z #23 1.353     --hash=sha256:afd70d95892096cdb26f15a00c45907b17817577aa8d1c76b2dcc2788391f9e9 \
Synthetic Compose build and health	Run docker compose build	2026-09-23T06:01:10.0839777Z #23 1.353     --hash=sha256:bc0011654b91cc4fb2ae701bec0a0ba1e552c0714247fa7af6c59e0ccfa3a4e1 \
Synthetic Compose build and health	Run docker compose build	2026-09-23T06:01:10.0841374Z #23 1.353     --hash=sha256:bcfbcf66006befb9fd2aeaa9e01feaf881b4dc330a02ba07d2322b1c11be7b5d \
Synthetic Compose build and health	Run docker compose build	2026-09-23T06:01:10.0841946Z #23 1.353     --hash=sha256:c7b9a2f8f4d8e90af72571d3d495deebdd7e3c75451f5b41719aee166e940fc2 \
Synthetic Compose build and health	Run docker compose build	2026-09-23T06:01:10.0843606Z #23 1.353     --hash=sha256:ccffae9a092a00deb7efd545fe5e2c33c33b88e7c054337e9a74c179347d0b7d \
Synthetic Compose build and health	Run docker compose build	2026-09-23T06:01:10.0845176Z #23 1.353     --hash=sha256:cdc7e35386f3847df728fbcb5e887e2d79c19e2fa1eba9e51b6621d23e3243af \
Synthetic Compose build and health	Run docker compose build	2026-09-23T06:01:10.0846173Z #23 1.353     --hash=sha256:d34c20167764fbcf927194d532dd7e0c56772f0a5f943fa5ef9e9afbba8fb9db \
Synthetic Compose build and health	Run docker compose build	2026-09-23T06:01:10.0846724Z #23 1.353     --hash=sha256:d7469697dce35be237db177d42e2a2ee26e6dcc5fc052078a6fefabd288c6edd \
Synthetic Compose build and health	Run docker compose build	2026-09-23T06:01:10.0848635Z #23 1.353     --hash=sha256:dc319e5a1de4b6913aac94bf6a2f9e847371e0a140a43dd4991db1a09bc2d504 \
Synthetic Compose build and health	Run docker compose build	2026-09-23T06:01:10.0849647Z #23 1.353     --hash=sha256:e4316bf32babbed84e691e352faf967ce2f0f024174a8643c37c94a1080374fc \
Synthetic Compose build and health	Run docker compose build	2026-09-23T06:01:10.0850237Z #23 1.353     --hash=sha256:ea7bb13b7c9a29791f87a0387ba7d3ad3a6d783d827e4d3f27b40a0ff44495e2 \
Synthetic Compose build and health	Run docker compose build	2026-09-23T06:01:10.0852060Z #23 1.353     --hash=sha256:ea964164cc9afa72d4d9b23cc28dafae93693c0a53e0b42acbff15b22c3f9ddd \
Synthetic Compose build and health	Run docker compose build	2026-09-23T06:01:10.0852814Z #23 1.353     --hash=sha256:ec829541c45bca16e61c7ae50c20501f213605beb75d1aba91a6ee37fbbb56a4 \
Synthetic Compose build and health	Run docker compose build	2026-09-23T06:01:10.0853385Z #23 1.353     --hash=sha256:f4d78253f6996be4901669ad25319f842f740eccf4d58e3c7f3dd39e6dde1d8f \
Synthetic Compose build and health	Run docker compose build	2026-09-23T06:01:10.0853980Z #23 1.353     --hash=sha256:f90938e92afda60266da758ee7d363447f7f0138c9559f9e1811629580582d90
Synthetic Compose build and health	Run docker compose build	2026-09-23T06:01:10.0854397Z #23 1.353     # via
Synthetic Compose build and health	Run docker compose build	2026-09-23T06:01:10.0854614Z #23 1.353     #   jsonschema
Synthetic Compose build and health	Run docker compose build	2026-09-23T06:01:10.0854861Z #23 1.353     #   referencing
Synthetic Compose build and health	Run docker compose build	2026-09-23T06:01:10.0855095Z #23 1.353 scipy==1.18.1 \
Synthetic Compose build and health	Run docker compose build	2026-09-23T06:01:10.0855474Z #23 1.353     --hash=sha256:011413b7426b75012840e35649e00fe0a2c3bae89fed433876e3a99251572efc \
Synthetic Compose build and health	Run docker compose build	2026-09-23T06:01:10.0856034Z #23 1.353     --hash=sha256:0e82073ecc7acc6436fac4b31674109c7e1d3e596789767eda01258a8c9e8123 \
Synthetic Compose build and health	Run docker compose build	2026-09-23T06:01:10.0856605Z #23 1.353     --hash=sha256:0fcb3c93519f27bb4f0c4b0f7802cdcaca7fcf93267b75edda2e9f4e8a55cbd7 \
Synthetic Compose build and health	Run docker compose build	2026-09-23T06:01:10.0857166Z #23 1.353     --hash=sha256:11c423f1049c5755ad4409af52a9ada1cff96fe9b50795d4af3619f292901239 \
Synthetic Compose build and health	Run docker compose build	2026-09-23T06:01:10.0857756Z #23 1.353     --hash=sha256:2d3ab0e8c69a17dd3559eab8cbb88f258e285c94d572c2719033f90f83290c89 \
Synthetic Compose build and health	Run docker compose build	2026-09-23T06:01:10.0858309Z #23 1.353     --hash=sha256:3ab3523da44749156e1f68b464dc56af11ae4cbc5c739a49d05f32b982eca9f3 \
Synthetic Compose build and health	Run docker compose build	2026-09-23T06:01:10.0858845Z #23 1.353     --hash=sha256:52c4b7422442aba924d03ad4019852b08a92e64ea187b933135687bfe2747307 \
Synthetic Compose build and health	Run docker compose build	2026-09-23T06:01:10.0859369Z #23 1.353     --hash=sha256:559ed65f60c1af5a03f3912605a1b5114f522c7c32fb23c3376ae8f03219fe28 \
Synthetic Compose build and health	Run docker compose build	2026-09-23T06:01:10.0859898Z #23 1.353     --hash=sha256:75b00eb8fb802090aa903f4ea1c7f5a584779f967361e68b7e98e531cc2d7174 \
Synthetic Compose build and health	Run docker compose build	2026-09-23T06:01:10.0860427Z #23 1.353     --hash=sha256:78a0d7c918e74a232394117160e7e3db503377572a45bcef8826e4ab8a35feba \
Synthetic Compose build and health	Run docker compose build	2026-09-23T06:01:10.0861156Z #23 1.353     --hash=sha256:7f4b8bc363b6d65ee2152bec57568e3c52639bb34c46057b09857a307ed5e21d \
Synthetic Compose build and health	Run docker compose build	2026-09-23T06:01:10.0861694Z #23 1.353     --hash=sha256:83de5453a7799afc9048b4616bd085cef126e36412f0ea2f6370c36a2a3a51e7 \
Synthetic Compose build and health	Run docker compose build	2026-09-23T06:01:10.0862216Z #23 1.353     --hash=sha256:88f0e784020649f88ea48c9f5ddfa403bf9205820667c0914740b392035afb82 \
Synthetic Compose build and health	Run docker compose build	2026-09-23T06:01:10.0862772Z #23 1.353     --hash=sha256:8bcf3c1ba5d6456e2effd30fcbd3459b044d683fcdac79a2e6830f0bdf7de487 \
Synthetic Compose build and health	Run docker compose build	2026-09-23T06:01:10.0863325Z #23 1.353     --hash=sha256:911de823097db8b63f034299d12662db93344e6ffa0b881cbb57748974b70168 \
Synthetic Compose build and health	Run docker compose build	2026-09-23T06:01:10.0863853Z #23 1.353     --hash=sha256:95298364e251be3e60249facbeeca03631d3bb7584f85879516ec55ac717b81f \
Synthetic Compose build and health	Run docker compose build	2026-09-23T06:01:10.0864393Z #23 1.353     --hash=sha256:9554bcc6d715ee87a633a3cc8e7703c6628b100dd29cb8a2efc4c0533c7ff729 \
Synthetic Compose build and health	Run docker compose build	2026-09-23T06:01:10.0864930Z #23 1.353     --hash=sha256:9f2897bf7737392ad0d5213ea7b6add72a4edf5679b3153106aeb88b6507b3b9 \
Synthetic Compose build and health	Run docker compose build	2026-09-23T06:01:10.0865479Z #23 1.353     --hash=sha256:a1d33a7836f7ddc1993427966a0823468ec41bcbdb1a9f9942d1d7e57f803ba3 \
Synthetic Compose build and health	Run docker compose build	2026-09-23T06:01:10.0866015Z #23 1.353     --hash=sha256:ac0333bdf38309aa3dcbe7e3fa7ea29e7a2c37c6ea306a757b700ded8e4596ad \
Synthetic Compose build and health	Run docker compose build	2026-09-23T06:01:10.0866552Z #23 1.353     --hash=sha256:c24acac1e18912761c4700239bbc1fd32f615af690f1584d49b35859be51324d \
Synthetic Compose build and health	Run docker compose build	2026-09-23T06:01:10.0867075Z #23 1.353     --hash=sha256:c825cef2f49e46753726a7181a8e199804a912b29519ada542c6ebc654951899 \
Synthetic Compose build and health	Run docker compose build	2026-09-23T06:01:10.0867836Z #23 1.353     --hash=sha256:cbf38d043c1aa4ab306e1ada6ab6eddacc3322a20b7af1b30bc93254b366fe09 \
Synthetic Compose build and health	Run docker compose build	2026-09-23T06:01:10.0868395Z #23 1.353     --hash=sha256:cd479fc04dd9401e3b4f49e76518768ef99c4f517a98c284eb091fd725719adf \
Synthetic Compose build and health	Run docker compose build	2026-09-23T06:01:10.0869143Z #23 1.353     --hash=sha256:cfbf154f2ba187f2ed6cce2639efff7d105f1140573642c0161615b6d91d6a87 \
Synthetic Compose build and health	Run docker compose build	2026-09-23T06:01:10.0869702Z #23 1.353     --hash=sha256:d416b16cccfd70fbf62400e84d0bb2f4e6af519a45557f1692c749b37f14b315 \
Synthetic Compose build and health	Run docker compose build	2026-09-23T06:01:10.0870245Z #23 1.353     --hash=sha256:ddef79fb382df40104a19bb7151b3b23e57c1778fcf857c71ceecd9bd264513f \
Synthetic Compose build and health	Run docker compose build	2026-09-23T06:01:10.0870912Z #23 1.353     --hash=sha256:e3b417bf8c2c7c16e8f58ad91db17783ec911ac16e7b50eb6eab6e809b4f5b07 \
Synthetic Compose build and health	Run docker compose build	2026-09-23T06:01:10.0871467Z #23 1.353     --hash=sha256:e6fb6a55cc0ba97b59a1f288fb86dc6fce8bdfc0fffcbfd015e3a954bf2a2d93 \
Synthetic Compose build and health	Run docker compose build	2026-09-23T06:01:10.0872042Z #23 1.353     --hash=sha256:ea324d9dd34c38bfb9bec8ca4d1b407db97dbb74029f566b8e322b1b6fe56fe6 \
Synthetic Compose build and health	Run docker compose build	2026-09-23T06:01:10.0872593Z #23 1.353     --hash=sha256:fdaf5ea890a6183d0565f51a61799d67081bd5b1cf03c5f4b3fd3732108625c9
Synthetic Compose build and health	Run docker compose build	2026-09-23T06:01:10.0873034Z #23 1.353     # via brasileirao-predictor
Synthetic Compose build and health	Run docker compose build	2026-09-23T06:01:10.0873299Z #23 1.353 six==1.17.0 \
Synthetic Compose build and health	Run docker compose build	2026-09-23T06:01:10.0873682Z #23 1.353     --hash=sha256:4721f391ed90541fddacab5acf947aa0d3dc7d27b2e1e8eda2be8970586c3274 \
Synthetic Compose build and health	Run docker compose build	2026-09-23T06:01:10.0874234Z #23 1.353     --hash=sha256:ff70335d468e7eb6ec65b95b99d3a2836546063f63acc5171de367e834932a81
Synthetic Compose build and health	Run docker compose build	2026-09-23T06:01:10.0874638Z #23 1.353     # via python-dateutil
Synthetic Compose build and health	Run docker compose build	2026-09-23T06:01:10.0874890Z #23 1.353 truststore==0.10.4 \
Synthetic Compose build and health	Run docker compose build	2026-09-23T06:01:10.0875271Z #23 1.353     --hash=sha256:9d91bd436463ad5e4ee4aba766628dd6cd7010cf3e2461756b3303710eebc301 \
Synthetic Compose build and health	Run docker compose build	2026-09-23T06:01:10.0875820Z #23 1.353     --hash=sha256:adaeaecf1cbb5f4de3b1959b42d41f6fab57b2b1666adb59e89cb0b53361d981
Synthetic Compose build and health	Run docker compose build	2026-09-23T06:01:10.0876238Z #23 1.353     # via brasileirao-predictor
Synthetic Compose build and health	Run docker compose build	2026-09-23T06:01:10.0876521Z #23 1.353 typing-extensions==4.16.0 \
Synthetic Compose build and health	Run docker compose build	2026-09-23T06:01:10.0876929Z #23 1.353     --hash=sha256:481caa481374e813c1b176ada14e97f1f67a4539ce9cfeb3f350d78d6370c2e8 \
Synthetic Compose build and health	Run docker compose build	2026-09-23T06:01:10.0877466Z #23 1.353     --hash=sha256:dc983d19a509c94dba722ee6abd33940f7c05a89e243c47e907eb4db6f1a43e5
Synthetic Compose build and health	Run docker compose build	2026-09-23T06:01:10.0877851Z #23 1.353     # via
Synthetic Compose build and health	Run docker compose build	2026-09-23T06:01:10.0878060Z #23 1.353     #   pydantic
Synthetic Compose build and health	Run docker compose build	2026-09-23T06:01:10.0878290Z #23 1.353     #   pydantic-core
Synthetic Compose build and health	Run docker compose build	2026-09-23T06:01:10.0878535Z #23 1.353     #   typing-inspection
Synthetic Compose build and health	Run docker compose build	2026-09-23T06:01:10.0878787Z #23 1.353 typing-inspection==0.4.4 \
Synthetic Compose build and health	Run docker compose build	2026-09-23T06:01:10.0879182Z #23 1.353     --hash=sha256:547274fa6b0a561ccf549cc9524b999a578e737d015d8709d021f9d0d13bea47 \
Synthetic Compose build and health	Run docker compose build	2026-09-23T06:01:10.0879725Z #23 1.353     --hash=sha256:65b8397ba37ccbce054456aaccddfc91e6e3083c92824df348d96ca832f3f147
Synthetic Compose build and health	Run docker compose build	2026-09-23T06:01:10.0880123Z #23 1.353     # via
Synthetic Compose build and health	Run docker compose build	2026-09-23T06:01:10.0880328Z #23 1.353     #   pydantic
Synthetic Compose build and health	Run docker compose build	2026-09-23T06:01:10.0880569Z #23 1.353     #   pydantic-settings
Synthetic Compose build and health	Run docker compose build	2026-09-23T06:01:10.0881038Z #23 1.353 tzdata==2026.3 ; sys_platform == 'emscripten' or sys_platform == 'win32' \
Synthetic Compose build and health	Run docker compose build	2026-09-23T06:01:10.0881561Z #23 1.353     --hash=sha256:4a1518b8993086a7982523e071643f3c0e5f213e75b21318e78bcabfff9d1415 \
Synthetic Compose build and health	Run docker compose build	2026-09-23T06:01:10.0882102Z #23 1.353     --hash=sha256:dc096730c87af6cab1b171c9d532be840741ff5d459015e7f6947bd7d7e54931
Synthetic Compose build and health	Run docker compose build	2026-09-23T06:01:10.0882505Z #23 1.353     # via pandas
Synthetic Compose build and health	Run docker compose build	2026-09-23T06:01:10.0882724Z #23 1.353 urllib3==2.7.0 \
Synthetic Compose build and health	Run docker compose build	2026-09-23T06:01:10.0883098Z #23 1.353     --hash=sha256:231e0ec3b63ceb14667c67be60f2f2c40a518cb38b03af60abc813da26505f4c \
Synthetic Compose build and health	Run docker compose build	2026-09-23T06:01:10.0883635Z #23 1.353     --hash=sha256:9fb4c81ebbb1ce9531cce37674bbc6f1360472bc18ca9a553ede278ef7276897
Synthetic Compose build and health	Run docker compose build	2026-09-23T06:01:10.0884033Z #23 1.353     # via requests
Synthetic Compose build and health	Run docker compose build	2026-09-23T06:01:10.0884270Z #23 1.367 Building wheel...
Synthetic Compose build and health	Run docker compose build	2026-09-23T06:01:10.0884623Z #23 2.294 Successfully built dist/brasileirao_predictor-0.2.0-py3-none-any.whl
Synthetic Compose build and health	Run docker compose build	2026-09-23T06:01:10.0885089Z #23 2.315 Using CPython 3.14.7 interpreter at: /usr/local/bin/python3
Synthetic Compose build and health	Run docker compose build	2026-09-23T06:01:10.0885459Z #23 2.315 Creating virtual environment at: /opt/venv
Synthetic Compose build and health	Run docker compose build	2026-09-23T06:01:10.0885790Z #23 2.406 Using Python 3.14.7 environment at: /opt/venv
Synthetic Compose build and health	Run docker compose build	2026-09-23T06:01:10.0886255Z #23 3.061 Resolved 30 packages in 653ms
Synthetic Compose build and health	Run docker compose build	2026-09-23T06:01:10.0886553Z #23 3.151 Downloading pydantic-core (2.0MiB)
Synthetic Compose build and health	Run docker compose build	2026-09-23T06:01:10.0886983Z #23 3.176 Downloading pandas (10.3MiB)
Synthetic Compose build and health	Run docker compose build	2026-09-23T06:01:10.0887242Z #23 3.176 Downloading scipy (33.7MiB)
Synthetic Compose build and health	Run docker compose build	2026-09-23T06:01:10.0887505Z #23 3.176 Downloading llvmlite (57.1MiB)
Synthetic Compose build and health	Run docker compose build	2026-09-23T06:01:10.0887786Z #23 3.176 Downloading numpy (15.9MiB)
Synthetic Compose build and health	Run docker compose build	2026-09-23T06:01:10.0888036Z #23 3.176 Downloading numba (3.7MiB)
Synthetic Compose build and health	Run docker compose build	2026-09-23T06:01:10.0888309Z #23 3.467  Downloaded pydantic-core
Synthetic Compose build and health	Run docker compose build	2026-09-23T06:01:10.2529794Z #23 4.403  Downloaded numba
Synthetic Compose build and health	Run docker compose build	2026-09-23T06:01:10.4682709Z #23 ...
Synthetic Compose build and health	Run docker compose build	2026-09-23T06:01:10.4682987Z 
Synthetic Compose build and health	Run docker compose build	2026-09-23T06:01:10.4683296Z #28 [worker build 6/7] COPY dotnet/LineupWorker dotnet/LineupWorker
Synthetic Compose build and health	Run docker compose build	2026-09-23T06:01:10.4683900Z #28 DONE 0.3s
Synthetic Compose build and health	Run docker compose build	2026-09-23T06:01:10.6191250Z 
Synthetic Compose build and health	Run docker compose build	2026-09-23T06:01:10.6203123Z #29 [init-data builder 8/8] RUN python -c "import urllib.request; urllib.request.urlretrieve('https://github.com/leonardosovienski/core-predictor/releases/download/v3.2.1/predictor_core-3.2.1-py3-none-any.whl', 'predictor_core-3.2.1-py3-none-any.whl'); urllib.request.urlretrieve('https://github.com/leonardosovienski/predictor-ops/releases/download/v4.2.1/predictor_ops-4.2.1-py3-none-any.whl', 'predictor_ops-4.2.1-py3-none-any.whl')"     && sha256sum -c constraints/shared-wheels.sha256     && uv export --locked --no-dev --no-emit-project         --format requirements.txt --output-file requirements.lock     && uv build --wheel && uv venv /opt/venv     && uv pip sync --python /opt/venv/bin/python --require-hashes requirements.lock     && uv pip install --python /opt/venv/bin/python --no-deps dist/*.whl
Synthetic Compose build and health	Run docker compose build	2026-09-23T06:01:10.6208098Z #29 0.940 predictor_core-3.2.1-py3-none-any.whl: OK
Synthetic Compose build and health	Run docker compose build	2026-09-23T06:01:10.6221968Z #29 0.940 predictor_ops-4.2.1-py3-none-any.whl: OK
Synthetic Compose build and health	Run docker compose build	2026-09-23T06:01:10.6224363Z #29 1.031 Using CPython 3.14.7 interpreter at: /usr/local/bin/python3
Synthetic Compose build and health	Run docker compose build	2026-09-23T06:01:10.6224986Z #29 1.379 Resolved 60 packages in 345ms
Synthetic Compose build and health	Run docker compose build	2026-09-23T06:01:10.6225559Z #29 1.381 # This file was autogenerated by uv via the following command:
Synthetic Compose build and health	Run docker compose build	2026-09-23T06:01:10.6227435Z #29 1.381 #    uv export --locked --no-dev --no-emit-project --format requirements.txt --output-file requirements.lock
Synthetic Compose build and health	Run docker compose build	2026-09-23T06:01:10.6228304Z #29 1.381 annotated-types==0.8.0 \
Synthetic Compose build and health	Run docker compose build	2026-09-23T06:01:10.6232707Z #29 1.381     --hash=sha256:13b2beaad985e05e2d6407ee4c4f35590b11f8d693a258a561055cac8f64cab7 \
Synthetic Compose build and health	Run docker compose build	2026-09-23T06:01:10.6233716Z #29 1.381     --hash=sha256:f072f4d804ea359e4eaf198b1af7a8b0943881a87f31bb764f8bf219bb9419e0
Synthetic Compose build and health	Run docker compose build	2026-09-23T06:01:10.6234445Z #29 1.381     # via pydantic
Synthetic Compose build and health	Run docker compose build	2026-09-23T06:01:10.6234878Z #29 1.381 attrs==26.1.0 \
Synthetic Compose build and health	Run docker compose build	2026-09-23T06:01:10.6235554Z #29 1.381     --hash=sha256:c647aa4a12dfbad9333ca4e71fe62ddc36f4e63b2d260a37a8b83d2f043ac309 \
Synthetic Compose build and health	Run docker compose build	2026-09-23T06:01:10.6236558Z #29 1.381     --hash=sha256:d03ceb89cb322a8fd706d4fb91940737b6642aa36998fe130a9bc96c985eff32
Synthetic Compose build and health	Run docker compose build	2026-09-23T06:01:10.6237287Z #29 1.381     # via
Synthetic Compose build and health	Run docker compose build	2026-09-23T06:01:10.6237615Z #29 1.381     #   jsonschema
Synthetic Compose build and health	Run docker compose build	2026-09-23T06:01:10.6238024Z #29 1.381     #   referencing
Synthetic Compose build and health	Run docker compose build	2026-09-23T06:01:10.6238436Z #29 1.381 certifi==2026.7.22 \
Synthetic Compose build and health	Run docker compose build	2026-09-23T06:01:10.6239107Z #29 1.381     --hash=sha256:62f22742b58a1a33014a2b6b706588a8d7e2a88ae7bd1a6ebe8c992928483775 \
Synthetic Compose build and health	Run docker compose build	2026-09-23T06:01:10.6240078Z #29 1.381     --hash=sha256:741e2c3b351ddf169a738da9f2c048608ff7f2c5cc02f1ebc6b118bb090d5d55
Synthetic Compose build and health	Run docker compose build	2026-09-23T06:01:10.6240933Z #29 1.381     # via requests
Synthetic Compose build and health	Run docker compose build	2026-09-23T06:01:10.6241349Z #29 1.381 charset-normalizer==3.5.1 \
Synthetic Compose build and health	Run docker compose build	2026-09-23T06:01:10.6242058Z #29 1.381     --hash=sha256:01e93745f7f219b703b60ba7afead36cfc4242782be5af484673fc500df12da5 \
Synthetic Compose build and health	Run docker compose build	2026-09-23T06:01:10.6242838Z #29 1.381     --hash=sha256:09a7bba9f739468c8e78c36a75c33768e53cb1959fc638f510454c14683f00d5 \
Synthetic Compose build and health	Run docker compose build	2026-09-23T06:01:10.6243409Z #29 1.381     --hash=sha256:0c6dfb5ca6723eeed15aa8e564a014d69fcb8812f94eef11fe3631e0508199f5 \
Synthetic Compose build and health	Run docker compose build	2026-09-23T06:01:10.6243989Z #29 1.381     --hash=sha256:0d929fc574b4d6fd9e7c0f5c2ede8716a41911923aa7fa5fce38e0818aa4a1ac \
Synthetic Compose build and health	Run docker compose build	2026-09-23T06:01:10.6244634Z #29 1.381     --hash=sha256:15f024313246a4ed976c60f440bb8d257815513a681d212ff74fd46f7d715a90 \
Synthetic Compose build and health	Run docker compose build	2026-09-23T06:01:10.6246224Z #29 1.381     --hash=sha256:1f5883d77fd409a261abb5dc8ccbe335720d798b1de4abb3b1d47ccbbc76b53b \
Synthetic Compose build and health	Run docker compose build	2026-09-23T06:01:10.6247483Z #29 1.381     --hash=sha256:256dd4d85d9e4dc595e2bc983c980e73f62ddeb3165c58b4c3dfe78c5c8548c1 \
Synthetic Compose build and health	Run docker compose build	2026-09-23T06:01:10.6248445Z #29 1.381     --hash=sha256:26422d45fd13551cf564c58932f7d72b4f58b93b0fcf18c35ba6be12b46bb102 \
Synthetic Compose build and health	Run docker compose build	2026-09-23T06:01:10.6249447Z #29 1.381     --hash=sha256:2bced4061f000f7187254a02ad3433ae17eaf991747ceea2f478422590a5bba9 \
Synthetic Compose build and health	Run docker compose build	2026-09-23T06:01:10.6250418Z #29 1.381     --hash=sha256:2f06b7eae9dbe77fe1d644ca244dad508de8d302870a43f3c559b521270938a0 \
Synthetic Compose build and health	Run docker compose build	2026-09-23T06:01:10.6251569Z #29 1.381     --hash=sha256:2f293479cce755c75f1697e87c409b7ae4c555c7dfecb6e988ad13abba943031 \
Synthetic Compose build and health	Run docker compose build	2026-09-23T06:01:10.6252532Z #29 1.381     --hash=sha256:329fc3ccb63ad22d867d84c2adea759a64079a37ba4a343433b02c7a2816871e \
Synthetic Compose build and health	Run docker compose build	2026-09-23T06:01:10.6253506Z #29 1.381     --hash=sha256:343fb4f2821043bd87095f7b08a1a181febc8e36ac64212143bbfd0a0e1bc235 \
Synthetic Compose build and health	Run docker compose build	2026-09-23T06:01:10.6254421Z #29 1.381     --hash=sha256:3588e376b3ea2eea84976f67273d679f229e24c66dce7b82ae45aef04ff6e072 \
Synthetic Compose build and health	Run docker compose build	2026-09-23T06:01:10.6255349Z #29 1.381     --hash=sha256:35fe081843b35aad20ffeccec3eeffbe637b15d14f3fb22cc1b59cd8ec17e93c \
Synthetic Compose build and health	Run docker compose build	2026-09-23T06:01:10.6256259Z #29 1.381     --hash=sha256:36047af20e17097c3bb9476c2b7655f2f7aa51322c0ba58c07695bedf755a950 \
Synthetic Compose build and health	Run docker compose build	2026-09-23T06:01:10.6257148Z #29 1.381     --hash=sha256:394fea06235c8543390050ed5f529187074b029fb027213f6c46ac11ab5d950e \
Synthetic Compose build and health	Run docker compose build	2026-09-23T06:01:10.6258050Z #29 1.381     --hash=sha256:41876ee62a3dddf48ff1121ad8f0798032aa03f2fd35f21f34a4cab14f18d8d2 \
Synthetic Compose build and health	Run docker compose build	2026-09-23T06:01:10.6258653Z #29 1.381     --hash=sha256:485a0d363cafefcd2538a73c7c838daa2035f09b2c9f9b5e3133f80c6aeb84c2 \
Synthetic Compose build and health	Run docker compose build	2026-09-23T06:01:10.6259400Z #29 1.381     --hash=sha256:496846868fea80e479324862fa877f02411f2fd0f83b79ccee2607aa68b2a032 \
Synthetic Compose build and health	Run docker compose build	2026-09-23T06:01:10.6260302Z #29 1.381     --hash=sha256:4b599739b93b2cbeded49645ae3c8d1405c29ddfbceac1545c87a3f9580a9e96 \
Synthetic Compose build and health	Run docker compose build	2026-09-23T06:01:10.6261449Z #29 1.381     --hash=sha256:4bea7f8ebe90bbd7f0e4a2de42ca6924ba23e3e76418c408ff82f1d46fabd687 \
Synthetic Compose build and health	Run docker compose build	2026-09-23T06:01:10.6262413Z #29 1.381     --hash=sha256:4c4fb141a727957c93edfe5c32a26ceb6b5f6461d67146e2d39f51e16170bea8 \
Synthetic Compose build and health	Run docker compose build	2026-09-23T06:01:10.6263314Z #29 1.381     --hash=sha256:4c9548dc78002099910abaebc0a72ac58b7d30931869e0351c09b507dff4ece3 \
Synthetic Compose build and health	Run docker compose build	2026-09-23T06:01:10.6264217Z #29 1.381     --hash=sha256:4f298bdadb8f0b9e5672877f647d1be9373ef5320c9e2f049795e26cad28b6a9 \
Synthetic Compose build and health	Run docker compose build	2026-09-23T06:01:10.6265155Z #29 1.381     --hash=sha256:52ec005752a56ae79547a05c0139ca2501a0c866390b6115008456b9f0e7cde1 \
Synthetic Compose build and health	Run docker compose build	2026-09-23T06:01:10.6266025Z #29 1.381     --hash=sha256:58d3e12c88e0950bca850ae1f7c256055c097639c2edb9eb123af9807d8b15e4 \
Synthetic Compose build and health	Run docker compose build	2026-09-23T06:01:10.6266931Z #29 1.381     --hash=sha256:58d4aa13a59c969dbfdf9e6a9560e242cbfd9e8a8f50c2747714df1a423adf65 \
Synthetic Compose build and health	Run docker compose build	2026-09-23T06:01:10.6267843Z #29 1.381     --hash=sha256:5c0ea61a470e070686aa30892fed79e297d2c8d0ab46b8bcdf027d38c51da591 \
Synthetic Compose build and health	Run docker compose build	2026-09-23T06:01:10.6268841Z #29 1.381     --hash=sha256:6117b84ea48435e5356dc737f5121485c30920ba43375fa7b434fd753df0eac3 \
Synthetic Compose build and health	Run docker compose build	2026-09-23T06:01:10.6269746Z #29 1.381     --hash=sha256:62b55f6722735a6c472f88361cde6640608773d9443cebdbb51abf436a1fcdd3 \
Synthetic Compose build and health	Run docker compose build	2026-09-23T06:01:10.6270647Z #29 1.381     --hash=sha256:6b7430cf5728e68f6c462254009a6ef4086e1bea43cf2f57aa9c55fb4f50ff96 \
Synthetic Compose build and health	Run docker compose build	2026-09-23T06:01:10.6271739Z #29 1.381     --hash=sha256:6c9cdde8becb25a7fde49924511aa2644d6f8081cc8df8e9452724303348d8e3 \
Synthetic Compose build and health	Run docker compose build	2026-09-23T06:01:10.6272646Z #29 1.381     --hash=sha256:6df0ec430f9a831772c23ca5a224cba36517a58a84bb32c32bb59a9fa67c47f6 \
Synthetic Compose build and health	Run docker compose build	2026-09-23T06:01:10.6273551Z #29 1.381     --hash=sha256:70055ff39b97c99e7ae40ea3e393fb62aa2e44dbd9b29f8d14f42fb0025c3959 \
Synthetic Compose build and health	Run docker compose build	2026-09-23T06:01:10.6274442Z #29 1.381     --hash=sha256:774d157f112367ff4abd29019f38f023c24e00e56edc7829c20e358a5a913ad8 \
Synthetic Compose build and health	Run docker compose build	2026-09-23T06:01:10.6275358Z #29 1.381     --hash=sha256:7ac76cf9afd34929d76eb7fcb63be476a4853d8a96f0dcf2d0db68a0cbdf9885 \
Synthetic Compose build and health	Run docker compose build	2026-09-23T06:01:10.6276279Z #29 1.381     --hash=sha256:823f82903d189af463d7df250ef1f7f696f3cee08cc8d91deb565e8d425f6506 \
Synthetic Compose build and health	Run docker compose build	2026-09-23T06:01:10.6277409Z #29 1.381     --hash=sha256:85d5855daafc240cc045c026d7a15fd198a09b0fc8ff6f5ecbb5297b509cb11e \
Synthetic Compose build and health	Run docker compose build	2026-09-23T06:01:10.6278487Z #29 1.381     --hash=sha256:87e4f41d375c0b9be2fb5251aee4b8a689169e134535aed81bf085c3b647451e \
Synthetic Compose build and health	Run docker compose build	2026-09-23T06:01:10.6279387Z #29 1.381     --hash=sha256:88ca277405c2d3b71c4e1c2ee0e7966e807bcba86a69d11e19ba199d18ae4491 \
Synthetic Compose build and health	Run docker compose build	2026-09-23T06:01:10.6280296Z #29 1.381     --hash=sha256:90b7481fb62fbe172c558bc6fd1c4c98d82004a54a7551f20e11ac9bf0b8708c \
Synthetic Compose build and health	Run docker compose build	2026-09-23T06:01:10.6281367Z #29 1.381     --hash=sha256:9362dd90aa7dab48c0054a21187791ccf05473f7dba5d92b8033ae62164675e7 \
Synthetic Compose build and health	Run docker compose build	2026-09-23T06:01:10.6282264Z #29 1.381     --hash=sha256:94d78ecec2605a8d0398b0f365d5f12a63248438516f5dac536a5eff7337df4a \
Synthetic Compose build and health	Run docker compose build	2026-09-23T06:01:10.6283208Z #29 1.381     --hash=sha256:977cdbd483a9cff38179bea4fd754289a6f2195c7abd414aba85410b3e66cc5e \
Synthetic Compose build and health	Run docker compose build	2026-09-23T06:01:10.6284124Z #29 1.381     --hash=sha256:9ac4444d8d4fd4c4bd08bf451ed3167aa9e7ec6cdb41b648794f1d1103652e36 \
Synthetic Compose build and health	Run docker compose build	2026-09-23T06:01:10.6285569Z #29 1.381     --hash=sha256:9d9a0dc7cbe9bec24c3f767c9122c41fe5a1bc43f47cd099d00d393e09769de4 \
Synthetic Compose build and health	Run docker compose build	2026-09-23T06:01:10.6286538Z #29 1.381     --hash=sha256:9eea3ab2597a5e65fe65296e2d6a84570845a6b55532d90333d740d48bbc850a \
Synthetic Compose build and health	Run docker compose build	2026-09-23T06:01:10.6287436Z #29 1.381     --hash=sha256:a2028475ba855475b8b4d3cfeb4994269c967aea8b9892dfba907f4263a863a3 \
Synthetic Compose build and health	Run docker compose build	2026-09-23T06:01:10.6288365Z #29 1.381     --hash=sha256:a3a370082ce34d0612f421e15fe011c53bb1feff21a26d06ad4fb244dab5a375 \
Synthetic Compose build and health	Run docker compose build	2026-09-23T06:01:10.6289283Z #29 1.381     --hash=sha256:a6dac12ff6b846103483683f60c5f8fee205121adc58ffd87e90a90a3af69e99 \
Synthetic Compose build and health	Run docker compose build	2026-09-23T06:01:10.6290156Z #29 1.381     --hash=sha256:ab743e9bc90c1f73552ec33e10e3331315acd2c397b36065b591b0181de533cc \
Synthetic Compose build and health	Run docker compose build	2026-09-23T06:01:10.6291248Z #29 1.381     --hash=sha256:acaf604462bf330b0d07e7a07c1d6e4adac79e5fb13e9c5140590542cafacc00 \
Synthetic Compose build and health	Run docker compose build	2026-09-23T06:01:10.6292089Z #29 1.381     --hash=sha256:ae4a097991662cd4fff0ddc74e0fe7874f82e00042fa0ea00855645ed0c79598 \
Synthetic Compose build and health	Run docker compose build	2026-09-23T06:01:10.6292990Z #29 1.381     --hash=sha256:aea996a6aba25260827c9ea511d1addfde2da9eb686ac961838509086188b7e6 \
Synthetic Compose build and health	Run docker compose build	2026-09-23T06:01:10.6293919Z #29 1.381     --hash=sha256:b39b69b347e5e47a3b5b8cfc005c68c1ba347474e3960236c4944a8ecd174962 \
Synthetic Compose build and health	Run docker compose build	2026-09-23T06:01:10.6294817Z #29 1.381     --hash=sha256:bb57753e36e4855b8ca375069482250a6246372331a3e4f3407eaebb007443f5 \
Synthetic Compose build and health	Run docker compose build	2026-09-23T06:01:10.6295723Z #29 1.381     --hash=sha256:c010f5581d9c612804cc59fcf7b524b707fbcb72828551237ab545bb5c7034af \
Synthetic Compose build and health	Run docker compose build	2026-09-23T06:01:10.6296634Z #29 1.381     --hash=sha256:c428c6c31eb5f4277d7f8eccaf767fbd548ddd5ce3c8b4f4cbbfab3d96b5904c \
Synthetic Compose build and health	Run docker compose build	2026-09-23T06:01:10.6297568Z #29 1.381     --hash=sha256:c658c50ac0c98cd755a2dd50b7977d3bca7df401dcc47fbdfa87db53ef7d4e8b \
Synthetic Compose build and health	Run docker compose build	2026-09-23T06:01:10.6298494Z #29 1.381     --hash=sha256:c71fb0d56c920c269cd3e2e3fe7c610e3f1fdb21a6ce60efa6430ff63676cea6 \
Synthetic Compose build and health	Run docker compose build	2026-09-23T06:01:10.6299439Z #29 1.381     --hash=sha256:cee5dd7c6fb5dd52a0fe2a740f9bc6e3593f5f8b1788bde49de02086f30182b2 \
Synthetic Compose build and health	Run docker compose build	2026-09-23T06:01:10.6300357Z #29 1.381     --hash=sha256:d59b75732e9b6f27388e10c14b0259cc5f2e48c78627d185e6a177b58ad3cffe \
Synthetic Compose build and health	Run docker compose build	2026-09-23T06:01:10.6301419Z #29 1.381     --hash=sha256:d63600d620ad0064c3a748b950ac5ea38a80190e5498532efefa4b7b3f1da1f3 \
Synthetic Compose build and health	Run docker compose build	2026-09-23T06:01:10.6302330Z #29 1.381     --hash=sha256:dd732602a7009217f658d5863d12d79d373a4de0eebc111094bcdd3bb8e0a6cc \
Synthetic Compose build and health	Run docker compose build	2026-09-23T06:01:10.6303207Z #29 1.381     --hash=sha256:e199fb99720074809a7720f1c0b4d919eea8b87e88713e0f8f602f7bef543d9d \
Synthetic Compose build and health	Run docker compose build	2026-09-23T06:01:10.6304084Z #29 1.381     --hash=sha256:e71c909f353863b2b89c83de2ebed71ea6d0df8a6ef65a128193c5e650766bef \
Synthetic Compose build and health	Run docker compose build	2026-09-23T06:01:10.6304990Z #29 1.381     --hash=sha256:e90251c0c7bdd54a100a0dce3c07b7e637278c93af29dbf78ebb89a58c4bac7d \
Synthetic Compose build and health	Run docker compose build	2026-09-23T06:01:10.6305897Z #29 1.381     --hash=sha256:f03ac127268b43ef4fe9e6ab6794a6794b49485a0cc0c1db79876d2f33f75bc7 \
Synthetic Compose build and health	Run docker compose build	2026-09-23T06:01:10.6306812Z #29 1.381     --hash=sha256:f6f7deae3feb4edfa2efaf7c574fe88cbf055038a6abdb40188e4fff66d5699f \
Synthetic Compose build and health	Run docker compose build	2026-09-23T06:01:10.6307722Z #29 1.381     --hash=sha256:fa48b1b63d639f9483e0633e092f5851e2348c352f1f9bb6c8182f87884ef876 \
Synthetic Compose build and health	Run docker compose build	2026-09-23T06:01:10.6308881Z #29 1.381     --hash=sha256:fbc597639158fd7c14d55e808718848319540f51b0e6746e3eefa59723a4a348 \
Synthetic Compose build and health	Run docker compose build	2026-09-23T06:01:10.6309937Z #29 1.381     --hash=sha256:fce8cbd4997efeb450bd298b54f755dcdff18d496f7a5ddbb4867c6d7c88fdc3 \
Synthetic Compose build and health	Run docker compose build	2026-09-23T06:01:10.6311069Z #29 1.381     --hash=sha256:fd0350afdc3aabd5576f60ea109228bd5538139713c7b094c5cd27c73a98bc6f \
Synthetic Compose build and health	Run docker compose build	2026-09-23T06:01:10.6312006Z #29 1.381     --hash=sha256:fd0a274c0e5f9a21565cd9d3dd749b61f96b7aa1e20a93aa1ba4029518f2e5c0 \
Synthetic Compose build and health	Run docker compose build	2026-09-23T06:01:10.6312932Z #29 1.381     --hash=sha256:fdb8a068947befafba9952162645dc2fecaeb400e64584829ed5e9b2fbe21a7f
Synthetic Compose build and health	Run docker compose build	2026-09-23T06:01:10.6313636Z #29 1.381     # via requests
Synthetic Compose build and health	Run docker compose build	2026-09-23T06:01:10.6313988Z #29 1.381 idna==3.19 \
Synthetic Compose build and health	Run docker compose build	2026-09-23T06:01:10.6314560Z #29 1.381     --hash=sha256:5e0811a4383b21dc5838069f801c4fb62113b7447663d2530d2bd6e77b49bf15 \
Synthetic Compose build and health	Run docker compose build	2026-09-23T06:01:10.6315477Z #29 1.381     --hash=sha256:815e7be7a7806d54abb586dc943addc79e8b2ee16915059658cbeff4b1b43bf4
Synthetic Compose build and health	Run docker compose build	2026-09-23T06:01:10.6316157Z #29 1.381     # via requests
Synthetic Compose build and health	Run docker compose build	2026-09-23T06:01:10.6316519Z #29 1.381 jsonschema==4.26.0 \
Synthetic Compose build and health	Run docker compose build	2026-09-23T06:01:10.6317159Z #29 1.381     --hash=sha256:0c26707e2efad8aa1bfc5b7ce170f3fccc2e4918ff85989ba9ffa9facb2be326 \
Synthetic Compose build and health	Run docker compose build	2026-09-23T06:01:10.6318094Z #29 1.381     --hash=sha256:d489f15263b8d200f8387e64b4c3a75f06629559fb73deb8fdfb525f2dab50ce
Synthetic Compose build and health	Run docker compose build	2026-09-23T06:01:10.6318770Z #29 1.381     # via brasileirao-predictor
Synthetic Compose build and health	Run docker compose build	2026-09-23T06:01:10.6319262Z #29 1.381 jsonschema-specifications==2025.9.1 \
Synthetic Compose build and health	Run docker compose build	2026-09-23T06:01:10.6319998Z #29 1.381     --hash=sha256:98802fee3a11ee76ecaca44429fda8a41bff98b00a0f2838151b113f210cc6fe \
Synthetic Compose build and health	Run docker compose build	2026-09-23T06:01:10.6321139Z #29 1.381     --hash=sha256:b540987f239e745613c7a9176f3edb72b832a4ac465cf02712288397832b5e8d
Synthetic Compose build and health	Run docker compose build	2026-09-23T06:01:10.6321844Z #29 1.381     # via jsonschema
Synthetic Compose build and health	Run docker compose build	2026-09-23T06:01:10.6322209Z #29 1.381 numpy==2.5.3 \
Synthetic Compose build and health	Run docker compose build	2026-09-23T06:01:10.6322802Z #29 1.381     --hash=sha256:012e66aca395d795496446e52aeeb5866312a5d4d3f27da270e5a0b43f70dc5c \
Synthetic Compose build and health	Run docker compose build	2026-09-23T06:01:10.6323742Z #29 1.381     --hash=sha256:1302b90c0e52281681b2975adfe8a860cb7b12216a27b4b0b4207c44bf7bccf0 \
Synthetic Compose build and health	Run docker compose build	2026-09-23T06:01:10.6324668Z #29 1.381     --hash=sha256:15aa985ac73a8db02db7663381aa109510449d3819d37206caed27b33a65a8a6 \
Synthetic Compose build and health	Run docker compose build	2026-09-23T06:01:10.6325713Z #29 1.381     --hash=sha256:1c80eabb4035ecf4ca9cd49cde8a9fdd69a729e63e6474887d1523ade7aa277f \
Synthetic Compose build and health	Run docker compose build	2026-09-23T06:01:10.6326690Z #29 1.381     --hash=sha256:1fb6f8fb9ff0b3a69f52c66ce397b0246583e9f28616231b0e32ca49259a5fa6 \
Synthetic Compose build and health	Run docker compose build	2026-09-23T06:01:10.6327596Z #29 1.381     --hash=sha256:2c25dfa72943e4336ddb6b0ee4277b47a0c85bede0807530ec68103bf58e2c10 \
Synthetic Compose build and health	Run docker compose build	2026-09-23T06:01:10.6328507Z #29 1.381     --hash=sha256:2d8240cb4c16fd831074aa2b2cf9fc54664d826341d61c372245b96a74a49a9a \
Synthetic Compose build and health	Run docker compose build	2026-09-23T06:01:10.6329410Z #29 1.381     --hash=sha256:350ba9783ce969cf9f7ce6e6a9a58e1a6e2a19ca025b7ee448c4db727706212a \
Synthetic Compose build and health	Run docker compose build	2026-09-23T06:01:10.6330329Z #29 1.381     --hash=sha256:4c8a6d2ebce6305fd82fbefca827775437147052a976ee7c94b36a0c1b52ac6c \
Synthetic Compose build and health	Run docker compose build	2026-09-23T06:01:10.6331465Z #29 1.381     --hash=sha256:536f963710a4e63934d80ac0dc4f478804a83e9a84b6828018f25d09953ada33 \
Synthetic Compose build and health	Run docker compose build	2026-09-23T06:01:10.6332398Z #29 1.381     --hash=sha256:54a115e5a73b8fc44f0cebef486365a1894b5c9760685d4558b72b7c3eb846e0 \
Synthetic Compose build and health	Run docker compose build	2026-09-23T06:01:10.6333366Z #29 1.381     --hash=sha256:66a78fe4556c60aceda5916f9eacd638b18e9e681016ec302dcb4682d6d4d034 \
Synthetic Compose build and health	Run docker compose build	2026-09-23T06:01:10.6334318Z #29 1.381     --hash=sha256:71cad2b2a7451ab79d8f5e71b453485b6775963d5cf794179144a7463fe6e8ec \
Synthetic Compose build and health	Run docker compose build	2026-09-23T06:01:10.6335282Z #29 1.381     --hash=sha256:8e4dd766076855b5ff7ea52fa5f07ce26286726e0f8bff446b7739d02e6ea204 \
Synthetic Compose build and health	Run docker compose build	2026-09-23T06:01:10.6336230Z #29 1.381     --hash=sha256:92f30e89b8ee0ecf363033576c422b2f58fed6a80bed0aa48dff6d14c654663e \
Synthetic Compose build and health	Run docker compose build	2026-09-23T06:01:10.6337146Z #29 1.381     --hash=sha256:93e1f5447e2b1e479d7bd74701e84746b86450cff1fc368b132d195e2b8f8211 \
Synthetic Compose build and health	Run docker compose build	2026-09-23T06:01:10.6338051Z #29 1.381     --hash=sha256:9a37475425b431b4d060f23b4f52cd2f3aef6bc7c654bd760adf0040eec9d435 \
Synthetic Compose build and health	Run docker compose build	2026-09-23T06:01:10.6338968Z #29 1.381     --hash=sha256:9deb49575e5b0b94ed72c8a64ec4d033381adc27e9060ae842971f697ba96104 \
Synthetic Compose build and health	Run docker compose build	2026-09-23T06:01:10.6340119Z #29 1.381     --hash=sha256:a5fa86b80fd24bcd1aff83ad23be44ea323de3f787be8f8b15d4a65621e25321 \
Synthetic Compose build and health	Run docker compose build	2026-09-23T06:01:10.6341512Z #29 1.381     --hash=sha256:ac7bb1c52d445bd4f8f7f97fefe6abc3a084dc4d63df50d79b17fa2b78e89297 \
Synthetic Compose build and health	Run docker compose build	2026-09-23T06:01:10.6342532Z #29 1.381     --hash=sha256:adc1ada2662f8a5f960b8a10d9986897e7499ef07e06d4cfe7197f8cce923c07 \
Synthetic Compose build and health	Run docker compose build	2026-09-23T06:01:10.6343824Z #29 1.381     --hash=sha256:b00eefbcf0f292945c4b4dec2ae845389ef5bcdcd596e6e4328051db5b5ba694 \
Synthetic Compose build and health	Run docker compose build	2026-09-23T06:01:10.6344753Z #29 1.381     --hash=sha256:b0521d0f4aebb6e06189451025fa17a913287b13c03d5fe05c017333b654ea5b \
Synthetic Compose build and health	Run docker compose build	2026-09-23T06:01:10.6346007Z #29 1.381     --hash=sha256:bd4cb9ad3c7889b9b3fe0a9a9fb5d2ed26f9879bff2608d9f01aed147a20d231 \
Synthetic Compose build and health	Run docker compose build	2026-09-23T06:01:10.6346976Z #29 1.381     --hash=sha256:be5a8381859b6da607c84f4f7d6847725f1cf1853ef8a2c9e115b7d58bef47dc \
Synthetic Compose build and health	Run docker compose build	2026-09-23T06:01:10.6349020Z #29 1.381     --hash=sha256:c00abe94c1a69d75d827dcf1c025b25c8a45d230b3bcd77a9020883a1b047653 \
Synthetic Compose build and health	Run docker compose build	2026-09-23T06:01:10.6351758Z #29 1.381     --hash=sha256:c2381f82999704f818e2c987a865050e285ec3621262c66d40f5a96c8f899f8e \
Synthetic Compose build and health	Run docker compose build	2026-09-23T06:01:10.6354131Z #29 1.381     --hash=sha256:c76d5dde9f445058f83d0c02af00557a4db91de9a9a57c0df87d1535001d654b \
Synthetic Compose build and health	Run docker compose build	2026-09-23T06:01:10.6355127Z #29 1.381     --hash=sha256:ccbc4665079665c3cf3bab4db9f6b095370cd6437d66be549b6c2a1fd19e1958 \
Synthetic Compose build and health	Run docker compose build	2026-09-23T06:01:10.6356904Z #29 1.381     --hash=sha256:df2d5874ff183595a4ba404edd04f6bd9b5505c1d7708573f6a6c17489a67563 \
Synthetic Compose build and health	Run docker compose build	2026-09-23T06:01:10.6358940Z #29 1.381     --hash=sha256:e6ab667ba76450084eb64013762c438ea76d9d29cc676dcd6c2e9892ba37f841 \
Synthetic Compose build and health	Run docker compose build	2026-09-23T06:01:10.6359885Z #29 1.381     --hash=sha256:f7fabeb6cea87d65f3b926de33d03fb016cfdc29314c90974383b5582ae72891 \
Synthetic Compose build and health	Run docker compose build	2026-09-23T06:01:10.6361008Z #29 1.381     --hash=sha256:f9a2353b37a1a9e78fd82b27ad7e2a32a2d036604d18f02b05e3136c62ca3b09
Synthetic Compose build and health	Run docker compose build	2026-09-23T06:01:10.6361651Z #29 1.381     # via
Synthetic Compose build and health	Run docker compose build	2026-09-23T06:01:10.6362006Z #29 1.381     #   brasileirao-predictor
Synthetic Compose build and health	Run docker compose build	2026-09-23T06:01:10.6362429Z #29 1.381     #   pandas
Synthetic Compose build and health	Run docker compose build	2026-09-23T06:01:10.6362761Z #29 1.381     #   scipy
Synthetic Compose build and health	Run docker compose build	2026-09-23T06:01:10.6363096Z #29 1.381 pandas==3.0.6 \
Synthetic Compose build and health	Run docker compose build	2026-09-23T06:01:10.6363712Z #29 1.381     --hash=sha256:097090508a1dd335013d39106fc10b20f4fd4a171638e47b77d55798ed9dab6c \
Synthetic Compose build and health	Run docker compose build	2026-09-23T06:01:10.6364642Z #29 1.381     --hash=sha256:1e92d9fa834c7d877130027cddc0cad8dcff97c1f6cca26bd6310f847228b658 \
Synthetic Compose build and health	Run docker compose build	2026-09-23T06:01:10.6365544Z #29 1.381     --hash=sha256:22172a92e7ee678ec0140c7af4fc9366b55413834a1cd86af78b3caa0b0574de \
Synthetic Compose build and health	Run docker compose build	2026-09-23T06:01:10.6366453Z #29 1.381     --hash=sha256:429d9df32731ab01383ed98f2baa7a60368090d1a94fc06019a12062510e8630 \
Synthetic Compose build and health	Run docker compose build	2026-09-23T06:01:10.6367359Z #29 1.381     --hash=sha256:583be68728a31d0d750d5b8d9e00f02b153df0d4655f858bde93cb84cfc4227c \
Synthetic Compose build and health	Run docker compose build	2026-09-23T06:01:10.6368280Z #29 1.381     --hash=sha256:60d81f9e1799b36f3739e7fff44d1fbb2e8fd5a271b3863e03de9715fccda0fa \
Synthetic Compose build and health	Run docker compose build	2026-09-23T06:01:10.6369177Z #29 1.381     --hash=sha256:62f51d7f651c8054c5e82a69265c98082e795d1442df7ca6edc3a545d61214b1 \
Synthetic Compose build and health	Run docker compose build	2026-09-23T06:01:10.6370086Z #29 1.381     --hash=sha256:654aae059295dbba6ecd2328ca12712a2cf1676214c8699f1c29213f7ccf9c34 \
Synthetic Compose build and health	Run docker compose build	2026-09-23T06:01:10.6371136Z #29 1.381     --hash=sha256:66b07ef7315a31bfe1089cd3d71a7de781c9dca986762d0b4fe7c0ef17465d10 \
Synthetic Compose build and health	Run docker compose build	2026-09-23T06:01:10.6372051Z #29 1.381     --hash=sha256:6ff482fa91fa2bafd92e8fe66ce3645c851824310f295c1f0a2f96e928fc4541 \
Synthetic Compose build and health	Run docker compose build	2026-09-23T06:01:10.6372968Z #29 1.381     --hash=sha256:77ccbe5057aece6fc172b9b77f19c04335af6882bc2e10c8f3ee4e6bfb3da553 \
Synthetic Compose build and health	Run docker compose build	2026-09-23T06:01:10.6373879Z #29 1.381     --hash=sha256:9ae8073aed8e21d1a7fe263dcdc6840743549722a6738198a0a46000fa9476f2 \
Synthetic Compose build and health	Run docker compose build	2026-09-23T06:01:10.6374801Z #29 1.381     --hash=sha256:9e492cd4bdba6778de4fe0df7f4590c012161ebcf9902dce01b01dc683105514 \
Synthetic Compose build and health	Run docker compose build	2026-09-23T06:01:10.6375702Z #29 1.381     --hash=sha256:a4dbd4dc65cbe645b92b8785d0f96dd7311010dc6606cf620e51b07b8788a12a \
Synthetic Compose build and health	Run docker compose build	2026-09-23T06:01:10.6376639Z #29 1.381     --hash=sha256:b27c8d890e4aa2171437ae2a39de1d215e674158e4865c4023a8b31c932513b2 \
Synthetic Compose build and health	Run docker compose build	2026-09-23T06:01:10.6377568Z #29 1.381     --hash=sha256:bd75ed0c840f709fc2ae26ddd9534ac77ca1a48ac0cce521a74acaa85f3340a7 \
Synthetic Compose build and health	Run docker compose build	2026-09-23T06:01:10.6378711Z #29 1.381     --hash=sha256:cc39303913e2ea129915670de5d1c9fbd647f543bb72e5543bac8baa94e9e42f \
Synthetic Compose build and health	Run docker compose build	2026-09-23T06:01:10.6379769Z #29 1.381     --hash=sha256:d7dcd21238cbb4828ff148481ba01cac8946dc5121457b5aeba28636f8f99a60 \
Synthetic Compose build and health	Run docker compose build	2026-09-23T06:01:10.6380825Z #29 1.381     --hash=sha256:db7ec631f26223beee8e5c9e0b8f23c24d8197bbd1d982421d4e3188bea51965 \
Synthetic Compose build and health	Run docker compose build	2026-09-23T06:01:10.6381763Z #29 1.381     --hash=sha256:ee913a91669056c1de1a6b733fbfeab711de9e54e3bee2dfa5fe79d9457247d1 \
Synthetic Compose build and health	Run docker compose build	2026-09-23T06:01:10.6382671Z #29 1.381     --hash=sha256:ef738d71d1059245b6bb03e312be06d8b3821326a83486c1ad03b9aba3710e44 \
Synthetic Compose build and health	Run docker compose build	2026-09-23T06:01:10.6383587Z #29 1.381     --hash=sha256:f3ce8a6968045481e91a3990e797e348ce13db45ee164a7095bbc824e26c09dd \
Synthetic Compose build and health	Run docker compose build	2026-09-23T06:01:10.6384482Z #29 1.381     --hash=sha256:f8029ec0f1f89e4f985929ce1f6626dabf3140d61a4e9c1215afdab34eaf9a5d \
Synthetic Compose build and health	Run docker compose build	2026-09-23T06:01:10.6385444Z #29 1.381     --hash=sha256:fb625f426b375bcc96e3a04c5d5d266cd7be6ae5d6866e0e703382ab5164068c \
Synthetic Compose build and health	Run docker compose build	2026-09-23T06:01:10.6386325Z #29 1.381     --hash=sha256:ff51a4459ed036e93d1eb1bb5e6e7b28685d3cb6b7c12b91c05b31024e234729
Synthetic Compose build and health	Run docker compose build	2026-09-23T06:01:10.6387054Z #29 1.381     # via brasileirao-predictor
Synthetic Compose build and health	Run docker compose build	2026-09-23T06:01:10.6388074Z #29 1.381 predictor-core @ https://github.com/leonardosovienski/core-predictor/releases/download/v3.2.1/predictor_core-3.2.1-py3-none-any.whl \
Synthetic Compose build and health	Run docker compose build	2026-09-23T06:01:10.6389385Z #29 1.381     --hash=sha256:10ef42f34ace8bb2df5f83ff7de2ceec79b035a25ea0a690e8942bd60d2fb4e3
Synthetic Compose build and health	Run docker compose build	2026-09-23T06:01:10.6390084Z #29 1.381     # via brasileirao-predictor
Synthetic Compose build and health	Run docker compose build	2026-09-23T06:01:10.6391244Z #29 1.381 predictor-ops @ https://github.com/leonardosovienski/predictor-ops/releases/download/v4.2.1/predictor_ops-4.2.1-py3-none-any.whl \
Synthetic Compose build and health	Run docker compose build	2026-09-23T06:01:10.6392445Z #29 1.381     --hash=sha256:da4fa540703879669caba919521ec7d3c33734b5d57781122823df8817346f0e
Synthetic Compose build and health	Run docker compose build	2026-09-23T06:01:10.6393118Z #29 1.381     # via brasileirao-predictor
Synthetic Compose build and health	Run docker compose build	2026-09-23T06:01:10.6393573Z #29 1.381 pydantic==2.13.5 \
Synthetic Compose build and health	Run docker compose build	2026-09-23T06:01:10.6421086Z #29 1.381     --hash=sha256:346a034f080da3755d8e9cb5e00e8b07de1d39e4f6e2c87d8ab7cafa0b269a73 \
Synthetic Compose build and health	Run docker compose build	2026-09-23T06:01:10.6422193Z #29 1.381     --hash=sha256:51a9c5f7b2f8e636f04c6cada605d9b6a3bf1348fdf945a3d8869b19bba0ee08
Synthetic Compose build and health	Run docker compose build	2026-09-23T06:01:10.6422897Z #29 1.381     # via
Synthetic Compose build and health	Run docker compose build	2026-09-23T06:01:10.6423249Z #29 1.381     #   brasileirao-predictor
Synthetic Compose build and health	Run docker compose build	2026-09-23T06:01:10.6423670Z #29 1.381     #   predictor-ops
Synthetic Compose build and health	Run docker compose build	2026-09-23T06:01:10.6424053Z #29 1.381     #   pydantic-settings
Synthetic Compose build and health	Run docker compose build	2026-09-23T06:01:10.6424449Z #29 1.381 pydantic-core==2.46.5 \
Synthetic Compose build and health	Run docker compose build	2026-09-23T06:01:10.6425118Z #29 1.381     --hash=sha256:03b9666e41e35d8909852ba191a0607520f81b74eaf12ccf8737005dbb313821 \
Synthetic Compose build and health	Run docker compose build	2026-09-23T06:01:10.6426087Z #29 1.381     --hash=sha256:045ab3b6d308439e32b81cc173bba5b9018bc6ed896afd0c65b3b009b1699af5 \
Synthetic Compose build and health	Run docker compose build	2026-09-23T06:01:10.6427425Z #29 1.381     --hash=sha256:0cdbada856a1c69a7624a64d3d9aefe79300bd6ef827b43a4f265010b9b55184 \
Synthetic Compose build and health	Run docker compose build	2026-09-23T06:01:10.6428417Z #29 1.381     --hash=sha256:10416c15b8839ecc4ef4d0885da76da6fd0f67333a0eb8aff6d93c4b8f2910fc \
Synthetic Compose build and health	Run docker compose build	2026-09-23T06:01:10.6429377Z #29 1.381     --hash=sha256:15f4a94963c95accac15b7b657bb177d3ad82bb90b0d0526d9a9b85079925db5 \
Synthetic Compose build and health	Run docker compose build	2026-09-23T06:01:10.6430311Z #29 1.381     --hash=sha256:193375f3548919d3f0b60936ca113ada3e38f264f91b9b8e0508efaad57be931 \
Synthetic Compose build and health	Run docker compose build	2026-09-23T06:01:10.6431402Z #29 1.381     --hash=sha256:1a353f84de772f423b5ffb11d7ae352fbbef0f446f3c0b0af0f8236d7233606e \
Synthetic Compose build and health	Run docker compose build	2026-09-23T06:01:10.6432308Z #29 1.381     --hash=sha256:24922243639cbdac66c75fcb6fd6495a9cb52b213d62f9a0d16f0310b1ff8038 \
Synthetic Compose build and health	Run docker compose build	2026-09-23T06:01:10.6433214Z #29 1.381     --hash=sha256:2cbd9a5eff05e51c447c34dfa4632145b26b09120cf04bd0c871e44c1a5e1c9a \
Synthetic Compose build and health	Run docker compose build	2026-09-23T06:01:10.6434443Z #29 1.381     --hash=sha256:2d5d76654becf5efd62c9e51c3756c67b49498b0c9a40884934c40807adbd074 \
Synthetic Compose build and health	Run docker compose build	2026-09-23T06:01:10.6435394Z #29 1.381     --hash=sha256:37ae34309d7bd8c0d61ab839668058f2a7962ea1fc51d105d2db228fe0618034 \
Synthetic Compose build and health	Run docker compose build	2026-09-23T06:01:10.6436322Z #29 1.381     --hash=sha256:37ea7b83c935e5b0d68c9449b82651accf78a10828b2c02b2f2d9e9496446c21 \
Synthetic Compose build and health	Run docker compose build	2026-09-23T06:01:10.6437547Z #29 1.381     --hash=sha256:46c25dda9d092a06c08db76ffe0a197107904d0dfac653f7d5306bbcd6d6119c \
Synthetic Compose build and health	Run docker compose build	2026-09-23T06:01:10.6438746Z #29 1.381     --hash=sha256:5086029a57366b8cf81b130a43908738095c270c21a8d7f0e8bdfdb89718e2f3 \
Synthetic Compose build and health	Run docker compose build	2026-09-23T06:01:10.6439915Z #29 1.381     --hash=sha256:52e24eacdb536cade636aa90fb851835222becff8484b7001fdc78cb0290f2aa \
Synthetic Compose build and health	Run docker compose build	2026-09-23T06:01:10.6472188Z #29 1.381     --hash=sha256:545f26c504b27c3758439a5e6d9349931f0a04f855668d5fe323c89e82300a38 \
Synthetic Compose build and health	Run docker compose build	2026-09-23T06:01:10.6473197Z #29 1.381     --hash=sha256:54d510bac3ee52247af28ed4bb18a1e799f040ac60fd2bf5ccd4c92f1fbe786f \
Synthetic Compose build and health	Run docker compose build	2026-09-23T06:01:10.6474180Z #29 1.381     --hash=sha256:5ee239d575f80b08eca11f6e20f90c4c695de7825c67eefe6091fbf20dda648e \
Synthetic Compose build and health	Run docker compose build	2026-09-23T06:01:10.6475195Z #29 1.381     --hash=sha256:5f194189415698233dd1114a093a9b56e61e2c57e11b469be3b0506f46f0771c \
Synthetic Compose build and health	Run docker compose build	2026-09-23T06:01:10.6476138Z #29 1.381     --hash=sha256:6f7b393a8b3da82f5c1fc0751e6d01ac6c55b93c18226a60bdfba4a724efafd1 \
Synthetic Compose build and health	Run docker compose build	2026-09-23T06:01:10.6477103Z #29 1.381     --hash=sha256:79bdfa52f843137045b2d081cc05c120ba6665d29b7559c2c47690906f39279f \
Synthetic Compose build and health	Run docker compose build	2026-09-23T06:01:10.6478058Z #29 1.381     --hash=sha256:7ac031912d54f3d83ef3b3eb98dfabc1608802e2202263d25957eeed40b94761 \
Synthetic Compose build and health	Run docker compose build	2026-09-23T06:01:10.6478975Z #29 1.381     --hash=sha256:82a36973cf8a2ef5406f4fe2edbf8ed0c99629535d959e0b100c76a32535a111 \
Synthetic Compose build and health	Run docker compose build	2026-09-23T06:01:10.6479927Z #29 1.381     --hash=sha256:837b396ca3d7b74091ca623f6cbd8351bd42d670a79c2683e79fb089f06a2de5 \
Synthetic Compose build and health	Run docker compose build	2026-09-23T06:01:10.6481072Z #29 1.381     --hash=sha256:8816f3d218beb4b787de5c9759c259b8fa61f9dec42dc7811f320a33771778b7 \
Synthetic Compose build and health	Run docker compose build	2026-09-23T06:01:10.6482051Z #29 1.381     --hash=sha256:976e1128455aa595ea04c79ccfedff1aaeab96ee013fcc916bed120c4f0ad94f \
Synthetic Compose build and health	Run docker compose build	2026-09-23T06:01:10.6483038Z #29 1.381     --hash=sha256:97bf8de4d541598c94a59344eeb988a94c08ff76b5723c41f6567ec18c7892ea \
Synthetic Compose build and health	Run docker compose build	2026-09-23T06:01:10.6483984Z #29 1.381     --hash=sha256:97cf3eb53a8cccacf9d46686a0926186c9bfb5574f2ed66d3639d5fe117cd3a9 \
Synthetic Compose build and health	Run docker compose build	2026-09-23T06:01:10.6484941Z #29 1.381     --hash=sha256:9c4b71f10dd532fb7a5cbc8f58707779e64f03a258c2bf8bfbaecfcd9970b519 \
Synthetic Compose build and health	Run docker compose build	2026-09-23T06:01:10.6486068Z #29 1.381     --hash=sha256:a2a5e1d0ff29adddc9f6d6821a66302e4493f8ca898b715b6b1182c2c201ea0a \
Synthetic Compose build and health	Run docker compose build	2026-09-23T06:01:10.6487148Z #29 1.381     --hash=sha256:a91c17edf6eea2402cb5457b4c89e99bc5ed1004aa34c4adf1d4258c1a5c22c2 \
Synthetic Compose build and health	Run docker compose build	2026-09-23T06:01:10.6488315Z #29 1.381     --hash=sha256:acf8a67ba51f4ca9ddbd0e6b3000a65ac51ab734661778b3e7ba64d99a710f2f \
Synthetic Compose build and health	Run docker compose build	2026-09-23T06:01:10.6489296Z #29 1.381     --hash=sha256:b49924c73a235e969511bf2aabdff3beebf9820931f646c80274d5d780010c47 \
Synthetic Compose build and health	Run docker compose build	2026-09-23T06:01:10.6490238Z #29 1.381     --hash=sha256:b7ca9034437b6022f941f4857459562ee00a560b97e7cce8a0ec5a74fc6766e0 \
Synthetic Compose build and health	Run docker compose build	2026-09-23T06:01:10.6491283Z #29 1.381     --hash=sha256:bce57638e08ac148e5778cce7feb968307a727d66f8e2274a543d0cf0c9ad6a3 \
Synthetic Compose build and health	Run docker compose build	2026-09-23T06:01:10.6492190Z #29 1.381     --hash=sha256:c1c43ad4339643d70ebb8124e1305a7dab423001eff58bb41a0f731adbc98355 \
Synthetic Compose build and health	Run docker compose build	2026-09-23T06:01:10.6493137Z #29 1.381     --hash=sha256:c76fe65e607be28c7fd4d56fc3c42b1583aa058ce3408b7ad0fd540171d31f9f \
Synthetic Compose build and health	Run docker compose build	2026-09-23T06:01:10.6494068Z #29 1.381     --hash=sha256:cdbb78909f52b981d3b2d56b97328d71eb0b974c36bd77c920123a7ebb192829 \
Synthetic Compose build and health	Run docker compose build	2026-09-23T06:01:10.6495101Z #29 1.381     --hash=sha256:d22a945598fb91236b4dd793a6e42e4f3dd7740bb5aace5ebd7d4c08d13bb575 \
Synthetic Compose build and health	Run docker compose build	2026-09-23T06:01:10.6496028Z #29 1.381     --hash=sha256:d2f9fc07a8042a8f95925b35c4f04f469707c981fc33245b6ca187cf5d2dd290 \
Synthetic Compose build and health	Run docker compose build	2026-09-23T06:01:10.6496933Z #29 1.381     --hash=sha256:e64e88d5585bea9ce95861079de72006c7fa6d3df4e3a3b65ba31eb979c15c9f \
Synthetic Compose build and health	Run docker compose build	2026-09-23T06:01:10.6497867Z #29 1.381     --hash=sha256:e7b891faeedeafba41b2983e5001a81b6a915b69544c7e7570d1989ce1c36ac7 \
Synthetic Compose build and health	Run docker compose build	2026-09-23T06:01:10.6498815Z #29 1.381     --hash=sha256:e80675d75ae2cd14372cb65cad5400d9347a3d3f6c13000183f22dfd027283ed \
Synthetic Compose build and health	Run docker compose build	2026-09-23T06:01:10.6499697Z #29 1.381     --hash=sha256:f332f0e72a5a0400141f830744e141bf9f97917878dbe968669e8a7fefea78ff \
Synthetic Compose build and health	Run docker compose build	2026-09-23T06:01:10.6500573Z #29 1.381     --hash=sha256:fa10ef4112775900e7a0661068635eb67b2ab824fbde764de6e0e21982a93db0 \
Synthetic Compose build and health	Run docker compose build	2026-09-23T06:01:10.6502086Z #29 1.381     --hash=sha256:ff218293c9c806138dca139765e3b067621be52bcd93cdc14c7711be7ddc90a9
Synthetic Compose build and health	Run docker compose build	2026-09-23T06:01:10.6502782Z #29 1.381     # via pydantic
Synthetic Compose build and health	Run docker compose build	2026-09-23T06:01:10.6503359Z #29 1.381 pydantic-settings==2.15.0 \
Synthetic Compose build and health	Run docker compose build	2026-09-23T06:01:10.6504017Z #29 1.381     --hash=sha256:0ba092c291c94baceb5eff768aa0d56400a457585bc0175925a5a5510303da42 \
Synthetic Compose build and health	Run docker compose build	2026-09-23T06:01:10.6504926Z #29 1.381     --hash=sha256:694b793e84f766ba76a90ebdefc01d0a9a045dab0382bee70393da93712ad117
Synthetic Compose build and health	Run docker compose build	2026-09-23T06:01:10.6505615Z #29 1.381     # via
Synthetic Compose build and health	Run docker compose build	2026-09-23T06:01:10.6505954Z #29 1.381     #   brasileirao-predictor
Synthetic Compose build and health	Run docker compose build	2026-09-23T06:01:10.6506372Z #29 1.381     #   predictor-ops
Synthetic Compose build and health	Run docker compose build	2026-09-23T06:01:10.6506753Z #29 1.381 python-dateutil==2.9.0.post0 \
Synthetic Compose build and health	Run docker compose build	2026-09-23T06:01:10.6513519Z #29 1.381     --hash=sha256:37dd54208da7e1cd875388217d5e00ebd4179249f90fb72437e91a35459a0ad3 \
Synthetic Compose build and health	Run docker compose build	2026-09-23T06:01:10.6514542Z #29 1.381     --hash=sha256:a8b2bc7bffae282281c8140a97d3aa9c14da0b136dfe83f850eea9a5f7470427
Synthetic Compose build and health	Run docker compose build	2026-09-23T06:01:10.6515251Z #29 1.381     # via pandas
Synthetic Compose build and health	Run docker compose build	2026-09-23T06:01:10.6515618Z #29 1.381 python-dotenv==1.2.3 \
Synthetic Compose build and health	Run docker compose build	2026-09-23T06:01:10.6516270Z #29 1.381     --hash=sha256:904552145e8bfed22162c09dab1c2b9b54fefa7b23ba780f4f26ca0316b0f0d9 \
Synthetic Compose build and health	Run docker compose build	2026-09-23T06:01:10.6517151Z #29 1.381     --hash=sha256:a20a594dabeaa385725aa239d5244871c143ecb356add8a20fcf23773a6c3a35
Synthetic Compose build and health	Run docker compose build	2026-09-23T06:01:10.6517581Z #29 1.381     # via pydantic-settings
Synthetic Compose build and health	Run docker compose build	2026-09-23T06:01:10.6517848Z #29 1.381 pyyaml==6.0.3 \
Synthetic Compose build and health	Run docker compose build	2026-09-23T06:01:10.6518240Z #29 1.381     --hash=sha256:00c4bdeba853cc34e7dd471f16b4114f4162dc03e6b7afcc2128711f0eca823c \
Synthetic Compose build and health	Run docker compose build	2026-09-23T06:01:10.6518850Z #29 1.381     --hash=sha256:02893d100e99e03eda1c8fd5c441d8c60103fd175728e23e431db1b589cf5ab3 \
Synthetic Compose build and health	Run docker compose build	2026-09-23T06:01:10.6519587Z #29 1.381     --hash=sha256:0f29edc409a6392443abf94b9cf89ce99889a1dd5376d94316ae5145dfedd5d6 \
Synthetic Compose build and health	Run docker compose build	2026-09-23T06:01:10.6520497Z #29 1.381     --hash=sha256:16249ee61e95f858e83976573de0f5b2893b3677ba71c9dd36b9cf8be9ac6d65 \
Synthetic Compose build and health	Run docker compose build	2026-09-23T06:01:10.6521519Z #29 1.381     --hash=sha256:2283a07e2c21a2aa78d9c4442724ec1eb15f5e42a723b99cb3d822d48f5f7ad1 \
Synthetic Compose build and health	Run docker compose build	2026-09-23T06:01:10.6522301Z #29 1.381     --hash=sha256:34d5fcd24b8445fadc33f9cf348c1047101756fd760b4dacb5c3e99755703310 \
Synthetic Compose build and health	Run docker compose build	2026-09-23T06:01:10.6523761Z #29 1.381     --hash=sha256:4a2e8cebe2ff6ab7d1050ecd59c25d4c8bd7e6f400f5f82b96557ac0abafd0ac \
Synthetic Compose build and health	Run docker compose build	2026-09-23T06:01:10.6524683Z #29 1.381     --hash=sha256:4ad1906908f2f5ae4e5a8ddfce73c320c2a1429ec52eafd27138b7f1cbe341c9 \
Synthetic Compose build and health	Run docker compose build	2026-09-23T06:01:10.6526503Z #29 1.381     --hash=sha256:501a031947e3a9025ed4405a168e6ef5ae3126c59f90ce0cd6f2bfc477be31b7 \
Synthetic Compose build and health	Run docker compose build	2026-09-23T06:01:10.6528100Z #29 1.381     --hash=sha256:5190d403f121660ce8d1d2c1bb2ef1bd05b5f68533fc5c2ea899bd15f4399b35 \
Synthetic Compose build and health	Run docker compose build	2026-09-23T06:01:10.6529718Z #29 1.381     --hash=sha256:5498cd1645aa724a7c71c8f378eb29ebe23da2fc0d7a08071d89469bf1d2defb \
Synthetic Compose build and health	Run docker compose build	2026-09-23T06:01:10.6532247Z #29 1.381     --hash=sha256:66e1674c3ef6f541c35191caae2d429b967b99e02040f5ba928632d9a7f0f065 \
Synthetic Compose build and health	Run docker compose build	2026-09-23T06:01:10.6533163Z #29 1.381     --hash=sha256:6adc77889b628398debc7b65c073bcb99c4a0237b248cacaf3fe8a557563ef6c \
Synthetic Compose build and health	Run docker compose build	2026-09-23T06:01:10.6534100Z #29 1.381     --hash=sha256:79005a0d97d5ddabfeeea4cf676af11e647e41d81c9a7722a193022accdb6b7c \
Synthetic Compose build and health	Run docker compose build	2026-09-23T06:01:10.6535017Z #29 1.381     --hash=sha256:7c6610def4f163542a622a73fb39f534f8c101d690126992300bf3207eab9764 \
Synthetic Compose build and health	Run docker compose build	2026-09-23T06:01:10.6535921Z #29 1.381     --hash=sha256:8d1fab6bb153a416f9aeb4b8763bc0f22a5586065f86f7664fc23339fc1c1fac \
Synthetic Compose build and health	Run docker compose build	2026-09-23T06:01:10.6536836Z #29 1.381     --hash=sha256:8da9669d359f02c0b91ccc01cac4a67f16afec0dac22c2ad09f46bee0697eba8 \
Synthetic Compose build and health	Run docker compose build	2026-09-23T06:01:10.6537745Z #29 1.381     --hash=sha256:93dda82c9c22deb0a405ea4dc5f2d0cda384168e466364dec6255b293923b2f3 \
Synthetic Compose build and health	Run docker compose build	2026-09-23T06:01:10.6538656Z #29 1.381     --hash=sha256:a33284e20b78bd4a18c8c2282d549d10bc8408a2a7ff57653c0cf0b9be0afce5 \
Synthetic Compose build and health	Run docker compose build	2026-09-23T06:01:10.6539251Z #29 1.381     --hash=sha256:a80cb027f6b349846a3bf6d73b5e95e782175e52f22108cfa17876aaeff93702 \
Synthetic Compose build and health	Run docker compose build	2026-09-23T06:01:10.6539993Z #29 1.381     --hash=sha256:b3bc83488de33889877a0f2543ade9f70c67d66d9ebb4ac959502e12de895788 \
Synthetic Compose build and health	Run docker compose build	2026-09-23T06:01:10.6541335Z #29 1.381     --hash=sha256:c1ff362665ae507275af2853520967820d9124984e0f7466736aea23d8611fba \
Synthetic Compose build and health	Run docker compose build	2026-09-23T06:01:10.6542124Z #29 1.381     --hash=sha256:c458b6d084f9b935061bc36216e8a69a7e293a2f1e68bf956dcd9e6cbcd143f5 \
Synthetic Compose build and health	Run docker compose build	2026-09-23T06:01:10.6543192Z #29 1.381     --hash=sha256:d0eae10f8159e8fdad514efdc92d74fd8d682c933a6dd088030f3834bc8e6b26 \
Synthetic Compose build and health	Run docker compose build	2026-09-23T06:01:10.6544108Z #29 1.381     --hash=sha256:d76623373421df22fb4cf8817020cbb7ef15c725b9d5e45f17e189bfc384190f \
Synthetic Compose build and health	Run docker compose build	2026-09-23T06:01:10.6545019Z #29 1.381     --hash=sha256:ebc55a14a21cb14062aa4162f906cd962b28e2e9ea38f9b4391244cd8de4ae0b \
Synthetic Compose build and health	Run docker compose build	2026-09-23T06:01:10.6545958Z #29 1.381     --hash=sha256:eda16858a3cab07b80edaf74336ece1f986ba330fdb8ee0d6c0d68fe82bc96be \
Synthetic Compose build and health	Run docker compose build	2026-09-23T06:01:10.6547273Z #29 1.381     --hash=sha256:ee2922902c45ae8ccada2c5b501ab86c36525b883eff4255313a253a3160861c \
Synthetic Compose build and health	Run docker compose build	2026-09-23T06:01:10.6548275Z #29 1.381     --hash=sha256:f7057c9a337546edc7973c0d3ba84ddcdf0daa14533c2065749c9075001090e6
Synthetic Compose build and health	Run docker compose build	2026-09-23T06:01:10.6549011Z #29 1.381     # via brasileirao-predictor
Synthetic Compose build and health	Run docker compose build	2026-09-23T06:01:10.6549482Z #29 1.381 referencing==0.37.0 \
Synthetic Compose build and health	Run docker compose build	2026-09-23T06:01:10.6550110Z #29 1.381     --hash=sha256:381329a9f99628c9069361716891d34ad94af76e461dcb0335825aecc7692231 \
Synthetic Compose build and health	Run docker compose build	2026-09-23T06:01:10.6551395Z #29 1.381     --hash=sha256:44aefc3142c5b842538163acb373e24cce6632bd54bdb01b21ad5863489f50d8
Synthetic Compose build and health	Run docker compose build	2026-09-23T06:01:10.6552079Z #29 1.381     # via
Synthetic Compose build and health	Run docker compose build	2026-09-23T06:01:10.6552406Z #29 1.381     #   jsonschema
Synthetic Compose build and health	Run docker compose build	2026-09-23T06:01:10.6552826Z #29 1.381     #   jsonschema-specifications
Synthetic Compose build and health	Run docker compose build	2026-09-23T06:01:10.6553281Z #29 1.381 requests==2.34.2 \
Synthetic Compose build and health	Run docker compose build	2026-09-23T06:01:10.6553926Z #29 1.381     --hash=sha256:2a0d60c172f83ac6ab31e4554906c0f3b3588d37b5cb939b1c061f4907e278e0 \
Synthetic Compose build and health	Run docker compose build	2026-09-23T06:01:10.6554860Z #29 1.381     --hash=sha256:f288924cae4e29463698d6d60bc6a4da69c89185ad1e0bcc4104f584e960b9ed
Synthetic Compose build and health	Run docker compose build	2026-09-23T06:01:10.6555558Z #29 1.381     # via brasileirao-predictor
Synthetic Compose build and health	Run docker compose build	2026-09-23T06:01:10.6556041Z #29 1.381 rpds-py==2026.6.3 \
Synthetic Compose build and health	Run docker compose build	2026-09-23T06:01:10.6556688Z #29 1.381     --hash=sha256:0be972be84cfcaf46c8c6edf690ca0f154ac17babf1f6a955a51579b34ad2dc5 \
Synthetic Compose build and health	Run docker compose build	2026-09-23T06:01:10.6557644Z #29 1.381     --hash=sha256:166cf54d9f44fc6ceb53c7860258dde44a81406646de79f8ed3234fca3b6e538 \
Synthetic Compose build and health	Run docker compose build	2026-09-23T06:01:10.6558939Z #29 1.381     --hash=sha256:1cebd1337c242e4ec2293e541f712b2da849b29f48f0c293684b71c0632625d4 \
Synthetic Compose build and health	Run docker compose build	2026-09-23T06:01:10.6560144Z #29 1.381     --hash=sha256:1cf01971c4f2c5553b772a542e4aaf191789cd331bc2cd4ff0e6e65ba49e1e97 \
Synthetic Compose build and health	Run docker compose build	2026-09-23T06:01:10.6561527Z #29 1.381     --hash=sha256:29dfa0533a5d4c94d4dfa1b694fcb56c9c63aad8330ffdd816fd225d0a7a162f \
Synthetic Compose build and health	Run docker compose build	2026-09-23T06:01:10.6562765Z #29 1.381     --hash=sha256:2a9c6f195058cb45335e8cc3802745c603d716eb96bc9625950c1aac71c0c703 \
Synthetic Compose build and health	Run docker compose build	2026-09-23T06:01:10.6563847Z #29 1.381     --hash=sha256:3cfe765c1da0072636ca06628261e0ea05688e160d5c8a03e0217c3854037223 \
Synthetic Compose build and health	Run docker compose build	2026-09-23T06:01:10.6565090Z #29 1.381     --hash=sha256:425560c6fa0415f27261727bb20bd097568485e5eb0c121f1949417d1c516885 \
Synthetic Compose build and health	Run docker compose build	2026-09-23T06:01:10.6566213Z #29 1.381     --hash=sha256:4470ce197d4090875cf6affbf1f853338387428df97c4fb7b7106317b8214698 \
Synthetic Compose build and health	Run docker compose build	2026-09-23T06:01:10.6567321Z #29 1.381     --hash=sha256:4f4bca01b63096f606e095734dd56e74e175f94cfbf24ff3d63281cec61f7bb7 \
Synthetic Compose build and health	Run docker compose build	2026-09-23T06:01:10.6568629Z #29 1.381     --hash=sha256:536bceea4fa4acf7e1c61da2b5786304367c816c8895be71b8f537c480b0ea1f \
Synthetic Compose build and health	Run docker compose build	2026-09-23T06:01:10.6569749Z #29 1.381     --hash=sha256:539d75de9e0d536c84ff18dfeb805398e58227001ce09231a26a08b9aed1ee0e \
Synthetic Compose build and health	Run docker compose build	2026-09-23T06:01:10.6571529Z #29 1.381     --hash=sha256:54f45a148e28767bf343d33a684693c70e451c6f4c0e9904709a723fafbdfc1f \
Synthetic Compose build and health	Run docker compose build	2026-09-23T06:01:10.6572648Z #29 1.381     --hash=sha256:639c8929aa0afe81be836b04de888460d6bed38b9c54cfc18da8f6bfabf5af5d \
Synthetic Compose build and health	Run docker compose build	2026-09-23T06:01:10.6573713Z #29 1.381     --hash=sha256:6de4744d05bd1aa1be4ed7ea1189e3979196808008113bbbf899a460966b925e \
Synthetic Compose build and health	Run docker compose build	2026-09-23T06:01:10.6585058Z #29 1.381     --hash=sha256:8020133a74bd81b4572dd8e4be028a6b1ebcd70e6726edc3918008c08bee6ee6 \
Synthetic Compose build and health	Run docker compose build	2026-09-23T06:01:10.6585854Z #29 1.381     --hash=sha256:842e7b070435622248c7a2c44ae53fa1440e073cc3023bc919fed570884097a7 \
Synthetic Compose build and health	Run docker compose build	2026-09-23T06:01:10.6586674Z #29 1.381     --hash=sha256:847927daf4cffbd4e90e42bc890069897101edd015f956cb8721b3473372edda \
Synthetic Compose build and health	Run docker compose build	2026-09-23T06:01:10.6587267Z #29 1.381     --hash=sha256:882076c00c0a608b131187055ddc5ae29f2e7eaf870d6168980420d58528a5c8 \
Synthetic Compose build and health	Run docker compose build	2026-09-23T06:01:10.6587938Z #29 1.381     --hash=sha256:8c3d1e9c15b9d51ca0391e13da1a25a0a4df3c58a37c9dc368e0736cf7f69df0 \
Synthetic Compose build and health	Run docker compose build	2026-09-23T06:01:10.6588482Z #29 1.381     --hash=sha256:8c6e5a2f750cc71c3e3b11d71661f21d6f9bc6cebc6564b1466417a1ec03ec77 \
Synthetic Compose build and health	Run docker compose build	2026-09-23T06:01:10.6589024Z #29 1.381     --hash=sha256:900a67df3fd1660b035a4761c4ce73c382ea6b35f90f9863c36c6fd8bf8b09bb \
Synthetic Compose build and health	Run docker compose build	2026-09-23T06:01:10.6589559Z #29 1.381     --hash=sha256:9250a9a0a6fd4648b3f868da8d91a4c52b5811a62df58e753d50ae4454a36f80 \
Synthetic Compose build and health	Run docker compose build	2026-09-23T06:01:10.6590094Z #29 1.381     --hash=sha256:931908d9fc855d8f74783377822be318edb6dcb19e47169dc038f9a1bf60b06e \
Synthetic Compose build and health	Run docker compose build	2026-09-23T06:01:10.6590614Z #29 1.381     --hash=sha256:9826217f048f620d9a712672818bf231442c1b35d96b227a07eabd11b4bb6945 \
Synthetic Compose build and health	Run docker compose build	2026-09-23T06:01:10.6591635Z #29 1.381     --hash=sha256:a550fb4950a06dde3beb4721f5ad4b25bf4513784665b0a8522c792e2bd822a4 \
Synthetic Compose build and health	Run docker compose build	2026-09-23T06:01:10.6592531Z #29 1.381     --hash=sha256:aca6c1ef08a82bfe327cc156da694660f599923e2e6665b6d81c9c2d0ac9ffc8 \
Synthetic Compose build and health	Run docker compose build	2026-09-23T06:01:10.6593437Z #29 1.381     --hash=sha256:acac386b453c2516111b50985d60ce46e7fadb5ea71ae7b25f4c946935bf27cf \
Synthetic Compose build and health	Run docker compose build	2026-09-23T06:01:10.6594333Z #29 1.381     --hash=sha256:ae50181a047c871561212bb97f7932a2d45fb53e947bd9b57ebad85b529cbc53 \
Synthetic Compose build and health	Run docker compose build	2026-09-23T06:01:10.6595325Z #29 1.381     --hash=sha256:af05d726809bff6b141be124d4c7ce998f9c9c7f30edb1f46c07aa103d540b41 \
Synthetic Compose build and health	Run docker compose build	2026-09-23T06:01:10.6596278Z #29 1.381     --hash=sha256:afd70d95892096cdb26f15a00c45907b17817577aa8d1c76b2dcc2788391f9e9 \
Synthetic Compose build and health	Run docker compose build	2026-09-23T06:01:10.6597253Z #29 1.381     --hash=sha256:bc0011654b91cc4fb2ae701bec0a0ba1e552c0714247fa7af6c59e0ccfa3a4e1 \
Synthetic Compose build and health	Run docker compose build	2026-09-23T06:01:10.6598239Z #29 1.381     --hash=sha256:bcfbcf66006befb9fd2aeaa9e01feaf881b4dc330a02ba07d2322b1c11be7b5d \
Synthetic Compose build and health	Run docker compose build	2026-09-23T06:01:10.6599228Z #29 1.381     --hash=sha256:c7b9a2f8f4d8e90af72571d3d495deebdd7e3c75451f5b41719aee166e940fc2 \
Synthetic Compose build and health	Run docker compose build	2026-09-23T06:01:10.6601134Z #29 1.381     --hash=sha256:ccffae9a092a00deb7efd545fe5e2c33c33b88e7c054337e9a74c179347d0b7d \
Synthetic Compose build and health	Run docker compose build	2026-09-23T06:01:10.6602118Z #29 1.381     --hash=sha256:cdc7e35386f3847df728fbcb5e887e2d79c19e2fa1eba9e51b6621d23e3243af \
Synthetic Compose build and health	Run docker compose build	2026-09-23T06:01:10.6603770Z #29 1.381     --hash=sha256:d34c20167764fbcf927194d532dd7e0c56772f0a5f943fa5ef9e9afbba8fb9db \
Synthetic Compose build and health	Run docker compose build	2026-09-23T06:01:10.6605024Z #29 1.381     --hash=sha256:d7469697dce35be237db177d42e2a2ee26e6dcc5fc052078a6fefabd288c6edd \
Synthetic Compose build and health	Run docker compose build	2026-09-23T06:01:10.6606538Z #29 1.381     --hash=sha256:dc319e5a1de4b6913aac94bf6a2f9e847371e0a140a43dd4991db1a09bc2d504 \
Synthetic Compose build and health	Run docker compose build	2026-09-23T06:01:10.6607996Z #29 1.381     --hash=sha256:e4316bf32babbed84e691e352faf967ce2f0f024174a8643c37c94a1080374fc \
Synthetic Compose build and health	Run docker compose build	2026-09-23T06:01:10.6610111Z #29 1.381     --hash=sha256:ea7bb13b7c9a29791f87a0387ba7d3ad3a6d783d827e4d3f27b40a0ff44495e2 \
Synthetic Compose build and health	Run docker compose build	2026-09-23T06:01:10.6612729Z #29 1.381     --hash=sha256:ea964164cc9afa72d4d9b23cc28dafae93693c0a53e0b42acbff15b22c3f9ddd \
Synthetic Compose build and health	Run docker compose build	2026-09-23T06:01:10.6613722Z #29 1.381     --hash=sha256:ec829541c45bca16e61c7ae50c20501f213605beb75d1aba91a6ee37fbbb56a4 \
Synthetic Compose build and health	Run docker compose build	2026-09-23T06:01:10.6614671Z #29 1.381     --hash=sha256:f4d78253f6996be4901669ad25319f842f740eccf4d58e3c7f3dd39e6dde1d8f \
Synthetic Compose build and health	Run docker compose build	2026-09-23T06:01:10.6615601Z #29 1.381     --hash=sha256:f90938e92afda60266da758ee7d363447f7f0138c9559f9e1811629580582d90
Synthetic Compose build and health	Run docker compose build	2026-09-23T06:01:10.6616278Z #29 1.381     # via
Synthetic Compose build and health	Run docker compose build	2026-09-23T06:01:10.6616607Z #29 1.381     #   jsonschema
Synthetic Compose build and health	Run docker compose build	2026-09-23T06:01:10.6616974Z #29 1.381     #   referencing
Synthetic Compose build and health	Run docker compose build	2026-09-23T06:01:10.6617340Z #29 1.381 scipy==1.18.1 \
Synthetic Compose build and health	Run docker compose build	2026-09-23T06:01:10.6617946Z #29 1.381     --hash=sha256:011413b7426b75012840e35649e00fe0a2c3bae89fed433876e3a99251572efc \
Synthetic Compose build and health	Run docker compose build	2026-09-23T06:01:10.6618867Z #29 1.381     --hash=sha256:0e82073ecc7acc6436fac4b31674109c7e1d3e596789767eda01258a8c9e8123 \
Synthetic Compose build and health	Run docker compose build	2026-09-23T06:01:10.6619775Z #29 1.381     --hash=sha256:0fcb3c93519f27bb4f0c4b0f7802cdcaca7fcf93267b75edda2e9f4e8a55cbd7 \
Synthetic Compose build and health	Run docker compose build	2026-09-23T06:01:10.6620869Z #29 1.381     --hash=sha256:11c423f1049c5755ad4409af52a9ada1cff96fe9b50795d4af3619f292901239 \
Synthetic Compose build and health	Run docker compose build	2026-09-23T06:01:10.6622011Z #29 1.381     --hash=sha256:2d3ab0e8c69a17dd3559eab8cbb88f258e285c94d572c2719033f90f83290c89 \
Synthetic Compose build and health	Run docker compose build	2026-09-23T06:01:10.6623103Z #29 1.381     --hash=sha256:3ab3523da44749156e1f68b464dc56af11ae4cbc5c739a49d05f32b982eca9f3 \
Synthetic Compose build and health	Run docker compose build	2026-09-23T06:01:10.6624008Z #29 1.381     --hash=sha256:52c4b7422442aba924d03ad4019852b08a92e64ea187b933135687bfe2747307 \
Synthetic Compose build and health	Run docker compose build	2026-09-23T06:01:10.6624901Z #29 1.381     --hash=sha256:559ed65f60c1af5a03f3912605a1b5114f522c7c32fb23c3376ae8f03219fe28 \
Synthetic Compose build and health	Run docker compose build	2026-09-23T06:01:10.6625812Z #29 1.381     --hash=sha256:75b00eb8fb802090aa903f4ea1c7f5a584779f967361e68b7e98e531cc2d7174 \
Synthetic Compose build and health	Run docker compose build	2026-09-23T06:01:10.6626707Z #29 1.381     --hash=sha256:78a0d7c918e74a232394117160e7e3db503377572a45bcef8826e4ab8a35feba \
Synthetic Compose build and health	Run docker compose build	2026-09-23T06:01:10.6627598Z #29 1.381     --hash=sha256:7f4b8bc363b6d65ee2152bec57568e3c52639bb34c46057b09857a307ed5e21d \
Synthetic Compose build and health	Run docker compose build	2026-09-23T06:01:10.6628512Z #29 1.381     --hash=sha256:83de5453a7799afc9048b4616bd085cef126e36412f0ea2f6370c36a2a3a51e7 \
Synthetic Compose build and health	Run docker compose build	2026-09-23T06:01:10.6629426Z #29 1.382     --hash=sha256:88f0e784020649f88ea48c9f5ddfa403bf9205820667c0914740b392035afb82 \
Synthetic Compose build and health	Run docker compose build	2026-09-23T06:01:10.6630321Z #29 1.382     --hash=sha256:8bcf3c1ba5d6456e2effd30fcbd3459b044d683fcdac79a2e6830f0bdf7de487 \
Synthetic Compose build and health	Run docker compose build	2026-09-23T06:01:10.6631394Z #29 1.382     --hash=sha256:911de823097db8b63f034299d12662db93344e6ffa0b881cbb57748974b70168 \
Synthetic Compose build and health	Run docker compose build	2026-09-23T06:01:10.6632262Z #29 1.382     --hash=sha256:95298364e251be3e60249facbeeca03631d3bb7584f85879516ec55ac717b81f \
Synthetic Compose build and health	Run docker compose build	2026-09-23T06:01:10.6633187Z #29 1.382     --hash=sha256:9554bcc6d715ee87a633a3cc8e7703c6628b100dd29cb8a2efc4c0533c7ff729 \
Synthetic Compose build and health	Run docker compose build	2026-09-23T06:01:10.6634130Z #29 1.382     --hash=sha256:9f2897bf7737392ad0d5213ea7b6add72a4edf5679b3153106aeb88b6507b3b9 \
Synthetic Compose build and health	Run docker compose build	2026-09-23T06:01:10.6635049Z #29 1.382     --hash=sha256:a1d33a7836f7ddc1993427966a0823468ec41bcbdb1a9f9942d1d7e57f803ba3 \
Synthetic Compose build and health	Run docker compose build	2026-09-23T06:01:10.6636002Z #29 1.382     --hash=sha256:ac0333bdf38309aa3dcbe7e3fa7ea29e7a2c37c6ea306a757b700ded8e4596ad \
Synthetic Compose build and health	Run docker compose build	2026-09-23T06:01:10.6636923Z #29 1.382     --hash=sha256:c24acac1e18912761c4700239bbc1fd32f615af690f1584d49b35859be51324d \
Synthetic Compose build and health	Run docker compose build	2026-09-23T06:01:10.6637821Z #29 1.382     --hash=sha256:c825cef2f49e46753726a7181a8e199804a912b29519ada542c6ebc654951899 \
Synthetic Compose build and health	Run docker compose build	2026-09-23T06:01:10.6638748Z #29 1.382     --hash=sha256:cbf38d043c1aa4ab306e1ada6ab6eddacc3322a20b7af1b30bc93254b366fe09 \
Synthetic Compose build and health	Run docker compose build	2026-09-23T06:01:10.6639655Z #29 1.382     --hash=sha256:cd479fc04dd9401e3b4f49e76518768ef99c4f517a98c284eb091fd725719adf \
Synthetic Compose build and health	Run docker compose build	2026-09-23T06:01:10.6640918Z #29 1.382     --hash=sha256:cfbf154f2ba187f2ed6cce2639efff7d105f1140573642c0161615b6d91d6a87 \
Synthetic Compose build and health	Run docker compose build	2026-09-23T06:01:10.6641880Z #29 1.382     --hash=sha256:d416b16cccfd70fbf62400e84d0bb2f4e6af519a45557f1692c749b37f14b315 \
Synthetic Compose build and health	Run docker compose build	2026-09-23T06:01:10.6642759Z #29 1.382     --hash=sha256:ddef79fb382df40104a19bb7151b3b23e57c1778fcf857c71ceecd9bd264513f \
Synthetic Compose build and health	Run docker compose build	2026-09-23T06:01:10.6643690Z #29 1.382     --hash=sha256:e3b417bf8c2c7c16e8f58ad91db17783ec911ac16e7b50eb6eab6e809b4f5b07 \
Synthetic Compose build and health	Run docker compose build	2026-09-23T06:01:10.6644751Z #29 1.382     --hash=sha256:e6fb6a55cc0ba97b59a1f288fb86dc6fce8bdfc0fffcbfd015e3a954bf2a2d93 \
Synthetic Compose build and health	Run docker compose build	2026-09-23T06:01:10.6645350Z #29 1.382     --hash=sha256:ea324d9dd34c38bfb9bec8ca4d1b407db97dbb74029f566b8e322b1b6fe56fe6 \
Synthetic Compose build and health	Run docker compose build	2026-09-23T06:01:10.6645902Z #29 1.382     --hash=sha256:fdaf5ea890a6183d0565f51a61799d67081bd5b1cf03c5f4b3fd3732108625c9
Synthetic Compose build and health	Run docker compose build	2026-09-23T06:01:10.6646325Z #29 1.383     # via brasileirao-predictor
Synthetic Compose build and health	Run docker compose build	2026-09-23T06:01:10.6646600Z #29 1.383 six==1.17.0 \
Synthetic Compose build and health	Run docker compose build	2026-09-23T06:01:10.6646976Z #29 1.383     --hash=sha256:4721f391ed90541fddacab5acf947aa0d3dc7d27b2e1e8eda2be8970586c3274 \
Synthetic Compose build and health	Run docker compose build	2026-09-23T06:01:10.6647532Z #29 1.383     --hash=sha256:ff70335d468e7eb6ec65b95b99d3a2836546063f63acc5171de367e834932a81
Synthetic Compose build and health	Run docker compose build	2026-09-23T06:01:10.6647935Z #29 1.383     # via python-dateutil
Synthetic Compose build and health	Run docker compose build	2026-09-23T06:01:10.6648252Z #29 1.383 truststore==0.10.4 \
Synthetic Compose build and health	Run docker compose build	2026-09-23T06:01:10.6648868Z #29 1.383     --hash=sha256:9d91bd436463ad5e4ee4aba766628dd6cd7010cf3e2461756b3303710eebc301 \
Synthetic Compose build and health	Run docker compose build	2026-09-23T06:01:10.6649831Z #29 1.383     --hash=sha256:adaeaecf1cbb5f4de3b1959b42d41f6fab57b2b1666adb59e89cb0b53361d981
Synthetic Compose build and health	Run docker compose build	2026-09-23T06:01:10.6651104Z #29 1.383     # via brasileirao-predictor
Synthetic Compose build and health	Run docker compose build	2026-09-23T06:01:10.6651542Z #29 1.383 typing-extensions==4.16.0 \
Synthetic Compose build and health	Run docker compose build	2026-09-23T06:01:10.6652442Z #29 1.383     --hash=sha256:481caa481374e813c1b176ada14e97f1f67a4539ce9cfeb3f350d78d6370c2e8 \
Synthetic Compose build and health	Run docker compose build	2026-09-23T06:01:10.6653393Z #29 1.383     --hash=sha256:dc983d19a509c94dba722ee6abd33940f7c05a89e243c47e907eb4db6f1a43e5
Synthetic Compose build and health	Run docker compose build	2026-09-23T06:01:10.6654078Z #29 1.383     # via
Synthetic Compose build and health	Run docker compose build	2026-09-23T06:01:10.6654389Z #29 1.383     #   pydantic
Synthetic Compose build and health	Run docker compose build	2026-09-23T06:01:10.6654737Z #29 1.383     #   pydantic-core
Synthetic Compose build and health	Run docker compose build	2026-09-23T06:01:10.6655169Z #29 1.383     #   typing-inspection
Synthetic Compose build and health	Run docker compose build	2026-09-23T06:01:10.6655575Z #29 1.383 typing-inspection==0.4.4 \
Synthetic Compose build and health	Run docker compose build	2026-09-23T06:01:10.6656235Z #29 1.383     --hash=sha256:547274fa6b0a561ccf549cc9524b999a578e737d015d8709d021f9d0d13bea47 \
Synthetic Compose build and health	Run docker compose build	2026-09-23T06:01:10.6657145Z #29 1.383     --hash=sha256:65b8397ba37ccbce054456aaccddfc91e6e3083c92824df348d96ca832f3f147
Synthetic Compose build and health	Run docker compose build	2026-09-23T06:01:10.6657738Z #29 1.383     # via
Synthetic Compose build and health	Run docker compose build	2026-09-23T06:01:10.6657963Z #29 1.383     #   pydantic
Synthetic Compose build and health	Run docker compose build	2026-09-23T06:01:10.6658206Z #29 1.383     #   pydantic-settings
Synthetic Compose build and health	Run docker compose build	2026-09-23T06:01:10.6658587Z #29 1.383 tzdata==2026.3 ; sys_platform == 'emscripten' or sys_platform == 'win32' \
Synthetic Compose build and health	Run docker compose build	2026-09-23T06:01:10.6659119Z #29 1.383     --hash=sha256:4a1518b8993086a7982523e071643f3c0e5f213e75b21318e78bcabfff9d1415 \
Synthetic Compose build and health	Run docker compose build	2026-09-23T06:01:10.6659666Z #29 1.383     --hash=sha256:dc096730c87af6cab1b171c9d532be840741ff5d459015e7f6947bd7d7e54931
Synthetic Compose build and health	Run docker compose build	2026-09-23T06:01:10.6660080Z #29 1.383     # via pandas
Synthetic Compose build and health	Run docker compose build	2026-09-23T06:01:10.6660306Z #29 1.383 urllib3==2.7.0 \
Synthetic Compose build and health	Run docker compose build	2026-09-23T06:01:10.6661176Z #29 1.383     --hash=sha256:231e0ec3b63ceb14667c67be60f2f2c40a518cb38b03af60abc813da26505f4c \
Synthetic Compose build and health	Run docker compose build	2026-09-23T06:01:10.6662143Z #29 1.383     --hash=sha256:9fb4c81ebbb1ce9531cce37674bbc6f1360472bc18ca9a553ede278ef7276897
Synthetic Compose build and health	Run docker compose build	2026-09-23T06:01:10.6662816Z #29 1.383     # via requests
Synthetic Compose build and health	Run docker compose build	2026-09-23T06:01:10.6663164Z #29 1.396 Building wheel...
Synthetic Compose build and health	Run docker compose build	2026-09-23T06:01:10.6663638Z #29 2.360 Successfully built dist/brasileirao_predictor-0.2.0-py3-none-any.whl
Synthetic Compose build and health	Run docker compose build	2026-09-23T06:01:10.6664114Z #29 2.385 Using CPython 3.14.7 interpreter at: /usr/local/bin/python3
Synthetic Compose build and health	Run docker compose build	2026-09-23T06:01:10.6664548Z #29 2.386 Creating virtual environment at: /opt/venv
Synthetic Compose build and health	Run docker compose build	2026-09-23T06:01:10.6664895Z #29 2.466 Using Python 3.14.7 environment at: /opt/venv
Synthetic Compose build and health	Run docker compose build	2026-09-23T06:01:10.6665204Z #29 2.947 Resolved 26 packages in 479ms
Synthetic Compose build and health	Run docker compose build	2026-09-23T06:01:10.6665475Z #29 3.052 Downloading scipy (33.7MiB)
Synthetic Compose build and health	Run docker compose build	2026-09-23T06:01:10.6665753Z #29 3.052 Downloading pydantic-core (2.0MiB)
Synthetic Compose build and health	Run docker compose build	2026-09-23T06:01:10.6666033Z #29 3.052 Downloading pandas (10.3MiB)
Synthetic Compose build and health	Run docker compose build	2026-09-23T06:01:10.6666288Z #29 3.052 Downloading numpy (15.9MiB)
Synthetic Compose build and health	Run docker compose build	2026-09-23T06:01:10.6666550Z #29 3.319  Downloaded pydantic-core
Synthetic Compose build and health	Run docker compose build	2026-09-23T06:01:10.6666816Z #29 4.204  Downloaded numpy
Synthetic Compose build and health	Run docker compose build	2026-09-23T06:01:10.6667081Z #29 4.806  Downloaded pandas
Synthetic Compose build and health	Run docker compose build	2026-09-23T06:01:10.7661604Z #29 4.814  Downloaded scipy
Synthetic Compose build and health	Run docker compose build	2026-09-23T06:01:10.7662269Z #29 4.815 Prepared 24 packages in 1.86s
Synthetic Compose build and health	Run docker compose build	2026-09-23T06:01:10.7662964Z #29 4.917 Installed 26 packages in 100ms
Synthetic Compose build and health	Run docker compose build	2026-09-23T06:01:10.7663584Z #29 4.917  + annotated-types==0.8.0
Synthetic Compose build and health	Run docker compose build	2026-09-23T06:01:10.7664169Z #29 4.917  + attrs==26.1.0
Synthetic Compose build and health	Run docker compose build	2026-09-23T06:01:10.7664695Z #29 4.917  + certifi==2026.7.22
Synthetic Compose build and health	Run docker compose build	2026-09-23T06:01:10.7665217Z #29 4.917  + charset-normalizer==3.5.1
Synthetic Compose build and health	Run docker compose build	2026-09-23T06:01:10.7665753Z #29 4.917  + idna==3.19
Synthetic Compose build and health	Run docker compose build	2026-09-23T06:01:10.7666367Z #29 4.917  + jsonschema==4.26.0
Synthetic Compose build and health	Run docker compose build	2026-09-23T06:01:10.7666952Z #29 4.917  + jsonschema-specifications==2025.9.1
Synthetic Compose build and health	Run docker compose build	2026-09-23T06:01:10.7667557Z #29 4.917  + numpy==2.5.3
Synthetic Compose build and health	Run docker compose build	2026-09-23T06:01:10.7668054Z #29 4.917  + pandas==3.0.6
Synthetic Compose build and health	Run docker compose build	2026-09-23T06:01:10.7669258Z #29 4.917  + predictor-core==3.2.1 (from https://github.com/leonardosovienski/core-predictor/releases/download/v3.2.1/predictor_core-3.2.1-py3-none-any.whl)
Synthetic Compose build and health	Run docker compose build	2026-09-23T06:01:10.7671789Z #29 4.917  + predictor-ops==4.2.1 (from https://github.com/leonardosovienski/predictor-ops/releases/download/v4.2.1/predictor_ops-4.2.1-py3-none-any.whl)
Synthetic Compose build and health	Run docker compose build	2026-09-23T06:01:10.7673023Z #29 4.917  + pydantic==2.13.5
Synthetic Compose build and health	Run docker compose build	2026-09-23T06:01:10.7673861Z #29 4.917  + pydantic-core==2.46.5
Synthetic Compose build and health	Run docker compose build	2026-09-23T06:01:10.7674418Z #29 4.917  + pydantic-settings==2.15.0
Synthetic Compose build and health	Run docker compose build	2026-09-23T06:01:10.7674982Z #29 4.917  + python-dateutil==2.9.0.post0
Synthetic Compose build and health	Run docker compose build	2026-09-23T06:01:10.7675552Z #29 4.917  + python-dotenv==1.2.3
Synthetic Compose build and health	Run docker compose build	2026-09-23T06:01:10.7676104Z #29 4.917  + pyyaml==6.0.3
Synthetic Compose build and health	Run docker compose build	2026-09-23T06:01:10.7676472Z #29 4.917  + referencing==0.37.0
Synthetic Compose build and health	Run docker compose build	2026-09-23T06:01:10.7676847Z #29 4.917  + requests==2.34.2
Synthetic Compose build and health	Run docker compose build	2026-09-23T06:01:10.7677219Z #29 4.917  + rpds-py==2026.6.3
Synthetic Compose build and health	Run docker compose build	2026-09-23T06:01:10.7677720Z #29 4.917  + scipy==1.18.1
Synthetic Compose build and health	Run docker compose build	2026-09-23T06:01:10.7678104Z #29 4.917  + six==1.17.0
Synthetic Compose build and health	Run docker compose build	2026-09-23T06:01:10.7678552Z #29 4.917  + truststore==0.10.4
Synthetic Compose build and health	Run docker compose build	2026-09-23T06:01:10.7679114Z #29 4.917  + typing-extensions==4.16.0
Synthetic Compose build and health	Run docker compose build	2026-09-23T06:01:10.7679730Z #29 4.917  + typing-inspection==0.4.4
Synthetic Compose build and health	Run docker compose build	2026-09-23T06:01:10.7680316Z #29 4.917  + urllib3==2.7.0
Synthetic Compose build and health	Run docker compose build	2026-09-23T06:01:10.8665197Z #29 4.937 Using Python 3.14.7 environment at: /opt/venv
Synthetic Compose build and health	Run docker compose build	2026-09-23T06:01:10.8666047Z #29 4.944 Resolved 1 package in 6ms
Synthetic Compose build and health	Run docker compose build	2026-09-23T06:01:10.8666763Z #29 4.996 Prepared 1 package in 49ms
Synthetic Compose build and health	Run docker compose build	2026-09-23T06:01:11.0447711Z #29 5.017 Installed 1 package in 18ms
Synthetic Compose build and health	Run docker compose build	2026-09-23T06:01:11.0449320Z #29 5.019  + brasileirao-predictor==0.2.0 (from file:///build/dist/brasileirao_predictor-0.2.0-py3-none-any.whl)
Synthetic Compose build and health	Run docker compose build	2026-09-23T06:01:11.0788549Z #29 DONE 5.2s
Synthetic Compose build and health	Run docker compose build	2026-09-23T06:01:11.0789061Z 
Synthetic Compose build and health	Run docker compose build	2026-09-23T06:01:11.0794243Z #23 [kernel builder 8/8] RUN python -c "import urllib.request; urllib.request.urlretrieve('https://github.com/leonardosovienski/core-predictor/releases/download/v3.2.1/predictor_core-3.2.1-py3-none-any.whl', 'predictor_core-3.2.1-py3-none-any.whl'); urllib.request.urlretrieve('https://github.com/leonardosovienski/predictor-ops/releases/download/v4.2.1/predictor_ops-4.2.1-py3-none-any.whl', 'predictor_ops-4.2.1-py3-none-any.whl')"     && sha256sum -c constraints/shared-wheels.sha256     && uv export --locked --no-dev --extra kernel --no-emit-project         --format requirements.txt --output-file requirements.lock     && uv build --wheel && uv venv /opt/venv     && uv pip sync --python /opt/venv/bin/python --require-hashes requirements.lock     && uv pip install --python /opt/venv/bin/python --no-deps dist/*.whl
Synthetic Compose build and health	Run docker compose build	2026-09-23T06:01:11.0806326Z #23 5.044  Downloaded numpy
Synthetic Compose build and health	Run docker compose build	2026-09-23T06:01:11.5939186Z #23 5.744  Downloaded llvmlite
Synthetic Compose build and health	Run docker compose build	2026-09-23T06:01:11.8415261Z #23 5.788  Downloaded scipy
Synthetic Compose build and health	Run docker compose build	2026-09-23T06:01:11.8415720Z #23 5.842  Downloaded pandas
Synthetic Compose build and health	Run docker compose build	2026-09-23T06:01:11.8416012Z #23 5.842 Prepared 28 packages in 2.78s
Synthetic Compose build and health	Run docker compose build	2026-09-23T06:01:11.9181684Z #23 6.066 Installed 30 packages in 224ms
Synthetic Compose build and health	Run docker compose build	2026-09-23T06:01:11.9182283Z #23 6.066  + annotated-types==0.8.0
Synthetic Compose build and health	Run docker compose build	2026-09-23T06:01:11.9182693Z #23 6.066  + attrs==26.1.0
Synthetic Compose build and health	Run docker compose build	2026-09-23T06:01:11.9183048Z #23 6.066  + certifi==2026.7.22
Synthetic Compose build and health	Run docker compose build	2026-09-23T06:01:11.9183424Z #23 6.066  + charset-normalizer==3.5.1
Synthetic Compose build and health	Run docker compose build	2026-09-23T06:01:11.9183792Z #23 6.066  + hiredis==3.4.1
Synthetic Compose build and health	Run docker compose build	2026-09-23T06:01:11.9184103Z #23 6.066  + idna==3.19
Synthetic Compose build and health	Run docker compose build	2026-09-23T06:01:11.9184401Z #23 6.066  + jsonschema==4.26.0
Synthetic Compose build and health	Run docker compose build	2026-09-23T06:01:12.0708691Z #23 6.066  + jsonschema-specifications==2025.9.1
Synthetic Compose build and health	Run docker compose build	2026-09-23T06:01:12.0709588Z #23 6.067  + llvmlite==0.49.0
Synthetic Compose build and health	Run docker compose build	2026-09-23T06:01:12.0710300Z #23 6.067  + numba==0.67.0
Synthetic Compose build and health	Run docker compose build	2026-09-23T06:01:12.0711299Z #23 6.067  + numpy==2.5.3
Synthetic Compose build and health	Run docker compose build	2026-09-23T06:01:12.0711864Z #23 6.067  + pandas==3.0.6
Synthetic Compose build and health	Run docker compose build	2026-09-23T06:01:12.0713136Z #23 6.067  + predictor-core==3.2.1 (from https://github.com/leonardosovienski/core-predictor/releases/download/v3.2.1/predictor_core-3.2.1-py3-none-any.whl)
Synthetic Compose build and health	Run docker compose build	2026-09-23T06:01:12.0715026Z #23 6.067  + predictor-ops==4.2.1 (from https://github.com/leonardosovienski/predictor-ops/releases/download/v4.2.1/predictor_ops-4.2.1-py3-none-any.whl)
Synthetic Compose build and health	Run docker compose build	2026-09-23T06:01:12.0716293Z #23 6.067  + pydantic==2.13.5
Synthetic Compose build and health	Run docker compose build	2026-09-23T06:01:12.0716886Z #23 6.067  + pydantic-core==2.46.5
Synthetic Compose build and health	Run docker compose build	2026-09-23T06:01:12.0717489Z #23 6.067  + pydantic-settings==2.15.0
Synthetic Compose build and health	Run docker compose build	2026-09-23T06:01:12.0718122Z #23 6.067  + python-dateutil==2.9.0.post0
Synthetic Compose build and health	Run docker compose build	2026-09-23T06:01:12.0718762Z #23 6.067  + python-dotenv==1.2.3
Synthetic Compose build and health	Run docker compose build	2026-09-23T06:01:12.0719347Z #23 6.067  + pyyaml==6.0.3
Synthetic Compose build and health	Run docker compose build	2026-09-23T06:01:12.0719884Z #23 6.067  + redis==8.1.0
Synthetic Compose build and health	Run docker compose build	2026-09-23T06:01:12.0720878Z #23 6.067  + referencing==0.37.0
Synthetic Compose build and health	Run docker compose build	2026-09-23T06:01:12.0721457Z #23 6.067  + requests==2.34.2
Synthetic Compose build and health	Run docker compose build	2026-09-23T06:01:12.0722091Z #23 6.067  + rpds-py==2026.6.3
Synthetic Compose build and health	Run docker compose build	2026-09-23T06:01:12.0722667Z #23 6.068  + scipy==1.18.1
Synthetic Compose build and health	Run docker compose build	2026-09-23T06:01:12.0723440Z #23 6.068  + six==1.17.0
Synthetic Compose build and health	Run docker compose build	2026-09-23T06:01:12.0724000Z #23 6.068  + truststore==0.10.4
Synthetic Compose build and health	Run docker compose build	2026-09-23T06:01:12.0724590Z #23 6.068  + typing-extensions==4.16.0
Synthetic Compose build and health	Run docker compose build	2026-09-23T06:01:12.0725211Z #23 6.068  + typing-inspection==0.4.4
Synthetic Compose build and health	Run docker compose build	2026-09-23T06:01:12.0725809Z #23 6.068  + urllib3==2.7.0
Synthetic Compose build and health	Run docker compose build	2026-09-23T06:01:12.0726432Z #23 6.084 Using Python 3.14.7 environment at: /opt/venv
Synthetic Compose build and health	Run docker compose build	2026-09-23T06:01:12.0727128Z #23 6.092 Resolved 1 package in 2ms
Synthetic Compose build and health	Run docker compose build	2026-09-23T06:01:12.0727743Z #23 6.126 Prepared 1 package in 33ms
Synthetic Compose build and health	Run docker compose build	2026-09-23T06:01:12.0728356Z #23 6.136 Installed 1 package in 10ms
Synthetic Compose build and health	Run docker compose build	2026-09-23T06:01:12.0729331Z #23 6.136  + brasileirao-predictor==0.2.0 (from file:///build/dist/brasileirao_predictor-0.2.0-py3-none-any.whl)
Synthetic Compose build and health	Run docker compose build	2026-09-23T06:01:12.0730309Z #23 DONE 6.2s
Synthetic Compose build and health	Run docker compose build	2026-09-23T06:01:12.0730823Z 
Synthetic Compose build and health	Run docker compose build	2026-09-23T06:01:12.0731325Z #30 [init-data stage-1 3/4] COPY --from=builder /opt/venv /opt/venv
Synthetic Compose build and health	Run docker compose build	2026-09-23T06:01:13.2036486Z #30 DONE 1.1s
Synthetic Compose build and health	Run docker compose build	2026-09-23T06:01:13.2036801Z 
Synthetic Compose build and health	Run docker compose build	2026-09-23T06:01:13.2037016Z #31 [init-data stage-1 4/4] WORKDIR /app
Synthetic Compose build and health	Run docker compose build	2026-09-23T06:01:13.2037451Z #31 DONE 0.0s
Synthetic Compose build and health	Run docker compose build	2026-09-23T06:01:13.2037635Z 
Synthetic Compose build and health	Run docker compose build	2026-09-23T06:01:13.2037793Z #32 [init-data] exporting to image
Synthetic Compose build and health	Run docker compose build	2026-09-23T06:01:13.2038187Z #32 exporting layers
Synthetic Compose build and health	Run docker compose build	2026-09-23T06:01:14.7082360Z #32 ...
Synthetic Compose build and health	Run docker compose build	2026-09-23T06:01:14.7082896Z 
Synthetic Compose build and health	Run docker compose build	2026-09-23T06:01:14.7083670Z #33 [kernel stage-1 3/4] COPY --from=builder /opt/venv /opt/venv
Synthetic Compose build and health	Run docker compose build	2026-09-23T06:01:14.7084750Z #33 DONE 1.7s
Synthetic Compose build and health	Run docker compose build	2026-09-23T06:01:14.9003022Z 
Synthetic Compose build and health	Run docker compose build	2026-09-23T06:01:14.9003628Z #34 [kernel stage-1 4/4] WORKDIR /app
Synthetic Compose build and health	Run docker compose build	2026-09-23T06:01:14.9004154Z #34 DONE 0.0s
Synthetic Compose build and health	Run docker compose build	2026-09-23T06:01:14.9004350Z 
Synthetic Compose build and health	Run docker compose build	2026-09-23T06:01:15.1799883Z #35 [kernel] exporting to image
Synthetic Compose build and health	Run docker compose build	2026-09-23T06:01:15.1800273Z #35 ...
Synthetic Compose build and health	Run docker compose build	2026-09-23T06:01:15.1800392Z 
Synthetic Compose build and health	Run docker compose build	2026-09-23T06:01:15.1800504Z #32 [init-data] exporting to image
Synthetic Compose build and health	Run docker compose build	2026-09-23T06:01:15.1801075Z #32 exporting layers 1.9s done
Synthetic Compose build and health	Run docker compose build	2026-09-23T06:01:15.1801518Z #32 writing image sha256:a6c5d8b89e263799304c26205584c71bcd70557dc19cda2a9b649841989cbaed done
Synthetic Compose build and health	Run docker compose build	2026-09-23T06:01:15.1802128Z #32 naming to docker.io/library/brasileirao-ci-35824710697-1-init-data done
Synthetic Compose build and health	Run docker compose build	2026-09-23T06:01:15.1802536Z #32 DONE 1.9s
Synthetic Compose build and health	Run docker compose build	2026-09-23T06:01:15.1802656Z 
Synthetic Compose build and health	Run docker compose build	2026-09-23T06:01:15.1802803Z #36 [init-data] resolving provenance for metadata file
Synthetic Compose build and health	Run docker compose build	2026-09-23T06:01:15.1803107Z #36 DONE 0.0s
Synthetic Compose build and health	Run docker compose build	2026-09-23T06:01:15.2324760Z 
Synthetic Compose build and health	Run docker compose build	2026-09-23T06:01:15.2328602Z #37 [worker build 7/7] RUN dotnet publish dotnet/LineupWorker/LineupWorker.csproj -c Release --no-restore -o /app/publish
Synthetic Compose build and health	Run docker compose build	2026-09-23T06:01:15.2331128Z #37 4.914   LineupWorker -> /src/dotnet/LineupWorker/bin/Release/net10.0/LineupWorker.dll
Synthetic Compose build and health	Run docker compose build	2026-09-23T06:01:15.3753991Z #37 4.963   LineupWorker -> /app/publish/
Synthetic Compose build and health	Run docker compose build	2026-09-23T06:01:15.3755799Z #37 DONE 5.1s
Synthetic Compose build and health	Run docker compose build	2026-09-23T06:01:15.3756154Z 
Synthetic Compose build and health	Run docker compose build	2026-09-23T06:01:15.3756392Z #35 [kernel] exporting to image
Synthetic Compose build and health	Run docker compose build	2026-09-23T06:01:15.5786560Z #35 ...
Synthetic Compose build and health	Run docker compose build	2026-09-23T06:01:15.5787816Z 
Synthetic Compose build and health	Run docker compose build	2026-09-23T06:01:15.5788299Z #38 [worker stage-1 3/3] COPY --from=build /app/publish .
Synthetic Compose build and health	Run docker compose build	2026-09-23T06:01:15.5789071Z #38 DONE 0.0s
Synthetic Compose build and health	Run docker compose build	2026-09-23T06:01:15.7288530Z 
Synthetic Compose build and health	Run docker compose build	2026-09-23T06:01:15.7289109Z #39 [worker] exporting to image
Synthetic Compose build and health	Run docker compose build	2026-09-23T06:01:16.0059127Z #39 exporting layers 0.6s done
Synthetic Compose build and health	Run docker compose build	2026-09-23T06:01:16.1778776Z #39 writing image sha256:99d8c7655238b2b99115608a53759402c38b3878a3887079dbdfc0d0441baf8f done
Synthetic Compose build and health	Run docker compose build	2026-09-23T06:01:16.1779766Z #39 naming to docker.io/library/brasileirao-ci-35824710697-1-worker done
Synthetic Compose build and health	Run docker compose build	2026-09-23T06:01:16.1780361Z #39 DONE 0.6s
Synthetic Compose build and health	Run docker compose build	2026-09-23T06:01:16.1780544Z 
Synthetic Compose build and health	Run docker compose build	2026-09-23T06:01:16.1780922Z #40 [worker] resolving provenance for metadata file
Synthetic Compose build and health	Run docker compose build	2026-09-23T06:01:16.1781366Z #40 DONE 0.0s
Synthetic Compose build and health	Run docker compose build	2026-09-23T06:01:16.1781543Z 
Synthetic Compose build and health	Run docker compose build	2026-09-23T06:01:16.1781687Z #35 [kernel] exporting to image
Synthetic Compose build and health	Run docker compose build	2026-09-23T06:01:16.5540996Z #35 exporting layers 1.8s done
Synthetic Compose build and health	Run docker compose build	2026-09-23T06:01:16.5750273Z #35 writing image sha256:94da1160c09890c4058a3de3720b797ab0a5d56e75bc6b215bd15b7d1dc570fa done
Synthetic Compose build and health	Run docker compose build	2026-09-23T06:01:16.5751553Z  worker  Built
Synthetic Compose build and health	Run docker compose build	2026-09-23T06:01:16.5751866Z  init-data  Built
Synthetic Compose build and health	Run docker compose build	2026-09-23T06:01:16.5752185Z  kernel  Built
Synthetic Compose build and health	Run docker compose build	2026-09-23T06:01:16.5752666Z #35 naming to docker.io/library/brasileirao-ci-35824710697-1-kernel done
Synthetic Compose build and health	Run docker compose build	2026-09-23T06:01:16.5753274Z #35 DONE 1.8s
Synthetic Compose build and health	Run docker compose build	2026-09-23T06:01:16.5753395Z 
Synthetic Compose build and health	Run docker compose build	2026-09-23T06:01:16.5753530Z #41 [kernel] resolving provenance for metadata file
Synthetic Compose build and health	Run docker compose build	2026-09-23T06:01:16.5753835Z #41 DONE 0.0s
Synthetic Compose build and health	Run docker compose up --detach --wait --wait-timeout 180	﻿2026-09-23T06:01:16.5818384Z ##[group]Run docker compose up --detach --wait --wait-timeout 180
Synthetic Compose build and health	Run docker compose up --detach --wait --wait-timeout 180	2026-09-23T06:01:16.5818866Z ^[[36;1mdocker compose up --detach --wait --wait-timeout 180^[[0m
Synthetic Compose build and health	Run docker compose up --detach --wait --wait-timeout 180	2026-09-23T06:01:16.5857210Z shell: /usr/bin/bash -e {0}
Synthetic Compose build and health	Run docker compose up --detach --wait --wait-timeout 180	2026-09-23T06:01:16.5857465Z env:
Synthetic Compose build and health	Run docker compose up --detach --wait --wait-timeout 180	2026-09-23T06:01:16.5857716Z   COMPOSE_PROJECT_NAME: brasileirao-ci-35824710697-1
Synthetic Compose build and health	Run docker compose up --detach --wait --wait-timeout 180	2026-09-23T06:01:16.5858041Z   EXCHANGE_WEBSOCKET_URL: 
Synthetic Compose build and health	Run docker compose up --detach --wait --wait-timeout 180	2026-09-23T06:01:16.5858283Z   EXCHANGE_API_KEY: 
Synthetic Compose build and health	Run docker compose up --detach --wait --wait-timeout 180	2026-09-23T06:01:16.5858513Z   LINEUP_ALLOW_SYNTHETIC_INPUTS: true
Synthetic Compose build and health	Run docker compose up --detach --wait --wait-timeout 180	2026-09-23T06:01:16.5858871Z   COMPOSE_FILE: /home/runner/work/_temp/compose-synthetic/compose.json
Synthetic Compose build and health	Run docker compose up --detach --wait --wait-timeout 180	2026-09-23T06:01:16.5859240Z ##[endgroup]
Synthetic Compose build and health	Run docker compose up --detach --wait --wait-timeout 180	2026-09-23T06:01:16.6617721Z  redis Pulling 
Synthetic Compose build and health	Run docker compose up --detach --wait --wait-timeout 180	2026-09-23T06:01:17.3743380Z  f7ee36c9aa34 Pulling fs layer 
Synthetic Compose build and health	Run docker compose up --detach --wait --wait-timeout 180	2026-09-23T06:01:17.3745250Z  2fbf79fbbb1b Pulling fs layer 
Synthetic Compose build and health	Run docker compose up --detach --wait --wait-timeout 180	2026-09-23T06:01:17.3745651Z  81d5170ddd74 Pulling fs layer 
Synthetic Compose build and health	Run docker compose up --detach --wait --wait-timeout 180	2026-09-23T06:01:17.3746037Z  bbabdb856fbf Pulling fs layer 
Synthetic Compose build and health	Run docker compose up --detach --wait --wait-timeout 180	2026-09-23T06:01:17.3748289Z  b9047df5a1ae Pulling fs layer 
Synthetic Compose build and health	Run docker compose up --detach --wait --wait-timeout 180	2026-09-23T06:01:17.3748895Z  4f4fb700ef54 Pulling fs layer 
Synthetic Compose build and health	Run docker compose up --detach --wait --wait-timeout 180	2026-09-23T06:01:17.3749241Z  a4a3c406a253 Pulling fs layer 
Synthetic Compose build and health	Run docker compose up --detach --wait --wait-timeout 180	2026-09-23T06:01:17.3749617Z  bbabdb856fbf Waiting 
Synthetic Compose build and health	Run docker compose up --detach --wait --wait-timeout 180	2026-09-23T06:01:17.3749939Z  b9047df5a1ae Waiting 
Synthetic Compose build and health	Run docker compose up --detach --wait --wait-timeout 180	2026-09-23T06:01:17.3750250Z  4f4fb700ef54 Waiting 
Synthetic Compose build and health	Run docker compose up --detach --wait --wait-timeout 180	2026-09-23T06:01:17.3750548Z  a4a3c406a253 Waiting 
Synthetic Compose build and health	Run docker compose up --detach --wait --wait-timeout 180	2026-09-23T06:01:17.5548166Z  81d5170ddd74 Downloading [====>                                              ]  16.38kB/196.1kB
Synthetic Compose build and health	Run docker compose up --detach --wait --wait-timeout 180	2026-09-23T06:01:17.5596044Z  2fbf79fbbb1b Downloading [==================================================>]     950B/950B
Synthetic Compose build and health	Run docker compose up --detach --wait --wait-timeout 180	2026-09-23T06:01:17.5596786Z  2fbf79fbbb1b Verifying Checksum 
Synthetic Compose build and health	Run docker compose up --detach --wait --wait-timeout 180	2026-09-23T06:01:17.5597306Z  2fbf79fbbb1b Download complete 
Synthetic Compose build and health	Run docker compose up --detach --wait --wait-timeout 180	2026-09-23T06:01:17.5763706Z  f7ee36c9aa34 Downloading [>                                                  ]  48.51kB/3.788MB
Synthetic Compose build and health	Run docker compose up --detach --wait --wait-timeout 180	2026-09-23T06:01:17.5964385Z  81d5170ddd74 Downloading [==================================================>]  196.1kB/196.1kB
Synthetic Compose build and health	Run docker compose up --detach --wait --wait-timeout 180	2026-09-23T06:01:17.5965051Z  81d5170ddd74 Verifying Checksum 
Synthetic Compose build and health	Run docker compose up --detach --wait --wait-timeout 180	2026-09-23T06:01:17.5965470Z  81d5170ddd74 Download complete 
Synthetic Compose build and health	Run docker compose up --detach --wait --wait-timeout 180	2026-09-23T06:01:17.6769334Z  f7ee36c9aa34 Downloading [================>                                  ]  1.277MB/3.788MB
Synthetic Compose build and health	Run docker compose up --detach --wait --wait-timeout 180	2026-09-23T06:01:17.7205691Z  f7ee36c9aa34 Verifying Checksum 
Synthetic Compose build and health	Run docker compose up --detach --wait --wait-timeout 180	2026-09-23T06:01:17.7207349Z  f7ee36c9aa34 Download complete 
Synthetic Compose build and health	Run docker compose up --detach --wait --wait-timeout 180	2026-09-23T06:01:17.7216775Z  f7ee36c9aa34 Extracting [>                                                  ]  65.54kB/3.788MB
Synthetic Compose build and health	Run docker compose up --detach --wait --wait-timeout 180	2026-09-23T06:01:17.8043998Z  f7ee36c9aa34 Extracting [==================================================>]  3.788MB/3.788MB
Synthetic Compose build and health	Run docker compose up --detach --wait --wait-timeout 180	2026-09-23T06:01:17.8044976Z  bbabdb856fbf Downloading [>                                                  ]  253.9kB/23.85MB
Synthetic Compose build and health	Run docker compose up --detach --wait --wait-timeout 180	2026-09-23T06:01:17.8050081Z  f7ee36c9aa34 Extracting [==================================================>]  3.788MB/3.788MB
Synthetic Compose build and health	Run docker compose up --detach --wait --wait-timeout 180	2026-09-23T06:01:17.8067975Z  b9047df5a1ae Downloading [==================================================>]     101B/101B
Synthetic Compose build and health	Run docker compose up --detach --wait --wait-timeout 180	2026-09-23T06:01:17.8068662Z  b9047df5a1ae Verifying Checksum 
Synthetic Compose build and health	Run docker compose up --detach --wait --wait-timeout 180	2026-09-23T06:01:17.8069101Z  b9047df5a1ae Download complete 
Synthetic Compose build and health	Run docker compose up --detach --wait --wait-timeout 180	2026-09-23T06:01:17.8235343Z  f7ee36c9aa34 Pull complete 
Synthetic Compose build and health	Run docker compose up --detach --wait --wait-timeout 180	2026-09-23T06:01:17.8243023Z  2fbf79fbbb1b Extracting [==================================================>]     950B/950B
Synthetic Compose build and health	Run docker compose up --detach --wait --wait-timeout 180	2026-09-23T06:01:17.8248812Z  2fbf79fbbb1b Extracting [==================================================>]     950B/950B
Synthetic Compose build and health	Run docker compose up --detach --wait --wait-timeout 180	2026-09-23T06:01:17.8440275Z  2fbf79fbbb1b Pull complete 
Synthetic Compose build and health	Run docker compose up --detach --wait --wait-timeout 180	2026-09-23T06:01:17.8448052Z  81d5170ddd74 Extracting [========>                                          ]  32.77kB/196.1kB
Synthetic Compose build and health	Run docker compose up --detach --wait --wait-timeout 180	2026-09-23T06:01:17.8463812Z  81d5170ddd74 Extracting [==================================================>]  196.1kB/196.1kB
Synthetic Compose build and health	Run docker compose up --detach --wait --wait-timeout 180	2026-09-23T06:01:17.8533416Z  81d5170ddd74 Extracting [==================================================>]  196.1kB/196.1kB
Synthetic Compose build and health	Run docker compose up --detach --wait --wait-timeout 180	2026-09-23T06:01:17.9060657Z  bbabdb856fbf Downloading [======>                                            ]  2.958MB/23.85MB
Synthetic Compose build and health	Run docker compose up --detach --wait --wait-timeout 180	2026-09-23T06:01:17.9108815Z  4f4fb700ef54 Downloading [==================================================>]      32B/32B
Synthetic Compose build and health	Run docker compose up --detach --wait --wait-timeout 180	2026-09-23T06:01:17.9109468Z  4f4fb700ef54 Verifying Checksum 
Synthetic Compose build and health	Run docker compose up --detach --wait --wait-timeout 180	2026-09-23T06:01:17.9110134Z  4f4fb700ef54 Download complete 
Synthetic Compose build and health	Run docker compose up --detach --wait --wait-timeout 180	2026-09-23T06:01:17.9835085Z  81d5170ddd74 Pull complete 
Synthetic Compose build and health	Run docker compose up --detach --wait --wait-timeout 180	2026-09-23T06:01:17.9949702Z  a4a3c406a253 Downloading [=================================>                 ]  1.428kB/2.104kB
Synthetic Compose build and health	Run docker compose up --detach --wait --wait-timeout 180	2026-09-23T06:01:17.9950634Z  a4a3c406a253 Downloading [==================================================>]  2.104kB/2.104kB
Synthetic Compose build and health	Run docker compose up --detach --wait --wait-timeout 180	2026-09-23T06:01:17.9951519Z  a4a3c406a253 Verifying Checksum 
Synthetic Compose build and health	Run docker compose up --detach --wait --wait-timeout 180	2026-09-23T06:01:17.9951914Z  a4a3c406a253 Download complete 
Synthetic Compose build and health	Run docker compose up --detach --wait --wait-timeout 180	2026-09-23T06:01:18.0067427Z  bbabdb856fbf Downloading [==============================================>    ]  22.03MB/23.85MB
Synthetic Compose build and health	Run docker compose up --detach --wait --wait-timeout 180	2026-09-23T06:01:18.0115353Z  bbabdb856fbf Verifying Checksum 
Synthetic Compose build and health	Run docker compose up --detach --wait --wait-timeout 180	2026-09-23T06:01:18.0115920Z  bbabdb856fbf Download complete 
Synthetic Compose build and health	Run docker compose up --detach --wait --wait-timeout 180	2026-09-23T06:01:18.0352790Z  bbabdb856fbf Extracting [>                                                  ]  262.1kB/23.85MB
Synthetic Compose build and health	Run docker compose up --detach --wait --wait-timeout 180	2026-09-23T06:01:18.1363699Z  bbabdb856fbf Extracting [=================>                                 ]  8.389MB/23.85MB
Synthetic Compose build and health	Run docker compose up --detach --wait --wait-timeout 180	2026-09-23T06:01:18.2365214Z  bbabdb856fbf Extracting [==================================>                ]  16.25MB/23.85MB
Synthetic Compose build and health	Run docker compose up --detach --wait --wait-timeout 180	2026-09-23T06:01:18.3248603Z  bbabdb856fbf Extracting [==================================================>]  23.85MB/23.85MB
Synthetic Compose build and health	Run docker compose up --detach --wait --wait-timeout 180	2026-09-23T06:01:18.3249574Z  bbabdb856fbf Extracting [==================================================>]  23.85MB/23.85MB
Synthetic Compose build and health	Run docker compose up --detach --wait --wait-timeout 180	2026-09-23T06:01:18.3550040Z  bbabdb856fbf Pull complete 
Synthetic Compose build and health	Run docker compose up --detach --wait --wait-timeout 180	2026-09-23T06:01:18.3557965Z  b9047df5a1ae Extracting [==================================================>]     101B/101B
Synthetic Compose build and health	Run docker compose up --detach --wait --wait-timeout 180	2026-09-23T06:01:18.3563159Z  b9047df5a1ae Extracting [==================================================>]     101B/101B
Synthetic Compose build and health	Run docker compose up --detach --wait --wait-timeout 180	2026-09-23T06:01:18.3616100Z  b9047df5a1ae Pull complete 
Synthetic Compose build and health	Run docker compose up --detach --wait --wait-timeout 180	2026-09-23T06:01:18.3625132Z  4f4fb700ef54 Extracting [==================================================>]      32B/32B
Synthetic Compose build and health	Run docker compose up --detach --wait --wait-timeout 180	2026-09-23T06:01:18.3627595Z  4f4fb700ef54 Extracting [==================================================>]      32B/32B
Synthetic Compose build and health	Run docker compose up --detach --wait --wait-timeout 180	2026-09-23T06:01:18.3676322Z  4f4fb700ef54 Pull complete 
Synthetic Compose build and health	Run docker compose up --detach --wait --wait-timeout 180	2026-09-23T06:01:18.3690137Z  a4a3c406a253 Extracting [==================================================>]  2.104kB/2.104kB
Synthetic Compose build and health	Run docker compose up --detach --wait --wait-timeout 180	2026-09-23T06:01:18.3694327Z  a4a3c406a253 Extracting [==================================================>]  2.104kB/2.104kB
Synthetic Compose build and health	Run docker compose up --detach --wait --wait-timeout 180	2026-09-23T06:01:18.3754714Z  a4a3c406a253 Pull complete 
Synthetic Compose build and health	Run docker compose up --detach --wait --wait-timeout 180	2026-09-23T06:01:18.3808446Z  redis Pulled 
Synthetic Compose build and health	Run docker compose up --detach --wait --wait-timeout 180	2026-09-23T06:01:18.3833507Z  Network brasileirao-ci-35824710697-1_default  Creating
Synthetic Compose build and health	Run docker compose up --detach --wait --wait-timeout 180	2026-09-23T06:01:18.4193989Z  Network brasileirao-ci-35824710697-1_default  Created
Synthetic Compose build and health	Run docker compose up --detach --wait --wait-timeout 180	2026-09-23T06:01:18.4203918Z  Volume "brasileirao-ci-35824710697-1_app-data"  Creating
Synthetic Compose build and health	Run docker compose up --detach --wait --wait-timeout 180	2026-09-23T06:01:18.4216376Z  Volume "brasileirao-ci-35824710697-1_app-data"  Created
Synthetic Compose build and health	Run docker compose up --detach --wait --wait-timeout 180	2026-09-23T06:01:18.4219624Z  Volume "brasileirao-ci-35824710697-1_redis-data"  Creating
Synthetic Compose build and health	Run docker compose up --detach --wait --wait-timeout 180	2026-09-23T06:01:18.4226416Z  Volume "brasileirao-ci-35824710697-1_redis-data"  Created
Synthetic Compose build and health	Run docker compose up --detach --wait --wait-timeout 180	2026-09-23T06:01:18.4231409Z  Container brasileirao-ci-35824710697-1-init-data-1  Creating
Synthetic Compose build and health	Run docker compose up --detach --wait --wait-timeout 180	2026-09-23T06:01:18.4232165Z  Container brasileirao-ci-35824710697-1-redis-1  Creating
Synthetic Compose build and health	Run docker compose up --detach --wait --wait-timeout 180	2026-09-23T06:01:18.4416226Z  Container brasileirao-ci-35824710697-1-redis-1  Created
Synthetic Compose build and health	Run docker compose up --detach --wait --wait-timeout 180	2026-09-23T06:01:18.4416887Z  Container brasileirao-ci-35824710697-1-init-data-1  Created
Synthetic Compose build and health	Run docker compose up --detach --wait --wait-timeout 180	2026-09-23T06:01:18.4417522Z  Container brasileirao-ci-35824710697-1-kernel-1  Creating
Synthetic Compose build and health	Run docker compose up --detach --wait --wait-timeout 180	2026-09-23T06:01:18.4499841Z  Container brasileirao-ci-35824710697-1-kernel-1  Created
Synthetic Compose build and health	Run docker compose up --detach --wait --wait-timeout 180	2026-09-23T06:01:18.4500503Z  Container brasileirao-ci-35824710697-1-worker-1  Creating
Synthetic Compose build and health	Run docker compose up --detach --wait --wait-timeout 180	2026-09-23T06:01:18.4582000Z  Container brasileirao-ci-35824710697-1-worker-1  Created
Synthetic Compose build and health	Run docker compose up --detach --wait --wait-timeout 180	2026-09-23T06:01:18.4593400Z  Container brasileirao-ci-35824710697-1-init-data-1  Starting
Synthetic Compose build and health	Run docker compose up --detach --wait --wait-timeout 180	2026-09-23T06:01:18.4603660Z  Container brasileirao-ci-35824710697-1-redis-1  Starting
Synthetic Compose build and health	Run docker compose up --detach --wait --wait-timeout 180	2026-09-23T06:01:18.6601406Z  Container brasileirao-ci-35824710697-1-init-data-1  Started
Synthetic Compose build and health	Run docker compose up --detach --wait --wait-timeout 180	2026-09-23T06:01:18.6675987Z  Container brasileirao-ci-35824710697-1-redis-1  Started
Synthetic Compose build and health	Run docker compose up --detach --wait --wait-timeout 180	2026-09-23T06:01:18.6676479Z  Container brasileirao-ci-35824710697-1-redis-1  Waiting
Synthetic Compose build and health	Run docker compose up --detach --wait --wait-timeout 180	2026-09-23T06:01:18.6677256Z  Container brasileirao-ci-35824710697-1-init-data-1  Waiting
Synthetic Compose build and health	Run docker compose up --detach --wait --wait-timeout 180	2026-09-23T06:01:23.1779555Z  Container brasileirao-ci-35824710697-1-init-data-1  Exited
Synthetic Compose build and health	Run docker compose up --detach --wait --wait-timeout 180	2026-09-23T06:01:24.1695322Z  Container brasileirao-ci-35824710697-1-redis-1  Healthy
Synthetic Compose build and health	Run docker compose up --detach --wait --wait-timeout 180	2026-09-23T06:01:24.1696053Z  Container brasileirao-ci-35824710697-1-kernel-1  Starting
Synthetic Compose build and health	Run docker compose up --detach --wait --wait-timeout 180	2026-09-23T06:01:24.2841397Z  Container brasileirao-ci-35824710697-1-kernel-1  Started
Synthetic Compose build and health	Run docker compose up --detach --wait --wait-timeout 180	2026-09-23T06:01:24.2842139Z  Container brasileirao-ci-35824710697-1-kernel-1  Waiting
Synthetic Compose build and health	Run docker compose up --detach --wait --wait-timeout 180	2026-09-23T06:01:24.2842733Z  Container brasileirao-ci-35824710697-1-redis-1  Waiting
Synthetic Compose build and health	Run docker compose up --detach --wait --wait-timeout 180	2026-09-23T06:01:24.7858935Z  Container brasileirao-ci-35824710697-1-redis-1  Healthy
Synthetic Compose build and health	Run docker compose up --detach --wait --wait-timeout 180	2026-09-23T06:01:30.7858243Z  Container brasileirao-ci-35824710697-1-kernel-1  Healthy
Synthetic Compose build and health	Run docker compose up --detach --wait --wait-timeout 180	2026-09-23T06:01:30.7858971Z  Container brasileirao-ci-35824710697-1-worker-1  Starting
Synthetic Compose build and health	Run docker compose up --detach --wait --wait-timeout 180	2026-09-23T06:01:30.9001664Z  Container brasileirao-ci-35824710697-1-worker-1  Started
Synthetic Compose build and health	Run docker compose up --detach --wait --wait-timeout 180	2026-09-23T06:01:30.9002420Z  Container brasileirao-ci-35824710697-1-kernel-1  Waiting
Synthetic Compose build and health	Run docker compose up --detach --wait --wait-timeout 180	2026-09-23T06:01:30.9003057Z  Container brasileirao-ci-35824710697-1-redis-1  Waiting
Synthetic Compose build and health	Run docker compose up --detach --wait --wait-timeout 180	2026-09-23T06:01:30.9003641Z  Container brasileirao-ci-35824710697-1-worker-1  Waiting
Synthetic Compose build and health	Run docker compose up --detach --wait --wait-timeout 180	2026-09-23T06:01:30.9004243Z  Container brasileirao-ci-35824710697-1-init-data-1  Waiting
Synthetic Compose build and health	Run docker compose up --detach --wait --wait-timeout 180	2026-09-23T06:01:31.4018791Z  Container brasileirao-ci-35824710697-1-redis-1  Healthy
Synthetic Compose build and health	Run docker compose up --detach --wait --wait-timeout 180	2026-09-23T06:01:31.4020397Z  Container brasileirao-ci-35824710697-1-kernel-1  Healthy
Synthetic Compose build and health	Run docker compose up --detach --wait --wait-timeout 180	2026-09-23T06:01:31.4021320Z  Container brasileirao-ci-35824710697-1-init-data-1  Exited
Synthetic Compose build and health	Run docker compose up --detach --wait --wait-timeout 180	2026-09-23T06:01:36.4021943Z  Container brasileirao-ci-35824710697-1-worker-1  Healthy
Synthetic Compose build and health	Versioned Python Redis .NET smoke	﻿2026-09-23T06:01:36.4090280Z ##[group]Run docker compose run --rm --no-deps --entrypoint python kernel -m brasileirao_scripts.hotpath_smoke --synthetic-lineup --n 3
Synthetic Compose build and health	Versioned Python Redis .NET smoke	2026-09-23T06:01:36.4092094Z ^[[36;1mdocker compose run --rm --no-deps --entrypoint python kernel -m brasileirao_scripts.hotpath_smoke --synthetic-lineup --n 3^[[0m
Synthetic Compose build and health	Versioned Python Redis .NET smoke	2026-09-23T06:01:36.4137115Z shell: /usr/bin/bash -e {0}
Synthetic Compose build and health	Versioned Python Redis .NET smoke	2026-09-23T06:01:36.4137395Z env:
Synthetic Compose build and health	Versioned Python Redis .NET smoke	2026-09-23T06:01:36.4137659Z   COMPOSE_PROJECT_NAME: brasileirao-ci-35824710697-1
Synthetic Compose build and health	Versioned Python Redis .NET smoke	2026-09-23T06:01:36.4137991Z   EXCHANGE_WEBSOCKET_URL: 
Synthetic Compose build and health	Versioned Python Redis .NET smoke	2026-09-23T06:01:36.4138228Z   EXCHANGE_API_KEY: 
Synthetic Compose build and health	Versioned Python Redis .NET smoke	2026-09-23T06:01:36.4138458Z   LINEUP_ALLOW_SYNTHETIC_INPUTS: true
Synthetic Compose build and health	Versioned Python Redis .NET smoke	2026-09-23T06:01:36.4138824Z   COMPOSE_FILE: /home/runner/work/_temp/compose-synthetic/compose.json
Synthetic Compose build and health	Versioned Python Redis .NET smoke	2026-09-23T06:01:36.4139234Z ##[endgroup]
Synthetic Compose build and health	Versioned Python Redis .NET smoke	2026-09-23T06:01:38.1424373Z {"status": "PASS", "verified": 3, "results": [{"status": "VERIFIED_CURRENT_RESULT", "verification_ms": 0.3649080000087679}, {"status": "VERIFIED_CURRENT_RESULT", "verification_ms": 0.3368859999994811}, {"status": "VERIFIED_CURRENT_RESULT", "verification_ms": 0.33900900000105594}]}
Synthetic Compose build and health	Versioned Python Redis .NET smoke	2026-09-23T06:01:38.1426622Z [smoke] Verification timings are not new kernel-compute or economic measurements.
Synthetic Compose build and health	Redis loss and reconnection	﻿2026-09-23T06:01:38.2698137Z ##[group]Run docker compose stop redis
Synthetic Compose build and health	Redis loss and reconnection	2026-09-23T06:01:38.2698697Z ^[[36;1mdocker compose stop redis^[[0m
Synthetic Compose build and health	Redis loss and reconnection	2026-09-23T06:01:38.2699109Z ^[[36;1msleep 3^[[0m
Synthetic Compose build and health	Redis loss and reconnection	2026-09-23T06:01:38.2699561Z ^[[36;1mkernel_id=$(docker compose ps --all --quiet kernel)^[[0m
Synthetic Compose build and health	Redis loss and reconnection	2026-09-23T06:01:38.2700113Z ^[[36;1mtest -n "$kernel_id"^[[0m
Synthetic Compose build and health	Redis loss and reconnection	2026-09-23T06:01:38.2702135Z ^[[36;1mtest "$(docker inspect "$kernel_id" --format '{{.State.Status}}')" = running^[[0m
Synthetic Compose build and health	Redis loss and reconnection	2026-09-23T06:01:38.2702863Z ^[[36;1mdocker compose start redis^[[0m
Synthetic Compose build and health	Redis loss and reconnection	2026-09-23T06:01:38.2703291Z ^[[36;1mfor attempt in $(seq 1 30); do^[[0m
Synthetic Compose build and health	Redis loss and reconnection	2026-09-23T06:01:38.2703980Z ^[[36;1m  if docker compose exec -T kernel brasileirao-kernel --healthcheck; then break; fi^[[0m
Synthetic Compose build and health	Redis loss and reconnection	2026-09-23T06:01:38.2704710Z ^[[36;1m  if [ "$attempt" = 30 ]; then exit 1; fi^[[0m
Synthetic Compose build and health	Redis loss and reconnection	2026-09-23T06:01:38.2705462Z ^[[36;1m  sleep 1^[[0m
Synthetic Compose build and health	Redis loss and reconnection	2026-09-23T06:01:38.2705767Z ^[[36;1mdone^[[0m
Synthetic Compose build and health	Redis loss and reconnection	2026-09-23T06:01:38.2706568Z ^[[36;1mdocker compose run --rm --no-deps --entrypoint python kernel -m brasileirao_scripts.hotpath_smoke --synthetic-lineup --n 1^[[0m
Synthetic Compose build and health	Redis loss and reconnection	2026-09-23T06:01:38.2762014Z shell: /usr/bin/bash -e {0}
Synthetic Compose build and health	Redis loss and reconnection	2026-09-23T06:01:38.2762390Z env:
Synthetic Compose build and health	Redis loss and reconnection	2026-09-23T06:01:38.2762776Z   COMPOSE_PROJECT_NAME: brasileirao-ci-35824710697-1
Synthetic Compose build and health	Redis loss and reconnection	2026-09-23T06:01:38.2763292Z   EXCHANGE_WEBSOCKET_URL: 
Synthetic Compose build and health	Redis loss and reconnection	2026-09-23T06:01:38.2763652Z   EXCHANGE_API_KEY: 
Synthetic Compose build and health	Redis loss and reconnection	2026-09-23T06:01:38.2763995Z   LINEUP_ALLOW_SYNTHETIC_INPUTS: true
Synthetic Compose build and health	Redis loss and reconnection	2026-09-23T06:01:38.2764549Z   COMPOSE_FILE: /home/runner/work/_temp/compose-synthetic/compose.json
Synthetic Compose build and health	Redis loss and reconnection	2026-09-23T06:01:38.2765125Z ##[endgroup]
Synthetic Compose build and health	Redis loss and reconnection	2026-09-23T06:01:38.3596951Z  Container brasileirao-ci-35824710697-1-redis-1  Stopping
Synthetic Compose build and health	Redis loss and reconnection	2026-09-23T06:01:38.4952063Z  Container brasileirao-ci-35824710697-1-redis-1  Stopped
Synthetic Compose build and health	Redis loss and reconnection	2026-09-23T06:01:41.6579453Z  Container brasileirao-ci-35824710697-1-redis-1  Starting
Synthetic Compose build and health	Redis loss and reconnection	2026-09-23T06:01:41.7747693Z  Container brasileirao-ci-35824710697-1-redis-1  Started
Synthetic Compose build and health	Redis loss and reconnection	2026-09-23T06:01:45.5193331Z {"status": "PASS", "verified": 1, "results": [{"status": "VERIFIED_CURRENT_RESULT", "verification_ms": 959.8865210000014}]}
Synthetic Compose build and health	Redis loss and reconnection	2026-09-23T06:01:45.5204952Z [smoke] Verification timings are not new kernel-compute or economic measurements.
Synthetic Compose build and health	Graceful shutdown	﻿2026-09-23T06:01:45.6436888Z ##[group]Run docker compose stop --timeout 20 worker kernel
Synthetic Compose build and health	Graceful shutdown	2026-09-23T06:01:45.6437364Z ^[[36;1mdocker compose stop --timeout 20 worker kernel^[[0m
Synthetic Compose build and health	Graceful shutdown	2026-09-23T06:01:45.6437749Z ^[[36;1mworker_id=$(docker compose ps --all --quiet worker)^[[0m
Synthetic Compose build and health	Graceful shutdown	2026-09-23T06:01:45.6438131Z ^[[36;1mkernel_id=$(docker compose ps --all --quiet kernel)^[[0m
Synthetic Compose build and health	Graceful shutdown	2026-09-23T06:01:45.6438485Z ^[[36;1mtest -n "$worker_id" && test -n "$kernel_id"^[[0m
Synthetic Compose build and health	Graceful shutdown	2026-09-23T06:01:45.6438902Z ^[[36;1mtest "$(docker inspect "$worker_id" --format '{{.State.ExitCode}}')" = 0^[[0m
Synthetic Compose build and health	Graceful shutdown	2026-09-23T06:01:45.6439393Z ^[[36;1mtest "$(docker inspect "$kernel_id" --format '{{.State.ExitCode}}')" = 0^[[0m
Synthetic Compose build and health	Graceful shutdown	2026-09-23T06:01:45.6477759Z shell: /usr/bin/bash -e {0}
Synthetic Compose build and health	Graceful shutdown	2026-09-23T06:01:45.6478024Z env:
Synthetic Compose build and health	Graceful shutdown	2026-09-23T06:01:45.6478279Z   COMPOSE_PROJECT_NAME: brasileirao-ci-35824710697-1
Synthetic Compose build and health	Graceful shutdown	2026-09-23T06:01:45.6478606Z   EXCHANGE_WEBSOCKET_URL: 
Synthetic Compose build and health	Graceful shutdown	2026-09-23T06:01:45.6478840Z   EXCHANGE_API_KEY: 
Synthetic Compose build and health	Graceful shutdown	2026-09-23T06:01:45.6479080Z   LINEUP_ALLOW_SYNTHETIC_INPUTS: true
Synthetic Compose build and health	Graceful shutdown	2026-09-23T06:01:45.6479456Z   COMPOSE_FILE: /home/runner/work/_temp/compose-synthetic/compose.json
Synthetic Compose build and health	Graceful shutdown	2026-09-23T06:01:45.6479867Z ##[endgroup]
Synthetic Compose build and health	Graceful shutdown	2026-09-23T06:01:45.7245914Z  Container brasileirao-ci-35824710697-1-worker-1  Stopping
Synthetic Compose build and health	Graceful shutdown	2026-09-23T06:01:45.8329758Z  Container brasileirao-ci-35824710697-1-worker-1  Stopped
Synthetic Compose build and health	Graceful shutdown	2026-09-23T06:01:45.8340397Z  Container brasileirao-ci-35824710697-1-kernel-1  Stopping
Synthetic Compose build and health	Graceful shutdown	2026-09-23T06:01:46.2630088Z  Container brasileirao-ci-35824710697-1-kernel-1  Stopped
Synthetic Compose build and health	Run docker compose logs --no-color > compose-validation.log	﻿2026-09-23T06:01:46.4415119Z ##[group]Run docker compose logs --no-color > compose-validation.log
Synthetic Compose build and health	Run docker compose logs --no-color > compose-validation.log	2026-09-23T06:01:46.4415644Z ^[[36;1mdocker compose logs --no-color > compose-validation.log^[[0m
Synthetic Compose build and health	Run docker compose logs --no-color > compose-validation.log	2026-09-23T06:01:46.4454998Z shell: /usr/bin/bash -e {0}
Synthetic Compose build and health	Run docker compose logs --no-color > compose-validation.log	2026-09-23T06:01:46.4455278Z env:
Synthetic Compose build and health	Run docker compose logs --no-color > compose-validation.log	2026-09-23T06:01:46.4455539Z   COMPOSE_PROJECT_NAME: brasileirao-ci-35824710697-1
Synthetic Compose build and health	Run docker compose logs --no-color > compose-validation.log	2026-09-23T06:01:46.4455874Z   EXCHANGE_WEBSOCKET_URL: 
Synthetic Compose build and health	Run docker compose logs --no-color > compose-validation.log	2026-09-23T06:01:46.4456109Z   EXCHANGE_API_KEY: 
Synthetic Compose build and health	Run docker compose logs --no-color > compose-validation.log	2026-09-23T06:01:46.4456344Z   LINEUP_ALLOW_SYNTHETIC_INPUTS: true
Synthetic Compose build and health	Run docker compose logs --no-color > compose-validation.log	2026-09-23T06:01:46.4456738Z   COMPOSE_FILE: /home/runner/work/_temp/compose-synthetic/compose.json
Synthetic Compose build and health	Run docker compose logs --no-color > compose-validation.log	2026-09-23T06:01:46.4457106Z ##[endgroup]
Synthetic Compose build and health	Run docker compose down --volumes	﻿2026-09-23T06:01:46.5311979Z ##[group]Run docker compose down --volumes
Synthetic Compose build and health	Run docker compose down --volumes	2026-09-23T06:01:46.5312384Z ^[[36;1mdocker compose down --volumes^[[0m
Synthetic Compose build and health	Run docker compose down --volumes	2026-09-23T06:01:46.5350861Z shell: /usr/bin/bash -e {0}
Synthetic Compose build and health	Run docker compose down --volumes	2026-09-23T06:01:46.5351129Z env:
Synthetic Compose build and health	Run docker compose down --volumes	2026-09-23T06:01:46.5351395Z   COMPOSE_PROJECT_NAME: brasileirao-ci-35824710697-1
Synthetic Compose build and health	Run docker compose down --volumes	2026-09-23T06:01:46.5351724Z   EXCHANGE_WEBSOCKET_URL: 
Synthetic Compose build and health	Run docker compose down --volumes	2026-09-23T06:01:46.5351966Z   EXCHANGE_API_KEY: 
Synthetic Compose build and health	Run docker compose down --volumes	2026-09-23T06:01:46.5352198Z   LINEUP_ALLOW_SYNTHETIC_INPUTS: true
Synthetic Compose build and health	Run docker compose down --volumes	2026-09-23T06:01:46.5352564Z   COMPOSE_FILE: /home/runner/work/_temp/compose-synthetic/compose.json
Synthetic Compose build and health	Run docker compose down --volumes	2026-09-23T06:01:46.5353135Z ##[endgroup]
Synthetic Compose build and health	Run docker compose down --volumes	2026-09-23T06:01:46.6099402Z  Container brasileirao-ci-35824710697-1-worker-1  Stopping
Synthetic Compose build and health	Run docker compose down --volumes	2026-09-23T06:01:46.6103490Z  Container brasileirao-ci-35824710697-1-worker-1  Stopped
Synthetic Compose build and health	Run docker compose down --volumes	2026-09-23T06:01:46.6104321Z  Container brasileirao-ci-35824710697-1-worker-1  Removing
Synthetic Compose build and health	Run docker compose down --volumes	2026-09-23T06:01:46.6150568Z  Container brasileirao-ci-35824710697-1-worker-1  Removed
Synthetic Compose build and health	Run docker compose down --volumes	2026-09-23T06:01:46.6152026Z  Container brasileirao-ci-35824710697-1-kernel-1  Stopping
Synthetic Compose build and health	Run docker compose down --volumes	2026-09-23T06:01:46.6156311Z  Container brasileirao-ci-35824710697-1-kernel-1  Stopped
Synthetic Compose build and health	Run docker compose down --volumes	2026-09-23T06:01:46.6157407Z  Container brasileirao-ci-35824710697-1-kernel-1  Removing
Synthetic Compose build and health	Run docker compose down --volumes	2026-09-23T06:01:46.6198013Z  Container brasileirao-ci-35824710697-1-kernel-1  Removed
Synthetic Compose build and health	Run docker compose down --volumes	2026-09-23T06:01:46.6206841Z  Container brasileirao-ci-35824710697-1-redis-1  Stopping
Synthetic Compose build and health	Run docker compose down --volumes	2026-09-23T06:01:46.6207640Z  Container brasileirao-ci-35824710697-1-init-data-1  Stopping
Synthetic Compose build and health	Run docker compose down --volumes	2026-09-23T06:01:46.6208287Z  Container brasileirao-ci-35824710697-1-init-data-1  Stopped
Synthetic Compose build and health	Run docker compose down --volumes	2026-09-23T06:01:46.6208945Z  Container brasileirao-ci-35824710697-1-init-data-1  Removing
Synthetic Compose build and health	Run docker compose down --volumes	2026-09-23T06:01:46.6718468Z  Container brasileirao-ci-35824710697-1-init-data-1  Removed
Synthetic Compose build and health	Run docker compose down --volumes	2026-09-23T06:01:46.7158699Z  Container brasileirao-ci-35824710697-1-redis-1  Stopped
Synthetic Compose build and health	Run docker compose down --volumes	2026-09-23T06:01:46.7159623Z  Container brasileirao-ci-35824710697-1-redis-1  Removing
Synthetic Compose build and health	Run docker compose down --volumes	2026-09-23T06:01:46.7210157Z  Container brasileirao-ci-35824710697-1-redis-1  Removed
Synthetic Compose build and health	Run docker compose down --volumes	2026-09-23T06:01:46.7221026Z  Volume brasileirao-ci-35824710697-1_redis-data  Removing
Synthetic Compose build and health	Run docker compose down --volumes	2026-09-23T06:01:46.7222896Z  Network brasileirao-ci-35824710697-1_default  Removing
Synthetic Compose build and health	Run docker compose down --volumes	2026-09-23T06:01:46.7227281Z  Volume brasileirao-ci-35824710697-1_app-data  Removing
Synthetic Compose build and health	Run docker compose down --volumes	2026-09-23T06:01:46.7247141Z  Volume brasileirao-ci-35824710697-1_redis-data  Removed
Synthetic Compose build and health	Run docker compose down --volumes	2026-09-23T06:01:46.7247924Z  Volume brasileirao-ci-35824710697-1_app-data  Removed
Synthetic Compose build and health	Run docker compose down --volumes	2026-09-23T06:01:46.8066911Z  Network brasileirao-ci-35824710697-1_default  Removed
Synthetic Compose build and health	Run actions/upload-artifact@v7	﻿2026-09-23T06:01:46.8161055Z ##[group]Run actions/upload-artifact@v7
Synthetic Compose build and health	Run actions/upload-artifact@v7	2026-09-23T06:01:46.8161401Z with:
Synthetic Compose build and health	Run actions/upload-artifact@v7	2026-09-23T06:01:46.8161623Z   name: compose-validation
Synthetic Compose build and health	Run actions/upload-artifact@v7	2026-09-23T06:01:46.8161884Z   path: compose-validation.log
Synthetic Compose build and health	Run actions/upload-artifact@v7	2026-09-23T06:01:46.8162141Z   if-no-files-found: warn
Synthetic Compose build and health	Run actions/upload-artifact@v7	2026-09-23T06:01:46.8162382Z   compression-level: 6
Synthetic Compose build and health	Run actions/upload-artifact@v7	2026-09-23T06:01:46.8162606Z   overwrite: false
Synthetic Compose build and health	Run actions/upload-artifact@v7	2026-09-23T06:01:46.8162834Z   include-hidden-files: false
Synthetic Compose build and health	Run actions/upload-artifact@v7	2026-09-23T06:01:46.8163078Z   archive: true
Synthetic Compose build and health	Run actions/upload-artifact@v7	2026-09-23T06:01:46.8163287Z env:
Synthetic Compose build and health	Run actions/upload-artifact@v7	2026-09-23T06:01:46.8163525Z   COMPOSE_PROJECT_NAME: brasileirao-ci-35824710697-1
Synthetic Compose build and health	Run actions/upload-artifact@v7	2026-09-23T06:01:46.8163843Z   EXCHANGE_WEBSOCKET_URL: 
Synthetic Compose build and health	Run actions/upload-artifact@v7	2026-09-23T06:01:46.8164070Z   EXCHANGE_API_KEY: 
Synthetic Compose build and health	Run actions/upload-artifact@v7	2026-09-23T06:01:46.8164296Z   LINEUP_ALLOW_SYNTHETIC_INPUTS: true
Synthetic Compose build and health	Run actions/upload-artifact@v7	2026-09-23T06:01:46.8164661Z   COMPOSE_FILE: /home/runner/work/_temp/compose-synthetic/compose.json
Synthetic Compose build and health	Run actions/upload-artifact@v7	2026-09-23T06:01:46.8165019Z ##[endgroup]
Synthetic Compose build and health	Run actions/upload-artifact@v7	2026-09-23T06:01:46.9639484Z With the provided path, there will be 1 file uploaded
Synthetic Compose build and health	Run actions/upload-artifact@v7	2026-09-23T06:01:46.9643505Z Artifact name is valid!
Synthetic Compose build and health	Run actions/upload-artifact@v7	2026-09-23T06:01:46.9644045Z Root directory input is valid!
Synthetic Compose build and health	Run actions/upload-artifact@v7	2026-09-23T06:01:47.3121940Z Uploading artifact: compose-validation.zip
Synthetic Compose build and health	Run actions/upload-artifact@v7	2026-09-23T06:01:47.3151955Z Beginning upload of artifact content to blob storage
Synthetic Compose build and health	Run actions/upload-artifact@v7	2026-09-23T06:01:47.5209785Z Uploaded bytes 5283
Synthetic Compose build and health	Run actions/upload-artifact@v7	2026-09-23T06:01:47.5696238Z Finished uploading artifact content to blob storage!
Synthetic Compose build and health	Run actions/upload-artifact@v7	2026-09-23T06:01:47.5697179Z SHA256 digest of uploaded artifact is 4aeb7daa4ee6bc0945a754b6fd857b4a530007c67abe7b030d5087c75a49afae
Synthetic Compose build and health	Run actions/upload-artifact@v7	2026-09-23T06:01:47.5697962Z Finalizing artifact upload
Synthetic Compose build and health	Run actions/upload-artifact@v7	2026-09-23T06:01:47.9235498Z Artifact compose-validation successfully finalized. Artifact ID 10735195720
Synthetic Compose build and health	Run actions/upload-artifact@v7	2026-09-23T06:01:47.9236675Z Artifact compose-validation has been successfully uploaded! Final size is 5283 bytes. Artifact ID is 10735195720
Synthetic Compose build and health	Run actions/upload-artifact@v7	2026-09-23T06:01:47.9239781Z Artifact download URL: https://github.com/leonardosovienski/brasileirao-predictor/actions/runs/35824710697/artifacts/10735195720
Synthetic Compose build and health	Post Run actions/checkout@v7	﻿2026-09-23T06:01:47.9446918Z Post job cleanup.
Synthetic Compose build and health	Post Run actions/checkout@v7	2026-09-23T06:01:48.0288530Z [command]/usr/bin/git version
Synthetic Compose build and health	Post Run actions/checkout@v7	2026-09-23T06:01:48.0344230Z git version 2.55.0
Synthetic Compose build and health	Post Run actions/checkout@v7	2026-09-23T06:01:48.0383513Z Temporarily overriding HOME='/home/runner/work/_temp/91d9d9fd-9329-45b9-9a01-abdc9900415f' before making global git config changes
Synthetic Compose build and health	Post Run actions/checkout@v7	2026-09-23T06:01:48.0384820Z Adding repository directory to the temporary git global config as a safe directory
Synthetic Compose build and health	Post Run actions/checkout@v7	2026-09-23T06:01:48.0389950Z [command]/usr/bin/git config --global --add safe.directory /home/runner/work/brasileirao-predictor/brasileirao-predictor
Synthetic Compose build and health	Post Run actions/checkout@v7	2026-09-23T06:01:48.0426008Z Removing SSH command configuration
Synthetic Compose build and health	Post Run actions/checkout@v7	2026-09-23T06:01:48.0434092Z [command]/usr/bin/git config --local --name-only --get-regexp core\.sshCommand
Synthetic Compose build and health	Post Run actions/checkout@v7	2026-09-23T06:01:48.0479691Z [command]/usr/bin/git submodule foreach --recursive sh -c "git config --local --name-only --get-regexp 'core\.sshCommand' && git config --local --unset-all 'core.sshCommand' || :"
Synthetic Compose build and health	Post Run actions/checkout@v7	2026-09-23T06:01:48.0731453Z Removing HTTP extra header
Synthetic Compose build and health	Post Run actions/checkout@v7	2026-09-23T06:01:48.0736234Z [command]/usr/bin/git config --local --name-only --get-regexp http\.https\:\/\/github\.com\/\.extraheader
Synthetic Compose build and health	Post Run actions/checkout@v7	2026-09-23T06:01:48.0772375Z [command]/usr/bin/git submodule foreach --recursive sh -c "git config --local --name-only --get-regexp 'http\.https\:\/\/github\.com\/\.extraheader' && git config --local --unset-all 'http.https://github.com/.extraheader' || :"
Synthetic Compose build and health	Post Run actions/checkout@v7	2026-09-23T06:01:48.1033482Z Removing includeIf entries pointing to credentials config files
Synthetic Compose build and health	Post Run actions/checkout@v7	2026-09-23T06:01:48.1040388Z [command]/usr/bin/git config --local --name-only --get-regexp ^includeIf\.gitdir:
Synthetic Compose build and health	Post Run actions/checkout@v7	2026-09-23T06:01:48.1079614Z [command]/usr/bin/git submodule foreach --recursive git config --local --show-origin --name-only --get-regexp remote.origin.url
Synthetic Compose build and health	Complete job	﻿2026-09-23T06:01:48.1495029Z Cleaning up orphan processes
