core-predictor	Set up job	﻿2026-09-23T06:26:02.0192707Z Current runner version: '2.337.0'
core-predictor	Set up job	2026-09-23T06:26:02.0218947Z ##[group]Runner Image Provisioner
core-predictor	Set up job	2026-09-23T06:26:02.0220036Z Hosted Compute Agent
core-predictor	Set up job	2026-09-23T06:26:02.0220653Z Version: 20260828.587
core-predictor	Set up job	2026-09-23T06:26:02.0221348Z Commit: abac92662cab4cc7352de4f9f9d2e2419aad9c29
core-predictor	Set up job	2026-09-23T06:26:02.0222153Z Build Date: 2026-08-28T16:44:25Z
core-predictor	Set up job	2026-09-23T06:26:02.0222826Z Worker ID: {8485634d-660f-4d85-a102-8b7055fa4e91}
core-predictor	Set up job	2026-09-23T06:26:02.0223670Z Azure Region: westus
core-predictor	Set up job	2026-09-23T06:26:02.0224494Z ##[endgroup]
core-predictor	Set up job	2026-09-23T06:26:02.0226274Z ##[group]Operating System
core-predictor	Set up job	2026-09-23T06:26:02.0226973Z Ubuntu
core-predictor	Set up job	2026-09-23T06:26:02.0227515Z 24.04.5
core-predictor	Set up job	2026-09-23T06:26:02.0228120Z LTS
core-predictor	Set up job	2026-09-23T06:26:02.0228645Z ##[endgroup]
core-predictor	Set up job	2026-09-23T06:26:02.0229192Z ##[group]Runner Image
core-predictor	Set up job	2026-09-23T06:26:02.0229940Z Image: ubuntu-24.04
core-predictor	Set up job	2026-09-23T06:26:02.0230517Z Version: 20260920.314.1
core-predictor	Set up job	2026-09-23T06:26:02.0231718Z Included Software: https://github.com/actions/runner-images/blob/ubuntu24/20260920.314/images/ubuntu/Ubuntu2404-Readme.md
core-predictor	Set up job	2026-09-23T06:26:02.0233586Z Image Release: https://github.com/actions/runner-images/releases/tag/ubuntu24%2F20260920.314
core-predictor	Set up job	2026-09-23T06:26:02.0234852Z ##[endgroup]
core-predictor	Set up job	2026-09-23T06:26:02.0236323Z ##[group]GITHUB_TOKEN Permissions
core-predictor	Set up job	2026-09-23T06:26:02.0238602Z Contents: read
core-predictor	Set up job	2026-09-23T06:26:02.0239247Z Metadata: read
core-predictor	Set up job	2026-09-23T06:26:02.0239909Z ##[endgroup]
core-predictor	Set up job	2026-09-23T06:26:02.0242010Z Secret source: Actions
core-predictor	Set up job	2026-09-23T06:26:02.0243142Z Cache mode: write
core-predictor	Set up job	2026-09-23T06:26:02.0243854Z Prepare workflow directory
core-predictor	Set up job	2026-09-23T06:26:02.0586817Z Prepare all required actions
core-predictor	Set up job	2026-09-23T06:26:02.0636235Z Getting action download info
core-predictor	Set up job	2026-09-23T06:26:02.4153384Z Download action repository 'actions/checkout@v4' (SHA:11d5960a326750d5838078e36cf38b85af677262)
core-predictor	Set up job	2026-09-23T06:26:02.5314940Z Download action repository 'actions/upload-artifact@v4' (SHA:ea165f8d65b6e75b540449e92b4886f43607fa02)
core-predictor	Set up job	2026-09-23T06:26:02.7960383Z Complete job name: core-predictor
core-predictor	Run actions/checkout@v4	﻿2026-09-23T06:26:02.8745427Z Node 20 is being deprecated. This workflow is running with Node 24 by default. If you need to temporarily use Node 20, you can set the ACTIONS_ALLOW_USE_UNSECURE_NODE_VERSION=true environment variable. For more information see: https://github.blog/changelog/2025-09-19-deprecation-of-node-20-on-github-actions-runners/
core-predictor	Run actions/checkout@v4	2026-09-23T06:26:02.8754465Z ##[group]Run actions/checkout@v4
core-predictor	Run actions/checkout@v4	2026-09-23T06:26:02.8755280Z with:
core-predictor	Run actions/checkout@v4	2026-09-23T06:26:02.8755737Z   persist-credentials: false
core-predictor	Run actions/checkout@v4	2026-09-23T06:26:02.8756385Z   repository: leonardosovienski/predictor-qualification
core-predictor	Run actions/checkout@v4	2026-09-23T06:26:02.8760303Z   token: ***
core-predictor	Run actions/checkout@v4	2026-09-23T06:26:02.8760745Z   ssh-strict: true
core-predictor	Run actions/checkout@v4	2026-09-23T06:26:02.8761186Z   ssh-user: git
core-predictor	Run actions/checkout@v4	2026-09-23T06:26:02.8761612Z   clean: true
core-predictor	Run actions/checkout@v4	2026-09-23T06:26:02.8762066Z   sparse-checkout-cone-mode: true
core-predictor	Run actions/checkout@v4	2026-09-23T06:26:02.8762594Z   fetch-depth: 1
core-predictor	Run actions/checkout@v4	2026-09-23T06:26:02.8763023Z   fetch-tags: false
core-predictor	Run actions/checkout@v4	2026-09-23T06:26:02.8763480Z   show-progress: true
core-predictor	Run actions/checkout@v4	2026-09-23T06:26:02.8763938Z   lfs: false
core-predictor	Run actions/checkout@v4	2026-09-23T06:26:02.8764531Z   submodules: false
core-predictor	Run actions/checkout@v4	2026-09-23T06:26:02.8765029Z   set-safe-directory: true
core-predictor	Run actions/checkout@v4	2026-09-23T06:26:02.8765548Z   allow-unsafe-pr-checkout: false
core-predictor	Run actions/checkout@v4	2026-09-23T06:26:02.8766484Z ##[endgroup]
core-predictor	Run actions/checkout@v4	2026-09-23T06:26:02.9792507Z Syncing repository: leonardosovienski/predictor-qualification
core-predictor	Run actions/checkout@v4	2026-09-23T06:26:02.9795582Z ##[group]Getting Git version info
core-predictor	Run actions/checkout@v4	2026-09-23T06:26:02.9797015Z Working directory is '/home/runner/work/predictor-qualification/predictor-qualification'
core-predictor	Run actions/checkout@v4	2026-09-23T06:26:02.9799052Z [command]/usr/bin/git version
core-predictor	Run actions/checkout@v4	2026-09-23T06:26:02.9869841Z git version 2.55.0
core-predictor	Run actions/checkout@v4	2026-09-23T06:26:02.9893712Z ##[endgroup]
core-predictor	Run actions/checkout@v4	2026-09-23T06:26:02.9910083Z Temporarily overriding HOME='/home/runner/work/_temp/d1dc1977-253c-40cf-83ab-09935b35394d' before making global git config changes
core-predictor	Run actions/checkout@v4	2026-09-23T06:26:02.9912934Z Adding repository directory to the temporary git global config as a safe directory
core-predictor	Run actions/checkout@v4	2026-09-23T06:26:02.9917834Z [command]/usr/bin/git config --global --add safe.directory /home/runner/work/predictor-qualification/predictor-qualification
core-predictor	Run actions/checkout@v4	2026-09-23T06:26:02.9975515Z Deleting the contents of '/home/runner/work/predictor-qualification/predictor-qualification'
core-predictor	Run actions/checkout@v4	2026-09-23T06:26:02.9982948Z ##[group]Initializing the repository
core-predictor	Run actions/checkout@v4	2026-09-23T06:26:02.9989304Z [command]/usr/bin/git init /home/runner/work/predictor-qualification/predictor-qualification
core-predictor	Run actions/checkout@v4	2026-09-23T06:26:03.0108188Z hint: Using 'master' as the name for the initial branch. This default branch name
core-predictor	Run actions/checkout@v4	2026-09-23T06:26:03.0109881Z hint: will change to "main" in Git 3.0. To configure the initial branch name
core-predictor	Run actions/checkout@v4	2026-09-23T06:26:03.0111373Z hint: to use in all of your new repositories, which will suppress this warning,
core-predictor	Run actions/checkout@v4	2026-09-23T06:26:03.0112843Z hint: call:
core-predictor	Run actions/checkout@v4	2026-09-23T06:26:03.0113518Z hint:
core-predictor	Run actions/checkout@v4	2026-09-23T06:26:03.0114519Z hint: 	git config --global init.defaultBranch <name>
core-predictor	Run actions/checkout@v4	2026-09-23T06:26:03.0115507Z hint:
core-predictor	Run actions/checkout@v4	2026-09-23T06:26:03.0116416Z hint: Names commonly chosen instead of 'master' are 'main', 'trunk' and
core-predictor	Run actions/checkout@v4	2026-09-23T06:26:03.0117910Z hint: 'development'. The just-created branch can be renamed via this command:
core-predictor	Run actions/checkout@v4	2026-09-23T06:26:03.0119593Z hint:
core-predictor	Run actions/checkout@v4	2026-09-23T06:26:03.0120291Z hint: 	git branch -m <name>
core-predictor	Run actions/checkout@v4	2026-09-23T06:26:03.0121038Z hint:
core-predictor	Run actions/checkout@v4	2026-09-23T06:26:03.0122035Z hint: Disable this message with "git config set advice.defaultBranchName false"
core-predictor	Run actions/checkout@v4	2026-09-23T06:26:03.0124172Z Initialized empty Git repository in /home/runner/work/predictor-qualification/predictor-qualification/.git/
core-predictor	Run actions/checkout@v4	2026-09-23T06:26:03.0127390Z [command]/usr/bin/git remote add origin https://github.com/leonardosovienski/predictor-qualification
core-predictor	Run actions/checkout@v4	2026-09-23T06:26:03.0176434Z ##[endgroup]
core-predictor	Run actions/checkout@v4	2026-09-23T06:26:03.0177644Z ##[group]Disabling automatic garbage collection
core-predictor	Run actions/checkout@v4	2026-09-23T06:26:03.0179655Z [command]/usr/bin/git config --local gc.auto 0
core-predictor	Run actions/checkout@v4	2026-09-23T06:26:03.0217524Z ##[endgroup]
core-predictor	Run actions/checkout@v4	2026-09-23T06:26:03.0218791Z ##[group]Setting up auth
core-predictor	Run actions/checkout@v4	2026-09-23T06:26:03.0220240Z [command]/usr/bin/git config --local --name-only --get-regexp core\.sshCommand
core-predictor	Run actions/checkout@v4	2026-09-23T06:26:03.0254694Z [command]/usr/bin/git submodule foreach --recursive sh -c "git config --local --name-only --get-regexp 'core\.sshCommand' && git config --local --unset-all 'core.sshCommand' || :"
core-predictor	Run actions/checkout@v4	2026-09-23T06:26:03.0645641Z [command]/usr/bin/git config --local --name-only --get-regexp http\.https\:\/\/github\.com\/\.extraheader
core-predictor	Run actions/checkout@v4	2026-09-23T06:26:03.0685624Z [command]/usr/bin/git submodule foreach --recursive sh -c "git config --local --name-only --get-regexp 'http\.https\:\/\/github\.com\/\.extraheader' && git config --local --unset-all 'http.https://github.com/.extraheader' || :"
core-predictor	Run actions/checkout@v4	2026-09-23T06:26:03.0948377Z [command]/usr/bin/git config --local --name-only --get-regexp ^includeIf\.gitdir:
core-predictor	Run actions/checkout@v4	2026-09-23T06:26:03.0994865Z [command]/usr/bin/git submodule foreach --recursive git config --local --show-origin --name-only --get-regexp remote.origin.url
core-predictor	Run actions/checkout@v4	2026-09-23T06:26:03.1256729Z [command]/usr/bin/git config --local http.https://github.com/.extraheader AUTHORIZATION: basic ***
core-predictor	Run actions/checkout@v4	2026-09-23T06:26:03.1305025Z ##[endgroup]
core-predictor	Run actions/checkout@v4	2026-09-23T06:26:03.1306342Z ##[group]Fetching the repository
core-predictor	Run actions/checkout@v4	2026-09-23T06:26:03.1319839Z [command]/usr/bin/git -c protocol.version=2 fetch --no-tags --prune --no-recurse-submodules --depth=1 origin +ab7aeb845b9632511c8074b83ef49dd298f1effe:refs/remotes/origin/shared/baseline-v1
core-predictor	Run actions/checkout@v4	2026-09-23T06:26:03.7364933Z From https://github.com/leonardosovienski/predictor-qualification
core-predictor	Run actions/checkout@v4	2026-09-23T06:26:03.7385884Z  * [new ref]         ab7aeb845b9632511c8074b83ef49dd298f1effe -> origin/shared/baseline-v1
core-predictor	Run actions/checkout@v4	2026-09-23T06:26:03.7397342Z ##[endgroup]
core-predictor	Run actions/checkout@v4	2026-09-23T06:26:03.7398800Z ##[group]Determining the checkout info
core-predictor	Run actions/checkout@v4	2026-09-23T06:26:03.7400455Z ##[endgroup]
core-predictor	Run actions/checkout@v4	2026-09-23T06:26:03.7401427Z [command]/usr/bin/git sparse-checkout disable
core-predictor	Run actions/checkout@v4	2026-09-23T06:26:03.7442272Z [command]/usr/bin/git config --local --unset-all extensions.worktreeConfig
core-predictor	Run actions/checkout@v4	2026-09-23T06:26:03.7478053Z ##[group]Checking out the ref
core-predictor	Run actions/checkout@v4	2026-09-23T06:26:03.7485187Z [command]/usr/bin/git checkout --progress --force -B shared/baseline-v1 refs/remotes/origin/shared/baseline-v1
core-predictor	Run actions/checkout@v4	2026-09-23T06:26:03.7758672Z Switched to a new branch 'shared/baseline-v1'
core-predictor	Run actions/checkout@v4	2026-09-23T06:26:03.7763221Z branch 'shared/baseline-v1' set up to track 'origin/shared/baseline-v1'.
core-predictor	Run actions/checkout@v4	2026-09-23T06:26:03.7769870Z ##[endgroup]
core-predictor	Run actions/checkout@v4	2026-09-23T06:26:03.7812492Z [command]/usr/bin/git log -1 --format=%H
core-predictor	Run actions/checkout@v4	2026-09-23T06:26:03.7839591Z ab7aeb845b9632511c8074b83ef49dd298f1effe
core-predictor	Run actions/checkout@v4	2026-09-23T06:26:03.7849256Z ##[group]Removing auth
core-predictor	Run actions/checkout@v4	2026-09-23T06:26:03.7853074Z [command]/usr/bin/git config --local --name-only --get-regexp core\.sshCommand
core-predictor	Run actions/checkout@v4	2026-09-23T06:26:03.7886485Z [command]/usr/bin/git submodule foreach --recursive sh -c "git config --local --name-only --get-regexp 'core\.sshCommand' && git config --local --unset-all 'core.sshCommand' || :"
core-predictor	Run actions/checkout@v4	2026-09-23T06:26:03.8108905Z [command]/usr/bin/git config --local --name-only --get-regexp http\.https\:\/\/github\.com\/\.extraheader
core-predictor	Run actions/checkout@v4	2026-09-23T06:26:03.8137792Z http.https://github.com/.extraheader
core-predictor	Run actions/checkout@v4	2026-09-23T06:26:03.8145570Z [command]/usr/bin/git config --local --unset-all http.https://github.com/.extraheader
core-predictor	Run actions/checkout@v4	2026-09-23T06:26:03.8181129Z [command]/usr/bin/git submodule foreach --recursive sh -c "git config --local --name-only --get-regexp 'http\.https\:\/\/github\.com\/\.extraheader' && git config --local --unset-all 'http.https://github.com/.extraheader' || :"
core-predictor	Run actions/checkout@v4	2026-09-23T06:26:03.8403793Z [command]/usr/bin/git config --local --name-only --get-regexp ^includeIf\.gitdir:
core-predictor	Run actions/checkout@v4	2026-09-23T06:26:03.8436697Z [command]/usr/bin/git submodule foreach --recursive git config --local --show-origin --name-only --get-regexp remote.origin.url
core-predictor	Run actions/checkout@v4	2026-09-23T06:26:03.8656312Z ##[endgroup]
core-predictor	uv e Python fixados pelo plano	﻿2026-09-23T06:26:03.8912862Z ##[group]Run plan=qualification/shared/SHARED-002/CLEANROOM_PLAN.json
core-predictor	uv e Python fixados pelo plano	2026-09-23T06:26:03.8915444Z ^[[36;1mplan=qualification/shared/SHARED-002/CLEANROOM_PLAN.json^[[0m
core-predictor	uv e Python fixados pelo plano	2026-09-23T06:26:03.8917464Z ^[[36;1muv_version=$(jq -r .environment.uv_version "$plan")^[[0m
core-predictor	uv e Python fixados pelo plano	2026-09-23T06:26:03.8919295Z ^[[36;1muv_asset=$(jq -r .environment.uv_asset "$plan")^[[0m
core-predictor	uv e Python fixados pelo plano	2026-09-23T06:26:03.8921020Z ^[[36;1muv_sha=$(jq -r .environment.uv_sha256 "$plan")^[[0m
core-predictor	uv e Python fixados pelo plano	2026-09-23T06:26:03.8922676Z ^[[36;1mpy=$(jq -r .environment.python "$plan")^[[0m
core-predictor	uv e Python fixados pelo plano	2026-09-23T06:26:03.8924401Z ^[[36;1mtools="$RUNNER_TEMP/tools"^[[0m
core-predictor	uv e Python fixados pelo plano	2026-09-23T06:26:03.8925774Z ^[[36;1mmkdir -p "$tools/uv"^[[0m
core-predictor	uv e Python fixados pelo plano	2026-09-23T06:26:03.8928039Z ^[[36;1mcurl -sSfL -o "$tools/$uv_asset" "https://github.com/astral-sh/uv/releases/download/$uv_version/$uv_asset"^[[0m
core-predictor	uv e Python fixados pelo plano	2026-09-23T06:26:03.8930593Z ^[[36;1mecho "$uv_sha  $tools/$uv_asset" | sha256sum -c -^[[0m
core-predictor	uv e Python fixados pelo plano	2026-09-23T06:26:03.8932564Z ^[[36;1mtar -xzf "$tools/$uv_asset" -C "$tools/uv" --strip-components=1^[[0m
core-predictor	uv e Python fixados pelo plano	2026-09-23T06:26:03.8935461Z ^[[36;1mexport UV_PYTHON_INSTALL_DIR="$tools/python" UV_PYTHON_PREFERENCE=only-managed UV_NO_CONFIG=1^[[0m
core-predictor	uv e Python fixados pelo plano	2026-09-23T06:26:03.8937895Z ^[[36;1m"$tools/uv/uv" python install "$py"^[[0m
core-predictor	uv e Python fixados pelo plano	2026-09-23T06:26:03.8939527Z ^[[36;1mecho "CLEANROOM_UV=$tools/uv/uv" >> "$GITHUB_ENV"^[[0m
core-predictor	uv e Python fixados pelo plano	2026-09-23T06:26:03.8941469Z ^[[36;1mecho "UV_PYTHON_INSTALL_DIR=$tools/python" >> "$GITHUB_ENV"^[[0m
core-predictor	uv e Python fixados pelo plano	2026-09-23T06:26:03.8943475Z ^[[36;1mecho "UV_CACHE_DIR=$tools/uv-cache" >> "$GITHUB_ENV"^[[0m
core-predictor	uv e Python fixados pelo plano	2026-09-23T06:26:03.8945936Z ^[[36;1mecho "CLEANROOM_PYTHON=$("$tools/uv/uv" python find "$py")" >> "$GITHUB_ENV"^[[0m
core-predictor	uv e Python fixados pelo plano	2026-09-23T06:26:03.9276526Z shell: /usr/bin/bash -e {0}
core-predictor	uv e Python fixados pelo plano	2026-09-23T06:26:03.9278022Z ##[endgroup]
core-predictor	uv e Python fixados pelo plano	2026-09-23T06:26:04.2211422Z /home/runner/work/_temp/tools/uv-x86_64-unknown-linux-gnu.tar.gz: OK
core-predictor	uv e Python fixados pelo plano	2026-09-23T06:26:04.6716062Z Downloading cpython-3.13.15-linux-x86_64-gnu (download) (33.2MiB)
core-predictor	uv e Python fixados pelo plano	2026-09-23T06:26:05.7222367Z  Downloaded cpython-3.13.15-linux-x86_64-gnu (download)
core-predictor	uv e Python fixados pelo plano	2026-09-23T06:26:05.7268641Z Installed Python 3.13.15 in 1.15s
core-predictor	uv e Python fixados pelo plano	2026-09-23T06:26:05.7269576Z  + cpython-3.13.15-linux-x86_64-gnu (python3.13)
core-predictor	Cleanroom	﻿2026-09-23T06:26:05.8956217Z ##[group]Run "$CLEANROOM_PYTHON" -I qualification/shared/scripts/cleanroom_baseline.py \
core-predictor	Cleanroom	2026-09-23T06:26:05.8957017Z ^[[36;1m"$CLEANROOM_PYTHON" -I qualification/shared/scripts/cleanroom_baseline.py \^[[0m
core-predictor	Cleanroom	2026-09-23T06:26:05.8957762Z ^[[36;1m  qualification/shared/SHARED-002/CLEANROOM_PLAN.json "core-predictor" "$RUNNER_TEMP/out/core-predictor"^[[0m
core-predictor	Cleanroom	2026-09-23T06:26:05.9026404Z shell: /usr/bin/bash -e {0}
core-predictor	Cleanroom	2026-09-23T06:26:05.9026757Z env:
core-predictor	Cleanroom	2026-09-23T06:26:05.9027297Z   CLEANROOM_UV: /home/runner/work/_temp/tools/uv/uv
core-predictor	Cleanroom	2026-09-23T06:26:05.9027782Z   UV_PYTHON_INSTALL_DIR: /home/runner/work/_temp/tools/python
core-predictor	Cleanroom	2026-09-23T06:26:05.9028280Z   UV_CACHE_DIR: /home/runner/work/_temp/tools/uv-cache
core-predictor	Cleanroom	2026-09-23T06:26:05.9028950Z   CLEANROOM_PYTHON: /home/runner/work/_temp/tools/python/cpython-3.13.15-linux-x86_64-gnu/bin/python3.13
core-predictor	Cleanroom	2026-09-23T06:26:05.9029555Z ##[endgroup]
core-predictor	Cleanroom	2026-09-23T06:26:14.2522931Z {"repo": "core-predictor", "published": {"tests": 278, "failures": 0, "errors": 0, "skipped": 0, "passed": 278, "failed_ids": []}, "head_build": {"tests": 278, "failures": 0, "errors": 0, "skipped": 0, "passed": 278, "failed_ids": []}}
core-predictor	Run actions/upload-artifact@v4	﻿2026-09-23T06:26:14.2702386Z Node 20 is being deprecated. This workflow is running with Node 24 by default. If you need to temporarily use Node 20, you can set the ACTIONS_ALLOW_USE_UNSECURE_NODE_VERSION=true environment variable. For more information see: https://github.blog/changelog/2025-09-19-deprecation-of-node-20-on-github-actions-runners/
core-predictor	Run actions/upload-artifact@v4	2026-09-23T06:26:14.2704521Z ##[group]Run actions/upload-artifact@v4
core-predictor	Run actions/upload-artifact@v4	2026-09-23T06:26:14.2704836Z with:
core-predictor	Run actions/upload-artifact@v4	2026-09-23T06:26:14.2705052Z   name: cleanroom-core-predictor
core-predictor	Run actions/upload-artifact@v4	2026-09-23T06:26:14.2705361Z   path: /home/runner/work/_temp/out/core-predictor
core-predictor	Run actions/upload-artifact@v4	2026-09-23T06:26:14.2705677Z   if-no-files-found: error
core-predictor	Run actions/upload-artifact@v4	2026-09-23T06:26:14.2705911Z   compression-level: 6
core-predictor	Run actions/upload-artifact@v4	2026-09-23T06:26:14.2706124Z   overwrite: false
core-predictor	Run actions/upload-artifact@v4	2026-09-23T06:26:14.2706344Z   include-hidden-files: false
core-predictor	Run actions/upload-artifact@v4	2026-09-23T06:26:14.2706574Z env:
core-predictor	Run actions/upload-artifact@v4	2026-09-23T06:26:14.2706799Z   CLEANROOM_UV: /home/runner/work/_temp/tools/uv/uv
core-predictor	Run actions/upload-artifact@v4	2026-09-23T06:26:14.2707165Z   UV_PYTHON_INSTALL_DIR: /home/runner/work/_temp/tools/python
core-predictor	Run actions/upload-artifact@v4	2026-09-23T06:26:14.2707545Z   UV_CACHE_DIR: /home/runner/work/_temp/tools/uv-cache
core-predictor	Run actions/upload-artifact@v4	2026-09-23T06:26:14.2708106Z   CLEANROOM_PYTHON: /home/runner/work/_temp/tools/python/cpython-3.13.15-linux-x86_64-gnu/bin/python3.13
core-predictor	Run actions/upload-artifact@v4	2026-09-23T06:26:14.2708585Z ##[endgroup]
core-predictor	Run actions/upload-artifact@v4	2026-09-23T06:26:14.4396466Z (node:2612) [DEP0040] DeprecationWarning: The `punycode` module is deprecated. Please use a userland alternative instead.
core-predictor	Run actions/upload-artifact@v4	2026-09-23T06:26:14.4397519Z (Use `node --trace-deprecation ...` to show where the warning was created)
core-predictor	Run actions/upload-artifact@v4	2026-09-23T06:26:14.4523009Z With the provided path, there will be 26 files uploaded
core-predictor	Run actions/upload-artifact@v4	2026-09-23T06:26:14.4524291Z Artifact name is valid!
core-predictor	Run actions/upload-artifact@v4	2026-09-23T06:26:14.4524868Z Root directory input is valid!
core-predictor	Run actions/upload-artifact@v4	2026-09-23T06:26:14.8117269Z Beginning upload of artifact content to blob storage
core-predictor	Run actions/upload-artifact@v4	2026-09-23T06:26:14.8606076Z (node:2612) [DEP0169] DeprecationWarning: `url.parse()` behavior is not standardized and prone to errors that have security implications. Use the WHATWG URL API instead. CVEs are not issued for `url.parse()` vulnerabilities.
core-predictor	Run actions/upload-artifact@v4	2026-09-23T06:26:15.2445530Z Uploaded bytes 46340
core-predictor	Run actions/upload-artifact@v4	2026-09-23T06:26:15.3184873Z Finished uploading artifact content to blob storage!
core-predictor	Run actions/upload-artifact@v4	2026-09-23T06:26:15.3186397Z SHA256 digest of uploaded artifact zip is aa92d3947d01ef6845ac710100ac17cb16fb4d291a9cb9b9b7eb70833c541100
core-predictor	Run actions/upload-artifact@v4	2026-09-23T06:26:15.3188230Z Finalizing artifact upload
core-predictor	Run actions/upload-artifact@v4	2026-09-23T06:26:15.6250608Z Artifact cleanroom-core-predictor.zip successfully finalized. Artifact ID 10735786013
core-predictor	Run actions/upload-artifact@v4	2026-09-23T06:26:15.6252582Z Artifact cleanroom-core-predictor has been successfully uploaded! Final size is 46340 bytes. Artifact ID is 10735786013
core-predictor	Run actions/upload-artifact@v4	2026-09-23T06:26:15.6259925Z Artifact download URL: https://github.com/leonardosovienski/predictor-qualification/actions/runs/35826713033/artifacts/10735786013
core-predictor	Post Run actions/checkout@v4	﻿2026-09-23T06:26:15.6478669Z Node 20 is being deprecated. This workflow is running with Node 24 by default. If you need to temporarily use Node 20, you can set the ACTIONS_ALLOW_USE_UNSECURE_NODE_VERSION=true environment variable. For more information see: https://github.blog/changelog/2025-09-19-deprecation-of-node-20-on-github-actions-runners/
core-predictor	Post Run actions/checkout@v4	2026-09-23T06:26:15.6479970Z Post job cleanup.
core-predictor	Post Run actions/checkout@v4	2026-09-23T06:26:15.7331637Z [command]/usr/bin/git version
core-predictor	Post Run actions/checkout@v4	2026-09-23T06:26:15.7376194Z git version 2.55.0
core-predictor	Post Run actions/checkout@v4	2026-09-23T06:26:15.7417492Z Temporarily overriding HOME='/home/runner/work/_temp/da9003ab-d99a-4576-9ded-d6ad09d58dac' before making global git config changes
core-predictor	Post Run actions/checkout@v4	2026-09-23T06:26:15.7419129Z Adding repository directory to the temporary git global config as a safe directory
core-predictor	Post Run actions/checkout@v4	2026-09-23T06:26:15.7422862Z [command]/usr/bin/git config --global --add safe.directory /home/runner/work/predictor-qualification/predictor-qualification
core-predictor	Post Run actions/checkout@v4	2026-09-23T06:26:15.7463206Z [command]/usr/bin/git config --local --name-only --get-regexp core\.sshCommand
core-predictor	Post Run actions/checkout@v4	2026-09-23T06:26:15.7499558Z [command]/usr/bin/git submodule foreach --recursive sh -c "git config --local --name-only --get-regexp 'core\.sshCommand' && git config --local --unset-all 'core.sshCommand' || :"
core-predictor	Post Run actions/checkout@v4	2026-09-23T06:26:15.7767491Z [command]/usr/bin/git config --local --name-only --get-regexp http\.https\:\/\/github\.com\/\.extraheader
core-predictor	Post Run actions/checkout@v4	2026-09-23T06:26:15.7804781Z [command]/usr/bin/git submodule foreach --recursive sh -c "git config --local --name-only --get-regexp 'http\.https\:\/\/github\.com\/\.extraheader' && git config --local --unset-all 'http.https://github.com/.extraheader' || :"
core-predictor	Post Run actions/checkout@v4	2026-09-23T06:26:15.8063335Z [command]/usr/bin/git config --local --name-only --get-regexp ^includeIf\.gitdir:
core-predictor	Post Run actions/checkout@v4	2026-09-23T06:26:15.8100518Z [command]/usr/bin/git submodule foreach --recursive git config --local --show-origin --name-only --get-regexp remote.origin.url
core-predictor	Complete job	﻿2026-09-23T06:26:15.8535600Z Cleaning up orphan processes
core-predictor	Complete job	2026-09-23T06:26:15.8878417Z ##[warning]Node.js 20 is deprecated. The following actions target Node.js 20 but are being forced to run on Node.js 24: actions/checkout@v4, actions/upload-artifact@v4. For more information see: https://github.blog/changelog/2025-09-19-deprecation-of-node-20-on-github-actions-runners/
ecosystem-predictor	Set up job	﻿2026-09-23T06:26:00.2031793Z Current runner version: '2.337.0'
ecosystem-predictor	Set up job	2026-09-23T06:26:00.2058831Z ##[group]Runner Image Provisioner
ecosystem-predictor	Set up job	2026-09-23T06:26:00.2059737Z Hosted Compute Agent
ecosystem-predictor	Set up job	2026-09-23T06:26:00.2060323Z Version: 20260828.587
ecosystem-predictor	Set up job	2026-09-23T06:26:00.2061064Z Commit: abac92662cab4cc7352de4f9f9d2e2419aad9c29
ecosystem-predictor	Set up job	2026-09-23T06:26:00.2062207Z Build Date: 2026-08-28T16:44:25Z
ecosystem-predictor	Set up job	2026-09-23T06:26:00.2062915Z Worker ID: {c78087b8-6ddc-468b-b6fc-f51ab4d551b4}
ecosystem-predictor	Set up job	2026-09-23T06:26:00.2063774Z Azure Region: northcentralus
ecosystem-predictor	Set up job	2026-09-23T06:26:00.2064426Z ##[endgroup]
ecosystem-predictor	Set up job	2026-09-23T06:26:00.2066065Z ##[group]Operating System
ecosystem-predictor	Set up job	2026-09-23T06:26:00.2066788Z Ubuntu
ecosystem-predictor	Set up job	2026-09-23T06:26:00.2067391Z 24.04.5
ecosystem-predictor	Set up job	2026-09-23T06:26:00.2068024Z LTS
ecosystem-predictor	Set up job	2026-09-23T06:26:00.2068598Z ##[endgroup]
ecosystem-predictor	Set up job	2026-09-23T06:26:00.2069213Z ##[group]Runner Image
ecosystem-predictor	Set up job	2026-09-23T06:26:00.2069822Z Image: ubuntu-24.04
ecosystem-predictor	Set up job	2026-09-23T06:26:00.2070423Z Version: 20260907.300.1
ecosystem-predictor	Set up job	2026-09-23T06:26:00.2071884Z Included Software: https://github.com/actions/runner-images/blob/ubuntu24/20260907.300/images/ubuntu/Ubuntu2404-Readme.md
ecosystem-predictor	Set up job	2026-09-23T06:26:00.2073724Z Image Release: https://github.com/actions/runner-images/releases/tag/ubuntu24%2F20260907.300
ecosystem-predictor	Set up job	2026-09-23T06:26:00.2074709Z ##[endgroup]
ecosystem-predictor	Set up job	2026-09-23T06:26:00.2076345Z ##[group]GITHUB_TOKEN Permissions
ecosystem-predictor	Set up job	2026-09-23T06:26:00.2078392Z Contents: read
ecosystem-predictor	Set up job	2026-09-23T06:26:00.2079035Z Metadata: read
ecosystem-predictor	Set up job	2026-09-23T06:26:00.2079694Z ##[endgroup]
ecosystem-predictor	Set up job	2026-09-23T06:26:00.2082642Z Secret source: Actions
ecosystem-predictor	Set up job	2026-09-23T06:26:00.2083667Z Cache mode: write
ecosystem-predictor	Set up job	2026-09-23T06:26:00.2084600Z Prepare workflow directory
ecosystem-predictor	Set up job	2026-09-23T06:26:00.2447446Z Prepare all required actions
ecosystem-predictor	Set up job	2026-09-23T06:26:00.2497326Z Getting action download info
ecosystem-predictor	Set up job	2026-09-23T06:26:00.5044070Z Download action repository 'actions/checkout@v4' (SHA:11d5960a326750d5838078e36cf38b85af677262)
ecosystem-predictor	Set up job	2026-09-23T06:26:00.6222710Z Download action repository 'actions/upload-artifact@v4' (SHA:ea165f8d65b6e75b540449e92b4886f43607fa02)
ecosystem-predictor	Set up job	2026-09-23T06:26:00.8410563Z Complete job name: ecosystem-predictor
ecosystem-predictor	Run actions/checkout@v4	﻿2026-09-23T06:26:00.9206642Z Node 20 is being deprecated. This workflow is running with Node 24 by default. If you need to temporarily use Node 20, you can set the ACTIONS_ALLOW_USE_UNSECURE_NODE_VERSION=true environment variable. For more information see: https://github.blog/changelog/2025-09-19-deprecation-of-node-20-on-github-actions-runners/
ecosystem-predictor	Run actions/checkout@v4	2026-09-23T06:26:00.9215793Z ##[group]Run actions/checkout@v4
ecosystem-predictor	Run actions/checkout@v4	2026-09-23T06:26:00.9216657Z with:
ecosystem-predictor	Run actions/checkout@v4	2026-09-23T06:26:00.9217116Z   persist-credentials: false
ecosystem-predictor	Run actions/checkout@v4	2026-09-23T06:26:00.9217738Z   repository: leonardosovienski/predictor-qualification
ecosystem-predictor	Run actions/checkout@v4	2026-09-23T06:26:00.9222218Z   token: ***
ecosystem-predictor	Run actions/checkout@v4	2026-09-23T06:26:00.9222687Z   ssh-strict: true
ecosystem-predictor	Run actions/checkout@v4	2026-09-23T06:26:00.9223146Z   ssh-user: git
ecosystem-predictor	Run actions/checkout@v4	2026-09-23T06:26:00.9223571Z   clean: true
ecosystem-predictor	Run actions/checkout@v4	2026-09-23T06:26:00.9224161Z   sparse-checkout-cone-mode: true
ecosystem-predictor	Run actions/checkout@v4	2026-09-23T06:26:00.9225044Z   fetch-depth: 1
ecosystem-predictor	Run actions/checkout@v4	2026-09-23T06:26:00.9225641Z   fetch-tags: false
ecosystem-predictor	Run actions/checkout@v4	2026-09-23T06:26:00.9226099Z   show-progress: true
ecosystem-predictor	Run actions/checkout@v4	2026-09-23T06:26:00.9226544Z   lfs: false
ecosystem-predictor	Run actions/checkout@v4	2026-09-23T06:26:00.9226955Z   submodules: false
ecosystem-predictor	Run actions/checkout@v4	2026-09-23T06:26:00.9227610Z   set-safe-directory: true
ecosystem-predictor	Run actions/checkout@v4	2026-09-23T06:26:00.9228162Z   allow-unsafe-pr-checkout: false
ecosystem-predictor	Run actions/checkout@v4	2026-09-23T06:26:00.9229071Z ##[endgroup]
ecosystem-predictor	Run actions/checkout@v4	2026-09-23T06:26:01.0304887Z Syncing repository: leonardosovienski/predictor-qualification
ecosystem-predictor	Run actions/checkout@v4	2026-09-23T06:26:01.0307952Z ##[group]Getting Git version info
ecosystem-predictor	Run actions/checkout@v4	2026-09-23T06:26:01.0309416Z Working directory is '/home/runner/work/predictor-qualification/predictor-qualification'
ecosystem-predictor	Run actions/checkout@v4	2026-09-23T06:26:01.0311456Z [command]/usr/bin/git version
ecosystem-predictor	Run actions/checkout@v4	2026-09-23T06:26:01.0390440Z git version 2.55.0
ecosystem-predictor	Run actions/checkout@v4	2026-09-23T06:26:01.0426377Z ##[endgroup]
ecosystem-predictor	Run actions/checkout@v4	2026-09-23T06:26:01.0439723Z Temporarily overriding HOME='/home/runner/work/_temp/54b94fd5-490d-42bf-8c5f-e4f930cb2520' before making global git config changes
ecosystem-predictor	Run actions/checkout@v4	2026-09-23T06:26:01.0442088Z Adding repository directory to the temporary git global config as a safe directory
ecosystem-predictor	Run actions/checkout@v4	2026-09-23T06:26:01.0447126Z [command]/usr/bin/git config --global --add safe.directory /home/runner/work/predictor-qualification/predictor-qualification
ecosystem-predictor	Run actions/checkout@v4	2026-09-23T06:26:01.0506272Z Deleting the contents of '/home/runner/work/predictor-qualification/predictor-qualification'
ecosystem-predictor	Run actions/checkout@v4	2026-09-23T06:26:01.0517529Z ##[group]Initializing the repository
ecosystem-predictor	Run actions/checkout@v4	2026-09-23T06:26:01.0519349Z [command]/usr/bin/git init /home/runner/work/predictor-qualification/predictor-qualification
ecosystem-predictor	Run actions/checkout@v4	2026-09-23T06:26:01.0643606Z hint: Using 'master' as the name for the initial branch. This default branch name
ecosystem-predictor	Run actions/checkout@v4	2026-09-23T06:26:01.0645485Z hint: will change to "main" in Git 3.0. To configure the initial branch name
ecosystem-predictor	Run actions/checkout@v4	2026-09-23T06:26:01.0646993Z hint: to use in all of your new repositories, which will suppress this warning,
ecosystem-predictor	Run actions/checkout@v4	2026-09-23T06:26:01.0648243Z hint: call:
ecosystem-predictor	Run actions/checkout@v4	2026-09-23T06:26:01.0648915Z hint:
ecosystem-predictor	Run actions/checkout@v4	2026-09-23T06:26:01.0649721Z hint: 	git config --global init.defaultBranch <name>
ecosystem-predictor	Run actions/checkout@v4	2026-09-23T06:26:01.0650708Z hint:
ecosystem-predictor	Run actions/checkout@v4	2026-09-23T06:26:01.0651900Z hint: Names commonly chosen instead of 'master' are 'main', 'trunk' and
ecosystem-predictor	Run actions/checkout@v4	2026-09-23T06:26:01.0653507Z hint: 'development'. The just-created branch can be renamed via this command:
ecosystem-predictor	Run actions/checkout@v4	2026-09-23T06:26:01.0654768Z hint:
ecosystem-predictor	Run actions/checkout@v4	2026-09-23T06:26:01.0655434Z hint: 	git branch -m <name>
ecosystem-predictor	Run actions/checkout@v4	2026-09-23T06:26:01.0656212Z hint:
ecosystem-predictor	Run actions/checkout@v4	2026-09-23T06:26:01.0657581Z hint: Disable this message with "git config set advice.defaultBranchName false"
ecosystem-predictor	Run actions/checkout@v4	2026-09-23T06:26:01.0673841Z Initialized empty Git repository in /home/runner/work/predictor-qualification/predictor-qualification/.git/
ecosystem-predictor	Run actions/checkout@v4	2026-09-23T06:26:01.0679527Z [command]/usr/bin/git remote add origin https://github.com/leonardosovienski/predictor-qualification
ecosystem-predictor	Run actions/checkout@v4	2026-09-23T06:26:01.0734353Z ##[endgroup]
ecosystem-predictor	Run actions/checkout@v4	2026-09-23T06:26:01.0735750Z ##[group]Disabling automatic garbage collection
ecosystem-predictor	Run actions/checkout@v4	2026-09-23T06:26:01.0739185Z [command]/usr/bin/git config --local gc.auto 0
ecosystem-predictor	Run actions/checkout@v4	2026-09-23T06:26:01.0784545Z ##[endgroup]
ecosystem-predictor	Run actions/checkout@v4	2026-09-23T06:26:01.0785778Z ##[group]Setting up auth
ecosystem-predictor	Run actions/checkout@v4	2026-09-23T06:26:01.0797971Z [command]/usr/bin/git config --local --name-only --get-regexp core\.sshCommand
ecosystem-predictor	Run actions/checkout@v4	2026-09-23T06:26:01.0831364Z [command]/usr/bin/git submodule foreach --recursive sh -c "git config --local --name-only --get-regexp 'core\.sshCommand' && git config --local --unset-all 'core.sshCommand' || :"
ecosystem-predictor	Run actions/checkout@v4	2026-09-23T06:26:01.1252402Z [command]/usr/bin/git config --local --name-only --get-regexp http\.https\:\/\/github\.com\/\.extraheader
ecosystem-predictor	Run actions/checkout@v4	2026-09-23T06:26:01.1298288Z [command]/usr/bin/git submodule foreach --recursive sh -c "git config --local --name-only --get-regexp 'http\.https\:\/\/github\.com\/\.extraheader' && git config --local --unset-all 'http.https://github.com/.extraheader' || :"
ecosystem-predictor	Run actions/checkout@v4	2026-09-23T06:26:01.1542263Z [command]/usr/bin/git config --local --name-only --get-regexp ^includeIf\.gitdir:
ecosystem-predictor	Run actions/checkout@v4	2026-09-23T06:26:01.1585982Z [command]/usr/bin/git submodule foreach --recursive git config --local --show-origin --name-only --get-regexp remote.origin.url
ecosystem-predictor	Run actions/checkout@v4	2026-09-23T06:26:01.1849750Z [command]/usr/bin/git config --local http.https://github.com/.extraheader AUTHORIZATION: basic ***
ecosystem-predictor	Run actions/checkout@v4	2026-09-23T06:26:01.1893639Z ##[endgroup]
ecosystem-predictor	Run actions/checkout@v4	2026-09-23T06:26:01.1894583Z ##[group]Fetching the repository
ecosystem-predictor	Run actions/checkout@v4	2026-09-23T06:26:01.1906491Z [command]/usr/bin/git -c protocol.version=2 fetch --no-tags --prune --no-recurse-submodules --depth=1 origin +ab7aeb845b9632511c8074b83ef49dd298f1effe:refs/remotes/origin/shared/baseline-v1
ecosystem-predictor	Run actions/checkout@v4	2026-09-23T06:26:01.7204002Z From https://github.com/leonardosovienski/predictor-qualification
ecosystem-predictor	Run actions/checkout@v4	2026-09-23T06:26:01.7206584Z  * [new ref]         ab7aeb845b9632511c8074b83ef49dd298f1effe -> origin/shared/baseline-v1
ecosystem-predictor	Run actions/checkout@v4	2026-09-23T06:26:01.7218551Z ##[endgroup]
ecosystem-predictor	Run actions/checkout@v4	2026-09-23T06:26:01.7230202Z ##[group]Determining the checkout info
ecosystem-predictor	Run actions/checkout@v4	2026-09-23T06:26:01.7232347Z ##[endgroup]
ecosystem-predictor	Run actions/checkout@v4	2026-09-23T06:26:01.7233595Z [command]/usr/bin/git sparse-checkout disable
ecosystem-predictor	Run actions/checkout@v4	2026-09-23T06:26:01.7283825Z [command]/usr/bin/git config --local --unset-all extensions.worktreeConfig
ecosystem-predictor	Run actions/checkout@v4	2026-09-23T06:26:01.7326324Z ##[group]Checking out the ref
ecosystem-predictor	Run actions/checkout@v4	2026-09-23T06:26:01.7329031Z [command]/usr/bin/git checkout --progress --force -B shared/baseline-v1 refs/remotes/origin/shared/baseline-v1
ecosystem-predictor	Run actions/checkout@v4	2026-09-23T06:26:01.7622678Z Switched to a new branch 'shared/baseline-v1'
ecosystem-predictor	Run actions/checkout@v4	2026-09-23T06:26:01.7629782Z branch 'shared/baseline-v1' set up to track 'origin/shared/baseline-v1'.
ecosystem-predictor	Run actions/checkout@v4	2026-09-23T06:26:01.7636485Z ##[endgroup]
ecosystem-predictor	Run actions/checkout@v4	2026-09-23T06:26:01.7684596Z [command]/usr/bin/git log -1 --format=%H
ecosystem-predictor	Run actions/checkout@v4	2026-09-23T06:26:01.7715506Z ab7aeb845b9632511c8074b83ef49dd298f1effe
ecosystem-predictor	Run actions/checkout@v4	2026-09-23T06:26:01.7726203Z ##[group]Removing auth
ecosystem-predictor	Run actions/checkout@v4	2026-09-23T06:26:01.7730375Z [command]/usr/bin/git config --local --name-only --get-regexp core\.sshCommand
ecosystem-predictor	Run actions/checkout@v4	2026-09-23T06:26:01.7768674Z [command]/usr/bin/git submodule foreach --recursive sh -c "git config --local --name-only --get-regexp 'core\.sshCommand' && git config --local --unset-all 'core.sshCommand' || :"
ecosystem-predictor	Run actions/checkout@v4	2026-09-23T06:26:01.8005292Z [command]/usr/bin/git config --local --name-only --get-regexp http\.https\:\/\/github\.com\/\.extraheader
ecosystem-predictor	Run actions/checkout@v4	2026-09-23T06:26:01.8038827Z http.https://github.com/.extraheader
ecosystem-predictor	Run actions/checkout@v4	2026-09-23T06:26:01.8047809Z [command]/usr/bin/git config --local --unset-all http.https://github.com/.extraheader
ecosystem-predictor	Run actions/checkout@v4	2026-09-23T06:26:01.8085930Z [command]/usr/bin/git submodule foreach --recursive sh -c "git config --local --name-only --get-regexp 'http\.https\:\/\/github\.com\/\.extraheader' && git config --local --unset-all 'http.https://github.com/.extraheader' || :"
ecosystem-predictor	Run actions/checkout@v4	2026-09-23T06:26:01.8324100Z [command]/usr/bin/git config --local --name-only --get-regexp ^includeIf\.gitdir:
ecosystem-predictor	Run actions/checkout@v4	2026-09-23T06:26:01.8365930Z [command]/usr/bin/git submodule foreach --recursive git config --local --show-origin --name-only --get-regexp remote.origin.url
ecosystem-predictor	Run actions/checkout@v4	2026-09-23T06:26:01.8608565Z ##[endgroup]
ecosystem-predictor	uv e Python fixados pelo plano	﻿2026-09-23T06:26:01.8876949Z ##[group]Run plan=qualification/shared/SHARED-002/CLEANROOM_PLAN.json
ecosystem-predictor	uv e Python fixados pelo plano	2026-09-23T06:26:01.8879341Z ^[[36;1mplan=qualification/shared/SHARED-002/CLEANROOM_PLAN.json^[[0m
ecosystem-predictor	uv e Python fixados pelo plano	2026-09-23T06:26:01.8881374Z ^[[36;1muv_version=$(jq -r .environment.uv_version "$plan")^[[0m
ecosystem-predictor	uv e Python fixados pelo plano	2026-09-23T06:26:01.8883708Z ^[[36;1muv_asset=$(jq -r .environment.uv_asset "$plan")^[[0m
ecosystem-predictor	uv e Python fixados pelo plano	2026-09-23T06:26:01.8885451Z ^[[36;1muv_sha=$(jq -r .environment.uv_sha256 "$plan")^[[0m
ecosystem-predictor	uv e Python fixados pelo plano	2026-09-23T06:26:01.8887133Z ^[[36;1mpy=$(jq -r .environment.python "$plan")^[[0m
ecosystem-predictor	uv e Python fixados pelo plano	2026-09-23T06:26:01.8888664Z ^[[36;1mtools="$RUNNER_TEMP/tools"^[[0m
ecosystem-predictor	uv e Python fixados pelo plano	2026-09-23T06:26:01.8890002Z ^[[36;1mmkdir -p "$tools/uv"^[[0m
ecosystem-predictor	uv e Python fixados pelo plano	2026-09-23T06:26:01.8892447Z ^[[36;1mcurl -sSfL -o "$tools/$uv_asset" "https://github.com/astral-sh/uv/releases/download/$uv_version/$uv_asset"^[[0m
ecosystem-predictor	uv e Python fixados pelo plano	2026-09-23T06:26:01.8895035Z ^[[36;1mecho "$uv_sha  $tools/$uv_asset" | sha256sum -c -^[[0m
ecosystem-predictor	uv e Python fixados pelo plano	2026-09-23T06:26:01.8896963Z ^[[36;1mtar -xzf "$tools/$uv_asset" -C "$tools/uv" --strip-components=1^[[0m
ecosystem-predictor	uv e Python fixados pelo plano	2026-09-23T06:26:01.8899621Z ^[[36;1mexport UV_PYTHON_INSTALL_DIR="$tools/python" UV_PYTHON_PREFERENCE=only-managed UV_NO_CONFIG=1^[[0m
ecosystem-predictor	uv e Python fixados pelo plano	2026-09-23T06:26:01.8902154Z ^[[36;1m"$tools/uv/uv" python install "$py"^[[0m
ecosystem-predictor	uv e Python fixados pelo plano	2026-09-23T06:26:01.8903807Z ^[[36;1mecho "CLEANROOM_UV=$tools/uv/uv" >> "$GITHUB_ENV"^[[0m
ecosystem-predictor	uv e Python fixados pelo plano	2026-09-23T06:26:01.8905754Z ^[[36;1mecho "UV_PYTHON_INSTALL_DIR=$tools/python" >> "$GITHUB_ENV"^[[0m
ecosystem-predictor	uv e Python fixados pelo plano	2026-09-23T06:26:01.8907747Z ^[[36;1mecho "UV_CACHE_DIR=$tools/uv-cache" >> "$GITHUB_ENV"^[[0m
ecosystem-predictor	uv e Python fixados pelo plano	2026-09-23T06:26:01.8909923Z ^[[36;1mecho "CLEANROOM_PYTHON=$("$tools/uv/uv" python find "$py")" >> "$GITHUB_ENV"^[[0m
ecosystem-predictor	uv e Python fixados pelo plano	2026-09-23T06:26:01.8956478Z shell: /usr/bin/bash -e {0}
ecosystem-predictor	uv e Python fixados pelo plano	2026-09-23T06:26:01.8957828Z ##[endgroup]
ecosystem-predictor	uv e Python fixados pelo plano	2026-09-23T06:26:02.1832398Z /home/runner/work/_temp/tools/uv-x86_64-unknown-linux-gnu.tar.gz: OK
ecosystem-predictor	uv e Python fixados pelo plano	2026-09-23T06:26:02.6537614Z Downloading cpython-3.13.15-linux-x86_64-gnu (download) (33.2MiB)
ecosystem-predictor	uv e Python fixados pelo plano	2026-09-23T06:26:03.5173461Z  Downloaded cpython-3.13.15-linux-x86_64-gnu (download)
ecosystem-predictor	uv e Python fixados pelo plano	2026-09-23T06:26:03.5216426Z Installed Python 3.13.15 in 973ms
ecosystem-predictor	uv e Python fixados pelo plano	2026-09-23T06:26:03.5217332Z  + cpython-3.13.15-linux-x86_64-gnu (python3.13)
ecosystem-predictor	Cleanroom	﻿2026-09-23T06:26:03.6901905Z ##[group]Run "$CLEANROOM_PYTHON" -I qualification/shared/scripts/cleanroom_baseline.py \
ecosystem-predictor	Cleanroom	2026-09-23T06:26:03.6902715Z ^[[36;1m"$CLEANROOM_PYTHON" -I qualification/shared/scripts/cleanroom_baseline.py \^[[0m
ecosystem-predictor	Cleanroom	2026-09-23T06:26:03.6903524Z ^[[36;1m  qualification/shared/SHARED-002/CLEANROOM_PLAN.json "ecosystem-predictor" "$RUNNER_TEMP/out/ecosystem-predictor"^[[0m
ecosystem-predictor	Cleanroom	2026-09-23T06:26:03.6942928Z shell: /usr/bin/bash -e {0}
ecosystem-predictor	Cleanroom	2026-09-23T06:26:03.6943253Z env:
ecosystem-predictor	Cleanroom	2026-09-23T06:26:03.6943807Z   CLEANROOM_UV: /home/runner/work/_temp/tools/uv/uv
ecosystem-predictor	Cleanroom	2026-09-23T06:26:03.6944273Z   UV_PYTHON_INSTALL_DIR: /home/runner/work/_temp/tools/python
ecosystem-predictor	Cleanroom	2026-09-23T06:26:03.6944719Z   UV_CACHE_DIR: /home/runner/work/_temp/tools/uv-cache
ecosystem-predictor	Cleanroom	2026-09-23T06:26:03.6945321Z   CLEANROOM_PYTHON: /home/runner/work/_temp/tools/python/cpython-3.13.15-linux-x86_64-gnu/bin/python3.13
ecosystem-predictor	Cleanroom	2026-09-23T06:26:03.6945876Z ##[endgroup]
ecosystem-predictor	Cleanroom	2026-09-23T06:26:11.7150637Z {"repo": "ecosystem-predictor", "published": {"tests": 186, "failures": 2, "errors": 0, "skipped": 0, "passed": 184, "failed_ids": ["tests.test_fidelity_regressions::test_plugin_exception_messages_never_escape", "tests.unit.test_registry::test_constructor_error_does_not_crash_discovery"]}, "head_build": {"tests": 186, "failures": 0, "errors": 0, "skipped": 0, "passed": 186, "failed_ids": []}}
ecosystem-predictor	Run actions/upload-artifact@v4	﻿2026-09-23T06:26:11.7349252Z Node 20 is being deprecated. This workflow is running with Node 24 by default. If you need to temporarily use Node 20, you can set the ACTIONS_ALLOW_USE_UNSECURE_NODE_VERSION=true environment variable. For more information see: https://github.blog/changelog/2025-09-19-deprecation-of-node-20-on-github-actions-runners/
ecosystem-predictor	Run actions/upload-artifact@v4	2026-09-23T06:26:11.7350936Z ##[group]Run actions/upload-artifact@v4
ecosystem-predictor	Run actions/upload-artifact@v4	2026-09-23T06:26:11.7351210Z with:
ecosystem-predictor	Run actions/upload-artifact@v4	2026-09-23T06:26:11.7351425Z   name: cleanroom-ecosystem-predictor
ecosystem-predictor	Run actions/upload-artifact@v4	2026-09-23T06:26:11.7352152Z   path: /home/runner/work/_temp/out/ecosystem-predictor
ecosystem-predictor	Run actions/upload-artifact@v4	2026-09-23T06:26:11.7352497Z   if-no-files-found: error
ecosystem-predictor	Run actions/upload-artifact@v4	2026-09-23T06:26:11.7352744Z   compression-level: 6
ecosystem-predictor	Run actions/upload-artifact@v4	2026-09-23T06:26:11.7352962Z   overwrite: false
ecosystem-predictor	Run actions/upload-artifact@v4	2026-09-23T06:26:11.7353190Z   include-hidden-files: false
ecosystem-predictor	Run actions/upload-artifact@v4	2026-09-23T06:26:11.7353430Z env:
ecosystem-predictor	Run actions/upload-artifact@v4	2026-09-23T06:26:11.7353656Z   CLEANROOM_UV: /home/runner/work/_temp/tools/uv/uv
ecosystem-predictor	Run actions/upload-artifact@v4	2026-09-23T06:26:11.7354032Z   UV_PYTHON_INSTALL_DIR: /home/runner/work/_temp/tools/python
ecosystem-predictor	Run actions/upload-artifact@v4	2026-09-23T06:26:11.7354442Z   UV_CACHE_DIR: /home/runner/work/_temp/tools/uv-cache
ecosystem-predictor	Run actions/upload-artifact@v4	2026-09-23T06:26:11.7354965Z   CLEANROOM_PYTHON: /home/runner/work/_temp/tools/python/cpython-3.13.15-linux-x86_64-gnu/bin/python3.13
ecosystem-predictor	Run actions/upload-artifact@v4	2026-09-23T06:26:11.7355453Z ##[endgroup]
ecosystem-predictor	Run actions/upload-artifact@v4	2026-09-23T06:26:11.9091029Z (node:2633) [DEP0040] DeprecationWarning: The `punycode` module is deprecated. Please use a userland alternative instead.
ecosystem-predictor	Run actions/upload-artifact@v4	2026-09-23T06:26:11.9092297Z (Use `node --trace-deprecation ...` to show where the warning was created)
ecosystem-predictor	Run actions/upload-artifact@v4	2026-09-23T06:26:11.9229447Z With the provided path, there will be 29 files uploaded
ecosystem-predictor	Run actions/upload-artifact@v4	2026-09-23T06:26:11.9231979Z Artifact name is valid!
ecosystem-predictor	Run actions/upload-artifact@v4	2026-09-23T06:26:11.9232698Z Root directory input is valid!
ecosystem-predictor	Run actions/upload-artifact@v4	2026-09-23T06:26:12.1823687Z Beginning upload of artifact content to blob storage
ecosystem-predictor	Run actions/upload-artifact@v4	2026-09-23T06:26:12.2414335Z (node:2633) [DEP0169] DeprecationWarning: `url.parse()` behavior is not standardized and prone to errors that have security implications. Use the WHATWG URL API instead. CVEs are not issued for `url.parse()` vulnerabilities.
ecosystem-predictor	Run actions/upload-artifact@v4	2026-09-23T06:26:12.3809591Z Uploaded bytes 38918
ecosystem-predictor	Run actions/upload-artifact@v4	2026-09-23T06:26:12.4190041Z Finished uploading artifact content to blob storage!
ecosystem-predictor	Run actions/upload-artifact@v4	2026-09-23T06:26:12.4190969Z SHA256 digest of uploaded artifact zip is 156c1f6cdcadec8b0715070085753bdb1c43507281a9691e11ca1df6cb973da3
ecosystem-predictor	Run actions/upload-artifact@v4	2026-09-23T06:26:12.4192893Z Finalizing artifact upload
ecosystem-predictor	Run actions/upload-artifact@v4	2026-09-23T06:26:12.6458455Z Artifact cleanroom-ecosystem-predictor.zip successfully finalized. Artifact ID 10735168109
ecosystem-predictor	Run actions/upload-artifact@v4	2026-09-23T06:26:12.6460164Z Artifact cleanroom-ecosystem-predictor has been successfully uploaded! Final size is 38918 bytes. Artifact ID is 10735168109
ecosystem-predictor	Run actions/upload-artifact@v4	2026-09-23T06:26:12.6468493Z Artifact download URL: https://github.com/leonardosovienski/predictor-qualification/actions/runs/35826713033/artifacts/10735168109
ecosystem-predictor	Post Run actions/checkout@v4	﻿2026-09-23T06:26:12.6696472Z Node 20 is being deprecated. This workflow is running with Node 24 by default. If you need to temporarily use Node 20, you can set the ACTIONS_ALLOW_USE_UNSECURE_NODE_VERSION=true environment variable. For more information see: https://github.blog/changelog/2025-09-19-deprecation-of-node-20-on-github-actions-runners/
ecosystem-predictor	Post Run actions/checkout@v4	2026-09-23T06:26:12.6697777Z Post job cleanup.
ecosystem-predictor	Post Run actions/checkout@v4	2026-09-23T06:26:12.7598504Z [command]/usr/bin/git version
ecosystem-predictor	Post Run actions/checkout@v4	2026-09-23T06:26:12.7646143Z git version 2.55.0
ecosystem-predictor	Post Run actions/checkout@v4	2026-09-23T06:26:12.7691771Z Temporarily overriding HOME='/home/runner/work/_temp/1355e244-552c-4e1d-b862-dd55f148f6e1' before making global git config changes
ecosystem-predictor	Post Run actions/checkout@v4	2026-09-23T06:26:12.7693148Z Adding repository directory to the temporary git global config as a safe directory
ecosystem-predictor	Post Run actions/checkout@v4	2026-09-23T06:26:12.7698572Z [command]/usr/bin/git config --global --add safe.directory /home/runner/work/predictor-qualification/predictor-qualification
ecosystem-predictor	Post Run actions/checkout@v4	2026-09-23T06:26:12.7743262Z [command]/usr/bin/git config --local --name-only --get-regexp core\.sshCommand
ecosystem-predictor	Post Run actions/checkout@v4	2026-09-23T06:26:12.7779289Z [command]/usr/bin/git submodule foreach --recursive sh -c "git config --local --name-only --get-regexp 'core\.sshCommand' && git config --local --unset-all 'core.sshCommand' || :"
ecosystem-predictor	Post Run actions/checkout@v4	2026-09-23T06:26:12.8036262Z [command]/usr/bin/git config --local --name-only --get-regexp http\.https\:\/\/github\.com\/\.extraheader
ecosystem-predictor	Post Run actions/checkout@v4	2026-09-23T06:26:12.8081405Z [command]/usr/bin/git submodule foreach --recursive sh -c "git config --local --name-only --get-regexp 'http\.https\:\/\/github\.com\/\.extraheader' && git config --local --unset-all 'http.https://github.com/.extraheader' || :"
ecosystem-predictor	Post Run actions/checkout@v4	2026-09-23T06:26:12.8344757Z [command]/usr/bin/git config --local --name-only --get-regexp ^includeIf\.gitdir:
ecosystem-predictor	Post Run actions/checkout@v4	2026-09-23T06:26:12.8386288Z [command]/usr/bin/git submodule foreach --recursive git config --local --show-origin --name-only --get-regexp remote.origin.url
ecosystem-predictor	Complete job	﻿2026-09-23T06:26:12.8850794Z Cleaning up orphan processes
ecosystem-predictor	Complete job	2026-09-23T06:26:12.9156205Z ##[warning]Node.js 20 is deprecated. The following actions target Node.js 20 but are being forced to run on Node.js 24: actions/checkout@v4, actions/upload-artifact@v4. For more information see: https://github.blog/changelog/2025-09-19-deprecation-of-node-20-on-github-actions-runners/
cain	Set up job	﻿2026-09-23T06:26:01.2345991Z Current runner version: '2.337.0'
cain	Set up job	2026-09-23T06:26:01.2382459Z ##[group]Runner Image Provisioner
cain	Set up job	2026-09-23T06:26:01.2383854Z Hosted Compute Agent
cain	Set up job	2026-09-23T06:26:01.2385041Z Version: 20260828.587
cain	Set up job	2026-09-23T06:26:01.2386250Z Commit: abac92662cab4cc7352de4f9f9d2e2419aad9c29
cain	Set up job	2026-09-23T06:26:01.2387746Z Build Date: 2026-08-28T16:44:25Z
cain	Set up job	2026-09-23T06:26:01.2389141Z Worker ID: {b2f858ae-7b70-448e-b1e0-9c7f8db9a8d4}
cain	Set up job	2026-09-23T06:26:01.2391363Z Azure Region: eastus
cain	Set up job	2026-09-23T06:26:01.2392473Z ##[endgroup]
cain	Set up job	2026-09-23T06:26:01.2394768Z ##[group]Operating System
cain	Set up job	2026-09-23T06:26:01.2395983Z Ubuntu
cain	Set up job	2026-09-23T06:26:01.2396873Z 24.04.5
cain	Set up job	2026-09-23T06:26:01.2397847Z LTS
cain	Set up job	2026-09-23T06:26:01.2398776Z ##[endgroup]
cain	Set up job	2026-09-23T06:26:01.2399703Z ##[group]Runner Image
cain	Set up job	2026-09-23T06:26:01.2401196Z Image: ubuntu-24.04
cain	Set up job	2026-09-23T06:26:01.2402238Z Version: 20260907.300.1
cain	Set up job	2026-09-23T06:26:01.2404424Z Included Software: https://github.com/actions/runner-images/blob/ubuntu24/20260907.300/images/ubuntu/Ubuntu2404-Readme.md
cain	Set up job	2026-09-23T06:26:01.2407731Z Image Release: https://github.com/actions/runner-images/releases/tag/ubuntu24%2F20260907.300
cain	Set up job	2026-09-23T06:26:01.2409556Z ##[endgroup]
cain	Set up job	2026-09-23T06:26:01.2411950Z ##[group]GITHUB_TOKEN Permissions
cain	Set up job	2026-09-23T06:26:01.2414928Z Contents: read
cain	Set up job	2026-09-23T06:26:01.2416060Z Metadata: read
cain	Set up job	2026-09-23T06:26:01.2417032Z ##[endgroup]
cain	Set up job	2026-09-23T06:26:01.2419896Z Secret source: Actions
cain	Set up job	2026-09-23T06:26:01.2421965Z Cache mode: write
cain	Set up job	2026-09-23T06:26:01.2423483Z Prepare workflow directory
cain	Set up job	2026-09-23T06:26:01.2922146Z Prepare all required actions
cain	Set up job	2026-09-23T06:26:01.2996761Z Getting action download info
cain	Set up job	2026-09-23T06:26:01.4618040Z Download action repository 'actions/checkout@v4' (SHA:11d5960a326750d5838078e36cf38b85af677262)
cain	Set up job	2026-09-23T06:26:01.5825737Z Download action repository 'actions/upload-artifact@v4' (SHA:ea165f8d65b6e75b540449e92b4886f43607fa02)
cain	Set up job	2026-09-23T06:26:01.7969773Z Complete job name: cain
cain	Run actions/checkout@v4	﻿2026-09-23T06:26:01.8741794Z Node 20 is being deprecated. This workflow is running with Node 24 by default. If you need to temporarily use Node 20, you can set the ACTIONS_ALLOW_USE_UNSECURE_NODE_VERSION=true environment variable. For more information see: https://github.blog/changelog/2025-09-19-deprecation-of-node-20-on-github-actions-runners/
cain	Run actions/checkout@v4	2026-09-23T06:26:01.8751154Z ##[group]Run actions/checkout@v4
cain	Run actions/checkout@v4	2026-09-23T06:26:01.8751911Z with:
cain	Run actions/checkout@v4	2026-09-23T06:26:01.8752365Z   persist-credentials: false
cain	Run actions/checkout@v4	2026-09-23T06:26:01.8753060Z   repository: leonardosovienski/predictor-qualification
cain	Run actions/checkout@v4	2026-09-23T06:26:01.8756998Z   token: ***
cain	Run actions/checkout@v4	2026-09-23T06:26:01.8757435Z   ssh-strict: true
cain	Run actions/checkout@v4	2026-09-23T06:26:01.8757875Z   ssh-user: git
cain	Run actions/checkout@v4	2026-09-23T06:26:01.8758302Z   clean: true
cain	Run actions/checkout@v4	2026-09-23T06:26:01.8758750Z   sparse-checkout-cone-mode: true
cain	Run actions/checkout@v4	2026-09-23T06:26:01.8759276Z   fetch-depth: 1
cain	Run actions/checkout@v4	2026-09-23T06:26:01.8759713Z   fetch-tags: false
cain	Run actions/checkout@v4	2026-09-23T06:26:01.8760349Z   show-progress: true
cain	Run actions/checkout@v4	2026-09-23T06:26:01.8760818Z   lfs: false
cain	Run actions/checkout@v4	2026-09-23T06:26:01.8761226Z   submodules: false
cain	Run actions/checkout@v4	2026-09-23T06:26:01.8761720Z   set-safe-directory: true
cain	Run actions/checkout@v4	2026-09-23T06:26:01.8762247Z   allow-unsafe-pr-checkout: false
cain	Run actions/checkout@v4	2026-09-23T06:26:01.8763012Z ##[endgroup]
cain	Run actions/checkout@v4	2026-09-23T06:26:01.9808830Z Syncing repository: leonardosovienski/predictor-qualification
cain	Run actions/checkout@v4	2026-09-23T06:26:01.9812249Z ##[group]Getting Git version info
cain	Run actions/checkout@v4	2026-09-23T06:26:01.9813883Z Working directory is '/home/runner/work/predictor-qualification/predictor-qualification'
cain	Run actions/checkout@v4	2026-09-23T06:26:01.9816170Z [command]/usr/bin/git version
cain	Run actions/checkout@v4	2026-09-23T06:26:01.9887750Z git version 2.55.0
cain	Run actions/checkout@v4	2026-09-23T06:26:01.9922475Z ##[endgroup]
cain	Run actions/checkout@v4	2026-09-23T06:26:01.9931505Z Temporarily overriding HOME='/home/runner/work/_temp/079d7f93-9b84-46e6-9177-e2b94f11daaf' before making global git config changes
cain	Run actions/checkout@v4	2026-09-23T06:26:01.9933369Z Adding repository directory to the temporary git global config as a safe directory
cain	Run actions/checkout@v4	2026-09-23T06:26:01.9938746Z [command]/usr/bin/git config --global --add safe.directory /home/runner/work/predictor-qualification/predictor-qualification
cain	Run actions/checkout@v4	2026-09-23T06:26:01.9992484Z Deleting the contents of '/home/runner/work/predictor-qualification/predictor-qualification'
cain	Run actions/checkout@v4	2026-09-23T06:26:01.9997077Z ##[group]Initializing the repository
cain	Run actions/checkout@v4	2026-09-23T06:26:02.0002578Z [command]/usr/bin/git init /home/runner/work/predictor-qualification/predictor-qualification
cain	Run actions/checkout@v4	2026-09-23T06:26:02.0121126Z hint: Using 'master' as the name for the initial branch. This default branch name
cain	Run actions/checkout@v4	2026-09-23T06:26:02.0122934Z hint: will change to "main" in Git 3.0. To configure the initial branch name
cain	Run actions/checkout@v4	2026-09-23T06:26:02.0124541Z hint: to use in all of your new repositories, which will suppress this warning,
cain	Run actions/checkout@v4	2026-09-23T06:26:02.0125747Z hint: call:
cain	Run actions/checkout@v4	2026-09-23T06:26:02.0126375Z hint:
cain	Run actions/checkout@v4	2026-09-23T06:26:02.0127148Z hint: 	git config --global init.defaultBranch <name>
cain	Run actions/checkout@v4	2026-09-23T06:26:02.0128156Z hint:
cain	Run actions/checkout@v4	2026-09-23T06:26:02.0129127Z hint: Names commonly chosen instead of 'master' are 'main', 'trunk' and
cain	Run actions/checkout@v4	2026-09-23T06:26:02.0130911Z hint: 'development'. The just-created branch can be renamed via this command:
cain	Run actions/checkout@v4	2026-09-23T06:26:02.0132167Z hint:
cain	Run actions/checkout@v4	2026-09-23T06:26:02.0132834Z hint: 	git branch -m <name>
cain	Run actions/checkout@v4	2026-09-23T06:26:02.0133590Z hint:
cain	Run actions/checkout@v4	2026-09-23T06:26:02.0134588Z hint: Disable this message with "git config set advice.defaultBranchName false"
cain	Run actions/checkout@v4	2026-09-23T06:26:02.0141597Z Initialized empty Git repository in /home/runner/work/predictor-qualification/predictor-qualification/.git/
cain	Run actions/checkout@v4	2026-09-23T06:26:02.0152449Z [command]/usr/bin/git remote add origin https://github.com/leonardosovienski/predictor-qualification
cain	Run actions/checkout@v4	2026-09-23T06:26:02.0199408Z ##[endgroup]
cain	Run actions/checkout@v4	2026-09-23T06:26:02.0200991Z ##[group]Disabling automatic garbage collection
cain	Run actions/checkout@v4	2026-09-23T06:26:02.0204445Z [command]/usr/bin/git config --local gc.auto 0
cain	Run actions/checkout@v4	2026-09-23T06:26:02.0236114Z ##[endgroup]
cain	Run actions/checkout@v4	2026-09-23T06:26:02.0237248Z ##[group]Setting up auth
cain	Run actions/checkout@v4	2026-09-23T06:26:02.0243256Z [command]/usr/bin/git config --local --name-only --get-regexp core\.sshCommand
cain	Run actions/checkout@v4	2026-09-23T06:26:02.0276196Z [command]/usr/bin/git submodule foreach --recursive sh -c "git config --local --name-only --get-regexp 'core\.sshCommand' && git config --local --unset-all 'core.sshCommand' || :"
cain	Run actions/checkout@v4	2026-09-23T06:26:02.0642256Z [command]/usr/bin/git config --local --name-only --get-regexp http\.https\:\/\/github\.com\/\.extraheader
cain	Run actions/checkout@v4	2026-09-23T06:26:02.0694120Z [command]/usr/bin/git submodule foreach --recursive sh -c "git config --local --name-only --get-regexp 'http\.https\:\/\/github\.com\/\.extraheader' && git config --local --unset-all 'http.https://github.com/.extraheader' || :"
cain	Run actions/checkout@v4	2026-09-23T06:26:02.0931121Z [command]/usr/bin/git config --local --name-only --get-regexp ^includeIf\.gitdir:
cain	Run actions/checkout@v4	2026-09-23T06:26:02.0967794Z [command]/usr/bin/git submodule foreach --recursive git config --local --show-origin --name-only --get-regexp remote.origin.url
cain	Run actions/checkout@v4	2026-09-23T06:26:02.1192817Z [command]/usr/bin/git config --local http.https://github.com/.extraheader AUTHORIZATION: basic ***
cain	Run actions/checkout@v4	2026-09-23T06:26:02.1232022Z ##[endgroup]
cain	Run actions/checkout@v4	2026-09-23T06:26:02.1241968Z ##[group]Fetching the repository
cain	Run actions/checkout@v4	2026-09-23T06:26:02.1243699Z [command]/usr/bin/git -c protocol.version=2 fetch --no-tags --prune --no-recurse-submodules --depth=1 origin +ab7aeb845b9632511c8074b83ef49dd298f1effe:refs/remotes/origin/shared/baseline-v1
cain	Run actions/checkout@v4	2026-09-23T06:26:02.5021070Z From https://github.com/leonardosovienski/predictor-qualification
cain	Run actions/checkout@v4	2026-09-23T06:26:02.5022926Z  * [new ref]         ab7aeb845b9632511c8074b83ef49dd298f1effe -> origin/shared/baseline-v1
cain	Run actions/checkout@v4	2026-09-23T06:26:02.5026472Z ##[endgroup]
cain	Run actions/checkout@v4	2026-09-23T06:26:02.5027561Z ##[group]Determining the checkout info
cain	Run actions/checkout@v4	2026-09-23T06:26:02.5029170Z ##[endgroup]
cain	Run actions/checkout@v4	2026-09-23T06:26:02.5035423Z [command]/usr/bin/git sparse-checkout disable
cain	Run actions/checkout@v4	2026-09-23T06:26:02.5088608Z [command]/usr/bin/git config --local --unset-all extensions.worktreeConfig
cain	Run actions/checkout@v4	2026-09-23T06:26:02.5122214Z ##[group]Checking out the ref
cain	Run actions/checkout@v4	2026-09-23T06:26:02.5127763Z [command]/usr/bin/git checkout --progress --force -B shared/baseline-v1 refs/remotes/origin/shared/baseline-v1
cain	Run actions/checkout@v4	2026-09-23T06:26:02.5396271Z Switched to a new branch 'shared/baseline-v1'
cain	Run actions/checkout@v4	2026-09-23T06:26:02.5402341Z branch 'shared/baseline-v1' set up to track 'origin/shared/baseline-v1'.
cain	Run actions/checkout@v4	2026-09-23T06:26:02.5408838Z ##[endgroup]
cain	Run actions/checkout@v4	2026-09-23T06:26:02.5451883Z [command]/usr/bin/git log -1 --format=%H
cain	Run actions/checkout@v4	2026-09-23T06:26:02.5478833Z ab7aeb845b9632511c8074b83ef49dd298f1effe
cain	Run actions/checkout@v4	2026-09-23T06:26:02.5488614Z ##[group]Removing auth
cain	Run actions/checkout@v4	2026-09-23T06:26:02.5493158Z [command]/usr/bin/git config --local --name-only --get-regexp core\.sshCommand
cain	Run actions/checkout@v4	2026-09-23T06:26:02.5527423Z [command]/usr/bin/git submodule foreach --recursive sh -c "git config --local --name-only --get-regexp 'core\.sshCommand' && git config --local --unset-all 'core.sshCommand' || :"
cain	Run actions/checkout@v4	2026-09-23T06:26:02.5751603Z [command]/usr/bin/git config --local --name-only --get-regexp http\.https\:\/\/github\.com\/\.extraheader
cain	Run actions/checkout@v4	2026-09-23T06:26:02.5779379Z http.https://github.com/.extraheader
cain	Run actions/checkout@v4	2026-09-23T06:26:02.5786876Z [command]/usr/bin/git config --local --unset-all http.https://github.com/.extraheader
cain	Run actions/checkout@v4	2026-09-23T06:26:02.5821599Z [command]/usr/bin/git submodule foreach --recursive sh -c "git config --local --name-only --get-regexp 'http\.https\:\/\/github\.com\/\.extraheader' && git config --local --unset-all 'http.https://github.com/.extraheader' || :"
cain	Run actions/checkout@v4	2026-09-23T06:26:02.6055334Z [command]/usr/bin/git config --local --name-only --get-regexp ^includeIf\.gitdir:
cain	Run actions/checkout@v4	2026-09-23T06:26:02.6092028Z [command]/usr/bin/git submodule foreach --recursive git config --local --show-origin --name-only --get-regexp remote.origin.url
cain	Run actions/checkout@v4	2026-09-23T06:26:02.6334936Z ##[endgroup]
cain	uv e Python fixados pelo plano	﻿2026-09-23T06:26:02.6568906Z ##[group]Run plan=qualification/shared/SHARED-002/CLEANROOM_PLAN.json
cain	uv e Python fixados pelo plano	2026-09-23T06:26:02.6571424Z ^[[36;1mplan=qualification/shared/SHARED-002/CLEANROOM_PLAN.json^[[0m
cain	uv e Python fixados pelo plano	2026-09-23T06:26:02.6573485Z ^[[36;1muv_version=$(jq -r .environment.uv_version "$plan")^[[0m
cain	uv e Python fixados pelo plano	2026-09-23T06:26:02.6575294Z ^[[36;1muv_asset=$(jq -r .environment.uv_asset "$plan")^[[0m
cain	uv e Python fixados pelo plano	2026-09-23T06:26:02.6577021Z ^[[36;1muv_sha=$(jq -r .environment.uv_sha256 "$plan")^[[0m
cain	uv e Python fixados pelo plano	2026-09-23T06:26:02.6578674Z ^[[36;1mpy=$(jq -r .environment.python "$plan")^[[0m
cain	uv e Python fixados pelo plano	2026-09-23T06:26:02.6580295Z ^[[36;1mtools="$RUNNER_TEMP/tools"^[[0m
cain	uv e Python fixados pelo plano	2026-09-23T06:26:02.6581584Z ^[[36;1mmkdir -p "$tools/uv"^[[0m
cain	uv e Python fixados pelo plano	2026-09-23T06:26:02.6583840Z ^[[36;1mcurl -sSfL -o "$tools/$uv_asset" "https://github.com/astral-sh/uv/releases/download/$uv_version/$uv_asset"^[[0m
cain	uv e Python fixados pelo plano	2026-09-23T06:26:02.6586410Z ^[[36;1mecho "$uv_sha  $tools/$uv_asset" | sha256sum -c -^[[0m
cain	uv e Python fixados pelo plano	2026-09-23T06:26:02.6588263Z ^[[36;1mtar -xzf "$tools/$uv_asset" -C "$tools/uv" --strip-components=1^[[0m
cain	uv e Python fixados pelo plano	2026-09-23T06:26:02.6591146Z ^[[36;1mexport UV_PYTHON_INSTALL_DIR="$tools/python" UV_PYTHON_PREFERENCE=only-managed UV_NO_CONFIG=1^[[0m
cain	uv e Python fixados pelo plano	2026-09-23T06:26:02.6593511Z ^[[36;1m"$tools/uv/uv" python install "$py"^[[0m
cain	uv e Python fixados pelo plano	2026-09-23T06:26:02.6595043Z ^[[36;1mecho "CLEANROOM_UV=$tools/uv/uv" >> "$GITHUB_ENV"^[[0m
cain	uv e Python fixados pelo plano	2026-09-23T06:26:02.6596853Z ^[[36;1mecho "UV_PYTHON_INSTALL_DIR=$tools/python" >> "$GITHUB_ENV"^[[0m
cain	uv e Python fixados pelo plano	2026-09-23T06:26:02.6598733Z ^[[36;1mecho "UV_CACHE_DIR=$tools/uv-cache" >> "$GITHUB_ENV"^[[0m
cain	uv e Python fixados pelo plano	2026-09-23T06:26:02.6600910Z ^[[36;1mecho "CLEANROOM_PYTHON=$("$tools/uv/uv" python find "$py")" >> "$GITHUB_ENV"^[[0m
cain	uv e Python fixados pelo plano	2026-09-23T06:26:02.6643127Z shell: /usr/bin/bash -e {0}
cain	uv e Python fixados pelo plano	2026-09-23T06:26:02.6644241Z ##[endgroup]
cain	uv e Python fixados pelo plano	2026-09-23T06:26:02.8242881Z /home/runner/work/_temp/tools/uv-x86_64-unknown-linux-gnu.tar.gz: OK
cain	uv e Python fixados pelo plano	2026-09-23T06:26:03.3033109Z Downloading cpython-3.13.15-linux-x86_64-gnu (download) (33.2MiB)
cain	uv e Python fixados pelo plano	2026-09-23T06:26:04.1562556Z  Downloaded cpython-3.13.15-linux-x86_64-gnu (download)
cain	uv e Python fixados pelo plano	2026-09-23T06:26:04.1619329Z Installed Python 3.13.15 in 956ms
cain	uv e Python fixados pelo plano	2026-09-23T06:26:04.1620680Z  + cpython-3.13.15-linux-x86_64-gnu (python3.13)
cain	Cleanroom	﻿2026-09-23T06:26:04.3215202Z ##[group]Run "$CLEANROOM_PYTHON" -I qualification/shared/scripts/cleanroom_baseline.py \
cain	Cleanroom	2026-09-23T06:26:04.3215969Z ^[[36;1m"$CLEANROOM_PYTHON" -I qualification/shared/scripts/cleanroom_baseline.py \^[[0m
cain	Cleanroom	2026-09-23T06:26:04.3216633Z ^[[36;1m  qualification/shared/SHARED-002/CLEANROOM_PLAN.json "cain" "$RUNNER_TEMP/out/cain"^[[0m
cain	Cleanroom	2026-09-23T06:26:04.3256642Z shell: /usr/bin/bash -e {0}
cain	Cleanroom	2026-09-23T06:26:04.3256965Z env:
cain	Cleanroom	2026-09-23T06:26:04.3257265Z   CLEANROOM_UV: /home/runner/work/_temp/tools/uv/uv
cain	Cleanroom	2026-09-23T06:26:04.3257951Z   UV_PYTHON_INSTALL_DIR: /home/runner/work/_temp/tools/python
cain	Cleanroom	2026-09-23T06:26:04.3258389Z   UV_CACHE_DIR: /home/runner/work/_temp/tools/uv-cache
cain	Cleanroom	2026-09-23T06:26:04.3258973Z   CLEANROOM_PYTHON: /home/runner/work/_temp/tools/python/cpython-3.13.15-linux-x86_64-gnu/bin/python3.13
cain	Cleanroom	2026-09-23T06:26:04.3259522Z ##[endgroup]
cain	Cleanroom	2026-09-23T06:26:35.9401616Z {"repo": "cain", "published": {"tests": 42, "failures": 0, "errors": 42, "skipped": 0, "passed": 0, "failed_ids": ["::tests.evaluation.test_packaged_resources", "::tests.evaluation.test_v2", "::tests.integration.test_agent_capabilities", "::tests.integration.test_architecture_permissions", "::tests.integration.test_br_audit_instructions", "::tests.integration.test_compound_decision_lookup", "::tests.integration.test_evidence_selection", "::tests.integration.test_generation_language_preference", "::tests.integration.test_grounded_analysis", "::tests.integration.test_grounded_response_review", "::tests.integration.test_historian_quote_choices", "::tests.integration.test_historian_quote_serialization", "::tests.integration.test_independent_review", "::tests.integration.test_literal_claim_tables", "::tests.integration.test_mandate_completion", "::tests.integration.test_nested_research_identity", "::tests.integration.test_research_completion", "::tests.integration.test_research_conversation_campaign", "::tests.integration.test_research_failures", "::tests.integration.test_research_inspection", "::tests.integration.test_research_l0", "::tests.integration.test_research_roots", "::tests.integration.test_review_provider_budget", "::tests.integration.test_selection_procedure", "::tests.integration.test_system_expansion", "::tests.integration.test_verified_field_review", "::tests.test_bundle_remediation", "::tests.test_packaged_evaluation_resources", "::tests.test_project_coverage", "::tests.test_research_bundle", "::tests.test_research_result_inbox", "::tests.test_research_task_outbox", "::tests.test_structural_diagnostics", "::tests.unit.test_answer_review", "::tests.unit.test_arithmetic_sequences", "::tests.unit.test_continuation_context", "::tests.unit.test_literal_command_route", "::tests.unit.test_literal_json_schema", "::tests.unit.test_local_text_llm", "::tests.unit.test_readiness_regressions", "::tests.unit.test_recording_provider", "::tests.unit.test_streaming"]}, "h
cain	Run actions/upload-artifact@v4	﻿2026-09-23T06:26:35.9569943Z Node 20 is being deprecated. This workflow is running with Node 24 by default. If you need to temporarily use Node 20, you can set the ACTIONS_ALLOW_USE_UNSECURE_NODE_VERSION=true environment variable. For more information see: https://github.blog/changelog/2025-09-19-deprecation-of-node-20-on-github-actions-runners/
cain	Run actions/upload-artifact@v4	2026-09-23T06:26:35.9572273Z ##[group]Run actions/upload-artifact@v4
cain	Run actions/upload-artifact@v4	2026-09-23T06:26:35.9572580Z with:
cain	Run actions/upload-artifact@v4	2026-09-23T06:26:35.9572782Z   name: cleanroom-cain
cain	Run actions/upload-artifact@v4	2026-09-23T06:26:35.9573039Z   path: /home/runner/work/_temp/out/cain
cain	Run actions/upload-artifact@v4	2026-09-23T06:26:35.9573329Z   if-no-files-found: error
cain	Run actions/upload-artifact@v4	2026-09-23T06:26:35.9573582Z   compression-level: 6
cain	Run actions/upload-artifact@v4	2026-09-23T06:26:35.9573828Z   overwrite: false
cain	Run actions/upload-artifact@v4	2026-09-23T06:26:35.9574069Z   include-hidden-files: false
cain	Run actions/upload-artifact@v4	2026-09-23T06:26:35.9574311Z env:
cain	Run actions/upload-artifact@v4	2026-09-23T06:26:35.9574552Z   CLEANROOM_UV: /home/runner/work/_temp/tools/uv/uv
cain	Run actions/upload-artifact@v4	2026-09-23T06:26:35.9574960Z   UV_PYTHON_INSTALL_DIR: /home/runner/work/_temp/tools/python
cain	Run actions/upload-artifact@v4	2026-09-23T06:26:35.9575351Z   UV_CACHE_DIR: /home/runner/work/_temp/tools/uv-cache
cain	Run actions/upload-artifact@v4	2026-09-23T06:26:35.9575942Z   CLEANROOM_PYTHON: /home/runner/work/_temp/tools/python/cpython-3.13.15-linux-x86_64-gnu/bin/python3.13
cain	Run actions/upload-artifact@v4	2026-09-23T06:26:35.9576451Z ##[endgroup]
cain	Run actions/upload-artifact@v4	2026-09-23T06:26:36.1215354Z (node:2737) [DEP0040] DeprecationWarning: The `punycode` module is deprecated. Please use a userland alternative instead.
cain	Run actions/upload-artifact@v4	2026-09-23T06:26:36.1216346Z (Use `node --trace-deprecation ...` to show where the warning was created)
cain	Run actions/upload-artifact@v4	2026-09-23T06:26:36.1352241Z With the provided path, there will be 30 files uploaded
cain	Run actions/upload-artifact@v4	2026-09-23T06:26:36.1358778Z Artifact name is valid!
cain	Run actions/upload-artifact@v4	2026-09-23T06:26:36.1359383Z Root directory input is valid!
cain	Run actions/upload-artifact@v4	2026-09-23T06:26:36.3347562Z Beginning upload of artifact content to blob storage
cain	Run actions/upload-artifact@v4	2026-09-23T06:26:36.3906994Z (node:2737) [DEP0169] DeprecationWarning: `url.parse()` behavior is not standardized and prone to errors that have security implications. Use the WHATWG URL API instead. CVEs are not issued for `url.parse()` vulnerabilities.
cain	Run actions/upload-artifact@v4	2026-09-23T06:26:36.4549080Z Uploaded bytes 66792
cain	Run actions/upload-artifact@v4	2026-09-23T06:26:36.4742857Z Finished uploading artifact content to blob storage!
cain	Run actions/upload-artifact@v4	2026-09-23T06:26:36.4744028Z SHA256 digest of uploaded artifact zip is b77b7f16d9f95b98bbe9fe69a1b3d4f2458e03e6c275fe692e130a0c14c18bc2
cain	Run actions/upload-artifact@v4	2026-09-23T06:26:36.4746410Z Finalizing artifact upload
cain	Run actions/upload-artifact@v4	2026-09-23T06:26:36.6821129Z Artifact cleanroom-cain.zip successfully finalized. Artifact ID 10735138475
cain	Run actions/upload-artifact@v4	2026-09-23T06:26:36.6822496Z Artifact cleanroom-cain has been successfully uploaded! Final size is 66792 bytes. Artifact ID is 10735138475
cain	Run actions/upload-artifact@v4	2026-09-23T06:26:36.6831587Z Artifact download URL: https://github.com/leonardosovienski/predictor-qualification/actions/runs/35826713033/artifacts/10735138475
cain	Post Run actions/checkout@v4	﻿2026-09-23T06:26:36.7052691Z Node 20 is being deprecated. This workflow is running with Node 24 by default. If you need to temporarily use Node 20, you can set the ACTIONS_ALLOW_USE_UNSECURE_NODE_VERSION=true environment variable. For more information see: https://github.blog/changelog/2025-09-19-deprecation-of-node-20-on-github-actions-runners/
cain	Post Run actions/checkout@v4	2026-09-23T06:26:36.7054065Z Post job cleanup.
cain	Post Run actions/checkout@v4	2026-09-23T06:26:36.7903215Z [command]/usr/bin/git version
cain	Post Run actions/checkout@v4	2026-09-23T06:26:36.7947499Z git version 2.55.0
cain	Post Run actions/checkout@v4	2026-09-23T06:26:36.7989861Z Temporarily overriding HOME='/home/runner/work/_temp/31f64653-e656-4789-a2cb-1e3d0a20c43a' before making global git config changes
cain	Post Run actions/checkout@v4	2026-09-23T06:26:36.7991671Z Adding repository directory to the temporary git global config as a safe directory
cain	Post Run actions/checkout@v4	2026-09-23T06:26:36.7996542Z [command]/usr/bin/git config --global --add safe.directory /home/runner/work/predictor-qualification/predictor-qualification
cain	Post Run actions/checkout@v4	2026-09-23T06:26:36.8036920Z [command]/usr/bin/git config --local --name-only --get-regexp core\.sshCommand
cain	Post Run actions/checkout@v4	2026-09-23T06:26:36.8073489Z [command]/usr/bin/git submodule foreach --recursive sh -c "git config --local --name-only --get-regexp 'core\.sshCommand' && git config --local --unset-all 'core.sshCommand' || :"
cain	Post Run actions/checkout@v4	2026-09-23T06:26:36.8327752Z [command]/usr/bin/git config --local --name-only --get-regexp http\.https\:\/\/github\.com\/\.extraheader
cain	Post Run actions/checkout@v4	2026-09-23T06:26:36.8357175Z [command]/usr/bin/git submodule foreach --recursive sh -c "git config --local --name-only --get-regexp 'http\.https\:\/\/github\.com\/\.extraheader' && git config --local --unset-all 'http.https://github.com/.extraheader' || :"
cain	Post Run actions/checkout@v4	2026-09-23T06:26:36.8623707Z [command]/usr/bin/git config --local --name-only --get-regexp ^includeIf\.gitdir:
cain	Post Run actions/checkout@v4	2026-09-23T06:26:36.8661580Z [command]/usr/bin/git submodule foreach --recursive git config --local --show-origin --name-only --get-regexp remote.origin.url
cain	Complete job	﻿2026-09-23T06:26:36.9076022Z Cleaning up orphan processes
cain	Complete job	2026-09-23T06:26:36.9365386Z ##[warning]Node.js 20 is deprecated. The following actions target Node.js 20 but are being forced to run on Node.js 24: actions/checkout@v4, actions/upload-artifact@v4. For more information see: https://github.blog/changelog/2025-09-19-deprecation-of-node-20-on-github-actions-runners/
predictor-ops	Set up job	﻿2026-09-23T06:25:59.8650203Z Current runner version: '2.337.0'
predictor-ops	Set up job	2026-09-23T06:25:59.8671434Z ##[group]Runner Image Provisioner
predictor-ops	Set up job	2026-09-23T06:25:59.8672253Z Hosted Compute Agent
predictor-ops	Set up job	2026-09-23T06:25:59.8672773Z Version: 20260828.587
predictor-ops	Set up job	2026-09-23T06:25:59.8673368Z Commit: abac92662cab4cc7352de4f9f9d2e2419aad9c29
predictor-ops	Set up job	2026-09-23T06:25:59.8673971Z Build Date: 2026-08-28T16:44:25Z
predictor-ops	Set up job	2026-09-23T06:25:59.8674513Z Worker ID: {a055b61c-ec26-4633-83da-9963f60826cf}
predictor-ops	Set up job	2026-09-23T06:25:59.8675149Z Azure Region: westus3
predictor-ops	Set up job	2026-09-23T06:25:59.8675649Z ##[endgroup]
predictor-ops	Set up job	2026-09-23T06:25:59.8676835Z ##[group]Operating System
predictor-ops	Set up job	2026-09-23T06:25:59.8677362Z Ubuntu
predictor-ops	Set up job	2026-09-23T06:25:59.8678004Z 24.04.5
predictor-ops	Set up job	2026-09-23T06:25:59.8678477Z LTS
predictor-ops	Set up job	2026-09-23T06:25:59.8678958Z ##[endgroup]
predictor-ops	Set up job	2026-09-23T06:25:59.8679477Z ##[group]Runner Image
predictor-ops	Set up job	2026-09-23T06:25:59.8679979Z Image: ubuntu-24.04
predictor-ops	Set up job	2026-09-23T06:25:59.8680447Z Version: 20260907.300.1
predictor-ops	Set up job	2026-09-23T06:25:59.8681346Z Included Software: https://github.com/actions/runner-images/blob/ubuntu24/20260907.300/images/ubuntu/Ubuntu2404-Readme.md
predictor-ops	Set up job	2026-09-23T06:25:59.8682827Z Image Release: https://github.com/actions/runner-images/releases/tag/ubuntu24%2F20260907.300
predictor-ops	Set up job	2026-09-23T06:25:59.8683628Z ##[endgroup]
predictor-ops	Set up job	2026-09-23T06:25:59.8684800Z ##[group]GITHUB_TOKEN Permissions
predictor-ops	Set up job	2026-09-23T06:25:59.8686616Z Contents: read
predictor-ops	Set up job	2026-09-23T06:25:59.8687122Z Metadata: read
predictor-ops	Set up job	2026-09-23T06:25:59.8687826Z ##[endgroup]
predictor-ops	Set up job	2026-09-23T06:25:59.8689569Z Secret source: Actions
predictor-ops	Set up job	2026-09-23T06:25:59.8690466Z Cache mode: write
predictor-ops	Set up job	2026-09-23T06:25:59.8691040Z Prepare workflow directory
predictor-ops	Set up job	2026-09-23T06:25:59.8960807Z Prepare all required actions
predictor-ops	Set up job	2026-09-23T06:25:59.9000592Z Getting action download info
predictor-ops	Set up job	2026-09-23T06:26:00.1768686Z Download action repository 'actions/checkout@v4' (SHA:11d5960a326750d5838078e36cf38b85af677262)
predictor-ops	Set up job	2026-09-23T06:26:00.6144904Z Download action repository 'actions/upload-artifact@v4' (SHA:ea165f8d65b6e75b540449e92b4886f43607fa02)
predictor-ops	Set up job	2026-09-23T06:26:00.8502011Z Complete job name: predictor-ops
predictor-ops	Run actions/checkout@v4	﻿2026-09-23T06:26:00.9210160Z Node 20 is being deprecated. This workflow is running with Node 24 by default. If you need to temporarily use Node 20, you can set the ACTIONS_ALLOW_USE_UNSECURE_NODE_VERSION=true environment variable. For more information see: https://github.blog/changelog/2025-09-19-deprecation-of-node-20-on-github-actions-runners/
predictor-ops	Run actions/checkout@v4	2026-09-23T06:26:00.9219161Z ##[group]Run actions/checkout@v4
predictor-ops	Run actions/checkout@v4	2026-09-23T06:26:00.9220089Z with:
predictor-ops	Run actions/checkout@v4	2026-09-23T06:26:00.9220734Z   persist-credentials: false
predictor-ops	Run actions/checkout@v4	2026-09-23T06:26:00.9221656Z   repository: leonardosovienski/predictor-qualification
predictor-ops	Run actions/checkout@v4	2026-09-23T06:26:00.9229127Z   token: ***
predictor-ops	Run actions/checkout@v4	2026-09-23T06:26:00.9229773Z   ssh-strict: true
predictor-ops	Run actions/checkout@v4	2026-09-23T06:26:00.9230433Z   ssh-user: git
predictor-ops	Run actions/checkout@v4	2026-09-23T06:26:00.9231064Z   clean: true
predictor-ops	Run actions/checkout@v4	2026-09-23T06:26:00.9231727Z   sparse-checkout-cone-mode: true
predictor-ops	Run actions/checkout@v4	2026-09-23T06:26:00.9232515Z   fetch-depth: 1
predictor-ops	Run actions/checkout@v4	2026-09-23T06:26:00.9233162Z   fetch-tags: false
predictor-ops	Run actions/checkout@v4	2026-09-23T06:26:00.9233818Z   show-progress: true
predictor-ops	Run actions/checkout@v4	2026-09-23T06:26:00.9234512Z   lfs: false
predictor-ops	Run actions/checkout@v4	2026-09-23T06:26:00.9235122Z   submodules: false
predictor-ops	Run actions/checkout@v4	2026-09-23T06:26:00.9235853Z   set-safe-directory: true
predictor-ops	Run actions/checkout@v4	2026-09-23T06:26:00.9236630Z   allow-unsafe-pr-checkout: false
predictor-ops	Run actions/checkout@v4	2026-09-23T06:26:00.9237763Z ##[endgroup]
predictor-ops	Run actions/checkout@v4	2026-09-23T06:26:01.0097222Z Syncing repository: leonardosovienski/predictor-qualification
predictor-ops	Run actions/checkout@v4	2026-09-23T06:26:01.0099947Z ##[group]Getting Git version info
predictor-ops	Run actions/checkout@v4	2026-09-23T06:26:01.0101254Z Working directory is '/home/runner/work/predictor-qualification/predictor-qualification'
predictor-ops	Run actions/checkout@v4	2026-09-23T06:26:01.0103079Z [command]/usr/bin/git version
predictor-ops	Run actions/checkout@v4	2026-09-23T06:26:01.1138668Z git version 2.55.0
predictor-ops	Run actions/checkout@v4	2026-09-23T06:26:01.1156179Z ##[endgroup]
predictor-ops	Run actions/checkout@v4	2026-09-23T06:26:01.1170079Z Temporarily overriding HOME='/home/runner/work/_temp/12bc15b0-1caf-4574-939c-2df89f216c6a' before making global git config changes
predictor-ops	Run actions/checkout@v4	2026-09-23T06:26:01.1173311Z Adding repository directory to the temporary git global config as a safe directory
predictor-ops	Run actions/checkout@v4	2026-09-23T06:26:01.1176393Z [command]/usr/bin/git config --global --add safe.directory /home/runner/work/predictor-qualification/predictor-qualification
predictor-ops	Run actions/checkout@v4	2026-09-23T06:26:01.1214616Z Deleting the contents of '/home/runner/work/predictor-qualification/predictor-qualification'
predictor-ops	Run actions/checkout@v4	2026-09-23T06:26:01.1217397Z ##[group]Initializing the repository
predictor-ops	Run actions/checkout@v4	2026-09-23T06:26:01.1220913Z [command]/usr/bin/git init /home/runner/work/predictor-qualification/predictor-qualification
predictor-ops	Run actions/checkout@v4	2026-09-23T06:26:01.1293671Z hint: Using 'master' as the name for the initial branch. This default branch name
predictor-ops	Run actions/checkout@v4	2026-09-23T06:26:01.1295705Z hint: will change to "main" in Git 3.0. To configure the initial branch name
predictor-ops	Run actions/checkout@v4	2026-09-23T06:26:01.1297913Z hint: to use in all of your new repositories, which will suppress this warning,
predictor-ops	Run actions/checkout@v4	2026-09-23T06:26:01.1299653Z hint: call:
predictor-ops	Run actions/checkout@v4	2026-09-23T06:26:01.1300548Z hint:
predictor-ops	Run actions/checkout@v4	2026-09-23T06:26:01.1301582Z hint: 	git config --global init.defaultBranch <name>
predictor-ops	Run actions/checkout@v4	2026-09-23T06:26:01.1302948Z hint:
predictor-ops	Run actions/checkout@v4	2026-09-23T06:26:01.1304216Z hint: Names commonly chosen instead of 'master' are 'main', 'trunk' and
predictor-ops	Run actions/checkout@v4	2026-09-23T06:26:01.1306385Z hint: 'development'. The just-created branch can be renamed via this command:
predictor-ops	Run actions/checkout@v4	2026-09-23T06:26:01.1308238Z hint:
predictor-ops	Run actions/checkout@v4	2026-09-23T06:26:01.1309114Z hint: 	git branch -m <name>
predictor-ops	Run actions/checkout@v4	2026-09-23T06:26:01.1310117Z hint:
predictor-ops	Run actions/checkout@v4	2026-09-23T06:26:01.1311476Z hint: Disable this message with "git config set advice.defaultBranchName false"
predictor-ops	Run actions/checkout@v4	2026-09-23T06:26:01.1313968Z Initialized empty Git repository in /home/runner/work/predictor-qualification/predictor-qualification/.git/
predictor-ops	Run actions/checkout@v4	2026-09-23T06:26:01.1316943Z [command]/usr/bin/git remote add origin https://github.com/leonardosovienski/predictor-qualification
predictor-ops	Run actions/checkout@v4	2026-09-23T06:26:01.1347825Z ##[endgroup]
predictor-ops	Run actions/checkout@v4	2026-09-23T06:26:01.1349460Z ##[group]Disabling automatic garbage collection
predictor-ops	Run actions/checkout@v4	2026-09-23T06:26:01.1350911Z [command]/usr/bin/git config --local gc.auto 0
predictor-ops	Run actions/checkout@v4	2026-09-23T06:26:01.1375028Z ##[endgroup]
predictor-ops	Run actions/checkout@v4	2026-09-23T06:26:01.1376612Z ##[group]Setting up auth
predictor-ops	Run actions/checkout@v4	2026-09-23T06:26:01.1380864Z [command]/usr/bin/git config --local --name-only --get-regexp core\.sshCommand
predictor-ops	Run actions/checkout@v4	2026-09-23T06:26:01.1409927Z [command]/usr/bin/git submodule foreach --recursive sh -c "git config --local --name-only --get-regexp 'core\.sshCommand' && git config --local --unset-all 'core.sshCommand' || :"
predictor-ops	Run actions/checkout@v4	2026-09-23T06:26:01.3499177Z [command]/usr/bin/git config --local --name-only --get-regexp http\.https\:\/\/github\.com\/\.extraheader
predictor-ops	Run actions/checkout@v4	2026-09-23T06:26:01.3531256Z [command]/usr/bin/git submodule foreach --recursive sh -c "git config --local --name-only --get-regexp 'http\.https\:\/\/github\.com\/\.extraheader' && git config --local --unset-all 'http.https://github.com/.extraheader' || :"
predictor-ops	Run actions/checkout@v4	2026-09-23T06:26:01.3719444Z [command]/usr/bin/git config --local --name-only --get-regexp ^includeIf\.gitdir:
predictor-ops	Run actions/checkout@v4	2026-09-23T06:26:01.3749971Z [command]/usr/bin/git submodule foreach --recursive git config --local --show-origin --name-only --get-regexp remote.origin.url
predictor-ops	Run actions/checkout@v4	2026-09-23T06:26:01.3938809Z [command]/usr/bin/git config --local http.https://github.com/.extraheader AUTHORIZATION: basic ***
predictor-ops	Run actions/checkout@v4	2026-09-23T06:26:01.3970613Z ##[endgroup]
predictor-ops	Run actions/checkout@v4	2026-09-23T06:26:01.3971317Z ##[group]Fetching the repository
predictor-ops	Run actions/checkout@v4	2026-09-23T06:26:01.3978507Z [command]/usr/bin/git -c protocol.version=2 fetch --no-tags --prune --no-recurse-submodules --depth=1 origin +ab7aeb845b9632511c8074b83ef49dd298f1effe:refs/remotes/origin/shared/baseline-v1
predictor-ops	Run actions/checkout@v4	2026-09-23T06:26:02.7124079Z From https://github.com/leonardosovienski/predictor-qualification
predictor-ops	Run actions/checkout@v4	2026-09-23T06:26:02.7124799Z  * [new ref]         ab7aeb845b9632511c8074b83ef49dd298f1effe -> origin/shared/baseline-v1
predictor-ops	Run actions/checkout@v4	2026-09-23T06:26:02.7134797Z ##[endgroup]
predictor-ops	Run actions/checkout@v4	2026-09-23T06:26:02.7135367Z ##[group]Determining the checkout info
predictor-ops	Run actions/checkout@v4	2026-09-23T06:26:02.7135938Z ##[endgroup]
predictor-ops	Run actions/checkout@v4	2026-09-23T06:26:02.7137909Z [command]/usr/bin/git sparse-checkout disable
predictor-ops	Run actions/checkout@v4	2026-09-23T06:26:02.7181538Z [command]/usr/bin/git config --local --unset-all extensions.worktreeConfig
predictor-ops	Run actions/checkout@v4	2026-09-23T06:26:02.7208558Z ##[group]Checking out the ref
predictor-ops	Run actions/checkout@v4	2026-09-23T06:26:02.7213643Z [command]/usr/bin/git checkout --progress --force -B shared/baseline-v1 refs/remotes/origin/shared/baseline-v1
predictor-ops	Run actions/checkout@v4	2026-09-23T06:26:02.7439556Z Switched to a new branch 'shared/baseline-v1'
predictor-ops	Run actions/checkout@v4	2026-09-23T06:26:02.7443205Z branch 'shared/baseline-v1' set up to track 'origin/shared/baseline-v1'.
predictor-ops	Run actions/checkout@v4	2026-09-23T06:26:02.7448448Z ##[endgroup]
predictor-ops	Run actions/checkout@v4	2026-09-23T06:26:02.7486137Z [command]/usr/bin/git log -1 --format=%H
predictor-ops	Run actions/checkout@v4	2026-09-23T06:26:02.7508782Z ab7aeb845b9632511c8074b83ef49dd298f1effe
predictor-ops	Run actions/checkout@v4	2026-09-23T06:26:02.7515752Z ##[group]Removing auth
predictor-ops	Run actions/checkout@v4	2026-09-23T06:26:02.7518974Z [command]/usr/bin/git config --local --name-only --get-regexp core\.sshCommand
predictor-ops	Run actions/checkout@v4	2026-09-23T06:26:02.7546224Z [command]/usr/bin/git submodule foreach --recursive sh -c "git config --local --name-only --get-regexp 'core\.sshCommand' && git config --local --unset-all 'core.sshCommand' || :"
predictor-ops	Run actions/checkout@v4	2026-09-23T06:26:02.7737803Z [command]/usr/bin/git config --local --name-only --get-regexp http\.https\:\/\/github\.com\/\.extraheader
predictor-ops	Run actions/checkout@v4	2026-09-23T06:26:02.7762350Z http.https://github.com/.extraheader
predictor-ops	Run actions/checkout@v4	2026-09-23T06:26:02.7768186Z [command]/usr/bin/git config --local --unset-all http.https://github.com/.extraheader
predictor-ops	Run actions/checkout@v4	2026-09-23T06:26:02.7797349Z [command]/usr/bin/git submodule foreach --recursive sh -c "git config --local --name-only --get-regexp 'http\.https\:\/\/github\.com\/\.extraheader' && git config --local --unset-all 'http.https://github.com/.extraheader' || :"
predictor-ops	Run actions/checkout@v4	2026-09-23T06:26:02.7984451Z [command]/usr/bin/git config --local --name-only --get-regexp ^includeIf\.gitdir:
predictor-ops	Run actions/checkout@v4	2026-09-23T06:26:02.8010102Z [command]/usr/bin/git submodule foreach --recursive git config --local --show-origin --name-only --get-regexp remote.origin.url
predictor-ops	Run actions/checkout@v4	2026-09-23T06:26:02.8194288Z ##[endgroup]
predictor-ops	uv e Python fixados pelo plano	﻿2026-09-23T06:26:02.8368582Z ##[group]Run plan=qualification/shared/SHARED-002/CLEANROOM_PLAN.json
predictor-ops	uv e Python fixados pelo plano	2026-09-23T06:26:02.8369085Z ^[[36;1mplan=qualification/shared/SHARED-002/CLEANROOM_PLAN.json^[[0m
predictor-ops	uv e Python fixados pelo plano	2026-09-23T06:26:02.8369475Z ^[[36;1muv_version=$(jq -r .environment.uv_version "$plan")^[[0m
predictor-ops	uv e Python fixados pelo plano	2026-09-23T06:26:02.8369800Z ^[[36;1muv_asset=$(jq -r .environment.uv_asset "$plan")^[[0m
predictor-ops	uv e Python fixados pelo plano	2026-09-23T06:26:02.8370101Z ^[[36;1muv_sha=$(jq -r .environment.uv_sha256 "$plan")^[[0m
predictor-ops	uv e Python fixados pelo plano	2026-09-23T06:26:02.8370420Z ^[[36;1mpy=$(jq -r .environment.python "$plan")^[[0m
predictor-ops	uv e Python fixados pelo plano	2026-09-23T06:26:02.8370728Z ^[[36;1mtools="$RUNNER_TEMP/tools"^[[0m
predictor-ops	uv e Python fixados pelo plano	2026-09-23T06:26:02.8370981Z ^[[36;1mmkdir -p "$tools/uv"^[[0m
predictor-ops	uv e Python fixados pelo plano	2026-09-23T06:26:02.8371410Z ^[[36;1mcurl -sSfL -o "$tools/$uv_asset" "https://github.com/astral-sh/uv/releases/download/$uv_version/$uv_asset"^[[0m
predictor-ops	uv e Python fixados pelo plano	2026-09-23T06:26:02.8371932Z ^[[36;1mecho "$uv_sha  $tools/$uv_asset" | sha256sum -c -^[[0m
predictor-ops	uv e Python fixados pelo plano	2026-09-23T06:26:02.8372297Z ^[[36;1mtar -xzf "$tools/$uv_asset" -C "$tools/uv" --strip-components=1^[[0m
predictor-ops	uv e Python fixados pelo plano	2026-09-23T06:26:02.8372753Z ^[[36;1mexport UV_PYTHON_INSTALL_DIR="$tools/python" UV_PYTHON_PREFERENCE=only-managed UV_NO_CONFIG=1^[[0m
predictor-ops	uv e Python fixados pelo plano	2026-09-23T06:26:02.8373200Z ^[[36;1m"$tools/uv/uv" python install "$py"^[[0m
predictor-ops	uv e Python fixados pelo plano	2026-09-23T06:26:02.8373483Z ^[[36;1mecho "CLEANROOM_UV=$tools/uv/uv" >> "$GITHUB_ENV"^[[0m
predictor-ops	uv e Python fixados pelo plano	2026-09-23T06:26:02.8373803Z ^[[36;1mecho "UV_PYTHON_INSTALL_DIR=$tools/python" >> "$GITHUB_ENV"^[[0m
predictor-ops	uv e Python fixados pelo plano	2026-09-23T06:26:02.8374131Z ^[[36;1mecho "UV_CACHE_DIR=$tools/uv-cache" >> "$GITHUB_ENV"^[[0m
predictor-ops	uv e Python fixados pelo plano	2026-09-23T06:26:02.8374498Z ^[[36;1mecho "CLEANROOM_PYTHON=$("$tools/uv/uv" python find "$py")" >> "$GITHUB_ENV"^[[0m
predictor-ops	uv e Python fixados pelo plano	2026-09-23T06:26:02.8411195Z shell: /usr/bin/bash -e {0}
predictor-ops	uv e Python fixados pelo plano	2026-09-23T06:26:02.8411464Z ##[endgroup]
predictor-ops	uv e Python fixados pelo plano	2026-09-23T06:26:03.3677370Z /home/runner/work/_temp/tools/uv-x86_64-unknown-linux-gnu.tar.gz: OK
predictor-ops	uv e Python fixados pelo plano	2026-09-23T06:26:03.7851093Z Downloading cpython-3.13.15-linux-x86_64-gnu (download) (33.2MiB)
predictor-ops	uv e Python fixados pelo plano	2026-09-23T06:26:04.4614805Z  Downloaded cpython-3.13.15-linux-x86_64-gnu (download)
predictor-ops	uv e Python fixados pelo plano	2026-09-23T06:26:04.4721148Z Installed Python 3.13.15 in 798ms
predictor-ops	uv e Python fixados pelo plano	2026-09-23T06:26:04.4721869Z  + cpython-3.13.15-linux-x86_64-gnu (python3.13)
predictor-ops	Cleanroom	﻿2026-09-23T06:26:04.6018771Z ##[group]Run "$CLEANROOM_PYTHON" -I qualification/shared/scripts/cleanroom_baseline.py \
predictor-ops	Cleanroom	2026-09-23T06:26:04.6019281Z ^[[36;1m"$CLEANROOM_PYTHON" -I qualification/shared/scripts/cleanroom_baseline.py \^[[0m
predictor-ops	Cleanroom	2026-09-23T06:26:04.6019788Z ^[[36;1m  qualification/shared/SHARED-002/CLEANROOM_PLAN.json "predictor-ops" "$RUNNER_TEMP/out/predictor-ops"^[[0m
predictor-ops	Cleanroom	2026-09-23T06:26:04.6051828Z shell: /usr/bin/bash -e {0}
predictor-ops	Cleanroom	2026-09-23T06:26:04.6052038Z env:
predictor-ops	Cleanroom	2026-09-23T06:26:04.6052394Z   CLEANROOM_UV: /home/runner/work/_temp/tools/uv/uv
predictor-ops	Cleanroom	2026-09-23T06:26:04.6052706Z   UV_PYTHON_INSTALL_DIR: /home/runner/work/_temp/tools/python
predictor-ops	Cleanroom	2026-09-23T06:26:04.6053013Z   UV_CACHE_DIR: /home/runner/work/_temp/tools/uv-cache
predictor-ops	Cleanroom	2026-09-23T06:26:04.6053417Z   CLEANROOM_PYTHON: /home/runner/work/_temp/tools/python/cpython-3.13.15-linux-x86_64-gnu/bin/python3.13
predictor-ops	Cleanroom	2026-09-23T06:26:04.6053805Z ##[endgroup]
predictor-ops	Cleanroom	2026-09-23T06:26:32.5926590Z {"repo": "predictor-ops", "published": {"tests": 88, "failures": 4, "errors": 0, "skipped": 0, "passed": 84, "failed_ids": ["tests_v2.test_provenance::test_source_clean_dirty_detached_and_missing_commit", "tests_v2.test_provenance::test_strict_editable_fails_closed_and_permissive_is_safe", "tests_v2.test_provenance::test_wheel_record_tampering_fails_in_isolated_environment", "tests_v2.test_runner_extended::test_strict_setup_failure_is_terminal_and_child_never_runs"]}, "head_build": {"tests": 88, "failures": 4, "errors": 0, "skipped": 0, "passed": 84, "failed_ids": ["tests_v2.test_provenance::test_source_clean_dirty_detached_and_missing_commit", "tests_v2.test_provenance::test_strict_editable_fails_closed_and_permissive_is_safe", "tests_v2.test_provenance::test_wheel_record_tampering_fails_in_isolated_environment", "tests_v2.test_runner_extended::test_strict_setup_failure_is_terminal_and_child_never_runs"]}}
predictor-ops	Run actions/upload-artifact@v4	﻿2026-09-23T06:26:32.6081265Z Node 20 is being deprecated. This workflow is running with Node 24 by default. If you need to temporarily use Node 20, you can set the ACTIONS_ALLOW_USE_UNSECURE_NODE_VERSION=true environment variable. For more information see: https://github.blog/changelog/2025-09-19-deprecation-of-node-20-on-github-actions-runners/
predictor-ops	Run actions/upload-artifact@v4	2026-09-23T06:26:32.6082827Z ##[group]Run actions/upload-artifact@v4
predictor-ops	Run actions/upload-artifact@v4	2026-09-23T06:26:32.6083052Z with:
predictor-ops	Run actions/upload-artifact@v4	2026-09-23T06:26:32.6083227Z   name: cleanroom-predictor-ops
predictor-ops	Run actions/upload-artifact@v4	2026-09-23T06:26:32.6083469Z   path: /home/runner/work/_temp/out/predictor-ops
predictor-ops	Run actions/upload-artifact@v4	2026-09-23T06:26:32.6083720Z   if-no-files-found: error
predictor-ops	Run actions/upload-artifact@v4	2026-09-23T06:26:32.6083913Z   compression-level: 6
predictor-ops	Run actions/upload-artifact@v4	2026-09-23T06:26:32.6084105Z   overwrite: false
predictor-ops	Run actions/upload-artifact@v4	2026-09-23T06:26:32.6084282Z   include-hidden-files: false
predictor-ops	Run actions/upload-artifact@v4	2026-09-23T06:26:32.6084471Z env:
predictor-ops	Run actions/upload-artifact@v4	2026-09-23T06:26:32.6084654Z   CLEANROOM_UV: /home/runner/work/_temp/tools/uv/uv
predictor-ops	Run actions/upload-artifact@v4	2026-09-23T06:26:32.6084945Z   UV_PYTHON_INSTALL_DIR: /home/runner/work/_temp/tools/python
predictor-ops	Run actions/upload-artifact@v4	2026-09-23T06:26:32.6085239Z   UV_CACHE_DIR: /home/runner/work/_temp/tools/uv-cache
predictor-ops	Run actions/upload-artifact@v4	2026-09-23T06:26:32.6085669Z   CLEANROOM_PYTHON: /home/runner/work/_temp/tools/python/cpython-3.13.15-linux-x86_64-gnu/bin/python3.13
predictor-ops	Run actions/upload-artifact@v4	2026-09-23T06:26:32.6086028Z ##[endgroup]
predictor-ops	Run actions/upload-artifact@v4	2026-09-23T06:26:32.7475869Z (node:2750) [DEP0040] DeprecationWarning: The `punycode` module is deprecated. Please use a userland alternative instead.
predictor-ops	Run actions/upload-artifact@v4	2026-09-23T06:26:32.7476592Z (Use `node --trace-deprecation ...` to show where the warning was created)
predictor-ops	Run actions/upload-artifact@v4	2026-09-23T06:26:32.7571973Z With the provided path, there will be 28 files uploaded
predictor-ops	Run actions/upload-artifact@v4	2026-09-23T06:26:32.7572609Z Artifact name is valid!
predictor-ops	Run actions/upload-artifact@v4	2026-09-23T06:26:32.7572896Z Root directory input is valid!
predictor-ops	Run actions/upload-artifact@v4	2026-09-23T06:26:33.0947897Z Beginning upload of artifact content to blob storage
predictor-ops	Run actions/upload-artifact@v4	2026-09-23T06:26:33.1322738Z (node:2750) [DEP0169] DeprecationWarning: `url.parse()` behavior is not standardized and prone to errors that have security implications. Use the WHATWG URL API instead. CVEs are not issued for `url.parse()` vulnerabilities.
predictor-ops	Run actions/upload-artifact@v4	2026-09-23T06:26:33.4197373Z Uploaded bytes 46256
predictor-ops	Run actions/upload-artifact@v4	2026-09-23T06:26:33.4761740Z Finished uploading artifact content to blob storage!
predictor-ops	Run actions/upload-artifact@v4	2026-09-23T06:26:33.4762378Z SHA256 digest of uploaded artifact zip is 43f624791b8cde97a27e9759a5a123262f11ea1a522cf6ff5077e0c8818831f2
predictor-ops	Run actions/upload-artifact@v4	2026-09-23T06:26:33.4764154Z Finalizing artifact upload
predictor-ops	Run actions/upload-artifact@v4	2026-09-23T06:26:33.7352970Z Artifact cleanroom-predictor-ops.zip successfully finalized. Artifact ID 10735133299
predictor-ops	Run actions/upload-artifact@v4	2026-09-23T06:26:33.7353793Z Artifact cleanroom-predictor-ops has been successfully uploaded! Final size is 46256 bytes. Artifact ID is 10735133299
predictor-ops	Run actions/upload-artifact@v4	2026-09-23T06:26:33.7358157Z Artifact download URL: https://github.com/leonardosovienski/predictor-qualification/actions/runs/35826713033/artifacts/10735133299
predictor-ops	Post Run actions/checkout@v4	﻿2026-09-23T06:26:33.7537402Z Node 20 is being deprecated. This workflow is running with Node 24 by default. If you need to temporarily use Node 20, you can set the ACTIONS_ALLOW_USE_UNSECURE_NODE_VERSION=true environment variable. For more information see: https://github.blog/changelog/2025-09-19-deprecation-of-node-20-on-github-actions-runners/
predictor-ops	Post Run actions/checkout@v4	2026-09-23T06:26:33.7538667Z Post job cleanup.
predictor-ops	Post Run actions/checkout@v4	2026-09-23T06:26:33.8275565Z [command]/usr/bin/git version
predictor-ops	Post Run actions/checkout@v4	2026-09-23T06:26:33.8313564Z git version 2.55.0
predictor-ops	Post Run actions/checkout@v4	2026-09-23T06:26:33.8346756Z Temporarily overriding HOME='/home/runner/work/_temp/e014ebc6-278c-4c30-9c79-a566247832ed' before making global git config changes
predictor-ops	Post Run actions/checkout@v4	2026-09-23T06:26:33.8348240Z Adding repository directory to the temporary git global config as a safe directory
predictor-ops	Post Run actions/checkout@v4	2026-09-23T06:26:33.8351912Z [command]/usr/bin/git config --global --add safe.directory /home/runner/work/predictor-qualification/predictor-qualification
predictor-ops	Post Run actions/checkout@v4	2026-09-23T06:26:33.8387868Z [command]/usr/bin/git config --local --name-only --get-regexp core\.sshCommand
predictor-ops	Post Run actions/checkout@v4	2026-09-23T06:26:33.8419257Z [command]/usr/bin/git submodule foreach --recursive sh -c "git config --local --name-only --get-regexp 'core\.sshCommand' && git config --local --unset-all 'core.sshCommand' || :"
predictor-ops	Post Run actions/checkout@v4	2026-09-23T06:26:33.8629329Z [command]/usr/bin/git config --local --name-only --get-regexp http\.https\:\/\/github\.com\/\.extraheader
predictor-ops	Post Run actions/checkout@v4	2026-09-23T06:26:33.8659463Z [command]/usr/bin/git submodule foreach --recursive sh -c "git config --local --name-only --get-regexp 'http\.https\:\/\/github\.com\/\.extraheader' && git config --local --unset-all 'http.https://github.com/.extraheader' || :"
predictor-ops	Post Run actions/checkout@v4	2026-09-23T06:26:33.8886498Z [command]/usr/bin/git config --local --name-only --get-regexp ^includeIf\.gitdir:
predictor-ops	Post Run actions/checkout@v4	2026-09-23T06:26:33.8909499Z [command]/usr/bin/git submodule foreach --recursive git config --local --show-origin --name-only --get-regexp remote.origin.url
predictor-ops	Complete job	﻿2026-09-23T06:26:33.9244862Z Cleaning up orphan processes
predictor-ops	Complete job	2026-09-23T06:26:33.9490172Z ##[warning]Node.js 20 is deprecated. The following actions target Node.js 20 but are being forced to run on Node.js 24: actions/checkout@v4, actions/upload-artifact@v4. For more information see: https://github.blog/changelog/2025-09-19-deprecation-of-node-20-on-github-actions-runners/
brasileirao-predictor	Set up job	﻿2026-09-23T06:26:00.0616834Z Current runner version: '2.337.0'
brasileirao-predictor	Set up job	2026-09-23T06:26:00.0645256Z ##[group]Runner Image Provisioner
brasileirao-predictor	Set up job	2026-09-23T06:26:00.0646314Z Hosted Compute Agent
brasileirao-predictor	Set up job	2026-09-23T06:26:00.0647128Z Version: 20260828.587
brasileirao-predictor	Set up job	2026-09-23T06:26:00.0647899Z Commit: abac92662cab4cc7352de4f9f9d2e2419aad9c29
brasileirao-predictor	Set up job	2026-09-23T06:26:00.0648776Z Build Date: 2026-08-28T16:44:25Z
brasileirao-predictor	Set up job	2026-09-23T06:26:00.0649478Z Worker ID: {8649f14a-3de9-491f-ac27-6c2c6340a1b4}
brasileirao-predictor	Set up job	2026-09-23T06:26:00.0650281Z Azure Region: centralus
brasileirao-predictor	Set up job	2026-09-23T06:26:00.0650897Z ##[endgroup]
brasileirao-predictor	Set up job	2026-09-23T06:26:00.0652487Z ##[group]Operating System
brasileirao-predictor	Set up job	2026-09-23T06:26:00.0653204Z Ubuntu
brasileirao-predictor	Set up job	2026-09-23T06:26:00.0653764Z 24.04.5
brasileirao-predictor	Set up job	2026-09-23T06:26:00.0654354Z LTS
brasileirao-predictor	Set up job	2026-09-23T06:26:00.0654909Z ##[endgroup]
brasileirao-predictor	Set up job	2026-09-23T06:26:00.0655481Z ##[group]Runner Image
brasileirao-predictor	Set up job	2026-09-23T06:26:00.0656266Z Image: ubuntu-24.04
brasileirao-predictor	Set up job	2026-09-23T06:26:00.0656869Z Version: 20260907.300.1
brasileirao-predictor	Set up job	2026-09-23T06:26:00.0658221Z Included Software: https://github.com/actions/runner-images/blob/ubuntu24/20260907.300/images/ubuntu/Ubuntu2404-Readme.md
brasileirao-predictor	Set up job	2026-09-23T06:26:00.0659937Z Image Release: https://github.com/actions/runner-images/releases/tag/ubuntu24%2F20260907.300
brasileirao-predictor	Set up job	2026-09-23T06:26:00.0661079Z ##[endgroup]
brasileirao-predictor	Set up job	2026-09-23T06:26:00.0662553Z ##[group]GITHUB_TOKEN Permissions
brasileirao-predictor	Set up job	2026-09-23T06:26:00.0664959Z Contents: read
brasileirao-predictor	Set up job	2026-09-23T06:26:00.0665610Z Metadata: read
brasileirao-predictor	Set up job	2026-09-23T06:26:00.0666333Z ##[endgroup]
brasileirao-predictor	Set up job	2026-09-23T06:26:00.0668744Z Secret source: Actions
brasileirao-predictor	Set up job	2026-09-23T06:26:00.0669854Z Cache mode: write
brasileirao-predictor	Set up job	2026-09-23T06:26:00.0670590Z Prepare workflow directory
brasileirao-predictor	Set up job	2026-09-23T06:26:00.1059301Z Prepare all required actions
brasileirao-predictor	Set up job	2026-09-23T06:26:00.1107377Z Getting action download info
brasileirao-predictor	Set up job	2026-09-23T06:26:00.3922893Z Download action repository 'actions/checkout@v4' (SHA:11d5960a326750d5838078e36cf38b85af677262)
brasileirao-predictor	Set up job	2026-09-23T06:26:00.5234911Z Download action repository 'actions/upload-artifact@v4' (SHA:ea165f8d65b6e75b540449e92b4886f43607fa02)
brasileirao-predictor	Set up job	2026-09-23T06:26:00.7433250Z Complete job name: brasileirao-predictor
brasileirao-predictor	Run actions/checkout@v4	﻿2026-09-23T06:26:00.8202563Z Node 20 is being deprecated. This workflow is running with Node 24 by default. If you need to temporarily use Node 20, you can set the ACTIONS_ALLOW_USE_UNSECURE_NODE_VERSION=true environment variable. For more information see: https://github.blog/changelog/2025-09-19-deprecation-of-node-20-on-github-actions-runners/
brasileirao-predictor	Run actions/checkout@v4	2026-09-23T06:26:00.8211044Z ##[group]Run actions/checkout@v4
brasileirao-predictor	Run actions/checkout@v4	2026-09-23T06:26:00.8211756Z with:
brasileirao-predictor	Run actions/checkout@v4	2026-09-23T06:26:00.8212211Z   persist-credentials: false
brasileirao-predictor	Run actions/checkout@v4	2026-09-23T06:26:00.8212827Z   repository: leonardosovienski/predictor-qualification
brasileirao-predictor	Run actions/checkout@v4	2026-09-23T06:26:00.8217367Z   token: ***
brasileirao-predictor	Run actions/checkout@v4	2026-09-23T06:26:00.8217822Z   ssh-strict: true
brasileirao-predictor	Run actions/checkout@v4	2026-09-23T06:26:00.8218270Z   ssh-user: git
brasileirao-predictor	Run actions/checkout@v4	2026-09-23T06:26:00.8218707Z   clean: true
brasileirao-predictor	Run actions/checkout@v4	2026-09-23T06:26:00.8219159Z   sparse-checkout-cone-mode: true
brasileirao-predictor	Run actions/checkout@v4	2026-09-23T06:26:00.8219689Z   fetch-depth: 1
brasileirao-predictor	Run actions/checkout@v4	2026-09-23T06:26:00.8220131Z   fetch-tags: false
brasileirao-predictor	Run actions/checkout@v4	2026-09-23T06:26:00.8220579Z   show-progress: true
brasileirao-predictor	Run actions/checkout@v4	2026-09-23T06:26:00.8221024Z   lfs: false
brasileirao-predictor	Run actions/checkout@v4	2026-09-23T06:26:00.8221442Z   submodules: false
brasileirao-predictor	Run actions/checkout@v4	2026-09-23T06:26:00.8221962Z   set-safe-directory: true
brasileirao-predictor	Run actions/checkout@v4	2026-09-23T06:26:00.8222472Z   allow-unsafe-pr-checkout: false
brasileirao-predictor	Run actions/checkout@v4	2026-09-23T06:26:00.8223337Z ##[endgroup]
brasileirao-predictor	Run actions/checkout@v4	2026-09-23T06:26:00.9300726Z Syncing repository: leonardosovienski/predictor-qualification
brasileirao-predictor	Run actions/checkout@v4	2026-09-23T06:26:00.9303495Z ##[group]Getting Git version info
brasileirao-predictor	Run actions/checkout@v4	2026-09-23T06:26:00.9304454Z Working directory is '/home/runner/work/predictor-qualification/predictor-qualification'
brasileirao-predictor	Run actions/checkout@v4	2026-09-23T06:26:00.9305761Z [command]/usr/bin/git version
brasileirao-predictor	Run actions/checkout@v4	2026-09-23T06:26:00.9380505Z git version 2.55.0
brasileirao-predictor	Run actions/checkout@v4	2026-09-23T06:26:00.9409157Z ##[endgroup]
brasileirao-predictor	Run actions/checkout@v4	2026-09-23T06:26:00.9418113Z Temporarily overriding HOME='/home/runner/work/_temp/d3c12222-7b25-4bd3-ad31-d5c4c9497c2f' before making global git config changes
brasileirao-predictor	Run actions/checkout@v4	2026-09-23T06:26:00.9420971Z Adding repository directory to the temporary git global config as a safe directory
brasileirao-predictor	Run actions/checkout@v4	2026-09-23T06:26:00.9423573Z [command]/usr/bin/git config --global --add safe.directory /home/runner/work/predictor-qualification/predictor-qualification
brasileirao-predictor	Run actions/checkout@v4	2026-09-23T06:26:00.9478093Z Deleting the contents of '/home/runner/work/predictor-qualification/predictor-qualification'
brasileirao-predictor	Run actions/checkout@v4	2026-09-23T06:26:00.9482922Z ##[group]Initializing the repository
brasileirao-predictor	Run actions/checkout@v4	2026-09-23T06:26:00.9488547Z [command]/usr/bin/git init /home/runner/work/predictor-qualification/predictor-qualification
brasileirao-predictor	Run actions/checkout@v4	2026-09-23T06:26:00.9575233Z hint: Using 'master' as the name for the initial branch. This default branch name
brasileirao-predictor	Run actions/checkout@v4	2026-09-23T06:26:00.9577389Z hint: will change to "main" in Git 3.0. To configure the initial branch name
brasileirao-predictor	Run actions/checkout@v4	2026-09-23T06:26:00.9582032Z hint: to use in all of your new repositories, which will suppress this warning,
brasileirao-predictor	Run actions/checkout@v4	2026-09-23T06:26:00.9584082Z hint: call:
brasileirao-predictor	Run actions/checkout@v4	2026-09-23T06:26:00.9584931Z hint:
brasileirao-predictor	Run actions/checkout@v4	2026-09-23T06:26:00.9585942Z hint: 	git config --global init.defaultBranch <name>
brasileirao-predictor	Run actions/checkout@v4	2026-09-23T06:26:00.9587259Z hint:
brasileirao-predictor	Run actions/checkout@v4	2026-09-23T06:26:00.9588362Z hint: Names commonly chosen instead of 'master' are 'main', 'trunk' and
brasileirao-predictor	Run actions/checkout@v4	2026-09-23T06:26:00.9590033Z hint: 'development'. The just-created branch can be renamed via this command:
brasileirao-predictor	Run actions/checkout@v4	2026-09-23T06:26:00.9591162Z hint:
brasileirao-predictor	Run actions/checkout@v4	2026-09-23T06:26:00.9591760Z hint: 	git branch -m <name>
brasileirao-predictor	Run actions/checkout@v4	2026-09-23T06:26:00.9592406Z hint:
brasileirao-predictor	Run actions/checkout@v4	2026-09-23T06:26:00.9593206Z hint: Disable this message with "git config set advice.defaultBranchName false"
brasileirao-predictor	Run actions/checkout@v4	2026-09-23T06:26:00.9595902Z Initialized empty Git repository in /home/runner/work/predictor-qualification/predictor-qualification/.git/
brasileirao-predictor	Run actions/checkout@v4	2026-09-23T06:26:00.9599863Z [command]/usr/bin/git remote add origin https://github.com/leonardosovienski/predictor-qualification
brasileirao-predictor	Run actions/checkout@v4	2026-09-23T06:26:00.9637669Z ##[endgroup]
brasileirao-predictor	Run actions/checkout@v4	2026-09-23T06:26:00.9638907Z ##[group]Disabling automatic garbage collection
brasileirao-predictor	Run actions/checkout@v4	2026-09-23T06:26:00.9643227Z [command]/usr/bin/git config --local gc.auto 0
brasileirao-predictor	Run actions/checkout@v4	2026-09-23T06:26:00.9681345Z ##[endgroup]
brasileirao-predictor	Run actions/checkout@v4	2026-09-23T06:26:00.9682606Z ##[group]Setting up auth
brasileirao-predictor	Run actions/checkout@v4	2026-09-23T06:26:00.9690279Z [command]/usr/bin/git config --local --name-only --get-regexp core\.sshCommand
brasileirao-predictor	Run actions/checkout@v4	2026-09-23T06:26:00.9731662Z [command]/usr/bin/git submodule foreach --recursive sh -c "git config --local --name-only --get-regexp 'core\.sshCommand' && git config --local --unset-all 'core.sshCommand' || :"
brasileirao-predictor	Run actions/checkout@v4	2026-09-23T06:26:01.0090727Z [command]/usr/bin/git config --local --name-only --get-regexp http\.https\:\/\/github\.com\/\.extraheader
brasileirao-predictor	Run actions/checkout@v4	2026-09-23T06:26:01.0135453Z [command]/usr/bin/git submodule foreach --recursive sh -c "git config --local --name-only --get-regexp 'http\.https\:\/\/github\.com\/\.extraheader' && git config --local --unset-all 'http.https://github.com/.extraheader' || :"
brasileirao-predictor	Run actions/checkout@v4	2026-09-23T06:26:01.0413070Z [command]/usr/bin/git config --local --name-only --get-regexp ^includeIf\.gitdir:
brasileirao-predictor	Run actions/checkout@v4	2026-09-23T06:26:01.0455968Z [command]/usr/bin/git submodule foreach --recursive git config --local --show-origin --name-only --get-regexp remote.origin.url
brasileirao-predictor	Run actions/checkout@v4	2026-09-23T06:26:01.0706135Z [command]/usr/bin/git config --local http.https://github.com/.extraheader AUTHORIZATION: basic ***
brasileirao-predictor	Run actions/checkout@v4	2026-09-23T06:26:01.0749450Z ##[endgroup]
brasileirao-predictor	Run actions/checkout@v4	2026-09-23T06:26:01.0750739Z ##[group]Fetching the repository
brasileirao-predictor	Run actions/checkout@v4	2026-09-23T06:26:01.0760211Z [command]/usr/bin/git -c protocol.version=2 fetch --no-tags --prune --no-recurse-submodules --depth=1 origin +ab7aeb845b9632511c8074b83ef49dd298f1effe:refs/remotes/origin/shared/baseline-v1
brasileirao-predictor	Run actions/checkout@v4	2026-09-23T06:26:01.8305616Z From https://github.com/leonardosovienski/predictor-qualification
brasileirao-predictor	Run actions/checkout@v4	2026-09-23T06:26:01.8308866Z  * [new ref]         ab7aeb845b9632511c8074b83ef49dd298f1effe -> origin/shared/baseline-v1
brasileirao-predictor	Run actions/checkout@v4	2026-09-23T06:26:01.8315188Z ##[endgroup]
brasileirao-predictor	Run actions/checkout@v4	2026-09-23T06:26:01.8316528Z ##[group]Determining the checkout info
brasileirao-predictor	Run actions/checkout@v4	2026-09-23T06:26:01.8318364Z ##[endgroup]
brasileirao-predictor	Run actions/checkout@v4	2026-09-23T06:26:01.8320663Z [command]/usr/bin/git sparse-checkout disable
brasileirao-predictor	Run actions/checkout@v4	2026-09-23T06:26:01.8380015Z [command]/usr/bin/git config --local --unset-all extensions.worktreeConfig
brasileirao-predictor	Run actions/checkout@v4	2026-09-23T06:26:01.8422931Z ##[group]Checking out the ref
brasileirao-predictor	Run actions/checkout@v4	2026-09-23T06:26:01.8429731Z [command]/usr/bin/git checkout --progress --force -B shared/baseline-v1 refs/remotes/origin/shared/baseline-v1
brasileirao-predictor	Run actions/checkout@v4	2026-09-23T06:26:01.8730477Z Switched to a new branch 'shared/baseline-v1'
brasileirao-predictor	Run actions/checkout@v4	2026-09-23T06:26:01.8733556Z branch 'shared/baseline-v1' set up to track 'origin/shared/baseline-v1'.
brasileirao-predictor	Run actions/checkout@v4	2026-09-23T06:26:01.8742445Z ##[endgroup]
brasileirao-predictor	Run actions/checkout@v4	2026-09-23T06:26:01.8799295Z [command]/usr/bin/git log -1 --format=%H
brasileirao-predictor	Run actions/checkout@v4	2026-09-23T06:26:01.8832671Z ab7aeb845b9632511c8074b83ef49dd298f1effe
brasileirao-predictor	Run actions/checkout@v4	2026-09-23T06:26:01.8843593Z ##[group]Removing auth
brasileirao-predictor	Run actions/checkout@v4	2026-09-23T06:26:01.8848279Z [command]/usr/bin/git config --local --name-only --get-regexp core\.sshCommand
brasileirao-predictor	Run actions/checkout@v4	2026-09-23T06:26:01.8888715Z [command]/usr/bin/git submodule foreach --recursive sh -c "git config --local --name-only --get-regexp 'core\.sshCommand' && git config --local --unset-all 'core.sshCommand' || :"
brasileirao-predictor	Run actions/checkout@v4	2026-09-23T06:26:01.9142618Z [command]/usr/bin/git config --local --name-only --get-regexp http\.https\:\/\/github\.com\/\.extraheader
brasileirao-predictor	Run actions/checkout@v4	2026-09-23T06:26:01.9174449Z http.https://github.com/.extraheader
brasileirao-predictor	Run actions/checkout@v4	2026-09-23T06:26:01.9183380Z [command]/usr/bin/git config --local --unset-all http.https://github.com/.extraheader
brasileirao-predictor	Run actions/checkout@v4	2026-09-23T06:26:01.9226056Z [command]/usr/bin/git submodule foreach --recursive sh -c "git config --local --name-only --get-regexp 'http\.https\:\/\/github\.com\/\.extraheader' && git config --local --unset-all 'http.https://github.com/.extraheader' || :"
brasileirao-predictor	Run actions/checkout@v4	2026-09-23T06:26:01.9474119Z [command]/usr/bin/git config --local --name-only --get-regexp ^includeIf\.gitdir:
brasileirao-predictor	Run actions/checkout@v4	2026-09-23T06:26:01.9515018Z [command]/usr/bin/git submodule foreach --recursive git config --local --show-origin --name-only --get-regexp remote.origin.url
brasileirao-predictor	Run actions/checkout@v4	2026-09-23T06:26:01.9760916Z ##[endgroup]
brasileirao-predictor	uv e Python fixados pelo plano	﻿2026-09-23T06:26:02.0019880Z ##[group]Run plan=qualification/shared/SHARED-002/CLEANROOM_PLAN.json
brasileirao-predictor	uv e Python fixados pelo plano	2026-09-23T06:26:02.0022018Z ^[[36;1mplan=qualification/shared/SHARED-002/CLEANROOM_PLAN.json^[[0m
brasileirao-predictor	uv e Python fixados pelo plano	2026-09-23T06:26:02.0023822Z ^[[36;1muv_version=$(jq -r .environment.uv_version "$plan")^[[0m
brasileirao-predictor	uv e Python fixados pelo plano	2026-09-23T06:26:02.0025474Z ^[[36;1muv_asset=$(jq -r .environment.uv_asset "$plan")^[[0m
brasileirao-predictor	uv e Python fixados pelo plano	2026-09-23T06:26:02.0027257Z ^[[36;1muv_sha=$(jq -r .environment.uv_sha256 "$plan")^[[0m
brasileirao-predictor	uv e Python fixados pelo plano	2026-09-23T06:26:02.0028909Z ^[[36;1mpy=$(jq -r .environment.python "$plan")^[[0m
brasileirao-predictor	uv e Python fixados pelo plano	2026-09-23T06:26:02.0030345Z ^[[36;1mtools="$RUNNER_TEMP/tools"^[[0m
brasileirao-predictor	uv e Python fixados pelo plano	2026-09-23T06:26:02.0031612Z ^[[36;1mmkdir -p "$tools/uv"^[[0m
brasileirao-predictor	uv e Python fixados pelo plano	2026-09-23T06:26:02.0033597Z ^[[36;1mcurl -sSfL -o "$tools/$uv_asset" "https://github.com/astral-sh/uv/releases/download/$uv_version/$uv_asset"^[[0m
brasileirao-predictor	uv e Python fixados pelo plano	2026-09-23T06:26:02.0035837Z ^[[36;1mecho "$uv_sha  $tools/$uv_asset" | sha256sum -c -^[[0m
brasileirao-predictor	uv e Python fixados pelo plano	2026-09-23T06:26:02.0037818Z ^[[36;1mtar -xzf "$tools/$uv_asset" -C "$tools/uv" --strip-components=1^[[0m
brasileirao-predictor	uv e Python fixados pelo plano	2026-09-23T06:26:02.0040115Z ^[[36;1mexport UV_PYTHON_INSTALL_DIR="$tools/python" UV_PYTHON_PREFERENCE=only-managed UV_NO_CONFIG=1^[[0m
brasileirao-predictor	uv e Python fixados pelo plano	2026-09-23T06:26:02.0042242Z ^[[36;1m"$tools/uv/uv" python install "$py"^[[0m
brasileirao-predictor	uv e Python fixados pelo plano	2026-09-23T06:26:02.0043740Z ^[[36;1mecho "CLEANROOM_UV=$tools/uv/uv" >> "$GITHUB_ENV"^[[0m
brasileirao-predictor	uv e Python fixados pelo plano	2026-09-23T06:26:02.0045445Z ^[[36;1mecho "UV_PYTHON_INSTALL_DIR=$tools/python" >> "$GITHUB_ENV"^[[0m
brasileirao-predictor	uv e Python fixados pelo plano	2026-09-23T06:26:02.0047368Z ^[[36;1mecho "UV_CACHE_DIR=$tools/uv-cache" >> "$GITHUB_ENV"^[[0m
brasileirao-predictor	uv e Python fixados pelo plano	2026-09-23T06:26:02.0049258Z ^[[36;1mecho "CLEANROOM_PYTHON=$("$tools/uv/uv" python find "$py")" >> "$GITHUB_ENV"^[[0m
brasileirao-predictor	uv e Python fixados pelo plano	2026-09-23T06:26:02.0096798Z shell: /usr/bin/bash -e {0}
brasileirao-predictor	uv e Python fixados pelo plano	2026-09-23T06:26:02.0098257Z ##[endgroup]
brasileirao-predictor	uv e Python fixados pelo plano	2026-09-23T06:26:02.3774745Z /home/runner/work/_temp/tools/uv-x86_64-unknown-linux-gnu.tar.gz: OK
brasileirao-predictor	uv e Python fixados pelo plano	2026-09-23T06:26:02.8922406Z Downloading cpython-3.13.15-linux-x86_64-gnu (download) (33.2MiB)
brasileirao-predictor	uv e Python fixados pelo plano	2026-09-23T06:26:03.7416543Z  Downloaded cpython-3.13.15-linux-x86_64-gnu (download)
brasileirao-predictor	uv e Python fixados pelo plano	2026-09-23T06:26:03.7460382Z Installed Python 3.13.15 in 980ms
brasileirao-predictor	uv e Python fixados pelo plano	2026-09-23T06:26:03.7461250Z  + cpython-3.13.15-linux-x86_64-gnu (python3.13)
brasileirao-predictor	Cleanroom	﻿2026-09-23T06:26:03.9248416Z ##[group]Run "$CLEANROOM_PYTHON" -I qualification/shared/scripts/cleanroom_baseline.py \
brasileirao-predictor	Cleanroom	2026-09-23T06:26:03.9249182Z ^[[36;1m"$CLEANROOM_PYTHON" -I qualification/shared/scripts/cleanroom_baseline.py \^[[0m
brasileirao-predictor	Cleanroom	2026-09-23T06:26:03.9249947Z ^[[36;1m  qualification/shared/SHARED-002/CLEANROOM_PLAN.json "brasileirao-predictor" "$RUNNER_TEMP/out/brasileirao-predictor"^[[0m
brasileirao-predictor	Cleanroom	2026-09-23T06:26:03.9292953Z shell: /usr/bin/bash -e {0}
brasileirao-predictor	Cleanroom	2026-09-23T06:26:03.9293286Z env:
brasileirao-predictor	Cleanroom	2026-09-23T06:26:03.9293845Z   CLEANROOM_UV: /home/runner/work/_temp/tools/uv/uv
brasileirao-predictor	Cleanroom	2026-09-23T06:26:03.9294293Z   UV_PYTHON_INSTALL_DIR: /home/runner/work/_temp/tools/python
brasileirao-predictor	Cleanroom	2026-09-23T06:26:03.9294752Z   UV_CACHE_DIR: /home/runner/work/_temp/tools/uv-cache
brasileirao-predictor	Cleanroom	2026-09-23T06:26:03.9295326Z   CLEANROOM_PYTHON: /home/runner/work/_temp/tools/python/cpython-3.13.15-linux-x86_64-gnu/bin/python3.13
brasileirao-predictor	Cleanroom	2026-09-23T06:26:03.9295870Z ##[endgroup]
brasileirao-predictor	Cleanroom	2026-09-23T06:26:32.5429014Z {"repo": "brasileirao-predictor", "published": {"tests": 5, "failures": 0, "errors": 5, "skipped": 0, "passed": 0, "failed_ids": ["::tests.test_audit_hardening", "::tests.test_hostil_2026_07_18", "::tests.test_prospective_metrics", "::tests.test_prospective_protocol_v2", "::tests.test_sombra_h5"]}, "head_build": {"tests": 2, "failures": 0, "errors": 2, "skipped": 0, "passed": 0, "failed_ids": ["::tests.test_hostil_2026_07_18", "::tests.test_sombra_h5"]}}
brasileirao-predictor	Run actions/upload-artifact@v4	﻿2026-09-23T06:26:32.5622333Z Node 20 is being deprecated. This workflow is running with Node 24 by default. If you need to temporarily use Node 20, you can set the ACTIONS_ALLOW_USE_UNSECURE_NODE_VERSION=true environment variable. For more information see: https://github.blog/changelog/2025-09-19-deprecation-of-node-20-on-github-actions-runners/
brasileirao-predictor	Run actions/upload-artifact@v4	2026-09-23T06:26:32.5624293Z ##[group]Run actions/upload-artifact@v4
brasileirao-predictor	Run actions/upload-artifact@v4	2026-09-23T06:26:32.5624582Z with:
brasileirao-predictor	Run actions/upload-artifact@v4	2026-09-23T06:26:32.5624815Z   name: cleanroom-brasileirao-predictor
brasileirao-predictor	Run actions/upload-artifact@v4	2026-09-23T06:26:32.5625156Z   path: /home/runner/work/_temp/out/brasileirao-predictor
brasileirao-predictor	Run actions/upload-artifact@v4	2026-09-23T06:26:32.5625499Z   if-no-files-found: error
brasileirao-predictor	Run actions/upload-artifact@v4	2026-09-23T06:26:32.5625753Z   compression-level: 6
brasileirao-predictor	Run actions/upload-artifact@v4	2026-09-23T06:26:32.5625998Z   overwrite: false
brasileirao-predictor	Run actions/upload-artifact@v4	2026-09-23T06:26:32.5626233Z   include-hidden-files: false
brasileirao-predictor	Run actions/upload-artifact@v4	2026-09-23T06:26:32.5626489Z env:
brasileirao-predictor	Run actions/upload-artifact@v4	2026-09-23T06:26:32.5626731Z   CLEANROOM_UV: /home/runner/work/_temp/tools/uv/uv
brasileirao-predictor	Run actions/upload-artifact@v4	2026-09-23T06:26:32.5627366Z   UV_PYTHON_INSTALL_DIR: /home/runner/work/_temp/tools/python
brasileirao-predictor	Run actions/upload-artifact@v4	2026-09-23T06:26:32.5627792Z   UV_CACHE_DIR: /home/runner/work/_temp/tools/uv-cache
brasileirao-predictor	Run actions/upload-artifact@v4	2026-09-23T06:26:32.5628325Z   CLEANROOM_PYTHON: /home/runner/work/_temp/tools/python/cpython-3.13.15-linux-x86_64-gnu/bin/python3.13
brasileirao-predictor	Run actions/upload-artifact@v4	2026-09-23T06:26:32.5628836Z ##[endgroup]
brasileirao-predictor	Run actions/upload-artifact@v4	2026-09-23T06:26:32.7374430Z (node:2609) [DEP0040] DeprecationWarning: The `punycode` module is deprecated. Please use a userland alternative instead.
brasileirao-predictor	Run actions/upload-artifact@v4	2026-09-23T06:26:32.7375253Z (Use `node --trace-deprecation ...` to show where the warning was created)
brasileirao-predictor	Run actions/upload-artifact@v4	2026-09-23T06:26:32.7519462Z With the provided path, there will be 34 files uploaded
brasileirao-predictor	Run actions/upload-artifact@v4	2026-09-23T06:26:32.7525257Z Artifact name is valid!
brasileirao-predictor	Run actions/upload-artifact@v4	2026-09-23T06:26:32.7526404Z Root directory input is valid!
brasileirao-predictor	Run actions/upload-artifact@v4	2026-09-23T06:26:33.0035495Z Beginning upload of artifact content to blob storage
brasileirao-predictor	Run actions/upload-artifact@v4	2026-09-23T06:26:33.0590089Z (node:2609) [DEP0169] DeprecationWarning: `url.parse()` behavior is not standardized and prone to errors that have security implications. Use the WHATWG URL API instead. CVEs are not issued for `url.parse()` vulnerabilities.
brasileirao-predictor	Run actions/upload-artifact@v4	2026-09-23T06:26:33.3030725Z Uploaded bytes 71070
brasileirao-predictor	Run actions/upload-artifact@v4	2026-09-23T06:26:33.3548751Z Finished uploading artifact content to blob storage!
brasileirao-predictor	Run actions/upload-artifact@v4	2026-09-23T06:26:33.3549787Z SHA256 digest of uploaded artifact zip is 7c032938646ef5477b1b50467fd086bab98fc598e63db4530f6305e8a4fe3bba
brasileirao-predictor	Run actions/upload-artifact@v4	2026-09-23T06:26:33.3552323Z Finalizing artifact upload
brasileirao-predictor	Run actions/upload-artifact@v4	2026-09-23T06:26:33.5886094Z Artifact cleanroom-brasileirao-predictor.zip successfully finalized. Artifact ID 10735591251
brasileirao-predictor	Run actions/upload-artifact@v4	2026-09-23T06:26:33.5887523Z Artifact cleanroom-brasileirao-predictor has been successfully uploaded! Final size is 71070 bytes. Artifact ID is 10735591251
brasileirao-predictor	Run actions/upload-artifact@v4	2026-09-23T06:26:33.5894349Z Artifact download URL: https://github.com/leonardosovienski/predictor-qualification/actions/runs/35826713033/artifacts/10735591251
brasileirao-predictor	Post Run actions/checkout@v4	﻿2026-09-23T06:26:33.6129662Z Node 20 is being deprecated. This workflow is running with Node 24 by default. If you need to temporarily use Node 20, you can set the ACTIONS_ALLOW_USE_UNSECURE_NODE_VERSION=true environment variable. For more information see: https://github.blog/changelog/2025-09-19-deprecation-of-node-20-on-github-actions-runners/
brasileirao-predictor	Post Run actions/checkout@v4	2026-09-23T06:26:33.6131133Z Post job cleanup.
brasileirao-predictor	Post Run actions/checkout@v4	2026-09-23T06:26:33.7019583Z [command]/usr/bin/git version
brasileirao-predictor	Post Run actions/checkout@v4	2026-09-23T06:26:33.7067481Z git version 2.55.0
brasileirao-predictor	Post Run actions/checkout@v4	2026-09-23T06:26:33.7105152Z Temporarily overriding HOME='/home/runner/work/_temp/95f75179-4b2e-4ab3-a129-73aaa3806de7' before making global git config changes
brasileirao-predictor	Post Run actions/checkout@v4	2026-09-23T06:26:33.7106483Z Adding repository directory to the temporary git global config as a safe directory
brasileirao-predictor	Post Run actions/checkout@v4	2026-09-23T06:26:33.7111824Z [command]/usr/bin/git config --global --add safe.directory /home/runner/work/predictor-qualification/predictor-qualification
brasileirao-predictor	Post Run actions/checkout@v4	2026-09-23T06:26:33.7156917Z [command]/usr/bin/git config --local --name-only --get-regexp core\.sshCommand
brasileirao-predictor	Post Run actions/checkout@v4	2026-09-23T06:26:33.7197617Z [command]/usr/bin/git submodule foreach --recursive sh -c "git config --local --name-only --get-regexp 'core\.sshCommand' && git config --local --unset-all 'core.sshCommand' || :"
brasileirao-predictor	Post Run actions/checkout@v4	2026-09-23T06:26:33.7472405Z [command]/usr/bin/git config --local --name-only --get-regexp http\.https\:\/\/github\.com\/\.extraheader
brasileirao-predictor	Post Run actions/checkout@v4	2026-09-23T06:26:33.7515049Z [command]/usr/bin/git submodule foreach --recursive sh -c "git config --local --name-only --get-regexp 'http\.https\:\/\/github\.com\/\.extraheader' && git config --local --unset-all 'http.https://github.com/.extraheader' || :"
brasileirao-predictor	Post Run actions/checkout@v4	2026-09-23T06:26:33.7812006Z [command]/usr/bin/git config --local --name-only --get-regexp ^includeIf\.gitdir:
brasileirao-predictor	Post Run actions/checkout@v4	2026-09-23T06:26:33.7863037Z [command]/usr/bin/git submodule foreach --recursive git config --local --show-origin --name-only --get-regexp remote.origin.url
brasileirao-predictor	Complete job	﻿2026-09-23T06:26:33.8294435Z Cleaning up orphan processes
brasileirao-predictor	Complete job	2026-09-23T06:26:33.8606732Z ##[warning]Node.js 20 is deprecated. The following actions target Node.js 20 but are being forced to run on Node.js 24: actions/checkout@v4, actions/upload-artifact@v4. For more information see: https://github.blog/changelog/2025-09-19-deprecation-of-node-20-on-github-actions-runners/
stocks-predictor	Set up job	﻿2026-09-23T06:26:00.5667888Z Current runner version: '2.337.0'
stocks-predictor	Set up job	2026-09-23T06:26:00.5692922Z ##[group]Runner Image Provisioner
stocks-predictor	Set up job	2026-09-23T06:26:00.5693981Z Hosted Compute Agent
stocks-predictor	Set up job	2026-09-23T06:26:00.5694583Z Version: 20260828.587
stocks-predictor	Set up job	2026-09-23T06:26:00.5695299Z Commit: abac92662cab4cc7352de4f9f9d2e2419aad9c29
stocks-predictor	Set up job	2026-09-23T06:26:00.5696070Z Build Date: 2026-08-28T16:44:25Z
stocks-predictor	Set up job	2026-09-23T06:26:00.5696767Z Worker ID: {92dea1eb-b32b-4503-82ad-835841303ff9}
stocks-predictor	Set up job	2026-09-23T06:26:00.5697581Z Azure Region: westus3
stocks-predictor	Set up job	2026-09-23T06:26:00.5698157Z ##[endgroup]
stocks-predictor	Set up job	2026-09-23T06:26:00.5699850Z ##[group]Operating System
stocks-predictor	Set up job	2026-09-23T06:26:00.5700529Z Ubuntu
stocks-predictor	Set up job	2026-09-23T06:26:00.5701061Z 24.04.5
stocks-predictor	Set up job	2026-09-23T06:26:00.5701623Z LTS
stocks-predictor	Set up job	2026-09-23T06:26:00.5702140Z ##[endgroup]
stocks-predictor	Set up job	2026-09-23T06:26:00.5702961Z ##[group]Runner Image
stocks-predictor	Set up job	2026-09-23T06:26:00.5703709Z Image: ubuntu-24.04
stocks-predictor	Set up job	2026-09-23T06:26:00.5704313Z Version: 20260907.300.1
stocks-predictor	Set up job	2026-09-23T06:26:00.5705436Z Included Software: https://github.com/actions/runner-images/blob/ubuntu24/20260907.300/images/ubuntu/Ubuntu2404-Readme.md
stocks-predictor	Set up job	2026-09-23T06:26:00.5707145Z Image Release: https://github.com/actions/runner-images/releases/tag/ubuntu24%2F20260907.300
stocks-predictor	Set up job	2026-09-23T06:26:00.5708209Z ##[endgroup]
stocks-predictor	Set up job	2026-09-23T06:26:00.5709626Z ##[group]GITHUB_TOKEN Permissions
stocks-predictor	Set up job	2026-09-23T06:26:00.5711846Z Contents: read
stocks-predictor	Set up job	2026-09-23T06:26:00.5712823Z Metadata: read
stocks-predictor	Set up job	2026-09-23T06:26:00.5713486Z ##[endgroup]
stocks-predictor	Set up job	2026-09-23T06:26:00.5715531Z Secret source: Actions
stocks-predictor	Set up job	2026-09-23T06:26:00.5716574Z Cache mode: write
stocks-predictor	Set up job	2026-09-23T06:26:00.5717285Z Prepare workflow directory
stocks-predictor	Set up job	2026-09-23T06:26:00.6113714Z Prepare all required actions
stocks-predictor	Set up job	2026-09-23T06:26:00.6160875Z Getting action download info
stocks-predictor	Set up job	2026-09-23T06:26:00.9148620Z Download action repository 'actions/checkout@v4' (SHA:11d5960a326750d5838078e36cf38b85af677262)
stocks-predictor	Set up job	2026-09-23T06:26:01.3059960Z Download action repository 'actions/upload-artifact@v4' (SHA:ea165f8d65b6e75b540449e92b4886f43607fa02)
stocks-predictor	Set up job	2026-09-23T06:26:01.5535864Z Complete job name: stocks-predictor
stocks-predictor	Run actions/checkout@v4	﻿2026-09-23T06:26:01.6323927Z Node 20 is being deprecated. This workflow is running with Node 24 by default. If you need to temporarily use Node 20, you can set the ACTIONS_ALLOW_USE_UNSECURE_NODE_VERSION=true environment variable. For more information see: https://github.blog/changelog/2025-09-19-deprecation-of-node-20-on-github-actions-runners/
stocks-predictor	Run actions/checkout@v4	2026-09-23T06:26:01.6332235Z ##[group]Run actions/checkout@v4
stocks-predictor	Run actions/checkout@v4	2026-09-23T06:26:01.6333312Z with:
stocks-predictor	Run actions/checkout@v4	2026-09-23T06:26:01.6333800Z   persist-credentials: false
stocks-predictor	Run actions/checkout@v4	2026-09-23T06:26:01.6334444Z   repository: leonardosovienski/predictor-qualification
stocks-predictor	Run actions/checkout@v4	2026-09-23T06:26:01.6338416Z   token: ***
stocks-predictor	Run actions/checkout@v4	2026-09-23T06:26:01.6338872Z   ssh-strict: true
stocks-predictor	Run actions/checkout@v4	2026-09-23T06:26:01.6339333Z   ssh-user: git
stocks-predictor	Run actions/checkout@v4	2026-09-23T06:26:01.6339783Z   clean: true
stocks-predictor	Run actions/checkout@v4	2026-09-23T06:26:01.6340248Z   sparse-checkout-cone-mode: true
stocks-predictor	Run actions/checkout@v4	2026-09-23T06:26:01.6340799Z   fetch-depth: 1
stocks-predictor	Run actions/checkout@v4	2026-09-23T06:26:01.6341258Z   fetch-tags: false
stocks-predictor	Run actions/checkout@v4	2026-09-23T06:26:01.6341732Z   show-progress: true
stocks-predictor	Run actions/checkout@v4	2026-09-23T06:26:01.6342208Z   lfs: false
stocks-predictor	Run actions/checkout@v4	2026-09-23T06:26:01.6342820Z   submodules: false
stocks-predictor	Run actions/checkout@v4	2026-09-23T06:26:01.6343353Z   set-safe-directory: true
stocks-predictor	Run actions/checkout@v4	2026-09-23T06:26:01.6343892Z   allow-unsafe-pr-checkout: false
stocks-predictor	Run actions/checkout@v4	2026-09-23T06:26:01.6344767Z ##[endgroup]
stocks-predictor	Run actions/checkout@v4	2026-09-23T06:26:01.7387652Z Syncing repository: leonardosovienski/predictor-qualification
stocks-predictor	Run actions/checkout@v4	2026-09-23T06:26:01.7390486Z ##[group]Getting Git version info
stocks-predictor	Run actions/checkout@v4	2026-09-23T06:26:01.7392102Z Working directory is '/home/runner/work/predictor-qualification/predictor-qualification'
stocks-predictor	Run actions/checkout@v4	2026-09-23T06:26:01.7394607Z [command]/usr/bin/git version
stocks-predictor	Run actions/checkout@v4	2026-09-23T06:26:01.8353405Z git version 2.55.0
stocks-predictor	Run actions/checkout@v4	2026-09-23T06:26:01.8375814Z ##[endgroup]
stocks-predictor	Run actions/checkout@v4	2026-09-23T06:26:01.8391635Z Temporarily overriding HOME='/home/runner/work/_temp/836bc503-5efb-489a-bf8a-0a3a82fe2e9c' before making global git config changes
stocks-predictor	Run actions/checkout@v4	2026-09-23T06:26:01.8394644Z Adding repository directory to the temporary git global config as a safe directory
stocks-predictor	Run actions/checkout@v4	2026-09-23T06:26:01.8398129Z [command]/usr/bin/git config --global --add safe.directory /home/runner/work/predictor-qualification/predictor-qualification
stocks-predictor	Run actions/checkout@v4	2026-09-23T06:26:01.8618948Z Deleting the contents of '/home/runner/work/predictor-qualification/predictor-qualification'
stocks-predictor	Run actions/checkout@v4	2026-09-23T06:26:01.8623505Z ##[group]Initializing the repository
stocks-predictor	Run actions/checkout@v4	2026-09-23T06:26:01.8629232Z [command]/usr/bin/git init /home/runner/work/predictor-qualification/predictor-qualification
stocks-predictor	Run actions/checkout@v4	2026-09-23T06:26:01.9114439Z hint: Using 'master' as the name for the initial branch. This default branch name
stocks-predictor	Run actions/checkout@v4	2026-09-23T06:26:01.9116426Z hint: will change to "main" in Git 3.0. To configure the initial branch name
stocks-predictor	Run actions/checkout@v4	2026-09-23T06:26:01.9117619Z hint: to use in all of your new repositories, which will suppress this warning,
stocks-predictor	Run actions/checkout@v4	2026-09-23T06:26:01.9118548Z hint: call:
stocks-predictor	Run actions/checkout@v4	2026-09-23T06:26:01.9119069Z hint:
stocks-predictor	Run actions/checkout@v4	2026-09-23T06:26:01.9119683Z hint: 	git config --global init.defaultBranch <name>
stocks-predictor	Run actions/checkout@v4	2026-09-23T06:26:01.9120447Z hint:
stocks-predictor	Run actions/checkout@v4	2026-09-23T06:26:01.9121160Z hint: Names commonly chosen instead of 'master' are 'main', 'trunk' and
stocks-predictor	Run actions/checkout@v4	2026-09-23T06:26:01.9122326Z hint: 'development'. The just-created branch can be renamed via this command:
stocks-predictor	Run actions/checkout@v4	2026-09-23T06:26:01.9123992Z hint:
stocks-predictor	Run actions/checkout@v4	2026-09-23T06:26:01.9124815Z hint: 	git branch -m <name>
stocks-predictor	Run actions/checkout@v4	2026-09-23T06:26:01.9125735Z hint:
stocks-predictor	Run actions/checkout@v4	2026-09-23T06:26:01.9126934Z hint: Disable this message with "git config set advice.defaultBranchName false"
stocks-predictor	Run actions/checkout@v4	2026-09-23T06:26:01.9128316Z Initialized empty Git repository in /home/runner/work/predictor-qualification/predictor-qualification/.git/
stocks-predictor	Run actions/checkout@v4	2026-09-23T06:26:01.9130386Z [command]/usr/bin/git remote add origin https://github.com/leonardosovienski/predictor-qualification
stocks-predictor	Run actions/checkout@v4	2026-09-23T06:26:01.9344467Z ##[endgroup]
stocks-predictor	Run actions/checkout@v4	2026-09-23T06:26:01.9345480Z ##[group]Disabling automatic garbage collection
stocks-predictor	Run actions/checkout@v4	2026-09-23T06:26:01.9348747Z [command]/usr/bin/git config --local gc.auto 0
stocks-predictor	Run actions/checkout@v4	2026-09-23T06:26:01.9384333Z ##[endgroup]
stocks-predictor	Run actions/checkout@v4	2026-09-23T06:26:01.9385111Z ##[group]Setting up auth
stocks-predictor	Run actions/checkout@v4	2026-09-23T06:26:01.9391953Z [command]/usr/bin/git config --local --name-only --get-regexp core\.sshCommand
stocks-predictor	Run actions/checkout@v4	2026-09-23T06:26:01.9428807Z [command]/usr/bin/git submodule foreach --recursive sh -c "git config --local --name-only --get-regexp 'core\.sshCommand' && git config --local --unset-all 'core.sshCommand' || :"
stocks-predictor	Run actions/checkout@v4	2026-09-23T06:26:02.1057223Z [command]/usr/bin/git config --local --name-only --get-regexp http\.https\:\/\/github\.com\/\.extraheader
stocks-predictor	Run actions/checkout@v4	2026-09-23T06:26:02.1097898Z [command]/usr/bin/git submodule foreach --recursive sh -c "git config --local --name-only --get-regexp 'http\.https\:\/\/github\.com\/\.extraheader' && git config --local --unset-all 'http.https://github.com/.extraheader' || :"
stocks-predictor	Run actions/checkout@v4	2026-09-23T06:26:02.1330219Z [command]/usr/bin/git config --local --name-only --get-regexp ^includeIf\.gitdir:
stocks-predictor	Run actions/checkout@v4	2026-09-23T06:26:02.1368488Z [command]/usr/bin/git submodule foreach --recursive git config --local --show-origin --name-only --get-regexp remote.origin.url
stocks-predictor	Run actions/checkout@v4	2026-09-23T06:26:02.1597494Z [command]/usr/bin/git config --local http.https://github.com/.extraheader AUTHORIZATION: basic ***
stocks-predictor	Run actions/checkout@v4	2026-09-23T06:26:02.1638049Z ##[endgroup]
stocks-predictor	Run actions/checkout@v4	2026-09-23T06:26:02.1648030Z ##[group]Fetching the repository
stocks-predictor	Run actions/checkout@v4	2026-09-23T06:26:02.1649884Z [command]/usr/bin/git -c protocol.version=2 fetch --no-tags --prune --no-recurse-submodules --depth=1 origin +ab7aeb845b9632511c8074b83ef49dd298f1effe:refs/remotes/origin/shared/baseline-v1
stocks-predictor	Run actions/checkout@v4	2026-09-23T06:26:03.3772778Z From https://github.com/leonardosovienski/predictor-qualification
stocks-predictor	Run actions/checkout@v4	2026-09-23T06:26:03.3774651Z  * [new ref]         ab7aeb845b9632511c8074b83ef49dd298f1effe -> origin/shared/baseline-v1
stocks-predictor	Run actions/checkout@v4	2026-09-23T06:26:03.3779510Z ##[endgroup]
stocks-predictor	Run actions/checkout@v4	2026-09-23T06:26:03.3780540Z ##[group]Determining the checkout info
stocks-predictor	Run actions/checkout@v4	2026-09-23T06:26:03.3783159Z ##[endgroup]
stocks-predictor	Run actions/checkout@v4	2026-09-23T06:26:03.3791216Z [command]/usr/bin/git sparse-checkout disable
stocks-predictor	Run actions/checkout@v4	2026-09-23T06:26:03.3973237Z [command]/usr/bin/git config --local --unset-all extensions.worktreeConfig
stocks-predictor	Run actions/checkout@v4	2026-09-23T06:26:03.4006828Z ##[group]Checking out the ref
stocks-predictor	Run actions/checkout@v4	2026-09-23T06:26:03.4013333Z [command]/usr/bin/git checkout --progress --force -B shared/baseline-v1 refs/remotes/origin/shared/baseline-v1
stocks-predictor	Run actions/checkout@v4	2026-09-23T06:26:03.4279235Z Switched to a new branch 'shared/baseline-v1'
stocks-predictor	Run actions/checkout@v4	2026-09-23T06:26:03.4286280Z branch 'shared/baseline-v1' set up to track 'origin/shared/baseline-v1'.
stocks-predictor	Run actions/checkout@v4	2026-09-23T06:26:03.4292035Z ##[endgroup]
stocks-predictor	Run actions/checkout@v4	2026-09-23T06:26:03.4335580Z [command]/usr/bin/git log -1 --format=%H
stocks-predictor	Run actions/checkout@v4	2026-09-23T06:26:03.4362256Z ab7aeb845b9632511c8074b83ef49dd298f1effe
stocks-predictor	Run actions/checkout@v4	2026-09-23T06:26:03.4371298Z ##[group]Removing auth
stocks-predictor	Run actions/checkout@v4	2026-09-23T06:26:03.4375225Z [command]/usr/bin/git config --local --name-only --get-regexp core\.sshCommand
stocks-predictor	Run actions/checkout@v4	2026-09-23T06:26:03.4407750Z [command]/usr/bin/git submodule foreach --recursive sh -c "git config --local --name-only --get-regexp 'core\.sshCommand' && git config --local --unset-all 'core.sshCommand' || :"
stocks-predictor	Run actions/checkout@v4	2026-09-23T06:26:03.4630273Z [command]/usr/bin/git config --local --name-only --get-regexp http\.https\:\/\/github\.com\/\.extraheader
stocks-predictor	Run actions/checkout@v4	2026-09-23T06:26:03.4658107Z http.https://github.com/.extraheader
stocks-predictor	Run actions/checkout@v4	2026-09-23T06:26:03.4665534Z [command]/usr/bin/git config --local --unset-all http.https://github.com/.extraheader
stocks-predictor	Run actions/checkout@v4	2026-09-23T06:26:03.4699743Z [command]/usr/bin/git submodule foreach --recursive sh -c "git config --local --name-only --get-regexp 'http\.https\:\/\/github\.com\/\.extraheader' && git config --local --unset-all 'http.https://github.com/.extraheader' || :"
stocks-predictor	Run actions/checkout@v4	2026-09-23T06:26:03.4920301Z [command]/usr/bin/git config --local --name-only --get-regexp ^includeIf\.gitdir:
stocks-predictor	Run actions/checkout@v4	2026-09-23T06:26:03.4952033Z [command]/usr/bin/git submodule foreach --recursive git config --local --show-origin --name-only --get-regexp remote.origin.url
stocks-predictor	Run actions/checkout@v4	2026-09-23T06:26:03.5171468Z ##[endgroup]
stocks-predictor	uv e Python fixados pelo plano	﻿2026-09-23T06:26:03.5378530Z ##[group]Run plan=qualification/shared/SHARED-002/CLEANROOM_PLAN.json
stocks-predictor	uv e Python fixados pelo plano	2026-09-23T06:26:03.5379211Z ^[[36;1mplan=qualification/shared/SHARED-002/CLEANROOM_PLAN.json^[[0m
stocks-predictor	uv e Python fixados pelo plano	2026-09-23T06:26:03.5379714Z ^[[36;1muv_version=$(jq -r .environment.uv_version "$plan")^[[0m
stocks-predictor	uv e Python fixados pelo plano	2026-09-23T06:26:03.5380155Z ^[[36;1muv_asset=$(jq -r .environment.uv_asset "$plan")^[[0m
stocks-predictor	uv e Python fixados pelo plano	2026-09-23T06:26:03.5380582Z ^[[36;1muv_sha=$(jq -r .environment.uv_sha256 "$plan")^[[0m
stocks-predictor	uv e Python fixados pelo plano	2026-09-23T06:26:03.5380978Z ^[[36;1mpy=$(jq -r .environment.python "$plan")^[[0m
stocks-predictor	uv e Python fixados pelo plano	2026-09-23T06:26:03.5381333Z ^[[36;1mtools="$RUNNER_TEMP/tools"^[[0m
stocks-predictor	uv e Python fixados pelo plano	2026-09-23T06:26:03.5381668Z ^[[36;1mmkdir -p "$tools/uv"^[[0m
stocks-predictor	uv e Python fixados pelo plano	2026-09-23T06:26:03.5382233Z ^[[36;1mcurl -sSfL -o "$tools/$uv_asset" "https://github.com/astral-sh/uv/releases/download/$uv_version/$uv_asset"^[[0m
stocks-predictor	uv e Python fixados pelo plano	2026-09-23T06:26:03.5383300Z ^[[36;1mecho "$uv_sha  $tools/$uv_asset" | sha256sum -c -^[[0m
stocks-predictor	uv e Python fixados pelo plano	2026-09-23T06:26:03.5383776Z ^[[36;1mtar -xzf "$tools/$uv_asset" -C "$tools/uv" --strip-components=1^[[0m
stocks-predictor	uv e Python fixados pelo plano	2026-09-23T06:26:03.5384386Z ^[[36;1mexport UV_PYTHON_INSTALL_DIR="$tools/python" UV_PYTHON_PREFERENCE=only-managed UV_NO_CONFIG=1^[[0m
stocks-predictor	uv e Python fixados pelo plano	2026-09-23T06:26:03.5384971Z ^[[36;1m"$tools/uv/uv" python install "$py"^[[0m
stocks-predictor	uv e Python fixados pelo plano	2026-09-23T06:26:03.5385360Z ^[[36;1mecho "CLEANROOM_UV=$tools/uv/uv" >> "$GITHUB_ENV"^[[0m
stocks-predictor	uv e Python fixados pelo plano	2026-09-23T06:26:03.5385808Z ^[[36;1mecho "UV_PYTHON_INSTALL_DIR=$tools/python" >> "$GITHUB_ENV"^[[0m
stocks-predictor	uv e Python fixados pelo plano	2026-09-23T06:26:03.5386259Z ^[[36;1mecho "UV_CACHE_DIR=$tools/uv-cache" >> "$GITHUB_ENV"^[[0m
stocks-predictor	uv e Python fixados pelo plano	2026-09-23T06:26:03.5386762Z ^[[36;1mecho "CLEANROOM_PYTHON=$("$tools/uv/uv" python find "$py")" >> "$GITHUB_ENV"^[[0m
stocks-predictor	uv e Python fixados pelo plano	2026-09-23T06:26:03.5428849Z shell: /usr/bin/bash -e {0}
stocks-predictor	uv e Python fixados pelo plano	2026-09-23T06:26:03.5429210Z ##[endgroup]
stocks-predictor	uv e Python fixados pelo plano	2026-09-23T06:26:03.8497961Z /home/runner/work/_temp/tools/uv-x86_64-unknown-linux-gnu.tar.gz: OK
stocks-predictor	uv e Python fixados pelo plano	2026-09-23T06:26:04.3538485Z Downloading cpython-3.13.15-linux-x86_64-gnu (download) (33.2MiB)
stocks-predictor	uv e Python fixados pelo plano	2026-09-23T06:26:05.2389635Z  Downloaded cpython-3.13.15-linux-x86_64-gnu (download)
stocks-predictor	uv e Python fixados pelo plano	2026-09-23T06:26:05.2438121Z Installed Python 3.13.15 in 1.03s
stocks-predictor	uv e Python fixados pelo plano	2026-09-23T06:26:05.2439055Z  + cpython-3.13.15-linux-x86_64-gnu (python3.13)
stocks-predictor	Cleanroom	﻿2026-09-23T06:26:05.4052902Z ##[group]Run "$CLEANROOM_PYTHON" -I qualification/shared/scripts/cleanroom_baseline.py \
stocks-predictor	Cleanroom	2026-09-23T06:26:05.4053669Z ^[[36;1m"$CLEANROOM_PYTHON" -I qualification/shared/scripts/cleanroom_baseline.py \^[[0m
stocks-predictor	Cleanroom	2026-09-23T06:26:05.4054394Z ^[[36;1m  qualification/shared/SHARED-002/CLEANROOM_PLAN.json "stocks-predictor" "$RUNNER_TEMP/out/stocks-predictor"^[[0m
stocks-predictor	Cleanroom	2026-09-23T06:26:05.4092529Z shell: /usr/bin/bash -e {0}
stocks-predictor	Cleanroom	2026-09-23T06:26:05.4092836Z env:
stocks-predictor	Cleanroom	2026-09-23T06:26:05.4093343Z   CLEANROOM_UV: /home/runner/work/_temp/tools/uv/uv
stocks-predictor	Cleanroom	2026-09-23T06:26:05.4093769Z   UV_PYTHON_INSTALL_DIR: /home/runner/work/_temp/tools/python
stocks-predictor	Cleanroom	2026-09-23T06:26:05.4094175Z   UV_CACHE_DIR: /home/runner/work/_temp/tools/uv-cache
stocks-predictor	Cleanroom	2026-09-23T06:26:05.4094716Z   CLEANROOM_PYTHON: /home/runner/work/_temp/tools/python/cpython-3.13.15-linux-x86_64-gnu/bin/python3.13
stocks-predictor	Cleanroom	2026-09-23T06:26:05.4095224Z ##[endgroup]
stocks-predictor	Cleanroom	2026-09-23T06:26:17.2302654Z {"repo": "stocks-predictor", "published": {"tests": 50, "failures": 0, "errors": 50, "skipped": 0, "passed": 0, "failed_ids": ["::tests.test_adjust", "::tests.test_analyst", "::tests.test_backtest_m5", "::tests.test_big_winner_v2", "::tests.test_cash_source_audit", "::tests.test_cotahist", "::tests.test_document_panel", "::tests.test_dsr_deflation_guard", "::tests.test_economic_gate", "::tests.test_economics", "::tests.test_entrypoint_integrity", "::tests.test_external_intelligence", "::tests.test_factor_portfolio", "::tests.test_h10_double_filter", "::tests.test_h11_total_return", "::tests.test_h12_quality_margin", "::tests.test_h13_revenue_growth", "::tests.test_h14_near_52w_high", "::tests.test_h15_volume_surge", "::tests.test_h16_turn_of_month", "::tests.test_h17_accruals", "::tests.test_h18_h19_value", "::tests.test_h2_gate", "::tests.test_h4_sizing", "::tests.test_h5_reversal", "::tests.test_h6_momentum6", "::tests.test_h7_quality_roe", "::tests.test_h8_double_filter", "::tests.test_h9_quality_leverage", "::tests.test_legacy_schema_compatibility", "::tests.test_paper", "::tests.test_purge_embargo_limitation", "::tests.test_quote_factor", "::tests.test_readonly_entrypoints", "::tests.test_repairs_cvm", "::tests.test_repairs_execution", "::tests.test_report", "::tests.test_retail_cash", "::tests.test_returns", "::tests.test_rj_audit_2026_08_24", "::tests.test_rj_audit_integrity", "::tests.test_rj_ingest", "::tests.test_rj_next_gen", "::tests.test_rj_pipeline", "::tests.test_rj_power", "::tests.test_rj_power_gate", "::tests.test_rj_smoke_synthetic", "::tests.test_source_history", "::tests.test_stock_bonus", "::tests.test_universe"]}, "head_build": {"tests": 48, "failures": 0, "errors": 48, "skipped": 0, "passed": 0, "failed_ids": ["::tests.test_adjust", "::tests.test_analyst", "::tests.test_backtest_m5", "::tests.test_cash_source_audit", "::tests.test_cotahist", "::tests.test_document_panel", "::tests.test_dsr_deflation_guard", "::tests.test_economic_gate", "::te
stocks-predictor	Run actions/upload-artifact@v4	﻿2026-09-23T06:26:17.2489407Z Node 20 is being deprecated. This workflow is running with Node 24 by default. If you need to temporarily use Node 20, you can set the ACTIONS_ALLOW_USE_UNSECURE_NODE_VERSION=true environment variable. For more information see: https://github.blog/changelog/2025-09-19-deprecation-of-node-20-on-github-actions-runners/
stocks-predictor	Run actions/upload-artifact@v4	2026-09-23T06:26:17.2490986Z ##[group]Run actions/upload-artifact@v4
stocks-predictor	Run actions/upload-artifact@v4	2026-09-23T06:26:17.2491265Z with:
stocks-predictor	Run actions/upload-artifact@v4	2026-09-23T06:26:17.2491482Z   name: cleanroom-stocks-predictor
stocks-predictor	Run actions/upload-artifact@v4	2026-09-23T06:26:17.2491814Z   path: /home/runner/work/_temp/out/stocks-predictor
stocks-predictor	Run actions/upload-artifact@v4	2026-09-23T06:26:17.2492135Z   if-no-files-found: error
stocks-predictor	Run actions/upload-artifact@v4	2026-09-23T06:26:17.2492671Z   compression-level: 6
stocks-predictor	Run actions/upload-artifact@v4	2026-09-23T06:26:17.2492913Z   overwrite: false
stocks-predictor	Run actions/upload-artifact@v4	2026-09-23T06:26:17.2493136Z   include-hidden-files: false
stocks-predictor	Run actions/upload-artifact@v4	2026-09-23T06:26:17.2493381Z env:
stocks-predictor	Run actions/upload-artifact@v4	2026-09-23T06:26:17.2493610Z   CLEANROOM_UV: /home/runner/work/_temp/tools/uv/uv
stocks-predictor	Run actions/upload-artifact@v4	2026-09-23T06:26:17.2493987Z   UV_PYTHON_INSTALL_DIR: /home/runner/work/_temp/tools/python
stocks-predictor	Run actions/upload-artifact@v4	2026-09-23T06:26:17.2494362Z   UV_CACHE_DIR: /home/runner/work/_temp/tools/uv-cache
stocks-predictor	Run actions/upload-artifact@v4	2026-09-23T06:26:17.2494927Z   CLEANROOM_PYTHON: /home/runner/work/_temp/tools/python/cpython-3.13.15-linux-x86_64-gnu/bin/python3.13
stocks-predictor	Run actions/upload-artifact@v4	2026-09-23T06:26:17.2495445Z ##[endgroup]
stocks-predictor	Run actions/upload-artifact@v4	2026-09-23T06:26:17.4226554Z (node:2564) [DEP0040] DeprecationWarning: The `punycode` module is deprecated. Please use a userland alternative instead.
stocks-predictor	Run actions/upload-artifact@v4	2026-09-23T06:26:17.4227979Z (Use `node --trace-deprecation ...` to show where the warning was created)
stocks-predictor	Run actions/upload-artifact@v4	2026-09-23T06:26:17.4405829Z With the provided path, there will be 26 files uploaded
stocks-predictor	Run actions/upload-artifact@v4	2026-09-23T06:26:17.4443351Z Artifact name is valid!
stocks-predictor	Run actions/upload-artifact@v4	2026-09-23T06:26:17.4457805Z Root directory input is valid!
stocks-predictor	Run actions/upload-artifact@v4	2026-09-23T06:26:17.7769730Z Beginning upload of artifact content to blob storage
stocks-predictor	Run actions/upload-artifact@v4	2026-09-23T06:26:17.8295887Z (node:2564) [DEP0169] DeprecationWarning: `url.parse()` behavior is not standardized and prone to errors that have security implications. Use the WHATWG URL API instead. CVEs are not issued for `url.parse()` vulnerabilities.
stocks-predictor	Run actions/upload-artifact@v4	2026-09-23T06:26:18.0783822Z Uploaded bytes 30180
stocks-predictor	Run actions/upload-artifact@v4	2026-09-23T06:26:18.1366585Z Finished uploading artifact content to blob storage!
stocks-predictor	Run actions/upload-artifact@v4	2026-09-23T06:26:18.1368065Z SHA256 digest of uploaded artifact zip is b0f579c8934e1805d53a692859ff9dbdec114fb224a510b05e43671924e0ed16
stocks-predictor	Run actions/upload-artifact@v4	2026-09-23T06:26:18.1370228Z Finalizing artifact upload
stocks-predictor	Run actions/upload-artifact@v4	2026-09-23T06:26:18.3887990Z Artifact cleanroom-stocks-predictor.zip successfully finalized. Artifact ID 10735391709
stocks-predictor	Run actions/upload-artifact@v4	2026-09-23T06:26:18.3889872Z Artifact cleanroom-stocks-predictor has been successfully uploaded! Final size is 30180 bytes. Artifact ID is 10735391709
stocks-predictor	Run actions/upload-artifact@v4	2026-09-23T06:26:18.3896783Z Artifact download URL: https://github.com/leonardosovienski/predictor-qualification/actions/runs/35826713033/artifacts/10735391709
stocks-predictor	Post Run actions/checkout@v4	﻿2026-09-23T06:26:18.4111715Z Node 20 is being deprecated. This workflow is running with Node 24 by default. If you need to temporarily use Node 20, you can set the ACTIONS_ALLOW_USE_UNSECURE_NODE_VERSION=true environment variable. For more information see: https://github.blog/changelog/2025-09-19-deprecation-of-node-20-on-github-actions-runners/
stocks-predictor	Post Run actions/checkout@v4	2026-09-23T06:26:18.4113346Z Post job cleanup.
stocks-predictor	Post Run actions/checkout@v4	2026-09-23T06:26:18.4950892Z [command]/usr/bin/git version
stocks-predictor	Post Run actions/checkout@v4	2026-09-23T06:26:18.4996832Z git version 2.55.0
stocks-predictor	Post Run actions/checkout@v4	2026-09-23T06:26:18.5039891Z Temporarily overriding HOME='/home/runner/work/_temp/2841fee1-88fa-476a-9a90-4d8541c8a146' before making global git config changes
stocks-predictor	Post Run actions/checkout@v4	2026-09-23T06:26:18.5041316Z Adding repository directory to the temporary git global config as a safe directory
stocks-predictor	Post Run actions/checkout@v4	2026-09-23T06:26:18.5046982Z [command]/usr/bin/git config --global --add safe.directory /home/runner/work/predictor-qualification/predictor-qualification
stocks-predictor	Post Run actions/checkout@v4	2026-09-23T06:26:18.5093670Z [command]/usr/bin/git config --local --name-only --get-regexp core\.sshCommand
stocks-predictor	Post Run actions/checkout@v4	2026-09-23T06:26:18.5134981Z [command]/usr/bin/git submodule foreach --recursive sh -c "git config --local --name-only --get-regexp 'core\.sshCommand' && git config --local --unset-all 'core.sshCommand' || :"
stocks-predictor	Post Run actions/checkout@v4	2026-09-23T06:26:18.5400180Z [command]/usr/bin/git config --local --name-only --get-regexp http\.https\:\/\/github\.com\/\.extraheader
stocks-predictor	Post Run actions/checkout@v4	2026-09-23T06:26:18.5444971Z [command]/usr/bin/git submodule foreach --recursive sh -c "git config --local --name-only --get-regexp 'http\.https\:\/\/github\.com\/\.extraheader' && git config --local --unset-all 'http.https://github.com/.extraheader' || :"
stocks-predictor	Post Run actions/checkout@v4	2026-09-23T06:26:18.5704266Z [command]/usr/bin/git config --local --name-only --get-regexp ^includeIf\.gitdir:
stocks-predictor	Post Run actions/checkout@v4	2026-09-23T06:26:18.5741452Z [command]/usr/bin/git submodule foreach --recursive git config --local --show-origin --name-only --get-regexp remote.origin.url
stocks-predictor	Complete job	﻿2026-09-23T06:26:18.6134060Z Cleaning up orphan processes
stocks-predictor	Complete job	2026-09-23T06:26:18.6444505Z ##[warning]Node.js 20 is deprecated. The following actions target Node.js 20 but are being forced to run on Node.js 24: actions/checkout@v4, actions/upload-artifact@v4. For more information see: https://github.blog/changelog/2025-09-19-deprecation-of-node-20-on-github-actions-runners/
cripto-predictor	Set up job	﻿2026-09-23T06:26:00.5126289Z Current runner version: '2.337.0'
cripto-predictor	Set up job	2026-09-23T06:26:00.5151429Z ##[group]Runner Image Provisioner
cripto-predictor	Set up job	2026-09-23T06:26:00.5152390Z Hosted Compute Agent
cripto-predictor	Set up job	2026-09-23T06:26:00.5152977Z Version: 20260828.587
cripto-predictor	Set up job	2026-09-23T06:26:00.5153662Z Commit: abac92662cab4cc7352de4f9f9d2e2419aad9c29
cripto-predictor	Set up job	2026-09-23T06:26:00.5154363Z Build Date: 2026-08-28T16:44:25Z
cripto-predictor	Set up job	2026-09-23T06:26:00.5154987Z Worker ID: {f4dd0fc8-e27c-4a58-b28b-188319aef91a}
cripto-predictor	Set up job	2026-09-23T06:26:00.5155661Z Azure Region: westus3
cripto-predictor	Set up job	2026-09-23T06:26:00.5156180Z ##[endgroup]
cripto-predictor	Set up job	2026-09-23T06:26:00.5157712Z ##[group]Operating System
cripto-predictor	Set up job	2026-09-23T06:26:00.5158332Z Ubuntu
cripto-predictor	Set up job	2026-09-23T06:26:00.5158802Z 24.04.5
cripto-predictor	Set up job	2026-09-23T06:26:00.5159282Z LTS
cripto-predictor	Set up job	2026-09-23T06:26:00.5159820Z ##[endgroup]
cripto-predictor	Set up job	2026-09-23T06:26:00.5160312Z ##[group]Runner Image
cripto-predictor	Set up job	2026-09-23T06:26:00.5160885Z Image: ubuntu-24.04
cripto-predictor	Set up job	2026-09-23T06:26:00.5161411Z Version: 20260907.300.1
cripto-predictor	Set up job	2026-09-23T06:26:00.5162350Z Included Software: https://github.com/actions/runner-images/blob/ubuntu24/20260907.300/images/ubuntu/Ubuntu2404-Readme.md
cripto-predictor	Set up job	2026-09-23T06:26:00.5164132Z Image Release: https://github.com/actions/runner-images/releases/tag/ubuntu24%2F20260907.300
cripto-predictor	Set up job	2026-09-23T06:26:00.5165017Z ##[endgroup]
cripto-predictor	Set up job	2026-09-23T06:26:00.5166106Z ##[group]GITHUB_TOKEN Permissions
cripto-predictor	Set up job	2026-09-23T06:26:00.5168616Z Contents: read
cripto-predictor	Set up job	2026-09-23T06:26:00.5169184Z Metadata: read
cripto-predictor	Set up job	2026-09-23T06:26:00.5169667Z ##[endgroup]
cripto-predictor	Set up job	2026-09-23T06:26:00.5171709Z Secret source: Actions
cripto-predictor	Set up job	2026-09-23T06:26:00.5172600Z Cache mode: write
cripto-predictor	Set up job	2026-09-23T06:26:00.5173312Z Prepare workflow directory
cripto-predictor	Set up job	2026-09-23T06:26:00.5505610Z Prepare all required actions
cripto-predictor	Set up job	2026-09-23T06:26:00.5554370Z Getting action download info
cripto-predictor	Set up job	2026-09-23T06:26:00.8433611Z Download action repository 'actions/checkout@v4' (SHA:11d5960a326750d5838078e36cf38b85af677262)
cripto-predictor	Set up job	2026-09-23T06:26:00.9529675Z Download action repository 'actions/upload-artifact@v4' (SHA:ea165f8d65b6e75b540449e92b4886f43607fa02)
cripto-predictor	Set up job	2026-09-23T06:26:01.1275886Z Complete job name: cripto-predictor
cripto-predictor	Run actions/checkout@v4	﻿2026-09-23T06:26:01.1964502Z Node 20 is being deprecated. This workflow is running with Node 24 by default. If you need to temporarily use Node 20, you can set the ACTIONS_ALLOW_USE_UNSECURE_NODE_VERSION=true environment variable. For more information see: https://github.blog/changelog/2025-09-19-deprecation-of-node-20-on-github-actions-runners/
cripto-predictor	Run actions/checkout@v4	2026-09-23T06:26:01.1973732Z ##[group]Run actions/checkout@v4
cripto-predictor	Run actions/checkout@v4	2026-09-23T06:26:01.1974782Z with:
cripto-predictor	Run actions/checkout@v4	2026-09-23T06:26:01.1975280Z   persist-credentials: false
cripto-predictor	Run actions/checkout@v4	2026-09-23T06:26:01.1975915Z   repository: leonardosovienski/predictor-qualification
cripto-predictor	Run actions/checkout@v4	2026-09-23T06:26:01.1980016Z   token: ***
cripto-predictor	Run actions/checkout@v4	2026-09-23T06:26:01.1980487Z   ssh-strict: true
cripto-predictor	Run actions/checkout@v4	2026-09-23T06:26:01.1980981Z   ssh-user: git
cripto-predictor	Run actions/checkout@v4	2026-09-23T06:26:01.1981439Z   clean: true
cripto-predictor	Run actions/checkout@v4	2026-09-23T06:26:01.1981927Z   sparse-checkout-cone-mode: true
cripto-predictor	Run actions/checkout@v4	2026-09-23T06:26:01.1982502Z   fetch-depth: 1
cripto-predictor	Run actions/checkout@v4	2026-09-23T06:26:01.1982969Z   fetch-tags: false
cripto-predictor	Run actions/checkout@v4	2026-09-23T06:26:01.1983746Z   show-progress: true
cripto-predictor	Run actions/checkout@v4	2026-09-23T06:26:01.1984266Z   lfs: false
cripto-predictor	Run actions/checkout@v4	2026-09-23T06:26:01.1984704Z   submodules: false
cripto-predictor	Run actions/checkout@v4	2026-09-23T06:26:01.1985326Z   set-safe-directory: true
cripto-predictor	Run actions/checkout@v4	2026-09-23T06:26:01.1985986Z   allow-unsafe-pr-checkout: false
cripto-predictor	Run actions/checkout@v4	2026-09-23T06:26:01.1986900Z ##[endgroup]
cripto-predictor	Run actions/checkout@v4	2026-09-23T06:26:01.3106252Z Syncing repository: leonardosovienski/predictor-qualification
cripto-predictor	Run actions/checkout@v4	2026-09-23T06:26:01.3109371Z ##[group]Getting Git version info
cripto-predictor	Run actions/checkout@v4	2026-09-23T06:26:01.3110658Z Working directory is '/home/runner/work/predictor-qualification/predictor-qualification'
cripto-predictor	Run actions/checkout@v4	2026-09-23T06:26:01.3111904Z [command]/usr/bin/git version
cripto-predictor	Run actions/checkout@v4	2026-09-23T06:26:01.3112360Z git version 2.55.0
cripto-predictor	Run actions/checkout@v4	2026-09-23T06:26:01.3114034Z ##[endgroup]
cripto-predictor	Run actions/checkout@v4	2026-09-23T06:26:01.3118124Z Temporarily overriding HOME='/home/runner/work/_temp/507c2b47-1426-46d7-9e28-bbfebfaa9efa' before making global git config changes
cripto-predictor	Run actions/checkout@v4	2026-09-23T06:26:01.3119339Z Adding repository directory to the temporary git global config as a safe directory
cripto-predictor	Run actions/checkout@v4	2026-09-23T06:26:01.3120488Z [command]/usr/bin/git config --global --add safe.directory /home/runner/work/predictor-qualification/predictor-qualification
cripto-predictor	Run actions/checkout@v4	2026-09-23T06:26:01.3146628Z Deleting the contents of '/home/runner/work/predictor-qualification/predictor-qualification'
cripto-predictor	Run actions/checkout@v4	2026-09-23T06:26:01.3152083Z ##[group]Initializing the repository
cripto-predictor	Run actions/checkout@v4	2026-09-23T06:26:01.3157442Z [command]/usr/bin/git init /home/runner/work/predictor-qualification/predictor-qualification
cripto-predictor	Run actions/checkout@v4	2026-09-23T06:26:01.3252053Z hint: Using 'master' as the name for the initial branch. This default branch name
cripto-predictor	Run actions/checkout@v4	2026-09-23T06:26:01.3253243Z hint: will change to "main" in Git 3.0. To configure the initial branch name
cripto-predictor	Run actions/checkout@v4	2026-09-23T06:26:01.3254309Z hint: to use in all of your new repositories, which will suppress this warning,
cripto-predictor	Run actions/checkout@v4	2026-09-23T06:26:01.3254978Z hint: call:
cripto-predictor	Run actions/checkout@v4	2026-09-23T06:26:01.3255342Z hint:
cripto-predictor	Run actions/checkout@v4	2026-09-23T06:26:01.3255804Z hint: 	git config --global init.defaultBranch <name>
cripto-predictor	Run actions/checkout@v4	2026-09-23T06:26:01.3256379Z hint:
cripto-predictor	Run actions/checkout@v4	2026-09-23T06:26:01.3256904Z hint: Names commonly chosen instead of 'master' are 'main', 'trunk' and
cripto-predictor	Run actions/checkout@v4	2026-09-23T06:26:01.3257728Z hint: 'development'. The just-created branch can be renamed via this command:
cripto-predictor	Run actions/checkout@v4	2026-09-23T06:26:01.3258435Z hint:
cripto-predictor	Run actions/checkout@v4	2026-09-23T06:26:01.3258824Z hint: 	git branch -m <name>
cripto-predictor	Run actions/checkout@v4	2026-09-23T06:26:01.3259240Z hint:
cripto-predictor	Run actions/checkout@v4	2026-09-23T06:26:01.3259804Z hint: Disable this message with "git config set advice.defaultBranchName false"
cripto-predictor	Run actions/checkout@v4	2026-09-23T06:26:01.3264770Z Initialized empty Git repository in /home/runner/work/predictor-qualification/predictor-qualification/.git/
cripto-predictor	Run actions/checkout@v4	2026-09-23T06:26:01.3275910Z [command]/usr/bin/git remote add origin https://github.com/leonardosovienski/predictor-qualification
cripto-predictor	Run actions/checkout@v4	2026-09-23T06:26:01.3319928Z ##[endgroup]
cripto-predictor	Run actions/checkout@v4	2026-09-23T06:26:01.3320990Z ##[group]Disabling automatic garbage collection
cripto-predictor	Run actions/checkout@v4	2026-09-23T06:26:01.3324593Z [command]/usr/bin/git config --local gc.auto 0
cripto-predictor	Run actions/checkout@v4	2026-09-23T06:26:01.3352666Z ##[endgroup]
cripto-predictor	Run actions/checkout@v4	2026-09-23T06:26:01.3353799Z ##[group]Setting up auth
cripto-predictor	Run actions/checkout@v4	2026-09-23T06:26:01.3361195Z [command]/usr/bin/git config --local --name-only --get-regexp core\.sshCommand
cripto-predictor	Run actions/checkout@v4	2026-09-23T06:26:01.3393181Z [command]/usr/bin/git submodule foreach --recursive sh -c "git config --local --name-only --get-regexp 'core\.sshCommand' && git config --local --unset-all 'core.sshCommand' || :"
cripto-predictor	Run actions/checkout@v4	2026-09-23T06:26:01.3711493Z [command]/usr/bin/git config --local --name-only --get-regexp http\.https\:\/\/github\.com\/\.extraheader
cripto-predictor	Run actions/checkout@v4	2026-09-23T06:26:01.3749691Z [command]/usr/bin/git submodule foreach --recursive sh -c "git config --local --name-only --get-regexp 'http\.https\:\/\/github\.com\/\.extraheader' && git config --local --unset-all 'http.https://github.com/.extraheader' || :"
cripto-predictor	Run actions/checkout@v4	2026-09-23T06:26:01.3955752Z [command]/usr/bin/git config --local --name-only --get-regexp ^includeIf\.gitdir:
cripto-predictor	Run actions/checkout@v4	2026-09-23T06:26:01.3986330Z [command]/usr/bin/git submodule foreach --recursive git config --local --show-origin --name-only --get-regexp remote.origin.url
cripto-predictor	Run actions/checkout@v4	2026-09-23T06:26:01.4163825Z [command]/usr/bin/git config --local http.https://github.com/.extraheader AUTHORIZATION: basic ***
cripto-predictor	Run actions/checkout@v4	2026-09-23T06:26:01.4196129Z ##[endgroup]
cripto-predictor	Run actions/checkout@v4	2026-09-23T06:26:01.4197502Z ##[group]Fetching the repository
cripto-predictor	Run actions/checkout@v4	2026-09-23T06:26:01.4207265Z [command]/usr/bin/git -c protocol.version=2 fetch --no-tags --prune --no-recurse-submodules --depth=1 origin +ab7aeb845b9632511c8074b83ef49dd298f1effe:refs/remotes/origin/shared/baseline-v1
cripto-predictor	Run actions/checkout@v4	2026-09-23T06:26:02.5224500Z From https://github.com/leonardosovienski/predictor-qualification
cripto-predictor	Run actions/checkout@v4	2026-09-23T06:26:02.5228092Z  * [new ref]         ab7aeb845b9632511c8074b83ef49dd298f1effe -> origin/shared/baseline-v1
cripto-predictor	Run actions/checkout@v4	2026-09-23T06:26:02.5234823Z ##[endgroup]
cripto-predictor	Run actions/checkout@v4	2026-09-23T06:26:02.5237038Z ##[group]Determining the checkout info
cripto-predictor	Run actions/checkout@v4	2026-09-23T06:26:02.5239186Z ##[endgroup]
cripto-predictor	Run actions/checkout@v4	2026-09-23T06:26:02.5240281Z [command]/usr/bin/git sparse-checkout disable
cripto-predictor	Run actions/checkout@v4	2026-09-23T06:26:02.5281535Z [command]/usr/bin/git config --local --unset-all extensions.worktreeConfig
cripto-predictor	Run actions/checkout@v4	2026-09-23T06:26:02.5306290Z ##[group]Checking out the ref
cripto-predictor	Run actions/checkout@v4	2026-09-23T06:26:02.5317229Z [command]/usr/bin/git checkout --progress --force -B shared/baseline-v1 refs/remotes/origin/shared/baseline-v1
cripto-predictor	Run actions/checkout@v4	2026-09-23T06:26:02.5553695Z Switched to a new branch 'shared/baseline-v1'
cripto-predictor	Run actions/checkout@v4	2026-09-23T06:26:02.5557119Z branch 'shared/baseline-v1' set up to track 'origin/shared/baseline-v1'.
cripto-predictor	Run actions/checkout@v4	2026-09-23T06:26:02.5563541Z ##[endgroup]
cripto-predictor	Run actions/checkout@v4	2026-09-23T06:26:02.5598993Z [command]/usr/bin/git log -1 --format=%H
cripto-predictor	Run actions/checkout@v4	2026-09-23T06:26:02.5619668Z ab7aeb845b9632511c8074b83ef49dd298f1effe
cripto-predictor	Run actions/checkout@v4	2026-09-23T06:26:02.5635233Z ##[group]Removing auth
cripto-predictor	Run actions/checkout@v4	2026-09-23T06:26:02.5637013Z [command]/usr/bin/git config --local --name-only --get-regexp core\.sshCommand
cripto-predictor	Run actions/checkout@v4	2026-09-23T06:26:02.5665714Z [command]/usr/bin/git submodule foreach --recursive sh -c "git config --local --name-only --get-regexp 'core\.sshCommand' && git config --local --unset-all 'core.sshCommand' || :"
cripto-predictor	Run actions/checkout@v4	2026-09-23T06:26:02.5838756Z [command]/usr/bin/git config --local --name-only --get-regexp http\.https\:\/\/github\.com\/\.extraheader
cripto-predictor	Run actions/checkout@v4	2026-09-23T06:26:02.5859182Z http.https://github.com/.extraheader
cripto-predictor	Run actions/checkout@v4	2026-09-23T06:26:02.5865164Z [command]/usr/bin/git config --local --unset-all http.https://github.com/.extraheader
cripto-predictor	Run actions/checkout@v4	2026-09-23T06:26:02.5891855Z [command]/usr/bin/git submodule foreach --recursive sh -c "git config --local --name-only --get-regexp 'http\.https\:\/\/github\.com\/\.extraheader' && git config --local --unset-all 'http.https://github.com/.extraheader' || :"
cripto-predictor	Run actions/checkout@v4	2026-09-23T06:26:02.6059747Z [command]/usr/bin/git config --local --name-only --get-regexp ^includeIf\.gitdir:
cripto-predictor	Run actions/checkout@v4	2026-09-23T06:26:02.6083973Z [command]/usr/bin/git submodule foreach --recursive git config --local --show-origin --name-only --get-regexp remote.origin.url
cripto-predictor	Run actions/checkout@v4	2026-09-23T06:26:02.6252098Z ##[endgroup]
cripto-predictor	uv e Python fixados pelo plano	﻿2026-09-23T06:26:02.6477004Z ##[group]Run plan=qualification/shared/SHARED-002/CLEANROOM_PLAN.json
cripto-predictor	uv e Python fixados pelo plano	2026-09-23T06:26:02.6479198Z ^[[36;1mplan=qualification/shared/SHARED-002/CLEANROOM_PLAN.json^[[0m
cripto-predictor	uv e Python fixados pelo plano	2026-09-23T06:26:02.6481115Z ^[[36;1muv_version=$(jq -r .environment.uv_version "$plan")^[[0m
cripto-predictor	uv e Python fixados pelo plano	2026-09-23T06:26:02.6482825Z ^[[36;1muv_asset=$(jq -r .environment.uv_asset "$plan")^[[0m
cripto-predictor	uv e Python fixados pelo plano	2026-09-23T06:26:02.6484596Z ^[[36;1muv_sha=$(jq -r .environment.uv_sha256 "$plan")^[[0m
cripto-predictor	uv e Python fixados pelo plano	2026-09-23T06:26:02.6486190Z ^[[36;1mpy=$(jq -r .environment.python "$plan")^[[0m
cripto-predictor	uv e Python fixados pelo plano	2026-09-23T06:26:02.6487640Z ^[[36;1mtools="$RUNNER_TEMP/tools"^[[0m
cripto-predictor	uv e Python fixados pelo plano	2026-09-23T06:26:02.6488916Z ^[[36;1mmkdir -p "$tools/uv"^[[0m
cripto-predictor	uv e Python fixados pelo plano	2026-09-23T06:26:02.6490966Z ^[[36;1mcurl -sSfL -o "$tools/$uv_asset" "https://github.com/astral-sh/uv/releases/download/$uv_version/$uv_asset"^[[0m
cripto-predictor	uv e Python fixados pelo plano	2026-09-23T06:26:02.6493339Z ^[[36;1mecho "$uv_sha  $tools/$uv_asset" | sha256sum -c -^[[0m
cripto-predictor	uv e Python fixados pelo plano	2026-09-23T06:26:02.6495221Z ^[[36;1mtar -xzf "$tools/$uv_asset" -C "$tools/uv" --strip-components=1^[[0m
cripto-predictor	uv e Python fixados pelo plano	2026-09-23T06:26:02.6497591Z ^[[36;1mexport UV_PYTHON_INSTALL_DIR="$tools/python" UV_PYTHON_PREFERENCE=only-managed UV_NO_CONFIG=1^[[0m
cripto-predictor	uv e Python fixados pelo plano	2026-09-23T06:26:02.6499766Z ^[[36;1m"$tools/uv/uv" python install "$py"^[[0m
cripto-predictor	uv e Python fixados pelo plano	2026-09-23T06:26:02.6501246Z ^[[36;1mecho "CLEANROOM_UV=$tools/uv/uv" >> "$GITHUB_ENV"^[[0m
cripto-predictor	uv e Python fixados pelo plano	2026-09-23T06:26:02.6503012Z ^[[36;1mecho "UV_PYTHON_INSTALL_DIR=$tools/python" >> "$GITHUB_ENV"^[[0m
cripto-predictor	uv e Python fixados pelo plano	2026-09-23T06:26:02.6504862Z ^[[36;1mecho "UV_CACHE_DIR=$tools/uv-cache" >> "$GITHUB_ENV"^[[0m
cripto-predictor	uv e Python fixados pelo plano	2026-09-23T06:26:02.6506825Z ^[[36;1mecho "CLEANROOM_PYTHON=$("$tools/uv/uv" python find "$py")" >> "$GITHUB_ENV"^[[0m
cripto-predictor	uv e Python fixados pelo plano	2026-09-23T06:26:02.6534340Z shell: /usr/bin/bash -e {0}
cripto-predictor	uv e Python fixados pelo plano	2026-09-23T06:26:02.6535515Z ##[endgroup]
cripto-predictor	uv e Python fixados pelo plano	2026-09-23T06:26:02.9262337Z /home/runner/work/_temp/tools/uv-x86_64-unknown-linux-gnu.tar.gz: OK
cripto-predictor	uv e Python fixados pelo plano	2026-09-23T06:26:03.4345934Z Downloading cpython-3.13.15-linux-x86_64-gnu (download) (33.2MiB)
cripto-predictor	uv e Python fixados pelo plano	2026-09-23T06:26:04.1561321Z  Downloaded cpython-3.13.15-linux-x86_64-gnu (download)
cripto-predictor	uv e Python fixados pelo plano	2026-09-23T06:26:04.1599645Z Installed Python 3.13.15 in 871ms
cripto-predictor	uv e Python fixados pelo plano	2026-09-23T06:26:04.1600292Z  + cpython-3.13.15-linux-x86_64-gnu (python3.13)
cripto-predictor	Cleanroom	﻿2026-09-23T06:26:04.3187833Z ##[group]Run "$CLEANROOM_PYTHON" -I qualification/shared/scripts/cleanroom_baseline.py \
cripto-predictor	Cleanroom	2026-09-23T06:26:04.3188520Z ^[[36;1m"$CLEANROOM_PYTHON" -I qualification/shared/scripts/cleanroom_baseline.py \^[[0m
cripto-predictor	Cleanroom	2026-09-23T06:26:04.3189205Z ^[[36;1m  qualification/shared/SHARED-002/CLEANROOM_PLAN.json "cripto-predictor" "$RUNNER_TEMP/out/cripto-predictor"^[[0m
cripto-predictor	Cleanroom	2026-09-23T06:26:04.3214094Z shell: /usr/bin/bash -e {0}
cripto-predictor	Cleanroom	2026-09-23T06:26:04.3214419Z env:
cripto-predictor	Cleanroom	2026-09-23T06:26:04.3214876Z   CLEANROOM_UV: /home/runner/work/_temp/tools/uv/uv
cripto-predictor	Cleanroom	2026-09-23T06:26:04.3215294Z   UV_PYTHON_INSTALL_DIR: /home/runner/work/_temp/tools/python
cripto-predictor	Cleanroom	2026-09-23T06:26:04.3215701Z   UV_CACHE_DIR: /home/runner/work/_temp/tools/uv-cache
cripto-predictor	Cleanroom	2026-09-23T06:26:04.3216241Z   CLEANROOM_PYTHON: /home/runner/work/_temp/tools/python/cpython-3.13.15-linux-x86_64-gnu/bin/python3.13
cripto-predictor	Cleanroom	2026-09-23T06:26:04.3216756Z ##[endgroup]
cripto-predictor	Cleanroom	2026-09-23T06:26:25.3716238Z {"repo": "cripto-predictor", "published": null, "head_build": null}
cripto-predictor	Run actions/upload-artifact@v4	﻿2026-09-23T06:26:25.3886663Z Node 20 is being deprecated. This workflow is running with Node 24 by default. If you need to temporarily use Node 20, you can set the ACTIONS_ALLOW_USE_UNSECURE_NODE_VERSION=true environment variable. For more information see: https://github.blog/changelog/2025-09-19-deprecation-of-node-20-on-github-actions-runners/
cripto-predictor	Run actions/upload-artifact@v4	2026-09-23T06:26:25.3888486Z ##[group]Run actions/upload-artifact@v4
cripto-predictor	Run actions/upload-artifact@v4	2026-09-23T06:26:25.3888765Z with:
cripto-predictor	Run actions/upload-artifact@v4	2026-09-23T06:26:25.3888986Z   name: cleanroom-cripto-predictor
cripto-predictor	Run actions/upload-artifact@v4	2026-09-23T06:26:25.3889308Z   path: /home/runner/work/_temp/out/cripto-predictor
cripto-predictor	Run actions/upload-artifact@v4	2026-09-23T06:26:25.3889615Z   if-no-files-found: error
cripto-predictor	Run actions/upload-artifact@v4	2026-09-23T06:26:25.3889855Z   compression-level: 6
cripto-predictor	Run actions/upload-artifact@v4	2026-09-23T06:26:25.3890085Z   overwrite: false
cripto-predictor	Run actions/upload-artifact@v4	2026-09-23T06:26:25.3890310Z   include-hidden-files: false
cripto-predictor	Run actions/upload-artifact@v4	2026-09-23T06:26:25.3890540Z env:
cripto-predictor	Run actions/upload-artifact@v4	2026-09-23T06:26:25.3890766Z   CLEANROOM_UV: /home/runner/work/_temp/tools/uv/uv
cripto-predictor	Run actions/upload-artifact@v4	2026-09-23T06:26:25.3891122Z   UV_PYTHON_INSTALL_DIR: /home/runner/work/_temp/tools/python
cripto-predictor	Run actions/upload-artifact@v4	2026-09-23T06:26:25.3891479Z   UV_CACHE_DIR: /home/runner/work/_temp/tools/uv-cache
cripto-predictor	Run actions/upload-artifact@v4	2026-09-23T06:26:25.3892017Z   CLEANROOM_PYTHON: /home/runner/work/_temp/tools/python/cpython-3.13.15-linux-x86_64-gnu/bin/python3.13
cripto-predictor	Run actions/upload-artifact@v4	2026-09-23T06:26:25.3892505Z ##[endgroup]
cripto-predictor	Run actions/upload-artifact@v4	2026-09-23T06:26:25.5463992Z (node:2502) [DEP0040] DeprecationWarning: The `punycode` module is deprecated. Please use a userland alternative instead.
cripto-predictor	Run actions/upload-artifact@v4	2026-09-23T06:26:25.5465272Z (Use `node --trace-deprecation ...` to show where the warning was created)
cripto-predictor	Run actions/upload-artifact@v4	2026-09-23T06:26:25.5574205Z With the provided path, there will be 31 files uploaded
cripto-predictor	Run actions/upload-artifact@v4	2026-09-23T06:26:25.5575050Z Artifact name is valid!
cripto-predictor	Run actions/upload-artifact@v4	2026-09-23T06:26:25.5575316Z Root directory input is valid!
cripto-predictor	Run actions/upload-artifact@v4	2026-09-23T06:26:25.9008996Z Beginning upload of artifact content to blob storage
cripto-predictor	Run actions/upload-artifact@v4	2026-09-23T06:26:25.9543807Z (node:2502) [DEP0169] DeprecationWarning: `url.parse()` behavior is not standardized and prone to errors that have security implications. Use the WHATWG URL API instead. CVEs are not issued for `url.parse()` vulnerabilities.
cripto-predictor	Run actions/upload-artifact@v4	2026-09-23T06:26:26.2476388Z Uploaded bytes 97200
cripto-predictor	Run actions/upload-artifact@v4	2026-09-23T06:26:26.3067674Z Finished uploading artifact content to blob storage!
cripto-predictor	Run actions/upload-artifact@v4	2026-09-23T06:26:26.3069303Z SHA256 digest of uploaded artifact zip is 55f244e39cf9ec4e93355e5244f70fe6e89ac8889cc16f1e19e8419839e39301
cripto-predictor	Run actions/upload-artifact@v4	2026-09-23T06:26:26.3071098Z Finalizing artifact upload
cripto-predictor	Run actions/upload-artifact@v4	2026-09-23T06:26:26.5476209Z Artifact cleanroom-cripto-predictor.zip successfully finalized. Artifact ID 10735173095
cripto-predictor	Run actions/upload-artifact@v4	2026-09-23T06:26:26.5477576Z Artifact cleanroom-cripto-predictor has been successfully uploaded! Final size is 97200 bytes. Artifact ID is 10735173095
cripto-predictor	Run actions/upload-artifact@v4	2026-09-23T06:26:26.5486327Z Artifact download URL: https://github.com/leonardosovienski/predictor-qualification/actions/runs/35826713033/artifacts/10735173095
cripto-predictor	Post Run actions/checkout@v4	﻿2026-09-23T06:26:26.5676241Z Node 20 is being deprecated. This workflow is running with Node 24 by default. If you need to temporarily use Node 20, you can set the ACTIONS_ALLOW_USE_UNSECURE_NODE_VERSION=true environment variable. For more information see: https://github.blog/changelog/2025-09-19-deprecation-of-node-20-on-github-actions-runners/
cripto-predictor	Post Run actions/checkout@v4	2026-09-23T06:26:26.5677408Z Post job cleanup.
cripto-predictor	Post Run actions/checkout@v4	2026-09-23T06:26:26.6480341Z [command]/usr/bin/git version
cripto-predictor	Post Run actions/checkout@v4	2026-09-23T06:26:26.6525442Z git version 2.55.0
cripto-predictor	Post Run actions/checkout@v4	2026-09-23T06:26:26.6569721Z Temporarily overriding HOME='/home/runner/work/_temp/29f72cd0-040e-495c-9b7f-b6be50f7912a' before making global git config changes
cripto-predictor	Post Run actions/checkout@v4	2026-09-23T06:26:26.6570652Z Adding repository directory to the temporary git global config as a safe directory
cripto-predictor	Post Run actions/checkout@v4	2026-09-23T06:26:26.6576989Z [command]/usr/bin/git config --global --add safe.directory /home/runner/work/predictor-qualification/predictor-qualification
cripto-predictor	Post Run actions/checkout@v4	2026-09-23T06:26:26.6611261Z [command]/usr/bin/git config --local --name-only --get-regexp core\.sshCommand
cripto-predictor	Post Run actions/checkout@v4	2026-09-23T06:26:26.6640394Z [command]/usr/bin/git submodule foreach --recursive sh -c "git config --local --name-only --get-regexp 'core\.sshCommand' && git config --local --unset-all 'core.sshCommand' || :"
cripto-predictor	Post Run actions/checkout@v4	2026-09-23T06:26:26.6846116Z [command]/usr/bin/git config --local --name-only --get-regexp http\.https\:\/\/github\.com\/\.extraheader
cripto-predictor	Post Run actions/checkout@v4	2026-09-23T06:26:26.6879073Z [command]/usr/bin/git submodule foreach --recursive sh -c "git config --local --name-only --get-regexp 'http\.https\:\/\/github\.com\/\.extraheader' && git config --local --unset-all 'http.https://github.com/.extraheader' || :"
cripto-predictor	Post Run actions/checkout@v4	2026-09-23T06:26:26.7079013Z [command]/usr/bin/git config --local --name-only --get-regexp ^includeIf\.gitdir:
cripto-predictor	Post Run actions/checkout@v4	2026-09-23T06:26:26.7109268Z [command]/usr/bin/git submodule foreach --recursive git config --local --show-origin --name-only --get-regexp remote.origin.url
cripto-predictor	Complete job	﻿2026-09-23T06:26:26.7451567Z Cleaning up orphan processes
cripto-predictor	Complete job	2026-09-23T06:26:26.7717489Z ##[warning]Node.js 20 is deprecated. The following actions target Node.js 20 but are being forced to run on Node.js 24: actions/checkout@v4, actions/upload-artifact@v4. For more information see: https://github.blog/changelog/2025-09-19-deprecation-of-node-20-on-github-actions-runners/
