$ (cwd=None) git -C C:\QUALIFICACAO\repos\core-predictor rev-parse HEAD
[exit 0]
5a0841509f091ea0aa95bde0d3d65e2a1a9e984d

$ (cwd=None) git -C C:\QUALIFICACAO\repos\core-predictor rev-parse origin/main
[exit 0]
5a0841509f091ea0aa95bde0d3d65e2a1a9e984d

$ (cwd=None) git -C C:\QUALIFICACAO\repos\core-predictor rev-parse --abbrev-ref HEAD
[exit 0]
main

$ (cwd=None) git -C C:\QUALIFICACAO\repos\core-predictor status --porcelain --untracked-files=all
[exit 0]

$ (cwd=None) git -C C:\QUALIFICACAO\repos\core-predictor remote get-url origin
[exit 0]
https://github.com/leonardosovienski/core-predictor.git

$ (cwd=None) git -C C:\QUALIFICACAO\repos\core-predictor ls-tree -r HEAD
[exit 0]
100644 blob 9361112b4b78614db332523ccb9785a0ee5703d2	.gitattributes
100644 blob 055d34a2952ded821c3c625e4c3869a0ec3a3582	.github/dependabot.yml
100644 blob 4dca01059bc64a901d792f20effcf3c02fb7fc86	.github/workflows/ci.yml
100644 blob 34b02f8c37d6f71c94c0a3314cf5fddb1e0bac59	.github/workflows/consumer-compatibility.yml
100644 blob 04deb923340d76b141d33835b8bfa1f8d2185c59	.github/workflows/dependency-review.yml
100644 blob 54e2a7e895b64397bd9f760cbb1e9ab1983694b9	.github/workflows/release.yml
100644 blob 452c1a57bf4af5f7ed61702908bd34f85ac3fd5a	.gitignore
100644 blob 67fa42ef29c0522765e70ad07d01b2f2da22cad6	.pre-commit-config.yaml
100644 blob 24ee5b1be9961e38a503c8e764b7385dbb6ba124	.python-version
100644 blob 2094f1a617d3d7aef158ac68020caed677f46ce3	ARCHITECTURE_IMPLEMENTATION.md
100644 blob a04a867f170c42d2742167dfc45eb13a40817d1a	CHANGELOG.md
100644 blob 642d7f7430660884e5aa7b97f66940c72973ea4e	HANDOFF.md
100644 blob 7249f068cfebf13be110b29625e4e948ccfbcb97	PUBLICATION_STATUS_20260912.md
100644 blob f116f715c4c3c927faf48af93dfd23a40c879b31	README.md
100644 blob 4fa98db9666dd301b98d6342709e74b054d8daa4	SECURITY.md
100644 blob f60f9ec895b43a15daf572cd267843f7aff42339	docs/ADR-001-scientific-state-and-dataset-freeze.md
100644 blob 817889751e6e424b03f8bf63783c954871173b92	docs/ADR-002-domain-neutral-economic-contracts.md
100644 blob c7545800e946265ffa3441f126a99d274a69ab77	docs/API_COMPATIBILITY.md
100644 blob 6236e7167f9c00bb2dc0affe5b4dd132b197ca96	docs/COLLECTION_ONLY_HANDOFF.md
100644 blob 16c1164b549e512768e55ce93375f31583ebba4b	docs/DEC-010-domain-ownership.md
100644 blob e458f6b69ee3b0e04004c1742b4048398ec486b5	docs/HYPOTHESES.md
100644 blob 2b1e4665f80fd48aaa9979574961f290f137d5de	docs/MIGRATION_FROM_VENDOR.md
100644 blob 9feb7b4a411b9683bfd7ac631a8fb4be4bc0e60b	docs/TEMPORAL_CONTRACT.md
100644 blob f7089a9c96750d2a14e4628c8fb7e8145062d039	docs/TRIAL_REGISTRY_V2.md
100644 blob 3ca41728e1407cab191fa30c141f28af9f9e0172	docs/VERSIONING.md
100644 blob 6fc5edb707f3a3ae1acd3bae8655ddae43dcd358	pyproject.toml
100644 blob d8f23efd28f92976075cb6cc863d77f7621c078a	src/predictor_core/__init__.py
100644 blob 49086cd4f0140c4817b7fcd0f82e5f35a07557d5	src/predictor_core/contracts/__init__.py
100644 blob a5abaa4971640475125692fd745a1b63b00eaa35	src/predictor_core/contracts/collection.py
100644 blob c6924d191ce6bd02fc635fc9ebd47e5a35eeefbf	src/predictor_core/contracts/points.py
100644 blob 5c3839afb7c3403839a29775b36788600403f677	src/predictor_core/contracts/registry.py
100644 blob bc54eeebe00710ca022eccb275c6557b3fc30d60	src/predictor_core/contracts/scientific.py
100644 blob 21163c8ecc788f1ffb683a7fcbd1464e1cfafc16	src/predictor_core/contracts/trial_v2.py
100644 blob 0992e13881af1ca605395ffb3ba2e862caca6b2a	src/predictor_core/data/__init__.py
100644 blob b812fc2bbc0ad736678befa182052ab08b924453	src/predictor_core/data/aggregation.py
100644 blob 8c54b2fc913fe06bca176687a52403c69cc49ac1	src/predictor_core/data/circuit_breaker.py
100644 blob f8071b5d1ffbe75c34951da9bf48e0acbc919cb5	src/predictor_core/data/collection.py
100644 blob b75996f72345842a193fbee52d46c9caee61feab	src/predictor_core/data/contracts.py
100644 blob 635e3fca88c9edd67e3588e32eb7e523c6b6354b	src/predictor_core/data/quality.py
100644 blob 026e5f12065dfec24b3d4ec4f0c0904b5a630b68	src/predictor_core/data/router.py
100644 blob b5a003af902cc59240f9cffcceaea82f41a908ba	src/predictor_core/data/source_quality.py
100644 blob fec79881f89fe7e3d9d943ca4680435671f15fd2	src/predictor_core/infra.py
100644 blob e28e6ddd5cc3f95639eac5c1d15117a489e8ebcf	src/predictor_core/kernel/__init__.py
100644 blob 76bf772fb91bbb3c66ecd1108975f2a512ae6359	src/predictor_core/kernel/infra.py
100644 blob 38df572f3126a1ffa714b8db81424c87cf3da73e	src/predictor_core/kernel/jsonable.py
100644 blob c26389a820ee5365ce342fa46ccacd77ba4b473e	src/predictor_core/kernel/jsonl_store.py
100644 blob 7720b84094949be8dc4ca7b55e1a40fa7180ec39	src/predictor_core/kernel/meta.py
100644 blob 1150f36b5c72415c0a984a918db66e9b9fe64813	src/predictor_core/kernel/net.py
100644 blob 3c2e00b0bcc3b1c647b8f94e178c9e3746cc0d4a	src/predictor_core/kernel/obs.py
100644 blob 52bc0c718647fc55577112c90ec099685f360d7d	src/predictor_core/kernel/settings.py
100644 blob f6ef54292ead5cd4bd7918e0a2f2c9e7df81c8ad	src/predictor_core/kernel/timeindex.py
100644 blob 1b9fc3903b3b10f5b0f3a72e1fd847e34c3ba199	src/predictor_core/measurement/__init__.py
100644 blob 141db34a673951b5df43fda6bb456f6af72a16b8	src/predictor_core/measurement/bootstrap.py
100644 blob 8508b65b46fb718a3e6be7d96909eab9ef34cc7a	src/predictor_core/measurement/metrics.py
100644 blob 8bf9e4a2bbe3696683699c6adcd4dab0e255878a	src/predictor_core/measurement/replay.py
100644 blob c24f76c62510fecab13e8d0cbfb109b1803fdb40	src/predictor_core/measurement/stats.py
100644 blob b86c80882863fff92255f2475fee9391c53edf09	src/predictor_core/measurement/trials.py
100644 blob 4921c1b64a707be6a3b5d936398be0a0fee43ca3	src/predictor_core/net.py
100644 blob 583e2a477ec4d2b017480e9b6e3fef528095b746	src/predictor_core/obs.py
100644 blob 0e48cf233f0bf13b263996eb66abfe695178cbbd	src/predictor_core/replay.py
100644 blob ad975eb1a7a02a61886c424f679aa706060df59a	src/predictor_core/settings.py
100644 blob b3153af3c1f5d9bce9fde7470d5115d87c75be78	src/predictor_core/stats.py
100644 blob 76963d07662aa4f32cb7b95d25ba277fc8b0c1fc	src/predictor_core/testing/__init__.py
100644 blob bdea0195c3da075a48adff718440d8b029aaa5ab	src/predictor_core/testing/harness.py
100644 blob c7dfcf0914e6dc224100212f8261be629f072341	src/predictor_core/testing/prequential.py
100644 blob 6f67620ca1cd1cd48af5f3c848f90c2260a66baa	src/predictor_core/testing/secrets.py
100644 blob 0b4acb1807e1492c787b66dabe803e67adf7d8ec	src/predictor_core/testing/synth.py
100644 blob 55a165fa8a1f01d5058c2f66faa9721c0c450bad	sync_core.py
100644 blob e69de29bb2d1d6434b8b29ae775ad8c2e48c5391	tests/__init__.py
100644 blob d1a48be41448bb0d179688eabec06f770c1dba2c	tests/test_attestation_dirty_tree.py
100644 blob 9a5e64b075dbd28d7f4856dd96075f66c6fcc549	tests/test_bootstrap.py
100644 blob c5e1ce6d781099fe5946f1321ed42a8078c064bf	tests/test_contracts_facade.py
100644 blob 5766ea1f2157f639acdaf5dab1cdc051a4499949	tests/test_data/conftest.py
100644 blob 7a96620dec07076598a6c749a2c0b25309ef4514	tests/test_data/test_aggregation.py
100644 blob 3432a0ca75be8d14463c9f6c16bb910c77676eda	tests/test_data/test_circuit_breaker.py
100644 blob a9d36b2ab1fb79ed3b26b6416fee6c02b1ca91b2	tests/test_data/test_collection.py
100644 blob 46cfd31b23275539bf0b5bd7ca6e3d2750867327	tests/test_data/test_contracts.py
100644 blob 1468ddf9d5c0e0dc9c98952fa801d6b128a6995c	tests/test_data/test_prediction_point.py
100644 blob 5c1cd45f823d83a3716e49c28bf98afc1d03d4cb	tests/test_data/test_quality.py
100644 blob 6e5092668af0a56c2b1c569545b997e8301f7a14	tests/test_data/test_router.py
100644 blob d4f6538682d02b2c84f7810aa9cd2590fe16418a	tests/test_dsr_degeneration_is_visible.py
100644 blob 24f2433351f8bb6a640715d02d8008605c30a249	tests/test_finite_scientific_contracts.py
100644 blob aca403ce38f6976ed2e5a4301d813f695773a4e4	tests/test_infra.py
100644 blob 80138bc70dfa58f27d8cf8562f2e34c64f7e3fab	tests/test_jsonable.py
100644 blob 4e955dad3140f8d61d615335d7a34a5862dc3ee6	tests/test_jsonl_store.py
100644 blob d03bd9de1a12f78f04342598feb62c72ec55aa3b	tests/test_lazy_facade.py
100644 blob ca25df89e07575e17589777e324c1a30d96610bb	tests/test_meta.py
100644 blob 7ad4988244308278935825095700066449f7c754	tests/test_metric_lock.py
100644 blob 3da71f78b3b95316e53706e2708baac1eec8466c	tests/test_metrics.py
100644 blob b9e90d75cf07b344e187d1f392347da5586f6f8e	tests/test_net.py
100644 blob 12c4f6fccefa96f40162b4112bb6356c68075ce0	tests/test_obs.py
100644 blob 6379ca538374427bc2e036ff15111deb6a39e418	tests/test_public_api.py
100644 blob c066200022b1d1674e40cd2d771642cc081dd393	tests/test_replay.py
100644 blob 677c63ccfc13d864489de4ba92a246eae2d66e56	tests/test_scientific_golden.py
100644 blob fa6368279d4047580351347bf4c049f26c17f2cc	tests/test_scientific_governance.py
100644 blob af502914df177b084f9317ee4777e40dd8056e6b	tests/test_settings.py
100644 blob 73b9a41358aab54474df7fada54138fdea541b19	tests/test_source_quality.py
100644 blob 3f33a9180c853fb2749306834827f4933049ce38	tests/test_stats.py
100644 blob 1cba22e8656b19d6d273d20df76030532cf6316e	tests/test_sync_core.py
100644 blob 771fa384b46788a8b9a0357ceb158b8cdbdf6e56	tests/test_testing/test_harness.py
100644 blob 1c55a7e98bb239a8eb289e18fc6d107f2e08baf4	tests/test_testing/test_prequential.py
100644 blob 61df03d80b5352ba0b4b27ca4d15c943f258c55e	tests/test_testing/test_secrets.py
100644 blob 4d42091b3c726b2f94b5997cd23ee3a3f8eceae5	tests/test_testing/test_synth.py
100644 blob fcf55da34730cf5a45f039f5d5f36f2642a34739	tests/test_timeindex.py
100644 blob 52073e9d7acfd214135fa17e79f10b89f5c7b7af	tests/test_trial_v2.py
100644 blob a766b309d779e855789ad96f57a47039828965f6	tests/test_trials.py
100644 blob b0c7583e90db2341a178364a32ada70f81f51972	tests/test_verdict_change_requires_attestation.py
100644 blob 5919dcbe8440ff445403353fe783ccbf23a7ef51	tests/test_version.py
100644 blob ac334ac4f350481903b744631bf8c38e1ee0abdf	tools/check_installed_wheel.py
100644 blob 2ecbe202f912d0758315f38acfb51f655f48bd92	tools/compatibility_candidate.json
100644 blob 53cd83167784687c5d99be603f92aaafd350022e	uv.lock

$ (cwd=None) git -C C:\QUALIFICACAO\repos\core-predictor grep -l -i CREATE TABLE HEAD -- *.py
[exit 0]
HEAD:src/predictor_core/kernel/infra.py
HEAD:tests/test_infra.py

$ (cwd=None) gh api repos/leonardosovienski/core-predictor/actions/runs?head_sha=5a0841509f091ea0aa95bde0d3d65e2a1a9e984d&per_page=100
[exit 0]
{"total_count":2,"workflow_runs":[{"id":35823003554,"name":"CI","node_id":"WFR_kwLOTAqQF88AAAAIVzenog","head_branch":"main","head_sha":"5a0841509f091ea0aa95bde0d3d65e2a1a9e984d","path":".github/workflows/ci.yml","display_title":"Merge pull request #30 from leonardosovienski/dependabot/github_actio…","run_number":63,"event":"push","status":"completed","conclusion":"success","workflow_id":325394640,"check_suite_id":96996614439,"check_suite_node_id":"CS_kwDOTAqQF88AAAAWlXLhJw","url":"https://api.github.com/repos/leonardosovienski/core-predictor/actions/runs/35823003554","html_url":"https://github.com/leonardosovienski/core-predictor/actions/runs/35823003554","pull_requests":[],"created_at":"2026-09-23T05:34:58Z","updated_at":"2026-09-23T05:35:23Z","actor":{"login":"leonardosovienski","id":86319239,"node_id":"MDQ6VXNlcjg2MzE5MjM5","avatar_url":"https://avatars.githubusercontent.com/u/86319239?v=4","gravatar_id":"","url":"https://api.github.com/users/leonardosovienski","html_url":"https://github.com/leonardosovienski","followers_url":"https://api.github.com/users/leonardosovienski/followers","following_url":"https://api.github.com/users/leonardosovienski/following{/other_user}","gists_url":"https://api.github.com/users/leonardosovienski/gists{/gist_id}","starred_url":"https://api.github.com/users/leonardosovienski/starred{/owner}{/repo}","subscriptions_url":"https://api.github.com/users/leonardosovienski/subscriptions","organizations_url":"https://api.github.com/users/leonardosovienski/orgs","repos_url":"https://api.github.com/users/leonardosovienski/repos","events_url":"https://api.github.com/users/leonardosovienski/events{/privacy}","received_events_url":"https://api.github.com/users/leonardosovienski/received_events","type":"User","user_view_type":"public","site_admin":false},"run_attempt":1,"referenced_workflows":[],"run_started_at":"2026-09-23T05:34:58Z","triggering_actor":{"login":"leonardosovienski","id":86319239,"node_id":"MDQ6VXNlcjg2MzE5MjM5","avatar_url":"https://avatars.githubusercontent.com/u/86319239?v=4","gravatar_id":"","url":"https://api.github.com/users/leonardosovienski","html_url":"https://github.com/leonardosovienski","followers_url":"https://api.github.com/users/leonardosovienski/followers","following_url":"https://api.github.com/users/leonardosovienski/following{/other_user}","gists_url":"https://api.github.com/users/leonardosovienski/gists{/gist_id}","starred_url":"https://api.github.com/users/leonardosovienski/starred{/owner}{/repo}","subscriptions_url":"https://api.github.com/users/leonardosovienski/subscriptions","organizations_url":"https://api.github.com/users/leonardosovienski/orgs","repos_url":"https://api.github.com/users/leonardosovienski/repos","events_url":"https://api.github.com/users/leonardosovienski/events{/privacy}","received_events_url":"https://api.github.com/users/leonardosovienski/received_events","type":"User","user_view_type":"public","site_admin":false},"jobs_url":"https://api.github.com/repos/leonardosovienski/core-predictor/actions/runs/35823003554/jobs","logs_url":"https://api.github.com/repos/leonardosovienski/core-predictor/actions/runs/35823003554/logs","check_suite_url":"https://api.github.com/repos/leonardosovienski/core-predictor/check-suites/96996614439","artifacts_url":"https://api.github.com/repos/leonardosovienski/core-predictor/actions/runs/35823003554/artifacts","cancel_url":"https://api.github.com/repos/leonardosovienski/core-predictor/actions/runs/35823003554/cancel","rerun_url":"https://api.github.com/repos/leonardosovienski/core-predictor/actions/runs/35823003554/rerun","previous_attempt_url":null,"workflow_url":"https://api.github.com/repos/leonardosovienski/core-predictor/actions/workflows/325394640","head_commit":{"id":"5a0841509f091ea0aa95bde0d3d65e2a1a9e984d","tree_id":"9ef5e3d0f2deefccaa5217e1c01abae1578b1bee","message":"Merge pull request #30 from leonardosovienski/dependabot/github_actions/actions/upload-artifact-7\n\nci(deps): bump actions/upload-artifact from 4 to 7","timestamp":"2026-09-23T05:34:56Z","author":{"name":"Leonardo Sanches Sovienski","email":"86319239+leonardosovienski@users.noreply.github.com"},"committer":{"name":"GitHub","email":"noreply@github.com"}},"repository":{"id":1275760663,"node_id":"R_kgDOTAqQFw","name":"core-predictor","full_name":"leonardosovienski/core-predictor","private":false,"owner":{"login":"leonardosovienski","id":86319239,"node_id":"MDQ6VXNlcjg2MzE5MjM5","avatar_url":"https://avatars.githubusercontent.com/u/86319239?v=4","gravatar_id":"","url":"https://api.github.com/users/leonardosovienski","html_url":"https://github.com/leonardosovienski","followers_url":"https://api.github.com/users/leonardosovienski/followers","following_url":"https://api.github.com/users/leonardosovienski/following{/other_user}","gists_url":"https://api.github.com/users/leonardosovienski/gists{/gist_id}","starred_url":"https://api.github.com/users/leonardosovienski/starred{/owner}{/repo}","subscriptions_url":"https://api.github.com/users/leonardosovienski/subscriptions","organizations_url":"https://api.github.com/users/leonardosovienski/orgs","repos_url":"https://api.github.com/users/leonardosovienski/repos","events_url":"https://api.github.com/users/leonardosovienski/events{/privacy}","received_events_url":"https://api.github.com/users/leonardosovienski/received_events","type":"User","user_view_type":"public","site_admin":false},"html_url":"https://github.com/leonardosovienski/core-predictor","description":null,"fork":false,"url":"https://api.github.com/repos/leonardosovienski/core-predictor","forks_url":"https://api.github.com/repos/leonardosovienski/core-predictor/forks","keys_url":"https://api.github.com/repos/leonardosovienski/core-predictor/keys{/key_id}","collaborators_url":"https://api.github.com/repos/leonardosovienski/core-predictor/collaborators{/collaborator}","teams_url":"https://api.github.com/repos/leonardosovienski/core-predictor/teams","hooks_url":"https://api.github.com/repos/leonardosovienski/core-predictor/hooks","issue_events_url":"https://api.github.com/repos/leonardosovienski/core-predictor/issues/events{/number}","events_url":"https://api.github.com/repos/leonardosovienski/core-predictor/events","assignees_url":"https://api.github.com/repos/leonardosovienski/core-predictor/assignees{/user}","branches_url":"https://api.github.com/repos/leonardosovienski/core-predictor/branches{/branch}","tags_url":"https://api.github.com/repos/leonardosovienski/core-predictor/tags","blobs_url":"https://api.github.com/repos/leonardosovienski/core-predictor/git/blobs{/sha}","git_tags_url":"https://api.github.com/repos/leonardosovienski/core-predictor/git/tags{/sha}","git_refs_url":"https://api.github.com/repos/leonardosovienski/core-predictor/git/refs{/sha}","trees_url":"https://api.github.com/repos/leonardosovienski/core-predictor/git/trees{/sha}","statuses_url":"https://api.github.com/repos/leonardosovienski/core-predictor/statuses/{sha}","languages_url":"https://api.github.com/repos/leonardosovienski/core-predictor/languages","stargazers_url":"https://api.github.com/repos/leonardosovienski/core-predictor/stargazers","contributors_url":"https://api.github.com/repos/leonardosovienski/core-predictor/contributors","subscribers_url":"https://api.github.com/repos/leonardosovienski/core-predictor/subscribers","subscription_url":"https://api.github.com/repos/leonardosovienski/core-predictor/subscription","commits_url":"https://api.github.com/repos/leonardosovienski/core-predictor/commits{/sha}","git_commits_url":"https://api.github.com/repos/leonardosovienski/core-predictor/git/commits{/sha}","comments_url":"https://api.github.com/repos/leonardosovienski/core-predictor/comments{/number}","issue_comment_url":"https://api.github.com/repos/leonardosovienski/core-predictor/issues/comments{/number}","contents_url":"https://api.github.com/repos/leonardosovienski/core-predictor/contents/{+path}","compare_url":"https://api.github.com/repos/leonardosovienski/core-predictor/compare/{base}...{head}","merges_url":"https://api.github.com/repos/leonardosovienski/core-predictor/merges","archive_url":"https://api.github.com/repos/leonardosovienski/core-predictor/{archive_format}{/ref}","downloads_url":"https://api.github.com/repos/leonardosovienski/core-predictor/downloads","issues_url":"https://api.github.com/repos/leonardosovienski/core-predictor/issues{/number}","pulls_url":"https://api.github.com/repos/leonardosovienski/core-predictor/pulls{/number}","milestones_url":"https://api.github.com/repos/leonardosovienski/core-predictor/milestones{/number}","notifications_url":"https://api.github.com/repos/leonardosovienski/core-predictor/notifications{?since,all,participating}","labels_url":"https://api.github.com/repos/leonardosovienski/core-predictor/labels{/name}","releases_url":"https://api.github.com/repos/leonardosovienski/core-predictor/releases{/id}","deployments_url":"https://api.github.com/repos/leonardosovienski/core-predictor/deployments"},"head_repository":{"id":1275760663,"node_id":"R_kgDOTAqQFw","name":"core-predictor","full_name":"leonardosovienski/core-predictor","private":false,"owner":{"login":"leonardosovienski","id":86319239,"node_id":"MDQ6VXNlcjg2MzE5MjM5","avatar_url":"https://avatars.githubusercontent.com/u/86319239?v=4","gravatar_id":"","url":"https://api.github.com/users/leonardosovienski","html_url":"https://github.com/leonardosovienski","followers_url":"https://api.github.com/users/leonardosovienski/followers","following_url":"https://api.github.com/users/leonardosovienski/following{/other_user}","gists_url":"https://api.github.com/users/leonardosovienski/gists{/gist_id}","starred_url":"https://api.github.com/users/leonardosovienski/starred{/owner}{/repo}","subscriptions_url":"https://api.github.com/users/leonardosovienski/subscriptions","organizations_url":"https://api.github.com/users/leonardosovienski/orgs","repos_url":"https://api.github.com/users/leonardosovienski/repos","events_url":"https://api.github.com/users/leonardosovienski/events{/privacy}","received_events_url":"https://api.github.com/users/leonardosovienski/received_events","type":"User","user_view_type":"public","site_admin":false},"html_url":"https://github.com/leonardosovienski/core-predictor","description":null,"fork":false,"url":"https://api.github.com/repos/leonardosovienski/core-predictor","forks_url":"https://api.github.com/repos/leonardosovienski/core-predictor/forks","keys_url":"https://api.github.com/repos/leonardosovienski/core-predictor/keys{/key_id}","collaborators_url":"https://api.github.com/repos/leonardosovienski/core-predictor/collaborators{/collaborator}","teams_url":"https://api.github.com/repos/leonardosovienski/core-predictor/teams","hooks_url":"https://api.github.com/repos/leonardosovienski/core-predictor/hooks","issue_events_url":"https://api.github.com/repos/leonardosovienski/core-predictor/issues/events{/number}","events_url":"https://api.github.com/repos/leonardosovienski/core-predictor/events","assignees_url":"https://api.github.com/repos/leonardosovienski/core-predictor/assignees{/user}","branches_url":"https://api.github.com/repos/leonardosovienski/core-predictor/branches{/branch}","tags_url":"https://api.github.com/repos/leonardosovienski/core-predictor/tags","blobs_url":"https://api.github.com/repos/leonardosovienski/core-predictor/git/blobs{/sha}","git_tags_url":"https://api.github.com/repos/leonardosovienski/core-predictor/git/tags{/sha}","git_refs_url":"https://api.github.com/repos/leonardosovienski/core-predictor/git/refs{/sha}","trees_url":"https://api.github.com/repos/leonardosovienski/core-predictor/git/trees{/sha}","statuses_url":"https://api.github.com/repos/leonardosovienski/core-predictor/statuses/{sha}","languages_url":"https://api.github.com/repos/leonardosovienski/core-predictor/languages","stargazers_url":"https://api.github.com/repos/leonardosovienski/core-predictor/stargazers","contributors_url":"https://api.github.com/repos/leonardosovienski/core-predictor/contributors","subscribers_url":"https://api.github.com/repos/leonardosovienski/core-predictor/subscribers","subscription_url":"https://api.github.com/repos/leonardosovienski/core-predictor/subscription","commits_url":"https://api.github.com/repos/leonardosovienski/core-predictor/commits{/sha}","git_commits_url":"https://api.github.com/repos/leonardosovienski/core-predictor/git/commits{/sha}","comments_url":"https://api.github.com/repos/leonardosovienski/core-predictor/comments{/number}","issue_comment_url":"https://api.github.com/repos/leonardosovienski/core-predictor/issues/comments{/number}","contents_url":"https://api.github.com/repos/leonardosovienski/core-predictor/contents/{+path}","compare_url":"https://api.github.com/repos/leonardosovienski/core-predictor/compare/{base}...{head}","merges_url":"https://api.github.com/repos/leonardosovienski/core-predictor/merges","archive_url":"https://api.github.com/repos/leonardosovienski/core-predictor/{archive_format}{/ref}","downloads_url":"https://api.github.com/repos/leonardosovienski/core-predictor/downloads","issues_url":"https://api.github.com/repos/leonardosovienski/core-predictor/issues{/number}","pulls_url":"https://api.github.com/repos/leonardosovienski/core-predictor/pulls{/number}","milestones_url":"https://api.github.com/repos/leonardosovienski/core-predictor/milestones{/number}","notifications_url":"https://api.github.com/repos/leonardosovienski/core-predictor/notifications{?since,all,participating}","labels_url":"https://api.github.com/repos/leonardosovienski/core-predictor/labels{/name}","releases_url":"https://api.github.com/repos/leonardosovienski/core-predictor/releases{/id}","deployments_url":"https://api.github.com/repos/leonardosovienski/core-predictor/deployments"}},{"id":35823003519,"name":"Push on main","node_id":"WFR_kwLOTAqQF88AAAAIVzenfw","head_branch":"main","head_sha":"5a0841509f091ea0aa95bde0d3d65e2a1a9e984d","path":"dynamic/github-code-scanning/codeql","display_title":"Push on main","run_number":51,"event":"dynamic","status":"completed","conclusion":"success","workflow_id":328757425,"check_suite_id":96996614349,"check_suite_node_id":"CS_kwDOTAqQF88AAAAWlXLgzQ","url":"https://api.github.com/repos/leonardosovienski/core-predictor/actions/runs/35823003519","html_url":"https://github.com/leonardosovienski/core-predictor/actions/runs/35823003519","pull_requests":[],"created_at":"2026-09-23T05:34:58Z","updated_at":"2026-09-23T05:35:58Z","actor":{"login":"leonardosovienski","id":86319239,"node_id":"MDQ6VXNlcjg2MzE5MjM5","avatar_url":"https://avatars.githubusercontent.com/u/86319239?v=4","gravatar_id":"","url":"https://api.github.com/users/leonardosovienski","html_url":"https://github.com/leonardosovienski","followers_url":"https://api.github.com/users/leonardosovienski/followers","following_url":"https://api.github.com/users/leonardosovienski/following{/other_user}","gists_url":"https://api.github.com/users/leonardosovienski/gists{/gist_id}","starred_url":"https://api.github.com/users/leonardosovienski/starred{/owner}{/repo}","subscriptions_url":"https://api.github.com/users/leonardosovienski/subscriptions","organizations_url":"https://api.github.com/users/leonardosovienski/orgs","repos_url":"https://api.github.com/users/leonardosovienski/repos","events_url":"https://api.github.com/users/leonardosovienski/events{/privacy}","received_events_url":"https://api.github.com/users/leonardosovienski/received_events","type":"User","user_view_type":"public","site_admin":false},"run_attempt":1,"referenced_workflows":[],"run_started_at":"2026-09-23T05:34:58Z","triggering_actor":{"login":"leonardosovienski","id":86319239,"node_id":"MDQ6VXNlcjg2MzE5MjM5","avatar_url":"https://avatars.githubusercontent.com/u/86319239?v=4","gravatar_id":"","url":"https://api.github.com/users/leonardosovienski","html_url":"https://github.com/leonardosovienski","followers_url":"https://api.github.com/users/leonardosovienski/followers","following_url":"https://api.github.com/users/leonardosovienski/following{/other_user}","gists_url":"https://api.github.com/users/leonardosovienski/gists{/gist_id}","starred_url":"https://api.github.com/users/leonardosovienski/starred{/owner}{/repo}","subscriptions_url":"https://api.github.com/users/leonardosovienski/subscriptions","organizations_url":"https://api.github.com/users/leonardosovienski/orgs","repos_url":"https://api.github.com/users/leonardosovienski/repos","events_url":"https://api.github.com/users/leonardosovienski/events{/privacy}","received_events_url":"https://api.github.com/users/leonardosovienski/received_events","type":"User","user_view_type":"public","site_admin":false},"jobs_url":"https://api.github.com/repos/leonardosovienski/core-predictor/actions/runs/35823003519/jobs","logs_url":"https://api.github.com/repos/leonardosovienski/core-predictor/actions/runs/35823003519/logs","check_suite_url":"https://api.github.com/repos/leonardosovienski/core-predictor/check-suites/96996614349","artifacts_url":"https://api.github.com/repos/leonardosovienski/core-predictor/actions/runs/35823003519/artifacts","cancel_url":"https://api.github.com/repos/leonardosovienski/core-predictor/actions/runs/35823003519/cancel","rerun_url":"https://api.github.com/repos/leonardosovienski/core-predictor/actions/runs/35823003519/rerun","previous_attempt_url":null,"workflow_url":"https://api.github.com/repos/leonardosovienski/core-predictor/actions/workflows/328757425","head_commit":{"id":"5a0841509f091ea0aa95bde0d3d65e2a1a9e984d","tree_id":"9ef5e3d0f2deefccaa5217e1c01abae1578b1bee","message":"Merge pull request #30 from leonardosovienski/dependabot/github_actions/actions/upload-artifact-7\n\nci(deps): bump actions/upload-artifact from 4 to 7","timestamp":"2026-09-23T05:34:56Z","author":{"name":"Leonardo Sanches Sovienski","email":"86319239+leonardosovienski@users.noreply.github.com"},"committer":{"name":"GitHub","email":"noreply@github.com"}},"repository":{"id":1275760663,"node_id":"R_kgDOTAqQFw","name":"core-predictor","full_name":"leonardosovienski/core-predictor","private":false,"owner":{"login":"leonardosovienski","id":86319239,"node_id":"MDQ6VXNlcjg2MzE5MjM5","avatar_url":"https://avatars.githubusercontent.com/u/86319239?v=4","gravatar_id":"","url":"https://api.github.com/users/leonardosovienski","html_url":"https://github.com/leonardosovienski","followers_url":"https://api.github.com/users/leonardosovienski/followers","following_url":"https://api.github.com/users/leonardosovienski/following{/other_user}","gists_url":"https://api.github.com/users/leonardosovienski/gists{/gist_id}","starred_url":"https://api.github.com/users/leonardosovienski/starred{/owner}{/repo}","subscriptions_url":"https://api.github.com/users/leonardosovienski/subscriptions","organizations_url":"https://api.github.com/users/leonardosovienski/orgs","repos_url":"https://api.github.com/users/leonardosovienski/repos","events_url":"https://api.github.com/users/leonardosovienski/events{/privacy}","received_events_url":"https://api.github.com/users/leonardosovienski/received_events","type":"User","user_view_type":"public","site_admin":false},"html_url":"https://github.com/leonardosovienski/core-predictor","description":null,"fork":false,"url":"https://api.github.com/repos/leonardosovienski/core-predictor","forks_url":"https://api.github.com/repos/leonardosovienski/core-predictor/forks","keys_url":"https://api.github.com/repos/leonardosovienski/core-predictor/keys{/key_id}","collaborators_url":"https://api.github.com/repos/leonardosovienski/core-predictor/collaborators{/collaborator}","teams_url":"https://api.github.com/repos/leonardosovienski/core-predictor/teams","hooks_url":"https://api.github.com/repos/leonardosovienski/core-predictor/hooks","issue_events_url":"https://api.github.com/repos/leonardosovienski/core-predictor/issues/events{/number}","events_url":"https://api.github.com/repos/leonardosovienski/core-predictor/events","assignees_url":"https://api.github.com/repos/leonardosovienski/core-predictor/assignees{/user}","branches_url":"https://api.github.com/repos/leonardosovienski/core-predictor/branches{/branch}","tags_url":"https://api.github.com/repos/leonardosovienski/core-predictor/tags","blobs_url":"https://api.github.com/repos/leonardosovienski/core-predictor/git/blobs{/sha}","git_tags_url":"https://api.github.com/repos/leonardosovienski/core-predictor/git/tags{/sha}","git_refs_url":"https://api.github.com/repos/leonardosovienski/core-predictor/git/refs{/sha}","trees_url":"https://api.github.com/repos/leonardosovienski/core-predictor/git/trees{/sha}","statuses_url":"https://api.github.com/repos/leonardosovienski/core-predictor/statuses/{sha}","languages_url":"https://api.github.com/repos/leonardosovienski/core-predictor/languages","stargazers_url":"https://api.github.com/repos/leonardosovienski/core-predictor/stargazers","contributors_url":"https://api.github.com/repos/leonardosovienski/core-predictor/contributors","subscribers_url":"https://api.github.com/repos/leonardosovienski/core-predictor/subscribers","subscription_url":"https://api.github.com/repos/leonardosovienski/core-predictor/subscription","commits_url":"https://api.github.com/repos/leonardosovienski/core-predictor/commits{/sha}","git_commits_url":"https://api.github.com/repos/leonardosovienski/core-predictor/git/commits{/sha}","comments_url":"https://api.github.com/repos/leonardosovienski/core-predictor/comments{/number}","issue_comment_url":"https://api.github.com/repos/leonardosovienski/core-predictor/issues/comments{/number}","contents_url":"https://api.github.com/repos/leonardosovienski/core-predictor/contents/{+path}","compare_url":"https://api.github.com/repos/leonardosovienski/core-predictor/compare/{base}...{head}","merges_url":"https://api.github.com/repos/leonardosovienski/core-predictor/merges","archive_url":"https://api.github.com/repos/leonardosovienski/core-predictor/{archive_format}{/ref}","downloads_url":"https://api.github.com/repos/leonardosovienski/core-predictor/downloads","issues_url":"https://api.github.com/repos/leonardosovienski/core-predictor/issues{/number}","pulls_url":"https://api.github.com/repos/leonardosovienski/core-predictor/pulls{/number}","milestones_url":"https://api.github.com/repos/leonardosovienski/core-predictor/milestones{/number}","notifications_url":"https://api.github.com/repos/leonardosovienski/core-predictor/notifications{?since,all,participating}","labels_url":"https://api.github.com/repos/leonardosovienski/core-predictor/labels{/name}","releases_url":"https://api.github.com/repos/leonardosovienski/core-predictor/releases{/id}","deployments_url":"https://api.github.com/repos/leonardosovienski/core-predictor/deployments"},"head_repository":{"id":1275760663,"node_id":"R_kgDOTAqQFw","name":"core-predictor","full_name":"leonardosovienski/core-predictor","private":false,"owner":{"login":"leonardosovienski","id":86319239,"node_id":"MDQ6VXNlcjg2MzE5MjM5","avatar_url":"https://avatars.githubusercontent.com/u/86319239?v=4","gravatar_id":"","url":"https://api.github.com/users/leonardosovienski","html_url":"https://github.com/leonardosovienski","followers_url":"https://api.github.com/users/leonardosovienski/followers","following_url":"https://api.github.com/users/leonardosovienski/following{/other_user}","gists_url":"https://api.github.com/users/leonardosovienski/gists{/gist_id}","starred_url":"https://api.github.com/users/leonardosovienski/starred{/owner}{/repo}","subscriptions_url":"https://api.github.com/users/leonardosovienski/subscriptions","organizations_url":"https://api.github.com/users/leonardosovienski/orgs","repos_url":"https://api.github.com/users/leonardosovienski/repos","events_url":"https://api.github.com/users/leonardosovienski/events{/privacy}","received_events_url":"https://api.github.com/users/leonardosovienski/received_events","type":"User","user_view_type":"public","site_admin":false},"html_url":"https://github.com/leonardosovienski/core-predictor","description":null,"fork":false,"url":"https://api.github.com/repos/leonardosovienski/core-predictor","forks_url":"https://api.github.com/repos/leonardosovienski/core-predictor/forks","keys_url":"https://api.github.com/repos/leonardosovienski/core-predictor/keys{/key_id}","collaborators_url":"https://api.github.com/repos/leonardosovienski/core-predictor/collaborators{/collaborator}","teams_url":"https://api.github.com/repos/leonardosovienski/core-predictor/teams","hooks_url":"https://api.github.com/repos/leonardosovienski/core-predictor/hooks","issue_events_url":"https://api.github.com/repos/leonardosovienski/core-predictor/issues/events{/number}","events_url":"https://api.github.com/repos/leonardosovienski/core-predictor/events","assignees_url":"https://api.github.com/repos/leonardosovienski/core-predictor/assignees{/user}","branches_url":"https://api.github.com/repos/leonardosovienski/core-predictor/branches{/branch}","tags_url":"https://api.github.com/repos/leonardosovienski/core-predictor/tags","blobs_url":"https://api.github.com/repos/leonardosovienski/core-predictor/git/blobs{/sha}","git_tags_url":"https://api.github.com/repos/leonardosovienski/core-predictor/git/tags{/sha}","git_refs_url":"https://api.github.com/repos/leonardosovienski/core-predictor/git/refs{/sha}","trees_url":"https://api.github.com/repos/leonardosovienski/core-predictor/git/trees{/sha}","statuses_url":"https://api.github.com/repos/leonardosovienski/core-predictor/statuses/{sha}","languages_url":"https://api.github.com/repos/leonardosovienski/core-predictor/languages","stargazers_url":"https://api.github.com/repos/leonardosovienski/core-predictor/stargazers","contributors_url":"https://api.github.com/repos/leonardosovienski/core-predictor/contributors","subscribers_url":"https://api.github.com/repos/leonardosovienski/core-predictor/subscribers","subscription_url":"https://api.github.com/repos/leonardosovienski/core-predictor/subscription","commits_url":"https://api.github.com/repos/leonardosovienski/core-predictor/commits{/sha}","git_commits_url":"https://api.github.com/repos/leonardosovienski/core-predictor/git/commits{/sha}","comments_url":"https://api.github.com/repos/leonardosovienski/core-predictor/comments{/number}","issue_comment_url":"https://api.github.com/repos/leonardosovienski/core-predictor/issues/comments{/number}","contents_url":"https://api.github.com/repos/leonardosovienski/core-predictor/contents/{+path}","compare_url":"https://api.github.com/repos/leonardosovienski/core-predictor/compare/{base}...{head}","merges_url":"https://api.github.com/repos/leonardosovienski/core-predictor/merges","archive_url":"https://api.github.com/repos/leonardosovienski/core-predictor/{archive_format}{/ref}","downloads_url":"https://api.github.com/repos/leonardosovienski/core-predictor/downloads","issues_url":"https://api.github.com/repos/leonardosovienski/core-predictor/issues{/number}","pulls_url":"https://api.github.com/repos/leonardosovienski/core-predictor/pulls{/number}","milestones_url":"https://api.github.com/repos/leonardosovienski/core-predictor/milestones{/number}","notifications_url":"https://api.github.com/repos/leonardosovienski/core-predictor/notifications{?since,all,participating}","labels_url":"https://api.github.com/repos/leonardosovienski/core-predictor/labels{/name}","releases_url":"https://api.github.com/repos/leonardosovienski/core-predictor/releases{/id}","deployments_url":"https://api.github.com/repos/leonardosovienski/core-predictor/deployments"}}]}
$ (cwd=None) gh api repos/leonardosovienski/core-predictor/releases?per_page=100
[exit 0]
[{"url":"https://api.github.com/repos/leonardosovienski/core-predictor/releases/387220099","assets_url":"https://api.github.com/repos/leonardosovienski/core-predictor/releases/387220099/assets","upload_url":"https://uploads.github.com/repos/leonardosovienski/core-predictor/releases/387220099/assets{?name,label}","html_url":"https://github.com/leonardosovienski/core-predictor/releases/tag/v3.2.1","id":387220099,"author":{"login":"github-actions[bot]","id":41898282,"node_id":"MDM6Qm90NDE4OTgyODI=","avatar_url":"https://avatars.githubusercontent.com/in/15368?v=4","gravatar_id":"","url":"https://api.github.com/users/github-actions%5Bbot%5D","html_url":"https://github.com/apps/github-actions","followers_url":"https://api.github.com/users/github-actions%5Bbot%5D/followers","following_url":"https://api.github.com/users/github-actions%5Bbot%5D/following{/other_user}","gists_url":"https://api.github.com/users/github-actions%5Bbot%5D/gists{/gist_id}","starred_url":"https://api.github.com/users/github-actions%5Bbot%5D/starred{/owner}{/repo}","subscriptions_url":"https://api.github.com/users/github-actions%5Bbot%5D/subscriptions","organizations_url":"https://api.github.com/users/github-actions%5Bbot%5D/orgs","repos_url":"https://api.github.com/users/github-actions%5Bbot%5D/repos","events_url":"https://api.github.com/users/github-actions%5Bbot%5D/events{/privacy}","received_events_url":"https://api.github.com/users/github-actions%5Bbot%5D/received_events","type":"Bot","user_view_type":"public","site_admin":false},"node_id":"RE_kwDOTAqQF84XFIKD","tag_name":"v3.2.1","target_commitish":"main","name":"v3.2.1","draft":false,"immutable":false,"prerelease":false,"created_at":"2026-09-11T17:22:41Z","updated_at":"2026-09-11T17:28:11Z","published_at":"2026-09-11T17:28:11Z","assets":[{"url":"https://api.github.com/repos/leonardosovienski/core-predictor/releases/assets/557688551","id":557688551,"node_id":"RA_kwDOTAqQF84hPabn","name":"predictor_core-3.2.1-py3-none-any.whl","label":"","uploader":{"login":"github-actions[bot]","id":41898282,"node_id":"MDM6Qm90NDE4OTgyODI=","avatar_url":"https://avatars.githubusercontent.com/in/15368?v=4","gravatar_id":"","url":"https://api.github.com/users/github-actions%5Bbot%5D","html_url":"https://github.com/apps/github-actions","followers_url":"https://api.github.com/users/github-actions%5Bbot%5D/followers","following_url":"https://api.github.com/users/github-actions%5Bbot%5D/following{/other_user}","gists_url":"https://api.github.com/users/github-actions%5Bbot%5D/gists{/gist_id}","starred_url":"https://api.github.com/users/github-actions%5Bbot%5D/starred{/owner}{/repo}","subscriptions_url":"https://api.github.com/users/github-actions%5Bbot%5D/subscriptions","organizations_url":"https://api.github.com/users/github-actions%5Bbot%5D/orgs","repos_url":"https://api.github.com/users/github-actions%5Bbot%5D/repos","events_url":"https://api.github.com/users/github-actions%5Bbot%5D/events{/privacy}","received_events_url":"https://api.github.com/users/github-actions%5Bbot%5D/received_events","type":"Bot","user_view_type":"public","site_admin":false},"content_type":"application/octet-stream","state":"uploaded","size":85415,"digest":"sha256:10ef42f34ace8bb2df5f83ff7de2ceec79b035a25ea0a690e8942bd60d2fb4e3","download_count":1058,"created_at":"2026-09-11T17:28:10Z","updated_at":"2026-09-11T17:28:11Z","browser_download_url":"https://github.com/leonardosovienski/core-predictor/releases/download/v3.2.1/predictor_core-3.2.1-py3-none-any.whl"},{"url":"https://api.github.com/repos/leonardosovienski/core-predictor/releases/assets/557688555","id":557688555,"node_id":"RA_kwDOTAqQF84hPabr","name":"predictor_core-3.2.1.tar.gz","label":"","uploader":{"login":"github-actions[bot]","id":41898282,"node_id":"MDM6Qm90NDE4OTgyODI=","avatar_url":"https://avatars.githubusercontent.com/in/15368?v=4","gravatar_id":"","url":"https://api.github.com/users/github-actions%5Bbot%5D","html_url":"https://github.com/apps/github-actions","followers_url":"https://api.github.com/users/github-actions%5Bbot%5D/followers","following_url":"https://api.github.com/users/github-actions%5Bbot%5D/following{/other_user}","gists_url":"https://api.github.com/users/github-actions%5Bbot%5D/gists{/gist_id}","starred_url":"https://api.github.com/users/github-actions%5Bbot%5D/starred{/owner}{/repo}","subscriptions_url":"https://api.github.com/users/github-actions%5Bbot%5D/subscriptions","organizations_url":"https://api.github.com/users/github-actions%5Bbot%5D/orgs","repos_url":"https://api.github.com/users/github-actions%5Bbot%5D/repos","events_url":"https://api.github.com/users/github-actions%5Bbot%5D/events{/privacy}","received_events_url":"https://api.github.com/users/github-actions%5Bbot%5D/received_events","type":"Bot","user_view_type":"public","site_admin":false},"content_type":"application/x-gtar","state":"uploaded","size":168368,"digest":"sha256:03c8e7cbbd7727484d9185358c4f7144dfc3bd419a5446537d845b708dc5a6b4","download_count":0,"created_at":"2026-09-11T17:28:11Z","updated_at":"2026-09-11T17:28:11Z","browser_download_url":"https://github.com/leonardosovienski/core-predictor/releases/download/v3.2.1/predictor_core-3.2.1.tar.gz"}],"tarball_url":"https://api.github.com/repos/leonardosovienski/core-predictor/tarball/v3.2.1","zipball_url":"https://api.github.com/repos/leonardosovienski/core-predictor/zipball/v3.2.1","body":"## What's Changed\n* docs: o 3.2.0 não é aditivo para quem atualiza veredito — CHANGELOG corrigido by @leonardosovienski in https://github.com/leonardosovienski/core-predictor/pull/27\n* Isolate scientific imports and reject nonfinite contracts by @leonardosovienski in https://github.com/leonardosovienski/core-predictor/pull/28\n\n\n**Full Changelog**: https://github.com/leonardosovienski/core-predictor/compare/v3.2.0...v3.2.1","mentions_count":1},{"url":"https://api.github.com/repos/leonardosovienski/core-predictor/releases/383646601","assets_url":"https://api.github.com/repos/leonardosovienski/core-predictor/releases/383646601/assets","upload_url":"https://uploads.github.com/repos/leonardosovienski/core-predictor/releases/383646601/assets{?name,label}","html_url":"https://github.com/leonardosovienski/core-predictor/releases/tag/v3.2.0","id":383646601,"author":{"login":"leonardosovienski","id":86319239,"node_id":"MDQ6VXNlcjg2MzE5MjM5","avatar_url":"https://avatars.githubusercontent.com/u/86319239?v=4","gravatar_id":"","url":"https://api.github.com/users/leonardosovienski","html_url":"https://github.com/leonardosovienski","followers_url":"https://api.github.com/users/leonardosovienski/followers","following_url":"https://api.github.com/users/leonardosovienski/following{/other_user}","gists_url":"https://api.github.com/users/leonardosovienski/gists{/gist_id}","starred_url":"https://api.github.com/users/leonardosovienski/starred{/owner}{/repo}","subscriptions_url":"https://api.github.com/users/leonardosovienski/subscriptions","organizations_url":"https://api.github.com/users/leonardosovienski/orgs","repos_url":"https://api.github.com/users/leonardosovienski/repos","events_url":"https://api.github.com/users/leonardosovienski/events{/privacy}","received_events_url":"https://api.github.com/users/leonardosovienski/received_events","type":"User","user_view_type":"public","site_admin":false},"node_id":"RE_kwDOTAqQF84W3fuJ","tag_name":"v3.2.0","target_commitish":"main","name":"v3.2.0","draft":false,"immutable":false,"prerelease":false,"created_at":"2026-09-06T02:52:15Z","updated_at":"2026-09-06T16:25:25Z","published_at":"2026-09-06T16:24:49Z","assets":[{"url":"https://api.github.com/repos/leonardosovienski/core-predictor/releases/assets/547406330","id":547406330,"node_id":"RA_kwDOTAqQF84goMH6","name":"predictor_core-3.2.0-py3-none-any.whl","label":"","uploader":{"login":"github-actions[bot]","id":41898282,"node_id":"MDM6Qm90NDE4OTgyODI=","avatar_url":"https://avatars.githubusercontent.com/in/15368?v=4","gravatar_id":"","url":"https://api.github.com/users/github-actions%5Bbot%5D","html_url":"https://github.com/apps/github-actions","followers_url":"https://api.github.com/users/github-actions%5Bbot%5D/followers","following_url":"https://api.github.com/users/github-actions%5Bbot%5D/following{/other_user}","gists_url":"https://api.github.com/users/github-actions%5Bbot%5D/gists{/gist_id}","starred_url":"https://api.github.com/users/github-actions%5Bbot%5D/starred{/owner}{/repo}","subscriptions_url":"https://api.github.com/users/github-actions%5Bbot%5D/subscriptions","organizations_url":"https://api.github.com/users/github-actions%5Bbot%5D/orgs","repos_url":"https://api.github.com/users/github-actions%5Bbot%5D/repos","events_url":"https://api.github.com/users/github-actions%5Bbot%5D/events{/privacy}","received_events_url":"https://api.github.com/users/github-actions%5Bbot%5D/received_events","type":"Bot","user_view_type":"public","site_admin":false},"content_type":"application/octet-stream","state":"uploaded","size":83850,"digest":"sha256:9166dd6bd3be99668c0eb8bd3c59a92061e765186608465c0caf48a2417e3009","download_count":794,"created_at":"2026-09-06T16:25:25Z","updated_at":"2026-09-06T16:25:25Z","browser_download_url":"https://github.com/leonardosovienski/core-predictor/releases/download/v3.2.0/predictor_core-3.2.0-py3-none-any.whl"},{"url":"https://api.github.com/repos/leonardosovienski/core-predictor/releases/assets/547406331","id":547406331,"node_id":"RA_kwDOTAqQF84goMH7","name":"predictor_core-3.2.0.tar.gz","label":"","uploader":{"login":"github-actions[bot]","id":41898282,"node_id":"MDM6Qm90NDE4OTgyODI=","avatar_url":"https://avatars.githubusercontent.com/in/15368?v=4","gravatar_id":"","url":"https://api.github.com/users/github-actions%5Bbot%5D","html_url":"https://github.com/apps/github-actions","followers_url":"https://api.github.com/users/github-actions%5Bbot%5D/followers","following_url":"https://api.github.com/users/github-actions%5Bbot%5D/following{/other_user}","gists_url":"https://api.github.com/users/github-actions%5Bbot%5D/gists{/gist_id}","starred_url":"https://api.github.com/users/github-actions%5Bbot%5D/starred{/owner}{/repo}","subscriptions_url":"https://api.github.com/users/github-actions%5Bbot%5D/subscriptions","organizations_url":"https://api.github.com/users/github-actions%5Bbot%5D/orgs","repos_url":"https://api.github.com/users/github-actions%5Bbot%5D/repos","events_url":"https://api.github.com/users/github-actions%5Bbot%5D/events{/privacy}","received_events_url":"https://api.github.com/users/github-actions%5Bbot%5D/received_events","type":"Bot","user_view_type":"public","site_admin":false},"content_type":"application/x-gtar","state":"uploaded","size":158462,"digest":"sha256:7455e1cb6533be3083a6ad56df9bd49669f764889071834698706d77fb3d75f2","download_count":1,"created_at":"2026-09-06T16:25:25Z","updated_at":"2026-09-06T16:25:25Z","browser_download_url":"https://github.com/leonardosovienski/core-predictor/releases/download/v3.2.0/predictor_core-3.2.0.tar.gz"}],"tarball_url":"https://api.github.com/repos/leonardosovienski/core-predictor/tarball/v3.2.0","zipball_url":"https://api.github.com/repos/leonardosovienski/core-predictor/zipball/v3.2.0","body":""},{"url":"https://api.github.com/repos/leonardosovienski/core-predictor/releases/381632059","assets_url":"https://api.github.com/repos/leonardosovienski/core-predictor/releases/381632059/assets","upload_url":"https://uploads.github.com/repos/leonardosovienski/core-predictor/releases/381632059/assets{?name,label}","html_url":"https://github.com/leonardosovienski/core-predictor/releases/tag/v3.1.0","id":381632059,"author":{"login":"github-actions[bot]","id":41898282,"node_id":"MDM6Qm90NDE4OTgyODI=","avatar_url":"https://avatars.githubusercontent.com/in/15368?v=4","gravatar_id":"","url":"https://api.github.com/users/github-actions%5Bbot%5D","html_url":"https://github.com/apps/github-actions","followers_url":"https://api.github.com/users/github-actions%5Bbot%5D/followers","following_url":"https://api.github.com/users/github-actions%5Bbot%5D/following{/other_user}","gists_url":"https://api.github.com/users/github-actions%5Bbot%5D/gists{/gist_id}","starred_url":"https://api.github.com/users/github-actions%5Bbot%5D/starred{/owner}{/repo}","subscriptions_url":"https://api.github.com/users/github-actions%5Bbot%5D/subscriptions","organizations_url":"https://api.github.com/users/github-actions%5Bbot%5D/orgs","repos_url":"https://api.github.com/users/github-actions%5Bbot%5D/repos","events_url":"https://api.github.com/users/github-actions%5Bbot%5D/events{/privacy}","received_events_url":"https://api.github.com/users/github-actions%5Bbot%5D/received_events","type":"Bot","user_view_type":"public","site_admin":false},"node_id":"RE_kwDOTAqQF84Wvz47","tag_name":"v3.1.0","target_commitish":"main","name":"v3.1.0","draft":false,"immutable":false,"prerelease":false,"created_at":"2026-09-02T23:29:56Z","updated_at":"2026-09-02T23:30:34Z","published_at":"2026-09-02T23:30:34Z","assets":[{"url":"https://api.github.com/repos/leonardosovienski/core-predictor/releases/assets/541893044","id":541893044,"node_id":"RA_kwDOTAqQF84gTKG0","name":"predictor_core-3.1.0-py3-none-any.whl","label":"","uploader":{"login":"github-actions[bot]","id":41898282,"node_id":"MDM6Qm90NDE4OTgyODI=","avatar_url":"https://avatars.githubusercontent.com/in/15368?v=4","gravatar_id":"","url":"https://api.github.com/users/github-actions%5Bbot%5D","html_url":"https://github.com/apps/github-actions","followers_url":"https://api.github.com/users/github-actions%5Bbot%5D/followers","following_url":"https://api.github.com/users/github-actions%5Bbot%5D/following{/other_user}","gists_url":"https://api.github.com/users/github-actions%5Bbot%5D/gists{/gist_id}","starred_url":"https://api.github.com/users/github-actions%5Bbot%5D/starred{/owner}{/repo}","subscriptions_url":"https://api.github.com/users/github-actions%5Bbot%5D/subscriptions","organizations_url":"https://api.github.com/users/github-actions%5Bbot%5D/orgs","repos_url":"https://api.github.com/users/github-actions%5Bbot%5D/repos","events_url":"https://api.github.com/users/github-actions%5Bbot%5D/events{/privacy}","received_events_url":"https://api.github.com/users/github-actions%5Bbot%5D/received_events","type":"Bot","user_view_type":"public","site_admin":false},"content_type":"application/octet-stream","state":"uploaded","size":80978,"digest":"sha256:b4ef7d4723c8255f93a3e47f54af292195e913fca60e7b7e9c6de90ebdd5a491","download_count":309,"created_at":"2026-09-02T23:30:33Z","updated_at":"2026-09-02T23:30:34Z","browser_download_url":"https://github.com/leonardosovienski/core-predictor/releases/download/v3.1.0/predictor_core-3.1.0-py3-none-any.whl"},{"url":"https://api.github.com/repos/leonardosovienski/core-predictor/releases/assets/541893042","id":541893042,"node_id":"RA_kwDOTAqQF84gTKGy","name":"predictor_core-3.1.0.tar.gz","label":"","uploader":{"login":"github-actions[bot]","id":41898282,"node_id":"MDM6Qm90NDE4OTgyODI=","avatar_url":"https://avatars.githubusercontent.com/in/15368?v=4","gravatar_id":"","url":"https://api.github.com/users/github-actions%5Bbot%5D","html_url":"https://github.com/apps/github-actions","followers_url":"https://api.github.com/users/github-actions%5Bbot%5D/followers","following_url":"https://api.github.com/users/github-actions%5Bbot%5D/following{/other_user}","gists_url":"https://api.github.com/users/github-actions%5Bbot%5D/gists{/gist_id}","starred_url":"https://api.github.com/users/github-actions%5Bbot%5D/starred{/owner}{/repo}","subscriptions_url":"https://api.github.com/users/github-actions%5Bbot%5D/subscriptions","organizations_url":"https://api.github.com/users/github-actions%5Bbot%5D/orgs","repos_url":"https://api.github.com/users/github-actions%5Bbot%5D/repos","events_url":"https://api.github.com/users/github-actions%5Bbot%5D/events{/privacy}","received_events_url":"https://api.github.com/users/github-actions%5Bbot%5D/received_events","type":"Bot","user_view_type":"public","site_admin":false},"content_type":"application/x-gtar","state":"uploaded","size":150374,"digest":"sha256:e5a40d51f8d7af9cc2a3d86792a0f2600993f3b84ce1b1deca3222b39b723333","download_count":0,"created_at":"2026-09-02T23:30:33Z","updated_at":"2026-09-02T23:30:34Z","browser_download_url":"https://github.com/leonardosovienski/core-predictor/releases/download/v3.1.0/predictor_core-3.1.0.tar.gz"}],"tarball_url":"https://api.github.com/repos/leonardosovienski/core-predictor/tarball/v3.1.0","zipball_url":"https://api.github.com/repos/leonardosovienski/core-predictor/zipball/v3.1.0","body":"**Full Changelog**: https://github.com/leonardosovienski/core-predictor/compare/v3.0.0...v3.1.0"},{"url":"https://api.github.com/repos/leonardosovienski/core-predictor/releases/380073864","assets_url":"https://api.github.com/repos/leonardosovienski/core-predictor/releases/380073864/assets","upload_url":"https://uploads.github.com/repos/leonardosovienski/core-predictor/releases/380073864/assets{?name,label}","html_url":"https://github.com/leonardosovienski/core-predictor/releases/tag/v3.0.0","id":380073864,"author":{"login":"leonardosovienski","id":86319239,"node_id":"MDQ6VXNlcjg2MzE5MjM5","avatar_url":"https://avatars.githubusercontent.com/u/86319239?v=4","gravatar_id":"","url":"https://api.github.com/users/leonardosovienski","html_url":"https://github.com/leonardosovienski","followers_url":"https://api.github.com/users/leonardosovienski/followers","following_url":"https://api.github.com/users/leonardosovienski/following{/other_user}","gists_url":"https://api.github.com/users/leonardosovienski/gists{/gist_id}","starred_url":"https://api.github.com/users/leonardosovienski/starred{/owner}{/repo}","subscriptions_url":"https://api.github.com/users/leonardosovienski/subscriptions","organizations_url":"https://api.github.com/users/leonardosovienski/orgs","repos_url":"https://api.github.com/users/leonardosovienski/repos","events_url":"https://api.github.com/users/leonardosovienski/events{/privacy}","received_events_url":"https://api.github.com/users/leonardosovienski/received_events","type":"User","user_view_type":"public","site_admin":false},"node_id":"RE_kwDOTAqQF84Wp3eI","tag_name":"v3.0.0","target_commitish":"main","name":"Predictor Core 3.0.0","draft":false,"immutable":false,"prerelease":false,"created_at":"2026-08-31T21:50:23Z","updated_at":"2026-08-31T21:51:09Z","published_at":"2026-08-31T21:50:33Z","assets":[{"url":"https://api.github.com/repos/leonardosovienski/core-predictor/releases/assets/538568303","id":538568303,"node_id":"RA_kwDOTAqQF84gGeZv","name":"predictor_core-3.0.0-py3-none-any.whl","label":"","uploader":{"login":"github-actions[bot]","id":41898282,"node_id":"MDM6Qm90NDE4OTgyODI=","avatar_url":"https://avatars.githubusercontent.com/in/15368?v=4","gravatar_id":"","url":"https://api.github.com/users/github-actions%5Bbot%5D","html_url":"https://github.com/apps/github-actions","followers_url":"https://api.github.com/users/github-actions%5Bbot%5D/followers","following_url":"https://api.github.com/users/github-actions%5Bbot%5D/following{/other_user}","gists_url":"https://api.github.com/users/github-actions%5Bbot%5D/gists{/gist_id}","starred_url":"https://api.github.com/users/github-actions%5Bbot%5D/starred{/owner}{/repo}","subscriptions_url":"https://api.github.com/users/github-actions%5Bbot%5D/subscriptions","organizations_url":"https://api.github.com/users/github-actions%5Bbot%5D/orgs","repos_url":"https://api.github.com/users/github-actions%5Bbot%5D/repos","events_url":"https://api.github.com/users/github-actions%5Bbot%5D/events{/privacy}","received_events_url":"https://api.github.com/users/github-actions%5Bbot%5D/received_events","type":"Bot","user_view_type":"public","site_admin":false},"content_type":"application/octet-stream","state":"uploaded","size":76093,"digest":"sha256:fdc1d3e27b6805a1d125702b6e3bb88f6fa3483791c22ea310bf6c56d5581c4d","download_count":1051,"created_at":"2026-08-31T21:51:08Z","updated_at":"2026-08-31T21:51:08Z","browser_download_url":"https://github.com/leonardosovienski/core-predictor/releases/download/v3.0.0/predictor_core-3.0.0-py3-none-any.whl"},{"url":"https://api.github.com/repos/leonardosovienski/core-predictor/releases/assets/538568302","id":538568302,"node_id":"RA_kwDOTAqQF84gGeZu","name":"predictor_core-3.0.0.tar.gz","label":"","uploader":{"login":"github-actions[bot]","id":41898282,"node_id":"MDM6Qm90NDE4OTgyODI=","avatar_url":"https://avatars.githubusercontent.com/in/15368?v=4","gravatar_id":"","url":"https://api.github.com/users/github-actions%5Bbot%5D","html_url":"https://github.com/apps/github-actions","followers_url":"https://api.github.com/users/github-actions%5Bbot%5D/followers","following_url":"https://api.github.com/users/github-actions%5Bbot%5D/following{/other_user}","gists_url":"https://api.github.com/users/github-actions%5Bbot%5D/gists{/gist_id}","starred_url":"https://api.github.com/users/github-actions%5Bbot%5D/starred{/owner}{/repo}","subscriptions_url":"https://api.github.com/users/github-actions%5Bbot%5D/subscriptions","organizations_url":"https://api.github.com/users/github-actions%5Bbot%5D/orgs","repos_url":"https://api.github.com/users/github-actions%5Bbot%5D/repos","events_url":"https://api.github.com/users/github-actions%5Bbot%5D/events{/privacy}","received_events_url":"https://api.github.com/users/github-actions%5Bbot%5D/received_events","type":"Bot","user_view_type":"public","site_admin":false},"content_type":"application/x-gtar","state":"uploaded","size":142054,"digest":"sha256:3a66e35072135d47ec335e842a9157608102431aa6dabb97fef7d020ce39192a","download_count":0,"created_at":"2026-08-31T21:51:08Z","updated_at":"2026-08-31T21:51:08Z","browser_download_url":"https://github.com/leonardosovienski/core-predictor/releases/download/v3.0.0/predictor_core-3.0.0.tar.gz"}],"tarball_url":"https://api.github.com/repos/leonardosovienski/core-predictor/tarball/v3.0.0","zipball_url":"https://api.github.com/repos/leonardosovienski/core-predictor/zipball/v3.0.0","body":"## What's Changed\n* Reconcile current Core documentation by @leonardosovienski in https://github.com/leonardosovienski/core-predictor/pull/19\n\n\n**Full Changelog**: https://github.com/leonardosovienski/core-predictor/compare/v2.3.0...v3.0.0","mentions_count":1},{"url":"https://api.github.com/repos/leonardosovienski/core-predictor/releases/371755665","assets_url":"https://api.github.com/repos/leonardosovienski/core-predictor/releases/371755665/assets","upload_url":"https://uploads.github.com/repos/leonardosovienski/core-predictor/releases/371755665/assets{?name,label}","html_url":"https://github.com/leonardosovienski/core-predictor/releases/tag/v2.3.0","id":371755665,"author":{"login":"github-actions[bot]","id":41898282,"node_id":"MDM6Qm90NDE4OTgyODI=","avatar_url":"https://avatars.githubusercontent.com/in/15368?v=4","gravatar_id":"","url":"https://api.github.com/users/github-actions%5Bbot%5D","html_url":"https://github.com/apps/github-actions","followers_url":"https://api.github.com/users/github-actions%5Bbot%5D/followers","following_url":"https://api.github.com/users/github-actions%5Bbot%5D/following{/other_user}","gists_url":"https://api.github.com/users/github-actions%5Bbot%5D/gists{/gist_id}","starred_url":"https://api.github.com/users/github-actions%5Bbot%5D/starred{/owner}{/repo}","subscriptions_url":"https://api.github.com/users/github-actions%5Bbot%5D/subscriptions","organizations_url":"https://api.github.com/users/github-actions%5Bbot%5D/orgs","repos_url":"https://api.github.com/users/github-actions%5Bbot%5D/repos","events_url":"https://api.github.com/users/github-actions%5Bbot%5D/events{/privacy}","received_events_url":"https://api.github.com/users/github-actions%5Bbot%5D/received_events","type":"Bot","user_view_type":"public","site_admin":false},"node_id":"RE_kwDOTAqQF84WKIqR","tag_name":"v2.3.0","target_commitish":"main","name":"v2.3.0","draft":false,"immutable":false,"prerelease":false,"created_at":"2026-08-17T12:53:36Z","updated_at":"2026-08-17T12:56:02Z","published_at":"2026-08-17T12:56:02Z","assets":[{"url":"https://api.github.com/repos/leonardosovienski/core-predictor/releases/assets/518109589","id":518109589,"node_id":"RA_kwDOTAqQF84e4bmV","name":"predictor_core-2.3.0-py3-none-any.whl","label":"","uploader":{"login":"github-actions[bot]","id":41898282,"node_id":"MDM6Qm90NDE4OTgyODI=","avatar_url":"https://avatars.githubusercontent.com/in/15368?v=4","gravatar_id":"","url":"https://api.github.com/users/github-actions%5Bbot%5D","html_url":"https://github.com/apps/github-actions","followers_url":"https://api.github.com/users/github-actions%5Bbot%5D/followers","following_url":"https://api.github.com/users/github-actions%5Bbot%5D/following{/other_user}","gists_url":"https://api.github.com/users/github-actions%5Bbot%5D/gists{/gist_id}","starred_url":"https://api.github.com/users/github-actions%5Bbot%5D/starred{/owner}{/repo}","subscriptions_url":"https://api.github.com/users/github-actions%5Bbot%5D/subscriptions","organizations_url":"https://api.github.com/users/github-actions%5Bbot%5D/orgs","repos_url":"https://api.github.com/users/github-actions%5Bbot%5D/repos","events_url":"https://api.github.com/users/github-actions%5Bbot%5D/events{/privacy}","received_events_url":"https://api.github.com/users/github-actions%5Bbot%5D/received_events","type":"Bot","user_view_type":"public","site_admin":false},"content_type":"application/octet-stream","state":"uploaded","size":98822,"digest":"sha256:e0d29eac348e2be4092dde1b629c101d54973b54b5d43014cdaee69e4e17b3b9","download_count":2429,"created_at":"2026-08-17T12:56:01Z","updated_at":"2026-08-17T12:56:01Z","browser_download_url":"https://github.com/leonardosovienski/core-predictor/releases/download/v2.3.0/predictor_core-2.3.0-py3-none-any.whl"},{"url":"https://api.github.com/repos/leonardosovienski/core-predictor/releases/assets/518109590","id":518109590,"node_id":"RA_kwDOTAqQF84e4bmW","name":"predictor_core-2.3.0.tar.gz","label":"","uploader":{"login":"github-actions[bot]","id":41898282,"node_id":"MDM6Qm90NDE4OTgyODI=","avatar_url":"https://avatars.githubusercontent.com/in/15368?v=4","gravatar_id":"","url":"https://api.github.com/users/github-actions%5Bbot%5D","html_url":"https://github.com/apps/github-actions","followers_url":"https://api.github.com/users/github-actions%5Bbot%5D/followers","following_url":"https://api.github.com/users/github-actions%5Bbot%5D/following{/other_user}","gists_url":"https://api.github.com/users/github-actions%5Bbot%5D/gists{/gist_id}","starred_url":"https://api.github.com/users/github-actions%5Bbot%5D/starred{/owner}{/repo}","subscriptions_url":"https://api.github.com/users/github-actions%5Bbot%5D/subscriptions","organizations_url":"https://api.github.com/users/github-actions%5Bbot%5D/orgs","repos_url":"https://api.github.com/users/github-actions%5Bbot%5D/repos","events_url":"https://api.github.com/users/github-actions%5Bbot%5D/events{/privacy}","received_events_url":"https://api.github.com/users/github-actions%5Bbot%5D/received_events","type":"Bot","user_view_type":"public","site_admin":false},"content_type":"application/x-gtar","state":"uploaded","size":167187,"digest":"sha256:590afd7031f9d9d5201175571f2cd3d50ccc1a2221efac93e77992ddb1eec5c8","download_count":0,"created_at":"2026-08-17T12:56:01Z","updated_at":"2026-08-17T12:56:01Z","browser_download_url":"https://github.com/leonardosovienski/core-predictor/releases/download/v2.3.0/predictor_core-2.3.0.tar.gz"}],"tarball_url":"https://api.github.com/repos/leonardosovienski/core-predictor/tarball/v2.3.0","zipball_url":"https://api.github.com/repos/leonardosovienski/core-predictor/zipball/v2.3.0","body":"## What's Changed\n* Document temporal contract boundaries by @leonardosovienski in https://github.com/leonardosovienski/core-predictor/pull/18\n\n\n**Full Changelog**: https://github.com/leonardosovienski/core-predictor/compare/v2.2.1...v2.3.0","mentions_count":1},{"url":"https://api.github.com/repos/leonardosovienski/core-predictor/releases/367478729","assets_url":"https://api.github.com/repos/leonardosovienski/core-predictor/releases/367478729/assets","upload_url":"https://uploads.github.com/repos/leonardosovienski/core-predictor/releases/367478729/assets{?name,label}","html_url":"https://github.com/leonardosovienski/core-predictor/releases/tag/v2.2.1","id":367478729,"author":{"login":"github-actions[bot]","id":41898282,"node_id":"MDM6Qm90NDE4OTgyODI=","avatar_url":"https://avatars.githubusercontent.com/in/15368?v=4","gravatar_id":"","url":"https://api.github.com/users/github-actions%5Bbot%5D","html_url":"https://github.com/apps/github-actions","followers_url":"https://api.github.com/users/github-actions%5Bbot%5D/followers","following_url":"https://api.github.com/users/github-actions%5Bbot%5D/following{/other_user}","gists_url":"https://api.github.com/users/github-actions%5Bbot%5D/gists{/gist_id}","starred_url":"https://api.github.com/users/github-actions%5Bbot%5D/starred{/owner}{/repo}","subscriptions_url":"https://api.github.com/users/github-actions%5Bbot%5D/subscriptions","organizations_url":"https://api.github.com/users/github-actions%5Bbot%5D/orgs","repos_url":"https://api.github.com/users/github-actions%5Bbot%5D/repos","events_url":"https://api.github.com/users/github-actions%5Bbot%5D/events{/privacy}","received_events_url":"https://api.github.com/users/github-actions%5Bbot%5D/received_events","type":"Bot","user_view_type":"public","site_admin":false},"node_id":"RE_kwDOTAqQF84V50fJ","tag_name":"v2.2.1","target_commitish":"main","name":"v2.2.1","draft":false,"immutable":false,"prerelease":false,"created_at":"2026-08-09T12:53:49Z","updated_at":"2026-08-09T12:56:21Z","published_at":"2026-08-09T12:56:21Z","assets":[{"url":"https://api.github.com/repos/leonardosovienski/core-predictor/releases/assets/507513031","id":507513031,"node_id":"RA_kwDOTAqQF84eQAjH","name":"predictor_core-2.2.1-py3-none-any.whl","label":"","uploader":{"login":"github-actions[bot]","id":41898282,"node_id":"MDM6Qm90NDE4OTgyODI=","avatar_url":"https://avatars.githubusercontent.com/in/15368?v=4","gravatar_id":"","url":"https://api.github.com/users/github-actions%5Bbot%5D","html_url":"https://github.com/apps/github-actions","followers_url":"https://api.github.com/users/github-actions%5Bbot%5D/followers","following_url":"https://api.github.com/users/github-actions%5Bbot%5D/following{/other_user}","gists_url":"https://api.github.com/users/github-actions%5Bbot%5D/gists{/gist_id}","starred_url":"https://api.github.com/users/github-actions%5Bbot%5D/starred{/owner}{/repo}","subscriptions_url":"https://api.github.com/users/github-actions%5Bbot%5D/subscriptions","organizations_url":"https://api.github.com/users/github-actions%5Bbot%5D/orgs","repos_url":"https://api.github.com/users/github-actions%5Bbot%5D/repos","events_url":"https://api.github.com/users/github-actions%5Bbot%5D/events{/privacy}","received_events_url":"https://api.github.com/users/github-actions%5Bbot%5D/received_events","type":"Bot","user_view_type":"public","site_admin":false},"content_type":"application/octet-stream","state":"uploaded","size":93734,"digest":"sha256:e9ff0783d451ba63f06540ca7e89368b83449953ad3bc005ab777e48d14a9095","download_count":139,"created_at":"2026-08-09T12:56:21Z","updated_at":"2026-08-09T12:56:21Z","browser_download_url":"https://github.com/leonardosovienski/core-predictor/releases/download/v2.2.1/predictor_core-2.2.1-py3-none-any.whl"},{"url":"https://api.github.com/repos/leonardosovienski/core-predictor/releases/assets/507513030","id":507513030,"node_id":"RA_kwDOTAqQF84eQAjG","name":"predictor_core-2.2.1.tar.gz","label":"","uploader":{"login":"github-actions[bot]","id":41898282,"node_id":"MDM6Qm90NDE4OTgyODI=","avatar_url":"https://avatars.githubusercontent.com/in/15368?v=4","gravatar_id":"","url":"https://api.github.com/users/github-actions%5Bbot%5D","html_url":"https://github.com/apps/github-actions","followers_url":"https://api.github.com/users/github-actions%5Bbot%5D/followers","following_url":"https://api.github.com/users/github-actions%5Bbot%5D/following{/other_user}","gists_url":"https://api.github.com/users/github-actions%5Bbot%5D/gists{/gist_id}","starred_url":"https://api.github.com/users/github-actions%5Bbot%5D/starred{/owner}{/repo}","subscriptions_url":"https://api.github.com/users/github-actions%5Bbot%5D/subscriptions","organizations_url":"https://api.github.com/users/github-actions%5Bbot%5D/orgs","repos_url":"https://api.github.com/users/github-actions%5Bbot%5D/repos","events_url":"https://api.github.com/users/github-actions%5Bbot%5D/events{/privacy}","received_events_url":"https://api.github.com/users/github-actions%5Bbot%5D/received_events","type":"Bot","user_view_type":"public","site_admin":false},"content_type":"application/x-gtar","state":"uploaded","size":158519,"digest":"sha256:9042fd711f50eaeee897563878e38dab2ec8ffccad17891c9ca3b99b06abe185","download_count":0,"created_at":"2026-08-09T12:56:21Z","updated_at":"2026-08-09T12:56:21Z","browser_download_url":"https://github.com/leonardosovienski/core-predictor/releases/download/v2.2.1/predictor_core-2.2.1.tar.gz"}],"tarball_url":"https://api.github.com/repos/leonardosovienski/core-predictor/tarball/v2.2.1","zipball_url":"https://api.github.com/repos/leonardosovienski/core-predictor/zipball/v2.2.1","body":"## What's Changed\n* docs: align core migration guidance with 2.2.0 by @leonardosovienski in https://github.com/leonardosovienski/core-predictor/pull/16\n* Extend RatingBook for domain expectations by @leonardosovienski in https://github.com/leonardosovienski/core-predictor/pull/17\n\n\n**Full Changelog**: https://github.com/leonardosovienski/core-predictor/compare/v2.2.0...v2.2.1","mentions_count":1},{"url":"https://api.github.com/repos/leonardosovienski/core-predictor/releases/367164496","assets_url":"https://api.github.com/repos/leonardosovienski/core-predictor/releases/367164496/assets","upload_url":"https://uploads.github.com/repos/leonardosovienski/core-predictor/releases/367164496/assets{?name,label}","html_url":"https://github.com/leonardosovienski/core-predictor/releases/tag/v2.2.0","id":367164496,"author":{"login":"github-actions[bot]","id":41898282,"node_id":"MDM6Qm90NDE4OTgyODI=","avatar_url":"https://avatars.githubusercontent.com/in/15368?v=4","gravatar_id":"","url":"https://api.github.com/users/github-actions%5Bbot%5D","html_url":"https://github.com/apps/github-actions","followers_url":"https://api.github.com/users/github-actions%5Bbot%5D/followers","following_url":"https://api.github.com/users/github-actions%5Bbot%5D/following{/other_user}","gists_url":"https://api.github.com/users/github-actions%5Bbot%5D/gists{/gist_id}","starred_url":"https://api.github.com/users/github-actions%5Bbot%5D/starred{/owner}{/repo}","subscriptions_url":"https://api.github.com/users/github-actions%5Bbot%5D/subscriptions","organizations_url":"https://api.github.com/users/github-actions%5Bbot%5D/orgs","repos_url":"https://api.github.com/users/github-actions%5Bbot%5D/repos","events_url":"https://api.github.com/users/github-actions%5Bbot%5D/events{/privacy}","received_events_url":"https://api.github.com/users/github-actions%5Bbot%5D/received_events","type":"Bot","user_view_type":"public","site_admin":false},"node_id":"RE_kwDOTAqQF84V4nxQ","tag_name":"v2.2.0","target_commitish":"main","name":"v2.2.0","draft":false,"immutable":false,"prerelease":false,"created_at":"2026-08-08T09:25:52Z","updated_at":"2026-08-08T09:28:10Z","published_at":"2026-08-08T09:28:10Z","assets":[{"url":"https://api.github.com/repos/leonardosovienski/core-predictor/releases/assets/506241803","id":506241803,"node_id":"RA_kwDOTAqQF84eLKML","name":"predictor_core-2.2.0-py3-none-any.whl","label":"","uploader":{"login":"github-actions[bot]","id":41898282,"node_id":"MDM6Qm90NDE4OTgyODI=","avatar_url":"https://avatars.githubusercontent.com/in/15368?v=4","gravatar_id":"","url":"https://api.github.com/users/github-actions%5Bbot%5D","html_url":"https://github.com/apps/github-actions","followers_url":"https://api.github.com/users/github-actions%5Bbot%5D/followers","following_url":"https://api.github.com/users/github-actions%5Bbot%5D/following{/other_user}","gists_url":"https://api.github.com/users/github-actions%5Bbot%5D/gists{/gist_id}","starred_url":"https://api.github.com/users/github-actions%5Bbot%5D/starred{/owner}{/repo}","subscriptions_url":"https://api.github.com/users/github-actions%5Bbot%5D/subscriptions","organizations_url":"https://api.github.com/users/github-actions%5Bbot%5D/orgs","repos_url":"https://api.github.com/users/github-actions%5Bbot%5D/repos","events_url":"https://api.github.com/users/github-actions%5Bbot%5D/events{/privacy}","received_events_url":"https://api.github.com/users/github-actions%5Bbot%5D/received_events","type":"Bot","user_view_type":"public","site_admin":false},"content_type":"application/octet-stream","state":"uploaded","size":93628,"digest":"sha256:fe95dece93a2c91436ffd60058cea1d9192022d2170abb7e8e8512ccb76f9fdd","download_count":910,"created_at":"2026-08-08T09:28:09Z","updated_at":"2026-08-08T09:28:09Z","browser_download_url":"https://github.com/leonardosovienski/core-predictor/releases/download/v2.2.0/predictor_core-2.2.0-py3-none-any.whl"},{"url":"https://api.github.com/repos/leonardosovienski/core-predictor/releases/assets/506241802","id":506241802,"node_id":"RA_kwDOTAqQF84eLKMK","name":"predictor_core-2.2.0.tar.gz","label":"","uploader":{"login":"github-actions[bot]","id":41898282,"node_id":"MDM6Qm90NDE4OTgyODI=","avatar_url":"https://avatars.githubusercontent.com/in/15368?v=4","gravatar_id":"","url":"https://api.github.com/users/github-actions%5Bbot%5D","html_url":"https://github.com/apps/github-actions","followers_url":"https://api.github.com/users/github-actions%5Bbot%5D/followers","following_url":"https://api.github.com/users/github-actions%5Bbot%5D/following{/other_user}","gists_url":"https://api.github.com/users/github-actions%5Bbot%5D/gists{/gist_id}","starred_url":"https://api.github.com/users/github-actions%5Bbot%5D/starred{/owner}{/repo}","subscriptions_url":"https://api.github.com/users/github-actions%5Bbot%5D/subscriptions","organizations_url":"https://api.github.com/users/github-actions%5Bbot%5D/orgs","repos_url":"https://api.github.com/users/github-actions%5Bbot%5D/repos","events_url":"https://api.github.com/users/github-actions%5Bbot%5D/events{/privacy}","received_events_url":"https://api.github.com/users/github-actions%5Bbot%5D/received_events","type":"Bot","user_view_type":"public","site_admin":false},"content_type":"application/x-gtar","state":"uploaded","size":157853,"digest":"sha256:c7a4f5e54061dd42de64e109ee057f499c6ec1d8d0113de4bbd292f767458b35","download_count":0,"created_at":"2026-08-08T09:28:09Z","updated_at":"2026-08-08T09:28:09Z","browser_download_url":"https://github.com/leonardosovienski/core-predictor/releases/download/v2.2.0/predictor_core-2.2.0.tar.gz"}],"tarball_url":"https://api.github.com/repos/leonardosovienski/core-predictor/tarball/v2.2.0","zipball_url":"https://api.github.com/repos/leonardosovienski/core-predictor/zipball/v2.2.0","body":"## What's Changed\n* fix(ci): make experimental Python 3.14 job non-blocking by @leonardosovienski in https://github.com/leonardosovienski/core-predictor/pull/11\n* chore(deps-dev): bump pytest from 8.4.2 to 9.0.3 by @dependabot[bot] in https://github.com/leonardosovienski/core-predictor/pull/9\n* chore(deps-dev): update pytest-cov requirement from <7,>=6.2 to >=6.2,<8 by @dependabot[bot] in https://github.com/leonardosovienski/core-predictor/pull/12\n* ci(deps): bump actions/download-artifact from 7 to 8 by @dependabot[bot] in https://github.com/leonardosovienski/core-predictor/pull/15\n* ci(deps): bump actions/upload-artifact from 6 to 7 by @dependabot[bot] in https://github.com/leonardosovienski/core-predictor/pull/14\n* ci(deps): bump actions/dependency-review-action from 4 to 5 by @dependabot[bot] in https://github.com/leonardosovienski/core-predictor/pull/13\n\n\n**Full Changelog**: https://github.com/leonardosovienski/core-predictor/compare/v2.1.0...v2.2.0","mentions_count":2},{"url":"https://api.github.com/repos/leonardosovienski/core-predictor/releases/363725926","assets_url":"https://api.github.com/repos/leonardosovienski/core-predictor/releases/363725926/assets","upload_url":"https://uploads.github.com/repos/leonardosovienski/core-predictor/releases/363725926/assets{?name,label}","html_url":"https://github.com/leonardosovienski/core-predictor/releases/tag/v2.1.0","id":363725926,"author":{"login":"leonardosovienski","id":86319239,"node_id":"MDQ6VXNlcjg2MzE5MjM5","avatar_url":"https://avatars.githubusercontent.com/u/86319239?v=4","gravatar_id":"","url":"https://api.github.com/users/leonardosovienski","html_url":"https://github.com/leonardosovienski","followers_url":"https://api.github.com/users/leonardosovienski/followers","following_url":"https://api.github.com/users/leonardosovienski/following{/other_user}","gists_url":"https://api.github.com/users/leonardosovienski/gists{/gist_id}","starred_url":"https://api.github.com/users/leonardosovienski/starred{/owner}{/repo}","subscriptions_url":"https://api.github.com/users/leonardosovienski/subscriptions","organizations_url":"https://api.github.com/users/leonardosovienski/orgs","repos_url":"https://api.github.com/users/leonardosovienski/repos","events_url":"https://api.github.com/users/leonardosovienski/events{/privacy}","received_events_url":"https://api.github.com/users/leonardosovienski/received_events","type":"User","user_view_type":"public","site_admin":false},"node_id":"RE_kwDOTAqQF84VrgRm","tag_name":"v2.1.0","target_commitish":"main","name":"predictor_core 2.1.0","draft":false,"immutable":false,"prerelease":false,"created_at":"2026-08-02T07:15:10Z","updated_at":"2026-08-02T07:24:25Z","published_at":"2026-08-02T07:24:25Z","assets":[{"url":"https://api.github.com/repos/leonardosovienski/core-predictor/releases/assets/498676228","id":498676228,"node_id":"RA_kwDOTAqQF84duTIE","name":"predictor_core-2.1.0-py3-none-any.whl","label":"","uploader":{"login":"leonardosovienski","id":86319239,"node_id":"MDQ6VXNlcjg2MzE5MjM5","avatar_url":"https://avatars.githubusercontent.com/u/86319239?v=4","gravatar_id":"","url":"https://api.github.com/users/leonardosovienski","html_url":"https://github.com/leonardosovienski","followers_url":"https://api.github.com/users/leonardosovienski/followers","following_url":"https://api.github.com/users/leonardosovienski/following{/other_user}","gists_url":"https://api.github.com/users/leonardosovienski/gists{/gist_id}","starred_url":"https://api.github.com/users/leonardosovienski/starred{/owner}{/repo}","subscriptions_url":"https://api.github.com/users/leonardosovienski/subscriptions","organizations_url":"https://api.github.com/users/leonardosovienski/orgs","repos_url":"https://api.github.com/users/leonardosovienski/repos","events_url":"https://api.github.com/users/leonardosovienski/events{/privacy}","received_events_url":"https://api.github.com/users/leonardosovienski/received_events","type":"User","user_view_type":"public","site_admin":false},"content_type":"application/octet-stream","state":"uploaded","size":87379,"digest":"sha256:83de1d4415700dedaf387bc46dd9685e046de1fa47f37367bf2167462b09761b","download_count":756,"created_at":"2026-08-02T07:24:25Z","updated_at":"2026-08-02T07:24:25Z","browser_download_url":"https://github.com/leonardosovienski/core-predictor/releases/download/v2.1.0/predictor_core-2.1.0-py3-none-any.whl"},{"url":"https://api.github.com/repos/leonardosovienski/core-predictor/releases/assets/498676216","id":498676216,"node_id":"RA_kwDOTAqQF84duTH4","name":"predictor_core-2.1.0.tar.gz","label":"","uploader":{"login":"leonardosovienski","id":86319239,"node_id":"MDQ6VXNlcjg2MzE5MjM5","avatar_url":"https://avatars.githubusercontent.com/u/86319239?v=4","gravatar_id":"","url":"https://api.github.com/users/leonardosovienski","html_url":"https://github.com/leonardosovienski","followers_url":"https://api.github.com/users/leonardosovienski/followers","following_url":"https://api.github.com/users/leonardosovienski/following{/other_user}","gists_url":"https://api.github.com/users/leonardosovienski/gists{/gist_id}","starred_url":"https://api.github.com/users/leonardosovienski/starred{/owner}{/repo}","subscriptions_url":"https://api.github.com/users/leonardosovienski/subscriptions","organizations_url":"https://api.github.com/users/leonardosovienski/orgs","repos_url":"https://api.github.com/users/leonardosovienski/repos","events_url":"https://api.github.com/users/leonardosovienski/events{/privacy}","received_events_url":"https://api.github.com/users/leonardosovienski/received_events","type":"User","user_view_type":"public","site_admin":false},"content_type":"application/x-gtar","state":"uploaded","size":147219,"digest":"sha256:6522ec445e9eb5d17ac920f5af10015fe239d7d4d9581b6fab41ec425d4779a1","download_count":1,"created_at":"2026-08-02T07:24:25Z","updated_at":"2026-08-02T07:24:25Z","browser_download_url":"https://github.com/leonardosovienski/core-predictor/releases/download/v2.1.0/predictor_core-2.1.0.tar.gz"}],"tarball_url":"https://api.github.com/repos/leonardosovienski/core-predictor/tarball/v2.1.0","zipball_url":"https://api.github.com/repos/leonardosovienski/core-predictor/zipball/v2.1.0","body":"Wheel/sdist reproduzidos localmente do commit be1aba3 (PR #10), homologado."},{"url":"https://api.github.com/repos/leonardosovienski/core-predictor/releases/361311287","assets_url":"https://api.github.com/repos/leonardosovienski/core-predictor/releases/361311287/assets","upload_url":"https://uploads.github.com/repos/leonardosovienski/core-predictor/releases/361311287/assets{?name,label}","html_url":"https://github.com/leonardosovienski/core-predictor/releases/tag/1.0.1","id":361311287,"author":{"login":"leonardosovienski","id":86319239,"node_id":"MDQ6VXNlcjg2MzE5MjM5","avatar_url":"https://avatars.githubusercontent.com/u/86319239?v=4","gravatar_id":"","url":"https://api.github.com/users/leonardosovienski","html_url":"https://github.com/leonardosovienski","followers_url":"https://api.github.com/users/leonardosovienski/followers","following_url":"https://api.github.com/users/leonardosovienski/following{/other_user}","gists_url":"https://api.github.com/users/leonardosovienski/gists{/gist_id}","starred_url":"https://api.github.com/users/leonardosovienski/starred{/owner}{/repo}","subscriptions_url":"https://api.github.com/users/leonardosovienski/subscriptions","organizations_url":"https://api.github.com/users/leonardosovienski/orgs","repos_url":"https://api.github.com/users/leonardosovienski/repos","events_url":"https://api.github.com/users/leonardosovienski/events{/privacy}","received_events_url":"https://api.github.com/users/leonardosovienski/received_events","type":"User","user_view_type":"public","site_admin":false},"node_id":"RE_kwDOTAqQF84ViSw3","tag_name":"1.0.1","target_commitish":"main","name":"1.0.1","draft":false,"immutable":false,"prerelease":false,"created_at":"2026-07-28T18:49:02Z","updated_at":"2026-07-28T19:02:57Z","published_at":"2026-07-28T19:02:57Z","assets":[],"tarball_url":"https://api.github.com/repos/leonardosovienski/core-predictor/tarball/1.0.1","zipball_url":"https://api.github.com/repos/leonardosovienski/core-predictor/zipball/1.0.1","body":"1.0.1"},{"url":"https://api.github.com/repos/leonardosovienski/core-predictor/releases/361307326","assets_url":"https://api.github.com/repos/leonardosovienski/core-predictor/releases/361307326/assets","upload_url":"https://uploads.github.com/repos/leonardosovienski/core-predictor/releases/361307326/assets{?name,label}","html_url":"https://github.com/leonardosovienski/core-predictor/releases/tag/1.0.0","id":361307326,"author":{"login":"leonardosovienski","id":86319239,"node_id":"MDQ6VXNlcjg2MzE5MjM5","avatar_url":"https://avatars.githubusercontent.com/u/86319239?v=4","gravatar_id":"","url":"https://api.github.com/users/leonardosovienski","html_url":"https://github.com/leonardosovienski","followers_url":"https://api.github.com/users/leonardosovienski/followers","following_url":"https://api.github.com/users/leonardosovienski/following{/other_user}","gists_url":"https://api.github.com/users/leonardosovienski/gists{/gist_id}","starred_url":"https://api.github.com/users/leonardosovienski/starred{/owner}{/repo}","subscriptions_url":"https://api.github.com/users/leonardosovienski/subscriptions","organizations_url":"https://api.github.com/users/leonardosovienski/orgs","repos_url":"https://api.github.com/users/leonardosovienski/repos","events_url":"https://api.github.com/users/leonardosovienski/events{/privacy}","received_events_url":"https://api.github.com/users/leonardosovienski/received_events","type":"User","user_view_type":"public","site_admin":false},"node_id":"RE_kwDOTAqQF84ViRy-","tag_name":"1.0.0","target_commitish":"main","name":"1.0.2","draft":false,"immutable":false,"prerelease":false,"created_at":"2026-07-28T18:38:09Z","updated_at":"2026-07-28T18:55:17Z","published_at":"2026-07-28T18:55:17Z","assets":[],"tarball_url":"https://api.github.com/repos/leonardosovienski/core-predictor/tarball/1.0.0","zipball_url":"https://api.github.com/repos/leonardosovienski/core-predictor/zipball/1.0.0","body":"1.0.2"}]
$ (cwd=None) gh api repos/leonardosovienski/core-predictor/git/ref/tags/v3.2.1
[exit 0]
{"ref":"refs/tags/v3.2.1","node_id":"REF_kwDOTAqQF7ByZWZzL3RhZ3MvdjMuMi4x","url":"https://api.github.com/repos/leonardosovienski/core-predictor/git/refs/tags/v3.2.1","object":{"sha":"7bb212cfa06333886e11e849b209c5aab801c04b","type":"commit","url":"https://api.github.com/repos/leonardosovienski/core-predictor/git/commits/7bb212cfa06333886e11e849b209c5aab801c04b"}}
$ (cwd=None) git -C C:\QUALIFICACAO\repos\core-predictor diff --name-only 7bb212cfa06333886e11e849b209c5aab801c04b 5a0841509f091ea0aa95bde0d3d65e2a1a9e984d -- src/predictor_core
[exit 0]

$ (cwd=None) gh api repos/leonardosovienski/core-predictor/git/ref/tags/v3.2.0
[exit 0]
{"ref":"refs/tags/v3.2.0","node_id":"REF_kwDOTAqQF7ByZWZzL3RhZ3MvdjMuMi4w","url":"https://api.github.com/repos/leonardosovienski/core-predictor/git/refs/tags/v3.2.0","object":{"sha":"9fd83179c800302be50d1c47a38d677656505625","type":"commit","url":"https://api.github.com/repos/leonardosovienski/core-predictor/git/commits/9fd83179c800302be50d1c47a38d677656505625"}}
$ (cwd=None) git -C C:\QUALIFICACAO\repos\core-predictor diff --name-only 9fd83179c800302be50d1c47a38d677656505625 5a0841509f091ea0aa95bde0d3d65e2a1a9e984d -- src/predictor_core
[exit 0]
src/predictor_core/__init__.py
src/predictor_core/contracts/__init__.py
src/predictor_core/contracts/scientific.py

$ (cwd=None) gh api repos/leonardosovienski/core-predictor/git/ref/tags/v3.1.0
[exit 0]
{"ref":"refs/tags/v3.1.0","node_id":"REF_kwDOTAqQF7ByZWZzL3RhZ3MvdjMuMS4w","url":"https://api.github.com/repos/leonardosovienski/core-predictor/git/refs/tags/v3.1.0","object":{"sha":"111097bc920f707567066f4fbe1e7a4ca94208ff","type":"tag","url":"https://api.github.com/repos/leonardosovienski/core-predictor/git/tags/111097bc920f707567066f4fbe1e7a4ca94208ff"}}
$ (cwd=None) gh api repos/leonardosovienski/core-predictor/git/tags/111097bc920f707567066f4fbe1e7a4ca94208ff
[exit 0]
{"node_id":"TA_kwDOTAqQF9oAKDExMTA5N2JjOTIwZjcwNzU2NzA2NmY0ZmJlMWU3YTRjYTk0MjA4ZmY","sha":"111097bc920f707567066f4fbe1e7a4ca94208ff","url":"https://api.github.com/repos/leonardosovienski/core-predictor/git/tags/111097bc920f707567066f4fbe1e7a4ca94208ff","tagger":{"name":"Leonardo Sanches Sovienski","email":"leonardo.sovienski@outlook.com","date":"2026-09-02T23:29:56Z"},"object":{"sha":"29eb8b73cc10d4599109a7dec7177a944fa730cc","type":"commit","url":"https://api.github.com/repos/leonardosovienski/core-predictor/git/commits/29eb8b73cc10d4599109a7dec7177a944fa730cc"},"tag":"v3.1.0","message":"predictor-core 3.1.0\n","verification":{"verified":false,"reason":"unsigned","signature":null,"payload":null,"verified_at":null}}
$ (cwd=None) git -C C:\QUALIFICACAO\repos\core-predictor diff --name-only 29eb8b73cc10d4599109a7dec7177a944fa730cc 5a0841509f091ea0aa95bde0d3d65e2a1a9e984d -- src/predictor_core
[exit 0]
src/predictor_core/__init__.py
src/predictor_core/contracts/__init__.py
src/predictor_core/contracts/registry.py
src/predictor_core/contracts/scientific.py
src/predictor_core/measurement/trials.py
src/predictor_core/testing/harness.py

$ (cwd=None) gh api repos/leonardosovienski/core-predictor/git/ref/tags/v3.0.0
[exit 0]
{"ref":"refs/tags/v3.0.0","node_id":"REF_kwDOTAqQF7ByZWZzL3RhZ3MvdjMuMC4w","url":"https://api.github.com/repos/leonardosovienski/core-predictor/git/refs/tags/v3.0.0","object":{"sha":"d209ddd89780d6a5deb11713fa9193cca43cbac8","type":"tag","url":"https://api.github.com/repos/leonardosovienski/core-predictor/git/tags/d209ddd89780d6a5deb11713fa9193cca43cbac8"}}
$ (cwd=None) gh api repos/leonardosovienski/core-predictor/git/tags/d209ddd89780d6a5deb11713fa9193cca43cbac8
[exit 0]
{"node_id":"TA_kwDOTAqQF9oAKGQyMDlkZGQ4OTc4MGQ2YTVkZWIxMTcxM2ZhOTE5M2NjYTQzY2JhYzg","sha":"d209ddd89780d6a5deb11713fa9193cca43cbac8","url":"https://api.github.com/repos/leonardosovienski/core-predictor/git/tags/d209ddd89780d6a5deb11713fa9193cca43cbac8","tagger":{"name":"Leonardo Sanches","email":"Leonardo.sovienski@gmail.com","date":"2026-08-31T21:50:23Z"},"object":{"sha":"628b509d55b62cfdece94ad7fbae9737f2446048","type":"commit","url":"https://api.github.com/repos/leonardosovienski/core-predictor/git/commits/628b509d55b62cfdece94ad7fbae9737f2446048"},"tag":"v3.0.0","message":"Predictor Core 3.0.0\n","verification":{"verified":false,"reason":"unsigned","signature":null,"payload":null,"verified_at":null}}
$ (cwd=None) git -C C:\QUALIFICACAO\repos\core-predictor diff --name-only 628b509d55b62cfdece94ad7fbae9737f2446048 5a0841509f091ea0aa95bde0d3d65e2a1a9e984d -- src/predictor_core
[exit 0]
src/predictor_core/__init__.py
src/predictor_core/contracts/__init__.py
src/predictor_core/contracts/registry.py
src/predictor_core/contracts/scientific.py
src/predictor_core/contracts/trial_v2.py
src/predictor_core/measurement/replay.py
src/predictor_core/measurement/trials.py
src/predictor_core/testing/harness.py

$ (cwd=None) gh api repos/leonardosovienski/core-predictor/git/ref/tags/v2.3.0
[exit 0]
{"ref":"refs/tags/v2.3.0","node_id":"REF_kwDOTAqQF7ByZWZzL3RhZ3MvdjIuMy4w","url":"https://api.github.com/repos/leonardosovienski/core-predictor/git/refs/tags/v2.3.0","object":{"sha":"97e7e5347fb56e419d47334e9141e6488efab476","type":"tag","url":"https://api.github.com/repos/leonardosovienski/core-predictor/git/tags/97e7e5347fb56e419d47334e9141e6488efab476"}}
$ (cwd=None) gh api repos/leonardosovienski/core-predictor/git/tags/97e7e5347fb56e419d47334e9141e6488efab476
[exit 0]
{"node_id":"TA_kwDOTAqQF9oAKDk3ZTdlNTM0N2ZiNTZlNDE5ZDQ3MzM0ZTkxNDFlNjQ4OGVmYWI0NzY","sha":"97e7e5347fb56e419d47334e9141e6488efab476","url":"https://api.github.com/repos/leonardosovienski/core-predictor/git/tags/97e7e5347fb56e419d47334e9141e6488efab476","tagger":{"name":"Leonardo Sanches","email":"Leonardo.sovienski@gmail.com","date":"2026-08-17T12:53:36Z"},"object":{"sha":"f6754957eaed619a9a0e800668d845aec4c227f1","type":"commit","url":"https://api.github.com/repos/leonardosovienski/core-predictor/git/commits/f6754957eaed619a9a0e800668d845aec4c227f1"},"tag":"v2.3.0","message":"Release predictor-core 2.3.0\n","verification":{"verified":false,"reason":"unsigned","signature":null,"payload":null,"verified_at":null}}
$ (cwd=None) git -C C:\QUALIFICACAO\repos\core-predictor diff --name-only f6754957eaed619a9a0e800668d845aec4c227f1 5a0841509f091ea0aa95bde0d3d65e2a1a9e984d -- src/predictor_core
[exit 0]
src/predictor_core/__init__.py
src/predictor_core/contracts/__init__.py
src/predictor_core/contracts/economic.py
src/predictor_core/contracts/registry.py
src/predictor_core/contracts/scientific.py
src/predictor_core/contracts/trial_v2.py
src/predictor_core/data/asof.py
src/predictor_core/kernel/rating.py
src/predictor_core/measurement/calibration.py
src/predictor_core/measurement/ledger.py
src/predictor_core/measurement/nullref.py
src/predictor_core/measurement/ordinal.py
src/predictor_core/measurement/replay.py
src/predictor_core/measurement/trials.py
src/predictor_core/testing/coverage.py
src/predictor_core/testing/harness.py
src/predictor_core/testing/stress.py

$ (cwd=None) gh api repos/leonardosovienski/core-predictor/git/ref/tags/v2.2.1
[exit 0]
{"ref":"refs/tags/v2.2.1","node_id":"REF_kwDOTAqQF7ByZWZzL3RhZ3MvdjIuMi4x","url":"https://api.github.com/repos/leonardosovienski/core-predictor/git/refs/tags/v2.2.1","object":{"sha":"4303c280ead1ce57f3635ce24f0109df9bcca08c","type":"tag","url":"https://api.github.com/repos/leonardosovienski/core-predictor/git/tags/4303c280ead1ce57f3635ce24f0109df9bcca08c"}}
$ (cwd=None) gh api repos/leonardosovienski/core-predictor/git/tags/4303c280ead1ce57f3635ce24f0109df9bcca08c
[exit 0]
{"node_id":"TA_kwDOTAqQF9oAKDQzMDNjMjgwZWFkMWNlNTdmMzYzNWNlMjRmMDEwOWRmOWJjY2EwOGM","sha":"4303c280ead1ce57f3635ce24f0109df9bcca08c","url":"https://api.github.com/repos/leonardosovienski/core-predictor/git/tags/4303c280ead1ce57f3635ce24f0109df9bcca08c","tagger":{"name":"Leonardo Sanches Sovienski","email":"leonardo.sovienski@outlook.com","date":"2026-08-09T12:53:49Z"},"object":{"sha":"7933e4aca0ceabf4e55b4922e2ffd53a9812957e","type":"commit","url":"https://api.github.com/repos/leonardosovienski/core-predictor/git/commits/7933e4aca0ceabf4e55b4922e2ffd53a9812957e"},"tag":"v2.2.1","message":"predictor-core 2.2.1: domain-aware RatingBook updates and Python 3.14-safe secret validation\n","verification":{"verified":false,"reason":"unsigned","signature":null,"payload":null,"verified_at":null}}
$ (cwd=None) git -C C:\QUALIFICACAO\repos\core-predictor diff --name-only 7933e4aca0ceabf4e55b4922e2ffd53a9812957e 5a0841509f091ea0aa95bde0d3d65e2a1a9e984d -- src/predictor_core
[exit 0]
src/predictor_core/__init__.py
src/predictor_core/contracts/__init__.py
src/predictor_core/contracts/registry.py
src/predictor_core/contracts/scientific.py
src/predictor_core/contracts/trial_v2.py
src/predictor_core/data/asof.py
src/predictor_core/kernel/rating.py
src/predictor_core/measurement/calibration.py
src/predictor_core/measurement/ledger.py
src/predictor_core/measurement/nullref.py
src/predictor_core/measurement/ordinal.py
src/predictor_core/measurement/replay.py
src/predictor_core/measurement/trials.py
src/predictor_core/testing/coverage.py
src/predictor_core/testing/harness.py
src/predictor_core/testing/stress.py

$ (cwd=None) gh api repos/leonardosovienski/core-predictor/git/ref/tags/v2.2.0
[exit 0]
{"ref":"refs/tags/v2.2.0","node_id":"REF_kwDOTAqQF7ByZWZzL3RhZ3MvdjIuMi4w","url":"https://api.github.com/repos/leonardosovienski/core-predictor/git/refs/tags/v2.2.0","object":{"sha":"05a1d051660267fab93d9a6bc6eed8494a6f7613","type":"tag","url":"https://api.github.com/repos/leonardosovienski/core-predictor/git/tags/05a1d051660267fab93d9a6bc6eed8494a6f7613"}}
$ (cwd=None) gh api repos/leonardosovienski/core-predictor/git/tags/05a1d051660267fab93d9a6bc6eed8494a6f7613
[exit 0]
{"node_id":"TA_kwDOTAqQF9oAKDA1YTFkMDUxNjYwMjY3ZmFiOTNkOWE2YmM2ZWVkODQ5NGE2Zjc2MTM","sha":"05a1d051660267fab93d9a6bc6eed8494a6f7613","url":"https://api.github.com/repos/leonardosovienski/core-predictor/git/tags/05a1d051660267fab93d9a6bc6eed8494a6f7613","tagger":{"name":"Leonardo Sanches Sovienski","email":"leonardo.sovienski@outlook.com","date":"2026-08-08T09:25:52Z"},"object":{"sha":"b6dc482bf77b4e9a522183ca07292ca5a54c8d78","type":"commit","url":"https://api.github.com/repos/leonardosovienski/core-predictor/git/commits/b6dc482bf77b4e9a522183ca07292ca5a54c8d78"},"tag":"v2.2.0","message":"predictor-core 2.2.0\n","verification":{"verified":false,"reason":"unsigned","signature":null,"payload":null,"verified_at":null}}
$ (cwd=None) git -C C:\QUALIFICACAO\repos\core-predictor diff --name-only b6dc482bf77b4e9a522183ca07292ca5a54c8d78 5a0841509f091ea0aa95bde0d3d65e2a1a9e984d -- src/predictor_core
[exit 0]
src/predictor_core/__init__.py
src/predictor_core/contracts/__init__.py
src/predictor_core/contracts/registry.py
src/predictor_core/contracts/scientific.py
src/predictor_core/contracts/trial_v2.py
src/predictor_core/data/asof.py
src/predictor_core/kernel/rating.py
src/predictor_core/kernel/settings.py
src/predictor_core/measurement/calibration.py
src/predictor_core/measurement/ledger.py
src/predictor_core/measurement/nullref.py
src/predictor_core/measurement/ordinal.py
src/predictor_core/measurement/replay.py
src/predictor_core/measurement/trials.py
src/predictor_core/testing/coverage.py
src/predictor_core/testing/harness.py
src/predictor_core/testing/stress.py

$ (cwd=None) gh api repos/leonardosovienski/core-predictor/git/ref/tags/v2.1.0
[exit 0]
{"ref":"refs/tags/v2.1.0","node_id":"REF_kwDOTAqQF7ByZWZzL3RhZ3MvdjIuMS4w","url":"https://api.github.com/repos/leonardosovienski/core-predictor/git/refs/tags/v2.1.0","object":{"sha":"5e55c7a38c440803c97d8122267ca3e237c8aa37","type":"tag","url":"https://api.github.com/repos/leonardosovienski/core-predictor/git/tags/5e55c7a38c440803c97d8122267ca3e237c8aa37"}}
$ (cwd=None) gh api repos/leonardosovienski/core-predictor/git/tags/5e55c7a38c440803c97d8122267ca3e237c8aa37
[exit 0]
{"node_id":"TA_kwDOTAqQF9oAKDVlNTVjN2EzOGM0NDA4MDNjOTdkODEyMjI2N2NhM2UyMzdjOGFhMzc","sha":"5e55c7a38c440803c97d8122267ca3e237c8aa37","url":"https://api.github.com/repos/leonardosovienski/core-predictor/git/tags/5e55c7a38c440803c97d8122267ca3e237c8aa37","tagger":{"name":"Leonardo Sanches Sovienski","email":"leonardo.sovienski@outlook.com","date":"2026-08-02T07:15:10Z"},"object":{"sha":"be1aba338909747a26adf9c2b1cf4bfcd65781c0","type":"commit","url":"https://api.github.com/repos/leonardosovienski/core-predictor/git/commits/be1aba338909747a26adf9c2b1cf4bfcd65781c0"},"tag":"v2.1.0","message":"predictor_core 2.1.0\n","verification":{"verified":false,"reason":"unsigned","signature":null,"payload":null,"verified_at":null}}
$ (cwd=None) git -C C:\QUALIFICACAO\repos\core-predictor diff --name-only be1aba338909747a26adf9c2b1cf4bfcd65781c0 5a0841509f091ea0aa95bde0d3d65e2a1a9e984d -- src/predictor_core
[exit 0]
src/predictor_core/__init__.py
src/predictor_core/contracts/__init__.py
src/predictor_core/contracts/registry.py
src/predictor_core/contracts/scientific.py
src/predictor_core/contracts/trial_v2.py
src/predictor_core/data/asof.py
src/predictor_core/data/contracts.py
src/predictor_core/data/source_quality.py
src/predictor_core/kernel/rating.py
src/predictor_core/kernel/settings.py
src/predictor_core/measurement/calibration.py
src/predictor_core/measurement/ledger.py
src/predictor_core/measurement/nullref.py
src/predictor_core/measurement/ordinal.py
src/predictor_core/measurement/replay.py
src/predictor_core/measurement/trials.py
src/predictor_core/testing/coverage.py
src/predictor_core/testing/harness.py
src/predictor_core/testing/stress.py

$ (cwd=None) gh api repos/leonardosovienski/core-predictor/git/ref/tags/1.0.1
[exit 0]
{"ref":"refs/tags/1.0.1","node_id":"REF_kwDOTAqQF69yZWZzL3RhZ3MvMS4wLjE","url":"https://api.github.com/repos/leonardosovienski/core-predictor/git/refs/tags/1.0.1","object":{"sha":"6588502a6a7a5b51bc89ba17024926da9687db3b","type":"commit","url":"https://api.github.com/repos/leonardosovienski/core-predictor/git/commits/6588502a6a7a5b51bc89ba17024926da9687db3b"}}
$ (cwd=None) gh api repos/leonardosovienski/core-predictor/git/ref/tags/1.0.0
[exit 0]
{"ref":"refs/tags/1.0.0","node_id":"REF_kwDOTAqQF69yZWZzL3RhZ3MvMS4wLjA","url":"https://api.github.com/repos/leonardosovienski/core-predictor/git/refs/tags/1.0.0","object":{"sha":"86fad6d50b3c48041abc8a28a46e05736de62af2","type":"commit","url":"https://api.github.com/repos/leonardosovienski/core-predictor/git/commits/86fad6d50b3c48041abc8a28a46e05736de62af2"}}
$ (cwd=None) git -C C:\QUALIFICACAO\repos\predictor-ops rev-parse HEAD
[exit 0]
9831b0d5e727972b1d85ff48be14ffa58677898b

$ (cwd=None) git -C C:\QUALIFICACAO\repos\predictor-ops rev-parse origin/main
[exit 0]
7bd99ebaea09c74a2ac4243d8991a81c44625a6c

$ (cwd=None) git -C C:\QUALIFICACAO\repos\predictor-ops rev-parse --abbrev-ref HEAD
[exit 0]
fix/shared-005-mutation-guard

$ (cwd=None) git -C C:\QUALIFICACAO\repos\predictor-ops status --porcelain --untracked-files=all
[exit 0]

$ (cwd=None) git -C C:\QUALIFICACAO\repos\predictor-ops remote get-url origin
[exit 0]
https://github.com/leonardosovienski/predictor-ops.git

$ (cwd=None) git -C C:\QUALIFICACAO\repos\predictor-ops ls-tree -r HEAD
[exit 0]
100644 blob 19dd13b0fe876adecaa7a35e2c87c0b5965efc6c	.dockerignore
100644 blob 9361112b4b78614db332523ccb9785a0ee5703d2	.gitattributes
100644 blob ef03c49d9263a11da1afc2744c3e5eae874d70df	.github/dependabot.yml
100644 blob ac3cadd4986b4227530693d4c27d5af9dca1845f	.github/workflows/ci.yml
100644 blob 245fcc87483a95fe10d7e4bd47e981acf6565cc3	.github/workflows/consumer-contracts.yml
100644 blob 335e04b1e57cd025f09cda217baeb224e28cd043	.github/workflows/dependency-review.yml
100644 blob ad5db2f2bca86180f38908c7f4f792bcec817e33	.github/workflows/release.yml
100644 blob 5463f7918081b704db6e31deb2b41e9f32cf907f	.gitignore
100644 blob 8e98e90a3bc26633fff5f2bae8e03dbbbac5273c	.pre-commit-config.yaml
100644 blob fcadf782dce885c34f61f265a64d461668a7f788	ARCHITECTURE_IMPLEMENTATION.md
100644 blob b7c6d04480957a3ab3a5a041072b788a6d60b12a	CHANGELOG.md
100644 blob 115575f8c1dbd5ccfac117d9e1ea500922db9ef3	Dockerfile
100644 blob 9594f1fd67b8eb5bf4d4cc421c6cd4b24e4452ec	HANDOFF.md
100644 blob 31f2c42733436a5fa6c0c334bf1df79a050b4dd7	PUBLICATION_STATUS_20260912.md
100644 blob 9d30eea2a2a0d5b101f2adb841c37ac1e459973a	README.md
100644 blob 2e750de4ce52c0cd36749805788b9002349841f9	SECURITY.md
100644 blob 8f6487e1900261cd1ea54846e3a768ee4f6c91bc	docs/DEPLOYMENT_20260913.md
100644 blob b8080218d962474e99edded4b66681c9c03f35fb	docs/OPERATIONS_CONTRACT.md
100644 blob faadc4b449c8cc2874ee28b521ab11512c3c4813	docs/audit-evidence.md
100644 blob 3accdcf98d53c78dfc8ad86e41c985c73bb4b1e1	docs/compatibility-migration.md
100644 blob 69e71d88905973dbcc501ecb2bddc0ee2f611485	docs/legacy-behavior-migration-matrix.md
100644 blob f94e6e68f860bc9412e5a0f6e34081c3a3859c47	docs/removed-operations-migration-plan.md
100644 blob 4f2b7d2f665bc7efb66c0ccf1dbacc5904bc2edc	docs/stabilization-20260912/REPORT.md
100644 blob 363af77693c04b61f39677962104d6b2a9c857ea	docs/stabilization-20260912/baseline-summary.txt
100644 blob 6b7e2f2be6716b24e954dd67b3211b445bff5b29	docs/stabilization-20260912/branches.json
100644 blob 0b3dcd4574d5a6b264e0ee4a8d3eebaf4b95f77a	docs/stabilization-20260912/closing-ci.json
100644 blob e36d841057f5bcb1d77434dcad4dabde01f53057	docs/stabilization-20260912/consumer-contracts-candidate.json
100644 blob 6de20c1f7b2c1520533c5abc1a4a20ae86e519c4	docs/stabilization-20260912/delivery-ci.json
100644 blob 93727fe96be3c250d394c5a2e796054fbcb22226	docs/stabilization-20260912/dependency-inventory.json
100644 blob 9088c69173626f3f083b228d58dcbc3ec2f4ba39	docs/stabilization-20260912/descendant-before.txt
100644 blob 5df015ad63e8cfd390c8791b1458c3d58d2df6bd	docs/stabilization-20260912/git-cleanup.json
100644 blob 186e6d096324ff7ccfc1f01edd9f3a0c9b8ed770	docs/stabilization-20260912/inventory.json
100644 blob 524360f8a54a26cf7eb07f6bacb481fa1d987f4f	docs/stabilization-20260912/published-consumer-contracts.json
100644 blob bc8f0ce1555e2beec5d4109324dc17c0c08c0598	docs/stabilization-20260912/published-wheel-validation.txt
100644 blob ef4ec4b9488b6469bf309e67cc9819eaf2f907fa	docs/stabilization-20260912/regressions-before.txt
100644 blob 67b27353078ff77d8c51565937cca3e4b18e96ff	jobs.example.json
100644 blob 4f6b1da060756023d08d9a87be251aa2425661f8	posix_integration/test_signals_real.py
100644 blob d63f879f574c650f3773eec1976505495305ab3e	pyproject.toml
100644 blob baa370772b86ad3636745703e9183eba393cb451	scripts/validate_consumers.py
100644 blob 84747d0b4d2e740a2861182990cfbaae2e6035f4	scripts/validate_installed.py
100644 blob 94a92390228ad55d2cb773d4e04e6c8ef57fe249	scripts/validate_published.py
100644 blob f9a67e08bc8567870226da4cb95b1dc41eb441c4	src/predictor_ops/__init__.py
100644 blob eb53e2f31b2f703ad32ef64b8a41faa3e7d18e08	src/predictor_ops/__main__.py
100644 blob e16853e636052cf932e2b9ea0978d038cdd389b8	src/predictor_ops/cli.py
100644 blob 24c2ee589d61f761fd11785b74de26a81cb36a82	src/predictor_ops/config.py
100644 blob 8df4f4f7d5a14381bf5e92bf79c6afe5fdf4e923	src/predictor_ops/health.py
100644 blob 74a985964d23305428b9fa62510592716fa19f54	src/predictor_ops/models.py
100644 blob 9401465dae42577bb53c25d8e140144d5ca01104	src/predictor_ops/observability.py
100644 blob da2b17c93a1f16843538ca995b2505823d93d989	src/predictor_ops/operations.py
100644 blob 7a95929671d6486a137cc0518b78c7962cd091e0	src/predictor_ops/processes.py
100644 blob 77c333a6129f2b487271cdc0818de3c451ec4646	src/predictor_ops/provenance.py
100644 blob c99b098f0fe9b7e49975618c8914a940583af2e2	src/predictor_ops/redaction.py
100644 blob 989866f515596b1f95ef3922ba3e0ee02f00b14d	src/predictor_ops/runner.py
100644 blob a6654db9c9bcd16d07f63e2566ae91723da34def	src/predictor_ops/runtime.py
100644 blob 4807dfa717f74d19a57c7b187223bcbae86b70a5	src/predictor_ops/windows.py
100644 blob 3423ac846459391d75a8642e1c0b0255b80971ce	tests_v2/test_architecture_safety.py
100644 blob d23c2447b67478dfcfc8a6540846cf745f89e629	tests_v2/test_cli.py
100644 blob e0c2e2c9179c24628b3ea73b900759d11a5dc4f1	tests_v2/test_health.py
100644 blob e3ed736796192d91bb4fe6844a7b9b7fe3e19071	tests_v2/test_models_config.py
100644 blob c84dc5df3225597defc801b0fd930d7e32b3487b	tests_v2/test_operational_safety.py
100644 blob 8feffa3f06feb3907354cdb217185ead0a25e672	tests_v2/test_process_cleanup.py
100644 blob f481dbbac565aca0d8f8cd6a4f71bc0051cf9fe7	tests_v2/test_process_tree.py
100644 blob 7bd46489ddd93a02c22bf0afde15283ac0921115	tests_v2/test_provenance.py
100644 blob 6256f78be747c8685bed63775f93976a22c7e64a	tests_v2/test_redaction_adversarial.py
100644 blob 0b579a5b6999d70cc5947c5e84ef1d54a76ad63d	tests_v2/test_runner.py
100644 blob e7f4ef9bc940279d9f999a0d187000d69fdf03b7	tests_v2/test_runner_extended.py
100644 blob bfb2516ade473d9685168345ffe27734e61602c7	tests_v2/test_runtime.py
100644 blob 8e28596db1ef129811f07c64091ee58c1735311d	tests_v2/test_stabilization.py
100644 blob 1121cb97ebc8fafd736c368fdc55569ac85fad95	tests_v2/test_version_contract.py
100644 blob e087e1341220d606a311c56b93fb8d22ec7593d3	tests_v2/test_windows_adapter.py
100644 blob 66f2679391f928cdbb1f35fa45742963e28bdc59	uv.lock
100644 blob 6cb7a25130d68e71cd9ec3d49ab5604a032c32d7	windows_integration/test_windows_real.py

$ (cwd=None) git -C C:\QUALIFICACAO\repos\predictor-ops grep -l -i CREATE TABLE HEAD -- *.py
[exit 1]

$ (cwd=None) gh api repos/leonardosovienski/predictor-ops/actions/runs?head_sha=9831b0d5e727972b1d85ff48be14ffa58677898b&per_page=100
[exit 0]
{"total_count":6,"workflow_runs":[{"id":35905678198,"name":"CI","node_id":"WFR_kwLOTdWj1c8AAAAIXCUrdg","head_branch":"v4.2.2rc1","head_sha":"9831b0d5e727972b1d85ff48be14ffa58677898b","path":".github/workflows/ci.yml","display_title":"fix(runtime): lock guard não derruba o processo perdedor no Windows (…","run_number":118,"event":"push","status":"completed","conclusion":"success","workflow_id":325394510,"check_suite_id":97228190580,"check_suite_node_id":"CS_kwDOTdWj1c8AAAAWo0BzdA","url":"https://api.github.com/repos/leonardosovienski/predictor-ops/actions/runs/35905678198","html_url":"https://github.com/leonardosovienski/predictor-ops/actions/runs/35905678198","pull_requests":[],"created_at":"2026-09-23T18:54:15Z","updated_at":"2026-09-23T18:55:44Z","actor":{"login":"leonardosovienski","id":86319239,"node_id":"MDQ6VXNlcjg2MzE5MjM5","avatar_url":"https://avatars.githubusercontent.com/u/86319239?v=4","gravatar_id":"","url":"https://api.github.com/users/leonardosovienski","html_url":"https://github.com/leonardosovienski","followers_url":"https://api.github.com/users/leonardosovienski/followers","following_url":"https://api.github.com/users/leonardosovienski/following{/other_user}","gists_url":"https://api.github.com/users/leonardosovienski/gists{/gist_id}","starred_url":"https://api.github.com/users/leonardosovienski/starred{/owner}{/repo}","subscriptions_url":"https://api.github.com/users/leonardosovienski/subscriptions","organizations_url":"https://api.github.com/users/leonardosovienski/orgs","repos_url":"https://api.github.com/users/leonardosovienski/repos","events_url":"https://api.github.com/users/leonardosovienski/events{/privacy}","received_events_url":"https://api.github.com/users/leonardosovienski/received_events","type":"User","user_view_type":"public","site_admin":false},"run_attempt":1,"referenced_workflows":[],"run_started_at":"2026-09-23T18:54:15Z","triggering_actor":{"login":"leonardosovienski","id":86319239,"node_id":"MDQ6VXNlcjg2MzE5MjM5","avatar_url":"https://avatars.githubusercontent.com/u/86319239?v=4","gravatar_id":"","url":"https://api.github.com/users/leonardosovienski","html_url":"https://github.com/leonardosovienski","followers_url":"https://api.github.com/users/leonardosovienski/followers","following_url":"https://api.github.com/users/leonardosovienski/following{/other_user}","gists_url":"https://api.github.com/users/leonardosovienski/gists{/gist_id}","starred_url":"https://api.github.com/users/leonardosovienski/starred{/owner}{/repo}","subscriptions_url":"https://api.github.com/users/leonardosovienski/subscriptions","organizations_url":"https://api.github.com/users/leonardosovienski/orgs","repos_url":"https://api.github.com/users/leonardosovienski/repos","events_url":"https://api.github.com/users/leonardosovienski/events{/privacy}","received_events_url":"https://api.github.com/users/leonardosovienski/received_events","type":"User","user_view_type":"public","site_admin":false},"jobs_url":"https://api.github.com/repos/leonardosovienski/predictor-ops/actions/runs/35905678198/jobs","logs_url":"https://api.github.com/repos/leonardosovienski/predictor-ops/actions/runs/35905678198/logs","check_suite_url":"https://api.github.com/repos/leonardosovienski/predictor-ops/check-suites/97228190580","artifacts_url":"https://api.github.com/repos/leonardosovienski/predictor-ops/actions/runs/35905678198/artifacts","cancel_url":"https://api.github.com/repos/leonardosovienski/predictor-ops/actions/runs/35905678198/cancel","rerun_url":"https://api.github.com/repos/leonardosovienski/predictor-ops/actions/runs/35905678198/rerun","previous_attempt_url":null,"workflow_url":"https://api.github.com/repos/leonardosovienski/predictor-ops/actions/workflows/325394510","head_commit":{"id":"9831b0d5e727972b1d85ff48be14ffa58677898b","tree_id":"29387d58403799556b93180773dbca506330fed8","message":"fix(runtime): lock guard não derruba o processo perdedor no Windows (SHARED-005)\n\nDois processos disputando o lock de um job novo: o primeiro inicializa\n.mutation.guard e trava o byte 0; o segundo escrevia o byte inicial com\nescrita bufferizada sobre o byte travado. No Windows o lock é obrigatório, e o\nPermissionError escapava de LocalBackend.acquire e de run_job. Agora a guarda é\ninicializada por um descritor sem buffer, e a escrita recusada espera no laço\nde lock.\n\n- teste determinístico: test_empty_guard_locked_by_another_process_waits_instead_of_crashing\n  (falha antes da correção, passa depois; corrida real 50/50 no Windows)\n- versão 4.2.2rc1; o contrato de versão do CHANGELOG aceita pré-releases PEP 440\n\nAutorizado pelo dono (missão crypto, SHARED-005).\n\nCo-Authored-By: Claude Opus 5.5 (1M context) <noreply@anthropic.com>","timestamp":"2026-09-23T18:51:36Z","author":{"name":"Leonardo Sovienski","email":"leonardo.sovienski@gmail.com"},"committer":{"name":"Leonardo Sovienski","email":"leonardo.sovienski@gmail.com"}},"repository":{"id":1305846741,"node_id":"R_kgDOTdWj1Q","name":"predictor-ops","full_name":"leonardosovienski/predictor-ops","private":false,"owner":{"login":"leonardosovienski","id":86319239,"node_id":"MDQ6VXNlcjg2MzE5MjM5","avatar_url":"https://avatars.githubusercontent.com/u/86319239?v=4","gravatar_id":"","url":"https://api.github.com/users/leonardosovienski","html_url":"https://github.com/leonardosovienski","followers_url":"https://api.github.com/users/leonardosovienski/followers","following_url":"https://api.github.com/users/leonardosovienski/following{/other_user}","gists_url":"https://api.github.com/users/leonardosovienski/gists{/gist_id}","starred_url":"https://api.github.com/users/leonardosovienski/starred{/owner}{/repo}","subscriptions_url":"https://api.github.com/users/leonardosovienski/subscriptions","organizations_url":"https://api.github.com/users/leonardosovienski/orgs","repos_url":"https://api.github.com/users/leonardosovienski/repos","events_url":"https://api.github.com/users/leonardosovienski/events{/privacy}","received_events_url":"https://api.github.com/users/leonardosovienski/received_events","type":"User","user_view_type":"public","site_admin":false},"html_url":"https://github.com/leonardosovienski/predictor-ops","description":null,"fork":false,"url":"https://api.github.com/repos/leonardosovienski/predictor-ops","forks_url":"https://api.github.com/repos/leonardosovienski/predictor-ops/forks","keys_url":"https://api.github.com/repos/leonardosovienski/predictor-ops/keys{/key_id}","collaborators_url":"https://api.github.com/repos/leonardosovienski/predictor-ops/collaborators{/collaborator}","teams_url":"https://api.github.com/repos/leonardosovienski/predictor-ops/teams","hooks_url":"https://api.github.com/repos/leonardosovienski/predictor-ops/hooks","issue_events_url":"https://api.github.com/repos/leonardosovienski/predictor-ops/issues/events{/number}","events_url":"https://api.github.com/repos/leonardosovienski/predictor-ops/events","assignees_url":"https://api.github.com/repos/leonardosovienski/predictor-ops/assignees{/user}","branches_url":"https://api.github.com/repos/leonardosovienski/predictor-ops/branches{/branch}","tags_url":"https://api.github.com/repos/leonardosovienski/predictor-ops/tags","blobs_url":"https://api.github.com/repos/leonardosovienski/predictor-ops/git/blobs{/sha}","git_tags_url":"https://api.github.com/repos/leonardosovienski/predictor-ops/git/tags{/sha}","git_refs_url":"https://api.github.com/repos/leonardosovienski/predictor-ops/git/refs{/sha}","trees_url":"https://api.github.com/repos/leonardosovienski/predictor-ops/git/trees{/sha}","statuses_url":"https://api.github.com/repos/leonardosovienski/predictor-ops/statuses/{sha}","languages_url":"https://api.github.com/repos/leonardosovienski/predictor-ops/languages","stargazers_url":"https://api.github.com/repos/leonardosovienski/predictor-ops/stargazers","contributors_url":"https://api.github.com/repos/leonardosovienski/predictor-ops/contributors","subscribers_url":"https://api.github.com/repos/leonardosovienski/predictor-ops/subscribers","subscription_url":"https://api.github.com/repos/leonardosovienski/predictor-ops/subscription","commits_url":"https://api.github.com/repos/leonardosovienski/predictor-ops/commits{/sha}","git_commits_url":"https://api.github.com/repos/leonardosovienski/predictor-ops/git/commits{/sha}","comments_url":"https://api.github.com/repos/leonardosovienski/predictor-ops/comments{/number}","issue_comment_url":"https://api.github.com/repos/leonardosovienski/predictor-ops/issues/comments{/number}","contents_url":"https://api.github.com/repos/leonardosovienski/predictor-ops/contents/{+path}","compare_url":"https://api.github.com/repos/leonardosovienski/predictor-ops/compare/{base}...{head}","merges_url":"https://api.github.com/repos/leonardosovienski/predictor-ops/merges","archive_url":"https://api.github.com/repos/leonardosovienski/predictor-ops/{archive_format}{/ref}","downloads_url":"https://api.github.com/repos/leonardosovienski/predictor-ops/downloads","issues_url":"https://api.github.com/repos/leonardosovienski/predictor-ops/issues{/number}","pulls_url":"https://api.github.com/repos/leonardosovienski/predictor-ops/pulls{/number}","milestones_url":"https://api.github.com/repos/leonardosovienski/predictor-ops/milestones{/number}","notifications_url":"https://api.github.com/repos/leonardosovienski/predictor-ops/notifications{?since,all,participating}","labels_url":"https://api.github.com/repos/leonardosovienski/predictor-ops/labels{/name}","releases_url":"https://api.github.com/repos/leonardosovienski/predictor-ops/releases{/id}","deployments_url":"https://api.github.com/repos/leonardosovienski/predictor-ops/deployments"},"head_repository":{"id":1305846741,"node_id":"R_kgDOTdWj1Q","name":"predictor-ops","full_name":"leonardosovienski/predictor-ops","private":false,"owner":{"login":"leonardosovienski","id":86319239,"node_id":"MDQ6VXNlcjg2MzE5MjM5","avatar_url":"https://avatars.githubusercontent.com/u/86319239?v=4","gravatar_id":"","url":"https://api.github.com/users/leonardosovienski","html_url":"https://github.com/leonardosovienski","followers_url":"https://api.github.com/users/leonardosovienski/followers","following_url":"https://api.github.com/users/leonardosovienski/following{/other_user}","gists_url":"https://api.github.com/users/leonardosovienski/gists{/gist_id}","starred_url":"https://api.github.com/users/leonardosovienski/starred{/owner}{/repo}","subscriptions_url":"https://api.github.com/users/leonardosovienski/subscriptions","organizations_url":"https://api.github.com/users/leonardosovienski/orgs","repos_url":"https://api.github.com/users/leonardosovienski/repos","events_url":"https://api.github.com/users/leonardosovienski/events{/privacy}","received_events_url":"https://api.github.com/users/leonardosovienski/received_events","type":"User","user_view_type":"public","site_admin":false},"html_url":"https://github.com/leonardosovienski/predictor-ops","description":null,"fork":false,"url":"https://api.github.com/repos/leonardosovienski/predictor-ops","forks_url":"https://api.github.com/repos/leonardosovienski/predictor-ops/forks","keys_url":"https://api.github.com/repos/leonardosovienski/predictor-ops/keys{/key_id}","collaborators_url":"https://api.github.com/repos/leonardosovienski/predictor-ops/collaborators{/collaborator}","teams_url":"https://api.github.com/repos/leonardosovienski/predictor-ops/teams","hooks_url":"https://api.github.com/repos/leonardosovienski/predictor-ops/hooks","issue_events_url":"https://api.github.com/repos/leonardosovienski/predictor-ops/issues/events{/number}","events_url":"https://api.github.com/repos/leonardosovienski/predictor-ops/events","assignees_url":"https://api.github.com/repos/leonardosovienski/predictor-ops/assignees{/user}","branches_url":"https://api.github.com/repos/leonardosovienski/predictor-ops/branches{/branch}","tags_url":"https://api.github.com/repos/leonardosovienski/predictor-ops/tags","blobs_url":"https://api.github.com/repos/leonardosovienski/predictor-ops/git/blobs{/sha}","git_tags_url":"https://api.github.com/repos/leonardosovienski/predictor-ops/git/tags{/sha}","git_refs_url":"https://api.github.com/repos/leonardosovienski/predictor-ops/git/refs{/sha}","trees_url":"https://api.github.com/repos/leonardosovienski/predictor-ops/git/trees{/sha}","statuses_url":"https://api.github.com/repos/leonardosovienski/predictor-ops/statuses/{sha}","languages_url":"https://api.github.com/repos/leonardosovienski/predictor-ops/languages","stargazers_url":"https://api.github.com/repos/leonardosovienski/predictor-ops/stargazers","contributors_url":"https://api.github.com/repos/leonardosovienski/predictor-ops/contributors","subscribers_url":"https://api.github.com/repos/leonardosovienski/predictor-ops/subscribers","subscription_url":"https://api.github.com/repos/leonardosovienski/predictor-ops/subscription","commits_url":"https://api.github.com/repos/leonardosovienski/predictor-ops/commits{/sha}","git_commits_url":"https://api.github.com/repos/leonardosovienski/predictor-ops/git/commits{/sha}","comments_url":"https://api.github.com/repos/leonardosovienski/predictor-ops/comments{/number}","issue_comment_url":"https://api.github.com/repos/leonardosovienski/predictor-ops/issues/comments{/number}","contents_url":"https://api.github.com/repos/leonardosovienski/predictor-ops/contents/{+path}","compare_url":"https://api.github.com/repos/leonardosovienski/predictor-ops/compare/{base}...{head}","merges_url":"https://api.github.com/repos/leonardosovienski/predictor-ops/merges","archive_url":"https://api.github.com/repos/leonardosovienski/predictor-ops/{archive_format}{/ref}","downloads_url":"https://api.github.com/repos/leonardosovienski/predictor-ops/downloads","issues_url":"https://api.github.com/repos/leonardosovienski/predictor-ops/issues{/number}","pulls_url":"https://api.github.com/repos/leonardosovienski/predictor-ops/pulls{/number}","milestones_url":"https://api.github.com/repos/leonardosovienski/predictor-ops/milestones{/number}","notifications_url":"https://api.github.com/repos/leonardosovienski/predictor-ops/notifications{?since,all,participating}","labels_url":"https://api.github.com/repos/leonardosovienski/predictor-ops/labels{/name}","releases_url":"https://api.github.com/repos/leonardosovienski/predictor-ops/releases{/id}","deployments_url":"https://api.github.com/repos/leonardosovienski/predictor-ops/deployments"}},{"id":35905678109,"name":"Release","node_id":"WFR_kwLOTdWj1c8AAAAIXCUrHQ","head_branch":"v4.2.2rc1","head_sha":"9831b0d5e727972b1d85ff48be14ffa58677898b","path":".github/workflows/release.yml","display_title":"fix(runtime): lock guard não derruba o processo perdedor no Windows (…","run_number":9,"event":"push","status":"completed","conclusion":"success","workflow_id":328754545,"check_suite_id":97228190332,"check_suite_node_id":"CS_kwDOTdWj1c8AAAAWo0ByfA","url":"https://api.github.com/repos/leonardosovienski/predictor-ops/actions/runs/35905678109","html_url":"https://github.com/leonardosovienski/predictor-ops/actions/runs/35905678109","pull_requests":[],"created_at":"2026-09-23T18:54:15Z","updated_at":"2026-09-23T18:56:01Z","actor":{"login":"leonardosovienski","id":86319239,"node_id":"MDQ6VXNlcjg2MzE5MjM5","avatar_url":"https://avatars.githubusercontent.com/u/86319239?v=4","gravatar_id":"","url":"https://api.github.com/users/leonardosovienski","html_url":"https://github.com/leonardosovienski","followers_url":"https://api.github.com/users/leonardosovienski/followers","following_url":"https://api.github.com/users/leonardosovienski/following{/other_user}","gists_url":"https://api.github.com/users/leonardosovienski/gists{/gist_id}","starred_url":"https://api.github.com/users/leonardosovienski/starred{/owner}{/repo}","subscriptions_url":"https://api.github.com/users/leonardosovienski/subscriptions","organizations_url":"https://api.github.com/users/leonardosovienski/orgs","repos_url":"https://api.github.com/users/leonardosovienski/repos","events_url":"https://api.github.com/users/leonardosovienski/events{/privacy}","received_events_url":"https://api.github.com/users/leonardosovienski/received_events","type":"User","user_view_type":"public","site_admin":false},"run_attempt":1,"referenced_workflows":[],"run_started_at":"2026-09-23T18:54:15Z","triggering_actor":{"login":"leonardosovienski","id":86319239,"node_id":"MDQ6VXNlcjg2MzE5MjM5","avatar_url":"https://avatars.githubusercontent.com/u/86319239?v=4","gravatar_id":"","url":"https://api.github.com/users/leonardosovienski","html_url":"https://github.com/leonardosovienski","followers_url":"https://api.github.com/users/leonardosovienski/followers","following_url":"https://api.github.com/users/leonardosovienski/following{/other_user}","gists_url":"https://api.github.com/users/leonardosovienski/gists{/gist_id}","starred_url":"https://api.github.com/users/leonardosovienski/starred{/owner}{/repo}","subscriptions_url":"https://api.github.com/users/leonardosovienski/subscriptions","organizations_url":"https://api.github.com/users/leonardosovienski/orgs","repos_url":"https://api.github.com/users/leonardosovienski/repos","events_url":"https://api.github.com/users/leonardosovienski/events{/privacy}","received_events_url":"https://api.github.com/users/leonardosovienski/received_events","type":"User","user_view_type":"public","site_admin":false},"jobs_url":"https://api.github.com/repos/leonardosovienski/predictor-ops/actions/runs/35905678109/jobs","logs_url":"https://api.github.com/repos/leonardosovienski/predictor-ops/actions/runs/35905678109/logs","check_suite_url":"https://api.github.com/repos/leonardosovienski/predictor-ops/check-suites/97228190332","artifacts_url":"https://api.github.com/repos/leonardosovienski/predictor-ops/actions/runs/35905678109/artifacts","cancel_url":"https://api.github.com/repos/leonardosovienski/predictor-ops/actions/runs/35905678109/cancel","rerun_url":"https://api.github.com/repos/leonardosovienski/predictor-ops/actions/runs/35905678109/rerun","previous_attempt_url":null,"workflow_url":"https://api.github.com/repos/leonardosovienski/predictor-ops/actions/workflows/328754545","head_commit":{"id":"9831b0d5e727972b1d85ff48be14ffa58677898b","tree_id":"29387d58403799556b93180773dbca506330fed8","message":"fix(runtime): lock guard não derruba o processo perdedor no Windows (SHARED-005)\n\nDois processos disputando o lock de um job novo: o primeiro inicializa\n.mutation.guard e trava o byte 0; o segundo escrevia o byte inicial com\nescrita bufferizada sobre o byte travado. No Windows o lock é obrigatório, e o\nPermissionError escapava de LocalBackend.acquire e de run_job. Agora a guarda é\ninicializada por um descritor sem buffer, e a escrita recusada espera no laço\nde lock.\n\n- teste determinístico: test_empty_guard_locked_by_another_process_waits_instead_of_crashing\n  (falha antes da correção, passa depois; corrida real 50/50 no Windows)\n- versão 4.2.2rc1; o contrato de versão do CHANGELOG aceita pré-releases PEP 440\n\nAutorizado pelo dono (missão crypto, SHARED-005).\n\nCo-Authored-By: Claude Opus 5.5 (1M context) <noreply@anthropic.com>","timestamp":"2026-09-23T18:51:36Z","author":{"name":"Leonardo Sovienski","email":"leonardo.sovienski@gmail.com"},"committer":{"name":"Leonardo Sovienski","email":"leonardo.sovienski@gmail.com"}},"repository":{"id":1305846741,"node_id":"R_kgDOTdWj1Q","name":"predictor-ops","full_name":"leonardosovienski/predictor-ops","private":false,"owner":{"login":"leonardosovienski","id":86319239,"node_id":"MDQ6VXNlcjg2MzE5MjM5","avatar_url":"https://avatars.githubusercontent.com/u/86319239?v=4","gravatar_id":"","url":"https://api.github.com/users/leonardosovienski","html_url":"https://github.com/leonardosovienski","followers_url":"https://api.github.com/users/leonardosovienski/followers","following_url":"https://api.github.com/users/leonardosovienski/following{/other_user}","gists_url":"https://api.github.com/users/leonardosovienski/gists{/gist_id}","starred_url":"https://api.github.com/users/leonardosovienski/starred{/owner}{/repo}","subscriptions_url":"https://api.github.com/users/leonardosovienski/subscriptions","organizations_url":"https://api.github.com/users/leonardosovienski/orgs","repos_url":"https://api.github.com/users/leonardosovienski/repos","events_url":"https://api.github.com/users/leonardosovienski/events{/privacy}","received_events_url":"https://api.github.com/users/leonardosovienski/received_events","type":"User","user_view_type":"public","site_admin":false},"html_url":"https://github.com/leonardosovienski/predictor-ops","description":null,"fork":false,"url":"https://api.github.com/repos/leonardosovienski/predictor-ops","forks_url":"https://api.github.com/repos/leonardosovienski/predictor-ops/forks","keys_url":"https://api.github.com/repos/leonardosovienski/predictor-ops/keys{/key_id}","collaborators_url":"https://api.github.com/repos/leonardosovienski/predictor-ops/collaborators{/collaborator}","teams_url":"https://api.github.com/repos/leonardosovienski/predictor-ops/teams","hooks_url":"https://api.github.com/repos/leonardosovienski/predictor-ops/hooks","issue_events_url":"https://api.github.com/repos/leonardosovienski/predictor-ops/issues/events{/number}","events_url":"https://api.github.com/repos/leonardosovienski/predictor-ops/events","assignees_url":"https://api.github.com/repos/leonardosovienski/predictor-ops/assignees{/user}","branches_url":"https://api.github.com/repos/leonardosovienski/predictor-ops/branches{/branch}","tags_url":"https://api.github.com/repos/leonardosovienski/predictor-ops/tags","blobs_url":"https://api.github.com/repos/leonardosovienski/predictor-ops/git/blobs{/sha}","git_tags_url":"https://api.github.com/repos/leonardosovienski/predictor-ops/git/tags{/sha}","git_refs_url":"https://api.github.com/repos/leonardosovienski/predictor-ops/git/refs{/sha}","trees_url":"https://api.github.com/repos/leonardosovienski/predictor-ops/git/trees{/sha}","statuses_url":"https://api.github.com/repos/leonardosovienski/predictor-ops/statuses/{sha}","languages_url":"https://api.github.com/repos/leonardosovienski/predictor-ops/languages","stargazers_url":"https://api.github.com/repos/leonardosovienski/predictor-ops/stargazers","contributors_url":"https://api.github.com/repos/leonardosovienski/predictor-ops/contributors","subscribers_url":"https://api.github.com/repos/leonardosovienski/predictor-ops/subscribers","subscription_url":"https://api.github.com/repos/leonardosovienski/predictor-ops/subscription","commits_url":"https://api.github.com/repos/leonardosovienski/predictor-ops/commits{/sha}","git_commits_url":"https://api.github.com/repos/leonardosovienski/predictor-ops/git/commits{/sha}","comments_url":"https://api.github.com/repos/leonardosovienski/predictor-ops/comments{/number}","issue_comment_url":"https://api.github.com/repos/leonardosovienski/predictor-ops/issues/comments{/number}","contents_url":"https://api.github.com/repos/leonardosovienski/predictor-ops/contents/{+path}","compare_url":"https://api.github.com/repos/leonardosovienski/predictor-ops/compare/{base}...{head}","merges_url":"https://api.github.com/repos/leonardosovienski/predictor-ops/merges","archive_url":"https://api.github.com/repos/leonardosovienski/predictor-ops/{archive_format}{/ref}","downloads_url":"https://api.github.com/repos/leonardosovienski/predictor-ops/downloads","issues_url":"https://api.github.com/repos/leonardosovienski/predictor-ops/issues{/number}","pulls_url":"https://api.github.com/repos/leonardosovienski/predictor-ops/pulls{/number}","milestones_url":"https://api.github.com/repos/leonardosovienski/predictor-ops/milestones{/number}","notifications_url":"https://api.github.com/repos/leonardosovienski/predictor-ops/notifications{?since,all,participating}","labels_url":"https://api.github.com/repos/leonardosovienski/predictor-ops/labels{/name}","releases_url":"https://api.github.com/repos/leonardosovienski/predictor-ops/releases{/id}","deployments_url":"https://api.github.com/repos/leonardosovienski/predictor-ops/deployments"},"head_repository":{"id":1305846741,"node_id":"R_kgDOTdWj1Q","name":"predictor-ops","full_name":"leonardosovienski/predictor-ops","private":false,"owner":{"login":"leonardosovienski","id":86319239,"node_id":"MDQ6VXNlcjg2MzE5MjM5","avatar_url":"https://avatars.githubusercontent.com/u/86319239?v=4","gravatar_id":"","url":"https://api.github.com/users/leonardosovienski","html_url":"https://github.com/leonardosovienski","followers_url":"https://api.github.com/users/leonardosovienski/followers","following_url":"https://api.github.com/users/leonardosovienski/following{/other_user}","gists_url":"https://api.github.com/users/leonardosovienski/gists{/gist_id}","starred_url":"https://api.github.com/users/leonardosovienski/starred{/owner}{/repo}","subscriptions_url":"https://api.github.com/users/leonardosovienski/subscriptions","organizations_url":"https://api.github.com/users/leonardosovienski/orgs","repos_url":"https://api.github.com/users/leonardosovienski/repos","events_url":"https://api.github.com/users/leonardosovienski/events{/privacy}","received_events_url":"https://api.github.com/users/leonardosovienski/received_events","type":"User","user_view_type":"public","site_admin":false},"html_url":"https://github.com/leonardosovienski/predictor-ops","description":null,"fork":false,"url":"https://api.github.com/repos/leonardosovienski/predictor-ops","forks_url":"https://api.github.com/repos/leonardosovienski/predictor-ops/forks","keys_url":"https://api.github.com/repos/leonardosovienski/predictor-ops/keys{/key_id}","collaborators_url":"https://api.github.com/repos/leonardosovienski/predictor-ops/collaborators{/collaborator}","teams_url":"https://api.github.com/repos/leonardosovienski/predictor-ops/teams","hooks_url":"https://api.github.com/repos/leonardosovienski/predictor-ops/hooks","issue_events_url":"https://api.github.com/repos/leonardosovienski/predictor-ops/issues/events{/number}","events_url":"https://api.github.com/repos/leonardosovienski/predictor-ops/events","assignees_url":"https://api.github.com/repos/leonardosovienski/predictor-ops/assignees{/user}","branches_url":"https://api.github.com/repos/leonardosovienski/predictor-ops/branches{/branch}","tags_url":"https://api.github.com/repos/leonardosovienski/predictor-ops/tags","blobs_url":"https://api.github.com/repos/leonardosovienski/predictor-ops/git/blobs{/sha}","git_tags_url":"https://api.github.com/repos/leonardosovienski/predictor-ops/git/tags{/sha}","git_refs_url":"https://api.github.com/repos/leonardosovienski/predictor-ops/git/refs{/sha}","trees_url":"https://api.github.com/repos/leonardosovienski/predictor-ops/git/trees{/sha}","statuses_url":"https://api.github.com/repos/leonardosovienski/predictor-ops/statuses/{sha}","languages_url":"https://api.github.com/repos/leonardosovienski/predictor-ops/languages","stargazers_url":"https://api.github.com/repos/leonardosovienski/predictor-ops/stargazers","contributors_url":"https://api.github.com/repos/leonardosovienski/predictor-ops/contributors","subscribers_url":"https://api.github.com/repos/leonardosovienski/predictor-ops/subscribers","subscription_url":"https://api.github.com/repos/leonardosovienski/predictor-ops/subscription","commits_url":"https://api.github.com/repos/leonardosovienski/predictor-ops/commits{/sha}","git_commits_url":"https://api.github.com/repos/leonardosovienski/predictor-ops/git/commits{/sha}","comments_url":"https://api.github.com/repos/leonardosovienski/predictor-ops/comments{/number}","issue_comment_url":"https://api.github.com/repos/leonardosovienski/predictor-ops/issues/comments{/number}","contents_url":"https://api.github.com/repos/leonardosovienski/predictor-ops/contents/{+path}","compare_url":"https://api.github.com/repos/leonardosovienski/predictor-ops/compare/{base}...{head}","merges_url":"https://api.github.com/repos/leonardosovienski/predictor-ops/merges","archive_url":"https://api.github.com/repos/leonardosovienski/predictor-ops/{archive_format}{/ref}","downloads_url":"https://api.github.com/repos/leonardosovienski/predictor-ops/downloads","issues_url":"https://api.github.com/repos/leonardosovienski/predictor-ops/issues{/number}","pulls_url":"https://api.github.com/repos/leonardosovienski/predictor-ops/pulls{/number}","milestones_url":"https://api.github.com/repos/leonardosovienski/predictor-ops/milestones{/number}","notifications_url":"https://api.github.com/repos/leonardosovienski/predictor-ops/notifications{?since,all,participating}","labels_url":"https://api.github.com/repos/leonardosovienski/predictor-ops/labels{/name}","releases_url":"https://api.github.com/repos/leonardosovienski/predictor-ops/releases{/id}","deployments_url":"https://api.github.com/repos/leonardosovienski/predictor-ops/deployments"}},{"id":35905394124,"name":"Dependency Review","node_id":"WFR_kwLOTdWj1c8AAAAIXCDVzA","head_branch":"fix/shared-005-mutation-guard","head_sha":"9831b0d5e727972b1d85ff48be14ffa58677898b","path":".github/workflows/dependency-review.yml","display_title":"fix(runtime): lock guard não derruba o processo perdedor no Windows (SHARED-005) — 4.2.2rc1","run_number":28,"event":"pull_request","status":"completed","conclusion":"success","workflow_id":328753910,"check_suite_id":97227395475,"check_suite_node_id":"CS_kwDOTdWj1c8AAAAWozRRkw","url":"https://api.github.com/repos/leonardosovienski/predictor-ops/actions/runs/35905394124","html_url":"https://github.com/leonardosovienski/predictor-ops/actions/runs/35905394124","pull_requests":[{"url":"https://api.github.com/repos/leonardosovienski/predictor-ops/pulls/26","id":4617394380,"number":26,"head":{"ref":"fix/shared-005-mutation-guard","sha":"9831b0d5e727972b1d85ff48be14ffa58677898b","repo":{"id":1305846741,"url":"https://api.github.com/repos/leonardosovienski/predictor-ops","name":"predictor-ops"}},"base":{"ref":"main","sha":"7bd99ebaea09c74a2ac4243d8991a81c44625a6c","repo":{"id":1305846741,"url":"https://api.github.com/repos/leonardosovienski/predictor-ops","name":"predictor-ops"}}}],"created_at":"2026-09-23T18:51:47Z","updated_at":"2026-09-23T18:51:57Z","actor":{"login":"leonardosovienski","id":86319239,"node_id":"MDQ6VXNlcjg2MzE5MjM5","avatar_url":"https://avatars.githubusercontent.com/u/86319239?v=4","gravatar_id":"","url":"https://api.github.com/users/leonardosovienski","html_url":"https://github.com/leonardosovienski","followers_url":"https://api.github.com/users/leonardosovienski/followers","following_url":"https://api.github.com/users/leonardosovienski/following{/other_user}","gists_url":"https://api.github.com/users/leonardosovienski/gists{/gist_id}","starred_url":"https://api.github.com/users/leonardosovienski/starred{/owner}{/repo}","subscriptions_url":"https://api.github.com/users/leonardosovienski/subscriptions","organizations_url":"https://api.github.com/users/leonardosovienski/orgs","repos_url":"https://api.github.com/users/leonardosovienski/repos","events_url":"https://api.github.com/users/leonardosovienski/events{/privacy}","received_events_url":"https://api.github.com/users/leonardosovienski/received_events","type":"User","user_view_type":"public","site_admin":false},"run_attempt":1,"referenced_workflows":[],"run_started_at":"2026-09-23T18:51:47Z","triggering_actor":{"login":"leonardosovienski","id":86319239,"node_id":"MDQ6VXNlcjg2MzE5MjM5","avatar_url":"https://avatars.githubusercontent.com/u/86319239?v=4","gravatar_id":"","url":"https://api.github.com/users/leonardosovienski","html_url":"https://github.com/leonardosovienski","followers_url":"https://api.github.com/users/leonardosovienski/followers","following_url":"https://api.github.com/users/leonardosovienski/following{/other_user}","gists_url":"https://api.github.com/users/leonardosovienski/gists{/gist_id}","starred_url":"https://api.github.com/users/leonardosovienski/starred{/owner}{/repo}","subscriptions_url":"https://api.github.com/users/leonardosovienski/subscriptions","organizations_url":"https://api.github.com/users/leonardosovienski/orgs","repos_url":"https://api.github.com/users/leonardosovienski/repos","events_url":"https://api.github.com/users/leonardosovienski/events{/privacy}","received_events_url":"https://api.github.com/users/leonardosovienski/received_events","type":"User","user_view_type":"public","site_admin":false},"jobs_url":"https://api.github.com/repos/leonardosovienski/predictor-ops/actions/runs/35905394124/jobs","logs_url":"https://api.github.com/repos/leonardosovienski/predictor-ops/actions/runs/35905394124/logs","check_suite_url":"https://api.github.com/repos/leonardosovienski/predictor-ops/check-suites/97227395475","artifacts_url":"https://api.github.com/repos/leonardosovienski/predictor-ops/actions/runs/35905394124/artifacts","cancel_url":"https://api.github.com/repos/leonardosovienski/predictor-ops/actions/runs/35905394124/cancel","rerun_url":"https://api.github.com/repos/leonardosovienski/predictor-ops/actions/runs/35905394124/rerun","previous_attempt_url":null,"workflow_url":"https://api.github.com/repos/leonardosovienski/predictor-ops/actions/workflows/328753910","head_commit":{"id":"9831b0d5e727972b1d85ff48be14ffa58677898b","tree_id":"29387d58403799556b93180773dbca506330fed8","message":"fix(runtime): lock guard não derruba o processo perdedor no Windows (SHARED-005)\n\nDois processos disputando o lock de um job novo: o primeiro inicializa\n.mutation.guard e trava o byte 0; o segundo escrevia o byte inicial com\nescrita bufferizada sobre o byte travado. No Windows o lock é obrigatório, e o\nPermissionError escapava de LocalBackend.acquire e de run_job. Agora a guarda é\ninicializada por um descritor sem buffer, e a escrita recusada espera no laço\nde lock.\n\n- teste determinístico: test_empty_guard_locked_by_another_process_waits_instead_of_crashing\n  (falha antes da correção, passa depois; corrida real 50/50 no Windows)\n- versão 4.2.2rc1; o contrato de versão do CHANGELOG aceita pré-releases PEP 440\n\nAutorizado pelo dono (missão crypto, SHARED-005).\n\nCo-Authored-By: Claude Opus 5.5 (1M context) <noreply@anthropic.com>","timestamp":"2026-09-23T18:51:36Z","author":{"name":"Leonardo Sovienski","email":"leonardo.sovienski@gmail.com"},"committer":{"name":"Leonardo Sovienski","email":"leonardo.sovienski@gmail.com"}},"repository":{"id":1305846741,"node_id":"R_kgDOTdWj1Q","name":"predictor-ops","full_name":"leonardosovienski/predictor-ops","private":false,"owner":{"login":"leonardosovienski","id":86319239,"node_id":"MDQ6VXNlcjg2MzE5MjM5","avatar_url":"https://avatars.githubusercontent.com/u/86319239?v=4","gravatar_id":"","url":"https://api.github.com/users/leonardosovienski","html_url":"https://github.com/leonardosovienski","followers_url":"https://api.github.com/users/leonardosovienski/followers","following_url":"https://api.github.com/users/leonardosovienski/following{/other_user}","gists_url":"https://api.github.com/users/leonardosovienski/gists{/gist_id}","starred_url":"https://api.github.com/users/leonardosovienski/starred{/owner}{/repo}","subscriptions_url":"https://api.github.com/users/leonardosovienski/subscriptions","organizations_url":"https://api.github.com/users/leonardosovienski/orgs","repos_url":"https://api.github.com/users/leonardosovienski/repos","events_url":"https://api.github.com/users/leonardosovienski/events{/privacy}","received_events_url":"https://api.github.com/users/leonardosovienski/received_events","type":"User","user_view_type":"public","site_admin":false},"html_url":"https://github.com/leonardosovienski/predictor-ops","description":null,"fork":false,"url":"https://api.github.com/repos/leonardosovienski/predictor-ops","forks_url":"https://api.github.com/repos/leonardosovienski/predictor-ops/forks","keys_url":"https://api.github.com/repos/leonardosovienski/predictor-ops/keys{/key_id}","collaborators_url":"https://api.github.com/repos/leonardosovienski/predictor-ops/collaborators{/collaborator}","teams_url":"https://api.github.com/repos/leonardosovienski/predictor-ops/teams","hooks_url":"https://api.github.com/repos/leonardosovienski/predictor-ops/hooks","issue_events_url":"https://api.github.com/repos/leonardosovienski/predictor-ops/issues/events{/number}","events_url":"https://api.github.com/repos/leonardosovienski/predictor-ops/events","assignees_url":"https://api.github.com/repos/leonardosovienski/predictor-ops/assignees{/user}","branches_url":"https://api.github.com/repos/leonardosovienski/predictor-ops/branches{/branch}","tags_url":"https://api.github.com/repos/leonardosovienski/predictor-ops/tags","blobs_url":"https://api.github.com/repos/leonardosovienski/predictor-ops/git/blobs{/sha}","git_tags_url":"https://api.github.com/repos/leonardosovienski/predictor-ops/git/tags{/sha}","git_refs_url":"https://api.github.com/repos/leonardosovienski/predictor-ops/git/refs{/sha}","trees_url":"https://api.github.com/repos/leonardosovienski/predictor-ops/git/trees{/sha}","statuses_url":"https://api.github.com/repos/leonardosovienski/predictor-ops/statuses/{sha}","languages_url":"https://api.github.com/repos/leonardosovienski/predictor-ops/languages","stargazers_url":"https://api.github.com/repos/leonardosovienski/predictor-ops/stargazers","contributors_url":"https://api.github.com/repos/leonardosovienski/predictor-ops/contributors","subscribers_url":"https://api.github.com/repos/leonardosovienski/predictor-ops/subscribers","subscription_url":"https://api.github.com/repos/leonardosovienski/predictor-ops/subscription","commits_url":"https://api.github.com/repos/leonardosovienski/predictor-ops/commits{/sha}","git_commits_url":"https://api.github.com/repos/leonardosovienski/predictor-ops/git/commits{/sha}","comments_url":"https://api.github.com/repos/leonardosovienski/predictor-ops/comments{/number}","issue_comment_url":"https://api.github.com/repos/leonardosovienski/predictor-ops/issues/comments{/number}","contents_url":"https://api.github.com/repos/leonardosovienski/predictor-ops/contents/{+path}","compare_url":"https://api.github.com/repos/leonardosovienski/predictor-ops/compare/{base}...{head}","merges_url":"https://api.github.com/repos/leonardosovienski/predictor-ops/merges","archive_url":"https://api.github.com/repos/leonardosovienski/predictor-ops/{archive_format}{/ref}","downloads_url":"https://api.github.com/repos/leonardosovienski/predictor-ops/downloads","issues_url":"https://api.github.com/repos/leonardosovienski/predictor-ops/issues{/number}","pulls_url":"https://api.github.com/repos/leonardosovienski/predictor-ops/pulls{/number}","milestones_url":"https://api.github.com/repos/leonardosovienski/predictor-ops/milestones{/number}","notifications_url":"https://api.github.com/repos/leonardosovienski/predictor-ops/notifications{?since,all,participating}","labels_url":"https://api.github.com/repos/leonardosovienski/predictor-ops/labels{/name}","releases_url":"https://api.github.com/repos/leonardosovienski/predictor-ops/releases{/id}","deployments_url":"https://api.github.com/repos/leonardosovienski/predictor-ops/deployments"},"head_repository":{"id":1305846741,"node_id":"R_kgDOTdWj1Q","name":"predictor-ops","full_name":"leonardosovienski/predictor-ops","private":false,"owner":{"login":"leonardosovienski","id":86319239,"node_id":"MDQ6VXNlcjg2MzE5MjM5","avatar_url":"https://avatars.githubusercontent.com/u/86319239?v=4","gravatar_id":"","url":"https://api.github.com/users/leonardosovienski","html_url":"https://github.com/leonardosovienski","followers_url":"https://api.github.com/users/leonardosovienski/followers","following_url":"https://api.github.com/users/leonardosovienski/following{/other_user}","gists_url":"https://api.github.com/users/leonardosovienski/gists{/gist_id}","starred_url":"https://api.github.com/users/leonardosovienski/starred{/owner}{/repo}","subscriptions_url":"https://api.github.com/users/leonardosovienski/subscriptions","organizations_url":"https://api.github.com/users/leonardosovienski/orgs","repos_url":"https://api.github.com/users/leonardosovienski/repos","events_url":"https://api.github.com/users/leonardosovienski/events{/privacy}","received_events_url":"https://api.github.com/users/leonardosovienski/received_events","type":"User","user_view_type":"public","site_admin":false},"html_url":"https://github.com/leonardosovienski/predictor-ops","description":null,"fork":false,"url":"https://api.github.com/repos/leonardosovienski/predictor-ops","forks_url":"https://api.github.com/repos/leonardosovienski/predictor-ops/forks","keys_url":"https://api.github.com/repos/leonardosovienski/predictor-ops/keys{/key_id}","collaborators_url":"https://api.github.com/repos/leonardosovienski/predictor-ops/collaborators{/collaborator}","teams_url":"https://api.github.com/repos/leonardosovienski/predictor-ops/teams","hooks_url":"https://api.github.com/repos/leonardosovienski/predictor-ops/hooks","issue_events_url":"https://api.github.com/repos/leonardosovienski/predictor-ops/issues/events{/number}","events_url":"https://api.github.com/repos/leonardosovienski/predictor-ops/events","assignees_url":"https://api.github.com/repos/leonardosovienski/predictor-ops/assignees{/user}","branches_url":"https://api.github.com/repos/leonardosovienski/predictor-ops/branches{/branch}","tags_url":"https://api.github.com/repos/leonardosovienski/predictor-ops/tags","blobs_url":"https://api.github.com/repos/leonardosovienski/predictor-ops/git/blobs{/sha}","git_tags_url":"https://api.github.com/repos/leonardosovienski/predictor-ops/git/tags{/sha}","git_refs_url":"https://api.github.com/repos/leonardosovienski/predictor-ops/git/refs{/sha}","trees_url":"https://api.github.com/repos/leonardosovienski/predictor-ops/git/trees{/sha}","statuses_url":"https://api.github.com/repos/leonardosovienski/predictor-ops/statuses/{sha}","languages_url":"https://api.github.com/repos/leonardosovienski/predictor-ops/languages","stargazers_url":"https://api.github.com/repos/leonardosovienski/predictor-ops/stargazers","contributors_url":"https://api.github.com/repos/leonardosovienski/predictor-ops/contributors","subscribers_url":"https://api.github.com/repos/leonardosovienski/predictor-ops/subscribers","subscription_url":"https://api.github.com/repos/leonardosovienski/predictor-ops/subscription","commits_url":"https://api.github.com/repos/leonardosovienski/predictor-ops/commits{/sha}","git_commits_url":"https://api.github.com/repos/leonardosovienski/predictor-ops/git/commits{/sha}","comments_url":"https://api.github.com/repos/leonardosovienski/predictor-ops/comments{/number}","issue_comment_url":"https://api.github.com/repos/leonardosovienski/predictor-ops/issues/comments{/number}","contents_url":"https://api.github.com/repos/leonardosovienski/predictor-ops/contents/{+path}","compare_url":"https://api.github.com/repos/leonardosovienski/predictor-ops/compare/{base}...{head}","merges_url":"https://api.github.com/repos/leonardosovienski/predictor-ops/merges","archive_url":"https://api.github.com/repos/leonardosovienski/predictor-ops/{archive_format}{/ref}","downloads_url":"https://api.github.com/repos/leonardosovienski/predictor-ops/downloads","issues_url":"https://api.github.com/repos/leonardosovienski/predictor-ops/issues{/number}","pulls_url":"https://api.github.com/repos/leonardosovienski/predictor-ops/pulls{/number}","milestones_url":"https://api.github.com/repos/leonardosovienski/predictor-ops/milestones{/number}","notifications_url":"https://api.github.com/repos/leonardosovienski/predictor-ops/notifications{?since,all,participating}","labels_url":"https://api.github.com/repos/leonardosovienski/predictor-ops/labels{/name}","releases_url":"https://api.github.com/repos/leonardosovienski/predictor-ops/releases{/id}","deployments_url":"https://api.github.com/repos/leonardosovienski/predictor-ops/deployments"}},{"id":35905393899,"name":"CI","node_id":"WFR_kwLOTdWj1c8AAAAIXCDU6w","head_branch":"fix/shared-005-mutation-guard","head_sha":"9831b0d5e727972b1d85ff48be14ffa58677898b","path":".github/workflows/ci.yml","display_title":"fix(runtime): lock guard não derruba o processo perdedor no Windows (SHARED-005) — 4.2.2rc1","run_number":117,"event":"pull_request","status":"completed","conclusion":"success","workflow_id":325394510,"check_suite_id":97227394807,"check_suite_node_id":"CS_kwDOTdWj1c8AAAAWozRO9w","url":"https://api.github.com/repos/leonardosovienski/predictor-ops/actions/runs/35905393899","html_url":"https://github.com/leonardosovienski/predictor-ops/actions/runs/35905393899","pull_requests":[{"url":"https://api.github.com/repos/leonardosovienski/predictor-ops/pulls/26","id":4617394380,"number":26,"head":{"ref":"fix/shared-005-mutation-guard","sha":"9831b0d5e727972b1d85ff48be14ffa58677898b","repo":{"id":1305846741,"url":"https://api.github.com/repos/leonardosovienski/predictor-ops","name":"predictor-ops"}},"base":{"ref":"main","sha":"7bd99ebaea09c74a2ac4243d8991a81c44625a6c","repo":{"id":1305846741,"url":"https://api.github.com/repos/leonardosovienski/predictor-ops","name":"predictor-ops"}}}],"created_at":"2026-09-23T18:51:47Z","updated_at":"2026-09-23T18:53:11Z","actor":{"login":"leonardosovienski","id":86319239,"node_id":"MDQ6VXNlcjg2MzE5MjM5","avatar_url":"https://avatars.githubusercontent.com/u/86319239?v=4","gravatar_id":"","url":"https://api.github.com/users/leonardosovienski","html_url":"https://github.com/leonardosovienski","followers_url":"https://api.github.com/users/leonardosovienski/followers","following_url":"https://api.github.com/users/leonardosovienski/following{/other_user}","gists_url":"https://api.github.com/users/leonardosovienski/gists{/gist_id}","starred_url":"https://api.github.com/users/leonardosovienski/starred{/owner}{/repo}","subscriptions_url":"https://api.github.com/users/leonardosovienski/subscriptions","organizations_url":"https://api.github.com/users/leonardosovienski/orgs","repos_url":"https://api.github.com/users/leonardosovienski/repos","events_url":"https://api.github.com/users/leonardosovienski/events{/privacy}","received_events_url":"https://api.github.com/users/leonardosovienski/received_events","type":"User","user_view_type":"public","site_admin":false},"run_attempt":1,"referenced_workflows":[],"run_started_at":"2026-09-23T18:51:47Z","triggering_actor":{"login":"leonardosovienski","id":86319239,"node_id":"MDQ6VXNlcjg2MzE5MjM5","avatar_url":"https://avatars.githubusercontent.com/u/86319239?v=4","gravatar_id":"","url":"https://api.github.com/users/leonardosovienski","html_url":"https://github.com/leonardosovienski","followers_url":"https://api.github.com/users/leonardosovienski/followers","following_url":"https://api.github.com/users/leonardosovienski/following{/other_user}","gists_url":"https://api.github.com/users/leonardosovienski/gists{/gist_id}","starred_url":"https://api.github.com/users/leonardosovienski/starred{/owner}{/repo}","subscriptions_url":"https://api.github.com/users/leonardosovienski/subscriptions","organizations_url":"https://api.github.com/users/leonardosovienski/orgs","repos_url":"https://api.github.com/users/leonardosovienski/repos","events_url":"https://api.github.com/users/leonardosovienski/events{/privacy}","received_events_url":"https://api.github.com/users/leonardosovienski/received_events","type":"User","user_view_type":"public","site_admin":false},"jobs_url":"https://api.github.com/repos/leonardosovienski/predictor-ops/actions/runs/35905393899/jobs","logs_url":"https://api.github.com/repos/leonardosovienski/predictor-ops/actions/runs/35905393899/logs","check_suite_url":"https://api.github.com/repos/leonardosovienski/predictor-ops/check-suites/97227394807","artifacts_url":"https://api.github.com/repos/leonardosovienski/predictor-ops/actions/runs/35905393899/artifacts","cancel_url":"https://api.github.com/repos/leonardosovienski/predictor-ops/actions/runs/35905393899/cancel","rerun_url":"https://api.github.com/repos/leonardosovienski/predictor-ops/actions/runs/35905393899/rerun","previous_attempt_url":null,"workflow_url":"https://api.github.com/repos/leonardosovienski/predictor-ops/actions/workflows/325394510","head_commit":{"id":"9831b0d5e727972b1d85ff48be14ffa58677898b","tree_id":"29387d58403799556b93180773dbca506330fed8","message":"fix(runtime): lock guard não derruba o processo perdedor no Windows (SHARED-005)\n\nDois processos disputando o lock de um job novo: o primeiro inicializa\n.mutation.guard e trava o byte 0; o segundo escrevia o byte inicial com\nescrita bufferizada sobre o byte travado. No Windows o lock é obrigatório, e o\nPermissionError escapava de LocalBackend.acquire e de run_job. Agora a guarda é\ninicializada por um descritor sem buffer, e a escrita recusada espera no laço\nde lock.\n\n- teste determinístico: test_empty_guard_locked_by_another_process_waits_instead_of_crashing\n  (falha antes da correção, passa depois; corrida real 50/50 no Windows)\n- versão 4.2.2rc1; o contrato de versão do CHANGELOG aceita pré-releases PEP 440\n\nAutorizado pelo dono (missão crypto, SHARED-005).\n\nCo-Authored-By: Claude Opus 5.5 (1M context) <noreply@anthropic.com>","timestamp":"2026-09-23T18:51:36Z","author":{"name":"Leonardo Sovienski","email":"leonardo.sovienski@gmail.com"},"committer":{"name":"Leonardo Sovienski","email":"leonardo.sovienski@gmail.com"}},"repository":{"id":1305846741,"node_id":"R_kgDOTdWj1Q","name":"predictor-ops","full_name":"leonardosovienski/predictor-ops","private":false,"owner":{"login":"leonardosovienski","id":86319239,"node_id":"MDQ6VXNlcjg2MzE5MjM5","avatar_url":"https://avatars.githubusercontent.com/u/86319239?v=4","gravatar_id":"","url":"https://api.github.com/users/leonardosovienski","html_url":"https://github.com/leonardosovienski","followers_url":"https://api.github.com/users/leonardosovienski/followers","following_url":"https://api.github.com/users/leonardosovienski/following{/other_user}","gists_url":"https://api.github.com/users/leonardosovienski/gists{/gist_id}","starred_url":"https://api.github.com/users/leonardosovienski/starred{/owner}{/repo}","subscriptions_url":"https://api.github.com/users/leonardosovienski/subscriptions","organizations_url":"https://api.github.com/users/leonardosovienski/orgs","repos_url":"https://api.github.com/users/leonardosovienski/repos","events_url":"https://api.github.com/users/leonardosovienski/events{/privacy}","received_events_url":"https://api.github.com/users/leonardosovienski/received_events","type":"User","user_view_type":"public","site_admin":false},"html_url":"https://github.com/leonardosovienski/predictor-ops","description":null,"fork":false,"url":"https://api.github.com/repos/leonardosovienski/predictor-ops","forks_url":"https://api.github.com/repos/leonardosovienski/predictor-ops/forks","keys_url":"https://api.github.com/repos/leonardosovienski/predictor-ops/keys{/key_id}","collaborators_url":"https://api.github.com/repos/leonardosovienski/predictor-ops/collaborators{/collaborator}","teams_url":"https://api.github.com/repos/leonardosovienski/predictor-ops/teams","hooks_url":"https://api.github.com/repos/leonardosovienski/predictor-ops/hooks","issue_events_url":"https://api.github.com/repos/leonardosovienski/predictor-ops/issues/events{/number}","events_url":"https://api.github.com/repos/leonardosovienski/predictor-ops/events","assignees_url":"https://api.github.com/repos/leonardosovienski/predictor-ops/assignees{/user}","branches_url":"https://api.github.com/repos/leonardosovienski/predictor-ops/branches{/branch}","tags_url":"https://api.github.com/repos/leonardosovienski/predictor-ops/tags","blobs_url":"https://api.github.com/repos/leonardosovienski/predictor-ops/git/blobs{/sha}","git_tags_url":"https://api.github.com/repos/leonardosovienski/predictor-ops/git/tags{/sha}","git_refs_url":"https://api.github.com/repos/leonardosovienski/predictor-ops/git/refs{/sha}","trees_url":"https://api.github.com/repos/leonardosovienski/predictor-ops/git/trees{/sha}","statuses_url":"https://api.github.com/repos/leonardosovienski/predictor-ops/statuses/{sha}","languages_url":"https://api.github.com/repos/leonardosovienski/predictor-ops/languages","stargazers_url":"https://api.github.com/repos/leonardosovienski/predictor-ops/stargazers","contributors_url":"https://api.github.com/repos/leonardosovienski/predictor-ops/contributors","subscribers_url":"https://api.github.com/repos/leonardosovienski/predictor-ops/subscribers","subscription_url":"https://api.github.com/repos/leonardosovienski/predictor-ops/subscription","commits_url":"https://api.github.com/repos/leonardosovienski/predictor-ops/commits{/sha}","git_commits_url":"https://api.github.com/repos/leonardosovienski/predictor-ops/git/commits{/sha}","comments_url":"https://api.github.com/repos/leonardosovienski/predictor-ops/comments{/number}","issue_comment_url":"https://api.github.com/repos/leonardosovienski/predictor-ops/issues/comments{/number}","contents_url":"https://api.github.com/repos/leonardosovienski/predictor-ops/contents/{+path}","compare_url":"https://api.github.com/repos/leonardosovienski/predictor-ops/compare/{base}...{head}","merges_url":"https://api.github.com/repos/leonardosovienski/predictor-ops/merges","archive_url":"https://api.github.com/repos/leonardosovienski/predictor-ops/{archive_format}{/ref}","downloads_url":"https://api.github.com/repos/leonardosovienski/predictor-ops/downloads","issues_url":"https://api.github.com/repos/leonardosovienski/predictor-ops/issues{/number}","pulls_url":"https://api.github.com/repos/leonardosovienski/predictor-ops/pulls{/number}","milestones_url":"https://api.github.com/repos/leonardosovienski/predictor-ops/milestones{/number}","notifications_url":"https://api.github.com/repos/leonardosovienski/predictor-ops/notifications{?since,all,participating}","labels_url":"https://api.github.com/repos/leonardosovienski/predictor-ops/labels{/name}","releases_url":"https://api.github.com/repos/leonardosovienski/predictor-ops/releases{/id}","deployments_url":"https://api.github.com/repos/leonardosovienski/predictor-ops/deployments"},"head_repository":{"id":1305846741,"node_id":"R_kgDOTdWj1Q","name":"predictor-ops","full_name":"leonardosovienski/predictor-ops","private":false,"owner":{"login":"leonardosovienski","id":86319239,"node_id":"MDQ6VXNlcjg2MzE5MjM5","avatar_url":"https://avatars.githubusercontent.com/u/86319239?v=4","gravatar_id":"","url":"https://api.github.com/users/leonardosovienski","html_url":"https://github.com/leonardosovienski","followers_url":"https://api.github.com/users/leonardosovienski/followers","following_url":"https://api.github.com/users/leonardosovienski/following{/other_user}","gists_url":"https://api.github.com/users/leonardosovienski/gists{/gist_id}","starred_url":"https://api.github.com/users/leonardosovienski/starred{/owner}{/repo}","subscriptions_url":"https://api.github.com/users/leonardosovienski/subscriptions","organizations_url":"https://api.github.com/users/leonardosovienski/orgs","repos_url":"https://api.github.com/users/leonardosovienski/repos","events_url":"https://api.github.com/users/leonardosovienski/events{/privacy}","received_events_url":"https://api.github.com/users/leonardosovienski/received_events","type":"User","user_view_type":"public","site_admin":false},"html_url":"https://github.com/leonardosovienski/predictor-ops","description":null,"fork":false,"url":"https://api.github.com/repos/leonardosovienski/predictor-ops","forks_url":"https://api.github.com/repos/leonardosovienski/predictor-ops/forks","keys_url":"https://api.github.com/repos/leonardosovienski/predictor-ops/keys{/key_id}","collaborators_url":"https://api.github.com/repos/leonardosovienski/predictor-ops/collaborators{/collaborator}","teams_url":"https://api.github.com/repos/leonardosovienski/predictor-ops/teams","hooks_url":"https://api.github.com/repos/leonardosovienski/predictor-ops/hooks","issue_events_url":"https://api.github.com/repos/leonardosovienski/predictor-ops/issues/events{/number}","events_url":"https://api.github.com/repos/leonardosovienski/predictor-ops/events","assignees_url":"https://api.github.com/repos/leonardosovienski/predictor-ops/assignees{/user}","branches_url":"https://api.github.com/repos/leonardosovienski/predictor-ops/branches{/branch}","tags_url":"https://api.github.com/repos/leonardosovienski/predictor-ops/tags","blobs_url":"https://api.github.com/repos/leonardosovienski/predictor-ops/git/blobs{/sha}","git_tags_url":"https://api.github.com/repos/leonardosovienski/predictor-ops/git/tags{/sha}","git_refs_url":"https://api.github.com/repos/leonardosovienski/predictor-ops/git/refs{/sha}","trees_url":"https://api.github.com/repos/leonardosovienski/predictor-ops/git/trees{/sha}","statuses_url":"https://api.github.com/repos/leonardosovienski/predictor-ops/statuses/{sha}","languages_url":"https://api.github.com/repos/leonardosovienski/predictor-ops/languages","stargazers_url":"https://api.github.com/repos/leonardosovienski/predictor-ops/stargazers","contributors_url":"https://api.github.com/repos/leonardosovienski/predictor-ops/contributors","subscribers_url":"https://api.github.com/repos/leonardosovienski/predictor-ops/subscribers","subscription_url":"https://api.github.com/repos/leonardosovienski/predictor-ops/subscription","commits_url":"https://api.github.com/repos/leonardosovienski/predictor-ops/commits{/sha}","git_commits_url":"https://api.github.com/repos/leonardosovienski/predictor-ops/git/commits{/sha}","comments_url":"https://api.github.com/repos/leonardosovienski/predictor-ops/comments{/number}","issue_comment_url":"https://api.github.com/repos/leonardosovienski/predictor-ops/issues/comments{/number}","contents_url":"https://api.github.com/repos/leonardosovienski/predictor-ops/contents/{+path}","compare_url":"https://api.github.com/repos/leonardosovienski/predictor-ops/compare/{base}...{head}","merges_url":"https://api.github.com/repos/leonardosovienski/predictor-ops/merges","archive_url":"https://api.github.com/repos/leonardosovienski/predictor-ops/{archive_format}{/ref}","downloads_url":"https://api.github.com/repos/leonardosovienski/predictor-ops/downloads","issues_url":"https://api.github.com/repos/leonardosovienski/predictor-ops/issues{/number}","pulls_url":"https://api.github.com/repos/leonardosovienski/predictor-ops/pulls{/number}","milestones_url":"https://api.github.com/repos/leonardosovienski/predictor-ops/milestones{/number}","notifications_url":"https://api.github.com/repos/leonardosovienski/predictor-ops/notifications{?since,all,participating}","labels_url":"https://api.github.com/repos/leonardosovienski/predictor-ops/labels{/name}","releases_url":"https://api.github.com/repos/leonardosovienski/predictor-ops/releases{/id}","deployments_url":"https://api.github.com/repos/leonardosovienski/predictor-ops/deployments"}},{"id":35905391323,"name":"PR #26","node_id":"WFR_kwLOTdWj1c8AAAAIXCDK2w","head_branch":"refs/pull/26/head","head_sha":"9831b0d5e727972b1d85ff48be14ffa58677898b","path":"dynamic/github-code-scanning/codeql","display_title":"PR #26","run_number":46,"event":"dynamic","status":"completed","conclusion":"success","workflow_id":328752408,"check_suite_id":97227387754,"check_suite_node_id":"CS_kwDOTdWj1c8AAAAWozQzag","url":"https://api.github.com/repos/leonardosovienski/predictor-ops/actions/runs/35905391323","html_url":"https://github.com/leonardosovienski/predictor-ops/actions/runs/35905391323","pull_requests":[],"created_at":"2026-09-23T18:51:46Z","updated_at":"2026-09-23T18:52:49Z","actor":{"login":"leonardosovienski","id":86319239,"node_id":"MDQ6VXNlcjg2MzE5MjM5","avatar_url":"https://avatars.githubusercontent.com/u/86319239?v=4","gravatar_id":"","url":"https://api.github.com/users/leonardosovienski","html_url":"https://github.com/leonardosovienski","followers_url":"https://api.github.com/users/leonardosovienski/followers","following_url":"https://api.github.com/users/leonardosovienski/following{/other_user}","gists_url":"https://api.github.com/users/leonardosovienski/gists{/gist_id}","starred_url":"https://api.github.com/users/leonardosovienski/starred{/owner}{/repo}","subscriptions_url":"https://api.github.com/users/leonardosovienski/subscriptions","organizations_url":"https://api.github.com/users/leonardosovienski/orgs","repos_url":"https://api.github.com/users/leonardosovienski/repos","events_url":"https://api.github.com/users/leonardosovienski/events{/privacy}","received_events_url":"https://api.github.com/users/leonardosovienski/received_events","type":"User","user_view_type":"public","site_admin":false},"run_attempt":1,"referenced_workflows":[],"run_started_at":"2026-09-23T18:51:46Z","triggering_actor":{"login":"leonardosovienski","id":86319239,"node_id":"MDQ6VXNlcjg2MzE5MjM5","avatar_url":"https://avatars.githubusercontent.com/u/86319239?v=4","gravatar_id":"","url":"https://api.github.com/users/leonardosovienski","html_url":"https://github.com/leonardosovienski","followers_url":"https://api.github.com/users/leonardosovienski/followers","following_url":"https://api.github.com/users/leonardosovienski/following{/other_user}","gists_url":"https://api.github.com/users/leonardosovienski/gists{/gist_id}","starred_url":"https://api.github.com/users/leonardosovienski/starred{/owner}{/repo}","subscriptions_url":"https://api.github.com/users/leonardosovienski/subscriptions","organizations_url":"https://api.github.com/users/leonardosovienski/orgs","repos_url":"https://api.github.com/users/leonardosovienski/repos","events_url":"https://api.github.com/users/leonardosovienski/events{/privacy}","received_events_url":"https://api.github.com/users/leonardosovienski/received_events","type":"User","user_view_type":"public","site_admin":false},"jobs_url":"https://api.github.com/repos/leonardosovienski/predictor-ops/actions/runs/35905391323/jobs","logs_url":"https://api.github.com/repos/leonardosovienski/predictor-ops/actions/runs/35905391323/logs","check_suite_url":"https://api.github.com/repos/leonardosovienski/predictor-ops/check-suites/97227387754","artifacts_url":"https://api.github.com/repos/leonardosovienski/predictor-ops/actions/runs/35905391323/artifacts","cancel_url":"https://api.github.com/repos/leonardosovienski/predictor-ops/actions/runs/35905391323/cancel","rerun_url":"https://api.github.com/repos/leonardosovienski/predictor-ops/actions/runs/35905391323/rerun","previous_attempt_url":null,"workflow_url":"https://api.github.com/repos/leonardosovienski/predictor-ops/actions/workflows/328752408","head_commit":{"id":"9831b0d5e727972b1d85ff48be14ffa58677898b","tree_id":"29387d58403799556b93180773dbca506330fed8","message":"fix(runtime): lock guard não derruba o processo perdedor no Windows (SHARED-005)\n\nDois processos disputando o lock de um job novo: o primeiro inicializa\n.mutation.guard e trava o byte 0; o segundo escrevia o byte inicial com\nescrita bufferizada sobre o byte travado. No Windows o lock é obrigatório, e o\nPermissionError escapava de LocalBackend.acquire e de run_job. Agora a guarda é\ninicializada por um descritor sem buffer, e a escrita recusada espera no laço\nde lock.\n\n- teste determinístico: test_empty_guard_locked_by_another_process_waits_instead_of_crashing\n  (falha antes da correção, passa depois; corrida real 50/50 no Windows)\n- versão 4.2.2rc1; o contrato de versão do CHANGELOG aceita pré-releases PEP 440\n\nAutorizado pelo dono (missão crypto, SHARED-005).\n\nCo-Authored-By: Claude Opus 5.5 (1M context) <noreply@anthropic.com>","timestamp":"2026-09-23T18:51:36Z","author":{"name":"Leonardo Sovienski","email":"leonardo.sovienski@gmail.com"},"committer":{"name":"Leonardo Sovienski","email":"leonardo.sovienski@gmail.com"}},"repository":{"id":1305846741,"node_id":"R_kgDOTdWj1Q","name":"predictor-ops","full_name":"leonardosovienski/predictor-ops","private":false,"owner":{"login":"leonardosovienski","id":86319239,"node_id":"MDQ6VXNlcjg2MzE5MjM5","avatar_url":"https://avatars.githubusercontent.com/u/86319239?v=4","gravatar_id":"","url":"https://api.github.com/users/leonardosovienski","html_url":"https://github.com/leonardosovienski","followers_url":"https://api.github.com/users/leonardosovienski/followers","following_url":"https://api.github.com/users/leonardosovienski/following{/other_user}","gists_url":"https://api.github.com/users/leonardosovienski/gists{/gist_id}","starred_url":"https://api.github.com/users/leonardosovienski/starred{/owner}{/repo}","subscriptions_url":"https://api.github.com/users/leonardosovienski/subscriptions","organizations_url":"https://api.github.com/users/leonardosovienski/orgs","repos_url":"https://api.github.com/users/leonardosovienski/repos","events_url":"https://api.github.com/users/leonardosovienski/events{/privacy}","received_events_url":"https://api.github.com/users/leonardosovienski/received_events","type":"User","user_view_type":"public","site_admin":false},"html_url":"https://github.com/leonardosovienski/predictor-ops","description":null,"fork":false,"url":"https://api.github.com/repos/leonardosovienski/predictor-ops","forks_url":"https://api.github.com/repos/leonardosovienski/predictor-ops/forks","keys_url":"https://api.github.com/repos/leonardosovienski/predictor-ops/keys{/key_id}","collaborators_url":"https://api.github.com/repos/leonardosovienski/predictor-ops/collaborators{/collaborator}","teams_url":"https://api.github.com/repos/leonardosovienski/predictor-ops/teams","hooks_url":"https://api.github.com/repos/leonardosovienski/predictor-ops/hooks","issue_events_url":"https://api.github.com/repos/leonardosovienski/predictor-ops/issues/events{/number}","events_url":"https://api.github.com/repos/leonardosovienski/predictor-ops/events","assignees_url":"https://api.github.com/repos/leonardosovienski/predictor-ops/assignees{/user}","branches_url":"https://api.github.com/repos/leonardosovienski/predictor-ops/branches{/branch}","tags_url":"https://api.github.com/repos/leonardosovienski/predictor-ops/tags","blobs_url":"https://api.github.com/repos/leonardosovienski/predictor-ops/git/blobs{/sha}","git_tags_url":"https://api.github.com/repos/leonardosovienski/predictor-ops/git/tags{/sha}","git_refs_url":"https://api.github.com/repos/leonardosovienski/predictor-ops/git/refs{/sha}","trees_url":"https://api.github.com/repos/leonardosovienski/predictor-ops/git/trees{/sha}","statuses_url":"https://api.github.com/repos/leonardosovienski/predictor-ops/statuses/{sha}","languages_url":"https://api.github.com/repos/leonardosovienski/predictor-ops/languages","stargazers_url":"https://api.github.com/repos/leonardosovienski/predictor-ops/stargazers","contributors_url":"https://api.github.com/repos/leonardosovienski/predictor-ops/contributors","subscribers_url":"https://api.github.com/repos/leonardosovienski/predictor-ops/subscribers","subscription_url":"https://api.github.com/repos/leonardosovienski/predictor-ops/subscription","commits_url":"https://api.github.com/repos/leonardosovienski/predictor-ops/commits{/sha}","git_commits_url":"https://api.github.com/repos/leonardosovienski/predictor-ops/git/commits{/sha}","comments_url":"https://api.github.com/repos/leonardosovienski/predictor-ops/comments{/number}","issue_comment_url":"https://api.github.com/repos/leonardosovienski/predictor-ops/issues/comments{/number}","contents_url":"https://api.github.com/repos/leonardosovienski/predictor-ops/contents/{+path}","compare_url":"https://api.github.com/repos/leonardosovienski/predictor-ops/compare/{base}...{head}","merges_url":"https://api.github.com/repos/leonardosovienski/predictor-ops/merges","archive_url":"https://api.github.com/repos/leonardosovienski/predictor-ops/{archive_format}{/ref}","downloads_url":"https://api.github.com/repos/leonardosovienski/predictor-ops/downloads","issues_url":"https://api.github.com/repos/leonardosovienski/predictor-ops/issues{/number}","pulls_url":"https://api.github.com/repos/leonardosovienski/predictor-ops/pulls{/number}","milestones_url":"https://api.github.com/repos/leonardosovienski/predictor-ops/milestones{/number}","notifications_url":"https://api.github.com/repos/leonardosovienski/predictor-ops/notifications{?since,all,participating}","labels_url":"https://api.github.com/repos/leonardosovienski/predictor-ops/labels{/name}","releases_url":"https://api.github.com/repos/leonardosovienski/predictor-ops/releases{/id}","deployments_url":"https://api.github.com/repos/leonardosovienski/predictor-ops/deployments"},"head_repository":{"id":1305846741,"node_id":"R_kgDOTdWj1Q","name":"predictor-ops","full_name":"leonardosovienski/predictor-ops","private":false,"owner":{"login":"leonardosovienski","id":86319239,"node_id":"MDQ6VXNlcjg2MzE5MjM5","avatar_url":"https://avatars.githubusercontent.com/u/86319239?v=4","gravatar_id":"","url":"https://api.github.com/users/leonardosovienski","html_url":"https://github.com/leonardosovienski","followers_url":"https://api.github.com/users/leonardosovienski/followers","following_url":"https://api.github.com/users/leonardosovienski/following{/other_user}","gists_url":"https://api.github.com/users/leonardosovienski/gists{/gist_id}","starred_url":"https://api.github.com/users/leonardosovienski/starred{/owner}{/repo}","subscriptions_url":"https://api.github.com/users/leonardosovienski/subscriptions","organizations_url":"https://api.github.com/users/leonardosovienski/orgs","repos_url":"https://api.github.com/users/leonardosovienski/repos","events_url":"https://api.github.com/users/leonardosovienski/events{/privacy}","received_events_url":"https://api.github.com/users/leonardosovienski/received_events","type":"User","user_view_type":"public","site_admin":false},"html_url":"https://github.com/leonardosovienski/predictor-ops","description":null,"fork":false,"url":"https://api.github.com/repos/leonardosovienski/predictor-ops","forks_url":"https://api.github.com/repos/leonardosovienski/predictor-ops/forks","keys_url":"https://api.github.com/repos/leonardosovienski/predictor-ops/keys{/key_id}","collaborators_url":"https://api.github.com/repos/leonardosovienski/predictor-ops/collaborators{/collaborator}","teams_url":"https://api.github.com/repos/leonardosovienski/predictor-ops/teams","hooks_url":"https://api.github.com/repos/leonardosovienski/predictor-ops/hooks","issue_events_url":"https://api.github.com/repos/leonardosovienski/predictor-ops/issues/events{/number}","events_url":"https://api.github.com/repos/leonardosovienski/predictor-ops/events","assignees_url":"https://api.github.com/repos/leonardosovienski/predictor-ops/assignees{/user}","branches_url":"https://api.github.com/repos/leonardosovienski/predictor-ops/branches{/branch}","tags_url":"https://api.github.com/repos/leonardosovienski/predictor-ops/tags","blobs_url":"https://api.github.com/repos/leonardosovienski/predictor-ops/git/blobs{/sha}","git_tags_url":"https://api.github.com/repos/leonardosovienski/predictor-ops/git/tags{/sha}","git_refs_url":"https://api.github.com/repos/leonardosovienski/predictor-ops/git/refs{/sha}","trees_url":"https://api.github.com/repos/leonardosovienski/predictor-ops/git/trees{/sha}","statuses_url":"https://api.github.com/repos/leonardosovienski/predictor-ops/statuses/{sha}","languages_url":"https://api.github.com/repos/leonardosovienski/predictor-ops/languages","stargazers_url":"https://api.github.com/repos/leonardosovienski/predictor-ops/stargazers","contributors_url":"https://api.github.com/repos/leonardosovienski/predictor-ops/contributors","subscribers_url":"https://api.github.com/repos/leonardosovienski/predictor-ops/subscribers","subscription_url":"https://api.github.com/repos/leonardosovienski/predictor-ops/subscription","commits_url":"https://api.github.com/repos/leonardosovienski/predictor-ops/commits{/sha}","git_commits_url":"https://api.github.com/repos/leonardosovienski/predictor-ops/git/commits{/sha}","comments_url":"https://api.github.com/repos/leonardosovienski/predictor-ops/comments{/number}","issue_comment_url":"https://api.github.com/repos/leonardosovienski/predictor-ops/issues/comments{/number}","contents_url":"https://api.github.com/repos/leonardosovienski/predictor-ops/contents/{+path}","compare_url":"https://api.github.com/repos/leonardosovienski/predictor-ops/compare/{base}...{head}","merges_url":"https://api.github.com/repos/leonardosovienski/predictor-ops/merges","archive_url":"https://api.github.com/repos/leonardosovienski/predictor-ops/{archive_format}{/ref}","downloads_url":"https://api.github.com/repos/leonardosovienski/predictor-ops/downloads","issues_url":"https://api.github.com/repos/leonardosovienski/predictor-ops/issues{/number}","pulls_url":"https://api.github.com/repos/leonardosovienski/predictor-ops/pulls{/number}","milestones_url":"https://api.github.com/repos/leonardosovienski/predictor-ops/milestones{/number}","notifications_url":"https://api.github.com/repos/leonardosovienski/predictor-ops/notifications{?since,all,participating}","labels_url":"https://api.github.com/repos/leonardosovienski/predictor-ops/labels{/name}","releases_url":"https://api.github.com/repos/leonardosovienski/predictor-ops/releases{/id}","deployments_url":"https://api.github.com/repos/leonardosovienski/predictor-ops/deployments"}},{"id":35905386887,"name":"CI","node_id":"WFR_kwLOTdWj1c8AAAAIXCC5hw","head_branch":"fix/shared-005-mutation-guard","head_sha":"9831b0d5e727972b1d85ff48be14ffa58677898b","path":".github/workflows/ci.yml","display_title":"fix(runtime): lock guard não derruba o processo perdedor no Windows (…","run_number":116,"event":"push","status":"completed","conclusion":"success","workflow_id":325394510,"check_suite_id":97227375728,"check_suite_node_id":"CS_kwDOTdWj1c8AAAAWozQEcA","url":"https://api.github.com/repos/leonardosovienski/predictor-ops/actions/runs/35905386887","html_url":"https://github.com/leonardosovienski/predictor-ops/actions/runs/35905386887","pull_requests":[{"url":"https://api.github.com/repos/leonardosovienski/predictor-ops/pulls/26","id":4617394380,"number":26,"head":{"ref":"fix/shared-005-mutation-guard","sha":"9831b0d5e727972b1d85ff48be14ffa58677898b","repo":{"id":1305846741,"url":"https://api.github.com/repos/leonardosovienski/predictor-ops","name":"predictor-ops"}},"base":{"ref":"main","sha":"7bd99ebaea09c74a2ac4243d8991a81c44625a6c","repo":{"id":1305846741,"url":"https://api.github.com/repos/leonardosovienski/predictor-ops","name":"predictor-ops"}}}],"created_at":"2026-09-23T18:51:44Z","updated_at":"2026-09-23T18:53:04Z","actor":{"login":"leonardosovienski","id":86319239,"node_id":"MDQ6VXNlcjg2MzE5MjM5","avatar_url":"https://avatars.githubusercontent.com/u/86319239?v=4","gravatar_id":"","url":"https://api.github.com/users/leonardosovienski","html_url":"https://github.com/leonardosovienski","followers_url":"https://api.github.com/users/leonardosovienski/followers","following_url":"https://api.github.com/users/leonardosovienski/following{/other_user}","gists_url":"https://api.github.com/users/leonardosovienski/gists{/gist_id}","starred_url":"https://api.github.com/users/leonardosovienski/starred{/owner}{/repo}","subscriptions_url":"https://api.github.com/users/leonardosovienski/subscriptions","organizations_url":"https://api.github.com/users/leonardosovienski/orgs","repos_url":"https://api.github.com/users/leonardosovienski/repos","events_url":"https://api.github.com/users/leonardosovienski/events{/privacy}","received_events_url":"https://api.github.com/users/leonardosovienski/received_events","type":"User","user_view_type":"public","site_admin":false},"run_attempt":1,"referenced_workflows":[],"run_started_at":"2026-09-23T18:51:44Z","triggering_actor":{"login":"leonardosovienski","id":86319239,"node_id":"MDQ6VXNlcjg2MzE5MjM5","avatar_url":"https://avatars.githubusercontent.com/u/86319239?v=4","gravatar_id":"","url":"https://api.github.com/users/leonardosovienski","html_url":"https://github.com/leonardosovienski","followers_url":"https://api.github.com/users/leonardosovienski/followers","following_url":"https://api.github.com/users/leonardosovienski/following{/other_user}","gists_url":"https://api.github.com/users/leonardosovienski/gists{/gist_id}","starred_url":"https://api.github.com/users/leonardosovienski/starred{/owner}{/repo}","subscriptions_url":"https://api.github.com/users/leonardosovienski/subscriptions","organizations_url":"https://api.github.com/users/leonardosovienski/orgs","repos_url":"https://api.github.com/users/leonardosovienski/repos","events_url":"https://api.github.com/users/leonardosovienski/events{/privacy}","received_events_url":"https://api.github.com/users/leonardosovienski/received_events","type":"User","user_view_type":"public","site_admin":false},"jobs_url":"https://api.github.com/repos/leonardosovienski/predictor-ops/actions/runs/35905386887/jobs","logs_url":"https://api.github.com/repos/leonardosovienski/predictor-ops/actions/runs/35905386887/logs","check_suite_url":"https://api.github.com/repos/leonardosovienski/predictor-ops/check-suites/97227375728","artifacts_url":"https://api.github.com/repos/leonardosovienski/predictor-ops/actions/runs/35905386887/artifacts","cancel_url":"https://api.github.com/repos/leonardosovienski/predictor-ops/actions/runs/35905386887/cancel","rerun_url":"https://api.github.com/repos/leonardosovienski/predictor-ops/actions/runs/35905386887/rerun","previous_attempt_url":null,"workflow_url":"https://api.github.com/repos/leonardosovienski/predictor-ops/actions/workflows/325394510","head_commit":{"id":"9831b0d5e727972b1d85ff48be14ffa58677898b","tree_id":"29387d58403799556b93180773dbca506330fed8","message":"fix(runtime): lock guard não derruba o processo perdedor no Windows (SHARED-005)\n\nDois processos disputando o lock de um job novo: o primeiro inicializa\n.mutation.guard e trava o byte 0; o segundo escrevia o byte inicial com\nescrita bufferizada sobre o byte travado. No Windows o lock é obrigatório, e o\nPermissionError escapava de LocalBackend.acquire e de run_job. Agora a guarda é\ninicializada por um descritor sem buffer, e a escrita recusada espera no laço\nde lock.\n\n- teste determinístico: test_empty_guard_locked_by_another_process_waits_instead_of_crashing\n  (falha antes da correção, passa depois; corrida real 50/50 no Windows)\n- versão 4.2.2rc1; o contrato de versão do CHANGELOG aceita pré-releases PEP 440\n\nAutorizado pelo dono (missão crypto, SHARED-005).\n\nCo-Authored-By: Claude Opus 5.5 (1M context) <noreply@anthropic.com>","timestamp":"2026-09-23T18:51:36Z","author":{"name":"Leonardo Sovienski","email":"leonardo.sovienski@gmail.com"},"committer":{"name":"Leonardo Sovienski","email":"leonardo.sovienski@gmail.com"}},"repository":{"id":1305846741,"node_id":"R_kgDOTdWj1Q","name":"predictor-ops","full_name":"leonardosovienski/predictor-ops","private":false,"owner":{"login":"leonardosovienski","id":86319239,"node_id":"MDQ6VXNlcjg2MzE5MjM5","avatar_url":"https://avatars.githubusercontent.com/u/86319239?v=4","gravatar_id":"","url":"https://api.github.com/users/leonardosovienski","html_url":"https://github.com/leonardosovienski","followers_url":"https://api.github.com/users/leonardosovienski/followers","following_url":"https://api.github.com/users/leonardosovienski/following{/other_user}","gists_url":"https://api.github.com/users/leonardosovienski/gists{/gist_id}","starred_url":"https://api.github.com/users/leonardosovienski/starred{/owner}{/repo}","subscriptions_url":"https://api.github.com/users/leonardosovienski/subscriptions","organizations_url":"https://api.github.com/users/leonardosovienski/orgs","repos_url":"https://api.github.com/users/leonardosovienski/repos","events_url":"https://api.github.com/users/leonardosovienski/events{/privacy}","received_events_url":"https://api.github.com/users/leonardosovienski/received_events","type":"User","user_view_type":"public","site_admin":false},"html_url":"https://github.com/leonardosovienski/predictor-ops","description":null,"fork":false,"url":"https://api.github.com/repos/leonardosovienski/predictor-ops","forks_url":"https://api.github.com/repos/leonardosovienski/predictor-ops/forks","keys_url":"https://api.github.com/repos/leonardosovienski/predictor-ops/keys{/key_id}","collaborators_url":"https://api.github.com/repos/leonardosovienski/predictor-ops/collaborators{/collaborator}","teams_url":"https://api.github.com/repos/leonardosovienski/predictor-ops/teams","hooks_url":"https://api.github.com/repos/leonardosovienski/predictor-ops/hooks","issue_events_url":"https://api.github.com/repos/leonardosovienski/predictor-ops/issues/events{/number}","events_url":"https://api.github.com/repos/leonardosovienski/predictor-ops/events","assignees_url":"https://api.github.com/repos/leonardosovienski/predictor-ops/assignees{/user}","branches_url":"https://api.github.com/repos/leonardosovienski/predictor-ops/branches{/branch}","tags_url":"https://api.github.com/repos/leonardosovienski/predictor-ops/tags","blobs_url":"https://api.github.com/repos/leonardosovienski/predictor-ops/git/blobs{/sha}","git_tags_url":"https://api.github.com/repos/leonardosovienski/predictor-ops/git/tags{/sha}","git_refs_url":"https://api.github.com/repos/leonardosovienski/predictor-ops/git/refs{/sha}","trees_url":"https://api.github.com/repos/leonardosovienski/predictor-ops/git/trees{/sha}","statuses_url":"https://api.github.com/repos/leonardosovienski/predictor-ops/statuses/{sha}","languages_url":"https://api.github.com/repos/leonardosovienski/predictor-ops/languages","stargazers_url":"https://api.github.com/repos/leonardosovienski/predictor-ops/stargazers","contributors_url":"https://api.github.com/repos/leonardosovienski/predictor-ops/contributors","subscribers_url":"https://api.github.com/repos/leonardosovienski/predictor-ops/subscribers","subscription_url":"https://api.github.com/repos/leonardosovienski/predictor-ops/subscription","commits_url":"https://api.github.com/repos/leonardosovienski/predictor-ops/commits{/sha}","git_commits_url":"https://api.github.com/repos/leonardosovienski/predictor-ops/git/commits{/sha}","comments_url":"https://api.github.com/repos/leonardosovienski/predictor-ops/comments{/number}","issue_comment_url":"https://api.github.com/repos/leonardosovienski/predictor-ops/issues/comments{/number}","contents_url":"https://api.github.com/repos/leonardosovienski/predictor-ops/contents/{+path}","compare_url":"https://api.github.com/repos/leonardosovienski/predictor-ops/compare/{base}...{head}","merges_url":"https://api.github.com/repos/leonardosovienski/predictor-ops/merges","archive_url":"https://api.github.com/repos/leonardosovienski/predictor-ops/{archive_format}{/ref}","downloads_url":"https://api.github.com/repos/leonardosovienski/predictor-ops/downloads","issues_url":"https://api.github.com/repos/leonardosovienski/predictor-ops/issues{/number}","pulls_url":"https://api.github.com/repos/leonardosovienski/predictor-ops/pulls{/number}","milestones_url":"https://api.github.com/repos/leonardosovienski/predictor-ops/milestones{/number}","notifications_url":"https://api.github.com/repos/leonardosovienski/predictor-ops/notifications{?since,all,participating}","labels_url":"https://api.github.com/repos/leonardosovienski/predictor-ops/labels{/name}","releases_url":"https://api.github.com/repos/leonardosovienski/predictor-ops/releases{/id}","deployments_url":"https://api.github.com/repos/leonardosovienski/predictor-ops/deployments"},"head_repository":{"id":1305846741,"node_id":"R_kgDOTdWj1Q","name":"predictor-ops","full_name":"leonardosovienski/predictor-ops","private":false,"owner":{"login":"leonardosovienski","id":86319239,"node_id":"MDQ6VXNlcjg2MzE5MjM5","avatar_url":"https://avatars.githubusercontent.com/u/86319239?v=4","gravatar_id":"","url":"https://api.github.com/users/leonardosovienski","html_url":"https://github.com/leonardosovienski","followers_url":"https://api.github.com/users/leonardosovienski/followers","following_url":"https://api.github.com/users/leonardosovienski/following{/other_user}","gists_url":"https://api.github.com/users/leonardosovienski/gists{/gist_id}","starred_url":"https://api.github.com/users/leonardosovienski/starred{/owner}{/repo}","subscriptions_url":"https://api.github.com/users/leonardosovienski/subscriptions","organizations_url":"https://api.github.com/users/leonardosovienski/orgs","repos_url":"https://api.github.com/users/leonardosovienski/repos","events_url":"https://api.github.com/users/leonardosovienski/events{/privacy}","received_events_url":"https://api.github.com/users/leonardosovienski/received_events","type":"User","user_view_type":"public","site_admin":false},"html_url":"https://github.com/leonardosovienski/predictor-ops","description":null,"fork":false,"url":"https://api.github.com/repos/leonardosovienski/predictor-ops","forks_url":"https://api.github.com/repos/leonardosovienski/predictor-ops/forks","keys_url":"https://api.github.com/repos/leonardosovienski/predictor-ops/keys{/key_id}","collaborators_url":"https://api.github.com/repos/leonardosovienski/predictor-ops/collaborators{/collaborator}","teams_url":"https://api.github.com/repos/leonardosovienski/predictor-ops/teams","hooks_url":"https://api.github.com/repos/leonardosovienski/predictor-ops/hooks","issue_events_url":"https://api.github.com/repos/leonardosovienski/predictor-ops/issues/events{/number}","events_url":"https://api.github.com/repos/leonardosovienski/predictor-ops/events","assignees_url":"https://api.github.com/repos/leonardosovienski/predictor-ops/assignees{/user}","branches_url":"https://api.github.com/repos/leonardosovienski/predictor-ops/branches{/branch}","tags_url":"https://api.github.com/repos/leonardosovienski/predictor-ops/tags","blobs_url":"https://api.github.com/repos/leonardosovienski/predictor-ops/git/blobs{/sha}","git_tags_url":"https://api.github.com/repos/leonardosovienski/predictor-ops/git/tags{/sha}","git_refs_url":"https://api.github.com/repos/leonardosovienski/predictor-ops/git/refs{/sha}","trees_url":"https://api.github.com/repos/leonardosovienski/predictor-ops/git/trees{/sha}","statuses_url":"https://api.github.com/repos/leonardosovienski/predictor-ops/statuses/{sha}","languages_url":"https://api.github.com/repos/leonardosovienski/predictor-ops/languages","stargazers_url":"https://api.github.com/repos/leonardosovienski/predictor-ops/stargazers","contributors_url":"https://api.github.com/repos/leonardosovienski/predictor-ops/contributors","subscribers_url":"https://api.github.com/repos/leonardosovienski/predictor-ops/subscribers","subscription_url":"https://api.github.com/repos/leonardosovienski/predictor-ops/subscription","commits_url":"https://api.github.com/repos/leonardosovienski/predictor-ops/commits{/sha}","git_commits_url":"https://api.github.com/repos/leonardosovienski/predictor-ops/git/commits{/sha}","comments_url":"https://api.github.com/repos/leonardosovienski/predictor-ops/comments{/number}","issue_comment_url":"https://api.github.com/repos/leonardosovienski/predictor-ops/issues/comments{/number}","contents_url":"https://api.github.com/repos/leonardosovienski/predictor-ops/contents/{+path}","compare_url":"https://api.github.com/repos/leonardosovienski/predictor-ops/compare/{base}...{head}","merges_url":"https://api.github.com/repos/leonardosovienski/predictor-ops/merges","archive_url":"https://api.github.com/repos/leonardosovienski/predictor-ops/{archive_format}{/ref}","downloads_url":"https://api.github.com/repos/leonardosovienski/predictor-ops/downloads","issues_url":"https://api.github.com/repos/leonardosovienski/predictor-ops/issues{/number}","pulls_url":"https://api.github.com/repos/leonardosovienski/predictor-ops/pulls{/number}","milestones_url":"https://api.github.com/repos/leonardosovienski/predictor-ops/milestones{/number}","notifications_url":"https://api.github.com/repos/leonardosovienski/predictor-ops/notifications{?since,all,participating}","labels_url":"https://api.github.com/repos/leonardosovienski/predictor-ops/labels{/name}","releases_url":"https://api.github.com/repos/leonardosovienski/predictor-ops/releases{/id}","deployments_url":"https://api.github.com/repos/leonardosovienski/predictor-ops/deployments"}}]}
$ (cwd=None) gh api repos/leonardosovienski/predictor-ops/releases?per_page=100
[exit 0]
[{"url":"https://api.github.com/repos/leonardosovienski/predictor-ops/releases/394963487","assets_url":"https://api.github.com/repos/leonardosovienski/predictor-ops/releases/394963487/assets","upload_url":"https://uploads.github.com/repos/leonardosovienski/predictor-ops/releases/394963487/assets{?name,label}","html_url":"https://github.com/leonardosovienski/predictor-ops/releases/tag/v4.2.2rc1","id":394963487,"author":{"login":"leonardosovienski","id":86319239,"node_id":"MDQ6VXNlcjg2MzE5MjM5","avatar_url":"https://avatars.githubusercontent.com/u/86319239?v=4","gravatar_id":"","url":"https://api.github.com/users/leonardosovienski","html_url":"https://github.com/leonardosovienski","followers_url":"https://api.github.com/users/leonardosovienski/followers","following_url":"https://api.github.com/users/leonardosovienski/following{/other_user}","gists_url":"https://api.github.com/users/leonardosovienski/gists{/gist_id}","starred_url":"https://api.github.com/users/leonardosovienski/starred{/owner}{/repo}","subscriptions_url":"https://api.github.com/users/leonardosovienski/subscriptions","organizations_url":"https://api.github.com/users/leonardosovienski/orgs","repos_url":"https://api.github.com/users/leonardosovienski/repos","events_url":"https://api.github.com/users/leonardosovienski/events{/privacy}","received_events_url":"https://api.github.com/users/leonardosovienski/received_events","type":"User","user_view_type":"public","site_admin":false},"node_id":"RE_kwDOTdWj1c4Xiqof","tag_name":"v4.2.2rc1","target_commitish":"9831b0d5e727972b1d85ff48be14ffa58677898b","name":"predictor-ops 4.2.2rc1 (SHARED-005)","draft":false,"immutable":false,"prerelease":true,"created_at":"2026-09-23T18:51:36Z","updated_at":"2026-09-23T18:55:08Z","published_at":"2026-09-23T18:54:13Z","assets":[{"url":"https://api.github.com/repos/leonardosovienski/predictor-ops/releases/assets/584402824","id":584402824,"node_id":"RA_kwDOTdWj1c4i1UeI","name":"predictor_ops-4.2.2rc1-py3-none-any.whl","label":"","uploader":{"login":"github-actions[bot]","id":41898282,"node_id":"MDM6Qm90NDE4OTgyODI=","avatar_url":"https://avatars.githubusercontent.com/in/15368?v=4","gravatar_id":"","url":"https://api.github.com/users/github-actions%5Bbot%5D","html_url":"https://github.com/apps/github-actions","followers_url":"https://api.github.com/users/github-actions%5Bbot%5D/followers","following_url":"https://api.github.com/users/github-actions%5Bbot%5D/following{/other_user}","gists_url":"https://api.github.com/users/github-actions%5Bbot%5D/gists{/gist_id}","starred_url":"https://api.github.com/users/github-actions%5Bbot%5D/starred{/owner}{/repo}","subscriptions_url":"https://api.github.com/users/github-actions%5Bbot%5D/subscriptions","organizations_url":"https://api.github.com/users/github-actions%5Bbot%5D/orgs","repos_url":"https://api.github.com/users/github-actions%5Bbot%5D/repos","events_url":"https://api.github.com/users/github-actions%5Bbot%5D/events{/privacy}","received_events_url":"https://api.github.com/users/github-actions%5Bbot%5D/received_events","type":"Bot","user_view_type":"public","site_admin":false},"content_type":"application/octet-stream","state":"uploaded","size":26409,"digest":"sha256:0be70bfbb2437dfb080baceb9af41043a09d03b15a358903b8bd7007f5f169b3","download_count":22,"created_at":"2026-09-23T18:55:08Z","updated_at":"2026-09-23T18:55:08Z","browser_download_url":"https://github.com/leonardosovienski/predictor-ops/releases/download/v4.2.2rc1/predictor_ops-4.2.2rc1-py3-none-any.whl"},{"url":"https://api.github.com/repos/leonardosovienski/predictor-ops/releases/assets/584402826","id":584402826,"node_id":"RA_kwDOTdWj1c4i1UeK","name":"predictor_ops-4.2.2rc1.tar.gz","label":"","uploader":{"login":"github-actions[bot]","id":41898282,"node_id":"MDM6Qm90NDE4OTgyODI=","avatar_url":"https://avatars.githubusercontent.com/in/15368?v=4","gravatar_id":"","url":"https://api.github.com/users/github-actions%5Bbot%5D","html_url":"https://github.com/apps/github-actions","followers_url":"https://api.github.com/users/github-actions%5Bbot%5D/followers","following_url":"https://api.github.com/users/github-actions%5Bbot%5D/following{/other_user}","gists_url":"https://api.github.com/users/github-actions%5Bbot%5D/gists{/gist_id}","starred_url":"https://api.github.com/users/github-actions%5Bbot%5D/starred{/owner}{/repo}","subscriptions_url":"https://api.github.com/users/github-actions%5Bbot%5D/subscriptions","organizations_url":"https://api.github.com/users/github-actions%5Bbot%5D/orgs","repos_url":"https://api.github.com/users/github-actions%5Bbot%5D/repos","events_url":"https://api.github.com/users/github-actions%5Bbot%5D/events{/privacy}","received_events_url":"https://api.github.com/users/github-actions%5Bbot%5D/received_events","type":"Bot","user_view_type":"public","site_admin":false},"content_type":"application/x-gtar","state":"uploaded","size":140078,"digest":"sha256:4826eea2b7b4f6e88753f3099736c05a3cc515cf4065919a16910cd32c9bde67","download_count":0,"created_at":"2026-09-23T18:55:08Z","updated_at":"2026-09-23T18:55:08Z","browser_download_url":"https://github.com/leonardosovienski/predictor-ops/releases/download/v4.2.2rc1/predictor_ops-4.2.2rc1.tar.gz"}],"tarball_url":"https://api.github.com/repos/leonardosovienski/predictor-ops/tarball/v4.2.2rc1","zipball_url":"https://api.github.com/repos/leonardosovienski/predictor-ops/zipball/v4.2.2rc1","body":"Pré-release de qualificação (missão crypto, D-17). Corrige a SHARED-005: no Windows, o lock local não derruba mais o processo que perde a disputa por um job novo.\n\n- commit: 9831b0d5e727972b1d85ff48be14ffa58677898b (PR #26)\n- build reprodutível: git archive + SOURCE_DATE_EPOCH=1758240000, 2 builds idênticos\n- predictor_ops-4.2.2rc1-py3-none-any.whl sha256 82d4a33933841e2217d09a2af452f6c195bba204af6b5fa1182cecea421ec233\n- predictor_ops-4.2.2rc1.tar.gz sha256 729ec7feb66d01202d0d94ef43de31870bd508b535b3f0b32d837f4ea39dceb6"},{"url":"https://api.github.com/repos/leonardosovienski/predictor-ops/releases/387770942","assets_url":"https://api.github.com/repos/leonardosovienski/predictor-ops/releases/387770942/assets","upload_url":"https://uploads.github.com/repos/leonardosovienski/predictor-ops/releases/387770942/assets{?name,label}","html_url":"https://github.com/leonardosovienski/predictor-ops/releases/tag/v4.2.1","id":387770942,"author":{"login":"github-actions[bot]","id":41898282,"node_id":"MDM6Qm90NDE4OTgyODI=","avatar_url":"https://avatars.githubusercontent.com/in/15368?v=4","gravatar_id":"","url":"https://api.github.com/users/github-actions%5Bbot%5D","html_url":"https://github.com/apps/github-actions","followers_url":"https://api.github.com/users/github-actions%5Bbot%5D/followers","following_url":"https://api.github.com/users/github-actions%5Bbot%5D/following{/other_user}","gists_url":"https://api.github.com/users/github-actions%5Bbot%5D/gists{/gist_id}","starred_url":"https://api.github.com/users/github-actions%5Bbot%5D/starred{/owner}{/repo}","subscriptions_url":"https://api.github.com/users/github-actions%5Bbot%5D/subscriptions","organizations_url":"https://api.github.com/users/github-actions%5Bbot%5D/orgs","repos_url":"https://api.github.com/users/github-actions%5Bbot%5D/repos","events_url":"https://api.github.com/users/github-actions%5Bbot%5D/events{/privacy}","received_events_url":"https://api.github.com/users/github-actions%5Bbot%5D/received_events","type":"Bot","user_view_type":"public","site_admin":false},"node_id":"RE_kwDOTdWj1c4XHOo-","tag_name":"v4.2.1","target_commitish":"main","name":"v4.2.1","draft":false,"immutable":false,"prerelease":false,"created_at":"2026-09-13T02:34:02Z","updated_at":"2026-09-13T02:34:52Z","published_at":"2026-09-13T02:34:52Z","assets":[{"url":"https://api.github.com/repos/leonardosovienski/predictor-ops/releases/assets/560404827","id":560404827,"node_id":"RA_kwDOTdWj1c4hZxlb","name":"predictor_ops-4.2.1-py3-none-any.whl","label":"","uploader":{"login":"github-actions[bot]","id":41898282,"node_id":"MDM6Qm90NDE4OTgyODI=","avatar_url":"https://avatars.githubusercontent.com/in/15368?v=4","gravatar_id":"","url":"https://api.github.com/users/github-actions%5Bbot%5D","html_url":"https://github.com/apps/github-actions","followers_url":"https://api.github.com/users/github-actions%5Bbot%5D/followers","following_url":"https://api.github.com/users/github-actions%5Bbot%5D/following{/other_user}","gists_url":"https://api.github.com/users/github-actions%5Bbot%5D/gists{/gist_id}","starred_url":"https://api.github.com/users/github-actions%5Bbot%5D/starred{/owner}{/repo}","subscriptions_url":"https://api.github.com/users/github-actions%5Bbot%5D/subscriptions","organizations_url":"https://api.github.com/users/github-actions%5Bbot%5D/orgs","repos_url":"https://api.github.com/users/github-actions%5Bbot%5D/repos","events_url":"https://api.github.com/users/github-actions%5Bbot%5D/events{/privacy}","received_events_url":"https://api.github.com/users/github-actions%5Bbot%5D/received_events","type":"Bot","user_view_type":"public","site_admin":false},"content_type":"application/octet-stream","state":"uploaded","size":26093,"digest":"sha256:da4fa540703879669caba919521ec7d3c33734b5d57781122823df8817346f0e","download_count":669,"created_at":"2026-09-13T02:34:51Z","updated_at":"2026-09-13T02:34:51Z","browser_download_url":"https://github.com/leonardosovienski/predictor-ops/releases/download/v4.2.1/predictor_ops-4.2.1-py3-none-any.whl"},{"url":"https://api.github.com/repos/leonardosovienski/predictor-ops/releases/assets/560404828","id":560404828,"node_id":"RA_kwDOTdWj1c4hZxlc","name":"predictor_ops-4.2.1.tar.gz","label":"","uploader":{"login":"github-actions[bot]","id":41898282,"node_id":"MDM6Qm90NDE4OTgyODI=","avatar_url":"https://avatars.githubusercontent.com/in/15368?v=4","gravatar_id":"","url":"https://api.github.com/users/github-actions%5Bbot%5D","html_url":"https://github.com/apps/github-actions","followers_url":"https://api.github.com/users/github-actions%5Bbot%5D/followers","following_url":"https://api.github.com/users/github-actions%5Bbot%5D/following{/other_user}","gists_url":"https://api.github.com/users/github-actions%5Bbot%5D/gists{/gist_id}","starred_url":"https://api.github.com/users/github-actions%5Bbot%5D/starred{/owner}{/repo}","subscriptions_url":"https://api.github.com/users/github-actions%5Bbot%5D/subscriptions","organizations_url":"https://api.github.com/users/github-actions%5Bbot%5D/orgs","repos_url":"https://api.github.com/users/github-actions%5Bbot%5D/repos","events_url":"https://api.github.com/users/github-actions%5Bbot%5D/events{/privacy}","received_events_url":"https://api.github.com/users/github-actions%5Bbot%5D/received_events","type":"Bot","user_view_type":"public","site_admin":false},"content_type":"application/x-gtar","state":"uploaded","size":126358,"digest":"sha256:a9e5652c1b3177403f8302567c1e11dfe9db76220d70a027b11789c30fe254a5","download_count":1,"created_at":"2026-09-13T02:34:51Z","updated_at":"2026-09-13T02:34:51Z","browser_download_url":"https://github.com/leonardosovienski/predictor-ops/releases/download/v4.2.1/predictor_ops-4.2.1.tar.gz"}],"tarball_url":"https://api.github.com/repos/leonardosovienski/predictor-ops/tarball/v4.2.1","zipball_url":"https://api.github.com/repos/leonardosovienski/predictor-ops/zipball/v4.2.1","body":"## What's Changed\n* Stabilize locks, bounded capture and owned process cleanup by @leonardosovienski in https://github.com/leonardosovienski/predictor-ops/pull/23\n\n\n**Full Changelog**: https://github.com/leonardosovienski/predictor-ops/compare/v4.2.0...v4.2.1","mentions_count":1},{"url":"https://api.github.com/repos/leonardosovienski/predictor-ops/releases/387219029","assets_url":"https://api.github.com/repos/leonardosovienski/predictor-ops/releases/387219029/assets","upload_url":"https://uploads.github.com/repos/leonardosovienski/predictor-ops/releases/387219029/assets{?name,label}","html_url":"https://github.com/leonardosovienski/predictor-ops/releases/tag/v4.2.0","id":387219029,"author":{"login":"github-actions[bot]","id":41898282,"node_id":"MDM6Qm90NDE4OTgyODI=","avatar_url":"https://avatars.githubusercontent.com/in/15368?v=4","gravatar_id":"","url":"https://api.github.com/users/github-actions%5Bbot%5D","html_url":"https://github.com/apps/github-actions","followers_url":"https://api.github.com/users/github-actions%5Bbot%5D/followers","following_url":"https://api.github.com/users/github-actions%5Bbot%5D/following{/other_user}","gists_url":"https://api.github.com/users/github-actions%5Bbot%5D/gists{/gist_id}","starred_url":"https://api.github.com/users/github-actions%5Bbot%5D/starred{/owner}{/repo}","subscriptions_url":"https://api.github.com/users/github-actions%5Bbot%5D/subscriptions","organizations_url":"https://api.github.com/users/github-actions%5Bbot%5D/orgs","repos_url":"https://api.github.com/users/github-actions%5Bbot%5D/repos","events_url":"https://api.github.com/users/github-actions%5Bbot%5D/events{/privacy}","received_events_url":"https://api.github.com/users/github-actions%5Bbot%5D/received_events","type":"Bot","user_view_type":"public","site_admin":false},"node_id":"RE_kwDOTdWj1c4XFH5V","tag_name":"v4.2.0","target_commitish":"main","name":"v4.2.0","draft":false,"immutable":false,"prerelease":false,"created_at":"2026-09-11T17:18:36Z","updated_at":"2026-09-11T17:26:12Z","published_at":"2026-09-11T17:26:12Z","assets":[{"url":"https://api.github.com/repos/leonardosovienski/predictor-ops/releases/assets/557685428","id":557685428,"node_id":"RA_kwDOTdWj1c4hPZq0","name":"predictor_ops-4.2.0-py3-none-any.whl","label":"","uploader":{"login":"github-actions[bot]","id":41898282,"node_id":"MDM6Qm90NDE4OTgyODI=","avatar_url":"https://avatars.githubusercontent.com/in/15368?v=4","gravatar_id":"","url":"https://api.github.com/users/github-actions%5Bbot%5D","html_url":"https://github.com/apps/github-actions","followers_url":"https://api.github.com/users/github-actions%5Bbot%5D/followers","following_url":"https://api.github.com/users/github-actions%5Bbot%5D/following{/other_user}","gists_url":"https://api.github.com/users/github-actions%5Bbot%5D/gists{/gist_id}","starred_url":"https://api.github.com/users/github-actions%5Bbot%5D/starred{/owner}{/repo}","subscriptions_url":"https://api.github.com/users/github-actions%5Bbot%5D/subscriptions","organizations_url":"https://api.github.com/users/github-actions%5Bbot%5D/orgs","repos_url":"https://api.github.com/users/github-actions%5Bbot%5D/repos","events_url":"https://api.github.com/users/github-actions%5Bbot%5D/events{/privacy}","received_events_url":"https://api.github.com/users/github-actions%5Bbot%5D/received_events","type":"Bot","user_view_type":"public","site_admin":false},"content_type":"application/octet-stream","state":"uploaded","size":23452,"digest":"sha256:a6108ee1c6fe9c14752766a435109f9b6bcf98102ee178330512efbcac984000","download_count":218,"created_at":"2026-09-11T17:26:11Z","updated_at":"2026-09-11T17:26:11Z","browser_download_url":"https://github.com/leonardosovienski/predictor-ops/releases/download/v4.2.0/predictor_ops-4.2.0-py3-none-any.whl"},{"url":"https://api.github.com/repos/leonardosovienski/predictor-ops/releases/assets/557685429","id":557685429,"node_id":"RA_kwDOTdWj1c4hPZq1","name":"predictor_ops-4.2.0.tar.gz","label":"","uploader":{"login":"github-actions[bot]","id":41898282,"node_id":"MDM6Qm90NDE4OTgyODI=","avatar_url":"https://avatars.githubusercontent.com/in/15368?v=4","gravatar_id":"","url":"https://api.github.com/users/github-actions%5Bbot%5D","html_url":"https://github.com/apps/github-actions","followers_url":"https://api.github.com/users/github-actions%5Bbot%5D/followers","following_url":"https://api.github.com/users/github-actions%5Bbot%5D/following{/other_user}","gists_url":"https://api.github.com/users/github-actions%5Bbot%5D/gists{/gist_id}","starred_url":"https://api.github.com/users/github-actions%5Bbot%5D/starred{/owner}{/repo}","subscriptions_url":"https://api.github.com/users/github-actions%5Bbot%5D/subscriptions","organizations_url":"https://api.github.com/users/github-actions%5Bbot%5D/orgs","repos_url":"https://api.github.com/users/github-actions%5Bbot%5D/repos","events_url":"https://api.github.com/users/github-actions%5Bbot%5D/events{/privacy}","received_events_url":"https://api.github.com/users/github-actions%5Bbot%5D/received_events","type":"Bot","user_view_type":"public","site_admin":false},"content_type":"application/x-gtar","state":"uploaded","size":103715,"digest":"sha256:12a8ef12c9b8d27f2813c19c21644244eb6d1f4549243531d020f4a37400096a","download_count":0,"created_at":"2026-09-11T17:26:11Z","updated_at":"2026-09-11T17:26:11Z","browser_download_url":"https://github.com/leonardosovienski/predictor-ops/releases/download/v4.2.0/predictor_ops-4.2.0.tar.gz"}],"tarball_url":"https://api.github.com/repos/leonardosovienski/predictor-ops/tarball/v4.2.0","zipball_url":"https://api.github.com/repos/leonardosovienski/predictor-ops/zipball/v4.2.0","body":"## What's Changed\n* docs: README e HANDOFF ainda anunciavam 4.0.0; matriz de migração marcada como plano by @leonardosovienski in https://github.com/leonardosovienski/predictor-ops/pull/19\n* docs: o cripto já subiu para 4.1.0 — README desatualizou no mesmo dia by @leonardosovienski in https://github.com/leonardosovienski/predictor-ops/pull/20\n* docker(deps): bump python from `05b2b8b` to `c6ead21` by @dependabot[bot] in https://github.com/leonardosovienski/predictor-ops/pull/21\n* Require measured execution risk and serialize lease ownership by @leonardosovienski in https://github.com/leonardosovienski/predictor-ops/pull/22\n\n\n**Full Changelog**: https://github.com/leonardosovienski/predictor-ops/compare/v4.1.0...v4.2.0","mentions_count":2},{"url":"https://api.github.com/repos/leonardosovienski/predictor-ops/releases/383382848","assets_url":"https://api.github.com/repos/leonardosovienski/predictor-ops/releases/383382848/assets","upload_url":"https://uploads.github.com/repos/leonardosovienski/predictor-ops/releases/383382848/assets{?name,label}","html_url":"https://github.com/leonardosovienski/predictor-ops/releases/tag/v4.1.0","id":383382848,"author":{"login":"leonardosovienski","id":86319239,"node_id":"MDQ6VXNlcjg2MzE5MjM5","avatar_url":"https://avatars.githubusercontent.com/u/86319239?v=4","gravatar_id":"","url":"https://api.github.com/users/leonardosovienski","html_url":"https://github.com/leonardosovienski","followers_url":"https://api.github.com/users/leonardosovienski/followers","following_url":"https://api.github.com/users/leonardosovienski/following{/other_user}","gists_url":"https://api.github.com/users/leonardosovienski/gists{/gist_id}","starred_url":"https://api.github.com/users/leonardosovienski/starred{/owner}{/repo}","subscriptions_url":"https://api.github.com/users/leonardosovienski/subscriptions","organizations_url":"https://api.github.com/users/leonardosovienski/orgs","repos_url":"https://api.github.com/users/leonardosovienski/repos","events_url":"https://api.github.com/users/leonardosovienski/events{/privacy}","received_events_url":"https://api.github.com/users/leonardosovienski/received_events","type":"User","user_view_type":"public","site_admin":false},"node_id":"RE_kwDOTdWj1c4W2fVA","tag_name":"v4.1.0","target_commitish":"main","name":"v4.1.0","draft":false,"immutable":false,"prerelease":false,"created_at":"2026-09-05T00:36:44Z","updated_at":"2026-09-05T21:43:58Z","published_at":"2026-09-05T21:43:10Z","assets":[{"url":"https://api.github.com/repos/leonardosovienski/predictor-ops/releases/assets/546346485","id":546346485,"node_id":"RA_kwDOTdWj1c4gkJX1","name":"predictor_ops-4.1.0-py3-none-any.whl","label":"","uploader":{"login":"github-actions[bot]","id":41898282,"node_id":"MDM6Qm90NDE4OTgyODI=","avatar_url":"https://avatars.githubusercontent.com/in/15368?v=4","gravatar_id":"","url":"https://api.github.com/users/github-actions%5Bbot%5D","html_url":"https://github.com/apps/github-actions","followers_url":"https://api.github.com/users/github-actions%5Bbot%5D/followers","following_url":"https://api.github.com/users/github-actions%5Bbot%5D/following{/other_user}","gists_url":"https://api.github.com/users/github-actions%5Bbot%5D/gists{/gist_id}","starred_url":"https://api.github.com/users/github-actions%5Bbot%5D/starred{/owner}{/repo}","subscriptions_url":"https://api.github.com/users/github-actions%5Bbot%5D/subscriptions","organizations_url":"https://api.github.com/users/github-actions%5Bbot%5D/orgs","repos_url":"https://api.github.com/users/github-actions%5Bbot%5D/repos","events_url":"https://api.github.com/users/github-actions%5Bbot%5D/events{/privacy}","received_events_url":"https://api.github.com/users/github-actions%5Bbot%5D/received_events","type":"Bot","user_view_type":"public","site_admin":false},"content_type":"application/octet-stream","state":"uploaded","size":22391,"digest":"sha256:6d428a4d3d4fbd3f692725bf684024131f0fa65cc11d0e739e9ccb82ba9834e4","download_count":703,"created_at":"2026-09-05T21:43:58Z","updated_at":"2026-09-05T21:43:58Z","browser_download_url":"https://github.com/leonardosovienski/predictor-ops/releases/download/v4.1.0/predictor_ops-4.1.0-py3-none-any.whl"},{"url":"https://api.github.com/repos/leonardosovienski/predictor-ops/releases/assets/546346484","id":546346484,"node_id":"RA_kwDOTdWj1c4gkJX0","name":"predictor_ops-4.1.0.tar.gz","label":"","uploader":{"login":"github-actions[bot]","id":41898282,"node_id":"MDM6Qm90NDE4OTgyODI=","avatar_url":"https://avatars.githubusercontent.com/in/15368?v=4","gravatar_id":"","url":"https://api.github.com/users/github-actions%5Bbot%5D","html_url":"https://github.com/apps/github-actions","followers_url":"https://api.github.com/users/github-actions%5Bbot%5D/followers","following_url":"https://api.github.com/users/github-actions%5Bbot%5D/following{/other_user}","gists_url":"https://api.github.com/users/github-actions%5Bbot%5D/gists{/gist_id}","starred_url":"https://api.github.com/users/github-actions%5Bbot%5D/starred{/owner}{/repo}","subscriptions_url":"https://api.github.com/users/github-actions%5Bbot%5D/subscriptions","organizations_url":"https://api.github.com/users/github-actions%5Bbot%5D/orgs","repos_url":"https://api.github.com/users/github-actions%5Bbot%5D/repos","events_url":"https://api.github.com/users/github-actions%5Bbot%5D/events{/privacy}","received_events_url":"https://api.github.com/users/github-actions%5Bbot%5D/received_events","type":"Bot","user_view_type":"public","site_admin":false},"content_type":"application/x-gtar","state":"uploaded","size":99281,"digest":"sha256:de6a41b4c1eebb238fd53fa30f082084131e216ae9e4a1197bfc532c7cdd9079","download_count":1,"created_at":"2026-09-05T21:43:58Z","updated_at":"2026-09-05T21:43:58Z","browser_download_url":"https://github.com/leonardosovienski/predictor-ops/releases/download/v4.1.0/predictor_ops-4.1.0.tar.gz"}],"tarball_url":"https://api.github.com/repos/leonardosovienski/predictor-ops/tarball/v4.1.0","zipball_url":"https://api.github.com/repos/leonardosovienski/predictor-ops/zipball/v4.1.0","body":""},{"url":"https://api.github.com/repos/leonardosovienski/predictor-ops/releases/380073988","assets_url":"https://api.github.com/repos/leonardosovienski/predictor-ops/releases/380073988/assets","upload_url":"https://uploads.github.com/repos/leonardosovienski/predictor-ops/releases/380073988/assets{?name,label}","html_url":"https://github.com/leonardosovienski/predictor-ops/releases/tag/v4.0.0","id":380073988,"author":{"login":"leonardosovienski","id":86319239,"node_id":"MDQ6VXNlcjg2MzE5MjM5","avatar_url":"https://avatars.githubusercontent.com/u/86319239?v=4","gravatar_id":"","url":"https://api.github.com/users/leonardosovienski","html_url":"https://github.com/leonardosovienski","followers_url":"https://api.github.com/users/leonardosovienski/followers","following_url":"https://api.github.com/users/leonardosovienski/following{/other_user}","gists_url":"https://api.github.com/users/leonardosovienski/gists{/gist_id}","starred_url":"https://api.github.com/users/leonardosovienski/starred{/owner}{/repo}","subscriptions_url":"https://api.github.com/users/leonardosovienski/subscriptions","organizations_url":"https://api.github.com/users/leonardosovienski/orgs","repos_url":"https://api.github.com/users/leonardosovienski/repos","events_url":"https://api.github.com/users/leonardosovienski/events{/privacy}","received_events_url":"https://api.github.com/users/leonardosovienski/received_events","type":"User","user_view_type":"public","site_admin":false},"node_id":"RE_kwDOTdWj1c4Wp3gE","tag_name":"v4.0.0","target_commitish":"main","name":"Predictor Ops 4.0.0","draft":false,"immutable":false,"prerelease":false,"created_at":"2026-08-31T21:50:42Z","updated_at":"2026-08-31T21:54:17Z","published_at":"2026-08-31T21:54:17Z","assets":[{"url":"https://api.github.com/repos/leonardosovienski/predictor-ops/releases/assets/538570611","id":538570611,"node_id":"RA_kwDOTdWj1c4gGe9z","name":"predictor_ops-4.0.0-py3-none-any.whl","label":"","uploader":{"login":"leonardosovienski","id":86319239,"node_id":"MDQ6VXNlcjg2MzE5MjM5","avatar_url":"https://avatars.githubusercontent.com/u/86319239?v=4","gravatar_id":"","url":"https://api.github.com/users/leonardosovienski","html_url":"https://github.com/leonardosovienski","followers_url":"https://api.github.com/users/leonardosovienski/followers","following_url":"https://api.github.com/users/leonardosovienski/following{/other_user}","gists_url":"https://api.github.com/users/leonardosovienski/gists{/gist_id}","starred_url":"https://api.github.com/users/leonardosovienski/starred{/owner}{/repo}","subscriptions_url":"https://api.github.com/users/leonardosovienski/subscriptions","organizations_url":"https://api.github.com/users/leonardosovienski/orgs","repos_url":"https://api.github.com/users/leonardosovienski/repos","events_url":"https://api.github.com/users/leonardosovienski/events{/privacy}","received_events_url":"https://api.github.com/users/leonardosovienski/received_events","type":"User","user_view_type":"public","site_admin":false},"content_type":"application/octet-stream","state":"uploaded","size":22053,"digest":"sha256:a79b895492181c88c428ee8984a38d5f3da0d0105f060f89a061376d5cfe2b2b","download_count":1004,"created_at":"2026-08-31T21:54:14Z","updated_at":"2026-08-31T21:54:14Z","browser_download_url":"https://github.com/leonardosovienski/predictor-ops/releases/download/v4.0.0/predictor_ops-4.0.0-py3-none-any.whl"},{"url":"https://api.github.com/repos/leonardosovienski/predictor-ops/releases/assets/538570610","id":538570610,"node_id":"RA_kwDOTdWj1c4gGe9y","name":"predictor_ops-4.0.0.tar.gz","label":"","uploader":{"login":"leonardosovienski","id":86319239,"node_id":"MDQ6VXNlcjg2MzE5MjM5","avatar_url":"https://avatars.githubusercontent.com/u/86319239?v=4","gravatar_id":"","url":"https://api.github.com/users/leonardosovienski","html_url":"https://github.com/leonardosovienski","followers_url":"https://api.github.com/users/leonardosovienski/followers","following_url":"https://api.github.com/users/leonardosovienski/following{/other_user}","gists_url":"https://api.github.com/users/leonardosovienski/gists{/gist_id}","starred_url":"https://api.github.com/users/leonardosovienski/starred{/owner}{/repo}","subscriptions_url":"https://api.github.com/users/leonardosovienski/subscriptions","organizations_url":"https://api.github.com/users/leonardosovienski/orgs","repos_url":"https://api.github.com/users/leonardosovienski/repos","events_url":"https://api.github.com/users/leonardosovienski/events{/privacy}","received_events_url":"https://api.github.com/users/leonardosovienski/received_events","type":"User","user_view_type":"public","site_admin":false},"content_type":"application/x-gtar","state":"uploaded","size":77250,"digest":"sha256:e43903b15417cbbf2451f585181b3e2f0f185cb73128f0f900c6bdce1f9ad867","download_count":0,"created_at":"2026-08-31T21:54:14Z","updated_at":"2026-08-31T21:54:14Z","browser_download_url":"https://github.com/leonardosovienski/predictor-ops/releases/download/v4.0.0/predictor_ops-4.0.0.tar.gz"}],"tarball_url":"https://api.github.com/repos/leonardosovienski/predictor-ops/tarball/v4.0.0","zipball_url":"https://api.github.com/repos/leonardosovienski/predictor-ops/zipball/v4.0.0","body":"## What's Changed\n* docker(deps): bump python from `a132151` to `05b2b8b` by @dependabot[bot] in https://github.com/leonardosovienski/predictor-ops/pull/14\n* Floor auto-harvested secret length to stop accidental redaction corruption by @leonardosovienski in https://github.com/leonardosovienski/predictor-ops/pull/16\n\n\n**Full Changelog**: https://github.com/leonardosovienski/predictor-ops/compare/v3.1.0...v4.0.0","mentions_count":2},{"url":"https://api.github.com/repos/leonardosovienski/predictor-ops/releases/371754872","assets_url":"https://api.github.com/repos/leonardosovienski/predictor-ops/releases/371754872/assets","upload_url":"https://uploads.github.com/repos/leonardosovienski/predictor-ops/releases/371754872/assets{?name,label}","html_url":"https://github.com/leonardosovienski/predictor-ops/releases/tag/v3.1.0","id":371754872,"author":{"login":"github-actions[bot]","id":41898282,"node_id":"MDM6Qm90NDE4OTgyODI=","avatar_url":"https://avatars.githubusercontent.com/in/15368?v=4","gravatar_id":"","url":"https://api.github.com/users/github-actions%5Bbot%5D","html_url":"https://github.com/apps/github-actions","followers_url":"https://api.github.com/users/github-actions%5Bbot%5D/followers","following_url":"https://api.github.com/users/github-actions%5Bbot%5D/following{/other_user}","gists_url":"https://api.github.com/users/github-actions%5Bbot%5D/gists{/gist_id}","starred_url":"https://api.github.com/users/github-actions%5Bbot%5D/starred{/owner}{/repo}","subscriptions_url":"https://api.github.com/users/github-actions%5Bbot%5D/subscriptions","organizations_url":"https://api.github.com/users/github-actions%5Bbot%5D/orgs","repos_url":"https://api.github.com/users/github-actions%5Bbot%5D/repos","events_url":"https://api.github.com/users/github-actions%5Bbot%5D/events{/privacy}","received_events_url":"https://api.github.com/users/github-actions%5Bbot%5D/received_events","type":"Bot","user_view_type":"public","site_admin":false},"node_id":"RE_kwDOTdWj1c4WKId4","tag_name":"v3.1.0","target_commitish":"main","name":"v3.1.0","draft":false,"immutable":false,"prerelease":false,"created_at":"2026-08-17T12:53:36Z","updated_at":"2026-08-17T12:54:37Z","published_at":"2026-08-17T12:54:37Z","assets":[{"url":"https://api.github.com/repos/leonardosovienski/predictor-ops/releases/assets/518108121","id":518108121,"node_id":"RA_kwDOTdWj1c4e4bPZ","name":"predictor_ops-3.1.0-py3-none-any.whl","label":"","uploader":{"login":"github-actions[bot]","id":41898282,"node_id":"MDM6Qm90NDE4OTgyODI=","avatar_url":"https://avatars.githubusercontent.com/in/15368?v=4","gravatar_id":"","url":"https://api.github.com/users/github-actions%5Bbot%5D","html_url":"https://github.com/apps/github-actions","followers_url":"https://api.github.com/users/github-actions%5Bbot%5D/followers","following_url":"https://api.github.com/users/github-actions%5Bbot%5D/following{/other_user}","gists_url":"https://api.github.com/users/github-actions%5Bbot%5D/gists{/gist_id}","starred_url":"https://api.github.com/users/github-actions%5Bbot%5D/starred{/owner}{/repo}","subscriptions_url":"https://api.github.com/users/github-actions%5Bbot%5D/subscriptions","organizations_url":"https://api.github.com/users/github-actions%5Bbot%5D/orgs","repos_url":"https://api.github.com/users/github-actions%5Bbot%5D/repos","events_url":"https://api.github.com/users/github-actions%5Bbot%5D/events{/privacy}","received_events_url":"https://api.github.com/users/github-actions%5Bbot%5D/received_events","type":"Bot","user_view_type":"public","site_admin":false},"content_type":"application/octet-stream","state":"uploaded","size":26494,"digest":"sha256:490ece696f9173bbaa56c2c53a1ff6e5ffab1a7625fb00ac0a5f896c37081b37","download_count":2423,"created_at":"2026-08-17T12:54:36Z","updated_at":"2026-08-17T12:54:37Z","browser_download_url":"https://github.com/leonardosovienski/predictor-ops/releases/download/v3.1.0/predictor_ops-3.1.0-py3-none-any.whl"},{"url":"https://api.github.com/repos/leonardosovienski/predictor-ops/releases/assets/518108116","id":518108116,"node_id":"RA_kwDOTdWj1c4e4bPU","name":"predictor_ops-3.1.0.tar.gz","label":"","uploader":{"login":"github-actions[bot]","id":41898282,"node_id":"MDM6Qm90NDE4OTgyODI=","avatar_url":"https://avatars.githubusercontent.com/in/15368?v=4","gravatar_id":"","url":"https://api.github.com/users/github-actions%5Bbot%5D","html_url":"https://github.com/apps/github-actions","followers_url":"https://api.github.com/users/github-actions%5Bbot%5D/followers","following_url":"https://api.github.com/users/github-actions%5Bbot%5D/following{/other_user}","gists_url":"https://api.github.com/users/github-actions%5Bbot%5D/gists{/gist_id}","starred_url":"https://api.github.com/users/github-actions%5Bbot%5D/starred{/owner}{/repo}","subscriptions_url":"https://api.github.com/users/github-actions%5Bbot%5D/subscriptions","organizations_url":"https://api.github.com/users/github-actions%5Bbot%5D/orgs","repos_url":"https://api.github.com/users/github-actions%5Bbot%5D/repos","events_url":"https://api.github.com/users/github-actions%5Bbot%5D/events{/privacy}","received_events_url":"https://api.github.com/users/github-actions%5Bbot%5D/received_events","type":"Bot","user_view_type":"public","site_admin":false},"content_type":"application/x-gtar","state":"uploaded","size":113039,"digest":"sha256:8f236b9509c353f308e1a4dbfa7e161862c0847511caaef358ab9f43fa850856","download_count":0,"created_at":"2026-08-17T12:54:36Z","updated_at":"2026-08-17T12:54:36Z","browser_download_url":"https://github.com/leonardosovienski/predictor-ops/releases/download/v3.1.0/predictor_ops-3.1.0.tar.gz"}],"tarball_url":"https://api.github.com/repos/leonardosovienski/predictor-ops/tarball/v3.1.0","zipball_url":"https://api.github.com/repos/leonardosovienski/predictor-ops/zipball/v3.1.0","body":"## What's Changed\n* docker(deps): bump python from 3.13.14-alpine3.24 to 3.14-alpine3.24 in the docker-minor-patch group by @dependabot[bot] in https://github.com/leonardosovienski/predictor-ops/pull/11\n* Expose strict provenance verification CLI by @leonardosovienski in https://github.com/leonardosovienski/predictor-ops/pull/12\n* Remove unused vulnerable runtime tooling by @leonardosovienski in https://github.com/leonardosovienski/predictor-ops/pull/13\n\n\n**Full Changelog**: https://github.com/leonardosovienski/predictor-ops/compare/v3.0.0...v3.1.0","mentions_count":2},{"url":"https://api.github.com/repos/leonardosovienski/predictor-ops/releases/367164911","assets_url":"https://api.github.com/repos/leonardosovienski/predictor-ops/releases/367164911/assets","upload_url":"https://uploads.github.com/repos/leonardosovienski/predictor-ops/releases/367164911/assets{?name,label}","html_url":"https://github.com/leonardosovienski/predictor-ops/releases/tag/v3.0.0","id":367164911,"author":{"login":"github-actions[bot]","id":41898282,"node_id":"MDM6Qm90NDE4OTgyODI=","avatar_url":"https://avatars.githubusercontent.com/in/15368?v=4","gravatar_id":"","url":"https://api.github.com/users/github-actions%5Bbot%5D","html_url":"https://github.com/apps/github-actions","followers_url":"https://api.github.com/users/github-actions%5Bbot%5D/followers","following_url":"https://api.github.com/users/github-actions%5Bbot%5D/following{/other_user}","gists_url":"https://api.github.com/users/github-actions%5Bbot%5D/gists{/gist_id}","starred_url":"https://api.github.com/users/github-actions%5Bbot%5D/starred{/owner}{/repo}","subscriptions_url":"https://api.github.com/users/github-actions%5Bbot%5D/subscriptions","organizations_url":"https://api.github.com/users/github-actions%5Bbot%5D/orgs","repos_url":"https://api.github.com/users/github-actions%5Bbot%5D/repos","events_url":"https://api.github.com/users/github-actions%5Bbot%5D/events{/privacy}","received_events_url":"https://api.github.com/users/github-actions%5Bbot%5D/received_events","type":"Bot","user_view_type":"public","site_admin":false},"node_id":"RE_kwDOTdWj1c4V4n3v","tag_name":"v3.0.0","target_commitish":"main","name":"v3.0.0","draft":false,"immutable":false,"prerelease":false,"created_at":"2026-08-08T09:29:18Z","updated_at":"2026-08-08T09:30:15Z","published_at":"2026-08-08T09:30:15Z","assets":[{"url":"https://api.github.com/repos/leonardosovienski/predictor-ops/releases/assets/506243176","id":506243176,"node_id":"RA_kwDOTdWj1c4eLKho","name":"predictor_ops-3.0.0-py3-none-any.whl","label":"","uploader":{"login":"github-actions[bot]","id":41898282,"node_id":"MDM6Qm90NDE4OTgyODI=","avatar_url":"https://avatars.githubusercontent.com/in/15368?v=4","gravatar_id":"","url":"https://api.github.com/users/github-actions%5Bbot%5D","html_url":"https://github.com/apps/github-actions","followers_url":"https://api.github.com/users/github-actions%5Bbot%5D/followers","following_url":"https://api.github.com/users/github-actions%5Bbot%5D/following{/other_user}","gists_url":"https://api.github.com/users/github-actions%5Bbot%5D/gists{/gist_id}","starred_url":"https://api.github.com/users/github-actions%5Bbot%5D/starred{/owner}{/repo}","subscriptions_url":"https://api.github.com/users/github-actions%5Bbot%5D/subscriptions","organizations_url":"https://api.github.com/users/github-actions%5Bbot%5D/orgs","repos_url":"https://api.github.com/users/github-actions%5Bbot%5D/repos","events_url":"https://api.github.com/users/github-actions%5Bbot%5D/events{/privacy}","received_events_url":"https://api.github.com/users/github-actions%5Bbot%5D/received_events","type":"Bot","user_view_type":"public","site_admin":false},"content_type":"application/octet-stream","state":"uploaded","size":21092,"digest":"sha256:9574d5fa4d17232a9d7dbd1aaff0131b65f341974508c5457b8d570bf41e8945","download_count":1163,"created_at":"2026-08-08T09:30:14Z","updated_at":"2026-08-08T09:30:14Z","browser_download_url":"https://github.com/leonardosovienski/predictor-ops/releases/download/v3.0.0/predictor_ops-3.0.0-py3-none-any.whl"},{"url":"https://api.github.com/repos/leonardosovienski/predictor-ops/releases/assets/506243177","id":506243177,"node_id":"RA_kwDOTdWj1c4eLKhp","name":"predictor_ops-3.0.0.tar.gz","label":"","uploader":{"login":"github-actions[bot]","id":41898282,"node_id":"MDM6Qm90NDE4OTgyODI=","avatar_url":"https://avatars.githubusercontent.com/in/15368?v=4","gravatar_id":"","url":"https://api.github.com/users/github-actions%5Bbot%5D","html_url":"https://github.com/apps/github-actions","followers_url":"https://api.github.com/users/github-actions%5Bbot%5D/followers","following_url":"https://api.github.com/users/github-actions%5Bbot%5D/following{/other_user}","gists_url":"https://api.github.com/users/github-actions%5Bbot%5D/gists{/gist_id}","starred_url":"https://api.github.com/users/github-actions%5Bbot%5D/starred{/owner}{/repo}","subscriptions_url":"https://api.github.com/users/github-actions%5Bbot%5D/subscriptions","organizations_url":"https://api.github.com/users/github-actions%5Bbot%5D/orgs","repos_url":"https://api.github.com/users/github-actions%5Bbot%5D/repos","events_url":"https://api.github.com/users/github-actions%5Bbot%5D/events{/privacy}","received_events_url":"https://api.github.com/users/github-actions%5Bbot%5D/received_events","type":"Bot","user_view_type":"public","site_admin":false},"content_type":"application/x-gtar","state":"uploaded","size":100652,"digest":"sha256:55ff9d87df1d1654d4b5c24718ea52a06ce4ed11d9a7533f57a713ab475b818e","download_count":0,"created_at":"2026-08-08T09:30:14Z","updated_at":"2026-08-08T09:30:14Z","browser_download_url":"https://github.com/leonardosovienski/predictor-ops/releases/download/v3.0.0/predictor_ops-3.0.0.tar.gz"}],"tarball_url":"https://api.github.com/repos/leonardosovienski/predictor-ops/tarball/v3.0.0","zipball_url":"https://api.github.com/repos/leonardosovienski/predictor-ops/zipball/v3.0.0","body":"## What's Changed\n* deps(deps-dev): update redis requirement from <8,>=6 to >=6,<9 by @dependabot[bot] in https://github.com/leonardosovienski/tools-predictor/pull/10\n* ci(deps): bump actions/checkout from 4 to 7 by @dependabot[bot] in https://github.com/leonardosovienski/tools-predictor/pull/9\n* ci(deps): bump actions/dependency-review-action from 4 to 5 by @dependabot[bot] in https://github.com/leonardosovienski/tools-predictor/pull/8\n* ci(deps): bump actions/download-artifact from 7 to 8 by @dependabot[bot] in https://github.com/leonardosovienski/tools-predictor/pull/7\n* ci(deps): bump actions/upload-artifact from 6 to 7 by @dependabot[bot] in https://github.com/leonardosovienski/tools-predictor/pull/5\n* ci(deps): bump astral-sh/setup-uv from 6 to 7 by @dependabot[bot] in https://github.com/leonardosovienski/tools-predictor/pull/6\n\n## New Contributors\n* @dependabot[bot] made their first contribution in https://github.com/leonardosovienski/tools-predictor/pull/10\n\n**Full Changelog**: https://github.com/leonardosovienski/tools-predictor/compare/v2.0.1...v3.0.0","mentions_count":1},{"url":"https://api.github.com/repos/leonardosovienski/predictor-ops/releases/363725973","assets_url":"https://api.github.com/repos/leonardosovienski/predictor-ops/releases/363725973/assets","upload_url":"https://uploads.github.com/repos/leonardosovienski/predictor-ops/releases/363725973/assets{?name,label}","html_url":"https://github.com/leonardosovienski/predictor-ops/releases/tag/v2.0.1","id":363725973,"author":{"login":"leonardosovienski","id":86319239,"node_id":"MDQ6VXNlcjg2MzE5MjM5","avatar_url":"https://avatars.githubusercontent.com/u/86319239?v=4","gravatar_id":"","url":"https://api.github.com/users/leonardosovienski","html_url":"https://github.com/leonardosovienski","followers_url":"https://api.github.com/users/leonardosovienski/followers","following_url":"https://api.github.com/users/leonardosovienski/following{/other_user}","gists_url":"https://api.github.com/users/leonardosovienski/gists{/gist_id}","starred_url":"https://api.github.com/users/leonardosovienski/starred{/owner}{/repo}","subscriptions_url":"https://api.github.com/users/leonardosovienski/subscriptions","organizations_url":"https://api.github.com/users/leonardosovienski/orgs","repos_url":"https://api.github.com/users/leonardosovienski/repos","events_url":"https://api.github.com/users/leonardosovienski/events{/privacy}","received_events_url":"https://api.github.com/users/leonardosovienski/received_events","type":"User","user_view_type":"public","site_admin":false},"node_id":"RE_kwDOTdWj1c4VrgSV","tag_name":"v2.0.1","target_commitish":"main","name":"predictor_ops 2.0.1","draft":false,"immutable":false,"prerelease":false,"created_at":"2026-08-02T07:24:36Z","updated_at":"2026-08-02T07:24:40Z","published_at":"2026-08-02T07:24:40Z","assets":[{"url":"https://api.github.com/repos/leonardosovienski/predictor-ops/releases/assets/498676479","id":498676479,"node_id":"RA_kwDOTdWj1c4duTL_","name":"predictor_ops-2.0.1-py3-none-any.whl","label":"","uploader":{"login":"leonardosovienski","id":86319239,"node_id":"MDQ6VXNlcjg2MzE5MjM5","avatar_url":"https://avatars.githubusercontent.com/u/86319239?v=4","gravatar_id":"","url":"https://api.github.com/users/leonardosovienski","html_url":"https://github.com/leonardosovienski","followers_url":"https://api.github.com/users/leonardosovienski/followers","following_url":"https://api.github.com/users/leonardosovienski/following{/other_user}","gists_url":"https://api.github.com/users/leonardosovienski/gists{/gist_id}","starred_url":"https://api.github.com/users/leonardosovienski/starred{/owner}{/repo}","subscriptions_url":"https://api.github.com/users/leonardosovienski/subscriptions","organizations_url":"https://api.github.com/users/leonardosovienski/orgs","repos_url":"https://api.github.com/users/leonardosovienski/repos","events_url":"https://api.github.com/users/leonardosovienski/events{/privacy}","received_events_url":"https://api.github.com/users/leonardosovienski/received_events","type":"User","user_view_type":"public","site_admin":false},"content_type":"application/octet-stream","state":"uploaded","size":21211,"digest":"sha256:77ca2eb3f1090226dfef23b84d7fb2f9a61bd858c970d433d28303e637a8903e","download_count":646,"created_at":"2026-08-02T07:24:39Z","updated_at":"2026-08-02T07:24:39Z","browser_download_url":"https://github.com/leonardosovienski/predictor-ops/releases/download/v2.0.1/predictor_ops-2.0.1-py3-none-any.whl"},{"url":"https://api.github.com/repos/leonardosovienski/predictor-ops/releases/assets/498676478","id":498676478,"node_id":"RA_kwDOTdWj1c4duTL-","name":"predictor_ops-2.0.1.tar.gz","label":"","uploader":{"login":"leonardosovienski","id":86319239,"node_id":"MDQ6VXNlcjg2MzE5MjM5","avatar_url":"https://avatars.githubusercontent.com/u/86319239?v=4","gravatar_id":"","url":"https://api.github.com/users/leonardosovienski","html_url":"https://github.com/leonardosovienski","followers_url":"https://api.github.com/users/leonardosovienski/followers","following_url":"https://api.github.com/users/leonardosovienski/following{/other_user}","gists_url":"https://api.github.com/users/leonardosovienski/gists{/gist_id}","starred_url":"https://api.github.com/users/leonardosovienski/starred{/owner}{/repo}","subscriptions_url":"https://api.github.com/users/leonardosovienski/subscriptions","organizations_url":"https://api.github.com/users/leonardosovienski/orgs","repos_url":"https://api.github.com/users/leonardosovienski/repos","events_url":"https://api.github.com/users/leonardosovienski/events{/privacy}","received_events_url":"https://api.github.com/users/leonardosovienski/received_events","type":"User","user_view_type":"public","site_admin":false},"content_type":"application/x-gtar","state":"uploaded","size":79375,"digest":"sha256:fd68c16247f9433db6c00cc83bf6292bfe81987ba2fb20c1b789c76998af9e46","download_count":1,"created_at":"2026-08-02T07:24:39Z","updated_at":"2026-08-02T07:24:39Z","browser_download_url":"https://github.com/leonardosovienski/predictor-ops/releases/download/v2.0.1/predictor_ops-2.0.1.tar.gz"}],"tarball_url":"https://api.github.com/repos/leonardosovienski/predictor-ops/tarball/v2.0.1","zipball_url":"https://api.github.com/repos/leonardosovienski/predictor-ops/zipball/v2.0.1","body":"Wheel/sdist reproduzidos localmente do commit 8d0ac13 (PR #4), homologado."}]
$ (cwd=None) gh api repos/leonardosovienski/predictor-ops/git/ref/tags/v4.2.2rc1
[exit 0]
{"ref":"refs/tags/v4.2.2rc1","node_id":"REF_kwDOTdWj1bNyZWZzL3RhZ3MvdjQuMi4ycmMx","url":"https://api.github.com/repos/leonardosovienski/predictor-ops/git/refs/tags/v4.2.2rc1","object":{"sha":"9831b0d5e727972b1d85ff48be14ffa58677898b","type":"commit","url":"https://api.github.com/repos/leonardosovienski/predictor-ops/git/commits/9831b0d5e727972b1d85ff48be14ffa58677898b"}}
$ (cwd=None) git -C C:\QUALIFICACAO\repos\predictor-ops diff --name-only 9831b0d5e727972b1d85ff48be14ffa58677898b 9831b0d5e727972b1d85ff48be14ffa58677898b -- src/predictor_ops
[exit 0]

$ (cwd=None) gh api repos/leonardosovienski/predictor-ops/git/ref/tags/v4.2.1
[exit 0]
{"ref":"refs/tags/v4.2.1","node_id":"REF_kwDOTdWj1bByZWZzL3RhZ3MvdjQuMi4x","url":"https://api.github.com/repos/leonardosovienski/predictor-ops/git/refs/tags/v4.2.1","object":{"sha":"500d6f348a94741ec48dd99df4480b1ba437b27d","type":"tag","url":"https://api.github.com/repos/leonardosovienski/predictor-ops/git/tags/500d6f348a94741ec48dd99df4480b1ba437b27d"}}
$ (cwd=None) gh api repos/leonardosovienski/predictor-ops/git/tags/500d6f348a94741ec48dd99df4480b1ba437b27d
[exit 0]
{"node_id":"TA_kwDOTdWj1doAKDUwMGQ2ZjM0OGE5NDc0MWVjNDhkZDk5ZGY0NDgwYjFiYTQzN2IyN2Q","sha":"500d6f348a94741ec48dd99df4480b1ba437b27d","url":"https://api.github.com/repos/leonardosovienski/predictor-ops/git/tags/500d6f348a94741ec48dd99df4480b1ba437b27d","tagger":{"name":"leonardosovienski","email":"leonardo.sovienski@gmail.com","date":"2026-09-13T02:34:02Z"},"object":{"sha":"ddd91444282569ae8282e7c96e0ec372ef4e5144","type":"commit","url":"https://api.github.com/repos/leonardosovienski/predictor-ops/git/commits/ddd91444282569ae8282e7c96e0ec372ef4e5144"},"tag":"v4.2.1","message":"Ops 4.2.1: validated cleanup, bounded capture and installed integrations\n","verification":{"verified":false,"reason":"unsigned","signature":null,"payload":null,"verified_at":null}}
$ (cwd=None) git -C C:\QUALIFICACAO\repos\predictor-ops diff --name-only ddd91444282569ae8282e7c96e0ec372ef4e5144 9831b0d5e727972b1d85ff48be14ffa58677898b -- src/predictor_ops
[exit 0]
src/predictor_ops/runtime.py

$ (cwd=None) gh api repos/leonardosovienski/predictor-ops/git/ref/tags/v4.2.0
[exit 0]
{"ref":"refs/tags/v4.2.0","node_id":"REF_kwDOTdWj1bByZWZzL3RhZ3MvdjQuMi4w","url":"https://api.github.com/repos/leonardosovienski/predictor-ops/git/refs/tags/v4.2.0","object":{"sha":"e804ac8b5173156737e2212d9bd47cd3f2072700","type":"commit","url":"https://api.github.com/repos/leonardosovienski/predictor-ops/git/commits/e804ac8b5173156737e2212d9bd47cd3f2072700"}}
$ (cwd=None) git -C C:\QUALIFICACAO\repos\predictor-ops diff --name-only e804ac8b5173156737e2212d9bd47cd3f2072700 9831b0d5e727972b1d85ff48be14ffa58677898b -- src/predictor_ops
[exit 0]
src/predictor_ops/processes.py
src/predictor_ops/runner.py
src/predictor_ops/runtime.py

$ (cwd=None) gh api repos/leonardosovienski/predictor-ops/git/ref/tags/v4.1.0
[exit 0]
{"ref":"refs/tags/v4.1.0","node_id":"REF_kwDOTdWj1bByZWZzL3RhZ3MvdjQuMS4w","url":"https://api.github.com/repos/leonardosovienski/predictor-ops/git/refs/tags/v4.1.0","object":{"sha":"a9a47437abc30dffaad39d9518d39805752d0cb9","type":"commit","url":"https://api.github.com/repos/leonardosovienski/predictor-ops/git/commits/a9a47437abc30dffaad39d9518d39805752d0cb9"}}
$ (cwd=None) git -C C:\QUALIFICACAO\repos\predictor-ops diff --name-only a9a47437abc30dffaad39d9518d39805752d0cb9 9831b0d5e727972b1d85ff48be14ffa58677898b -- src/predictor_ops
[exit 0]
src/predictor_ops/models.py
src/predictor_ops/operations.py
src/predictor_ops/processes.py
src/predictor_ops/runner.py
src/predictor_ops/runtime.py

$ (cwd=None) gh api repos/leonardosovienski/predictor-ops/git/ref/tags/v4.0.0
[exit 0]
{"ref":"refs/tags/v4.0.0","node_id":"REF_kwDOTdWj1bByZWZzL3RhZ3MvdjQuMC4w","url":"https://api.github.com/repos/leonardosovienski/predictor-ops/git/refs/tags/v4.0.0","object":{"sha":"67d823b5721ddaa70c9586eff54595dd636d7bdd","type":"tag","url":"https://api.github.com/repos/leonardosovienski/predictor-ops/git/tags/67d823b5721ddaa70c9586eff54595dd636d7bdd"}}
$ (cwd=None) gh api repos/leonardosovienski/predictor-ops/git/tags/67d823b5721ddaa70c9586eff54595dd636d7bdd
[exit 0]
{"node_id":"TA_kwDOTdWj1doAKDY3ZDgyM2I1NzIxZGRhYTcwYzk1ODZlZmY1NDU5NWRkNjM2ZDdiZGQ","sha":"67d823b5721ddaa70c9586eff54595dd636d7bdd","url":"https://api.github.com/repos/leonardosovienski/predictor-ops/git/tags/67d823b5721ddaa70c9586eff54595dd636d7bdd","tagger":{"name":"Leonardo Sanches","email":"Leonardo.sovienski@gmail.com","date":"2026-08-31T21:50:42Z"},"object":{"sha":"6b695ea108cf23d90064b9299ce7993e67b4db26","type":"commit","url":"https://api.github.com/repos/leonardosovienski/predictor-ops/git/commits/6b695ea108cf23d90064b9299ce7993e67b4db26"},"tag":"v4.0.0","message":"Predictor Ops 4.0.0\n","verification":{"verified":false,"reason":"unsigned","signature":null,"payload":null,"verified_at":null}}
$ (cwd=None) git -C C:\QUALIFICACAO\repos\predictor-ops diff --name-only 6b695ea108cf23d90064b9299ce7993e67b4db26 9831b0d5e727972b1d85ff48be14ffa58677898b -- src/predictor_ops
[exit 0]
src/predictor_ops/models.py
src/predictor_ops/operations.py
src/predictor_ops/processes.py
src/predictor_ops/runner.py
src/predictor_ops/runtime.py

$ (cwd=None) gh api repos/leonardosovienski/predictor-ops/git/ref/tags/v3.1.0
[exit 0]
{"ref":"refs/tags/v3.1.0","node_id":"REF_kwDOTdWj1bByZWZzL3RhZ3MvdjMuMS4w","url":"https://api.github.com/repos/leonardosovienski/predictor-ops/git/refs/tags/v3.1.0","object":{"sha":"aab2da4557e1326b5b446346ae237ddc5c314e5b","type":"tag","url":"https://api.github.com/repos/leonardosovienski/predictor-ops/git/tags/aab2da4557e1326b5b446346ae237ddc5c314e5b"}}
$ (cwd=None) gh api repos/leonardosovienski/predictor-ops/git/tags/aab2da4557e1326b5b446346ae237ddc5c314e5b
[exit 0]
{"node_id":"TA_kwDOTdWj1doAKGFhYjJkYTQ1NTdlMTMyNmI1YjQ0NjM0NmFlMjM3ZGRjNWMzMTRlNWI","sha":"aab2da4557e1326b5b446346ae237ddc5c314e5b","url":"https://api.github.com/repos/leonardosovienski/predictor-ops/git/tags/aab2da4557e1326b5b446346ae237ddc5c314e5b","tagger":{"name":"Leonardo Sanches","email":"Leonardo.sovienski@gmail.com","date":"2026-08-17T12:53:36Z"},"object":{"sha":"eff6fc795a12132c1a87b606bbf951b05623d3b2","type":"commit","url":"https://api.github.com/repos/leonardosovienski/predictor-ops/git/commits/eff6fc795a12132c1a87b606bbf951b05623d3b2"},"tag":"v3.1.0","message":"Release predictor-ops 3.1.0\n","verification":{"verified":false,"reason":"unsigned","signature":null,"payload":null,"verified_at":null}}
$ (cwd=None) git -C C:\QUALIFICACAO\repos\predictor-ops diff --name-only eff6fc795a12132c1a87b606bbf951b05623d3b2 9831b0d5e727972b1d85ff48be14ffa58677898b -- src/predictor_ops
[exit 0]
src/predictor_ops/__init__.py
src/predictor_ops/audit.py
src/predictor_ops/compat/__init__.py
src/predictor_ops/compat/legacy.py
src/predictor_ops/compat/vendor_audit.py
src/predictor_ops/models.py
src/predictor_ops/operations.py
src/predictor_ops/processes.py
src/predictor_ops/redaction.py
src/predictor_ops/runner.py
src/predictor_ops/runtime.py

$ (cwd=None) gh api repos/leonardosovienski/predictor-ops/git/ref/tags/v3.0.0
[exit 0]
{"ref":"refs/tags/v3.0.0","node_id":"REF_kwDOTdWj1bByZWZzL3RhZ3MvdjMuMC4w","url":"https://api.github.com/repos/leonardosovienski/predictor-ops/git/refs/tags/v3.0.0","object":{"sha":"ec278c68e3b945f9aa0f8e76ec19c8e35c61d78f","type":"tag","url":"https://api.github.com/repos/leonardosovienski/predictor-ops/git/tags/ec278c68e3b945f9aa0f8e76ec19c8e35c61d78f"}}
$ (cwd=None) gh api repos/leonardosovienski/predictor-ops/git/tags/ec278c68e3b945f9aa0f8e76ec19c8e35c61d78f
[exit 0]
{"node_id":"TA_kwDOTdWj1doAKGVjMjc4YzY4ZTNiOTQ1ZjlhYTBmOGU3NmVjMTljOGUzNWM2MWQ3OGY","sha":"ec278c68e3b945f9aa0f8e76ec19c8e35c61d78f","url":"https://api.github.com/repos/leonardosovienski/predictor-ops/git/tags/ec278c68e3b945f9aa0f8e76ec19c8e35c61d78f","tagger":{"name":"Leonardo Sanches Sovienski","email":"leonardo.sovienski@outlook.com","date":"2026-08-08T09:29:18Z"},"object":{"sha":"3ca6995e3be1624b38976c638becdc3f897a7219","type":"commit","url":"https://api.github.com/repos/leonardosovienski/predictor-ops/git/commits/3ca6995e3be1624b38976c638becdc3f897a7219"},"tag":"v3.0.0","message":"predictor-ops 3.0.0\n","verification":{"verified":false,"reason":"unsigned","signature":null,"payload":null,"verified_at":null}}
$ (cwd=None) git -C C:\QUALIFICACAO\repos\predictor-ops diff --name-only 3ca6995e3be1624b38976c638becdc3f897a7219 9831b0d5e727972b1d85ff48be14ffa58677898b -- src/predictor_ops
[exit 0]
src/predictor_ops/__init__.py
src/predictor_ops/cli.py
src/predictor_ops/compat/__init__.py
src/predictor_ops/compat/legacy.py
src/predictor_ops/compat/vendor_audit.py
src/predictor_ops/models.py
src/predictor_ops/operations.py
src/predictor_ops/processes.py
src/predictor_ops/redaction.py
src/predictor_ops/runner.py
src/predictor_ops/runtime.py

$ (cwd=None) gh api repos/leonardosovienski/predictor-ops/git/ref/tags/v2.0.1
[exit 0]
{"ref":"refs/tags/v2.0.1","node_id":"REF_kwDOTdWj1bByZWZzL3RhZ3MvdjIuMC4x","url":"https://api.github.com/repos/leonardosovienski/predictor-ops/git/refs/tags/v2.0.1","object":{"sha":"4a0481879d9a4ffd81dab0282b2e2ea92cd74e8c","type":"tag","url":"https://api.github.com/repos/leonardosovienski/predictor-ops/git/tags/4a0481879d9a4ffd81dab0282b2e2ea92cd74e8c"}}
$ (cwd=None) gh api repos/leonardosovienski/predictor-ops/git/tags/4a0481879d9a4ffd81dab0282b2e2ea92cd74e8c
[exit 0]
{"node_id":"TA_kwDOTdWj1doAKDRhMDQ4MTg3OWQ5YTRmZmQ4MWRhYjAyODJiMmUyZWE5MmNkNzRlOGM","sha":"4a0481879d9a4ffd81dab0282b2e2ea92cd74e8c","url":"https://api.github.com/repos/leonardosovienski/predictor-ops/git/tags/4a0481879d9a4ffd81dab0282b2e2ea92cd74e8c","tagger":{"name":"Leonardo Sanches Sovienski","email":"leonardo.sovienski@outlook.com","date":"2026-08-02T07:24:36Z"},"object":{"sha":"8d0ac13d265cb8483902edceecd83391dc5d88bd","type":"commit","url":"https://api.github.com/repos/leonardosovienski/predictor-ops/git/commits/8d0ac13d265cb8483902edceecd83391dc5d88bd"},"tag":"v2.0.1","message":"predictor_ops 2.0.1\n","verification":{"verified":false,"reason":"unsigned","signature":null,"payload":null,"verified_at":null}}
$ (cwd=None) git -C C:\QUALIFICACAO\repos\predictor-ops diff --name-only 8d0ac13d265cb8483902edceecd83391dc5d88bd 9831b0d5e727972b1d85ff48be14ffa58677898b -- src/predictor_ops
[exit 0]
src/predictor_ops/__init__.py
src/predictor_ops/cli.py
src/predictor_ops/compat/__init__.py
src/predictor_ops/compat/legacy.py
src/predictor_ops/compat/vendor_audit.py
src/predictor_ops/health.py
src/predictor_ops/models.py
src/predictor_ops/operations.py
src/predictor_ops/processes.py
src/predictor_ops/redaction.py
src/predictor_ops/runner.py
src/predictor_ops/runtime.py
src/predictor_ops/windows.py

$ (cwd=None) git -C C:\Cripto\qualificacao\cripto-predictor rev-parse HEAD
[exit 0]
341d270e4d709150c581c3cd93f4518d483009eb

$ (cwd=None) git -C C:\Cripto\qualificacao\cripto-predictor rev-parse origin/main
[exit 0]
66d87379c2d11f3fafb6a99b85af23ea3ebb0cb4

$ (cwd=None) git -C C:\Cripto\qualificacao\cripto-predictor rev-parse --abbrev-ref HEAD
[exit 0]
qualification/crypto-ops-4.2.2rc1

$ (cwd=None) git -C C:\Cripto\qualificacao\cripto-predictor status --porcelain --untracked-files=all
[exit 0]

$ (cwd=None) git -C C:\Cripto\qualificacao\cripto-predictor remote get-url origin
[exit 0]
https://github.com/leonardosovienski/cripto-predictor.git

$ (cwd=None) git -C C:\Cripto\qualificacao\cripto-predictor ls-tree -r HEAD
[exit 0]
100644 blob 05893847c84e160e739a53281e03336dd1baaf40	.ci/cain-supply/overlay.zip
100644 blob 2370913797f8477f1431c1b070985d85a8e06ac3	.ci/integration-audit/e2e_crypto.py
100644 blob db85f08c6da98a9821640728543875aba326e5f8	.ci/integration-audit/validate.py
100644 blob ecbd1883ccb354ab651a0c89336adf5af8b8cde9	.dockerignore
100644 blob f3efe116e372042c780bbf35ad51a1c1bd442d9c	.env.example
100644 blob a31ea4d61b0fb36aa19b1f102d542f210043abec	.gitattributes
100644 blob 46af61a91eb8fc3b757d6e3ae9bee92a0d9badfc	.github/dependabot.yml
100644 blob 098aabf515ad6471cced93bf276f0e76818a38b6	.github/workflows/ci.yml
100644 blob 41ca1472d75e3e6829d58430fc41e4ea677d4f5c	.github/workflows/integration-audit.yml
100644 blob 2f51983dcb100e66bf214cd68848dfe6371b16de	.gitignore
100644 blob 0b91eb927fa168e678fb2a59613276a3f02bc9c8	.pre-commit-config.yaml
100644 blob 48cb56b6a878fb015ea76a1295abf591f57fd718	ARCHITECTURE_IMPLEMENTATION.md
100644 blob 1d49a0020687a68a8c1d8ee187771344c17f8dcd	BASELINE_REPORT.md
100644 blob c58922110922174cd7fad7d254c10a5071da88f7	CONTINUAR_AQUI.md
100644 blob 82aa3f94401ecd49690446fbd3fe9faf0af9cafc	CR_FREEZE_INDEX.md
100644 blob a95f1133d1e192316bf4eda50de317a871911acc	CR_RESEARCH_FREEZE.md
100644 blob c49ed8d23e1ff95a0cbd05435357684e25820a34	Dockerfile
100644 blob dc6d9a6fc4b95c0360e8abcfdd627e496fc1bb15	GarimpoInvestimentos/.env.example
100644 blob 18e1c2c7381b2615bc568e3456ef84f5823cdc96	GarimpoInvestimentos/__init__.py
100644 blob cb68090a50a63c244ff1186f10398ede7745ae1c	GarimpoInvestimentos/adapters/__init__.py
100644 blob e69de29bb2d1d6434b8b29ae775ad8c2e48c5391	GarimpoInvestimentos/analyzers/__init__.py
100644 blob 430d77060a0e81d068b2fcffd788acc8931cef83	GarimpoInvestimentos/analyzers/ai_insights.py
100644 blob 84713ae775b73afbd9cd8146a187294a4616ecbf	GarimpoInvestimentos/analyzers/backtest.py
100644 blob ed0f5aa269f7c0c3002897da1bb2f91eee4a1d82	GarimpoInvestimentos/analyzers/equivalence.py
100644 blob a1501c61c01186523a1e3c454fbcdb36d85bd195	GarimpoInvestimentos/analyzers/factor_dsl.py
100644 blob acd2c2b2d3a6a2241b65274f91c29472b10b2993	GarimpoInvestimentos/analyzers/gate_power.py
100644 blob 35e7e338c2365fb0497cc47cc41138678e04fec4	GarimpoInvestimentos/analyzers/ground_truth_harness.py
100644 blob 2e33071d23a6fa39b374a41bc2a3f50836ea1f02	GarimpoInvestimentos/analyzers/hypothesis_loop.py
100644 blob 661d5aebee6796989db9ad6a2e1fbf7a5cd84687	GarimpoInvestimentos/analyzers/hypothesis_loop_runner.py
100644 blob c30019b0b89dcf157c16714f40798ecf0cc10bbb	GarimpoInvestimentos/analyzers/indicators.py
100644 blob 46effc4b15a73e8a5ea8753c32f63df5d85e2058	GarimpoInvestimentos/analyzers/judge_calibration.py
100644 blob e396513fc0c1438c3a7d4d93784d78487f4791a8	GarimpoInvestimentos/analyzers/opportunity_detector.py
100644 blob a18e10f8b5b457de626287be45c80f102f1baa5e	GarimpoInvestimentos/analyzers/pbo.py
100644 blob 0a526eee3b49e59407b8421459d91f4b410bb572	GarimpoInvestimentos/analyzers/prefilter.py
100644 blob 06a3acdb625c1c09078fbc2dacab05db7d0d4317	GarimpoInvestimentos/analyzers/score_engine.py
100644 blob a20069b031c1ca9c280945372daa8051ff1c9a18	GarimpoInvestimentos/analyzers/trials.py
100644 blob 2a4b8891650679695e26e8ceee726192e0d7edea	GarimpoInvestimentos/arguments.py
100644 blob 7411158b15c839c4ad892f3c378209c62ff44aab	GarimpoInvestimentos/chain_manifest.json
100644 blob 9923e392efdc5e747d53964ea088e3dc2a58aa89	GarimpoInvestimentos/cli.py
100644 blob e69de29bb2d1d6434b8b29ae775ad8c2e48c5391	GarimpoInvestimentos/collectors/__init__.py
100644 blob 2637e8368523d5abb5e7f741d306b53283035bae	GarimpoInvestimentos/collectors/coingecko_api.py
100644 blob 0c743fb8dea69329295a3a0ac9067c2592ee32e5	GarimpoInvestimentos/collectors/discovery.py
100644 blob 3659df47aa6734e7298179b33bc6b22c582b2fd1	GarimpoInvestimentos/collectors/news.py
100644 blob 9ab8ea2b615f6ea332f87827b28f230f542706b9	GarimpoInvestimentos/collectors/serpapi_news.py
100644 blob db925c152867ff352b1e62e9b9ff9985357f8b78	GarimpoInvestimentos/config.py
100644 blob c83e8dd8c8017f11e840566b637dc0a2a3eb3a22	GarimpoInvestimentos/contracts.py
100644 blob e69de29bb2d1d6434b8b29ae775ad8c2e48c5391	GarimpoInvestimentos/core/__init__.py
100644 blob ed82db964500268326f8322fa2282949346826a0	GarimpoInvestimentos/core/api_guard.py
100644 blob c3b910927412adbc5214463f8571e38c772533ef	GarimpoInvestimentos/core/cache.py
100644 blob 4544aaea4b63eb81613a61dc7751a87c75886fcd	GarimpoInvestimentos/core/collection_policy.py
100644 blob bb5b9f3b9e9e59e69ac44b49e4a89a496d7e54aa	GarimpoInvestimentos/core/history.py
100644 blob 58a9b85dda266081e4eade5b9da33d67cf03ddae	GarimpoInvestimentos/core/logger.py
100644 blob 2e17b4f909adcf9006e7630d2500815a4b2b00c6	GarimpoInvestimentos/core/paths.py
100644 blob ced004b6745c954f4a358a8c92087a505e2030e6	GarimpoInvestimentos/dpl/__init__.py
100644 blob 0242a3103a4575cad7f754bfd98663c195fa62d2	GarimpoInvestimentos/dpl/aggregation.py
100644 blob 3522fe52f0f7dfdb5f75f580617f8efac4fba22b	GarimpoInvestimentos/dpl/alignment.py
100644 blob 7ff134171118aef5838df5daf54c3bda2f50bc71	GarimpoInvestimentos/dpl/business_days.py
100644 blob 2bbadc992c2918a1f3861223f7832e9043ecc186	GarimpoInvestimentos/dpl/circuit_breaker.py
100644 blob 25b27d04b4471018b438efa0005caccf326bf4cb	GarimpoInvestimentos/dpl/contracts.py
100644 blob a4364454bea647e160849ec462277527b67f61a2	GarimpoInvestimentos/dpl/derivatives.py
100644 blob e677995a3c77c80d288081d04de8d0450825c768	GarimpoInvestimentos/dpl/entity_mapper.py
100644 blob 80db7429e685feb885891f67b31e4ffac3c86ba6	GarimpoInvestimentos/dpl/events.py
100644 blob 5f95a27073412a3ce9149a8c59a0abd6182864b2	GarimpoInvestimentos/dpl/facade.py
100644 blob fdcf15c274960ac427d5d2e1c34bd7efb44ae75e	GarimpoInvestimentos/dpl/feature_engineering.py
100644 blob a9b8980f08736478cab8b649c29d72685bafe015	GarimpoInvestimentos/dpl/feature_store.py
100644 blob 532fd051a0140536f533df4070a55d1abeb4a483	GarimpoInvestimentos/dpl/hash_chain.py
100644 blob 4404f0234f22a914c4e4cc5c65f0d59fc44596f9	GarimpoInvestimentos/dpl/ingest.py
100644 blob b9301b97bfc2865eb922c03f4183dff8e1619ff9	GarimpoInvestimentos/dpl/macro_calendar.py
100644 blob 32657b2f82a0dd496f010ae7e7b3a86ce84b696e	GarimpoInvestimentos/dpl/migrations/_0005_fix_raw_signals.py
100644 blob 4fd3652436db1e3f4d5ed3bcc27dea1c1857e5f6	GarimpoInvestimentos/dpl/migrations/_0006_predictions.py
100644 blob c0dc54823da4cdf0620b501617a8d9e8ba300610	GarimpoInvestimentos/dpl/migrations/_0007_feature_version.py
100644 blob 271377be9491523b702446c9dde52c52834f4fc8	GarimpoInvestimentos/dpl/migrations/_0008_predictions_degraded.py
100644 blob 413d7c68de61bef9054618dc5b9f271d78ea8507	GarimpoInvestimentos/dpl/migrations/_0009_predictions_llm_fallback.py
100644 blob a7e80599b8789b9b60660885b4314468c805b535	GarimpoInvestimentos/dpl/migrations/_0010_predictions_news_provenance.py
100644 blob 10642a422341e066648f53c7ed5f083c0fbdf1cb	GarimpoInvestimentos/dpl/migrations/_0011_predictions_collection_policy.py
100644 blob 18c0fed845c91cdbd2f1d95b61aa19e0829e3bdc	GarimpoInvestimentos/dpl/migrations/_0012_provenance_content_hash.py
100644 blob 70a17d594b27f6ee8506c3a934d562f632df44b6	GarimpoInvestimentos/dpl/migrations/_0013_enriched_signals.py
100644 blob 60cf0c3e01fa52917ae82f3c34d5be813ab5f24b	GarimpoInvestimentos/dpl/migrations/_0014_source_quality_scorecards.py
100644 blob 70fae75626e05345894586a66133585dd5e14b0c	GarimpoInvestimentos/dpl/migrations/_0015_observation_scorecards.py
100644 blob 7925c16729ad9b3455e1a25768a6bb3b4662814e	GarimpoInvestimentos/dpl/migrations/_0016_predictions_append_only.py
100644 blob 22c78d866d33f18ef59e1438fba08c1d4c75a38d	GarimpoInvestimentos/dpl/migrations/_0017_archive_hash_chain.py
100644 blob 6882f5a628a66f98dbe5a087a1daeeed0d6dc161	GarimpoInvestimentos/dpl/migrations/_0018_archive_immutable.py
100644 blob e71d080f45c23e857b2fc733eab05a8e0d885ff8	GarimpoInvestimentos/dpl/migrations/_0019_input_snapshots.py
100644 blob d3f372e83c2b6747c90a648fa32b797f690cacb6	GarimpoInvestimentos/dpl/migrations/__init__.py
100644 blob 85af88e7148532353604333e62552298f3a032e4	GarimpoInvestimentos/dpl/providers/__init__.py
100644 blob 48fa7578387dce61effed154eeb38f516c81907c	GarimpoInvestimentos/dpl/providers/_validation.py
100644 blob 19710e7f2db120eb7f77e527db11cad3f90b3446	GarimpoInvestimentos/dpl/providers/bcb.py
100644 blob 72e15ff3720c0e0e7ceb4d68ae6af78c3b79284b	GarimpoInvestimentos/dpl/providers/binance.py
100644 blob b9332dc106f8e8bb562d85eb1967fc405d9ecf13	GarimpoInvestimentos/dpl/providers/ccxt_base.py
100644 blob dc4db7b134151ec3e6bf7b09b21221614497fc98	GarimpoInvestimentos/dpl/providers/coingecko.py
100644 blob 1ba5bf610d26e7052e5914d786c10ad04751a8ed	GarimpoInvestimentos/dpl/providers/cotahist.py
100644 blob 048d5c0fd30448d53bc10beb4e47e6a1b34a3ab3	GarimpoInvestimentos/dpl/providers/dxy.py
100644 blob 98999d733e2312bf1dc5ddfba38da8a93132430f	GarimpoInvestimentos/dpl/providers/fear_greed.py
100644 blob 1308229f74a38504c7c3ccd97d3771c1abff5835	GarimpoInvestimentos/dpl/providers/football_stubs.py
100644 blob 552c208983014d5a10c52c4408f301536414295d	GarimpoInvestimentos/dpl/providers/kraken.py
100644 blob 0452c6582c6240f8d08a55025ad70bd2ffe4963a	GarimpoInvestimentos/dpl/providers/martj42.py
100644 blob 60d08f827db522753b289f927962afff65fbd4a4	GarimpoInvestimentos/dpl/router.py
100644 blob 801857a053b6b413cb1d7f7bcf17b7dd333f298a	GarimpoInvestimentos/dpl/signals.py
100644 blob cb400d1e28cd1e149ae66d553e7e17abaa4f3ca3	GarimpoInvestimentos/dpl/snapshots.py
100644 blob 1a2c55703c27ef28d229c79063280fa7681a1e8c	GarimpoInvestimentos/dpl/sources.json
100644 blob e949ca9b18f5dbdfa176494adc5ab5c53c8ee891	GarimpoInvestimentos/dpl/stocks.py
100644 blob ac74814e1079254933e70a611515b6ce47e99fdf	GarimpoInvestimentos/durable_io.py
100644 blob 2b70d2e1ddad51294b7d725ec9af536b4d6995d9	GarimpoInvestimentos/external_intelligence/__init__.py
100644 blob 912fc9f5bc81125fa50ad708cb93e4154ccec058	GarimpoInvestimentos/external_intelligence/__main__.py
100644 blob d125bbd4cd978234f461066192e9554e3ee0c52f	GarimpoInvestimentos/external_intelligence/audit.py
100644 blob 44cc8b12e29511f954f7305c6e2434936202149a	GarimpoInvestimentos/external_intelligence/collection.py
100644 blob 01a88afd3765f3cef33e3692a33ae043288d1535	GarimpoInvestimentos/external_intelligence/conditional.py
100644 blob dbc9d0d8c70bf1ea0db72a1a1e4fbdaf707e6fd4	GarimpoInvestimentos/external_intelligence/context.py
100644 blob d11bc885041b042398e2d3e4c26d0391d80a67c4	GarimpoInvestimentos/external_intelligence/contracts.py
100644 blob 9858d52a1a0232c42ae162abe53c1fe6f6b57ef9	GarimpoInvestimentos/external_intelligence/features.py
100644 blob 79758a573e61bacf09f2b0384d12e5fc246e129d	GarimpoInvestimentos/external_intelligence/ledger.py
100644 blob 6a4aea57df7939ed9da754446f9a5903f82f7061	GarimpoInvestimentos/external_intelligence/providers/__init__.py
100644 blob 17435787762b632ee39bdd1a60a7cf7b18eeff09	GarimpoInvestimentos/external_intelligence/providers/coinmetrics.py
100644 blob 14fbd963116339b6ae4200a7f67eee6d8011c9b8	GarimpoInvestimentos/external_intelligence/providers/common.py
100644 blob 4da04f4eb1add62183a9abb540ab2f3e3acbf408	GarimpoInvestimentos/external_intelligence/providers/nansen.py
100644 blob 8212f11687646289d615c2434febf8a99a548a22	GarimpoInvestimentos/external_intelligence/providers/santiment.py
100644 blob 7ee6c455ee54815888f835107c2ac39eee8fa0ed	GarimpoInvestimentos/external_intelligence/shadow.py
100644 blob af0bcdce7056ee212e8e425f2fbc880db296beb6	GarimpoInvestimentos/external_intelligence/store.py
100644 blob 6f47c24ce2856c833c4343384adf6e156e0d0427	GarimpoInvestimentos/feature_store_health.py
100644 blob 9e65d515bfcfe60b9e05aa8ab14a007612b88fc9	GarimpoInvestimentos/governance.py
100644 blob ce8cc434a4f19ddd63b6239bbd81da7eab97bc98	GarimpoInvestimentos/h6_status.json
100644 blob d8b011e2b1b47e7cb66cb52469d087a4cdc69d4f	GarimpoInvestimentos/health_io.py
100644 blob 32b4a603cbc5c04e54811a45a79ec93bbb38b39c	GarimpoInvestimentos/history_cli.py
100644 blob e1b6942d6897fb64277a3c6a4ec366785e99d09f	GarimpoInvestimentos/ingest_cli.py
100644 blob 097a04a72cf87a277593c0a2a0819a1e8ccd77e4	GarimpoInvestimentos/ingestion.py
100644 blob ca71f2b110e08d9502e9eb973befce790e8f5e4b	GarimpoInvestimentos/jobs.py
100644 blob bbdd7c9b51b222d9ba3dffaafbd023aad7d2cd94	GarimpoInvestimentos/local_runtime.py
100644 blob 227beba9bcd4f27845e7d061be762edf600e1640	GarimpoInvestimentos/macro_calendar.json
100644 blob 644ac25bb023b226e08a9c8252d9fccc7992e5a5	GarimpoInvestimentos/main.py
100644 blob 028f48339a130120595101324c44f3f0dbd1accb	GarimpoInvestimentos/migrate_history.py
100644 blob 35d7499bf015693aa780bb3f01b340890e6685b8	GarimpoInvestimentos/observation_collect.py
100644 blob 47a071c65eaedcdd7496ad1e8d75f80a3a2b0f59	GarimpoInvestimentos/observation_quality.py
100644 blob 7cdf0e7a30112a262d12c21082bf3011b4dd588a	GarimpoInvestimentos/observation_reporting.py
100644 blob 1af7e7d19577ce6285d471d81aea6c3bf10f015c	GarimpoInvestimentos/observation_resilience.py
100644 blob dcfb5137988bb9bb98b179a866d0713ea5d9737a	GarimpoInvestimentos/observation_watchdog.py
100644 blob d1f56c7e5f99f18b1a103be1ff85f78c8c9c5799	GarimpoInvestimentos/operational/__init__.py
100644 blob 1ad524bd871a33c3fab033b2d105d407c9fd1537	GarimpoInvestimentos/operational/attest_harness.py
100644 blob ce467d32f08760c814a4a59e0e8706928bf69756	GarimpoInvestimentos/operational/feature_store_backup.py
100644 blob 4d68b40c1a923fd3ff06f8eff0c3b94f632b91fb	GarimpoInvestimentos/opportunity_monitor.py
100644 blob e69de29bb2d1d6434b8b29ae775ad8c2e48c5391	GarimpoInvestimentos/output/__init__.py
100644 blob 914683c748552410c759f6d4422fb625284b0ba0	GarimpoInvestimentos/output/reporter.py
100644 blob 74eb1d2a089b2e537c4c2f632a7b5c2d95dc18cf	GarimpoInvestimentos/persistence.py
100644 blob 9c190fca1797a20eab8e19744ea79a294d48269b	GarimpoInvestimentos/phase1.py
100644 blob f467f74b90aad21a8784de78f7467557e99177bb	GarimpoInvestimentos/phase1_watchdog.py
100644 blob 89cc773f1ba94a71250a7dcd1df8af9872308826	GarimpoInvestimentos/pipeline_results.py
100644 blob 5d08abd198ff661fbddcb15468ad713bdf4d1fbd	GarimpoInvestimentos/plugin.py
100644 blob 86fd9265951b5f25e9efe7723dbefec72b3c5862	GarimpoInvestimentos/profit_recovery_v1.py
100644 blob c59b6351e41475e8e38b4e7a0dfbe563d6b89cc6	GarimpoInvestimentos/profit_research.py
100644 blob 36b0bb2ff11c4ee6f1fd1fda89a9f111519ec9d9	GarimpoInvestimentos/providers/__init__.py
100644 blob fe481c0c0a316260b34d7d857d235b19efdaa84c	GarimpoInvestimentos/providers/contracts.py
100644 blob e1bbc16d55d539b741c73086645ab974c4e04268	GarimpoInvestimentos/quality_scorecard.py
100644 blob 31a5f66e35802a1c3e02eb7745ea422fe1edc9b7	GarimpoInvestimentos/quality_snapshot.py
100644 blob 9bd5fa62b053054a8cd66156b55a48464aba0a37	GarimpoInvestimentos/renewal_research.py
100644 blob 726abb0ff37d74e01af35ababb890db580057deb	GarimpoInvestimentos/requirements.lock.txt
100644 blob 7279e8de7f8297cba73ab5e03d6c66a2ee37668e	GarimpoInvestimentos/requirements.txt
100644 blob 5c6a310f5e610bb82edcfe65187013eded325b42	GarimpoInvestimentos/research/README.md
100644 blob 9070e59fdf349ee3be7dbaa7a46e4af97902ed79	GarimpoInvestimentos/research/__init__.py
100644 blob 3c61468abdf7f807c3a2ad2f937e895a68dc6902	GarimpoInvestimentos/research/__main__.py
100644 blob 11269e2f0671456a467bd5351e2ca9c74e343889	GarimpoInvestimentos/research/factors.py
100644 blob d50b0ed8425f9425bb5fa9abd457decad109612a	GarimpoInvestimentos/research/registry.py
100644 blob 61c821bf05a2981b1765962058ede23bcd372870	GarimpoInvestimentos/research/simulation.py
100644 blob 82a831e67c6e8b5f9b52cdea5f83c8872c0d75d0	GarimpoInvestimentos/research/universe.py
100644 blob b33cc8cceb5e52d706d0fd7da9381e535a8ae8eb	GarimpoInvestimentos/research/validation.py
100644 blob 00dab60802ed4b1748e6bbd41b9f96182217df0d	GarimpoInvestimentos/research_admission.py
100644 blob af752d7cf25b1aa1bc4cb27af236d6b79e8c07bb	GarimpoInvestimentos/research_contract.py
100644 blob f1a51773c916d2c106c32a6d766abb1e85adccb7	GarimpoInvestimentos/research_execution.py
100644 blob d8372a68b7c4baa816f74bfe0b5fb1780d01a553	GarimpoInvestimentos/research_faults.py
100644 blob 60bf52a209601b9688fd95b814484f13a7ef73f2	GarimpoInvestimentos/research_recovery.py
100644 blob 805a20b357ec236fb90611fec7cfc94f42f811b6	GarimpoInvestimentos/research_results.py
100644 blob 4783350b6208a4d5cf0c51e48cff082b811c8079	GarimpoInvestimentos/research_runner.py
100644 blob f1499da07a5ae8962d652dd8bd0efe6225e3e163	GarimpoInvestimentos/research_worker.py
100644 blob fc1ac29fe9f7beca45dd7e95f49bae95eab9d427	GarimpoInvestimentos/runtime_mode.py
100644 blob 4f1b7a5639c02a003d4503c635f3c4dc2570f9b6	GarimpoInvestimentos/security/__init__.py
100644 blob 7f09421cdce1cc141633bfadfff69184af63732b	GarimpoInvestimentos/security/redaction.py
100644 blob 7ff5b0e092f2e7f398a563976691e05cbd786a59	GarimpoInvestimentos/services/__init__.py
100644 blob a7526e258ba6d919fadb8a26c217014ada70c75c	GarimpoInvestimentos/services/backtest.py
100644 blob a474850980bfc223ee2436e64722fe393e8c172f	GarimpoInvestimentos/services/features.py
100644 blob 187332ca14fe0a1b3efc77588f51ddc89a23f97f	GarimpoInvestimentos/services/inference.py
100644 blob c6d200c6ea68564d1697b8086efe7fdcc81d1b0b	GarimpoInvestimentos/services/ingestion.py
100644 blob 8c4030da65e10b3e622c02e5aebde12b4062a535	GarimpoInvestimentos/services/reporting.py
100644 blob 0dbddcc56c33cefab082f318cadc7a90952b4b96	GarimpoInvestimentos/trading/__init__.py
100644 blob 8930a6c255042bdf3a3c71da7c5976f425a4265f	GarimpoInvestimentos/trading/binance_spot_collector.py
100644 blob c6181454716ea081761de005689c7d73b73105e7	GarimpoInvestimentos/trading/contracts.py
100644 blob 965642d78f29703f6d130e940bd867fa439b46de	GarimpoInvestimentos/trading/cost_policy.py
100644 blob b012af36c8caba659a438ca31e568552670eef21	GarimpoInvestimentos/trading/costs.py
100644 blob f5bff96da3808e93de6a6c6b2969b7614dc6ca3c	GarimpoInvestimentos/trading/execution.py
100644 blob b6f769e71bfc9cfac6ae79f2f93cc06b1aa57be6	GarimpoInvestimentos/trading/microstructure.py
100644 blob 97fb4c9feaf37a5cb6317a3500b3c67aa0308013	GarimpoInvestimentos/trading/microstructure_quality.py
100644 blob 7223f4bef2ead9974f36ae50feea6eff2421cc85	GarimpoInvestimentos/trading/portfolio.py
100644 blob d8524806bea15839b5f5968c3ff488a1105e7140	GarimpoInvestimentos/trading/report.py
100644 blob a118d2d8f22f7fb361a171b45088716c93862715	GarimpoInvestimentos/trading/signal_adapter.py
100644 blob b5383b45c719895b16faec43bd1831033ad14363	GarimpoInvestimentos/trading/store.py
100644 blob efd4a99632ac99db70ecde30526da1423a1746d3	GarimpoInvestimentos/trials.harness_attestation.json
100644 blob 4b167246a3fa7c5383bb6c5e0d88d854d56b3353	GarimpoInvestimentos/trials.json
100644 blob 5f5787a5f7a6c273db5b692fc08b733f8cb2bdaa	GarimpoInvestimentos/trials.phase1_harness_attestation.json
100644 blob 423d1cd630f3460af096c0b23bfa72d828088629	GarimpoInvestimentos/trials_migrated_preview.json
100644 blob fe5cc9500311d5654d5fdf13b6afecdb7b274040	GarimpoInvestimentos/v3/__init__.py
100644 blob 5e22fb4e1767551883712de8aa1d5920d5b2668a	GarimpoInvestimentos/v3/backtest_v3.py
100644 blob 6b0f43abf7d9c747cd4c22be44da265c8733b08c	GarimpoInvestimentos/v3/circuit_breaker.py
100644 blob e69de29bb2d1d6434b8b29ae775ad8c2e48c5391	GarimpoInvestimentos/v3/collectors/__init__.py
100644 blob cd7cadbfebaa5cbebc250acb32d1df70747ae075	GarimpoInvestimentos/v3/collectors/binance_vision.py
100644 blob 18449a83cf61f66fefa285e9a6b7daf83d077cab	GarimpoInvestimentos/v3/collectors/funding_collector.py
100644 blob a0dacda138c250edb45ee21eef42eac6800eea26	GarimpoInvestimentos/v3/collectors/oi_collector.py
100644 blob bbccaade3254f501bfe2a7f591bf1b970a101633	GarimpoInvestimentos/v3/collectors/record_io.py
100644 blob bd1f9260e565fb791d36bfded7c92cf1bea5cb3a	GarimpoInvestimentos/v3/collectors/spot_collector.py
100644 blob cb84802592514ea2c1aec7819690f99b8b072b81	GarimpoInvestimentos/v3/costs.py
100644 blob 3d98c0b08b5f3400144460535b8ce4d7edc35049	GarimpoInvestimentos/v3/crowding_features.py
100644 blob 55e024736ae0ab0c5e488d6da6513cce3b852fbf	GarimpoInvestimentos/v3/daily.py
100644 blob af15d8e63fd0e6126ff0cb1adc5e93406b34e7c6	GarimpoInvestimentos/v3/economic_gate.py
100644 blob b2c92752d38e33d5383d04bb7a38aa0784e631b4	GarimpoInvestimentos/v3/feature_builder.py
100644 blob 614fbf96bd380a7286529d6be988eae50168a65e	GarimpoInvestimentos/v3/macro_features.py
100644 blob fe2b4c866397284a990cf3fd0703c41023b1c1ed	GarimpoInvestimentos/v3/paper_report.py
100644 blob 2b07e20e9c71e09765472bb17eba429ad062c02f	GarimpoInvestimentos/v3/paper_trader.py
100644 blob fb69990c89c0465c77663937df42edd89f7e1092	GarimpoInvestimentos/v3/pipeline.py
100644 blob 131b3ba505291f359014770ca288c10d75e3d40a	GarimpoInvestimentos/v3/regime_engine.py
100644 blob d7e5d6dab347d6ab2dfcce7c66b895e081fce5b6	GarimpoInvestimentos/v3/signal_engine.py
100644 blob b679414c0a6a03e19fcf65a9b9fda2ec137875e0	GarimpoInvestimentos/v3/timeindex.py
100644 blob 947e552fa61b22349bb5e0789fe686f39cfe768b	GarimpoInvestimentos/v3/vision_ingest.py
100644 blob 0ba4c7db8195ead0035ba1ceb151e5d405265904	GarimpoInvestimentos/watchdog.py
100644 blob 9787228ed6f8e25c108802c5c5284257b511197a	HANDOFF-2026-07-02.md
100644 blob 707b7dc31c421d06b237ae6b5e8ce5395f6868fa	HANDOFF-2026-08-14.md
100644 blob 089863d81325e39f66ad2c4ba5ed9180260e8192	HANDOFF.md
100644 blob f295347afe47ceec84b009d7b6e6fc3eb0eee79d	HANDOFF_HISTORICO_ATE_20260917.md
100644 blob 66702d4979ada9a947408a0be5a717b62409ec26	PUBLICATION_STATUS_20260912.md
100644 blob 2790a93c8be6566da4d30d38677630b0bd67d093	README.md
100644 blob 26b03e1cd9078664e58415b9f3c0b85e4aa4bdff	charters/binance_spot_microstructure_v1.json
100644 blob 1ffff9459557befa49cfda37f9537bbb4f33a4b3	charters/funding_oi_v3.json
100644 blob 684d9d66cbd9ade8671af51e832b1743de0d5c33	charters/h6_definition_frozen.json
100644 blob fb18172bba8df2ef3815782a935529c214055566	charters/scientific_state.json
100644 blob 1e59c9660ed8cb074a3bccffa9471b8a51a5a49f	charters/trend_following_spot_4h_v1.json
100644 blob 254ab884eb71149ae3fafb5d0aa01d27cbc67d85	compose.yaml
100644 blob 2feb021199d2e3e3ce720212f107944414106ca0	coverage-runtime.ini
100644 blob 6191da6919875511a14b6b4d721257b62f8d8343	cripto.cmd
100644 blob 9b773c393dc01b9bccc5c18e867a716f790f0b41	docs/AAVE_VALIDACAO_20260910.md
100644 blob 7d1fde9cb02da17ae1f4ffdb79e1040a7c2cb93d	docs/ADR-014_modelo_bitemporal.md
100644 blob bb26dc31f4815e6df224031c3d4e22af2d8d8ba4	docs/ADR-015_experiment_registry_e_trava_de_poder.md
100644 blob e025465af989b2d199beadb7dd739084c7340602	docs/API_GUARDS.md
100644 blob 4d16661dc13652a7afc8999897d35748abf2e757	docs/ARQUITETURA_CONSOLIDADA.md
100644 blob 0170d5b2b304a4e807a47ec03df0a59a22794c5a	docs/AUDITORIA_AMPLIADA_20260910.md
100644 blob 3bf2af8406204367db0d5660c317f336da2ca5b7	docs/AUDITORIA_DPL.md
100644 blob f8a765d39eece78cc198f820db87cba1354f6515	docs/AUDITORIA_HMM.md
100644 blob 2a6c8e1f3ed18a9362f2e5c2d54e19cebcd70e4d	docs/AUDITORIA_TECNICA_20260915.md
100644 blob fbcfabcf625ac4c379adf1c1a35cfad5eaf8f008	docs/BACKUP_RESTORE.md
100644 blob 4fed6210752c633f3e08840bcc616d1b90d62ab1	docs/BINANCE_SPOT_MICROSTRUCTURE.md
100644 blob ab26b38346733425c81ac604a04980d7816ba038	docs/COLLECTION_ONLY_OBSERVATION.md
100644 blob 55ef1d4bae32451e27c91fe760f57aecc179e1e3	docs/CONFERENCIA_ARQUIVOS_20260910.md
100644 blob cb3effac5987f70d4c76d21f061dbcf7b18e9894	docs/CONFERENCIA_CHAT_20260910.md
100644 blob 4802b8af0b61191b7a440bb833f8bc547c083c74	docs/CONFERENCIA_GERAL.md
100644 blob a9bdb326930e7219e2865c6aefed4b3deb8b9cdc	docs/CONFIGURACAO_LOCAL.md
100644 blob 7128bc7094949a6d7a2f397ccd28e3f551b40150	docs/CONSOLIDACAO_MAIN_20260915.md
100644 blob 9c4ae6aa736d41b595d124e40ad7ff3be6b7e49e	docs/COVERAGE_CLASSIFICATION.md
100644 blob c2833b23ce3ea11d52aaa2abe6c94c9c3cbe72eb	docs/CRON_H6_PROMPT.md
100644 blob 5edaf6a2f2544d8e068c259920a6f1c929bffa81	docs/CURRENT_RESEARCH_STATE_20260908.md
100644 blob 8324e814ce278a04ff85570936350ac0c5f6620c	docs/DECISAO_MERGE_DPL_DISCOVERY.md
100644 blob 43cd99f95b25eb315f701d33548857dd59b192d5	docs/DOSSIE_PLATAFORMA.md
100644 blob 7c51b76df0b9d2c195a59ab984a7abb99563f5da	docs/DPL_FASES_4_5.md
100644 blob 8de8aeb87f13b6bef5f455bbceb97c4a762fa07c	docs/ENGINEERING_CLOSURE_2026-08-27.md
100644 blob 37a9237885ddb40e737d216384c6f9a59f233a66	docs/ERRATA_2026-08-21.md
100644 blob c671d81c336260ba3039c27b848fe009c30acb3c	docs/ERRATA_AUDITORIA_20260915.md
100644 blob cc933ee07a1e0e27ef79078b02648a9154360419	docs/EVIDENCE_REGISTRY.md
100644 blob 6d84dc4e9b6c8a14ef011f79c14014d09047fe97	docs/EXTERNAL_INTELLIGENCE_V1.md
100644 blob ab9ce7ee737837314c53b7ce2b620d71bbe2bed8	docs/FAILURE_REPLAY.md
100644 blob 87af4690c6be26b4189b62b4a99fd696de7e3c26	docs/FECHAMENTO_PENDENCIAS_20260909.md
100644 blob d0fa2165cf09839da3f5ad87b852016ddb7dc66c	docs/FINAL_AUDIT_2026-07-20.md
100644 blob e01a8fc9385974f3c2327bdaf29b5bb97e1037bd	docs/FINAL_INTEGRATION_AUDIT.md
100644 blob fa7496c72c54f000734aec2e1c8366d6a188950e	docs/H5_ACOMPANHAMENTO_2026-07-25.md
100644 blob c8e6cf2048a5e8c7553728fd6547100c4b244763	docs/H6_REFREEZE_2026-08-27.md
100644 blob 71cb521b42657ba594a1df83ca5c3f61391e40e3	docs/HYPOTHESES.md
100644 blob de19a173e5657669849d9fb85766ba4534adad15	docs/LLM_PREFILTER.md
100644 blob eca655babfbc27067de15ea94bcaac23471055fe	docs/LOCAL_FOLDER_AUDIT.md
100644 blob c2854162908a9a6eb7a4a95b59ed0404aec0077a	docs/MAQUINA_DE_PRODUCAO.md
100644 blob c23560f2a0d4a7a03089d866578e92b3524656dd	docs/MIGRACAO_WINDOWS.md
100644 blob 960cff2d0ba5fbc4d812e3a2708d777a30dcc9a8	docs/NEWS_PROVIDERS.md
100644 blob ebb7028b19e97ba3e281a4058d41cfe86d64bf25	docs/NEXT_CHAT_PROMPT.md
100644 blob f2de948a9e06a223b3e06a6aecacfd4a07099373	docs/NEXT_TRIAL_SCIENTIFIC_GATE.md
100644 blob 5750585c43110dfcec3ca06b5ef13fb615afefb8	docs/OVERVIEW_E_ROADMAP_2026-08-21.md
100644 blob 21b1f43a72c849ad2b06a40d8a6c5a467c800d8f	docs/PANORAMA_2026-08-21.md
100644 blob 3f2b2926318465bb42e36152fa91b10ac606a93f	docs/POLITICA_DE_MERGE.md
100644 blob 24ae654f5d65d7b2b84c6d5d9d2a53c8923029d9	docs/PROFIT_RESEARCH.md
100644 blob 267de8139dfc049672387f309b184e282636753b	docs/PROJECT_STATE_20260907.md
100644 blob 6aa75346e1c88e4339e6e39a89df439b29063d4a	docs/PRONTIDAO_DADOS.md
100644 blob 4662e990a7332da43540e2afd53ec339c5580b94	docs/README.md
100644 blob 9c889513de15bccbf5161ee090c2577067593295	docs/RECONCILIACAO_V3.md
100644 blob bbd8202b18f501e8bcd166f4e9d1a03b019dd3ce	docs/RELATORIO_FINAL.md
100644 blob 677dcf803d418522bb5e7aab8da2dc5b38088bca	docs/RESEARCH_BUNDLE_V1.md
100644 blob 5530fb8f1853407d1dc5433a972d29b2138b608b	docs/RETROACTIVE_QUALITY_2026-08-27.md
100644 blob 6720ab0bec3af566fa0605503f11317e5d13a36b	docs/REVISAO_COMPLETA_20260909.md
100644 blob e8cba5a72c2f349d7581ac46bbd5719984f35169	docs/RISK_MGMT_E_CALIBRACAO_2026-08-27.md
100644 blob afce0ab6ae7c01baac02be0a57c83dae594ff68e	docs/RUNBOOK_COLETA_H6_WINDOWS.md
100644 blob fea55d17aa14e1c6e1c6d8c025dbc66cea8917e9	docs/SECURITY_INCIDENT_SERPAPI.md
100644 blob 11c04797a985d70e831cccb3b6622fca60c04b7e	docs/SESSION_HANDOFF_20260907.md
100644 blob 49f60aa1bce5cad813dee61c1439d9159cf24c06	docs/SESSION_HANDOFF_20260908.md
100644 blob ce32550b965965a3428b12f145d930f7ef781a78	docs/TRADING_LAYER_INVENTORY.md
100644 blob c5c7c5d2924d5a2335f78d51f28d9e41c3788a56	docs/TRIAL_TEMPLATE_MULTI_NEWS_PREFILTER.md
100644 blob 36039793573ef6beb5013647b9b03a76c71177f1	docs/case_studies/CASE-CR-001-custos-comem-sinal.md
100644 blob b5dfdb0e8be410a30c5a4c26c098b6ab02212f43	docs/case_studies/CASE-CR-002-llm-prospectivo-negativo.md
100644 blob 516ed523fc3413ad989aa1a7d05d240a608e99e1	docs/case_studies/CASE-CR-003-multiplas-hipoteses-sem-falso-vencedor.md
100644 blob e9d6689684a96592f0518b894ff23f1d7105c292	docs/case_studies/CASE-CR-004-bitemporalidade.md
100644 blob bbed39c527445219c9ba6de8ed2d853787140289	docs/continuity_20260909/DEPENDENCIAS.md
100644 blob 84fb3f9de416a698aa4d1ec4796be20cd87021b8	docs/continuity_20260909/MANIFEST.json
100644 blob ec09e1f3fa4ed98fcfcab22405cdd91162a0609f	docs/continuity_20260909/PUBLICATION_VALIDATION.json
100644 blob d8ca531f8a18fccdff50fdb4c046deec5e3509f1	docs/continuity_20260909/README.md
100644 blob e3012be350a21f819f74b4b6c1e0be519e63233f	docs/continuity_20260909/RESOLUCAO_PR110.md
100644 blob d07be335db6a4133590a410a06a84fcc31421eea	docs/continuity_20260909/data-20260907-altcoins-altcoin-data.zip
100644 blob 259796fb9e2104091f9fb95247f72941842a3cdf	docs/continuity_20260909/data-20260907-altcoins-altcoin-forward-data.zip
100644 blob cf20ddddea5481155e1b7c9f1d51559353d2aed4	docs/continuity_20260909/data-20260907-altcoins-altcoin-payoff-data.zip
100644 blob b63b2543a9598917a0e4569755aca7794a9fdf47	docs/continuity_20260909/data-20260907-altcoins-altcoin-profit-data.zip
100644 blob 3a6201823a94276d5c36517e95b19c7c0f8cd778	docs/continuity_20260909/data-20260907-altcoins-altcoin-retro-data.zip
100644 blob cffb9d7bbeffb2b4069c5536c8cd6b1ff253d596	docs/continuity_20260909/data-20260907-altcoins-altcoin-reviewed-data.zip
100644 blob 031e467593033a156acbf12b4161707fafbea7bd	docs/continuity_20260909/data-20260907-altcoins-carry-data.zip
100644 blob 741168c15ed5d374f71e2dae271aa81ced87bf05	docs/continuity_20260909/data-20260907-altcoins-public-sources.zip
100644 blob 2598f8298cc4d286788bf5297c345402f6239bd7	docs/continuity_20260909/data-20260907-altcoins-review-ci-data.zip
100644 blob 6d75924c17b96ee21d27c40b82681ee4a2ac6d3e	docs/continuity_20260909/data-20260907-altcoins-review-test-data.zip
100644 blob 9fda9999eac2729f4f5566bfceaebb9a1a682a3c	docs/continuity_20260909/data-20260907-pesquisa-basis-research-data.zip
100644 blob 31d36b558557f4f2cc49a6a20232fcb36c09968b	docs/continuity_20260909/data-20260907-pesquisa-carry-forward-data.zip
100644 blob dd6ed9219f5f5cc818edca03e655608277dd9f84	docs/continuity_20260909/data-20260907-pesquisa-carry-research-data.zip
100644 blob a2539e4b1f0c4b147cd1a196158a9934f3f0c633	docs/continuity_20260909/data-20260907-pesquisa-immediate-audit-data.zip
100644 blob 2fd940c9f40ff05504eb16da1dee1e7ace145fe6	docs/continuity_20260909/data-20260907-pesquisa-model-research-sources.zip
100644 blob c9ebd1a0b20d37c8d6f91f0123ba04574ed325e8	docs/continuity_20260909/data-operacao-v2.zip
100644 blob 31ecdb2e79b3dd70d058c1487d9c1305dc7c0f34	docs/continuity_20260909/local-root/AGENTS.md
100644 blob c77d361a2280b90dc735cba06c00902d455848ab	docs/continuity_20260909/local-root/CRIPTO.cmd
100644 blob 9791451e55f0362051345ae065bad775139e2e18	docs/continuity_20260909/local-root/LEIA_PRIMEIRO.md
100644 blob f7f56c52081b68ff5c546a8ccadb2cc93515ed4c	docs/continuity_20260909/local-root/VALIDACAO.json
100644 blob 16dfd455fa8d6ac636449c0505cb20766029a369	docs/continuity_20260909/operational-diagnostic-final-20260910.zip
100644 blob 470506c7efb5c83ceb9627d8b85271e3f246e888	docs/continuity_20260909/operational-diagnostics.zip
100644 blob 7dc5ea383026b4fe4985f4ec20993db4f0bca29f	docs/continuity_20260909/reports-fechamento_pendencias_20260909.zip
100644 blob e63263104dbb4a1800c4d101c4b778d7ab93cb43	docs/continuity_20260909/reports-final-review-20260910.zip
100644 blob fb9258a7513ba601c301c3f9f843a816f2e47ced	docs/continuity_20260909/reports-prontidao_dados_20260909t190147z.zip
100644 blob eb79d6215f60d8e52e5faf2d73f265ac70cdcf2f	docs/continuity_20260909/reports-repasse_revisao_completa_20260909.zip
100644 blob 409fa10eb3b6bb065c7062a166388aaaaf8cc01f	docs/continuity_20260909/reports-revisao_completa_20260909.zip
100644 blob 0b537c0241d60e8d87c16466e3c1eb3ed3be9f28	docs/continuity_20260909/reports-root.zip
100644 blob b88470817830ad83a5c1e80a93fbd7c0aeccf54a	docs/continuity_20260909/restore_archives.py
100644 blob 3e411ebaba94043bdd7fc676fa557c6fa1741272	docs/continuity_20260910/MANIFEST.json
100644 blob db61b2d901713093cfd3968f7c8d7512f313f523	docs/continuity_20260910/PRIVACIDADE.json
100644 blob 7329b3eb1896c8eb9bc23abf48b3b3d21a0961da	docs/continuity_20260910/README.md
100644 blob c2420fcbb7a7660f932528f270bd76ae7f67db12	docs/continuity_20260910/VALIDACAO.json
100644 blob 24648fdc49997e8290a7dcca7e6e4d2c6b0d9379	docs/continuity_20260910/build_final_continuity_20260910.py.source
100644 blob e8fcb7a05e24d0d48294f4788f39cd94919a1b85	docs/continuity_20260910/complete_capture_classification_20260910.py.source
100644 blob f6d54817aa8f77428013f309fe0b6ccfe8fa4f81	docs/continuity_20260910/dados-20260910.zip
100644 blob 300fa33652270ab0d10f3d7e49ea7bf41453ffed	docs/continuity_20260910/diagnostico-20260910.zip
100644 blob dab2ec4e87e84fe45481ac9387b02df75827caca	docs/continuity_20260910/perfil-20260910.zip
100644 blob a9cf15081399a017b89f43080cfb2f3f495e0116	docs/continuity_20260910/prepare_final_continuity_20260910.py.source
100644 blob b88470817830ad83a5c1e80a93fbd7c0aeccf54a	docs/continuity_20260910/restore_archives.py
100644 blob 08a436bf233a8f765296910a7d442e6fc10d5d47	docs/continuity_20260910/revisao-20260910.zip
100644 blob e6b088df2a67e361582358dab032a5c142923129	docs/continuity_20260910/saidas-20260910.zip
100644 blob 07247e2d74d66513644d1919ff518fd3782b03ca	docs/continuity_20260910/verify_final_continuity_20260910.py.source
100644 blob 22656423d115acebd33801c479fdb884c1906580	docs/continuity_20260911/EVIDENCE_MANIFEST.json
100644 blob 5b211b0269e28abd6bbfb48a56e0838ae2e464ed	docs/continuity_20260911/GIT_BYTES.json
100644 blob 1533141ceeeaa1107e159dfb4059bf46d6e2ec78	docs/continuity_20260911/README.md
100644 blob c8e233c8b4b1d27c6f319fda1101af99cc52dc69	docs/continuity_20260919/AUDITORIA_ECONOMICA_SEQUENCIAL_20260919.md
100644 blob 99c5698acacf83e53a17c164bc65c104dfd6fea3	docs/continuity_20260919/BASELINE_V1.json
100644 blob 405141cbe28bda5cb2774b42ad443f64cca95622	docs/continuity_20260919/BTC_CAUSAL_LEDGER_V2.json
100644 blob 566f4f46bf7ae3222915dcd071d45a7b352e9aee	docs/continuity_20260919/ETH_CAUSAL_LEDGER_V2.json
100644 blob a012a04374b2ed2fc7bc1f6a34a899cd131c6421	docs/continuity_20260919/LEVEL2_EXECUTION.json
100644 blob 2517c4aa94eb4c84a71645172b5655d08a00bad0	docs/continuity_20260919/LEVEL2_SUMMARY.json
100644 blob cccc217a90d5398269f1429d4f85bb40dad160b8	docs/continuity_20260919/MANIFEST.json
100644 blob 7a956f406a184698520b8ca2cb7f7674e3b71a4f	docs/continuity_20260919/PROFIT_RECOVERY_EXECUTION.md
100644 blob 69d60bcfae9321d13d9bcfd6c86653ae14e30cf4	docs/continuity_20260919/README.md
100644 blob fdae3f83126beec06503d5e733eeb44f3a505333	docs/continuity_20260919/REUSE_VERIFY_GAP_EXECUTION.md
100644 blob c1e84a174d352dc53942b5aae6692f46fc4fcebe	docs/continuity_20260919/SOL_CAUSAL_LEDGER_V2.json
100644 blob 464c4cd269bdb55a4c3f42df26d255b6b882bfc1	docs/continuity_20260919/profit_recovery_v1/BTC_REPLAY_20260919.json
100644 blob 055e46ff90f6e798165defea00d6fc3d7fb7fbdf	docs/continuity_20260919/profit_recovery_v1/BTC_REPLAY_V1_1_20260919.json
100644 blob db5c906fff0a39196ac914c95789e4d66f952bfd	docs/continuity_20260919/profit_recovery_v1/BTC_REPLAY_V1_20260919.json
100644 blob 6e62807dc22c93932d77b2534cc978553a7e8884	docs/continuity_20260919/profit_recovery_v1/PAPER_PORTFOLIO_SYNTHETIC_CONTROL_V1.json
100644 blob 3163a3e315bf1a896cd8020d923edf3b1af06c52	docs/continuity_20260919/profit_recovery_v1/PROSPECTIVE_TRIAL_V1.json
100644 blob 2a5a465fc9e8d873885e4dde86dda23e4fca650c	docs/continuity_20260919/profit_recovery_v1/RADAR_STATUS_20260919.json
100644 blob 7241ed96139ce01303f3ea15be2ea9a9d97bd41b	docs/engineering_controls/20260920/pre-renewal/README.md
100644 blob fde4bcbddf69179f25d8803bffe16d62a292a1df	docs/engineering_controls/20260920/pre-renewal/trials.harness_attestation.json
100644 blob e3113aaa1cb4967753ba8a9aeab6ba10a3deb343	docs/engineering_controls/20260920/pre-renewal/trials.phase1_harness_attestation.json
100644 blob a0c0f4cbf1535608d741cd9557ecc056059f62dd	docs/evidence/aave_validation_20260910/MANIFEST.json
100644 blob a00c2497a9d4423b520dd4e89ac6a03f18fd4f34	docs/evidence/aave_validation_20260910/conversion_quote/01.json
100644 blob b80201ab98e7eacacf6a083d15dc89c65728fe15	docs/evidence/aave_validation_20260910/conversion_quote/02.json
100644 blob 68bfcee995629eb9a2befaf16c6b7d2208cfbc99	docs/evidence/aave_validation_20260910/conversion_quote/03.json
100644 blob 734eeb1da000f5a8a4829974fc5277850a492518	docs/evidence/aave_validation_20260910/conversion_quote/04.json
100644 blob 293a9402eeaea176882f7f839900a4f627187cfa	docs/evidence/aave_validation_20260910/conversion_quote/executed.source
100644 blob 16ada1cd502c532dc4626e083fa796517ad07966	docs/evidence/aave_validation_20260910/conversion_quote/manifest.json
100644 blob bd3170894bfaa8aa1ba693100de95ea05cd58b82	docs/evidence/aave_validation_20260910/conversion_quote/result.json
100644 blob 6cc97e97594b3937c4a18fbaa8ef19e586e981bf	docs/evidence/aave_validation_20260910/conversion_quote/scope.json
100644 blob 3c8e635f2bb42e71273904dd3ef961c80fc97b00	docs/evidence/aave_validation_20260910/execution_attempt01/executed.source
100644 blob a9b08a35c59ae221a5c45398249e1a1844913f2f	docs/evidence/aave_validation_20260910/execution_attempt01/manifest.json
100644 blob d7a5c396b3b77b8bbfca37d2825c64e31d06421d	docs/evidence/aave_validation_20260910/execution_attempt01/raw/001.json
100644 blob 25fbf96b36b336205e7995c2e953b2fd2dc35f6e	docs/evidence/aave_validation_20260910/execution_attempt01/raw/002.json
100644 blob bab886279721f25a963385da9d953ea89ffc1706	docs/evidence/aave_validation_20260910/execution_attempt01/raw/003.json
100644 blob 1a84a5afaac026b59ea1e93963f6daee0906e048	docs/evidence/aave_validation_20260910/execution_attempt01/raw/004.json
100644 blob 8db5bbb077db840cc8dc87891335c829c5942b05	docs/evidence/aave_validation_20260910/execution_attempt01/raw/005.json
100644 blob f2f8a8f549db074ddc1afdc8b6ab2da89f4f836c	docs/evidence/aave_validation_20260910/execution_attempt01/raw/006.json
100644 blob a2e279fc95039506a06a35c28e302b0099f0a36e	docs/evidence/aave_validation_20260910/execution_attempt01/result.json
100644 blob 763b414b588367b27621cfa4fea08c1d2370b335	docs/evidence/aave_validation_20260910/execution_attempt01/scope.json
100644 blob cbe8ddf89f4e7a6a3a11f568166c9cbdd468efb7	docs/evidence/aave_validation_20260910/execution_receipts/events.json
100644 blob 2c3329d0a13bf9c1862871ef5db7e2835974e391	docs/evidence/aave_validation_20260910/execution_receipts/executed.source
100644 blob 1edd4f983059b14580ce37c322243dff93c525a8	docs/evidence/aave_validation_20260910/execution_receipts/manifest.json
100644 blob d62a0098971eef84436ce1e4a95946546ac069a4	docs/evidence/aave_validation_20260910/execution_receipts/raw/001.json
100644 blob 204e7c7b712ead6bd43f22e55b6bfa77c6f72535	docs/evidence/aave_validation_20260910/execution_receipts/raw/002.json
100644 blob 040b7785289cc7b210a04767cc7ef4a1054c5a5c	docs/evidence/aave_validation_20260910/execution_receipts/raw/003.json
100644 blob 3b9febfd5bd04ce479bd74157280fc6a2730329f	docs/evidence/aave_validation_20260910/execution_receipts/raw/004.json
100644 blob c1119a68adee39c2d35e6b9efebabe564d8807c6	docs/evidence/aave_validation_20260910/execution_receipts/raw/005.json
100644 blob 63af19a4d952b904ec1101cbf06e5bfa92426b90	docs/evidence/aave_validation_20260910/execution_receipts/raw/006.json
100644 blob 5e859ad179e7b8b2f85593af2bb94adafccb1e69	docs/evidence/aave_validation_20260910/execution_receipts/raw/007.json
100644 blob 0f0a8c6e29b91d83f468214e4da112ab81f0b41a	docs/evidence/aave_validation_20260910/execution_receipts/raw/008.json
100644 blob 0e8b9d7fd5ea3aa9e7facb5fbff734db225e946c	docs/evidence/aave_validation_20260910/execution_receipts/raw/009.json
100644 blob d34daa0047c0c561302b43b41d8e25003b7e05da	docs/evidence/aave_validation_20260910/execution_receipts/raw/010.json
100644 blob 3aa88db128828b0521d32876f5ce70f4b6ea8e49	docs/evidence/aave_validation_20260910/execution_receipts/raw/011.json
100644 blob 5e9d3d5d4572b2e65d0fa8b4dcc24870284290df	docs/evidence/aave_validation_20260910/execution_receipts/raw/012.json
100644 blob ab455cd32983c81669dfc4ddb6b9e12914cb8c4b	docs/evidence/aave_validation_20260910/execution_receipts/raw/013.json
100644 blob 6ae0981cbf1d94cb66be57ed5c6e2004f10e2875	docs/evidence/aave_validation_20260910/execution_receipts/raw/014.json
100644 blob ce26e75ce412c8dfe78413fe70e0645bcbb65c0a	docs/evidence/aave_validation_20260910/execution_receipts/raw/015.json
100644 blob 18c34bf50a60e32de1293cd3ad88a1910c9cbfd0	docs/evidence/aave_validation_20260910/execution_receipts/raw/016.json
100644 blob 1940b119e19189d7d46a06617c8a6e1c5cb65278	docs/evidence/aave_validation_20260910/execution_receipts/raw/017.json
100644 blob da474f886361d3f205e3e550e697ce5f876e98e5	docs/evidence/aave_validation_20260910/execution_receipts/raw/018.json
100644 blob b184af2c68ab67c0d83e80b634dc426e8d9460e5	docs/evidence/aave_validation_20260910/execution_receipts/raw/019.json
100644 blob 420e242a3f8a3817434478f5fab607296943f7e5	docs/evidence/aave_validation_20260910/execution_receipts/raw/020.json
100644 blob a6ad1b162a2ad33f8e7f21127bf1dc53fffd9a9a	docs/evidence/aave_validation_20260910/execution_receipts/raw/021.json
100644 blob 0575e4f4d7912ea5ece1eeae749da7b37a6e3438	docs/evidence/aave_validation_20260910/execution_receipts/raw/022.json
100644 blob 15ca9c4c10abef590cb4945a0920583e1d2e2018	docs/evidence/aave_validation_20260910/execution_receipts/raw/023.json
100644 blob 4d90898f6ddf7c7c7de94a0f0efbdfe26947ec10	docs/evidence/aave_validation_20260910/execution_receipts/raw/024.json
100644 blob f1d7862f3ba4130a25c8af0f4af6c4c9347ae2e2	docs/evidence/aave_validation_20260910/execution_receipts/raw/025.json
100644 blob 5a633d8eaa5ad28f1b1e7e5cb109a528f23a1b6a	docs/evidence/aave_validation_20260910/execution_receipts/raw/026.json
100644 blob da2c31321645606d35d3c8d6d841503e30d2e23a	docs/evidence/aave_validation_20260910/execution_receipts/raw/027.json
100644 blob 2a0371d7666c1fb4ebe94ac7927593c23c77a386	docs/evidence/aave_validation_20260910/execution_receipts/raw/028.json
100644 blob eb0a081a19d4e6e540c9dc4fb2175229f696cc83	docs/evidence/aave_validation_20260910/execution_receipts/raw/029.json
100644 blob 55e1eaffe967bf2ab3902a8a1bf869a2aeac7076	docs/evidence/aave_validation_20260910/execution_receipts/raw/030.json
100644 blob 29b9fbb601b4e86d28302525c5cf462043ac4599	docs/evidence/aave_validation_20260910/execution_receipts/raw/031.json
100644 blob 62cfbe250d14b0cf88101a7fd09ed24dfa9e31cb	docs/evidence/aave_validation_20260910/execution_receipts/raw/032.json
100644 blob 4044fa5305c099bffe766b6189205bdb2531bd21	docs/evidence/aave_validation_20260910/execution_receipts/raw/033.json
100644 blob bfbc29e2f9523a49f6262f34c3458623d8435a65	docs/evidence/aave_validation_20260910/execution_receipts/raw/034.json
100644 blob c599e733a715ec4f51ab71c2b8a567241cead520	docs/evidence/aave_validation_20260910/execution_receipts/raw/035.json
100644 blob 87158744280f40a13821739ca5e31c86033cf3b8	docs/evidence/aave_validation_20260910/execution_receipts/raw/036.json
100644 blob 894883f58b62a66e5815b9cf7fb6964c69de5463	docs/evidence/aave_validation_20260910/execution_receipts/raw/037.json
100644 blob 008614b30e52f9cbebe415bd906535853e5993b0	docs/evidence/aave_validation_20260910/execution_receipts/raw/038.json
100644 blob 8dda4377889b917f326410fb036d2fb26178147d	docs/evidence/aave_validation_20260910/execution_receipts/raw/039.json
100644 blob aae4680e3db1e36a6f940bc930708ad3ac4e5c06	docs/evidence/aave_validation_20260910/execution_receipts/raw/040.json
100644 blob b7e92c8f4752e2ca370c6c118cb9969a44f06c26	docs/evidence/aave_validation_20260910/execution_receipts/raw/041.json
100644 blob 5ff87133d7983d2ce9a38c060e3a5cf43f4e2768	docs/evidence/aave_validation_20260910/execution_receipts/raw/042.json
100644 blob 942fc6b1a146a17a35eb73997f5fa75e454f4a37	docs/evidence/aave_validation_20260910/execution_receipts/raw/043.json
100644 blob 2bf90a89130e1a62a1729b0c571db5b13d5aa332	docs/evidence/aave_validation_20260910/execution_receipts/raw/044.json
100644 blob 7cf7a3e1cc18165b3cc8156d8e4a3eee35fe5997	docs/evidence/aave_validation_20260910/execution_receipts/raw/045.json
100644 blob 0082c52e8f6eb2857c440dd756d98347063eb14e	docs/evidence/aave_validation_20260910/execution_receipts/raw/046.json
100644 blob c12b3004923af503ffb45e9374f94391ae6d1bee	docs/evidence/aave_validation_20260910/execution_receipts/raw/047.json
100644 blob f17529a882e5a13f3f7af0a18f6d65cf94e6eae0	docs/evidence/aave_validation_20260910/execution_receipts/raw/048.json
100644 blob 3edba8f1661bd7fa8ea3eafebc5f934d489033fc	docs/evidence/aave_validation_20260910/execution_receipts/raw/049.json
100644 blob 85e61fb42c15e234cd68097169a126a55f904073	docs/evidence/aave_validation_20260910/execution_receipts/raw/050.json
100644 blob 7843c5f2a3b6f4863374be2f78755d92d11e937a	docs/evidence/aave_validation_20260910/execution_receipts/raw/051.json
100644 blob a53d888f39cf421faefeaa3bf531c98d967dfcb5	docs/evidence/aave_validation_20260910/execution_receipts/raw/052.json
100644 blob 9c9c44ec7d923cdf41f4b36c3dbc81b93329085d	docs/evidence/aave_validation_20260910/execution_receipts/raw/053.json
100644 blob 04b56075b49e2138528a50a38f9e75b67cd58af7	docs/evidence/aave_validation_20260910/execution_receipts/raw/054.json
100644 blob 8ef06729888567ba6e62cbf8710e2f0d9fc5e47b	docs/evidence/aave_validation_20260910/execution_receipts/raw/055.json
100644 blob eba495d96e713e35ee331ed427cc58e0883bbff3	docs/evidence/aave_validation_20260910/execution_receipts/raw/056.json
100644 blob 948875cb20c41d7e4cd166906e76b563f402a801	docs/evidence/aave_validation_20260910/execution_receipts/raw/057.json
100644 blob b31729987c94b3c762ba7a450b839d648cfb1489	docs/evidence/aave_validation_20260910/execution_receipts/raw/058.json
100644 blob b10f734fbeeec1fa9bd0cefc90b74afc4110546e	docs/evidence/aave_validation_20260910/execution_receipts/raw/059.json
100644 blob d987e8e403f95926885772e9521cf1bece28b345	docs/evidence/aave_validation_20260910/execution_receipts/raw/060.json
100644 blob 08ad8d206d83d5252e809cc44014b0c8fce5c50b	docs/evidence/aave_validation_20260910/execution_receipts/raw/061.json
100644 blob f375318dda9a3706d2d83cfc8490d6e5a03fa714	docs/evidence/aave_validation_20260910/execution_receipts/raw/062.json
100644 blob 121bb6fd87fae175aad9c1e5c6dbcf537a3e8412	docs/evidence/aave_validation_20260910/execution_receipts/raw/063.json
100644 blob 596bf3f721acfdd7a552f422858c4ca870ed498e	docs/evidence/aave_validation_20260910/execution_receipts/raw/064.json
100644 blob 58d6a31e035a0877d7453d5a73b0ff34a026977c	docs/evidence/aave_validation_20260910/execution_receipts/raw/065.json
100644 blob 11c940726aa2ade5d961b8a6420c39f2d1a909db	docs/evidence/aave_validation_20260910/execution_receipts/raw/066.json
100644 blob eb71a421b9e75a372320b4f690a93d4f35cfddc7	docs/evidence/aave_validation_20260910/execution_receipts/raw/067.json
100644 blob 541407a6853f9f83352fddede1b39671e76976f7	docs/evidence/aave_validation_20260910/execution_receipts/raw/068.json
100644 blob 27ff6d0cfeb3d6d9da788ecfec8f55bb16d1402e	docs/evidence/aave_validation_20260910/execution_receipts/raw/069.json
100644 blob dfaf933b1be25b73c255090fbc5cd87222e55b2e	docs/evidence/aave_validation_20260910/execution_receipts/raw/070.json
100644 blob 3e36d739e6ddfef8906abd05a812c3d203eb1b04	docs/evidence/aave_validation_20260910/execution_receipts/raw/071.json
100644 blob 0a6a8634436f0a7ca3f5f767e3371f1216c947da	docs/evidence/aave_validation_20260910/execution_receipts/raw/072.json
100644 blob a89a010ef51e65c6fa78b3f6a7db0183840acb5d	docs/evidence/aave_validation_20260910/execution_receipts/raw/073.json
100644 blob b654393c67ce44a87d75d1a0d8375e7e56f612ea	docs/evidence/aave_validation_20260910/execution_receipts/raw/074.json
100644 blob 5c4ca7e0022cd78c8616e12f8e6393db3ac237c5	docs/evidence/aave_validation_20260910/execution_receipts/raw/075.json
100644 blob f97c01e6ba496baadebb75d5c7091fc2a58bc64d	docs/evidence/aave_validation_20260910/execution_receipts/raw/076.json
100644 blob 51bd31c6d3265d0ec75f8a9643dad03af9b2155f	docs/evidence/aave_validation_20260910/execution_receipts/raw/077.json
100644 blob 154d1dfc18a2d86e26c23374c395ae8c60d0f5b9	docs/evidence/aave_validation_20260910/execution_receipts/raw/078.json
100644 blob b62fc56472f666430f585e45cbaaf144d116f1c0	docs/evidence/aave_validation_20260910/execution_receipts/raw/079.json
100644 blob a9fd7810d831ae089d97c7f7a37cd38ff7da2fd7	docs/evidence/aave_validation_20260910/execution_receipts/raw/080.json
100644 blob 2cbf55296171428f1076800f016ec44d63bb6c37	docs/evidence/aave_validation_20260910/execution_receipts/raw/081.json
100644 blob 0ea2e27becf1c73b2184339cda553d94b72e3699	docs/evidence/aave_validation_20260910/execution_receipts/raw/082.json
100644 blob df8c7a1ac51ba0fc0db9fce063b692ff00656ab7	docs/evidence/aave_validation_20260910/execution_receipts/raw/083.json
100644 blob 715eef69523c3e5e72f866c1ca3dc762e0da8498	docs/evidence/aave_validation_20260910/execution_receipts/raw/084.json
100644 blob 164523015e4244e7a4cdf9d0cb80d10529a3795e	docs/evidence/aave_validation_20260910/execution_receipts/raw/085.json
100644 blob cdb917ca57d4e17cd732fca3639d69f96eeb240f	docs/evidence/aave_validation_20260910/execution_receipts/raw/086.json
100644 blob 2cd8fe2f432d98dcfaac0460602332f1012ac23b	docs/evidence/aave_validation_20260910/execution_receipts/raw/087.json
100644 blob 120d0d477ae5734d95967fdd0f8fa19eadcac3aa	docs/evidence/aave_validation_20260910/execution_receipts/raw/088.json
100644 blob ee4990106693cb63b5197a7bc2f8493198bfb757	docs/evidence/aave_validation_20260910/execution_receipts/raw/089.json
100644 blob 36b506884323631efc04b015be9138235ad07e0b	docs/evidence/aave_validation_20260910/execution_receipts/raw/090.json
100644 blob 2ec69e77f86fdc64f9bd9ec87d4096b0bcedb6d2	docs/evidence/aave_validation_20260910/execution_receipts/raw/091.json
100644 blob c59216c830abd130ef2fea13dba3bcf9975d6a6a	docs/evidence/aave_validation_20260910/execution_receipts/raw/092.json
100644 blob 95227eebccac3b3e2f9c9106190e8ca260f47c7b	docs/evidence/aave_validation_20260910/execution_receipts/raw/093.json
100644 blob c179565d09c0a875f78c94a9c70dceee602d67a5	docs/evidence/aave_validation_20260910/execution_receipts/raw/094.json
100644 blob f1780445ab30cf5fc625463233b02d73de97cd0e	docs/evidence/aave_validation_20260910/execution_receipts/raw/095.json
100644 blob 0330b27d023d8b63340300f15508d6c184b120c5	docs/evidence/aave_validation_20260910/execution_receipts/raw/096.json
100644 blob ed9d9b011ba731da78d1d2a164721b568f7feab0	docs/evidence/aave_validation_20260910/execution_receipts/raw/097.json
100644 blob fe270c7ef5dd16bdeb54027fd6b959b53338bac2	docs/evidence/aave_validation_20260910/execution_receipts/raw/098.json
100644 blob f31992c6780f1e4167fbbfb12f00cfe3f66bf9bd	docs/evidence/aave_validation_20260910/execution_receipts/raw/099.json
100644 blob c29772299871a36693905942174d6a8ec51e085a	docs/evidence/aave_validation_20260910/execution_receipts/raw/100.json
100644 blob 8bb37aa2fbe95861e0d64b753c9203404c5e1988	docs/evidence/aave_validation_20260910/execution_receipts/raw/101.json
100644 blob 8997b818c58d838ff76e0de76f707d8f4b2995d4	docs/evidence/aave_validation_20260910/execution_receipts/raw/102.json
100644 blob 3c379c7de6ec72f6648d282db3a481413701dd6f	docs/evidence/aave_validation_20260910/execution_receipts/raw/103.json
100644 blob 360e800248ae64af6cbd1aa4dcbd0481a23a54c4	docs/evidence/aave_validation_20260910/execution_receipts/raw/104.json
100644 blob 11da26a109f3998487de8154465c000666df4758	docs/evidence/aave_validation_20260910/execution_receipts/raw/105.json
100644 blob 7e81adfc36af2a9ed75e419d42d67c3b27d618e2	docs/evidence/aave_validation_20260910/execution_receipts/raw/106.json
100644 blob fd3f0c00bfcd41304d52d04edc763ec94b12d196	docs/evidence/aave_validation_20260910/execution_receipts/raw/107.json
100644 blob 6d59fb5a362e03e21b84fceb4bd953a59f44fbc9	docs/evidence/aave_validation_20260910/execution_receipts/raw/108.json
100644 blob f0855e6d779355f841d7bdc598bd0544cca8ec5c	docs/evidence/aave_validation_20260910/execution_receipts/raw/109.json
100644 blob 97d9c59cd6f29d304d0cd1cb503eb5b6cb8bccd4	docs/evidence/aave_validation_20260910/execution_receipts/result.json
100644 blob 50ac4cf65d3442a0c284121ab3a0953170c66963	docs/evidence/aave_validation_20260910/execution_receipts/scope.json
100644 blob 4cfc79c7915511884f4fcd5112fbdfa32b1ee6be	docs/evidence/aave_validation_20260910/funded_costs/accounting-amendment.json
100644 blob 2c7d3fbc2f5ed2b441c8cbaf4b724940407875b4	docs/evidence/aave_validation_20260910/funded_costs/executed.source
100644 blob c319db9f2a18457a300abffb817dca540fa938b7	docs/evidence/aave_validation_20260910/funded_costs/manifest.json
100644 blob 86758a4df83d220bc3573aca774ab3fc6ccb6b83	docs/evidence/aave_validation_20260910/funded_costs/results.json
100644 blob 316cc4393d58c22e149c35c4ddd0d6e060bfbdcc	docs/evidence/aave_validation_20260910/history/acquisition-result.json
100644 blob 4f410fc31c89981575b519063e376778f2abe674	docs/evidence/aave_validation_20260910/history/acquisition-start.json
100644 blob e3ffd1c118a1acf3e6810891fcf97e3b38bfdd85	docs/evidence/aave_validation_20260910/history/current-finalized.json
100644 blob e62b666b231ab5185272ac96bc16a31ba73502a9	docs/evidence/aave_validation_20260910/history/economic-results.json
100644 blob 94a15ccbfbfc10fba40a2235054145f5fe680fed	docs/evidence/aave_validation_20260910/history/executed.source
100644 blob ef1de3f427a72e641fc8d86f1d4949448ee4d7bf	docs/evidence/aave_validation_20260910/history/history.json
100644 blob 9bd03908c4351422e7abbd79e692eb0280628757	docs/evidence/aave_validation_20260910/history/manifest.json
100644 blob 7a217c0347da130758ae893a9e699a0562761d15	docs/evidence/aave_validation_20260910/history/month-00.json
100644 blob 3ab7320e511f3b24dbfd318daec30cd194cf735f	docs/evidence/aave_validation_20260910/history/month-01.json
100644 blob 1b054a1ecd766ba16e1673354bca2879d0e10ad9	docs/evidence/aave_validation_20260910/history/month-02.json
100644 blob bb1fc4ec37d8354dd2ff01a355c39056be197d6b	docs/evidence/aave_validation_20260910/history/month-03.json
100644 blob 0932e91d3706ba64c3d50b1ac1eccaa03cdca055	docs/evidence/aave_validation_20260910/history/month-04.json
100644 blob bca58f8dee5463f654ec02c549e2f5c1fca22627	docs/evidence/aave_validation_20260910/history/month-05.json
100644 blob 19cc135127111629a980217ed38602b2c7c6e701	docs/evidence/aave_validation_20260910/history/month-06.json
100644 blob 8eca0bad1efeb2def4581cbb456327c2abf0673e	docs/evidence/aave_validation_20260910/history/month-07.json
100644 blob 16bef1e772164339687274d6bc5f8ea1a16a10fb	docs/evidence/aave_validation_20260910/history/month-08.json
100644 blob 7cecd76613b0fe89cb390c5a83978a61e4fc2548	docs/evidence/aave_validation_20260910/history/month-09.json
100644 blob cfa37761f7b87360591f516fb792d8818b575fa3	docs/evidence/aave_validation_20260910/history/month-10.json
100644 blob e187979714a9d7d2a75f8ab0355027a17e0b221c	docs/evidence/aave_validation_20260910/history/month-11.json
100644 blob 881a38d9efbd4c5b42dd5cba7a21130a4906242b	docs/evidence/aave_validation_20260910/history/month-12.json
100644 blob fbf195ae61092b81b4bb486450f0f8e38acd00cd	docs/evidence/aave_validation_20260910/history/month-13.json
100644 blob 9098c7cb28b4f6891f7662e66e7a8c37f8571bd7	docs/evidence/aave_validation_20260910/history/month-14.json
100644 blob ddeb68da5f15b18163aac8bd8522501f6b27bfb7	docs/evidence/aave_validation_20260910/history/month-15.json
100644 blob 4358e99fb5f37ec1182c9ce55ab494f53d0ce7a4	docs/evidence/aave_validation_20260910/history/month-16.json
100644 blob 08db8aaaecf2fb8ec489dcb9e132f8910a95c2f1	docs/evidence/aave_validation_20260910/history/month-17.json
100644 blob 06ddffc724f5c30b1389811409849cbfb7fec506	docs/evidence/aave_validation_20260910/history/month-18.json
100644 blob 765d7e159c3462352018fd5becdd47b917fd45c9	docs/evidence/aave_validation_20260910/history/month-19.json
100644 blob 3db29fcf3e1d565c2d4f7e7669d9d198355ce07d	docs/evidence/aave_validation_20260910/history/month-20.json
100644 blob 22a10e594e2904f8afce7bc9575ade29491088ab	docs/evidence/aave_validation_20260910/history/month-21.json
100644 blob 62465352e65ebd5e98e758e81f7c4a728c457125	docs/evidence/aave_validation_20260910/history/month-22.json
100644 blob 6066a819a86054c9f790fc443a473f236f1b5839	docs/evidence/aave_validation_20260910/history/month-23.json
100644 blob cd23d9f625b32b416ece0fbee464371c65a8e99d	docs/evidence/aave_validation_20260910/history/month-24.json
100644 blob 37f3148e067676cd434b3a25f565fcb5374f134a	docs/evidence/aave_validation_20260910/history/protocol.json
100644 blob 62ae86206e7878f42b9e26c996c6f06fc24f874b	docs/evidence/aave_validation_20260910/history/raw/001.json
100644 blob 600e0cae6c33bfe24d8d01810e9864873493aff1	docs/evidence/aave_validation_20260910/history/raw/002.json
100644 blob 1efda4eaaa6ca99bdea79b2e561f169f860519f3	docs/evidence/aave_validation_20260910/history/raw/003.json
100644 blob 41e96e4d6b564f9cd4ddd7ea56324d08198d9b8d	docs/evidence/aave_validation_20260910/history/raw/004.json
100644 blob d4c9b9b57175e95870e9ca71420158a8fec4c993	docs/evidence/aave_validation_20260910/history/raw/005.json
100644 blob 1965a83d172ac21d6b2cc06f491bd0b2891d1f09	docs/evidence/aave_validation_20260910/history/raw/006.json
100644 blob 09f63bcaa5a0d80c08aba2bce3535d1db0f1ae90	docs/evidence/aave_validation_20260910/history/raw/007.json
100644 blob eb2bafb466e561227c7dce11bccd660a3b3380a7	docs/evidence/aave_validation_20260910/history/raw/008.json
100644 blob cdec8c523bd88de483e160c672b530b1f4a85640	docs/evidence/aave_validation_20260910/history/raw/009.json
100644 blob 2537409583055b794a39da1547981fb9ca213bb4	docs/evidence/aave_validation_20260910/history/raw/010.json
100644 blob 4d96494629c8bbe45c3577143e2fb10f688c9293	docs/evidence/aave_validation_20260910/history/raw/011.json
100644 blob 45328eb3980e01773f7762fbfd65ef789075d733	docs/evidence/aave_validation_20260910/history/raw/012.json
100644 blob 097d33b629af8ce9e532be443be5e99ae39aec0e	docs/evidence/aave_validation_20260910/history/raw/013.json
100644 blob c350ad58e5ef69880dc1ce2563ab6d08c0069a01	docs/evidence/aave_validation_20260910/history/raw/014.json
100644 blob 224c9b4f8db7295047532435ac46045cb595686c	docs/evidence/aave_validation_20260910/history/raw/015.json
100644 blob 885f2c6106a7c7e8a843dd95f210c66ef890da94	docs/evidence/aave_validation_20260910/history/raw/016.json
100644 blob 13a0e7f15473c804e30c94c73ac08e8655a1139d	docs/evidence/aave_validation_20260910/history/raw/017.json
100644 blob 9ac28f1acaea91fa852fc43b9ca025b205ebc3b9	docs/evidence/aave_validation_20260910/history/raw/018.json
100644 blob b93a8e52aec664abe63a99248b9f023a9a086d7d	docs/evidence/aave_validation_20260910/history/raw/019.json
100644 blob 9180a29a7269a79c051d57a69aff520870bc2d5d	docs/evidence/aave_validation_20260910/history/raw/020.json
100644 blob 5180b851f8435813ca60869d5dcb519c0cb46289	docs/evidence/aave_validation_20260910/history/raw/021.json
100644 blob 02bb1190099cfc08b36538e6d4de328e483c1ad0	docs/evidence/aave_validation_20260910/history/raw/022.json
100644 blob e7858b515d54ed3d26134433a2caa166d0ac0845	docs/evidence/aave_validation_20260910/history/raw/023.json
100644 blob 039d6dd7b89139658496cfe313d60abddad6ac37	docs/evidence/aave_validation_20260910/history/raw/024.json
100644 blob 3e99c9a6866940ea864393a549ff7547d8a4c91c	docs/evidence/aave_validation_20260910/history/raw/025.json
100644 blob 14c0091c41ca446b801b4a475c111d67b1a0df5e	docs/evidence/aave_validation_20260910/history/raw/026.json
100644 blob aa41a41522315fb929581bbee3a78d661925dd11	docs/evidence/aave_validation_20260910/history/raw/027.json
100644 blob cc2dd6b853262925755003663197a036148ef4f7	docs/evidence/aave_validation_20260910/history/raw/028.json
100644 blob b00bd69ddfb106c5b26b7c5fc03f5a09640d88ad	docs/evidence/aave_validation_20260910/history/raw/029.json
100644 blob 1564b72e2bd786c25c857ef9ed487c047bd0a142	docs/evidence/aave_validation_20260910/history/raw/030.json
100644 blob d6600f6280e2602b05e8e7f3d9b3cc9c5ca8ba10	docs/evidence/aave_validation_20260910/history/raw/031.json
100644 blob cc137ea253d253bf14d39c5ec341818d3d3f408a	docs/evidence/aave_validation_20260910/history/raw/032.json
100644 blob d69c7b29ee17844fcb8ed99f612fc19ce88f8b43	docs/evidence/aave_validation_20260910/history/raw/033.json
100644 blob 3138b9b72a2c245ed9597fa733eef3acc1ad6dc3	docs/evidence/aave_validation_20260910/history/raw/034.json
100644 blob 46991883387bc8aa5230984bbd77cc0d6773ac4b	docs/evidence/aave_validation_20260910/history/raw/035.json
100644 blob 52917092937f594ca8fc53b5f6fd697058c748b3	docs/evidence/aave_validation_20260910/history/raw/036.json
100644 blob 490caf050381416c169dfadbd74d0d90fd7b662a	docs/evidence/aave_validation_20260910/history/raw/037.json
100644 blob 028c6ed9bfcc1b7981e08e6320fa3389ce8b5479	docs/evidence/aave_validation_20260910/history/raw/038.json
100644 blob a72050e2f4eb3e1dd67555e81c360e1889ffc26b	docs/evidence/aave_validation_20260910/history/raw/039.json
100644 blob 05eea86fbea6d422fac9d563212bf2e83324f710	docs/evidence/aave_validation_20260910/history/raw/040.json
100644 blob 036ea661116355019740107ea8e657011f8c0e5b	docs/evidence/aave_validation_20260910/history/raw/041.json
100644 blob f9e698c30556ffa5dfc44f748f69d6552451874a	docs/evidence/aave_validation_20260910/history/raw/042.json
100644 blob 3ccb9a4cb3bd5149c2a46b85613973a99656126e	docs/evidence/aave_validation_20260910/history/raw/043.json
100644 blob f643811c868fb82643dea15d96a7a6524ca9d8a3	docs/evidence/aave_validation_20260910/history/raw/044.json
100644 blob 43393dcabe7362d4bca10dcfae5f3663d7b69c4c	docs/evidence/aave_validation_20260910/history/raw/045.json
100644 blob 5e7bcc369058f69ac2dc7d4a733362b2beea3fd8	docs/evidence/aave_validation_20260910/history/raw/046.json
100644 blob 9d5310f2bcbb059cbc7e877238858d548383b833	docs/evidence/aave_validation_20260910/history/raw/047.json
100644 blob f4d3c3882f3b0bfd000da883be8854ac46c02305	docs/evidence/aave_validation_20260910/history/raw/048.json
100644 blob 5a903091488a8fe866806485c36bc5aa9ef316ec	docs/evidence/aave_validation_20260910/history/raw/049.json
100644 blob 22d48a4e8c29052900e71f33801fe4b7265cd76f	docs/evidence/aave_validation_20260910/history/raw/050.json
100644 blob dc5add8874ec82d2427e5ae1ed6fea91d69284ec	docs/evidence/aave_validation_20260910/history/raw/051.json
100644 blob c21af23555920cddc8b725ef704b31916c307111	docs/evidence/aave_validation_20260910/history/raw/052.json
100644 blob f5e9da62582a341b8f5f72fe605aa1aed0d856b7	docs/evidence/aave_validation_20260910/history/raw/053.json
100644 blob 495b63852db163609cb0e7d993ab153ce1a546a0	docs/evidence/aave_validation_20260910/history/raw/054.json
100644 blob 777a8a7ff309356018ee13faccd314b3525ee573	docs/evidence/aave_validation_20260910/history/raw/055.json
100644 blob 4536718da97b918f2aa47ac0e27ce675fd0c1399	docs/evidence/aave_validation_20260910/history/raw/056.json
100644 blob e0ceea2a86bb88d6e37fe148a3f70f6a36fff43b	docs/evidence/aave_validation_20260910/history/raw/057.json
100644 blob 26b8e7d5cafd15168170c104452ed4493a6f0c7e	docs/evidence/aave_validation_20260910/history/raw/058.json
100644 blob caecf2d0a4b7009ffce6bdf9113e3d460ff81a2a	docs/evidence/aave_validation_20260910/history/raw/059.json
100644 blob 464e862bbc24090b7ba0f21697ce58465fd061f6	docs/evidence/aave_validation_20260910/history/raw/060.json
100644 blob 3ce41e61a36c172ef52125168a9c584fcac79ac1	docs/evidence/aave_validation_20260910/history/raw/061.json
100644 blob cee5fb37acec347815b119138394c09d95cb18a8	docs/evidence/aave_validation_20260910/history/raw/062.json
100644 blob e1d8ba7d5897a7313e00128a36050a6592d5196d	docs/evidence/aave_validation_20260910/history/raw/063.json
100644 blob ddcf66c58db5f840faebe5961f7b66a55fa929f7	docs/evidence/aave_validation_20260910/history/raw/064.json
100644 blob 93f54306a9638562ae60cf75383c8fb34915a38b	docs/evidence/aave_validation_20260910/history/raw/065.json
100644 blob c1a9d8fe3be4e21c688ccb699b4837bd22f3debe	docs/evidence/aave_validation_20260910/history/raw/066.json
100644 blob 7ce526f8c77e8d541a905b15ee8b5c215e2c5bbc	docs/evidence/aave_validation_20260910/history/raw/067.json
100644 blob 50d8f70494ee3cf88ee5891f4b7ed5999015a27c	docs/evidence/aave_validation_20260910/history/raw/068.json
100644 blob 5def646d0344e622503242e13d88dfc98ec8ad6d	docs/evidence/aave_validation_20260910/history/raw/069.json
100644 blob cc2aec351b3c5200d8ca8215f06d4b1e357372f5	docs/evidence/aave_validation_20260910/history/raw/070.json
100644 blob 849ae45d56b93fad967af3bda1000f7e695ed26f	docs/evidence/aave_validation_20260910/history/raw/071.json
100644 blob cb1e2861f7db1ab7a0254e71da7a7210d878703a	docs/evidence/aave_validation_20260910/history/raw/072.json
100644 blob c0ee921d8cccbd7c353bf6ab0a3b474f3de11602	docs/evidence/aave_validation_20260910/history/raw/073.json
100644 blob 1d2b5da27d94df43c4e44d25243ed794dca4f555	docs/evidence/aave_validation_20260910/history/raw/074.json
100644 blob e4538a315858fc78ee5f8dab99c85eee6ad867fa	docs/evidence/aave_validation_20260910/history/raw/075.json
100644 blob bef98673f4255c2f5ff273b33d6c771c000d3e14	docs/evidence/aave_validation_20260910/history/raw/076.json
100644 blob a09775a602009cee3c437dfd307a100cb3526ea6	docs/evidence/aave_validation_20260910/history/raw/077.json
100644 blob b6be8c8ff9608207962990c22b496f98251c589e	docs/evidence/aave_validation_20260910/history/raw/078.json
100644 blob 5ebd566edab67056b0ad25ee2086d863bc82f24a	docs/evidence/aave_validation_20260910/history/raw/079.json
100644 blob c44f0563a4ff955519a2f0c63957658f1a3d4fed	docs/evidence/aave_validation_20260910/history/raw/080.json
100644 blob f88ad1213347da635874be91553d347dc357aa48	docs/evidence/aave_validation_20260910/history/raw/081.json
100644 blob 28cd0eea28fd9e738bf24576133aef1d512ef922	docs/evidence/aave_validation_20260910/history/raw/082.json
100644 blob 4a4c3e42c4a09afe4994ec3b92119b66712fde28	docs/evidence/aave_validation_20260910/history/raw/083.json
100644 blob f72378164f2ed7fdaa2436b39c4c6a8feaab9474	docs/evidence/aave_validation_20260910/history/raw/084.json
100644 blob ab50b3b8d771d187b547149cba1ba46e04555a9d	docs/evidence/aave_validation_20260910/history/raw/085.json
100644 blob 22dee5f9ce07dc4672357c3f215bc9a7b0cb838f	docs/evidence/aave_validation_20260910/history/raw/086.json
100644 blob b71bc564e67ab18a8252672ee5bf39a7c6c04439	docs/evidence/aave_validation_20260910/history/raw/087.json
100644 blob ed8bc92ca3a5830a9b995c729ef84f3238386f86	docs/evidence/aave_validation_20260910/history/raw/088.json
100644 blob baf5d442b91fb501fd5d130936ff95b0d789924d	docs/evidence/aave_validation_20260910/history/raw/089.json
100644 blob 246f7627139577d5a0a8d7f7e9ea3b83f31ca18f	docs/evidence/aave_validation_20260910/history/raw/090.json
100644 blob b12e9f49fc2def325fccaed419ac4a0a8cacb095	docs/evidence/aave_validation_20260910/history/raw/091.json
100644 blob d40f07f3b161984cbf6d1ceffb659b59e8a961b6	docs/evidence/aave_validation_20260910/history/raw/092.json
100644 blob 4abedb542884881cc43494d736f9fc2d796e5dfe	docs/evidence/aave_validation_20260910/history/raw/093.json
100644 blob a22e610e5097f3287ceff003efa2f0f12cdf7b29	docs/evidence/aave_validation_20260910/history/raw/094.json
100644 blob df561d2fe1774294bdb710e201ff0615c0ba704d	docs/evidence/aave_validation_20260910/history/raw/095.json
100644 blob c8ce9dd5b5f08a64c5e8de099301517b6bfcd4cf	docs/evidence/aave_validation_20260910/history/raw/096.json
100644 blob b379d8b842a9685c1bda2e46282b637ded8c3a18	docs/evidence/aave_validation_20260910/history/raw/097.json
100644 blob 5beddcb2661b8b5567f3750e6f945271188d8d9d	docs/evidence/aave_validation_20260910/history/raw/098.json
100644 blob 3abb3fc8b7d938aa7a8f454728b7d1967a046ac8	docs/evidence/aave_validation_20260910/history/raw/099.json
100644 blob 919d27198032880179fbb5c221720b09d038de89	docs/evidence/aave_validation_20260910/history/raw/100.json
100644 blob 0fde78d4ec8fb3efb71ec3605e8d043de91f8a4c	docs/evidence/aave_validation_20260910/history/raw/101.json
100644 blob 57d861d9ae3d6f6abca922e0cb0d61a0bf44a31d	docs/evidence/aave_validation_20260910/history/raw/102.json
100644 blob 8de2a9ebf1df7b9979a6013ad006ee0fe969c2f5	docs/evidence/aave_validation_20260910/history/raw/103.json
100644 blob 93332deb709c8cc3b74813673e357627a5666ad8	docs/evidence/aave_validation_20260910/history/raw/104.json
100644 blob ed2b05457fcaec0a33565da9f012f7a0689a60ff	docs/evidence/aave_validation_20260910/history/raw/105.json
100644 blob 51b0f54efd9b2b3c73567e748ee2561c62553c48	docs/evidence/aave_validation_20260910/history/raw/106.json
100644 blob a76d684eddf9e8ecf827c9727f36fee32dfbd790	docs/evidence/aave_validation_20260910/history/raw/107.json
100644 blob ee6be07b3dc0e089dc81e427020533e459dab714	docs/evidence/aave_validation_20260910/history/raw/108.json
100644 blob aa979bef0774d36f67879a4541789ffb5df58ee1	docs/evidence/aave_validation_20260910/history/raw/109.json
100644 blob c0ead29dd7c25df76955cf4f0fa4561d5c29144f	docs/evidence/aave_validation_20260910/history/raw/110.json
100644 blob 4593cd65fa1fa108622e96ea3a81c5b3956b1215	docs/evidence/aave_validation_20260910/history/raw/111.json
100644 blob 50611ec25270189106a1bde6cd53194a593e9f41	docs/evidence/aave_validation_20260910/history/raw/112.json
100644 blob 723a1aa1c470080bbce999e657e7fd60ce757a06	docs/evidence/aave_validation_20260910/history/raw/113.json
100644 blob cf0e01f1ce97d69cec74c10e318c1855ddcb88ba	docs/evidence/aave_validation_20260910/history/raw/114.json
100644 blob e1e1374cb38ad81975498a5ece55ac113be86ce8	docs/evidence/aave_validation_20260910/history/raw/115.json
100644 blob 965c80f307c770a319a9b50041b1af8300979ed7	docs/evidence/aave_validation_20260910/history/raw/116.json
100644 blob 1f1fb8f106c25044b4a9ec4d16cee6e8366550d9	docs/evidence/aave_validation_20260910/history/raw/117.json
100644 blob 9e601d09678025241ef47736c74ca920e07c3d3b	docs/evidence/aave_validation_20260910/history/raw/118.json
100644 blob a8be7581f204a71691db1835be4b3331b67ef55b	docs/evidence/aave_validation_20260910/history/raw/119.json
100644 blob b51414b451513d43b29e6830905fc8a171902a28	docs/evidence/aave_validation_20260910/history/raw/120.json
100644 blob d30dd56250c1254193f51e05771cdb17f000dd61	docs/evidence/aave_validation_20260910/history/raw/121.json
100644 blob 5848cb1340b4da3af0989251e94ad1d1c1ab0fd4	docs/evidence/aave_validation_20260910/history/raw/122.json
100644 blob 78d7623f785148acc29dc644fdf6ee7215e115d6	docs/evidence/aave_validation_20260910/history/raw/123.json
100644 blob d8da53ea9a6a2c8e769a8d534e02c8bad2ab8a64	docs/evidence/aave_validation_20260910/history/raw/124.json
100644 blob aa9aa9ae7339b0aa2b6bd538459feff6df322676	docs/evidence/aave_validation_20260910/history/raw/125.json
100644 blob 06e6ad0a4275d2b917bc5f03c9c30c2e665ee8b1	docs/evidence/aave_validation_20260910/history/raw/126.json
100644 blob 32f8b5fff04df8ab77d685059b224ed15e371c9a	docs/evidence/aave_validation_20260910/history/raw/127.json
100644 blob aec3dccd023a153087fda23a64135b2fd45a9447	docs/evidence/aave_validation_20260910/history/raw/128.json
100644 blob f7612642da9af457659c7625a2681c4d72d38107	docs/evidence/aave_validation_20260910/history/raw/129.json
100644 blob 05a5d64acd5a63db62950b0f208694d4f75aa18c	docs/evidence/aave_validation_20260910/history/raw/130.json
100644 blob d2fcd413a2e63672eeedd9cfe03d38e602cd8c75	docs/evidence/aave_validation_20260910/history/raw/131.json
100644 blob 65f742ff4019db463789ae5a098a566a0e6ffb98	docs/evidence/aave_validation_20260910/history/raw/132.json
100644 blob 5533b2310082518ced75cf2f0cf5c5782fd3de5a	docs/evidence/aave_validation_20260910/history/raw/133.json
100644 blob d0e1c29589d7aae03b3f3cebd5ac2225db24032b	docs/evidence/aave_validation_20260910/history/raw/134.json
100644 blob b5e4c22c744c253c9bc40d3c08b84bca23df5b7e	docs/evidence/aave_validation_20260910/history/raw/135.json
100644 blob b3255892a12007a7cf9567b0c92f025dee148345	docs/evidence/aave_validation_20260910/history/raw/136.json
100644 blob 2fcd871e784914c176e253fb630b2e8285cc3308	docs/evidence/aave_validation_20260910/history/raw/137.json
100644 blob 6cf6fbf83de6412e76a0ec35bc14505c324d4826	docs/evidence/aave_validation_20260910/history/raw/138.json
100644 blob 33b881b8ec51c39544757447106901dc4dd08ea3	docs/evidence/aave_validation_20260910/history/raw/139.json
100644 blob fb88b3501d3dc602a034d4b47a1aaf32eaecb0fe	docs/evidence/aave_validation_20260910/history/raw/140.json
100644 blob 57fadecfae547c57497a575547c84470d3c2b9d2	docs/evidence/aave_validation_20260910/history/raw/141.json
100644 blob b263ac650be702d0da43f79082bdab4bc60ab01c	docs/evidence/aave_validation_20260910/history/raw/142.json
100644 blob acdf069c6b75a3c042ffd604b8caf820d6cfc31d	docs/evidence/aave_validation_20260910/history/raw/143.json
100644 blob ef355ecd3b3111cacdc9ce6dd5ee06dc889e6723	docs/evidence/aave_validation_20260910/history/raw/144.json
100644 blob 793efa9ce473f3ae0a4c9278179e6571998d478a	docs/evidence/aave_validation_20260910/history/raw/145.json
100644 blob f82be72d3ffa0ea7e9290977415c01569da16981	docs/evidence/aave_validation_20260910/history/raw/146.json
100644 blob 3b2886a3f6806d1086eae66dd30356c26e4ef443	docs/evidence/aave_validation_20260910/history/raw/147.json
100644 blob 3e096ca264f1f9c8bd80cb189ca2dec0fa0ebdb8	docs/evidence/aave_validation_20260910/history/raw/148.json
100644 blob 213a9fb6ab420c887c1d019ebe6b51a3a233c3d0	docs/evidence/aave_validation_20260910/history/raw/149.json
100644 blob ecf17954d23420d50a221f7f1dec67eaac60efc0	docs/evidence/aave_validation_20260910/history/raw/150.json
100644 blob b30b05080fc51972b62f3c14d49525d79f7fb87a	docs/evidence/aave_validation_20260910/history/raw/151.json
100644 blob 1f7ef8586a2fccd3966e88332c19de12dd67891e	docs/evidence/aave_validation_20260910/history/raw/152.json
100644 blob bcf1e089cbbba491f21b0a249917e72f73113a8f	docs/evidence/aave_validation_20260910/history/raw/153.json
100644 blob 0a9ee37096f393fb65ff98e34106aeeb9dbcc842	docs/evidence/aave_validation_20260910/history/raw/154.json
100644 blob b57bfb9f167bb54c043884395d3fcc8b97bc5455	docs/evidence/aave_validation_20260910/history/raw/155.json
100644 blob edd7c5ff855d5bef1e9dab1f3339ca8ceac1c8e5	docs/evidence/aave_validation_20260910/history/raw/156.json
100644 blob fe4851a46e99bc118c9f424807f286a290483337	docs/evidence/aave_validation_20260910/history/raw/157.json
100644 blob e3906128bba0986c4fee210779b2afcc6439e232	docs/evidence/aave_validation_20260910/history/raw/158.json
100644 blob f808fec1c57faac1de0df6db15822ea4af330fdf	docs/evidence/aave_validation_20260910/history/raw/159.json
100644 blob 25949082d51abc35e37e4134089069428f113efc	docs/evidence/aave_validation_20260910/history/raw/160.json
100644 blob 310aecc03313fe0dde0821505fcb84d8564e0062	docs/evidence/aave_validation_20260910/history/raw/161.json
100644 blob a5f9ab61bb4bc28a920a3058941b875f688c5e21	docs/evidence/aave_validation_20260910/history/raw/162.json
100644 blob d942d8fba088592e393e3e2139c52445ada78688	docs/evidence/aave_validation_20260910/history/raw/163.json
100644 blob c07b89442a9212fb517feed8875546566a9e0132	docs/evidence/aave_validation_20260910/history/raw/164.json
100644 blob 1bbd4dcc2741aefd256883e1cf17af33673aadf1	docs/evidence/aave_validation_20260910/history/raw/165.json
100644 blob 211092299dcc1985702838946af59cbea86c9dbf	docs/evidence/aave_validation_20260910/history/raw/166.json
100644 blob e013222be9d2913dd5d80d9b6d47a8faf43ef6e0	docs/evidence/aave_validation_20260910/history/raw/167.json
100644 blob 8343347bd62bb6b2c3e2c8cd03f174327c4b55d5	docs/evidence/aave_validation_20260910/history/raw/168.json
100644 blob e4c028f5bca0853adfc1b6ce852c7044e5b431dc	docs/evidence/aave_validation_20260910/history/raw/169.json
100644 blob 2e4dd24d1e2a78607a2c1df76ce94b23795776c8	docs/evidence/aave_validation_20260910/history/raw/170.json
100644 blob b5fb4ab053117762b643ee45a0626b9405998174	docs/evidence/aave_validation_20260910/history/raw/171.json
100644 blob 153ab2a608377735016e334c9a219117aae92c72	docs/evidence/aave_validation_20260910/history/raw/172.json
100644 blob 0e11661f17bd445360b8d4ec05aded6868f1d228	docs/evidence/aave_validation_20260910/history/raw/173.json
100644 blob 6f6c9be0157128b126d5c5b65a6a6f4706b3c269	docs/evidence/aave_validation_20260910/history/raw/174.json
100644 blob 05e508cde8740a87136cda50fbeff2bf9febedc2	docs/evidence/aave_validation_20260910/history/raw/175.json
100644 blob d1f514c3dfbd0424d141775efaedb249bca3e63c	docs/evidence/aave_validation_20260910/history/raw/176.json
100644 blob 7af79149cdfba4cfa73245a0605b1989c44b1371	docs/evidence/aave_validation_20260910/history/raw/177.json
100644 blob 9e2e9e91c7fb7aca474f59df1c4c290c6ded2c1d	docs/evidence/aave_validation_20260910/history/raw/178.json
100644 blob d65343c7d6fddb923947beda9951df1f79acb235	docs/evidence/aave_validation_20260910/history/raw/179.json
100644 blob 700511ebc2f57048ec1affc1ea2271515397ccac	docs/evidence/aave_validation_20260910/history/raw/180.json
100644 blob b1cecb0040ba3b41b0a3e995feebdb4e8187183b	docs/evidence/aave_validation_20260910/history/raw/181.json
100644 blob 8b722307d9c2177e714788c5991beb153f49e412	docs/evidence/aave_validation_20260910/history/raw/182.json
100644 blob 0069cf5640eb7dfc5bb7555c591f2e7954291a5c	docs/evidence/aave_validation_20260910/history/raw/183.json
100644 blob 1552625fa7e34919ee6ea50e1b9ad0b90976474e	docs/evidence/aave_validation_20260910/history/raw/184.json
100644 blob f7947b02e1996035ce60b91f6e8b0e63ceb984a2	docs/evidence/aave_validation_20260910/history/raw/185.json
100644 blob f3193c5f2545ef649cd482ffa303d12b18eac7c1	docs/evidence/aave_validation_20260910/history/raw/186.json
100644 blob 519587536830830ea49fa25586e534c2268dd644	docs/evidence/aave_validation_20260910/history/raw/187.json
100644 blob 5c0dd4231f7d8b09191c6b2118dd8ed1cc4aef4e	docs/evidence/aave_validation_20260910/history/raw/188.json
100644 blob f93bec0aa935c603539760db9793a80c2624cfaa	docs/evidence/aave_validation_20260910/history/raw/189.json
100644 blob 5472de9c348b6691079010a9a79a281e36205807	docs/evidence/aave_validation_20260910/history/raw/190.json
100644 blob 447b94ecb980d6a51ed3a4bd8de38ff7a77b10ae	docs/evidence/aave_validation_20260910/history/raw/191.json
100644 blob 151acd102cfc7f5f9aed155d77be3a07a86332b0	docs/evidence/aave_validation_20260910/history/raw/192.json
100644 blob 16e2050498a4beaad2ec0c5db178a0bb126fef4f	docs/evidence/aave_validation_20260910/history/raw/193.json
100644 blob 84544682a35ed3354a38a89e36799cc9c6d3cac6	docs/evidence/aave_validation_20260910/history/raw/194.json
100644 blob 46c5ab92f3adf5812fe96622412918abeedc3833	docs/evidence/aave_validation_20260910/history/raw/195.json
100644 blob c34478af1dc6244adf408e5c63598abcbaa08a5b	docs/evidence/aave_validation_20260910/history/raw/196.json
100644 blob a82cd3b5a263a2e23ccf23c8b39e59209c08a6c2	docs/evidence/aave_validation_20260910/history/raw/197.json
100644 blob fcb684f649bf22bf4f414be2a46f8950d788e191	docs/evidence/aave_validation_20260910/history/raw/198.json
100644 blob 11fca8e79496922abab1da51a555165c8945b823	docs/evidence/aave_validation_20260910/history/raw/199.json
100644 blob daa86af073cbbe10536ba9fee3c330c3229e57d9	docs/evidence/aave_validation_20260910/history/raw/200.json
100644 blob af269ac8bab994aec3416fe948c252e2dc1a25d3	docs/evidence/aave_validation_20260910/history/raw/201.json
100644 blob aaf745d0e083acfd1aab79f7fa991296bc780732	docs/evidence/aave_validation_20260910/history/raw/202.json
100644 blob 7022256a2efa4ed6ea7d652efeb3a79c8cb3a03b	docs/evidence/aave_validation_20260910/history/raw/203.json
100644 blob 0eedb8fc5175c756d424e48b621ba6eb2b843d08	docs/evidence/aave_validation_20260910/history/raw/204.json
100644 blob 9e14b818b19f225c405c03d1d2325a22781ac990	docs/evidence/aave_validation_20260910/history/raw/205.json
100644 blob af23ccf4bb83ca35a2dfa073d4141e07d2f8a3b7	docs/evidence/aave_validation_20260910/history/raw/206.json
100644 blob 8d3d23659c992d43e4da91a363ee33413371e3ae	docs/evidence/aave_validation_20260910/history/raw/207.json
100644 blob c1b0e300b4b7234fa910df25ca59eac0c3853e71	docs/evidence/aave_validation_20260910/history/raw/208.json
100644 blob 459e87d9e1f30bd4264b79a707f6fc9468663a13	docs/evidence/aave_validation_20260910/history/raw/209.json
100644 blob fd9ece514695eb081d97e22485ff713d8de35dad	docs/evidence/aave_validation_20260910/history/raw/210.json
100644 blob 191f1919a54b440fd2751a58b9e5f295abb1d08e	docs/evidence/aave_validation_20260910/history/raw/211.json
100644 blob 6e43df6d51be65af0b6499581c0a673a3f6ccaa9	docs/evidence/aave_validation_20260910/history/raw/212.json
100644 blob e014b5ac90cc6213525fa6278503e0b5b4989864	docs/evidence/aave_validation_20260910/history/raw/213.json
100644 blob fc29c401637f4a3bcd660fda34927a609aadd92d	docs/evidence/aave_validation_20260910/history/raw/214.json
100644 blob 415e19502e46a59442b5850e216d552f0e6de8f5	docs/evidence/aave_validation_20260910/history/raw/215.json
100644 blob fd7b089de758ea0a9a784bc12e3be9f12bb416e0	docs/evidence/aave_validation_20260910/history/raw/216.json
100644 blob bd57beac0b5db305bd91071c96fb46311e09b7b4	docs/evidence/aave_validation_20260910/history/raw/217.json
100644 blob b16654197a27fffcc9c378ace6b6f3a99635c850	docs/evidence/aave_validation_20260910/history/raw/218.json
100644 blob 72d26391ed2edd38496a9ee0479744b18281238f	docs/evidence/aave_validation_20260910/history/raw/219.json
100644 blob d37add177b546e7b25b496e89fa2ffe18df0a1ba	docs/evidence/aave_validation_20260910/history/raw/220.json
100644 blob bee1242ec1d8ba140c38b52971f3a9339ad3d827	docs/evidence/aave_validation_20260910/history/raw/221.json
100644 blob 07fd5204bd06e0a79870effc0be9868f675d0765	docs/evidence/aave_validation_20260910/history/raw/222.json
100644 blob ad2412cd9e08fc7f34afc9aaff79cd1a65727b23	docs/evidence/aave_validation_20260910/history/raw/223.json
100644 blob 124e8e9dbd899171f07e928c369a5a0f9173261d	docs/evidence/aave_validation_20260910/history/raw/224.json
100644 blob e524aa80a1c1fdbdc869d1780e6f02cae734b03f	docs/evidence/aave_validation_20260910/history/raw/225.json
100644 blob e93b7bc9e6ab25a4aa1a39166561517193e0e07b	docs/evidence/aave_validation_20260910/history/raw/226.json
100644 blob 17e6bfd58674d3e9ada75b5629eb2d20233983c3	docs/evidence/aave_validation_20260910/history/raw/227.json
100644 blob 18b5b49b6a7de8a5d032f2b986a86ceafbb31ec4	docs/evidence/aave_validation_20260910/history/raw/228.json
100644 blob 2eb0d88ab91aec5cd7afcf175800586ae0107fc6	docs/evidence/aave_validation_20260910/history/raw/229.json
100644 blob 27d32a23dcd2fc2090f894979a75ce1a2792b4a0	docs/evidence/aave_validation_20260910/history/raw/230.json
100644 blob 0b37bd6a20704f573877ec0608f10f3c8e719fe7	docs/evidence/aave_validation_20260910/history/raw/231.json
100644 blob a62dd620305ed36dd56850c3e3db0cdf2c7b4ba4	docs/evidence/aave_validation_20260910/history/raw/232.json
100644 blob eba24f6875a569f409c73dc9c8fd86715a4ffb17	docs/evidence/aave_validation_20260910/history/raw/233.json
100644 blob d6a7df73aa901c8a040d6bc16afc964d1a5d9435	docs/evidence/aave_validation_20260910/history/raw/234.json
100644 blob c104b4cda43f397aba8c00b2b106c754e40d3adf	docs/evidence/aave_validation_20260910/history/raw/235.json
100644 blob 0b42f943f61638a3d5d20c75071e55852bf16223	docs/evidence/aave_validation_20260910/history/raw/236.json
100644 blob d82d9a03c5ec61b92917b0c6845c8d0b88d91d3f	docs/evidence/aave_validation_20260910/history/raw/237.json
100644 blob 563e98c491c7f7cb690146bd9dfec5ca233028f5	docs/evidence/aave_validation_20260910/history/raw/238.json
100644 blob 8fce955cb41d49172441e28cc1c04ad7b690de7d	docs/evidence/aave_validation_20260910/history/raw/239.json
100644 blob 0c9be3c7ddd733c6991a1dde9acad071fb4b4279	docs/evidence/aave_validation_20260910/history/raw/240.json
100644 blob 31eee30ec9233ab7bb842b02f490f01f4f5187db	docs/evidence/aave_validation_20260910/history/raw/241.json
100644 blob 3ccc7a90b6034d8747be5724098d4e348722ee31	docs/evidence/aave_validation_20260910/history/raw/242.json
100644 blob 7a3d10b0fe9ece4993effc38775943718bfed793	docs/evidence/aave_validation_20260910/history/raw/243.json
100644 blob 02655825f51957fb35148f75bc9ff41127fa1b7c	docs/evidence/aave_validation_20260910/history/raw/244.json
100644 blob 47841b1dadc0471c8c23fbca190c8265a8e26dbe	docs/evidence/aave_validation_20260910/history/raw/245.json
100644 blob d340928fe950f7c7f51fc99ecf946223898f8da9	docs/evidence/aave_validation_20260910/history/raw/246.json
100644 blob 62626097f9b6f07a493405e754614180d39ff61e	docs/evidence/aave_validation_20260910/history/raw/247.json
100644 blob 9ed09ea0da1d17181c1baa4c5bc4fcb09a62ad66	docs/evidence/aave_validation_20260910/history/raw/248.json
100644 blob d84870e85f6481accb9973ad9ef06c57b90fba29	docs/evidence/aave_validation_20260910/history/raw/249.json
100644 blob 462ed3f1524996c24c1b76f005c46cebac57af72	docs/evidence/aave_validation_20260910/history/raw/250.json
100644 blob 54c7e894e55eca36f4b3d9eb1a385aeaca0dcc22	docs/evidence/aave_validation_20260910/history/raw/251.json
100644 blob 9402200d476d779ca78c85216b731265d0c5e205	docs/evidence/aave_validation_20260910/history/raw/252.json
100644 blob c2e2953ab7dc26489174c93015ac0778f2c24c57	docs/evidence/aave_validation_20260910/history/raw/253.json
100644 blob 3f5a2081d183cda8691527c9aa7cfd4581bca232	docs/evidence/aave_validation_20260910/history/raw/254.json
100644 blob d7e0a561479048c29f1b3316dc5ac057eaf77492	docs/evidence/aave_validation_20260910/history/raw/255.json
100644 blob d0bab515f49e82f093da5bb85aa8804f1dc1918e	docs/evidence/aave_validation_20260910/history/raw/256.json
100644 blob c3259392c1160b4848fa167cad39092477a5043d	docs/evidence/aave_validation_20260910/history/raw/257.json
100644 blob 6bd895539cf630e620e37290007a3ad33b55ba81	docs/evidence/aave_validation_20260910/history/raw/258.json
100644 blob 0a7931d1af6481c0fba0425eb1892c1a4e4076a8	docs/evidence/aave_validation_20260910/history/raw/259.json
100644 blob af0b0502b8a67be448ffa4ef8af2441965b24c2c	docs/evidence/aave_validation_20260910/history/raw/260.json
100644 blob c0000b8a3cadeb8a73ace712adb547e7c7a2e34f	docs/evidence/aave_validation_20260910/history/raw/261.json
100644 blob 13f19499d0660863beae98f94c502a6c3afba11c	docs/evidence/aave_validation_20260910/history/raw/262.json
100644 blob 55d231691bbd9ebe636c3ddde2212ca95eaeca15	docs/evidence/aave_validation_20260910/history/raw/263.json
100644 blob ba26e430e10c1beee79387e534a9bc3a9236cb15	docs/evidence/aave_validation_20260910/history/raw/264.json
100644 blob 94bb05cea1f28311d6baf2068fa5911f46649cea	docs/evidence/aave_validation_20260910/history/raw/265.json
100644 blob 3224da528fcc707d3c7322b281e1eefabe591620	docs/evidence/aave_validation_20260910/history/raw/266.json
100644 blob 7eb665831e95cf29e2fd54d9ca0f985f9e4443e7	docs/evidence/aave_validation_20260910/history/raw/267.json
100644 blob 2079f4636231aaf8d33474e5cd741449de2c5e44	docs/evidence/aave_validation_20260910/history/raw/268.json
100644 blob 16064a0d214004ca0eb3a7909e0d41fc0501c8b2	docs/evidence/aave_validation_20260910/history/raw/269.json
100644 blob 1de0fd8c0c7f43b2f1581270b2bf2c6a555a5303	docs/evidence/aave_validation_20260910/history/raw/270.json
100644 blob 686fbcc7f469ed545ede6a129829bcc37d47a618	docs/evidence/aave_validation_20260910/history/raw/271.json
100644 blob cca386c68fab14932aaa4727c7024305fe4c249a	docs/evidence/aave_validation_20260910/history/raw/272.json
100644 blob d60766fcd0c5b5631102fd360eb756fd0fc3f84c	docs/evidence/aave_validation_20260910/history/raw/273.json
100644 blob acca87e51cdeacae44340f78800f01365dc944fb	docs/evidence/aave_validation_20260910/history/raw/274.json
100644 blob a146a83c5ad8d7e51faa330fb96fbceb26c87770	docs/evidence/aave_validation_20260910/history/raw/275.json
100644 blob 5d7442b16fd4d623d0538fbeb22fcd717bc04e38	docs/evidence/aave_validation_20260910/history/raw/276.json
100644 blob 753fcfd4b000dc8139b5e8e325ae4622c7b3b7fe	docs/evidence/aave_validation_20260910/history/raw/277.json
100644 blob d09def140cf79f53e515343fe1fd00c6ac0e7b10	docs/evidence/aave_validation_20260910/history/raw/278.json
100644 blob c1d8d518765622c164f4185ec657b3e247018295	docs/evidence/aave_validation_20260910/history/raw/279.json
100644 blob 126512aaba19f7843aaf2d25cece226c0fe74846	docs/evidence/aave_validation_20260910/history/raw/280.json
100644 blob 3ae8474470c2a31768fef8df41b119941b8d1213	docs/evidence/aave_validation_20260910/history/raw/281.json
100644 blob 3df0a62576629ef583a555bc04e89bf3f07d0a5f	docs/evidence/aave_validation_20260910/history/raw/282.json
100644 blob 1842928854f71ad606682f36ff12652cf8191db6	docs/evidence/aave_validation_20260910/history/raw/283.json
100644 blob 29c381ce921562ef07c52bc560fce98cdf605986	docs/evidence/aave_validation_20260910/history/raw/284.json
100644 blob 7d711bfd761db43bfdab58ffa7c52d0a634c1dfc	docs/evidence/aave_validation_20260910/history/raw/285.json
100644 blob ca1a66246d7a8b11c7d10e9b8c174a816db092be	docs/evidence/aave_validation_20260910/history/raw/286.json
100644 blob e29b88b45cda6dfb3629dc3c069bacdd1f39d6cd	docs/evidence/aave_validation_20260910/history/raw/287.json
100644 blob 627d235807ae270fef15ee85d3c7b64764588f02	docs/evidence/aave_validation_20260910/history/raw/288.json
100644 blob 75134595c1048d61940cde5b288293cb86981264	docs/evidence/aave_validation_20260910/history/raw/289.json
100644 blob be1ff5490812a12840a5799d803784b3b39d3eee	docs/evidence/aave_validation_20260910/history/raw/290.json
100644 blob 00938e53d7329d89e219f43578882aa257288c3e	docs/evidence/aave_validation_20260910/history/raw/291.json
100644 blob e2580b91ba880a77264553425e409e2588094de1	docs/evidence/aave_validation_20260910/history/raw/292.json
100644 blob 7f22502849f1f18e10efb96175e976300f174af9	docs/evidence/aave_validation_20260910/history/raw/293.json
100644 blob 469fe71fa538f2dff47cb3017759708a6b6a0497	docs/evidence/aave_validation_20260910/history/raw/294.json
100644 blob 8d57b7ac55baee2f11d70825801708476af95e25	docs/evidence/aave_validation_20260910/history/raw/295.json
100644 blob e98cd28e3f78582d948f6792378960684740e6b5	docs/evidence/aave_validation_20260910/history/raw/296.json
100644 blob 1a48064fedc0cf708cd3535da306156d1e69f281	docs/evidence/aave_validation_20260910/history/raw/297.json
100644 blob 07dd8b6ac11633539feb18f94c27600d633b4b53	docs/evidence/aave_validation_20260910/history/raw/298.json
100644 blob 954078403875aad8c42d9eff2057672e08942fa7	docs/evidence/aave_validation_20260910/history/raw/299.json
100644 blob c97257222e4fff4a707c29a2f22fad2f02d2ba98	docs/evidence/aave_validation_20260910/history/raw/300.json
100644 blob a876015ff85357d39e4d1c02a11652e25157baeb	docs/evidence/aave_validation_20260910/history/raw/301.json
100644 blob a2a1c5ddffb1bbef0b054c1143fb989d7c218122	docs/evidence/aave_validation_20260910/history/raw/302.json
100644 blob dd7258d7564dda0a8d9b89026e10f08ba74f42b7	docs/evidence/aave_validation_20260910/history/raw/303.json
100644 blob 98cbb95050a9086327581e7ecd4f79de80fb5700	docs/evidence/aave_validation_20260910/history/raw/304.json
100644 blob d03b2b2c986243148ad03a841eadf7105bab313b	docs/evidence/aave_validation_20260910/history/raw/305.json
100644 blob 5b7c4e0852da7bc8fd8b1f93cd5b94beffb8f586	docs/evidence/aave_validation_20260910/history/raw/306.json
100644 blob 985292053531278e954932a812e405f4579c2598	docs/evidence/aave_validation_20260910/history/raw/307.json
100644 blob 1c42e9d993d41178e1ee379d5a0e243035f7d9eb	docs/evidence/aave_validation_20260910/history/raw/308.json
100644 blob a35fe946126c3822b640f22feb2345b607ab3ba1	docs/evidence/aave_validation_20260910/history/raw/309.json
100644 blob 01a132f26d3146918c4f90115c71dfdc6b616a7e	docs/evidence/aave_validation_20260910/history/raw/310.json
100644 blob 05b938b3516a741b0112c15d07e17760f3021b21	docs/evidence/aave_validation_20260910/history/raw/311.json
100644 blob 0dd3c069bc24f7c32de7cbd04ce7918ec0874cc0	docs/evidence/aave_validation_20260910/history/raw/312.json
100644 blob a275c2bba969a61b1951e32b77503378d7037117	docs/evidence/aave_validation_20260910/history/raw/313.json
100644 blob 3a030b80acba43708b0d9a8fbd4c0fe406d9d4e5	docs/evidence/aave_validation_20260910/history/raw/314.json
100644 blob f97a9e4759ca8c0789648b7d1a03b9ac36ec3a99	docs/evidence/aave_validation_20260910/history/raw/315.json
100644 blob 82892e863cd044061188caf6d6d640848b15192e	docs/evidence/aave_validation_20260910/history/raw/316.json
100644 blob 4a89644c197d5dcf9ee8dbe97dd720c44e98866a	docs/evidence/aave_validation_20260910/history/raw/317.json
100644 blob c3af7bdc119c58b92e4bd77a520248d6a0ae0977	docs/evidence/aave_validation_20260910/history/raw/318.json
100644 blob 060a1ebfa09d34ebc1cf5a30f2b06bd722e25945	docs/evidence/aave_validation_20260910/history/raw/319.json
100644 blob 05eeddf54676cbf4aa42dfceb41cd41d28713f90	docs/evidence/aave_validation_20260910/history/raw/320.json
100644 blob 76664e2fe5011b50412b42777f238311efe47773	docs/evidence/aave_validation_20260910/history/raw/321.json
100644 blob fdc90c29713dec0bf4bdea97e601d617225f1940	docs/evidence/aave_validation_20260910/history/raw/322.json
100644 blob fb7dec3e1cc10b316240bb023fc5ab4eb75d5b91	docs/evidence/aave_validation_20260910/history/raw/323.json
100644 blob 117e924d1e78334f69fc59c29559c681c8f83c4e	docs/evidence/aave_validation_20260910/history/raw/324.json
100644 blob abd5fb855e181c0d5e3284e5a62f7965ad7c796a	docs/evidence/aave_validation_20260910/history/raw/325.json
100644 blob 9fb45f8524bb4b8ebaadac1ae6f944b45b4ce5f9	docs/evidence/aave_validation_20260910/history/raw/326.json
100644 blob 557640926399c161e0347d833a36754ad18b2396	docs/evidence/aave_validation_20260910/history/raw/327.json
100644 blob 8cda3ec8ddea4fccf7cc4e6e176df65fa5566085	docs/evidence/aave_validation_20260910/history/raw/328.json
100644 blob ab9a43cac738b1fcbf545b3ef6175b102d07e070	docs/evidence/aave_validation_20260910/history/raw/329.json
100644 blob 3077dfe492b932b826d656d2ee9c14e111b5689b	docs/evidence/aave_validation_20260910/history/raw/330.json
100644 blob 0226c298a55bef93944f9a2f482a43da3b1fa014	docs/evidence/aave_validation_20260910/history/raw/331.json
100644 blob cd5d698746e9ed3da8d95a7a1f13efa574818950	docs/evidence/aave_validation_20260910/history/raw/332.json
100644 blob b12851987fe25ff6eabd74b72ecfc02538312f06	docs/evidence/aave_validation_20260910/history/raw/333.json
100644 blob c5fab8bb1b4eff1cb39f9895af09276673479ae1	docs/evidence/aave_validation_20260910/history/raw/334.json
100644 blob 6bd4d57c59c46941c5359f0620e86853a1672e2b	docs/evidence/aave_validation_20260910/history/raw/335.json
100644 blob 8dc4da3508d88056840d01ba2c125f5a42716212	docs/evidence/aave_validation_20260910/history/raw/336.json
100644 blob e2809c20fbf42262b10d43c49affdbc67f984616	docs/evidence/aave_validation_20260910/history/raw/337.json
100644 blob 515562a694edf6bb36e0d625af32e9c5dbe5986e	docs/evidence/aave_validation_20260910/history/raw/338.json
100644 blob 40542c4e5c21265cd221fb349be3ff28db5e7532	docs/evidence/aave_validation_20260910/history/raw/339.json
100644 blob 4c705fd96a416602ce908bbd8e0da4ec28b57eff	docs/evidence/aave_validation_20260910/history/raw/340.json
100644 blob 0bf779ee407a69c6bc54e1b3eca24061c0e59f07	docs/evidence/aave_validation_20260910/history/raw/341.json
100644 blob 3959e9c289ad4ebb9df3e7d428d0cc53c79d4bff	docs/evidence/aave_validation_20260910/history/raw/342.json
100644 blob 38b41c6e9643c9792a37bccf7a1247a3d3676c83	docs/evidence/aave_validation_20260910/history/raw/343.json
100644 blob 327574f0bce277c90a5d6a9871ea0cde6802978f	docs/evidence/aave_validation_20260910/history/raw/344.json
100644 blob 49972c14b50085cf40b184c813ffd017d9ed993a	docs/evidence/aave_validation_20260910/history/raw/345.json
100644 blob 33f0b4d5274699ab5b730dc818d243a73b952f29	docs/evidence/aave_validation_20260910/history/raw/346.json
100644 blob 5a3ef9424ae217f3ea4fb0e44a193b250b789064	docs/evidence/aave_validation_20260910/history/raw/347.json
100644 blob 8d8afbb39befe51a12d1728d57016b2a66f432c6	docs/evidence/aave_validation_20260910/history/raw/348.json
100644 blob 859d1cc848b1e71870707a51d2297dc4b56cf9f2	docs/evidence/aave_validation_20260910/history/raw/349.json
100644 blob fc5235e7ab998454efeaedbc4b52e0398848c2e4	docs/evidence/aave_validation_20260910/history/raw/350.json
100644 blob cfad1df599a61b33886b6c3b48d7585dc487b9f7	docs/evidence/aave_validation_20260910/history/raw/351.json
100644 blob 258057b7179b7ce216e02b32f1bcc6b1228477ba	docs/evidence/aave_validation_20260910/history/raw/352.json
100644 blob e8229f2897f34e91744f374f27418304aa1c2969	docs/evidence/aave_validation_20260910/history/raw/353.json
100644 blob 6a9998f0646f7a8e104fe2221d9e4d682d24fccb	docs/evidence/aave_validation_20260910/history/raw/354.json
100644 blob 648327089d7637bbef40041b39f0fc069698c2f3	docs/evidence/aave_validation_20260910/history/raw/355.json
100644 blob 2e27fc18730a0fb8dca18f4662ee15f024585316	docs/evidence/aave_validation_20260910/history/raw/356.json
100644 blob 0f2d5918339cda1f94ae61ca40a386105d6a7b99	docs/evidence/aave_validation_20260910/history/raw/357.json
100644 blob 3ac3391b2e7932db77c80a8ea6470b7ec1a64444	docs/evidence/aave_validation_20260910/history/raw/358.json
100644 blob 89c6d4c6551a8066fc595dabbe03c19150cb0f2d	docs/evidence/aave_validation_20260910/history/raw/359.json
100644 blob e49d288f69440b52dc85e6533c708cbdbcc026bc	docs/evidence/aave_validation_20260910/history/raw/360.json
100644 blob ae1f87dbff7b79f037e4dc0250be99ca24fab99f	docs/evidence/aave_validation_20260910/history/raw/361.json
100644 blob 5f6b3840a413706b34e542a41a07fda3198c5d37	docs/evidence/aave_validation_20260910/history/raw/362.json
100644 blob 2ca59111ecee08bcf8e51f755ccb1a24a5733026	docs/evidence/aave_validation_20260910/history/raw/363.json
100644 blob f88dd17de18393999b5e5437c2abd44327283194	docs/evidence/aave_validation_20260910/history/raw/364.json
100644 blob 1f794c245e2d334a6e39b6987abee0d916b6fd25	docs/evidence/aave_validation_20260910/synthetic_tests.source
100644 blob f8be7064ac476092108fae787312e7c259299498	docs/evidence/aave_validation_20260910/synthetic_tests_attempt01.xml
100644 blob 4ac443054743bdd46faefacbc744604536106017	docs/evidence/aave_validation_20260910/synthetic_tests_passed.xml
100644 blob b4c1fc31007f1b0ecf555e29f3cd7aee008077fa	docs/evidence/absolute_research_20260908/DECISAO.md
100644 blob eb99c4a461a228ed1c7a699306c2caf5f13974cc	docs/evidence/absolute_research_20260908/README.md
100644 blob eac26aaf3893c119a4e36d2bae7f8e51c7312fbb	docs/evidence/absolute_research_20260908/REPRODUZIR.md
100644 blob 207ab246121913d55ad8efa2969cb8f9268a99b2	docs/evidence/absolute_research_20260908/RESEARCH_DATA.zip
100644 blob cc1452e4d8b1c8a52fe6b7e3e8f2c52af02f31e3	docs/evidence/absolute_research_20260908/absolute-results-v2/FILES_SHA256.json
100644 blob 3f0dacd4dd31caa9638e5783ddec1dbfcf46dd5d	docs/evidence/absolute_research_20260908/absolute-results-v2/carry/AR1_BTCUSDT_adverse_ledger.json
100644 blob 8b4d9e81d17ed561287733a2ec4b8db936ee3e31	docs/evidence/absolute_research_20260908/absolute-results-v2/carry/AR1_BTCUSDT_base_ledger.json
100644 blob c5f17694d1b3a269cada5809d0232ada741b55d6	docs/evidence/absolute_research_20260908/absolute-results-v2/carry/AR1_BTCUSDT_compression_ledger.json
100644 blob 7e554d9b4b68374be6d4f68b0abbe127ba220330	docs/evidence/absolute_research_20260908/absolute-results-v2/carry/AR1_ETHUSDT_adverse_ledger.json
100644 blob 2da8a91bc5a0e9aa0135cbe4a1490618cc4031ce	docs/evidence/absolute_research_20260908/absolute-results-v2/carry/AR1_ETHUSDT_base_ledger.json
100644 blob 494597e50228cb6bb29ec026f38050e107a40441	docs/evidence/absolute_research_20260908/absolute-results-v2/carry/AR1_ETHUSDT_compression_ledger.json
100644 blob 2eb8d82d41ede9f9c999764b7feb8517aa232377	docs/evidence/absolute_research_20260908/absolute-results-v2/carry/AR2_BTCUSDT_adverse_ledger.json
100644 blob de5d333e56996ad9f6db10c0ee52d7778432c999	docs/evidence/absolute_research_20260908/absolute-results-v2/carry/AR2_BTCUSDT_base_ledger.json
100644 blob 7251a6f7ecdd594fbc33ec74695bea83218536e3	docs/evidence/absolute_research_20260908/absolute-results-v2/carry/AR2_BTCUSDT_compression_ledger.json
100644 blob 415b921f366c86bdcdc1dd78ddc0956fa25b6d5d	docs/evidence/absolute_research_20260908/absolute-results-v2/carry/AR2_ETHUSDT_adverse_ledger.json
100644 blob 5f52f7d54f999eb42d3f5a02f71b1fc5a596bde4	docs/evidence/absolute_research_20260908/absolute-results-v2/carry/AR2_ETHUSDT_base_ledger.json
100644 blob 706ed0beb32d04bfd75c1df92940eebde724b518	docs/evidence/absolute_research_20260908/absolute-results-v2/carry/AR2_ETHUSDT_compression_ledger.json
100644 blob cc6031fd1987e2bfc7cff3eaa2866dd70a039be9	docs/evidence/absolute_research_20260908/absolute-results-v2/carry/decisions.json
100644 blob 5d88871bbb814782aa4c506a54fd6b229b6324ec	docs/evidence/absolute_research_20260908/absolute-results-v2/carry/results.json
100644 blob 0fab57e300eb1e811c07461bf503cbb6fc921091	docs/evidence/absolute_research_20260908/absolute-results-v2/results.json
100644 blob 8b6801c31267626eabc3c7f7fc391d15f48c9061	docs/evidence/absolute_research_20260908/absolute-results-v2/selector_diagnosis.json
100644 blob a183259fb8823ff468d2855a85dd9dd383650a84	docs/evidence/absolute_research_20260908/absolute-results-v2/spot/decisions.json
100644 blob 394a0b7cbacaac987ba8cf5b5311bb20b8ab6a1e	docs/evidence/absolute_research_20260908/absolute-results-v2/spot/results.json
100644 blob 6f222d1bd7944ec69066e418f4671826c83462b7	docs/evidence/absolute_research_20260908/absolute-results-v2/spot/weekly_results.json
100644 blob 37552275baeafd7c1f66d1f2df635a22a724ceba	docs/evidence/absolute_research_20260908/absolute-results-v3/FILES_SHA256.json
100644 blob 3f0dacd4dd31caa9638e5783ddec1dbfcf46dd5d	docs/evidence/absolute_research_20260908/absolute-results-v3/carry/AR1_BTCUSDT_adverse_ledger.json
100644 blob 8b4d9e81d17ed561287733a2ec4b8db936ee3e31	docs/evidence/absolute_research_20260908/absolute-results-v3/carry/AR1_BTCUSDT_base_ledger.json
100644 blob c5f17694d1b3a269cada5809d0232ada741b55d6	docs/evidence/absolute_research_20260908/absolute-results-v3/carry/AR1_BTCUSDT_compression_ledger.json
100644 blob 7e554d9b4b68374be6d4f68b0abbe127ba220330	docs/evidence/absolute_research_20260908/absolute-results-v3/carry/AR1_ETHUSDT_adverse_ledger.json
100644 blob 2da8a91bc5a0e9aa0135cbe4a1490618cc4031ce	docs/evidence/absolute_research_20260908/absolute-results-v3/carry/AR1_ETHUSDT_base_ledger.json
100644 blob 494597e50228cb6bb29ec026f38050e107a40441	docs/evidence/absolute_research_20260908/absolute-results-v3/carry/AR1_ETHUSDT_compression_ledger.json
100644 blob 2eb8d82d41ede9f9c999764b7feb8517aa232377	docs/evidence/absolute_research_20260908/absolute-results-v3/carry/AR2_BTCUSDT_adverse_ledger.json
100644 blob de5d333e56996ad9f6db10c0ee52d7778432c999	docs/evidence/absolute_research_20260908/absolute-results-v3/carry/AR2_BTCUSDT_base_ledger.json
100644 blob 7251a6f7ecdd594fbc33ec74695bea83218536e3	docs/evidence/absolute_research_20260908/absolute-results-v3/carry/AR2_BTCUSDT_compression_ledger.json
100644 blob 415b921f366c86bdcdc1dd78ddc0956fa25b6d5d	docs/evidence/absolute_research_20260908/absolute-results-v3/carry/AR2_ETHUSDT_adverse_ledger.json
100644 blob 5f52f7d54f999eb42d3f5a02f71b1fc5a596bde4	docs/evidence/absolute_research_20260908/absolute-results-v3/carry/AR2_ETHUSDT_base_ledger.json
100644 blob 706ed0beb32d04bfd75c1df92940eebde724b518	docs/evidence/absolute_research_20260908/absolute-results-v3/carry/AR2_ETHUSDT_compression_ledger.json
100644 blob cc6031fd1987e2bfc7cff3eaa2866dd70a039be9	docs/evidence/absolute_research_20260908/absolute-results-v3/carry/decisions.json
100644 blob 83faf84a634456ec192c4a942ad86b6da0e1ace7	docs/evidence/absolute_research_20260908/absolute-results-v3/carry/results.json
100644 blob 41ab1584a38a10f7e0cd21a5525552f50e40c8ac	docs/evidence/absolute_research_20260908/absolute-results-v3/results.json
100644 blob b5cb465926b90bd0d8a0d7928ec70a80d5f8fe39	docs/evidence/absolute_research_20260908/absolute-results-v3/selector_diagnosis.json
100644 blob a183259fb8823ff468d2855a85dd9dd383650a84	docs/evidence/absolute_research_20260908/absolute-results-v3/spot/decisions.json
100644 blob 394a0b7cbacaac987ba8cf5b5311bb20b8ab6a1e	docs/evidence/absolute_research_20260908/absolute-results-v3/spot/results.json
100644 blob 6f222d1bd7944ec69066e418f4671826c83462b7	docs/evidence/absolute_research_20260908/absolute-results-v3/spot/weekly_results.json
100644 blob a3b4d0274bf65bff8455cb65722a265cffd981f7	docs/evidence/absolute_research_20260908/automation_transfer.json
100644 blob 02295fc4bb333917efe2bccdc8a8c60514250567	docs/evidence/absolute_research_20260908/causality_amendment.json
100644 blob a0c6886ab6df5d3f7d543273f57a6f11eef5e925	docs/evidence/absolute_research_20260908/causality_correction_verification.json
100644 blob c3afa80d8de003fbe8c110f14e565592945e4dc4	docs/evidence/absolute_research_20260908/data_snapshot.json
100644 blob c63ae710a2bdb86b65e44e3e91cfaa177fd88745	docs/evidence/absolute_research_20260908/delivery_receipt.json
100644 blob 5368555ce5418b388fb142170880a87f68b543a7	docs/evidence/absolute_research_20260908/independent-audit.json
100644 blob bb0dcbb82910fa607ab96616eda6044a85e57d08	docs/evidence/absolute_research_20260908/local_paths.json
100644 blob d452617d1338f55070ead331c0017a0fdbfdf038	docs/evidence/absolute_research_20260908/logs/carry-acquisition.log
100644 blob 4fd42411a67ec4270b06c7f7f80c984fcfc9e081	docs/evidence/absolute_research_20260908/logs/research-audit-pyright.log
100644 blob 5368555ce5418b388fb142170880a87f68b543a7	docs/evidence/absolute_research_20260908/logs/research-audit-second.log
100644 blob 4d7cfd88c5c37bd0bd98e0f6492819604fd113e5	docs/evidence/absolute_research_20260908/logs/research-audit.log
100644 blob c4373b0cf9a682d1f489fef8d0aa6ea03a74d821	docs/evidence/absolute_research_20260908/logs/research-final-run.log
100644 blob 3d59ac6dbe38e0e3bb3ade0cf754c12fc0edc958	docs/evidence/absolute_research_20260908/logs/research-first-run.log
100644 blob e69de29bb2d1d6434b8b29ae775ad8c2e48c5391	docs/evidence/absolute_research_20260908/logs/research-format-final.log
100644 blob 4fd42411a67ec4270b06c7f7f80c984fcfc9e081	docs/evidence/absolute_research_20260908/logs/research-pyright-final.log
100644 blob 7f7808062c9c05d70e2af342c8b4d11179a8c82e	docs/evidence/absolute_research_20260908/logs/research-pyright-first.log
100644 blob 4fd42411a67ec4270b06c7f7f80c984fcfc9e081	docs/evidence/absolute_research_20260908/logs/research-pyright-second.log
100644 blob ec88c054553b5b6b947f877a3b28e6939a561a6d	docs/evidence/absolute_research_20260908/logs/research-reproduction.log
100644 blob 1f5f344d054fae10f39140fb7199c99321d9190a	docs/evidence/absolute_research_20260908/logs/research-ruff-final.log
100644 blob c4373b0cf9a682d1f489fef8d0aa6ea03a74d821	docs/evidence/absolute_research_20260908/logs/research-second-run.log
100644 blob e3a095080a56d2f876bca448694901bdf4c524d6	docs/evidence/absolute_research_20260908/logs/research-tests-final.log
100644 blob 152bd68aadc0b990e60773e59cab49cdecf8f6b6	docs/evidence/absolute_research_20260908/logs/research-tests-first.log
100644 blob 8f39c3a6bb96f3dc5991ab7bd448a50254d6aab7	docs/evidence/absolute_research_20260908/logs/research-tests-second.log
100644 blob 9ab4856ea47f4df908ab820ffba16f8fa8bae11e	docs/evidence/absolute_research_20260908/preservation_check.json
100644 blob e0dbb4d5f124703831f0cd5d5f2c1b5e59ad68a3	docs/evidence/absolute_research_20260908/protected_original.json
100644 blob 1abb167c822147ddd72528786bcbc34d62a1cc41	docs/evidence/absolute_research_20260908/protocol.json
100644 blob acfa313c9a6c606efee2d6ebf0886577b13ff820	docs/evidence/absolute_research_20260908/reproduction_check.json
100644 blob 39fc9df7a6156fb89f5490831d4f74d0cc7ca309	docs/evidence/absolute_research_20260908/reproduction_freeze.json
100644 blob 37215d206b0e583bf59b7efc2de1147f1ec8081e	docs/evidence/absolute_research_20260908/run_history.md
100644 blob 3880a658688dc1de67f67f78c5d83bf921fa2387	docs/evidence/absolute_research_20260908/trials.json
100644 blob 751797b9a9f9ddaa17d4635edcf1ff687af25834	docs/evidence/absolute_research_20260908/validation.json
100644 blob ea200c7963f311d75032d1b81234058978e35510	docs/evidence/altcoin_analogs_20260907/audit.json
100644 blob 5823cfe1c01605a1103c08974d0422777fb9f067	docs/evidence/altcoin_analogs_20260907/protocol.json
100644 blob 21a366d72f7e97ca6a1d889b922ea7f988011fdc	docs/evidence/altcoin_analogs_20260907/results.json
100644 blob fdce4f3cb2853f0539e772ded809045a05829871	docs/evidence/altcoin_analogs_20260907/search_log.json
100644 blob 33262821fa479f50eaf885e597bfd345a2c5ffab	docs/evidence/altcoin_analogs_20260907/sources.json
100644 blob fe7382b98eccb7d776f1e097364273f266a5ca00	docs/evidence/altcoin_analogs_20260907/validation.json
100644 blob 88c579c3df5dd8298558a3de52856259d9829a9d	docs/evidence/altcoin_forward_20260907/RUNBOOK.md
100644 blob 35ba8654206b3825ecc4dccc9ff09e7c4f974cd6	docs/evidence/altcoin_forward_20260907/audit.json
100644 blob 5b9c096c9b993042a59843c4147e4d96aadbb446	docs/evidence/altcoin_forward_20260907/automation.json
100644 blob 8986ecbf881a7423a17baa1dc918cf981f714c55	docs/evidence/altcoin_forward_20260907/design.json
100644 blob 1e24c7b7d1e402ae8afca38e3e46da0968925fb1	docs/evidence/altcoin_forward_20260907/freeze.json
100644 blob c3dbe0b6e3304fb670f144ac5dc852a5e3e96138	docs/evidence/altcoin_forward_20260907/freeze_preflight.json
100644 blob 1297425bcf903a48f29a0efe26b569473bf1cd52	docs/evidence/altcoin_forward_20260907/protocol.json
100644 blob 93067af080e2ee16596342179156f7f9ba515835	docs/evidence/altcoin_forward_20260907/replay_validation.json
100644 blob 9bf561acf98affc078f97bd9b2d3c9af438d5cab	docs/evidence/altcoin_forward_20260907/search_log.json
100644 blob aaba8db442df375fddc17fafded88c659651751e	docs/evidence/altcoin_forward_20260907/sources.json
100644 blob 22f8cd28f34fd53218fe782413e3f9b75deada13	docs/evidence/altcoin_forward_20260907/status.json
100644 blob 4bcce77183bd402c6035a286154cd4235a6f2911	docs/evidence/altcoin_forward_20260907/validation.json
100644 blob 2d672f54ebfd15a3411a56a62a2d2f0dd5622c6b	docs/evidence/altcoin_payoff_20260907/identity_events.json
100644 blob 2e49315c17d1b411ddba49de3035c60947eec3e8	docs/evidence/altcoin_payoff_20260907/protocol.json
100644 blob 4049717fcf8eef6b82f51497db7654a4e09b5bbe	docs/evidence/altcoin_payoff_20260907/results.json
100644 blob 0c511efaf7eb26469dfb56b72230c3fe87502de3	docs/evidence/altcoin_payoff_20260907/search_log.json
100644 blob 3d752bdc21c7668df14806ce3f39d623545db14f	docs/evidence/altcoin_payoff_20260907/validation.json
100644 blob 79d67a1ee57a4e12fda137c79ce6aa0a3706719c	docs/evidence/altcoin_profit_20260907/RUNBOOK.md
100644 blob e07be937346989b8841649171defb9b3f87bfa41	docs/evidence/altcoin_profit_20260907/audit.json
100644 blob b1e225dcb8e68eabcc9256626a6120ae3d22e719	docs/evidence/altcoin_profit_20260907/automation.json
100644 blob cd9b68548edefe485aa29a92f36dde84e9f4745d	docs/evidence/altcoin_profit_20260907/freeze.json
100644 blob 4d448fdd4fe1602b1e4d6e2bc5031aa9bd8908fb	docs/evidence/altcoin_profit_20260907/planning.json
100644 blob 70fb09b21d4f812ff5d2e745e23666045cb7485f	docs/evidence/altcoin_profit_20260907/protocol.json
100644 blob 3bc69733843b4fd5d66469bb5528daf52661e607	docs/evidence/altcoin_profit_20260907/search_log.json
100644 blob 76c8af81454e1ff16cf02f96d81cad5b11abb8cb	docs/evidence/altcoin_profit_20260907/status.json
100644 blob a2d7fe90c6ca9b0e1549a1609a41712fe5b2fff2	docs/evidence/altcoin_retro_20260907/acquisition.json
100644 blob 3643eb0adf495f3d16975d174171cd68b3a6775e	docs/evidence/altcoin_retro_20260907/audit.json
100644 blob 0d4fd74535055abf6e33a3e99412c67c83577d45	docs/evidence/altcoin_retro_20260907/code_freeze.json
100644 blob 4d43fac28b7feda5c82d63bc1b4df29bbcf8eb2e	docs/evidence/altcoin_retro_20260907/code_freeze_before_empty_day_fix.json
100644 blob 05a1c41eefb446d122b534c96d5ec44972467bea	docs/evidence/altcoin_retro_20260907/code_freeze_before_partial_day_fix.json
100644 blob eb15c8cc77443a8a0b0f996c806b6800a7cfe52f	docs/evidence/altcoin_retro_20260907/data_handling_amendment.json
100644 blob 69dd5cd6cad5c1dbc723f13645fd461203e5ea20	docs/evidence/altcoin_retro_20260907/decisions.json
100644 blob 1ecee9a2a35623c4bd9b4e4ac6f5c1505a09a4f7	docs/evidence/altcoin_retro_20260907/package_validation.json
100644 blob 9357a8a9ee6b0b1c95bee2b66281725de9ba160f	docs/evidence/altcoin_retro_20260907/protocol.json
100644 blob 0e6f50eeb814fd404bb29649b9a10aff03ef231a	docs/evidence/altcoin_retro_20260907/results.json
100644 blob 0712ed0a772e0b30402643d887d9235396d279fa	docs/evidence/altcoin_retro_20260907/scores.json.gz
100644 blob 6b06b986e986a7ec6bcc7d1e89bca259f6d7a678	docs/evidence/altcoin_retro_20260907/search_log.json
100644 blob 53d0d2a31c51de76937d3a3d0e49f42ef38c1f69	docs/evidence/altcoin_retro_20260907/validation.json
100644 blob eedd0aaa7d25e7ea8cbb6d0e004769e17b259977	docs/evidence/altcoin_retro_20260907/weekly_results.json
100644 blob 41ae82f41d0dfd3ea5fb743071324f67c84e46e5	docs/evidence/altcoin_reviewed_20260907/RUNBOOK.md
100644 blob f5781c8ee38591c1a0c5a8666627b70ea4354c1a	docs/evidence/altcoin_reviewed_20260907/freeze.json
100644 blob 6b1fff69f30da690e319b98dc49fde011c283ba7	docs/evidence/altcoin_reviewed_20260907/protocol.json
100644 blob ea63376548b7aed6c84494992e5d374d8a4b5625	docs/evidence/basis_research_20260908/CAPABILITY_PROBES.zip
100644 blob cfc2e1504be4dd0276a5c6e736db598ab62bf22a	docs/evidence/basis_research_20260908/DECISAO.md
100644 blob e8979986c5e7722c056fb5cc5976e449f79d212d	docs/evidence/basis_research_20260908/EXECUTION_DATA.zip
100644 blob ed1b6f61bd471356258a696cd7d0224b5071bfca	docs/evidence/basis_research_20260908/REPRODUZIR.md
100644 blob f617c20c28a052762eebb55984231d14c5719106	docs/evidence/basis_research_20260908/RESEARCH_DATA.zip
100644 blob 8255128db2b98c6f91b7bac09d0601880a54ad15	docs/evidence/basis_research_20260908/V1_CODE.zip
100644 blob 943dde5ff8c21cdad6af649f6121e4a2971b8342	docs/evidence/basis_research_20260908/data_archives.json
100644 blob ba78111c67ae8805ccbcbd17a08296c68749a235	docs/evidence/basis_research_20260908/data_semantics.json
100644 blob bc0928707945f6d420d2185c12d6d6e0ff2bef4c	docs/evidence/basis_research_20260908/delivery_receipt.json
100644 blob f95a471bde9bed656c7444d85d5b441c453308d5	docs/evidence/basis_research_20260908/execution_planner_freeze.json
100644 blob 2d3e7a8e5a206000e8459d71ba8c9fd48fa00b25	docs/evidence/basis_research_20260908/implementation_freeze.json
100644 blob b65c9e3053a9276655f9b2e79e325fb4440e544a	docs/evidence/basis_research_20260908/implementation_freeze_v1.json
100644 blob 505ce9d7caa538be44342fc656dfc298cd975a2e	docs/evidence/basis_research_20260908/independent_audit.json
100644 blob 6505283e3e1cf8dd862b2f311594929b55ab0cff	docs/evidence/basis_research_20260908/preservation_after.json
100644 blob fca796701cb13cb07f3955b9fe5e9eec5d08af85	docs/evidence/basis_research_20260908/preservation_before.json
100644 blob 8fa63a77eed78a1e0ee31dcb807d9af2a56c4a6b	docs/evidence/basis_research_20260908/protocol.json
100644 blob bd8d8f119c77b2676846d1d3fd6dd65a8fc14ba4	docs/evidence/basis_research_20260908/reproduction_check.json
100644 blob e9710dcfb3e6b03a6097cd3ae1efe9905314fec7	docs/evidence/basis_research_20260908/results-v1-partial/BR1_DATED_BTC/adverse.json.gz
100644 blob 32ca482f9e68055afa31e8628facf19db87ed44b	docs/evidence/basis_research_20260908/results-v1-partial/BR1_DATED_BTC/base.json.gz
100644 blob e65ea37985de4a57cc38de155346aa5dbf43d14b	docs/evidence/basis_research_20260908/results-v1-partial/BR1_DATED_BTC/plan.json.gz
100644 blob 5419d990521a18d238242690b433e96fd888ab5e	docs/evidence/basis_research_20260908/results-v1-partial/BR1_DATED_BTC/stress.json.gz
100644 blob e9710dcfb3e6b03a6097cd3ae1efe9905314fec7	docs/evidence/basis_research_20260908/results-v2/BR1_DATED_BTC/adverse.json.gz
100644 blob 32ca482f9e68055afa31e8628facf19db87ed44b	docs/evidence/basis_research_20260908/results-v2/BR1_DATED_BTC/base.json.gz
100644 blob e65ea37985de4a57cc38de155346aa5dbf43d14b	docs/evidence/basis_research_20260908/results-v2/BR1_DATED_BTC/plan.json.gz
100644 blob 5419d990521a18d238242690b433e96fd888ab5e	docs/evidence/basis_research_20260908/results-v2/BR1_DATED_BTC/stress.json.gz
100644 blob cfc9d9219221ce110274764d3145a58baad75757	docs/evidence/basis_research_20260908/results-v2/BR2_CONVERGENCE_BTC/adverse.json.gz
100644 blob cfc9d9219221ce110274764d3145a58baad75757	docs/evidence/basis_research_20260908/results-v2/BR2_CONVERGENCE_BTC/base.json.gz
100644 blob 515ca498df538ff03981720bc32154fb1e3112d1	docs/evidence/basis_research_20260908/results-v2/BR2_CONVERGENCE_BTC/plan.json.gz
100644 blob cfc9d9219221ce110274764d3145a58baad75757	docs/evidence/basis_research_20260908/results-v2/BR2_CONVERGENCE_BTC/stress.json.gz
100644 blob d305f25b72e3f856ab4c5971202ade7fd32e7187	docs/evidence/basis_research_20260908/results-v2/FILES_SHA256.json
100644 blob d4402a4984dacc7b2769de5a4c9fba026123b4e4	docs/evidence/basis_research_20260908/results-v2/results.json
100644 blob 9a41a7d9c3e1ce0889be1b9acf48a37059a7d38c	docs/evidence/basis_research_20260908/run_history.md
100644 blob fc5922f02b3ffa71302d9a6dc28cddb9e812b5a7	docs/evidence/basis_research_20260908/software_correction.json
100644 blob da70448ddc14ae2f605713979f0ae97eacbdb71a	docs/evidence/basis_research_20260908/trials.json
100644 blob 9fd44b4311d591da9449122aae07d3203249a8cc	docs/evidence/basis_research_20260908/validation.json
100644 blob f0af65e863135eb9a7dfe375f8138e7664e57457	docs/evidence/basis_research_20260908/validation_before.json
100644 blob 8a2df1106c087d0fdc97a34bd910cadc43b25771	docs/evidence/carry_forward_20260908/RUNBOOK.md
100644 blob f477cc147cfbee38ead8a718aa4452ddf72272a9	docs/evidence/carry_forward_20260908/code_freeze.json
100644 blob a5ddefe4d7893c5ee7ef72f4668b1336b6d12498	docs/evidence/carry_forward_20260908/preflight_receipt.json
100644 blob 90f4eaa6414eb3c3fa9d7d5acebfa793999f6a44	docs/evidence/carry_forward_20260908/protocol.json
100644 blob 092df6c7fbc4f3db0fc613353323a147c229097b	docs/evidence/carry_forward_20260908/scheduling.json
100644 blob 4be34251b9e00ba4d13621863df959a7700ed19f	docs/evidence/chat_review_20260908/REPRODUZIR.md
100644 blob c2a4da397975b30a365a42224a5a7a32410173bb	docs/evidence/chat_review_20260908/REVISAO.md
100644 blob 98c0cdf59729fd1896681b0f8c1e73f7e5301819	docs/evidence/chat_review_20260908/correction_scope.json
100644 blob 96fe82450040657d5d25b2b26ec563c31fb4dbe1	docs/evidence/chat_review_20260908/delivery_receipt.json
100644 blob 324676fd10f5017daeeb36e406d974b00551e99b	docs/evidence/chat_review_20260908/history_scope.json
100644 blob a6aa252f8393ed193d98c054fc8d2302e2863da8	docs/evidence/chat_review_20260908/net_hedge_plans_v2.json
100644 blob 9951e11c5f5d93e56728c3def69ea9bc4b15ea5c	docs/evidence/chat_review_20260908/new_code_freeze.json
100644 blob a08c6d0e5b1930360bd4bf1f342db87588e2effb	docs/evidence/chat_review_20260908/validation.json
100644 blob 10983338eff008e957c6eed120dfe25d07080bf9	docs/evidence/corrections_20260908/delivery_receipt.json
100644 blob 5269ece502d3f3d03f4148e38b01036e3f2b665b	docs/evidence/corrections_20260908/issues.json
100644 blob ecfff370105aa53900b6ae8168f82edafeb638e4	docs/evidence/corrections_20260908/net_hedge_plans_v3.json
100644 blob 54e4b2181fcf57ad34deeb60d0dc1c7f299c9495	docs/evidence/corrections_20260908/scope.json
100644 blob caf1c8676be42809334537d4ee38d7d1ca090e38	docs/evidence/corrections_20260908/separate_source_audit.json
100644 blob fd693ddad15cbb2b51c6dbd59b07b2d352561d91	docs/evidence/corrections_20260908/validation.json
100644 blob 4b7e825f45e5ae6928a27160fd31a52e5f2f182a	docs/evidence/cripto_v12_dsr_inventory.json
100644 blob 13af42495ded13b00e550c0db0b237a44fbdb9ae	docs/evidence/cripto_v12_sources.json
100644 blob 00af35ce5b0d1d1e90e9834e854ab3d0ff1aa5a5	docs/evidence/dependency_execution_20260910/aave/001.json
100644 blob 5354e0ff043fb44ce7cdc5a5fde7cd048acc342d	docs/evidence/dependency_execution_20260910/aave/002.json
100644 blob eba94e5e4d0be4b72cb67a3eea4903ee0159994a	docs/evidence/dependency_execution_20260910/aave/003.json
100644 blob fc46d8bc0df372f426c07871212db1014698ec99	docs/evidence/dependency_execution_20260910/aave/004.json
100644 blob d765411175b8181a93786ffe2203aa99fef96305	docs/evidence/dependency_execution_20260910/aave/005.json
100644 blob 4809a31b5bfed775b351f3cee4a50da623e4c50b	docs/evidence/dependency_execution_20260910/aave/006.json
100644 blob df1b69a075c95a1cd0d5643bc3b002462b9b35b9	docs/evidence/dependency_execution_20260910/aave/007.json
100644 blob cd2c38ab9bf9f749eac69eabb20a72a56c6493ab	docs/evidence/dependency_execution_20260910/aave/008.json
100644 blob 44ae382442e8038686fa34a94ba04063b8834292	docs/evidence/dependency_execution_20260910/aave/009.json
100644 blob efdf40da62fad8366306c925f292f8cf0f4da1dc	docs/evidence/dependency_execution_20260910/aave/010.json
100644 blob 1f6bbfd38ef4686fce0c1a2e55208d6bc9d14d3c	docs/evidence/dependency_execution_20260910/aave/011.json
100644 blob 60ded8fc68a363fc5862efa32d583cbaa745fb58	docs/evidence/dependency_execution_20260910/aave/012.json
100644 blob 2e4c67efe090e3e0fd4cd807643970d3c37e8324	docs/evidence/dependency_execution_20260910/aave/013.json
100644 blob b5a749d28ccc56c046bb8ddb8b1f563ac879fedf	docs/evidence/dependency_execution_20260910/aave/014.json
100644 blob a65b65dbe745e751d5e65e0fe7537154368fd604	docs/evidence/dependency_execution_20260910/aave/015.json
100644 blob ee0b7e63815ae3ce06e05054af897ceb3ec517c8	docs/evidence/dependency_execution_20260910/aave/016.json
100644 blob 5c6047c3a3baccde6145ae83de0b5a260a765149	docs/evidence/dependency_execution_20260910/aave/017.json
100644 blob 1a2ca076220e76e92bf4910ce62bb206d3e21eff	docs/evidence/dependency_execution_20260910/aave/018.json
100644 blob 73ef952f92c82e77b5a82c0f16078fe7ae89d9aa	docs/evidence/dependency_execution_20260910/aave/019.json
100644 blob 4f1c261e8c88aeba0b8a86d3372490c40870b982	docs/evidence/dependency_execution_20260910/aave/020.json
100644 blob ae762b8d1e2247affdc36ebba1f7e524ff55dd88	docs/evidence/dependency_execution_20260910/aave/021.json
100644 blob 2aac172a0991194b9b25489b63ab6cdcd95fc7ef	docs/evidence/dependency_execution_20260910/aave/022.json
100644 blob 3df5144536c1e090a5ab98a6f531148f19312226	docs/evidence/dependency_execution_20260910/aave/023.json
100644 blob cd57b0db308af2646846ec7e5def60ac05bdd3e1	docs/evidence/dependency_execution_20260910/aave/024.json
100644 blob ea3c199c603e059b81d39731382978ccba175432	docs/evidence/dependency_execution_20260910/aave/025.json
100644 blob d5d2f211ea0aa24d049d6674964e7050877e5978	docs/evidence/dependency_execution_20260910/aave/026.json
100644 blob 2c021399a8c1dca639595ee0451e760cdf6b34e8	docs/evidence/dependency_execution_20260910/aave/027.json
100644 blob 9b3589cb23045da2e7a65621a21ef577aa4d3812	docs/evidence/dependency_execution_20260910/aave/028.json
100644 blob 210d43be09a7355c5ce3269ec6800a566214a1f8	docs/evidence/dependency_execution_20260910/aave/029.json
100644 blob a64838ce88eee9c13c66c566c49d25af3569d38d	docs/evidence/dependency_execution_20260910/aave/030.json
100644 blob 8e48be7e376da208de07e7ecce1a3f5fbd0a49d9	docs/evidence/dependency_execution_20260910/aave/031.json
100644 blob 9af0a7d0536c0f522afa94f22688ac54cc30b19f	docs/evidence/dependency_execution_20260910/aave/032.json
100644 blob 61dd08f70175f0b4f7e9728703d3ab42067905dc	docs/evidence/dependency_execution_20260910/aave/033.json
100644 blob dd362f23f025491e6ca93ef6b0811161bac408ca	docs/evidence/dependency_execution_20260910/aave/034.json
100644 blob c5ed7ac1f0c9781f86e985cc72012255984cd354	docs/evidence/dependency_execution_20260910/aave/035.json
100644 blob 89ed11cec0bf0a0d19b72b618cb01e3bd6d1a12c	docs/evidence/dependency_execution_20260910/aave/036.json
100644 blob 3b32d8aa548770d0101fdc367fec1a6d83697de6	docs/evidence/dependency_execution_20260910/aave/037.json
100644 blob cade30f2768c26e5ac9897475d12ab5ce7876445	docs/evidence/dependency_execution_20260910/aave/038.json
100644 blob e1a26dbb91d160ce77447b2bdb89a4b945f28680	docs/evidence/dependency_execution_20260910/aave/039.json
100644 blob af26f199f5bd1269a8d4717cb5c8194068f2f100	docs/evidence/dependency_execution_20260910/aave/040.json
100644 blob fd09b944e9f642f87169e6db8aede2f19358cd50	docs/evidence/dependency_execution_20260910/aave/041.json
100644 blob 795a177e252969944dafe124c40ffc113966df18	docs/evidence/dependency_execution_20260910/aave/042.json
100644 blob 4c4e0e37af1cfc6ecccb8056b0feb9746d9c5d76	docs/evidence/dependency_execution_20260910/aave/043.json
100644 blob a5f6bd0c987124a6eea15728ccd93b574afae0e2	docs/evidence/dependency_execution_20260910/aave/044.json
100644 blob faef7e7017c31ecee6801f27cd829be96aa4e5c8	docs/evidence/dependency_execution_20260910/aave/045.json
100644 blob dbd3a0528afac54607b8c800bbf0753013020da1	docs/evidence/dependency_execution_20260910/aave/046.json
100644 blob e45dcc827160f1636339dd2ce7280fca0d939871	docs/evidence/dependency_execution_20260910/aave/047.json
100644 blob 9896a6c905204075048a50fa2e665c4b932dbf1f	docs/evidence/dependency_execution_20260910/aave/048.json
100644 blob 5cc4a662d597a8f8d5bd3969512fd1c90ee487d1	docs/evidence/dependency_execution_20260910/aave/049.json
100644 blob e841d00f7857f2356c8ac966d2ef0f2783805453	docs/evidence/dependency_execution_20260910/aave/050.json
100644 blob dff25c80e80aed785b5a6af39eadb6735c5bcacc	docs/evidence/dependency_execution_20260910/aave/051.json
100644 blob 23f9874dc161e08ed50de8a5d2af61d7e63cfda0	docs/evidence/dependency_execution_20260910/aave/052.json
100644 blob 7528655d6323af0b83ec1ae53c152419901ef58b	docs/evidence/dependency_execution_20260910/aave/053.json
100644 blob e8432092902e2a72c95997f0f62017f388dba641	docs/evidence/dependency_execution_20260910/aave/054.json
100644 blob 821cf9837d3463da8f473d9ab5a2fafa316fb1bb	docs/evidence/dependency_execution_20260910/aave/055.json
100644 blob 370eb4c26780f3ff06dd9f9b2b5bf4fe77c3bde0	docs/evidence/dependency_execution_20260910/aave/056.json
100644 blob e60d09ff983b67c66dfb9e23a8f4980dc06205d6	docs/evidence/dependency_execution_20260910/aave/057.json
100644 blob 0560745d547b6f156e983b15468663d82e1e1ac4	docs/evidence/dependency_execution_20260910/aave/058.json
100644 blob e385448c79c32849e230f26ee79ac85ab2d6128a	docs/evidence/dependency_execution_20260910/aave/059.json
100644 blob b26bdf5568d6c5e09e99fa55f46b2174c2b9954d	docs/evidence/dependency_execution_20260910/aave/060.json
100644 blob f461a99c0ff95eaa3ed267c921bf66556822e57f	docs/evidence/dependency_execution_20260910/aave/061.json
100644 blob b733dde3f68d2a43fccbd209d058a3fdba8bcb8d	docs/evidence/dependency_execution_20260910/aave/062.json
100644 blob 35e51cb88f3580b680e12ce3ee5d33a5c093d441	docs/evidence/dependency_execution_20260910/aave/063.json
100644 blob c5df40711634ac7030f2ea0462906d8160c80482	docs/evidence/dependency_execution_20260910/aave/064.json
100644 blob 0fb2ed0f1048ab1ab762f055823f27cea0f1e2a3	docs/evidence/dependency_execution_20260910/aave/065.json
100644 blob 0bb82212232e3428fc150825483f98dbc000f76c	docs/evidence/dependency_execution_20260910/aave/066.json
100644 blob 2e4be804f8890eb9835e67c9bcc5eea98427a157	docs/evidence/dependency_execution_20260910/aave/067.json
100644 blob 57c668cce71dbd3e282efcb94c6d24d567e8e25b	docs/evidence/dependency_execution_20260910/aave/068.json
100644 blob f35107b9b806adc3afb5c8768f3a06dc8022d54e	docs/evidence/dependency_execution_20260910/aave/069.json
100644 blob c482485141deec2ea7b9f6c832c816646693fdac	docs/evidence/dependency_execution_20260910/aave/070.json
100644 blob 1ddd539f9b79ad4e07096261f7501350006aba22	docs/evidence/dependency_execution_20260910/aave/071.json
100644 blob c3067e9552b6f01c4c9550f67e72822bf5d1a334	docs/evidence/dependency_execution_20260910/aave/072.json
100644 blob d37c55d8bb46ef47ba62e7323c35b322f23134d2	docs/evidence/dependency_execution_20260910/aave/073.json
100644 blob f15b1e579f90b76214b280861555764a35a329fc	docs/evidence/dependency_execution_20260910/aave/074.json
100644 blob 60c02c43dc945747050ed9410697fb7f06e0cd6d	docs/evidence/dependency_execution_20260910/aave/075.json
100644 blob efcd413707d45d860136581e67d5b798830884e6	docs/evidence/dependency_execution_20260910/aave/076.json
100644 blob 82f00276ee51a566fea84d1b5f3743f71d0cce3a	docs/evidence/dependency_execution_20260910/aave/077.json
100644 blob 1879880cac0fafd39ae72f86a985eb87935c0ee5	docs/evidence/dependency_execution_20260910/aave/078.json
100644 blob ba2c06f5ff9b418459c1c0d76ff5abff1f2c6176	docs/evidence/dependency_execution_20260910/aave/079.json
100644 blob bbee216fb40a07b84f36cce9ca0555be789cdeef	docs/evidence/dependency_execution_20260910/aave/080.json
100644 blob 25690d88cf173863fb5a288ea93c835cb8947788	docs/evidence/dependency_execution_20260910/aave/081.json
100644 blob 422fee1ac7f892b5156bac5e83d22918d098792a	docs/evidence/dependency_execution_20260910/aave/082.json
100644 blob b84315394fe89464fb431068ac0dbd8db2577a8b	docs/evidence/dependency_execution_20260910/aave/083.json
100644 blob 49824dfc31446d1b44945b36fea0b0c765e7f0df	docs/evidence/dependency_execution_20260910/aave/084.json
100644 blob 0e499e327bd72fd2419961d0f0b7914d1beacc74	docs/evidence/dependency_execution_20260910/aave/085.json
100644 blob 08ec670d76258e9dbf7081f3daeda4aa644e8f61	docs/evidence/dependency_execution_20260910/aave/086.json
100644 blob 003362d787fa236f87193e8258d39ec83667a42a	docs/evidence/dependency_execution_20260910/aave/087.json
100644 blob 19dbb424bb467323b016abc9fc834345a59a6d38	docs/evidence/dependency_execution_20260910/aave/088.json
100644 blob 3e3d57681d1577f605fa43973a3fea13f9d2350b	docs/evidence/dependency_execution_20260910/aave/089.json
100644 blob 470431808a48d971fc28b60f05777b8bc6ce1d1b	docs/evidence/dependency_execution_20260910/aave/090.json
100644 blob 0b9617b7c9cde2f195417464ef2a0a1991a7e9b6	docs/evidence/dependency_execution_20260910/aave/091.json
100644 blob 7e951947500f6bfd0317e18cf3048f25a855c5bc	docs/evidence/dependency_execution_20260910/aave/092.json
100644 blob db9ba1ab90fc81b6774cbe355e7dbd9d31931e79	docs/evidence/dependency_execution_20260910/aave/093.json
100644 blob 6cd653021a0a93c4175eea57061722fecfaed421	docs/evidence/dependency_execution_20260910/aave/094.json
100644 blob d2f83d00df377e7ca8ef450b30409adad53f3101	docs/evidence/dependency_execution_20260910/aave/095.json
100644 blob 25f88978b1b4aac7d583251ff989a8dc057c2e68	docs/evidence/dependency_execution_20260910/aave/096.json
100644 blob 6f24fe9116287b7423a5166964766c4b7a3eebaa	docs/evidence/dependency_execution_20260910/aave/097.json
100644 blob 0c318a0b6eef0a3db0a9d956b414e84dc2ded318	docs/evidence/dependency_execution_20260910/aave/098.json
100644 blob 988608b56017b17563d736bbdf8574496dce5f23	docs/evidence/dependency_execution_20260910/aave/099.json
100644 blob b8145758b42b916ff805ba9a94227d3ff47efda4	docs/evidence/dependency_execution_20260910/aave/100.json
100644 blob b9b709ce29743f761e38e4f435b21d5000dc9213	docs/evidence/dependency_execution_20260910/aave/101.json
100644 blob cd7bfeff09ae858af0ac6155537093186718792b	docs/evidence/dependency_execution_20260910/aave/102.json
100644 blob 58cbf7cdc6221f1dcd022806b534aace474edb8c	docs/evidence/dependency_execution_20260910/aave/103.json
100644 blob 2ddab135cd5489d87ea4b1502efa8a0dd457d9cf	docs/evidence/dependency_execution_20260910/aave/104.json
100644 blob bc3dcab751acd46c9e9f839b02e6dd365af1d970	docs/evidence/dependency_execution_20260910/aave/105.json
100644 blob 8a8c530bf22cc2b005a7bb9ca2d615250e413baf	docs/evidence/dependency_execution_20260910/aave/106.json
100644 blob 23e21d8e1fc56b58b12362e3f6bfe7e48a6c4876	docs/evidence/dependency_execution_20260910/aave/107.json
100644 blob 9b25ac543bc2266d24a0f77730af337dad6977fb	docs/evidence/dependency_execution_20260910/aave/108.json
100644 blob 92f70e02881c8b8d7c5983554ac3f05c2f57ed31	docs/evidence/dependency_execution_20260910/aave/109.json
100644 blob 012128a8b0ab490a92bc9194a7bb03cf9335d28e	docs/evidence/dependency_execution_20260910/aave/110.json
100644 blob 6db038f07ff8f545c9d32e7d334bcaf7d3989b47	docs/evidence/dependency_execution_20260910/aave/111.json
100644 blob 97d9e740435c6ad85cc4f69daf076913ceb6f0a5	docs/evidence/dependency_execution_20260910/aave/112.json
100644 blob b6a550a3d09884c151f94bd383855dbbecd4d139	docs/evidence/dependency_execution_20260910/aave/113.json
100644 blob a4840c1bcf6e26962e41c429d887e019b25bbc42	docs/evidence/dependency_execution_20260910/aave/114.json
100644 blob e4e8dc36618b5280c8096aa653dcbe9ade8a2152	docs/evidence/dependency_execution_20260910/aave/115.json
100644 blob 65b556e33302922a9ff56b79ecad9d0f4c3def8f	docs/evidence/dependency_execution_20260910/aave/116.json
100644 blob eb38575363f3a15ec8c298e3afb487bf90d15aa7	docs/evidence/dependency_execution_20260910/aave/117.json
100644 blob 77f0f953b99c33b6eea841952d9b9c86fb5df661	docs/evidence/dependency_execution_20260910/aave/118.json
100644 blob b1ddfa6e3c825fdb8e6e03fa95cf36992a8aed9d	docs/evidence/dependency_execution_20260910/aave/119.json
100644 blob f7e6f2938a5c733b0d67a8353d02bb66e82be94a	docs/evidence/dependency_execution_20260910/aave/120.json
100644 blob ce69473e0c8cda6b8f06a5610e522715754a863d	docs/evidence/dependency_execution_20260910/aave/121.json
100644 blob b76bee882b2ed2cf286602edfc222800d1a19cc9	docs/evidence/dependency_execution_20260910/aave/122.json
100644 blob d9dc25a135fdceda99f1f97f297370d455285d41	docs/evidence/dependency_execution_20260910/aave/123.json
100644 blob d6646e42abb99bb7912003fcc2386d65d8d49ba5	docs/evidence/dependency_execution_20260910/aave/124.json
100644 blob 84e63a0a78a8e49e420a72ece603060245067aaa	docs/evidence/dependency_execution_20260910/aave/125.json
100644 blob 9bfe7eed4ec74b7c58a5624a97aa341994666bd8	docs/evidence/dependency_execution_20260910/aave/126.json
100644 blob f988c3972f931e7165a9c27ce4e3ebaf60a64f36	docs/evidence/dependency_execution_20260910/aave/127.json
100644 blob f514fcd4b36d23c938a2d0295484e00c04c15493	docs/evidence/dependency_execution_20260910/aave/128.json
100644 blob c7d55648f0d4652c09c4dd55f66302ef3e4802b4	docs/evidence/dependency_execution_20260910/aave/129.json
100644 blob 4b59160e63980e04c0dc721f6808526ac95bfb6b	docs/evidence/dependency_execution_20260910/aave/130.json
100644 blob 5fc8cad3e892b686065e67b2c11805b5d595c545	docs/evidence/dependency_execution_20260910/aave/131.json
100644 blob 349c16aa273d53cf6b30443f89e4e48269b5207c	docs/evidence/dependency_execution_20260910/aave/132.json
100644 blob 802db8a31fe4fb267653f396a226d4e9f4806b5f	docs/evidence/dependency_execution_20260910/aave/133.json
100644 blob 087f7e39f186857f9e309f02f68d1d00aa90e853	docs/evidence/dependency_execution_20260910/aave/134.json
100644 blob 9161f5500e29eecf312da63cebe60b71f6b24c3f	docs/evidence/dependency_execution_20260910/aave/135.json
100644 blob f4edc70fcda5f8e168d8274c8347a3c51ca87eca	docs/evidence/dependency_execution_20260910/aave/136.json
100644 blob a3934d18f446f7819ce5e09a89fd753819f68e7a	docs/evidence/dependency_execution_20260910/aave/137.json
100644 blob ccaae06430bfe97c870f1dd634cea9e8fd42ff10	docs/evidence/dependency_execution_20260910/aave/138.json
100644 blob 51a2018a800506993b30dddb022b443bf2de5593	docs/evidence/dependency_execution_20260910/aave/139.json
100644 blob 1a8bf0a451896c7821bb1de56a6d0d10c251924d	docs/evidence/dependency_execution_20260910/aave/140.json
100644 blob 25c67a27c6ba8a21f2cd320b555ef9b9abb308a5	docs/evidence/dependency_execution_20260910/aave/141.json
100644 blob ad4e826f25fdef2f16070914e23e61c82193c37f	docs/evidence/dependency_execution_20260910/aave/142.json
100644 blob 5989c92443b9f810be44595f076385c75bb3cb12	docs/evidence/dependency_execution_20260910/aave/143.json
100644 blob 2cc98d410dc0f4d980e8cfe9376982a267b08d8a	docs/evidence/dependency_execution_20260910/aave/144.json
100644 blob e1462c236ea58d167b4ad0180ddc05d776211151	docs/evidence/dependency_execution_20260910/aave/145.json
100644 blob 2c79f7220a16cde5f05801a655ad863f7764a2e8	docs/evidence/dependency_execution_20260910/aave/146.json
100644 blob d8d02a7f79985df9746ebb1c6105e51448402db0	docs/evidence/dependency_execution_20260910/aave/147.json
100644 blob 75f6fe2dc0c77f17dee81ff654c2ab199c785a18	docs/evidence/dependency_execution_20260910/aave/148.json
100644 blob 6e24ce099d05d484da0be895bc81ee0088dce038	docs/evidence/dependency_execution_20260910/aave/149.json
100644 blob a0e2e100b8934dedd2dc7edb9b0819f6fd845ae0	docs/evidence/dependency_execution_20260910/aave/150.json
100644 blob ffe1bc89c9a703fea09de63024a8c7e7ad380f02	docs/evidence/dependency_execution_20260910/aave/151.json
100644 blob fda9b4c118588b63c477af0312b32c1e823c2e89	docs/evidence/dependency_execution_20260910/aave/152.json
100644 blob 3f513b36a89cd05a9ab9ce62421af3a20ee6bd13	docs/evidence/dependency_execution_20260910/aave/153.json
100644 blob 6953812b6c673c52df3187fb36f00a99bff010e7	docs/evidence/dependency_execution_20260910/aave/154.json
100644 blob 4be023e509a2d29b08da2e666d1a7facab1e900f	docs/evidence/dependency_execution_20260910/aave/155.json
100644 blob 5a3987cc538167ef072b18a50fbf78557f744c68	docs/evidence/dependency_execution_20260910/aave/156.json
100644 blob 5e57adf32efdeae2c0f832bdca00fa4748c5eb21	docs/evidence/dependency_execution_20260910/aave/157.json
100644 blob 9d89f6fbbacd1d19251095a982a59abaa761d2db	docs/evidence/dependency_execution_20260910/aave/158.json
100644 blob 8be9cfded1b3929e13f369cc15c0bdae61969c3e	docs/evidence/dependency_execution_20260910/aave/159.json
100644 blob 2279d8c4c66f394848469457e52a7b33ced46338	docs/evidence/dependency_execution_20260910/aave/160.json
100644 blob 36d4e2f6ecaece6188b6e9b2fd4be34c96b10b9b	docs/evidence/dependency_execution_20260910/aave/161.json
100644 blob ac07944cdddb22ada82b5ceb57157edf564afd97	docs/evidence/dependency_execution_20260910/aave/162.json
100644 blob 6bd4433162eb9a77659b050676edc86d0b9f838b	docs/evidence/dependency_execution_20260910/aave/163.json
100644 blob 0006b70d8576b30584f149537273f919dd5bd40b	docs/evidence/dependency_execution_20260910/aave/164.json
100644 blob 46d963fd23f34f4123acd3c87229e01a787b068f	docs/evidence/dependency_execution_20260910/aave/165.json
100644 blob e6828654549a1578d3d99cab36d3db71c784cd76	docs/evidence/dependency_execution_20260910/aave/166.json
100644 blob 3cf64ea36bb347158e7ad799bc0c8115608cd6d9	docs/evidence/dependency_execution_20260910/aave/167.json
100644 blob bc63522e52ce0cda3895869b943845239b3ec779	docs/evidence/dependency_execution_20260910/aave/168.json
100644 blob c31a1b67bd21b10a20d850781aa2479df45c2e31	docs/evidence/dependency_execution_20260910/aave/169.json
100644 blob ac1bf2f12bc6bf5fa71f6063c0adc68cad2f3619	docs/evidence/dependency_execution_20260910/aave/170.json
100644 blob cf56b223b2649913c8761d00c40303c7c9501d63	docs/evidence/dependency_execution_20260910/aave/171.json
100644 blob 287639716691b955e152385be21c92b805110878	docs/evidence/dependency_execution_20260910/aave/172.json
100644 blob ad3c868da7afbbc7e83ec7fc4dd7419df2758090	docs/evidence/dependency_execution_20260910/aave/173.json
100644 blob ffa3eee376de67a0343cf0449b12eb200d6ae171	docs/evidence/dependency_execution_20260910/aave/174.json
100644 blob 9f2b21fcc73a02bbc9aeb6f2c2cf11bce4cd6a02	docs/evidence/dependency_execution_20260910/aave/175.json
100644 blob 72df6f5ce71848eea580559e472c58015712668c	docs/evidence/dependency_execution_20260910/aave/176.json
100644 blob 864b84491d900306b4e18a288c333c480a2816fc	docs/evidence/dependency_execution_20260910/aave/177.json
100644 blob 63ddda094fc5d1a5d7c5c73c8e162d83ca4e65d1	docs/evidence/dependency_execution_20260910/aave/178.json
100644 blob cd0e34952629ca35c73e51fa0c9a1c934846e0d4	docs/evidence/dependency_execution_20260910/aave/179.json
100644 blob c44822f7aeb22a66176a63a34307d8f104a17353	docs/evidence/dependency_execution_20260910/aave/180.json
100644 blob bdc0c7f5ce6d5adf3e50f2bebcb302faa8f35976	docs/evidence/dependency_execution_20260910/aave/181.json
100644 blob 9437889438e0e248801401b268fb2e749ce0a167	docs/evidence/dependency_execution_20260910/aave/182.json
100644 blob f3cce1b600623d94ed3571e83fb7d7af9ecbd34e	docs/evidence/dependency_execution_20260910/aave/183.json
100644 blob 4e4ddea0c8643cb808098fba3cad55b826f9c664	docs/evidence/dependency_execution_20260910/aave/184.json
100644 blob b20c8a5e4c2c0ac3a59e1c06a414b2123a92e910	docs/evidence/dependency_execution_20260910/aave/185.json
100644 blob 9b47c9678e43a9d10dd01125356564649f227328	docs/evidence/dependency_execution_20260910/aave/186.json
100644 blob f411144a2dd68ca0cfd1275aae5ea649f83e9d65	docs/evidence/dependency_execution_20260910/aave/187.json
100644 blob e006bc2d1ac0c1e437e5745acb1268a1d370984e	docs/evidence/dependency_execution_20260910/aave/188.json
100644 blob 4b22301fc121437173ed7b875c2f6d1d2c5baf3d	docs/evidence/dependency_execution_20260910/aave/189.json
100644 blob d68f83cb8d0deb3343ed655ff1490db76f9cad1a	docs/evidence/dependency_execution_20260910/aave/calculation.json
100644 blob 6a3bbd27e2d6bea0dcfbaf785862c60e3008ba15	docs/evidence/dependency_execution_20260910/aave/collector_executed.source
100644 blob 1779e59bc9203f6bf30c2f2c3cedc7dae3fa97c5	docs/evidence/dependency_execution_20260910/aave/cost-sensitivity.json
100644 blob 5f00b4a87c08310be355fb8808ca95ee32664f10	docs/evidence/dependency_execution_20260910/aave/current-finalized.json
100644 blob 9a3d38e81d5ae914608c987a2c46fa8f0ecbbd58	docs/evidence/dependency_execution_20260910/aave/history.json
100644 blob 238592549cee33735d92fc805971d9304903b5fe	docs/evidence/dependency_execution_20260910/aave/result.json
100644 blob dda7d3ffbda69375e5cc4b1737919e543c76301a	docs/evidence/dependency_execution_20260910/aave/scope.json
100644 blob 0041929b33345795c1a24700ddbfa84dc3063666	docs/evidence/dependency_execution_20260910/aave/weekly-00.json
100644 blob e34d0ee08f254270bc63c53b81318ef2c52f6223	docs/evidence/dependency_execution_20260910/aave/weekly-01.json
100644 blob 60cc903757cfa7182e185b54ee8d6c9a46cc79f8	docs/evidence/dependency_execution_20260910/aave/weekly-02.json
100644 blob 973d84440be5c30d22a4241dfd5ead2e63a04ba9	docs/evidence/dependency_execution_20260910/aave/weekly-03.json
100644 blob 1266fc7ec6ecf5873e97a54874692625222e78c3	docs/evidence/dependency_execution_20260910/aave/weekly-04.json
100644 blob 28f26b83afc7ee85a57a69eedc45eb6f41f2fb17	docs/evidence/dependency_execution_20260910/aave/weekly-05.json
100644 blob 1ade4ca6324fb4639f756b55adb9bfcfd9b443ab	docs/evidence/dependency_execution_20260910/aave/weekly-06.json
100644 blob 2e060673cd0865eecd1528bd67f93806a17f2a89	docs/evidence/dependency_execution_20260910/aave/weekly-07.json
100644 blob a36d29f504aba6c3e94f57375c3cb832a6f3b91d	docs/evidence/dependency_execution_20260910/aave/weekly-08.json
100644 blob 64ef8cc371d13bb480c20cbcf9a37f7f5c347ec6	docs/evidence/dependency_execution_20260910/aave/weekly-09.json
100644 blob 17da22bcdb28ddebdf9fe28a7c647681cc794238	docs/evidence/dependency_execution_20260910/aave/weekly-10.json
100644 blob 58bc8e4816071bf88ff4e9a79eb368c48c142640	docs/evidence/dependency_execution_20260910/aave/weekly-11.json
100644 blob 6eaab3bbaf6659da14114efb1c5b7cf3e016ebfa	docs/evidence/dependency_execution_20260910/aave/weekly-12.json
100644 blob 3586ebc489e3561728f082a68f9f3b15db3e6b93	docs/evidence/dependency_execution_20260910/h5_artifacts.json
100644 blob b2c5761bca2c9b743f03b92e1656e86b07f70cb5	docs/evidence/dependency_execution_20260910/llm_connected_check.json
100644 blob 3819eae00478807836d643cecb7524cb11d394dd	docs/evidence/dependency_execution_20260910/llm_protocol.json
100644 blob 36b0965bcc7776b74685bbce2ce4b6d42a70edf8	docs/evidence/dependency_execution_20260910/llm_registration.json
100644 blob 2f7346198dc6ea006b32956e3b9e4c86db6cc492	docs/evidence/dependency_execution_20260910/manifest.json
100644 blob 670ec152d1fb80d3105dac4b46fca60818d7e5ed	docs/evidence/economic_round_20260909/RESULTADOS.md
100644 blob 8c1d76c3584322b3700f8aa6ef47cb8318cc001e	docs/evidence/economic_round_20260909/h1_probe_implementation.source
100644 blob e2be0eebe2dcda1f12cf0bdcfd77974b3732951d	docs/evidence/economic_round_20260909/h1_rpc/001.json
100644 blob 587043baf04c40e9c0d67215813a2212f75e1459	docs/evidence/economic_round_20260909/h1_rpc/002.json
100644 blob 08ee5fb8be84f6af544656b99c41c0ef88659819	docs/evidence/economic_round_20260909/h1_rpc/003.json
100644 blob b2821d283a1ed7f7c91652523623904d94464727	docs/evidence/economic_round_20260909/h1_rpc/004.json
100644 blob 8fd4e6f0fa59b871cc566f60c5317aab31848fb5	docs/evidence/economic_round_20260909/h1_rpc/005.json
100644 blob 309bdc6bd7acf9bf0504b8693ec49254ef68c5e5	docs/evidence/economic_round_20260909/h1_rpc/006.json
100644 blob 17ffca7b0fbf190af7d9908b74e5ce3d76cc8072	docs/evidence/economic_round_20260909/h1_rpc/report.json
100644 blob 7d45de2706a219893ad550871cec6849904e6fa5	docs/evidence/economic_round_20260909/market_results.json
100644 blob aa186026ab79f83c247ff7479995edcbff4731f8	docs/evidence/economic_round_20260909/protocol.json
100644 blob f74c6fbb65f74e0961c5676a39a186a1e8ccfc57	docs/evidence/economic_round_20260909/source_manifest.json
100644 blob 7cf4559f69308255105bc3d812c5c5d24c8da271	docs/evidence/economic_round_20260909/validation.json
100644 blob 3fc720b6d5408de3601829bc899b514480bf39f4	docs/evidence/file_document_audit_20260910/README.md
100644 blob dd7c104aa0c57258ad4fbb3a70b5609c6666ef12	docs/evidence/file_document_audit_20260910/backup_verification.json
100644 blob 598f712c8ba5a8e58d2bcfb2fa362fb9c2682462	docs/evidence/file_document_audit_20260910/cleanup.json
100644 blob 9ad00ec26774b6adcd9cfba680a2411d3d27b17b	docs/evidence/file_document_audit_20260910/finish_original_verification_20260910.py.source
100644 blob 8a97e775ea71172007e2885406de02bfeff56d09	docs/evidence/file_document_audit_20260910/frozen_runtime_validation.json
100644 blob bdc215a79deca3e7caa70ee55c1a949def9e0735	docs/evidence/file_document_audit_20260910/historical_links.json
100644 blob 60c12bf124130017d013a4fb070b4b6a1b014045	docs/evidence/file_document_audit_20260910/manifest.json
100644 blob 18633ff5b938599f767e77f947923a6f13c1489c	docs/evidence/file_document_audit_20260910/markdown_baseline.json
100644 blob 8248bd81a644fda9a283dfa8b4179272363a9b91	docs/evidence/file_document_audit_20260910/migration_archive_verification.json
100644 blob fdf2be34ebedf34ec7f560ad30632ffdea4278e7	docs/evidence/file_document_audit_20260910/original_files_verification.json
100644 blob d6e2ad3d19895c6a3d8f3eb367b8e22015547aef	docs/evidence/file_document_audit_20260910/original_serial_prefix.json
100644 blob d69cfc657df551103d12e8c854bda580c4814f97	docs/evidence/file_document_audit_20260910/redundant_worktree.json
100644 blob 0627151314f6e9e7cdeb5676ddb9832025df9e0b	docs/evidence/file_document_audit_20260910/root_inventory.json
100644 blob 79fef67f27be0dceec8640b81998a06765ba320e	docs/evidence/file_document_audit_20260910/verify_migration_archive_20260910.py.source
100644 blob bd887b066ab0c0763306f860ccf7d38d384da778	docs/evidence/file_document_audit_20260910/verify_original_files_20260910.py.source
100644 blob 7b6b7f2fb63648ee2be558aad0e00b5a57b8a6b1	docs/evidence/funding_carry_screen_20260907/protocol.json
100644 blob ba693b9a27f89f6c73cc384c6e7493a52d0f407a	docs/evidence/funding_carry_screen_20260907/results.json
100644 blob 6256d3892f32ec22d2d71309dc97cd5285cdab67	docs/evidence/funding_carry_screen_20260907/sources.json
100644 blob 0bf81c459a81d3c9a8ddb0c7a5c9182c19eaae8a	docs/evidence/git_consolidation_20260908/README.md
100644 blob c658628dfc2b3b626dfeb2bd1e9e2f36044d1e93	docs/evidence/git_consolidation_20260908/legacy_debug/check_all_tables.py.txt
100644 blob 564bdb61dcda90bab29e4dbfd76c6e418abfc9e8	docs/evidence/git_consolidation_20260908/legacy_debug/check_backup.py.txt
100644 blob 76eff0df700d51339480da9a59574a12604e29c5	docs/evidence/git_consolidation_20260908/legacy_debug/check_db.py.txt
100644 blob 2a09675e9ba4aaff3a0611236ec709a18ce828da	docs/evidence/git_consolidation_20260908/legacy_debug/check_db2.py.txt
100644 blob 46ee319228eb0e9cae41b9b87fa01e4b6bc25d27	docs/evidence/git_consolidation_20260908/legacy_debug/check_failed_runs.py.txt
100644 blob d0132a226b98aacb6dd61c1b93b9ef74b791ca4e	docs/evidence/git_consolidation_20260908/local_validation.json
100644 blob 7a35363869279dc9222cf0b60ecf4f342ef8da82	docs/evidence/git_consolidation_20260908/reconciliation.json
100644 blob d156b094a8082a903a4189e3404b1f56a43bae16	docs/evidence/immediate_audit_20260908/REPRODUZIR.md
100644 blob e5e90c94e0b31db47ab4c5cd30ba52cdc7e1426c	docs/evidence/immediate_audit_20260908/RESULTADOS.md
100644 blob d0b1923999b8b604772e6f09949164105e2e7a60	docs/evidence/immediate_audit_20260908/delivery_receipt.json
100644 blob 5b98ce2bf4d223a65b3cb40d01963f2a21208d06	docs/evidence/immediate_audit_20260908/freeze.json
100644 blob 822ca74b1e8be1c3665a19954ab16795cedc36ef	docs/evidence/immediate_audit_20260908/preservation_after.json
100644 blob 4b048afdc9b404f332fa46d9c7cecffaff4609f3	docs/evidence/immediate_audit_20260908/preservation_before.json
100644 blob a2f38709dd8b02f00956a385ebd9147e21b9a0f3	docs/evidence/immediate_audit_20260908/protocol.json
100644 blob 8ec43e091e452907d3536df4bcdb52274d738d20	docs/evidence/immediate_audit_20260908/validation.json
100644 blob 258481c336847ace8b70e566199b231bb3bab9f3	docs/evidence/model_research_20260908/RESEARCH.md
100644 blob 590a50512b3d7579defac72a0c1e69ad85db3f69	docs/evidence/model_research_20260908/source_manifest.json
100644 blob 9c6c17149a1cc118349f9dce9dfdf1d9979f7fab	docs/evidence/profit_comparison_20260908/DECISAO.md
100644 blob 4b8386c84e3b59290da70dc861ec2fe0da45cf6b	docs/evidence/profit_comparison_20260908/REPRODUZIR.txt
100644 blob 606aa45aa11aeca2dcd1e770dd783ba72a626119	docs/evidence/profit_comparison_20260908/comparison.json
100644 blob 558c1e6335a69f2311773a8ccd03f14d081bfb96	docs/evidence/profit_comparison_20260908/run_receipt.json
100644 blob 6444f0bc239dcfacb548a533d7e030783665df5a	docs/evidence/profit_comparison_20260908/scope.json
100644 blob 827870486a4b9d5664f2fda8c91eb3f83f3d6353	docs/evidence/profit_comparison_20260908/validation.json
100644 blob a1427c9bc45aeb4247abb6b61d36f48250bfba6a	docs/evidence/profit_research_20260908/carry_adverse_rounded.json
100644 blob 3237b7e85d5e49053b6e1ed2e1565e146f1a8c91	docs/evidence/profit_research_20260908/scope.json
100644 blob 8b511fbd3b3d551a6c87fe07fb85cecd18b3b7c4	docs/evidence/profit_research_20260908/transition_synthetic.json
100644 blob 429d9f079866a4d23bb675473e87adad8dba4942	docs/evidence/project_review_20260907/automation.json
100644 blob 79b83d9984f00dc467791e0d2734d5f0c61d6848	docs/evidence/project_review_20260907/carry_absolute_profit.json
100644 blob 9723ea18aaee0dfa6ee08feac9cfb6a0ade361a3	docs/evidence/project_review_20260907/full_tests.txt
100644 blob 587feb41384463ad3350b559431a4197b4c4122d	docs/evidence/project_review_20260907/minimal_ci_tests.txt
100644 blob d0fcd9b874b76904dd9826f761d1dd80946110ac	docs/evidence/project_review_20260907/observer_status.json
100644 blob 64525527671d65d657de0b6603c41858815bcb09	docs/evidence/project_review_20260907/package_validation.json
100644 blob a11aba86ebfca4e16c744b469972abe6c4fce94a	docs/evidence/project_review_20260907/protocol.json
100644 blob b5bb53c95e812ad861cab30d1ae013144361d7c7	docs/evidence/project_review_20260907/python_build.txt
100644 blob 58598bdc3d2669a9e9f7858d1c7dbf102232c194	docs/evidence/project_review_20260907/reconciliation.json
100644 blob 001a16d6882f5a875cfde2b7c479707cdc71dd01	docs/evidence/project_review_20260907/recovery_controls_before_fix.txt
100644 blob 3643eb0adf495f3d16975d174171cd68b3a6775e	docs/evidence/project_review_20260907/retrospective_audit.json
100644 blob 3e3603323474d8e09d601bfc5130d639b3bc432c	docs/evidence/project_review_20260907/runtime_integrity.json
100644 blob 5d816d92386be2ad8c1150445c3d4169d1a7c083	docs/evidence/project_review_20260907/runtime_integrity_before.json
100644 blob 3df971253a64fc34dd70150a04c9bfa7644468c2	docs/evidence/project_review_20260907/runtime_repair.json
100644 blob 6fd3b2ce0fea0752d88dabd70dd52bea784ec8a7	docs/evidence/project_review_20260907/secret_scan.json
100644 blob 6f8f99c61e04136c29dde3782ad5e4408d95624a	docs/evidence/project_review_20260907/uv_build.txt
100644 blob 8c31437647219e4ed9530b4c589e6ef28680b33a	docs/evidence/project_review_20260907/validation.json
100644 blob 89a0f5fc0b13e16501c9476b32628ff2cda329f5	docs/evidence/remaining_dependencies_20260910/README.md
100644 blob 1799f150969ac537479994a4d5afd4077b4f6d41	docs/evidence/remaining_dependencies_20260910/aave_second_source/offline_validation.json
100644 blob b2e1c08e541c913269413dce22bd0458065f67fc	docs/evidence/remaining_dependencies_20260910/aave_second_source/protocol.json
100644 blob 7ec1885d5c5a8a6605938c48b788dc608d7e2b3f	docs/evidence/remaining_dependencies_20260910/aave_status.json
100644 blob 226377ec572505a0677a639cd109cc7895111852	docs/evidence/remaining_dependencies_20260910/access_check.json
100644 blob 1c14f708075078cadeb28aa8bcbdcb1cf57e04ba	docs/evidence/remaining_dependencies_20260910/carry_status.json
100644 blob 2c6844833b5a083c770175009e3c4520cda0d595	docs/evidence/remaining_dependencies_20260910/conversation_reconciliation.json
100644 blob 84d083e5dd93df455e2ab27ef72e03e77bb32ce7	docs/evidence/remaining_dependencies_20260910/executed_sources/compare_aave_second_source.source
100644 blob ea9ed507223d0ea8e824faf290a8f0d642a63c5e	docs/evidence/remaining_dependencies_20260910/executed_sources/finish_remaining_six.source
100644 blob e1969b0105ffc406698fc1dd5b76942a3a62f23a	docs/evidence/remaining_dependencies_20260910/executed_sources/inspect_existing_receipts.source
100644 blob 2257db2c99a85cfa1aa4b689cda937b2092773ea	docs/evidence/remaining_dependencies_20260910/executed_sources/recover_operational_snapshot.source
100644 blob d484d40d3eeb3ad39b350021437a02d6ed4c931a	docs/evidence/remaining_dependencies_20260910/executed_sources/verify_remaining_six.source
100644 blob 91aec2376a23e490d0d859795a1cbf9a1810f56b	docs/evidence/remaining_dependencies_20260910/executed_sources/write_remaining_six_section.source
100644 blob 6cf9907af9b19b818f8c164bf072d2746461a04d	docs/evidence/remaining_dependencies_20260910/historical_recovery_routes.json
100644 blob 5a04ac8d9beb9717162a846528907fd32f87b00b	docs/evidence/remaining_dependencies_20260910/llm_status.json
100644 blob 60a94707b7dcb3f1f1c627c6d60be696256f681f	docs/evidence/remaining_dependencies_20260910/manifest.json
100644 blob 921747608b8ed9fd34f8ddd0e3e30d708ced9c0f	docs/evidence/remaining_dependencies_20260910/original_receipts/result.json
100644 blob b26ca5fed76cb91411b4765e7788bbc595f574b1	docs/evidence/remaining_dependencies_20260910/original_receipts/sources/5714523b98c7451c92a841681049a657.json
100644 blob ef86d9953c3603db7ba1f0a8e995d6f6d594948a	docs/evidence/remaining_dependencies_20260910/original_receipts/sources/8b0c5589c2aa4e6e8353b221877c3aa8.json
100644 blob 0bc48ae5dbc6b05bcb75368251712a336c75e6e5	docs/evidence/remaining_dependencies_20260910/prior_integrations/closure110/integration.json
100644 blob 05bc85a46ef138f312d6e0f63bcf6fc554ee904f	docs/evidence/remaining_dependencies_20260910/prior_integrations/closure_audit/integration.json
100644 blob bee8442e2935cdba6ab41249586074b943f6a0c6	docs/evidence/remaining_dependencies_20260910/prior_integrations/closure_audit/remaining_six_after.json
100644 blob 4992d6667858d2c3cc09884b69dd8fdf78db807d	docs/evidence/remaining_dependencies_20260910/prior_integrations/executor_dependencies/integration.json
100644 blob 8691305c185ec8721e93364f20477b24e7816c25	docs/evidence/remaining_dependencies_20260910/prior_integrations/expansion_integration.json
100644 blob e5edbdc229cdc3b52a1c914d177179f0d618b838	docs/evidence/remaining_dependencies_20260910/prior_integrations/integration.json
100644 blob 6934ff29d47f074a94ad48e1e107695c78947b28	docs/evidence/remaining_dependencies_20260910/prior_integrations/manual_dependencies/integration.json
100644 blob 1589384d52a1556bf7a9d602b20c10fcaf69da54	docs/evidence/remaining_dependencies_20260910/prior_integrations/profit_search/integration.json
100644 blob b48c73703cbccfb853d77ea58b62dc68f6d95ae5	docs/evidence/remaining_dependencies_20260910/review_snapshot.md
100644 blob 562fef19b482200d224ead1c8c0d813c0708153f	docs/evidence/remaining_dependencies_20260910/snapshot/applied.json
100644 blob 955191560af2028b55be23aebc1bc64afcdc784a	docs/evidence/remaining_dependencies_20260910/snapshot/payload.json
100644 blob a8c0a973c10f5beaa45d30eb299fc69dd28370f7	docs/evidence/remaining_dependencies_20260910/snapshot/prepared.json
100644 blob 4f8f713a9737b3e2ccb06f78bf90fc92e3ba30ff	docs/evidence/remaining_dependencies_20260910/verification.json
100644 blob 4cb822991c57d6333ed1729821213f493cdc38c8	docs/manual_dependencies_20260910/EXECUCAO.md
100644 blob ea313f51e8be0b2a0451c1e2dfe1e7386483775a	docs/manual_dependencies_20260910/RETOMADA.md
100644 blob 865ba04192327e16f42017fb2488fc38b32222f9	docs/manual_dependencies_20260910/aave_onfinality.json
100644 blob c12d110bb856fd6c2938cbd56cbec3789e7fbd52	docs/manual_dependencies_20260910/carry_protocol.json
100644 blob f186c1a173fc6d1b355335ae05592489775380cf	docs/manual_dependencies_20260910/carry_registration.json
100644 blob 6e724625a90e043e9c788679742a419debba88de	docs/manual_dependencies_20260910/gap_input.json
100644 blob b3a6991111612c873fdb81c5d183645a071b7cfa	docs/manual_dependencies_20260910/h5_git_history.json
100644 blob 1dd7913920eef583607b799151041fc27ea85e9c	docs/manual_dependencies_20260910/llm_audit_registration_v3.json
100644 blob b654aef6bda3a6967a48d16f8e0c2ee8753cc0c8	docs/manual_dependencies_20260910/llm_evaluation_draft.json
100644 blob fcf569cd5e5558c2b437b65eea3fd90f89941c49	docs/manual_dependencies_20260910/market_calendar_audit.json
100644 blob d5fd3ce160d981123be76cb0885f8f2681b1288a	docs/manual_dependencies_20260910/market_events.json
100644 blob 444e8505cbeea9a8512aaa39464866df06387f46	docs/manual_dependencies_20260910/operator_inputs.json
100644 blob 29bdd5acb7e00d07f6fc45c591c6a707afed62c5	docs/open_source_research/20260911T0233/BASELINE.md
100644 blob ef3c0f720ebff2b924d2f67bcf5056e8e27319ff	docs/open_source_research/20260911T0233/BENCHMARK_PROTOCOL.json
100644 blob affbd64ff1db29b2fef6534068444a02a2cba53a	docs/open_source_research/20260911T0233/CAPABILITY_MATRIX.md
100644 blob ae3f76159e29fa99fc14f092c640e5fdf555e0e6	docs/open_source_research/20260911T0233/DECISIONS.md
100644 blob 9ae3fac7eb42f84191bb2564a68df494690ffe37	docs/open_source_research/20260911T0233/EXPERIMENTS.md
100644 blob c0712b63871323c0fc9cea6674e390ec7c459d41	docs/open_source_research/20260911T0233/EXTENDED_PROTOCOL.json
100644 blob 3fde23a19a98eb9af1e68cb435bb69b5e356806d	docs/open_source_research/20260911T0233/MANIFEST.json
100644 blob 969e8156aece74428760467ef92579fb72ca8cb8	docs/open_source_research/20260911T0233/REGISTRY.json
100644 blob ffb71715cd0a95cc8346fef64a3f9d4612b1bf3c	docs/open_source_research/20260911T0233/REPORT.md
100644 blob ac67ac4548096922ba48658722374083a828d02c	docs/open_source_research/20260911T0233/SURVEY.md
100644 blob a36df84fad598f30b2a7fa050fd3a06ea56056ae	docs/open_source_research/20260911T0233/aave_historical_summary.json
100644 blob 1799f150969ac537479994a4d5afd4077b4f6d41	docs/open_source_research/20260911T0233/aave_second_source_offline_validation.json
100644 blob b2e1c08e541c913269413dce22bd0458065f67fc	docs/open_source_research/20260911T0233/aave_second_source_protocol.json
100644 blob 5dfe9eff2a74d30c5be81e63dc516ef4e8b892f2	docs/open_source_research/20260911T0233/aave_second_source_result.json
100644 blob 95ee23f04ba4db2da31bc770a3dfc83af3c50f90	docs/open_source_research/20260911T0233/aave_second_source_started.json
100644 blob 34ca3dcf73a95ad6b630c7b15061b984e7d319c4	docs/open_source_research/20260911T0233/additional_sources.json
100644 blob 58e2c9e48b0c3238e43bf5f92bdb87c36507bf6b	docs/open_source_research/20260911T0233/baseline.json
100644 blob 589cc3afcfa31de9874bb835588070daa9d03580	docs/open_source_research/20260911T0233/benchmark_result.json
100644 blob afddaa8540cad5d17004e87f0557dad4e7a9ed37	docs/open_source_research/20260911T0233/ci_jobs.json
100644 blob 4b1d7712aad117be2c06adefc9aa147a4049be51	docs/open_source_research/20260911T0233/extended_results.json
100644 blob 1644054f2fd2f1b485216b820630ccb9752fab2a	docs/open_source_research/20260911T0233/full_suite.log
100644 blob 0dd84a4c9de90caa8a9d5772126a11936b47510e	docs/open_source_research/20260911T0233/full_suite.xml
100644 blob 948d02275ba6958cfee3c938287c6cf3051b58e7	docs/open_source_research/20260911T0233/full_suite_receipt.json
100644 blob 7aa43a1a263b1e31e4546705c7555bd2a56d7a93	docs/open_source_research/20260911T0233/issue_status.json
100644 blob 15e34e6f2346f358a495ebaccbf5cdf9f78f2304	docs/open_source_research/20260911T0233/phase2/ADVERSARIAL_PROTOCOL.json
100644 blob 34a1f8490e671061bc20635c957d9f70b9d09a39	docs/open_source_research/20260911T0233/phase2/BASELINE.json
100644 blob a4bf68f981ca3c66a9e5bf3b416892b33ca7282e	docs/open_source_research/20260911T0233/phase2/EXPERIMENTS.md
100644 blob 1f28d04dbdc2abed2e37c3509c139e4cc56f5db3	docs/open_source_research/20260911T0233/phase2/F01_ADVERSARIAL_V1.json
100644 blob 752925e17620cc04514353c46920ec46bc2a9f8a	docs/open_source_research/20260911T0233/phase2/F01_ADVERSARIAL_V2.json
100644 blob a4ed1e3fe188d4ecdc4feb84db0a75fd87ec764f	docs/open_source_research/20260911T0233/phase2/F03_SEMANTIC_GATE.json
100644 blob 01ff7c5cc2882eb52ba993a53d9bf464ebc36f64	docs/open_source_research/20260911T0233/phase2/MANIFEST.json
100644 blob 19588ac2f6beb8cfd34ca3a7181805907f0d2de2	docs/open_source_research/20260911T0233/phase2/PRESERVATION.json
100644 blob 4eef9c781a4c3689b078344f57b732ec8f267a02	docs/open_source_research/20260911T0233/phase2/PROTOCOL.json
100644 blob 4b67b54df1fcc2323a4f9d5e08d1aa1d74021dd7	docs/open_source_research/20260911T0233/phase2/REGISTRY.json
100644 blob ff1f5c0565feab7b8e7d9473cee3ffeced62c6ef	docs/open_source_research/20260911T0233/phase2/REPORT.md
100644 blob 68028cab38b37d5155c1e6d690449c72acf5785a	docs/open_source_research/20260911T0233/phase2/RESULTS.json
100644 blob 5f9fc31be239df20bd69d707e884d91ef30d4e64	docs/open_source_research/20260911T0233/phase2/phase1_manifest_snapshot.json
100644 blob 7d584228cae4223558740af78c4cf77ec0f0799c	docs/open_source_research/20260911T0233/phase2/phase1_registry_snapshot.json
100644 blob 75a58c7215100ce1f0c6f7c1824c5d2940ad4fc1	docs/open_source_research/20260911T0233/phase2/phase1_report_snapshot.md
100644 blob a069316cc3bc9fec7b97dc469bee9d91a34dc2f7	docs/open_source_research/20260911T0233/phase2/reproduction/adversarial.py
100644 blob fa45c0237338e28a24aaf5c04523acffd71d6dc4	docs/open_source_research/20260911T0233/phase2/reproduction/adversarial_protocol.py
100644 blob 39c8ba63090fa75286476bce696838ec0dbea90c	docs/open_source_research/20260911T0233/phase2/reproduction/experiments.py
100644 blob 1155949e8f85b0bd8d42b65412df9ea6e351a4c9	docs/open_source_research/20260911T0233/phase2/reproduction/experiments_v1_preserved.py
100644 blob 8c32ce80790ae9ff6ed42a2cc5f8e261b78bf0fd	docs/open_source_research/20260911T0233/phase2/reproduction/prepare.py
100644 blob 2b343a8e82dff6674163b2eb7a8e30f01e4e9aae	docs/open_source_research/20260911T0233/phase2/reproduction/report_phase2.py
100644 blob 4e174c25b0d3c941c2721388acaa1ce8a9999335	docs/open_source_research/20260911T0233/phase2/reproduction/semantic_gate.py
100644 blob 0093be398e2d88458502fdb5b6e2ffe993260a97	docs/open_source_research/20260911T0233/phase3/ADVERSARIAL_RESULTS.json
100644 blob bfc2584091c400d1865a0621ecfe623ce6382e87	docs/open_source_research/20260911T0233/phase3/BASELINE.json
100644 blob 0e6d9ad99961ac963711656560821ac706e63585	docs/open_source_research/20260911T0233/phase3/CORRECTION_PROTOCOL.json
100644 blob d5f63b00fcd04e85aef3471968b8a75e2469b8f5	docs/open_source_research/20260911T0233/phase3/EXPLICIT_ENRICHMENT.json
100644 blob 0d8b7567e2bd11ca183b3d49ead6c7126822936b	docs/open_source_research/20260911T0233/phase3/EXTENSION_PROTOCOL.json
100644 blob da41ec456de335b7e0a416626285b6fa29c03cc7	docs/open_source_research/20260911T0233/phase3/MANIFEST.json
100644 blob 6dad8d4c4909698acc8d9d29289b38d241d0c30e	docs/open_source_research/20260911T0233/phase3/NORMALIZED_CASES.json
100644 blob 00fd680572a7d09520a81a21abc13c2c0308c594	docs/open_source_research/20260911T0233/phase3/PRESERVATION.json
100644 blob 38250728e05de4a8567c3dbb8a995aaca8a21203	docs/open_source_research/20260911T0233/phase3/PROTOCOL.json
100644 blob 861fbb2e8f5d84f35f5e5c1279aca01ab32a233d	docs/open_source_research/20260911T0233/phase3/RECEIPT_BUNDLE_INDEX.json
100644 blob b947c1755fc1b67576bf614414f74c31e61d86d3	docs/open_source_research/20260911T0233/phase3/REGISTRY.json
100644 blob 7dff5fb456e13e71930660f6682443b783d07317	docs/open_source_research/20260911T0233/phase3/REPORT.md
100644 blob aefea31e070a1604f13cd699c0799c651fb728cb	docs/open_source_research/20260911T0233/phase3/REPRODUCIBILITY.json
100644 blob e99e4e1afb3474271bb55ca54ef79d54515d99a4	docs/open_source_research/20260911T0233/phase3/RESULTS.json
100644 blob 7b5c40d01e6a3a4dd04ab71996938e893f66d3d1	docs/open_source_research/20260911T0233/phase3/V2_FIRST_BATTERY.json
100644 blob 0093be398e2d88458502fdb5b6e2ffe993260a97	docs/open_source_research/20260911T0233/phase3/preserved_first_v3/ADVERSARIAL_RESULTS.json
100644 blob 61ed20bce15f7e5e969976dbf495443233c1e79a	docs/open_source_research/20260911T0233/phase3/preserved_first_v3/NORMALIZED_CASES.json
100644 blob 64d559ae79ebabf8979282a7b6e38a36217175e5	docs/open_source_research/20260911T0233/phase3/preserved_first_v3/RESULTS.json
100644 blob b55f3dc3c15e3db98c218151035bbfb9e2434669	docs/open_source_research/20260911T0233/phase3/preserved_first_v3/adapter_v3.py
100644 blob f34d9016b30c2d0a1f3d0beadff3ef07aaa8ba37	docs/open_source_research/20260911T0233/phase3/preserved_first_v3/run.py
100644 blob 43a7b138027f7a149ac5d37eb9ce75db7fed3dc0	docs/open_source_research/20260911T0233/phase3/receipt_bundle/00abbec90f3c0eb2_20c7f7940e3cabb18944a34b740845a19ed4f8351ff5335015ed386774b09fac.json
100644 blob 94c11018eadf8ffc8faaf4341977d3237f809a2b	docs/open_source_research/20260911T0233/phase3/receipt_bundle/073daf838238cb20_recover_aave_history.py
100644 blob 14e9deab037ff18086b694642f191cd153b7e63c	docs/open_source_research/20260911T0233/phase3/receipt_bundle/1d6bee6f95e0809d_spot_00.bin.gz
100644 blob cc6ad6b3db727d045834a4cea43f294bd0f2b396	docs/open_source_research/20260911T0233/phase3/receipt_bundle/1d767550b3c1c580_1b09a8edced043abadc10c7357dcd8cc7db6313d83c863ed005a6c852c8e4f18.bin.gz
100644 blob 9d6d13703cfd2d9029c06bcb8f2c6677322a014e	docs/open_source_research/20260911T0233/phase3/receipt_bundle/1e1bd1928be5a9c4_20c7f7940e3cabb18944a34b740845a19ed4f8351ff5335015ed386774b09fac.bin.gz
100644 blob c3bccef1224326fb687792b7cf0b6d088eae417a	docs/open_source_research/20260911T0233/phase3/receipt_bundle/23032bd676c1ceeb_012daf4997042a759267a05a899781f0733c4713e8a751860ae8f785eb7f7e5b.bin.gz
100644 blob c9ac91fbc46d9b38980166ccd7ae3c596b97099b	docs/open_source_research/20260911T0233/phase3/receipt_bundle/3226120888321660_16759df9301ee88bdd24f96f5a8e1d7054497f595ba79fcd796aa0b851271645.json
100644 blob a018afc579258ca8528c967fd35ee7a41465c554	docs/open_source_research/20260911T0233/phase3/receipt_bundle/336f6950759abe57_03db7a26855188a406079483ebe6bd0670e725a722a9128a9cc7d252ecd3b6fb.json
100644 blob 50360804e432bb9adb13bcd6a9362b0fe5977217	docs/open_source_research/20260911T0233/phase3/receipt_bundle/4d1c759a8e036983_FTTUSDT.metadata.json
100644 blob bba5e090ba6cb46cc9d8aa45c1395fd83573525f	docs/open_source_research/20260911T0233/phase3/receipt_bundle/4f8cce66c2bf1a50_0396697a3f41a553343c5411696158b960719fecd38015c5dc675d639b7ded70.json
100644 blob b93a8e52aec664abe63a99248b9f023a9a086d7d	docs/open_source_research/20260911T0233/phase3/receipt_bundle/52e3892d67c719da_019.json
100644 blob 9ac28f1acaea91fa852fc43b9ca025b205ebc3b9	docs/open_source_research/20260911T0233/phase3/receipt_bundle/547a3aab42015d3f_018.json
100644 blob dcd7017ece291c9916807d3c9965be925622e973	docs/open_source_research/20260911T0233/phase3/receipt_bundle/553afc487f351900_2417ae507fcb43188af0cf2936cb3632942a1a931a7860e5eebed521ddddc0e4.json
100644 blob 2bce930d437d3a1198c072a14aa303cd1e6718ba	docs/open_source_research/20260911T0233/phase3/receipt_bundle/5c63ccfebe081dda_future_info.bin.gz
100644 blob bd3af778f3075656289099ba41937e2355e7bc75	docs/open_source_research/20260911T0233/phase3/receipt_bundle/64406e753d82e11c_FTTUSDT.response.gz
100644 blob 9f8bd6537d7bceb92f05c3c31d25b96e14319df0	docs/open_source_research/20260911T0233/phase3/receipt_bundle/6ed75fbcbc9c3c12_1b09a8edced043abadc10c7357dcd8cc7db6313d83c863ed005a6c852c8e4f18.json
100644 blob 0bf3d81af3438c3b223bca43ba22572f2ef66b3e	docs/open_source_research/20260911T0233/phase3/receipt_bundle/6fef59bd707a1d16_1d8ca73ab3f84dde4d373c768955bbd75f3178bec185b947bef8eaac38703978.json
100644 blob 2d672f54ebfd15a3411a56a62a2d2f0dd5622c6b	docs/open_source_research/20260911T0233/phase3/receipt_bundle/85759f042ec26c8b_identity_events.json
100644 blob aa41a41522315fb929581bbee3a78d661925dd11	docs/open_source_research/20260911T0233/phase3/receipt_bundle/8f9db08bf63a6d74_027.json
100644 blob 600e0cae6c33bfe24d8d01810e9864873493aff1	docs/open_source_research/20260911T0233/phase3/receipt_bundle/911dcd83a9d9bf2e_002.json
100644 blob 5180b851f8435813ca60869d5dcb519c0cb46289	docs/open_source_research/20260911T0233/phase3/receipt_bundle/91fef22f7b040d5c_021.json
100644 blob 4dcb6db1c548ae4d220742fe39e62a8c0799d480	docs/open_source_research/20260911T0233/phase3/receipt_bundle/9987357a290f4901_diagnostic.json
100644 blob de64cdff99e7a18c48d1d8919ba9c915fd0c406a	docs/open_source_research/20260911T0233/phase3/receipt_bundle/99d6a5a123df423a_2417ae507fcb43188af0cf2936cb3632942a1a931a7860e5eebed521ddddc0e4.bin.gz
100644 blob 41e96e4d6b564f9cd4ddd7ea56324d08198d9b8d	docs/open_source_research/20260911T0233/phase3/receipt_bundle/9db2797b07378bae_004.json
100644 blob 3dcbb19ac14bab914e6b1e393b113db41499af2c	docs/open_source_research/20260911T0233/phase3/receipt_bundle/9eaf77b9e0b5e969_spot_info.bin.gz
100644 blob 43c0d7aa1f1a3a93d277d9fa19da7445d7d8919b	docs/open_source_research/20260911T0233/phase3/receipt_bundle/9f044cc7afc7ffb8_future_00.bin.gz
100644 blob 3febfb349b329808f169204f7267c7e7ae94df7a	docs/open_source_research/20260911T0233/phase3/receipt_bundle/a1e9e50a6e7f1287_012daf4997042a759267a05a899781f0733c4713e8a751860ae8f785eb7f7e5b.json
100644 blob 92dabaf955d388388dc47ce7e690f3eff2f92196	docs/open_source_research/20260911T0233/phase3/receipt_bundle/ae3c985614ae1f73_16759df9301ee88bdd24f96f5a8e1d7054497f595ba79fcd796aa0b851271645.bin.gz
100644 blob 62ae86206e7878f42b9e26c996c6f06fc24f874b	docs/open_source_research/20260911T0233/phase3/receipt_bundle/b0001477985d2da7_001.json
100644 blob 9d6e2118fcfb9077124be8d9181d9d3430c243ac	docs/open_source_research/20260911T0233/phase3/receipt_bundle/b8e5eb56e485c40a_407fc77e3a2371cc121b18591f0577053b94035c7be402259b77372543e755f7.bin.gz
100644 blob e7858b515d54ed3d26134433a2caa166d0ac0845	docs/open_source_research/20260911T0233/phase3/receipt_bundle/c25290f8f88e8e0e_023.json
100644 blob 7a217c0347da130758ae893a9e699a0562761d15	docs/open_source_research/20260911T0233/phase3/receipt_bundle/c25c2d2ede9870c3_month-00.json
100644 blob 0bc111cc02079adc426acf4d22d4bb3387ff99d7	docs/open_source_research/20260911T0233/phase3/receipt_bundle/cf8ee2c562b0a04f_407fc77e3a2371cc121b18591f0577053b94035c7be402259b77372543e755f7.json
100644 blob 8c3ff06fe650d5fad24493d65f03459524726399	docs/open_source_research/20260911T0233/phase3/receipt_bundle/dd7ab1a239d1f55e_03db7a26855188a406079483ebe6bd0670e725a722a9128a9cc7d252ecd3b6fb.bin.gz
100644 blob 8984804cc3a75c076f6e0eec1c11f03217ce9d88	docs/open_source_research/20260911T0233/phase3/receipt_bundle/e7ebd47b456cee3d_1d8ca73ab3f84dde4d373c768955bbd75f3178bec185b947bef8eaac38703978.bin.gz
100644 blob 3e99c9a6866940ea864393a549ff7547d8a4c91c	docs/open_source_research/20260911T0233/phase3/receipt_bundle/ebeec3a29c3c7631_025.json
100644 blob e9e984146c3771b032300c5a6dba581ab35987bb	docs/open_source_research/20260911T0233/phase3/receipt_bundle/fede17cbca4bba40_0396697a3f41a553343c5411696158b960719fecd38015c5dc675d639b7ded70.bin.gz
100644 blob 0093be398e2d88458502fdb5b6e2ffe993260a97	docs/open_source_research/20260911T0233/phase3/reproduction_check/ADVERSARIAL_RESULTS.json
100644 blob 6dad8d4c4909698acc8d9d29289b38d241d0c30e	docs/open_source_research/20260911T0233/phase3/reproduction_check/NORMALIZED_CASES.json
100644 blob 3da8ad677dc9d8aea7ac934b9b276b4a31d67dbf	docs/open_source_research/20260911T0233/phase3/reproduction_check/RESULTS.json
100644 blob b55f3dc3c15e3db98c218151035bbfb9e2434669	docs/open_source_research/20260911T0233/phase3/work/adapter_v3.py
100644 blob 78ff157e4abcc58369c76976d694070703ce69fb	docs/open_source_research/20260911T0233/phase3/work/enrichment.py
100644 blob 55261082fe6b5baad7ed55e2953dea3aabee6a14	docs/open_source_research/20260911T0233/phase3/work/first_battery.py
100644 blob d65bdb1521d59fda06e76021b5b61e510303acc9	docs/open_source_research/20260911T0233/phase3/work/package.py
100644 blob 4a511b6b35948a8b57c7f391109282e3bbceb2e5	docs/open_source_research/20260911T0233/phase3/work/prepare.py
100644 blob 9baa03488a6fbc84758bc05c6b7fcc796ba5a2ce	docs/open_source_research/20260911T0233/phase3/work/report.py
100644 blob 33c415b4004909638ef53ba1610b1928f077730b	docs/open_source_research/20260911T0233/phase3/work/run.py
100644 blob 88089c9b51b7ed67b7f99e1b8745cf0d5e3aeab7	docs/open_source_research/20260911T0233/phase3b/BASELINE.json
100644 blob cab5e541c22075cf47a54f04fc24f96754a25cba	docs/open_source_research/20260911T0233/phase3b/BODY_HASH_CHECKS.json
100644 blob 1e062d4ca9aae821dbb0c2f0216dadb426bdcf3a	docs/open_source_research/20260911T0233/phase3b/CLOCK_HYPOTHESES.json
100644 blob d91c2696200afb8451fafc7f6abec6fafa130efa	docs/open_source_research/20260911T0233/phase3b/CLOCK_INVESTIGATION.json
100644 blob 13ebddf078a2401938e9e3b3e1264cc4ca630401	docs/open_source_research/20260911T0233/phase3b/CLOCK_MATRIX.json
100644 blob 320371aeb50a5bc172a08c224d545a35e460c3a8	docs/open_source_research/20260911T0233/phase3b/CUTOFF_SEMANTICS_COMPARISON.json
100644 blob d415c3925ac371e296faf27bd093769c3e07fc08	docs/open_source_research/20260911T0233/phase3b/DECISIONS.json
100644 blob f622d97fc2a5c9260d0735accb147f838fe60209	docs/open_source_research/20260911T0233/phase3b/EVIDENCE_REQUIREMENT_MAP.json
100644 blob 28c97606d68318180826cc234cb3f32fe762603b	docs/open_source_research/20260911T0233/phase3b/FUNDING_CONTRACT.json
100644 blob b37c8f266b229ad3858aa412b74a0e8c50d69dfd	docs/open_source_research/20260911T0233/phase3b/INPUT_BUNDLE_INDEX.json
100644 blob 712f58fb572fde210570593af743f1ab98dfc778	docs/open_source_research/20260911T0233/phase3b/INSTRUMENT_CONTRACTS.json
100644 blob 65ac080e8ea3db4c4d4b785cec5de769ebbc99a5	docs/open_source_research/20260911T0233/phase3b/MANIFEST.json
100644 blob 5619ed4d9ae81fe57c935766f01f7e6a62fbdeae	docs/open_source_research/20260911T0233/phase3b/OBSERVATION_SEMANTICS.json
100644 blob 8efec71f2c2d4f980d46a6e47c6791b30f66e15a	docs/open_source_research/20260911T0233/phase3b/PRESERVATION.json
100644 blob 6a98c4f6b3bbf3d5960a5afbbd80b2d06045fda9	docs/open_source_research/20260911T0233/phase3b/PROTOCOL.json
100644 blob d35a46a8956742347c0f8d4c1f5d9c0d96153aaa	docs/open_source_research/20260911T0233/phase3b/REGISTRY.json
100644 blob b171247fc1ff0e1aa174fefa3a1e8564b7833f54	docs/open_source_research/20260911T0233/phase3b/REPORT.md
100644 blob ed22185ed78504c1ecde195c2088d1939e9a1e5d	docs/open_source_research/20260911T0233/phase3b/REPRODUCIBILITY.json
100644 blob 05e098c042f0ec60cbe20f515e27daf244af3c29	docs/open_source_research/20260911T0233/phase3b/USER_REQUEST.md
100644 blob 43a7b138027f7a149ac5d37eb9ce75db7fed3dc0	docs/open_source_research/20260911T0233/phase3b/input_bundle/00abbec90f3c0eb2_20c7f7940e3cabb18944a34b740845a19ed4f8351ff5335015ed386774b09fac.json
100644 blob 311354cd82a76bcaaec588e6818e6c12644abef0	docs/open_source_research/20260911T0233/phase3b/input_bundle/085ab91377aa9325_docs.raw
100644 blob a1374dda4a4bb0d7f34345a69ba8b307a0eca10f	docs/open_source_research/20260911T0233/phase3b/input_bundle/0afcc94d55ec76ba_docs.meta.json
100644 blob ba792197d1fbaf4b3c15b79a2db210ec6931ba91	docs/open_source_research/20260911T0233/phase3b/input_bundle/125ea9a4ef38b524_future_01.bin.gz
100644 blob 96a0145f356a379c98b9a9d3e9da286b96485f21	docs/open_source_research/20260911T0233/phase3b/input_bundle/18a1918fe29286e3_info.raw
100644 blob 14e9deab037ff18086b694642f191cd153b7e63c	docs/open_source_research/20260911T0233/phase3b/input_bundle/1d6bee6f95e0809d_spot_00.bin.gz
100644 blob 9d6d13703cfd2d9029c06bcb8f2c6677322a014e	docs/open_source_research/20260911T0233/phase3b/input_bundle/1e1bd1928be5a9c4_20c7f7940e3cabb18944a34b740845a19ed4f8351ff5335015ed386774b09fac.bin.gz
100644 blob c3bccef1224326fb687792b7cf0b6d088eae417a	docs/open_source_research/20260911T0233/phase3b/input_bundle/23032bd676c1ceeb_012daf4997042a759267a05a899781f0733c4713e8a751860ae8f785eb7f7e5b.bin.gz
100644 blob c9ac91fbc46d9b38980166ccd7ae3c596b97099b	docs/open_source_research/20260911T0233/phase3b/input_bundle/3226120888321660_16759df9301ee88bdd24f96f5a8e1d7054497f595ba79fcd796aa0b851271645.json
100644 blob 4b7c99e4af1a4066a11876df7351123574cfba53	docs/open_source_research/20260911T0233/phase3b/input_bundle/335b8bd350607763_future_07.bin.gz
100644 blob a018afc579258ca8528c967fd35ee7a41465c554	docs/open_source_research/20260911T0233/phase3b/input_bundle/336f6950759abe57_03db7a26855188a406079483ebe6bd0670e725a722a9128a9cc7d252ecd3b6fb.json
100644 blob 95dd3ac6c025e754e8e8d10901dde35bb1515856	docs/open_source_research/20260911T0233/phase3b/input_bundle/46d7db4b1ee88e60_spot_06.bin.gz
100644 blob 65ab6ee5406fc10f781407bbc451c087721a27e2	docs/open_source_research/20260911T0233/phase3b/input_bundle/4b62d143208781a3_basis_data.py
100644 blob f0582d9ceaf257f1ab52b8e89ce8093a759f8b13	docs/open_source_research/20260911T0233/phase3b/input_bundle/4c11fe09afdd8a46_delivery.raw
100644 blob c12146bd1e1ac43e27f8c188e3a120b6fdf3c607	docs/open_source_research/20260911T0233/phase3b/input_bundle/4c5e3c4843449c61_delivery.meta.json
100644 blob 16395f709b81d574b12ebe84741e35324b5371d7	docs/open_source_research/20260911T0233/phase3b/input_bundle/4e37fb5f02b8ce9d_data_archives.json
100644 blob bba5e090ba6cb46cc9d8aa45c1395fd83573525f	docs/open_source_research/20260911T0233/phase3b/input_bundle/4f8cce66c2bf1a50_0396697a3f41a553343c5411696158b960719fecd38015c5dc675d639b7ded70.json
100644 blob 4b9e1f5fb67e903a66e058580c3c61531b39897e	docs/open_source_research/20260911T0233/phase3b/input_bundle/55c046a2b0225da3_future_03.bin.gz
100644 blob 2bce930d437d3a1198c072a14aa303cd1e6718ba	docs/open_source_research/20260911T0233/phase3b/input_bundle/5c63ccfebe081dda_future_info.bin.gz
100644 blob 3be167f47290b177f7249d56d73a21ef9216da05	docs/open_source_research/20260911T0233/phase3b/input_bundle/5f316589e5bbbbeb_diagnose_btc_execution.py
100644 blob 74dd06584a490ae4baf39a34d6d11513e4230707	docs/open_source_research/20260911T0233/phase3b/input_bundle/61e9d61483175320_dated_archive.meta.json
100644 blob 9f8bed2daacdf77a69eb7912d4e058441a6d3833	docs/open_source_research/20260911T0233/phase3b/input_bundle/656dbc57e77ed51f_future_08.bin.gz
100644 blob d8f84146894f3622c602d8a0ea94595fb8407581	docs/open_source_research/20260911T0233/phase3b/input_bundle/68e2a83e45c9a72d_future_11.bin.gz
100644 blob 0bf3d81af3438c3b223bca43ba22572f2ef66b3e	docs/open_source_research/20260911T0233/phase3b/input_bundle/6fef59bd707a1d16_1d8ca73ab3f84dde4d373c768955bbd75f3178bec185b947bef8eaac38703978.json
100644 blob 8faf2252d157a81f1d9e76ae137c3432e360a027	docs/open_source_research/20260911T0233/phase3b/input_bundle/70150f01780ebd2f_spot_02.bin.gz
100644 blob e831d666ed31e2561c06c04e3ed31889e251e899	docs/open_source_research/20260911T0233/phase3b/input_bundle/7cf422489efdba4f_info.meta.json
100644 blob f6bdc4bcac997570c3e07938231a263400b2873c	docs/open_source_research/20260911T0233/phase3b/input_bundle/7d7e2f73ab9c0d3c_future_09.bin.gz
100644 blob 066c441a09ce62852b5ec70cc7cf288596ee7b9a	docs/open_source_research/20260911T0233/phase3b/input_bundle/80fd6610952224e2_perp_archive.raw
100644 blob ba78111c67ae8805ccbcbd17a08296c68749a235	docs/open_source_research/20260911T0233/phase3b/input_bundle/87043c9155a37434_data_semantics.json
100644 blob 34e8600f56e5555d39e6b4133a3c1496200e7b16	docs/open_source_research/20260911T0233/phase3b/input_bundle/8ac2dd014f0203c7_spot_01.bin.gz
100644 blob 40fe7c6983f56613d255e17839dc73180e212866	docs/open_source_research/20260911T0233/phase3b/input_bundle/9218c7fb3a9bd403_future_05.bin.gz
100644 blob 7897808bfb5c823d67a38b5e55940d1d25061267	docs/open_source_research/20260911T0233/phase3b/input_bundle/9494e29ff209fbe6_spot_08.bin.gz
100644 blob d42074ded8e7c0740dc9a39b6ccac5f4a91b3d4d	docs/open_source_research/20260911T0233/phase3b/input_bundle/94af72df623799e0_spot_04.bin.gz
100644 blob e4a64a4ee247ed7d0c7cd76b02302d2ec81f5295	docs/open_source_research/20260911T0233/phase3b/input_bundle/961be56e792e0247_spot_07.bin.gz
100644 blob 4dcb6db1c548ae4d220742fe39e62a8c0799d480	docs/open_source_research/20260911T0233/phase3b/input_bundle/9987357a290f4901_diagnostic.json
100644 blob 3dcbb19ac14bab914e6b1e393b113db41499af2c	docs/open_source_research/20260911T0233/phase3b/input_bundle/9eaf77b9e0b5e969_spot_info.bin.gz
100644 blob 43c0d7aa1f1a3a93d277d9fa19da7445d7d8919b	docs/open_source_research/20260911T0233/phase3b/input_bundle/9f044cc7afc7ffb8_future_00.bin.gz
100644 blob 6f1d0e37fb55f5d57e3b9cd8033901a9b8b7df9d	docs/open_source_research/20260911T0233/phase3b/input_bundle/9f566776075125e8_perp_archive.meta.json
100644 blob a1e1c5ef843f82187f31f03fb676bb6957fea5cb	docs/open_source_research/20260911T0233/phase3b/input_bundle/a1e28a216bf9468d_spot_05.bin.gz
100644 blob 3febfb349b329808f169204f7267c7e7ae94df7a	docs/open_source_research/20260911T0233/phase3b/input_bundle/a1e9e50a6e7f1287_012daf4997042a759267a05a899781f0733c4713e8a751860ae8f785eb7f7e5b.json
100644 blob 92dabaf955d388388dc47ce7e690f3eff2f92196	docs/open_source_research/20260911T0233/phase3b/input_bundle/ae3c985614ae1f73_16759df9301ee88bdd24f96f5a8e1d7054497f595ba79fcd796aa0b851271645.bin.gz
100644 blob 86a68e6fb95fe6bda80dcb61d4fcd429d54a90e3	docs/open_source_research/20260911T0233/phase3b/input_bundle/c1cb1672c2f21c73_future_10.bin.gz
100644 blob a156cc154f0513983c3861bb86b750e77f1d8da4	docs/open_source_research/20260911T0233/phase3b/input_bundle/c6e81570edaca20f_spot_09.bin.gz
100644 blob 375b50fbfc7fbb20d21d624d4562659b2729feeb	docs/open_source_research/20260911T0233/phase3b/input_bundle/cf7408237d7a2d97_implementation_freeze_v1.json
100644 blob bede2a0cedd38bfc848b2bd5b3b6b910517a232f	docs/open_source_research/20260911T0233/phase3b/input_bundle/d02607ff1c104243_dated_archive.raw
100644 blob c069f02d4492d5831f5d5b249b8471a1ecf3b986	docs/open_source_research/20260911T0233/phase3b/input_bundle/d31bb335f52b3b02_future_06.bin.gz
100644 blob dbe102d7efcf9a20ac8177f86d46ebbcecdfba42	docs/open_source_research/20260911T0233/phase3b/input_bundle/dd52806f3f49017d_future_02.bin.gz
100644 blob 8c3ff06fe650d5fad24493d65f03459524726399	docs/open_source_research/20260911T0233/phase3b/input_bundle/dd7ab1a239d1f55e_03db7a26855188a406079483ebe6bd0670e725a722a9128a9cc7d252ecd3b6fb.bin.gz
100644 blob 4c67f51472201066faf4e16f8424cdebed0991d3	docs/open_source_research/20260911T0233/phase3b/input_bundle/e341cb482e23b3b0_spot_10.bin.gz
100644 blob 8984804cc3a75c076f6e0eec1c11f03217ce9d88	docs/open_source_research/20260911T0233/phase3b/input_bundle/e7ebd47b456cee3d_1d8ca73ab3f84dde4d373c768955bbd75f3178bec185b947bef8eaac38703978.bin.gz
100644 blob 312e6f84f0d5273dfde25576d9133aad5d9b0e3d	docs/open_source_research/20260911T0233/phase3b/input_bundle/e8864f096dc7c81d_spot_03.bin.gz
100644 blob 8fa63a77eed78a1e0ee31dcb807d9af2a56c4a6b	docs/open_source_research/20260911T0233/phase3b/input_bundle/f602de0270aaf998_protocol.json
100644 blob b46a6031941a96e079d1c1cfbc3ad9dd099d08d0	docs/open_source_research/20260911T0233/phase3b/input_bundle/f7907ed409687d29_spot_11.bin.gz
100644 blob 8b625e39df20523934b49e821ab8ed7d21e37e1c	docs/open_source_research/20260911T0233/phase3b/input_bundle/f81814454134549e_future_04.bin.gz
100644 blob e9e984146c3771b032300c5a6dba581ab35987bb	docs/open_source_research/20260911T0233/phase3b/input_bundle/fede17cbca4bba40_0396697a3f41a553343c5411696158b960719fecd38015c5dc675d639b7ded70.bin.gz
100644 blob 9e95e5449782e052d53cc2965836f0d254913fa8	docs/open_source_research/20260911T0233/phase3b/tests_first/RESULTS.json
100644 blob 9e95e5449782e052d53cc2965836f0d254913fa8	docs/open_source_research/20260911T0233/phase3b/tests_reproduction/RESULTS.json
100644 blob 546f5d68c83a1dc80ad9851928b710ba4c634dbe	docs/open_source_research/20260911T0233/phase3b/work/adapter_v3b.py
100644 blob 18fc356340b0de49ebe3486b8ddc0f2595c12448	docs/open_source_research/20260911T0233/phase3b/work/analyze.py
100644 blob b8a6ad70945cf6e74a86cc36a21f807c704fd003	docs/open_source_research/20260911T0233/phase3b/work/decide.py
100644 blob 3d4482f4640e5a38ccde5c5951291b79d49fb57e	docs/open_source_research/20260911T0233/phase3b/work/package.py
100644 blob 2f41645092459236a14452205e07abed2c78b466	docs/open_source_research/20260911T0233/phase3b/work/prepare.py
100644 blob 4d0c4ccae594bf8470096f8283fd7d0b591ea79f	docs/open_source_research/20260911T0233/phase3b/work/report.py
100644 blob 9961db05d43629051be67d958f28e22fc304e7d6	docs/open_source_research/20260911T0233/phase3b/work/test_contracts.py
100644 blob 58390cec297e4ba784dfc4926db4a6a633ef072d	docs/open_source_research/20260911T0233/preservation_completion.json
100644 blob 9b08081d81593f9baa7be7522bc7be7e12122901	docs/open_source_research/20260911T0233/preservation_final.json
100644 blob 1fcf894c7d4693285462aee66fb2f7e3e0dea92b	docs/open_source_research/20260911T0233/reproduction/additional_sources.py
100644 blob 9bb98556ab8c2c6a7ffef425f8c710c485fe00f6	docs/open_source_research/20260911T0233/reproduction/baseline.py
100644 blob bb923645fbbd77b763905e632dd0a53193191b21	docs/open_source_research/20260911T0233/reproduction/benchmark.py
100644 blob 8266b13f107507eb8894ca3b2fc189d0097ea0e4	docs/open_source_research/20260911T0233/reproduction/deepen.py
100644 blob e59a914877c96371d2b3b7523c3f699cc54f5e61	docs/open_source_research/20260911T0233/reproduction/discover.py
100644 blob 1ab0904473179f27c9c3a7dee65ee8c10e6fada7	docs/open_source_research/20260911T0233/reproduction/extended_benchmarks.py
100644 blob d186b5570af698bab4c6e05813c1c74bbf3430fc	docs/open_source_research/20260911T0233/reproduction/extra_sources.py
100644 blob df4c7d22546bc6e7b25e1b66f9dae4cda0609d46	docs/open_source_research/20260911T0233/reproduction/full_suite.py
100644 blob d1f54e6c11d0d957dc4ae9a6ecc8ce7aa923940e	docs/open_source_research/20260911T0233/reproduction/read_papers.py
100644 blob d544c2d0c2ac074928a2678ee7aab6d53b3c6da5	docs/open_source_research/20260911T0233/reproduction/reference_evidence.py
100644 blob b804c25d0c18b55d433d1267aa4ca0cb23e1057c	docs/open_source_research/20260911T0233/reproduction/register_extended.py
100644 blob e02bfb5382f353872c31833dc8c4a21ea7d0836e	docs/open_source_research/20260911T0233/reproduction/report.py
100644 blob 18b02f94bbd882c785fd643a07d511263bbc7b71	docs/open_source_research/20260911T0233/reproduction/verify_selected.py
100644 blob f2ac9383fd4697d534e917ff9a882d8761be968f	docs/open_source_research/20260911T0233/reproduction/verify_selected_v2.py
100644 blob b50a1dbd812a331853bf20f9be1ae4f6437a1dbd	docs/open_source_research/20260911T0233/selected_tests.xml
100644 blob a94bfd56980ef455a9144d19d1aac97a970dbcf2	docs/open_source_research/20260911T0233/selected_tests_receipt.json
100644 blob 11a93a51fe8aeca0bbd49af45872dd2d2483cf2d	docs/open_source_research/20260911T0233/selected_tests_v2.xml
100644 blob ca15b29c6ef470bb9e5f1c9cb3bdb8471246ee1c	docs/open_source_research/20260911T0233/selected_tests_v2_receipt.json
100644 blob 88fc1bd500e7b93585c3a047ebea5a8fca865eb9	docs/open_source_research/20260911T0525/CAPABILITY_TRANSFER_MATRIX.md
100644 blob 29c7d888890dc25997118f958b4db45d619db747	docs/open_source_research/20260911T0525/COMPETITIVE_LANDSCAPE.md
100644 blob 75b47fdc648d7664dce8b88d0babcb879f7c4ab0	docs/open_source_research/20260911T0525/FINAL_REPORT.md
100644 blob 6abd9739306c973f752d6e92f317f540f344d0e3	docs/open_source_research/20260911T0525/IMPLEMENTATION_PLAN.md
100644 blob b7b6e38993d326c26b886209022600eb53f21315	docs/open_source_research/20260911T0525/IMPLEMENTED_CAPABILITIES.md
100644 blob 2771589870baf7eddfc2547a050a3a3867390da5	docs/open_source_research/20260911T0525/REGISTRY.json
100644 blob 5b2e27d7246a47ea8eb258770f548041f52bd9f4	docs/open_source_research/20260911T0525/evidence/BASELINE.json
100644 blob f9ffd73e58a7594f0ef1fee19fb30ee51e95c10d	docs/open_source_research/20260911T0525/evidence/BENCHMARK.json
100644 blob d4436bc4c8efb79161af065e4be5b9a5567caf59	docs/open_source_research/20260911T0525/evidence/CHECKS.json
100644 blob 50fb65c0b423a58af9bba92766aa58146af48caa	docs/open_source_research/20260911T0525/evidence/FINAL_CHECKS.json
100644 blob 51f6490146ed90874e7ff0c762006f5d5de6c970	docs/open_source_research/20260911T0525/evidence/PRESERVATION.json
100644 blob c25b204cb95ccaf6fb2f56b255f307b0cd6da87f	docs/open_source_research/20260911T0525/evidence/UPSTREAM.json
100644 blob f77f45e60555b2136de3d1f5a3c8d3445c54ed7c	docs/open_source_research/20260911T0525/evidence/UPSTREAM_SUPPLEMENT.json
100644 blob 3d8eb1fdac84452ce7c18d3664d0bb0f9c4a4b17	docs/open_source_research/20260911T0525/evidence/WHEEL_CHECK.json
100644 blob 4097ad595714d82529f74b41aaf4b662618b77c0	docs/open_source_research/20260911T0525/evidence/demo_runs/integrated_demo/config.json
100644 blob 12ef4e28b8c3183fe460615b585e3cd6e7cfb049	docs/open_source_research/20260911T0525/evidence/demo_runs/integrated_demo/manifest.json
100644 blob 79b06d47bb5b999c38a439f7c480a1b38ae40082	docs/open_source_research/20260911T0525/evidence/demo_runs/integrated_demo/metrics.json
100644 blob 3bef57650c2f2d56594292feec6d52fb06969efb	docs/open_source_research/20260911T0525/evidence/demo_runs/integrated_demo/results.json
100644 blob 4097ad595714d82529f74b41aaf4b662618b77c0	docs/open_source_research/20260911T0525/evidence/demo_runs/reproduced_demo/config.json
100644 blob 07800678fb93bccffe556991a9139545e31aeaea	docs/open_source_research/20260911T0525/evidence/demo_runs/reproduced_demo/manifest.json
100644 blob 79b06d47bb5b999c38a439f7c480a1b38ae40082	docs/open_source_research/20260911T0525/evidence/demo_runs/reproduced_demo/metrics.json
100644 blob 3bef57650c2f2d56594292feec6d52fb06969efb	docs/open_source_research/20260911T0525/evidence/demo_runs/reproduced_demo/results.json
100644 blob a62463b1f8c079313ba5edd639e63466546064c3	docs/open_source_research/20260911T0525/evidence/format.log
100644 blob 9c53384dfc7763b76c4db63fe5c4d81a8f08ecc5	docs/open_source_research/20260911T0525/evidence/full_suite.log
100644 blob b81904d3ea8690eace21bb64e0b88ef038048649	docs/open_source_research/20260911T0525/evidence/full_suite.xml
100644 blob 9c60ca0af68155cfa9a05ebbc905e741621d1060	docs/open_source_research/20260911T0525/evidence/reproduction/README.md
100644 blob b45e3aa3de5016747a2345fb665c64f5b5194656	docs/open_source_research/20260911T0525/evidence/reproduction/benchmark.py
100644 blob eeebada64723eba65d8ac2a401a0570fdf3cf482	docs/open_source_research/20260911T0525/evidence/reproduction/finish_checks.py
100644 blob f64e7006d6522f9b6b0b0ad91b9f2b8dc096b85d	docs/open_source_research/20260911T0525/evidence/reproduction/prepare.py
100644 blob f4a63e021719c39d5b06f483a0679145cd30b179	docs/open_source_research/20260911T0525/evidence/reproduction/supplement.py
100644 blob add719361efe53eb6b789c1e7d9e030e5b383910	docs/open_source_research/20260911T0525/evidence/reproduction/validate.py
100644 blob 1f5f344d054fae10f39140fb7199c99321d9190a	docs/open_source_research/20260911T0525/evidence/ruff.log
100644 blob dcb69f64f7a4b33f3f5c1db9eebf0145d8b04bf3	docs/open_source_research/20260911T0525/evidence/secrets.log
100644 blob ceeace22cdab772ef466494780a022b05a5f74f2	docs/open_source_research/20260911T0525/evidence/tests_accepted.xml
100644 blob 7e0cdad7983456d160e89adb13f91b0007cf719b	docs/open_source_research/20260911T0525/evidence/tests_final.xml
100644 blob d30266cb769ac2d5ebd9c0b1323daccd34d7717d	docs/open_source_research/20260911T0525/evidence/tests_final_native.xml
100644 blob 7a380d9296aa9ad8d49e05faa7d14c0f7480d2fe	docs/open_source_research/20260911T0525/evidence/tests_first.xml
100644 blob e680ef06404e288a16f5ad9e70d1e14fc7aaff54	docs/open_source_research/20260911T0525/evidence/types.log
100644 blob bc6de152e39b8a60f8c8961ab1779aa2a010a7dc	docs/open_source_research/20260911T0525/evidence/wheel.log
100644 blob f38d12bf63e77d066a721dc4f15a390bb5aa8f4b	docs/reopen_dossiers/ar2_renewal_turnover_20260909.json
100644 blob 5be60fd675fa51af7ff7fdf21d358965966cf838	docs/reopen_dossiers/funding_carry_structural_v1.json
100644 blob 86f1abdf088ca786e8903ba7cbe07a16ea2a2b50	docs/session_archive_20260907/.gitattributes
100644 blob b450535aa34929916fc48d6babe31c8e5ff5df88	docs/session_archive_20260907/WORKSPACE_RESEARCH.zip.001
100644 blob f8c351b213fdca2e3d3494d3dc0687e46f302bb9	docs/session_archive_20260907/WORKSPACE_RESEARCH.zip.002
100644 blob ecbc02576444bf78dccef19d5765e1afe0a82aa0	docs/session_archive_20260907/automation_snapshot.json
100644 blob b6030a172b6387d200fd904d76b83ca57803b7fb	docs/session_archive_20260907/closure_validation.json
100644 blob 88fd246ebb83041a1f6281fdd94d5b59d78a3d44	docs/session_archive_20260907/deliverables/ACOMPANHAMENTO_CRIPTO.md
100644 blob 5f7101af303f51edd19ecd7a87285434074c3929	docs/session_archive_20260907/deliverables/ACOMPANHAMENTO_CRIPTO_V3_20260907.md
100644 blob f9fc5a590df13804e092213babf10ce31f4d15cf	docs/session_archive_20260907/deliverables/ACOMPANHAMENTO_CRIPTO_V4_20260907.md
100644 blob bbeb3e6b16de082775dc2f5800b015d42f6a0771	docs/session_archive_20260907/deliverables/ACOMPANHAMENTO_CRIPTO_V5_20260907.md
100644 blob 3ee927a0233d977a6cd16f294992baaaa8f74baa	docs/session_archive_20260907/deliverables/ALTCOINS_DELTA.patch
100644 blob 028e639c5ab7668860ed0d4532fc558b357d700a	docs/session_archive_20260907/deliverables/ALTCOINS_MANIFESTO.json
100644 blob 6652830224279ff6117a1e8714706e09c61bd324	docs/session_archive_20260907/deliverables/ALTCOINS_RANKING_PESQUISA.md
100644 blob f13e1bad34005f5cb35fa9238f092b8d078e40b3	docs/session_archive_20260907/deliverables/ALTCOINS_REPRODUCAO.zip
100644 blob f3ef5355ef2283c35eea9d6c7a85d16ec81ff689	docs/session_archive_20260907/deliverables/ALTCOINS_RESULTADO.md
100644 blob 2e53e5c6557904d5c8677c6bf64ff4887cc762a7	docs/session_archive_20260907/deliverables/ALTCOINS_RESULTADOS.json
100644 blob 6eb8dc29bad4f6a0df018a0a7512b794d2f44e8d	docs/session_archive_20260907/deliverables/CRIPTO_ACOMPANHAMENTO.patch
100644 blob b93dc6f9a7e243eed2ccaeb2988b45b958ab88e2	docs/session_archive_20260907/deliverables/CRIPTO_ACOMPANHAMENTO_MANIFESTO.json
100644 blob 21b812d658fd2dbe7c374f2559d8737722b936e8	docs/session_archive_20260907/deliverables/CRIPTO_ACOMPANHAMENTO_REPRODUCAO.zip
100644 blob 101b199e8df7852bd2b53c3a4b8583174abf411a	docs/session_archive_20260907/deliverables/CRIPTO_CONTINUACAO.json
100644 blob 2c603b6bd94ca2e87410b66a4c22e14f775fee49	docs/session_archive_20260907/deliverables/CRIPTO_CONTINUACAO.md
100644 blob 846dcf3acce7af585fa6858f475f39143411ea04	docs/session_archive_20260907/deliverables/CRIPTO_CONTINUACAO.patch
100644 blob 1edacf476802ef409a5a81f07a8741e89ccfc8f8	docs/session_archive_20260907/deliverables/CRIPTO_CONTINUACAO_MANIFESTO.json
100644 blob 02cfe06b2d38d2f3dda24d3a658f05e08f15a764	docs/session_archive_20260907/deliverables/CRIPTO_CONTINUACAO_REPRODUCAO.zip
100644 blob 0499425b7a08ebad0edc5a9a2cba41cae326243e	docs/session_archive_20260907/deliverables/CRIPTO_LUCRO_ABSOLUTO.json
100644 blob f8a7e60c0de059da3515fb8e8524f579a5c3126c	docs/session_archive_20260907/deliverables/CRIPTO_LUCRO_ABSOLUTO.patch
100644 blob 6d99b5627709ec5e0b53cb9b29a6c8fd7d9b1ae7	docs/session_archive_20260907/deliverables/CRIPTO_LUCRO_ABSOLUTO_MANIFESTO.json
100644 blob 24b18c7216cb46830166e6b2987e258051e8346e	docs/session_archive_20260907/deliverables/CRIPTO_LUCRO_ABSOLUTO_REPRODUCAO.zip
100644 blob c31c9ce8f74da84389bdeff95811eb910f3a2388	docs/session_archive_20260907/deliverables/CRIPTO_PROXIMOS_PASSOS.json
100644 blob 34fa7851fc25732409c764e9e89076600f64dd19	docs/session_archive_20260907/deliverables/CRIPTO_REVISAO_FINAL.json
100644 blob c0170df728e63610f7436da2a93400b3f6366c10	docs/session_archive_20260907/deliverables/CRIPTO_REVISAO_FINAL.md
100644 blob 9b8e9ff392b566a9e807a70e1898867a14aed2b5	docs/session_archive_20260907/deliverables/CRIPTO_REVISAO_FINAL.patch
100644 blob 1e669d7c3165aa40b31a4d9bc01c16536915590c	docs/session_archive_20260907/deliverables/CRIPTO_REVISAO_FINAL_MANIFESTO.json
100644 blob c74481c52e6155c4aa37eea763631bd8feaf138f	docs/session_archive_20260907/deliverables/CRIPTO_REVISAO_FINAL_REPRODUCAO.zip
100644 blob 7653e7f16f039f37e988b2d6f518f9a74a0fad25	docs/session_archive_20260907/deliverables/CRIPTO_TESTE_HISTORICO.json
100644 blob 2b7aeb602dfece3fd85f3b275a363fcee359cb29	docs/session_archive_20260907/deliverables/CRIPTO_TESTE_HISTORICO.md
100644 blob 95f01a380ff1fd39d9a96b790c6829e9b73bdb84	docs/session_archive_20260907/deliverables/CRIPTO_TESTE_HISTORICO.patch
100644 blob 4947bd6441e96ba134b01cf25d1c6a45d6cd3155	docs/session_archive_20260907/deliverables/CRIPTO_TESTE_HISTORICO_MANIFESTO.json
100644 blob c907ad2a61339c4c10e8c7de382bb21704c754cd	docs/session_archive_20260907/deliverables/CRIPTO_TESTE_HISTORICO_REPRODUCAO.zip
100644 blob e79f3c439d439a0040ce40e081c6641b7cacdb7b	docs/session_archive_20260907/deliverables/CRIPTO_V1.2.patch
100644 blob 764f0ca0a9904e602e8695ed99261cd70e2ba36a	docs/session_archive_20260907/deliverables/EXECUCAO_CRIPTO_V1.2.md
100644 blob 7507ed755280f079615ff90ab4e1713019d87df3	docs/session_archive_20260907/deliverables/FUNDING_CARRY_DECISAO.md
100644 blob d1db0668af50a7d2d6b0cb90e3e2cd3500c1b411	docs/session_archive_20260907/deliverables/FUNDING_CARRY_DELTA.patch
100644 blob a5cbe79e336be9c1697f52ca06de68295857ca8c	docs/session_archive_20260907/deliverables/FUNDING_CARRY_MANIFESTO.json
100644 blob a7c8341fa493a8776920482306acd09dc72b5802	docs/session_archive_20260907/deliverables/FUNDING_CARRY_REPRODUCAO.zip
100644 blob 4a746e5bdff86802e253edcd1aeec969c8b8d036	docs/session_archive_20260907/deliverables/FUNDING_CARRY_RESULTADOS.json
100644 blob 36a3104643b6310bcef625785cffa5675b356245	docs/session_archive_20260907/deliverables/PROMPT_NOVO_CHAT.txt
100644 blob 7fc965a61652141d974cb74f0b2c4ba7841a7c3b	docs/session_archive_20260907/deliverables/validacao.json
100644 blob 7d53771df55146d9a2b74fcfdc6b9bea9f704da6	docs/session_archive_20260907/inventory.json
100644 blob 883b728878f4c23773eae3a9b45a4d74fe323fdd	docs/session_archive_20260907/observer_status_snapshot.json
100644 blob c24a4628e981427577ac07932537456c8eea2afa	docs/session_archive_20260907/previous_prompt.txt
100644 blob 313a96976b905511b96afa3ba243c23b525467f2	docs/session_archive_20260907/prompt_review.json
100644 blob 40a4a025b7a90a85149654ab0af668f9aa79f8df	docs/session_archive_20260907/restore_workspace.py
100644 blob 200d75c240a74a0041860e7767e8f6e3ed277667	docs/session_archive_20260908/DELIVERABLES_SHA256.json
100644 blob eac26aaf3893c119a4e36d2bae7f8e51c7312fbb	docs/session_archive_20260908/deliverables/COMO_REPRODUZIR.md
100644 blob 955e4b04d3eda105e7ff1f83c60e119a6277dd1c	docs/session_archive_20260908/deliverables/CRIPTO_AUDITORIA_AGORA.json
100644 blob 54e236f6fab30fbd268e28fedaf977ebbb739cd2	docs/session_archive_20260908/deliverables/CRIPTO_AUDITORIA_AGORA.md
100644 blob 6dd7aef87cab9417810c3b0c96fcc4cf9239fe47	docs/session_archive_20260908/deliverables/CRIPTO_AUDITORIA_AGORA.zip
100644 blob ac1f427876fe6397c52af369399a613f309662c4	docs/session_archive_20260908/deliverables/CRIPTO_AUDITORIA_AGORA_SHA256.json
100644 blob 876e39504cc71f164cd92b8c41a76532321283fc	docs/session_archive_20260908/deliverables/CRIPTO_BASIS_ENTREGA_SHA256.json
100644 blob aa88cd538b820a614ce80e8600f1060fc455ab6f	docs/session_archive_20260908/deliverables/CRIPTO_BASIS_IMPLEMENTACAO.zip
100644 blob ed1b6f61bd471356258a696cd7d0224b5071bfca	docs/session_archive_20260908/deliverables/CRIPTO_BASIS_REPRODUZIR.md
100644 blob d4402a4984dacc7b2769de5a4c9fba026123b4e4	docs/session_archive_20260908/deliverables/CRIPTO_BASIS_RESULTADOS.json
100644 blob cfc2e1504be4dd0276a5c6e736db598ab62bf22a	docs/session_archive_20260908/deliverables/CRIPTO_BASIS_RESULTADOS.md
100644 blob 9b00dd45ccceb748d71a686731faa97d2993af6c	docs/session_archive_20260908/deliverables/CRIPTO_BASIS_VERIFICACAO.json
100644 blob f54972b62fd3a0c18031a470066221614646c351	docs/session_archive_20260908/deliverables/CRIPTO_CODIGO_DADOS_REPRODUCAO.zip
100644 blob 7f6f506d4d565e847ac22f0d46a3580a0dc654cd	docs/session_archive_20260908/deliverables/CRIPTO_COMPARACAO_EVIDENCIAS.zip
100644 blob 592672389436e358a58b6efaad303b225ce87171	docs/session_archive_20260908/deliverables/CRIPTO_COMPARACAO_LUCRO.json
100644 blob 9c6c17149a1cc118349f9dce9dfdf1d9979f7fab	docs/session_archive_20260908/deliverables/CRIPTO_COMPARACAO_LUCRO.md
100644 blob c4a91546d232e172671706914d02d305b696600e	docs/session_archive_20260908/deliverables/CRIPTO_COMPARACAO_SHA256.json
100644 blob d11c51b0a5d36a0a755d96cc585cced7a61af935	docs/session_archive_20260908/deliverables/CRIPTO_COMPARACAO_VERIFICACAO.json
100644 blob eb4b6f4bdc56ab8a4421371a7117557279950701	docs/session_archive_20260908/deliverables/CRIPTO_CORRECOES.md
100644 blob ca12ecc3e10cba820d998aa070edccfa135d4364	docs/session_archive_20260908/deliverables/CRIPTO_CORRECOES_CODIGO_E_EVIDENCIAS.zip
100644 blob 5e9320f927474c60f9c948cc328dd0b23caa567b	docs/session_archive_20260908/deliverables/CRIPTO_CORRECOES_SHA256.json
100644 blob ad59b79f31d5a125fcdaac26a801a807f6ff167b	docs/session_archive_20260908/deliverables/CRIPTO_CORRECOES_VERIFICACAO.json
100644 blob 258481c336847ace8b70e566199b231bb3bab9f3	docs/session_archive_20260908/deliverables/CRIPTO_MODELOS_SEMELHANTES.md
100644 blob 41ab1584a38a10f7e0cd21a5525552f50e40c8ac	docs/session_archive_20260908/deliverables/CRIPTO_RESULTADOS.json
100644 blob b4c1fc31007f1b0ecf555e29f3cd7aee008077fa	docs/session_archive_20260908/deliverables/CRIPTO_RESULTADOS.md
100644 blob c2a4da397975b30a365a42224a5a7a32410173bb	docs/session_archive_20260908/deliverables/CRIPTO_REVISAO_DO_CHAT.md
100644 blob 744825e5e74c0d05b3e30c717aa016864adaf240	docs/session_archive_20260908/deliverables/CRIPTO_REVISAO_DO_CHAT_CORRECAO.zip
100644 blob a4d56338b52e9659adfb7e9ffc80ebb2e36b3844	docs/session_archive_20260908/deliverables/CRIPTO_REVISAO_DO_CHAT_SHA256.json
100644 blob c60d2687d57b22bdbc2775edbf0637a87dd4ee79	docs/session_archive_20260908/deliverables/CRIPTO_REVISAO_DO_CHAT_VERIFICACAO.json
100644 blob 16447b37c5d3c35043088ab21a6268d7ded3bbe1	docs/session_archive_20260908/deliverables/ENTREGA_SHA256.json
100644 blob 9c75d256af0b86a73f3f5f008d12640575cd5a95	docs/session_archive_20260908/deliverables/VERIFICACAO_ENTREGA.json
100644 blob 3e8ab53833451bdb0e6764ca18a56390de9324d0	docs/source_archive_20260908/README.md
100644 blob f868d886f7b8ed61b61f025c3c3f45df52d33227	docs/source_archive_20260908/VALIDACAO.json
100644 blob cd0bda6964a2f1f71acc83bbfd88b57ebc69f0a5	docs/source_archive_20260908/objects/0021b045a5f464488584da7a3fbdf2180dcae99198279c0389d27174247f79b4.py
100644 blob 6dd4f61faa4916deb33d7e3821f5461553f5937c	docs/source_archive_20260908/objects/0039c53ed52bd478c71c200b4f1c2db3c949efd07125cf3cc6dc7a25f378dfc7.py
100644 blob 5f92283c2facd60c789e20b9394578410fced0d3	docs/source_archive_20260908/objects/0041465cd85863dd1c4bf2a77f4f33aea65a21fa9f7d854a2b67a656d83e7b5d.py
100644 blob 9e0adb802c0edb09937a853f528fb30953c700a5	docs/source_archive_20260908/objects/009b66e1c0ac4e964ad1fc37f9fa058426e79ec1830af721c676f23e52a983c8.py
100644 blob a36e885d90e0f94e08658394a06313a123498113	docs/source_archive_20260908/objects/00bc8a85768666c8a2b95b1acd40e13bb998099b9238b1a4f25e198df329102c.py
100644 blob 89adad66387adacb20781bc4f9f8aecf86464c2f	docs/source_archive_20260908/objects/00ccaa29d4568cd1d4dee621fab729464fd4fafe2e02f6875f7f05e2a0ebe789.py
100644 blob e1c7120fc1916b91e56064f21bb37ad7957d2c44	docs/source_archive_20260908/objects/01194d3034cf413424296ec08372b5109f44dbf72bec253709da4638ee2e952e.py
100644 blob 7cf6b42adf1a566583bd78bf65ac2f93ae052ca0	docs/source_archive_20260908/objects/01217ea012106041ea8dba6f47237a01b5a564402b140c76af831c96eb4a090c.py
100644 blob b8114b3f58b8d4a5e8f1b1d3407fdc04d7d1592b	docs/source_archive_20260908/objects/014e447e1866b77652e3a1f0da5f3e7357d76e314a3d95cb91db323882268b34.py
100644 blob e2f479df28dddf27d3f660397cc356f51e625886	docs/source_archive_20260908/objects/01874f74eadb7eadd055e32d1c800425e885e716692893251ce3bb2ee65c551f.py
100644 blob 1c5d722bcee8f892fa48d3889e98ecb731d90e36	docs/source_archive_20260908/objects/0190511c6a56077111b9a3ec22e494016e269301e4511e3154463ff132d2164c.py
100644 blob b3b992144a525466a6f38ad6dc7b07f817401c88	docs/source_archive_20260908/objects/01a237ae4426e27c0d60a8106b4f1653c242b09d4049ce3975a977253b91d33d.py
100644 blob 24d228e3d01ede2982d1e029fc7aa5b3c79549a8	docs/source_archive_20260908/objects/01b2068d44542ce23a34202bcccd3a37ce0713a71370d18d2330b9d671647c06.py
100644 blob 8b137891791fe96927ad78e64b0aad7bded08bdc	docs/source_archive_20260908/objects/01ba4719c80b6fe911b091a7c05124b64eeece964e09c058ef8f9805daca546b.py
100644 blob d16ddbe59a19fc3a66477d1fc5faae41280a9419	docs/source_archive_20260908/objects/01d3ffa016a7f1aca7d170250ef665338447de7f693d713a586acbe87a555019.py
100644 blob 0deb66be36977413b853bcd2326070bad9d3c1d1	docs/source_archive_20260908/objects/01dc15f380d4c2c598eb2682f2c82410df7c9dda1f16f287535a0b58842d4789.py
100644 blob b105dd5e1d3e538f34bff3e8412c96230c814c5d	docs/source_archive_20260908/objects/02389eef87fe20b7589119fc612b041ce38b3584b219e0cfcd0c1593aa42504e.py
100644 blob 7338d586ab38f52dd62fa0f70938196ce62ecaf1	docs/source_archive_20260908/objects/025f30fc6a0242102d1168c80b3855585407e1b6db7f614a2e15d7c4ec9ca56c.py
100644 blob 5536f7aed4d04d9c86d7be31cd287e0742831326	docs/source_archive_20260908/objects/0288b970e45961e0cf63e699c50909bb5da0d00be4d96a1c0dfce6edbed7a3b8.py
100644 blob 0a697831ceb6ce54966cade6b8d500f050eb147b	docs/source_archive_20260908/objects/028c0c4f856b76577e2be0c126226642fa194aa91807e5e2cf3c58fa4baf5a19.py
100644 blob 6b0f43abf7d9c747cd4c22be44da265c8733b08c	docs/source_archive_20260908/objects/02b2326d64df68525164698e9ec7b010238ed66c3d3abbb78b304667839293fa.py
100644 blob 608fb45abf963277d0cbb30acbf9d89f420be319	docs/source_archive_20260908/objects/02b9edb2da5743eda78ff6ad6b4ef8390230e1ed43ab2e18a202810ccd21b709.py
100644 blob 45d2fd202ed9de5253edb4598655ddc39552aab8	docs/source_archive_20260908/objects/02cde72e600a8a9ee4cdacebdb9c7565414a9550df68bb984480efe2f5fb627e.py
100644 blob dabff371648a275022d3783f47eb77cdb1d904d0	docs/source_archive_20260908/objects/02de1994eac813fffc9d6e01afc61d49b013adbae9e4e681d32b6ccc2d1e0514.py
100644 blob bf077d14cde0f935de4170d0903c0cd466727781	docs/source_archive_20260908/objects/02e810fe13c61d2979d677811a0405705e44b23830816d519f40a2b955066daf.py
100644 blob e4902da74bed08b26b8bb026146cb1ba93618d5d	docs/source_archive_20260908/objects/02ec72ea3952c40f2c2e64cd4de60665b49a8cd054413eb87065fc04e78d2fa1.py
100644 blob 33e450c9b87a06e24c21b89c4d82837174e653f8	docs/source_archive_20260908/objects/038d08265b7ab66c25440741f104619b0ce5c5aa9df89e4c94e2247d6bf218d2.py
100644 blob 6ef323cc5febc2994f308e5ad8639baa3c20fd76	docs/source_archive_20260908/objects/03b1fba22826b6957c9bf93ea7499c86aa8d539ba0290454df28e4df6f15b8fc.py
100644 blob bddf32df419f1b725c437c7f355c8cb32953456d	docs/source_archive_20260908/objects/03df1a382c250b8f67195dc10703b1398382cec6d7a161a7f792702bb33df8f9.py
100644 blob edbc7f5632b35aa056e13170be6b97e64c5602a2	docs/source_archive_20260908/objects/03f74f9c4f20505ff612a5d8ade3d3c1b681203928163761fc09a585cd487ffd.py
100644 blob 063228d799dff9f88cbb8802f6d7a79284512c82	docs/source_archive_20260908/objects/04188d62ace190e463090b8bcde0b84660b421e8e95f1efc8a0c71c6ed5e89c1.py
100644 blob 2559ab0977e870ff3a67162e53747a4d18e49164	docs/source_archive_20260908/objects/046f53a938a1b6897f92f0107176bd657546a0e52adcb3efa10d522776415ecb.py
100644 blob 407bc7f4982c76d4ab16333df8e08642e47e666f	docs/source_archive_20260908/objects/04bf00f4dbf34a1df9be7a24db1f41dea0bfa6b6624362175fe1576d6f9bbe53.py
100644 blob f1ee5953d31dd7eebe8c7aefdc4e1d80f71bc011	docs/source_archive_20260908/objects/04febd9d944c717169879aa0124545477925422d61ef64e07547db557279a7d5.py
100644 blob b4972bb08e63b57fef92ab8a7ed64a83f53178fc	docs/source_archive_20260908/objects/05b619aaf2e880c804f54824b0f30a07e5bb47d159457df7e64773d6819d6908.py
100644 blob 6b29baf27f6784d9ca3f09dddb32a8544600ae8f	docs/source_archive_20260908/objects/06311696361409352bfbc7d174a818e8a3ca9b541d6ab15cd607dc410213d96b.py
100644 blob 6aa73e404b8ae5e13c936e8887d847cd3501ee83	docs/source_archive_20260908/objects/0662c6dd2cb272e7d6347a0b46ec9a8ac886f32bd23cc8e3b855a5753636084c.ps1
100644 blob e578d04dcc89c51d9cac6c030caf767d2cf52412	docs/source_archive_20260908/objects/0694bc4cf8dac2cf373ac452718e5ac18979bf8363a28b1e6d58a387ca2f2a25.py
100644 blob dc1c0c40e544bb74b5a52176742eb477e77800ac	docs/source_archive_20260908/objects/06b074b8dede2ae2c37760697d83de90efff7123cbc916126528a7b1d5a83bed.py
100644 blob f02d166cb9fd3f7478b95fab6da84684d7dbe5af	docs/source_archive_20260908/objects/06efc3a22abd9f6c1a42b9b2bf686ae9bf7b0beb44b16399cb1767c12521773d.py
100644 blob 3d7d98ef74594ed549d7831c8cb732dea872db2c	docs/source_archive_20260908/objects/07f447a1323604da6c8b2aebca1ee543ed5edc178a75e5607a3d130b14d2cb13.py
100644 blob c91ab110f481060890e6fce3068efaf5b1aecc93	docs/source_archive_20260908/objects/07f6e134e956bb14e95a979723ece02dba064b4fe53bf8c3a33c21656d4cd126.py
100644 blob a4e79ac6cc7230559f0b8cc4ce2e7988dadbcc61	docs/source_archive_20260908/objects/081c4695fd2197a186c9b5488c03acd0962bfd4b186f66e7d67389177c41f51e.py
100644 blob 98d9645dfd97e3e5cc5a643c0082631051e68be4	docs/source_archive_20260908/objects/0847a9ecbf34cff48cd2ad87671aabe969733ded4670db961a141dcbe51b7a76.py
100644 blob 413d7c68de61bef9054618dc5b9f271d78ea8507	docs/source_archive_20260908/objects/08a6c7a969267dac275a1ce7f8a30f568194f735b881c60e9669134db2ed8fab.py
100644 blob 69332db6daff3dacae9b1a828b1d0666889cffec	docs/source_archive_20260908/objects/08b17856bb0bd0bee84bb47b53d0d610f6f13e4e446610a572ecd8754fe9bf19.py
100644 blob 8b59021d560aab23c2dd4fb37084dcae6d112f94	docs/source_archive_20260908/objects/08d577f4bc481f6095bc090dbec8b644080c11f88ba45923b62febfd9e175140.py
100644 blob 0a254ea383c2ac205dc4f3f60e6b8b02a0cace3e	docs/source_archive_20260908/objects/08f892f82666bfc06c9154fcc0d1c67f12f467a096434a2e0a25d2a1b0abdb70.py
100644 blob cf3291b5195f17d2ca607bf54c6afc9f455f7538	docs/source_archive_20260908/objects/08f9366373eb8fba3926ccf9a3521c5aa5639e7c8141a84f290774e392ba5a6e.py
100644 blob fa577ec6cc296c7311b0d0894baa50bbca6472c4	docs/source_archive_20260908/objects/0902dca4ad3ecae4d1af402a4310c5618a19eb48624bf2343e1cbf9fefd2d6ee.py
100644 blob a4ada9bdcea50507ce9c6adf8ed190b668f728cb	docs/source_archive_20260908/objects/090987750ed0dd27db71e3f157e918999f6e8360d99d525170a1c71b1b2d04bc.py
100644 blob 41d4bafcbd26b306195526b2512955a7d0286e5b	docs/source_archive_20260908/objects/09cde64a2bdcc64820de25f2cd964d17f3e4ac8d196b92327225095371099cbc.py
100644 blob 6793a4ce8a377c99f4d5b9dac632dede0c569b6b	docs/source_archive_20260908/objects/09e767025dc7e0bda4ee6c4680063e7df4c64659eb3ebfd95d4de4f05571d315.py
100644 blob b5c7ccaea8f8830673c379f147e12fbe42b3f9e9	docs/source_archive_20260908/objects/0a23f2ae6991f4d8bd9987ff2f4a13138d4ed6ba68be5da401b066afe5ccf3db.py
100644 blob ff00994d24e633c53815e003fd094aa84fc0dbe9	docs/source_archive_20260908/objects/0a9fa3364dd6fc91c07581026ff4ce77374d31d4cacaecd93cca5bfb0eaafb74.py
100644 blob 6af95d653987fecc2ee9c39b081a787b867535fd	docs/source_archive_20260908/objects/0ad317013113e73463304d08f264acec3d4f1b762034432e9aefb81b67a6bc72.py
100644 blob 4cf055c8604f15815cdc36e15b87bef9ab2f2004	docs/source_archive_20260908/objects/0adc66305016f0268603b052201578a14489d2b584983be82d54b9579710b6c2.py
100644 blob 3f66aabeed638eafda3a87b17f87f3edbabc8ba4	docs/source_archive_20260908/objects/0afb00a288c159d90fc000ad54cbb0a2455c9393991434d0bfb63e6404ca9fa3.py
100644 blob 0a36a4dbe15261f50a51da7a66d4453be7453c97	docs/source_archive_20260908/objects/0b1fa01b7e16c6e96ad0deecd573f1bde25805c88aee118438f7260a8788f136.py
100644 blob 756c14a9e637abe61f6d125ecb325a159220dc83	docs/source_archive_20260908/objects/0b56e846be5288440856e34d4bf274de2c1ebddb763f44d3d367f65bb50897ce.py
100644 blob 0f33feafc4e02b656d5bd2cfdb3b6e3e35ab7f3c	docs/source_archive_20260908/objects/0b7ae1f3612aafd410c54229541262090b44a31682ea3bf630d5136c6b91cdb2.py
100644 blob 7925c16729ad9b3455e1a25768a6bb3b4662814e	docs/source_archive_20260908/objects/0b9de42d0c9934908dbb08cf943ad13d6df7bba721d75f6b81ef96d4421e9a80.py
100644 blob 7fc282f7f6190e4d6193512c46bcd62aa93d671f	docs/source_archive_20260908/objects/0bb040513d91c5c5bdae06ae46114f035ab7b2affebc9df7d32668807e9475ab.py
100644 blob da8f382057d612ff9835154fffe0acaba44df42a	docs/source_archive_20260908/objects/0c0b58844d5c984609eacd04731d8f8b65b4372f41769ab084ce24eb404974f5.py
100644 blob dc274f3d7e0e58069df3ae4dcff4ac47e126b393	docs/source_archive_20260908/objects/0c193d660f941c0edd67efe6472d7562177180b4f145245f237b64e2fe73b6af.py
100644 blob 3b1690ea6f01b8d31f909913fd4551f9e7178b63	docs/source_archive_20260908/objects/0c349fe67d4466db008cf1728c57767ee01fce9c122f85e539eeff6f8af30ad0.py
100644 blob 4c43c16afa586afb07c9495cca622b6eaa0a31e7	docs/source_archive_20260908/objects/0c9615b924e9c0ea35775dbbf3e6a52bbf1eee1a3cb6ce21102390a0abc7189d.py
100644 blob 965004e84f5ee24956d19d736499479ff96c550e	docs/source_archive_20260908/objects/0c9dd76de249a3807572b655d7c1f0e9044a7603d4fa707704109bf541c58c16.py
100644 blob be24f275eeed33f1ef13cba06adbd1a0ce43f4a0	docs/source_archive_20260908/objects/0cc539da8dbca362ad1343ccd5942bbdc95807d9259f50e773af2a5e2d630e4d.py
100644 blob 15dc3dd8a36255c1cc9ce73f8f2a1e540d928029	docs/source_archive_20260908/objects/0d397e38d1aa8cc5f4253af87e3d4961e182b608b478a1282032526f0218747f.py
100644 blob cd1098fcc446b55092d6bee71e6421a15104cc3c	docs/source_archive_20260908/objects/0d9099f1cc36704f70fe9687ca92f283716403abae38bee9589a7c8fb206d16e.py
100644 blob c9b3258f5297dde1d9660d02ae99d46e18fff13b	docs/source_archive_20260908/objects/0dbe2a0ee2e6d9ada2db9d05239e6dbf69ac8d501cd3c4a356f7df91b93f9c7a.py
100644 blob 187a121330c17e1aff3f0c9f626374b9ef8d255f	docs/source_archive_20260908/objects/0dca9a205b835a48a72d3424546a11ecd1c386202e4076409f0f7452a3016678.py
100644 blob 37e18b0d7a6627c9b95ad686eeda5ac97ee45839	docs/source_archive_20260908/objects/0e5e33edee7172d515e6d5f46b0603311a33a5e0cd517f3bd63cd550d52db226.py
100644 blob 6b35cc719926b56af4d69e906ad340f01e1fcf92	docs/source_archive_20260908/objects/0e6b3c0aaaae1f76eb4fdba53414bda0b7a00aa5ffa2947ff30394808ea9a912.py
100644 blob 4b97de94c66559175b245962193300e330109b04	docs/source_archive_20260908/objects/0e8088381ae75ff3de56141160976d400026a8db6a03b2e01c14ed96f0f4f529.py
100644 blob 39b86e8160059c383cbaef496e49a074dfda6b9b	docs/source_archive_20260908/objects/0e9381686c7dbbeed6034d110a79bf6ee0615365332c52a0254f4218651a2311.py
100644 blob ccc1cdf19cd8ebfb3772451c34f9853707557c1a	docs/source_archive_20260908/objects/0e98c64e1561bfb73fc92292f4b82e4bf4e9c6d7177ef3c15bdb55235e2a3a09.py
100644 blob 6eb73ff7be989555f633c2377576138f3db10556	docs/source_archive_20260908/objects/0eb8437cc2facb80f6b23cafc3d4923a53b5f1353b6c8ff2e58c840dba3a85cf.py
100644 blob c917c8b9733c3cf02ed0d5f6082c2b7cbdf08265	docs/source_archive_20260908/objects/0ec94feb636ff9dd9aceb82ede0fcd7d0ec99d9026b7ff6aafc3c63f1bb91bf5.py
100644 blob a303772b0ac46cf7d2963a952d195269d2af1406	docs/source_archive_20260908/objects/0edf25e6dbcbbfe4e66f669026707226976b5ca731fbcf4fe4ed33930f2068e6.py
100644 blob df30fa16046303b6e55d71b932864056be205141	docs/source_archive_20260908/objects/0f0c5e611a29922cf6800227c4a2f071d1044fc62239ad4847801e1f98245108.py
100644 blob 90cc41797c2fc69311b5b47c9b0b8ec124cc0e86	docs/source_archive_20260908/objects/0f69bec442f868827da7f40029f3f97aaf3806e74834f80da0ffe43b355a9c19.py
100644 blob 159793b4e83771604f9ee0074d4f47f80486cb00	docs/source_archive_20260908/objects/0fb55ff6ff3b0bba24f740f8cea5b3a780dabacd095b315b80137f0a967ffb2c.py
100644 blob 283ba8df26b15093323a1351bacd611754905401	docs/source_archive_20260908/objects/1042d2fcb474a91590e67b7a694a18b291d5d586b4cef39c8e2b2110a95f41c9.py
100644 blob a1d82b4fcc7b98d488b0191686b5a8c94f6adc1f	docs/source_archive_20260908/objects/10696111013f8ffb7723777c0e9bc72fea90f69517d8059def9479ecba0834c9.py
100644 blob af9f7ce35f383d1eb3d0e80d0253cd0483368acc	docs/source_archive_20260908/objects/10733b0b323a82c5b7a59612c67a31073a1182c554d9050277c379b77c06748c.py
100644 blob fa5bcd732b74936dbcbc20ba0a0edcb972b10bf6	docs/source_archive_20260908/objects/10fab6c5edc86253021cab9ec06c61bf52e8fe589b14a921437d8eaae6d89774.py
100644 blob 4d2043241d7b6deeac08ac2cb5be204d96542b8e	docs/source_archive_20260908/objects/10feee2fe0e5add8f4c0606fd5a4f5bb749e2eca6b42bb680b7f60677b189c43.py
100644 blob 28c2db74f89399809eb04237e7e9c78d4bcbae55	docs/source_archive_20260908/objects/1102469eb1035907db09affea4f631e063fa076be0c003d7c5c19087ebaf3efd.py
100644 blob ef558b6f01d768ba4d786a7ac0ebececf76b4e76	docs/source_archive_20260908/objects/11135eadba3e963d11f13cfae6cc861ff4d6c8c1baa69f7183a6eb46cc346511.py
100644 blob 2c2445a0b408b82783de6c827f49a7b91daef033	docs/source_archive_20260908/objects/115aa518ed0d1dbfa62c50db2b34ef2815660d473fdc794f7e85179e53f6ad5e.py
100644 blob ddac956f2002c6e925e79fe7a0cef7329a1de157	docs/source_archive_20260908/objects/119b24e2f65f8f8ea1abbc3c91eaa0358a57dfd8084db1076ed66db2e287ceb3.py
100644 blob 333025a0e618ee1eed6b8dfeba32e6f7355c1ea2	docs/source_archive_20260908/objects/11a96de462505a1c76ec4881c229e2aad2c256826a0c336ee47819bd402473bc.py
100644 blob f54b02a268e5e10c804ae9da7e4d3800561f5c90	docs/source_archive_20260908/objects/11ed73ee2a1d52a0057586e2d2b6e71299e5d334599505cccc323d5e899aaff7.py
100644 blob fe0351732a5547a7243a97c3804049a882015ab5	docs/source_archive_20260908/objects/12170cb4ec167b1ce0e59ca904d2151f10e03c56023811810c625d5080db3d4b.py
100644 blob dc69e9b734988d990bd24184d58e08f3a96c86b3	docs/source_archive_20260908/objects/123b372fae8e823296772e72d0d5df242d49081687775ec92391796b7edaa5c5.py
100644 blob 7a52869146edfecf6b02cd6108d3cb3266a45ff6	docs/source_archive_20260908/objects/125b12c573d52ea822bd6df73d6f2aa366f8954a8b62e08bbf8c3d8ccbf95ad9.py
100644 blob b2cc87e29ef969234fe8cbbb1e7e0ce0943b98a8	docs/source_archive_20260908/objects/127e141ef4d937406b689ee811ce2656ce4a7d337b1fb3ff19760b341008d8f3.py
100644 blob ec2394f33459fa267e0fa8c2c4847d90164c6f70	docs/source_archive_20260908/objects/12b45148d3b2d82ab19bea3fe5d9bcb806d3fbec9b224d83bda9607fc0899666.py
100644 blob fa8a9ba20c7f41bfadf8b5b15a072e1b8bbd5871	docs/source_archive_20260908/objects/12f69ea32368c5dc791b8387a6b9becbabb7232976a0b61c78ae4ecd30e89449.py
100644 blob 1fc6840f478dda9bbea4906a7fe17981774156c1	docs/source_archive_20260908/objects/1317963c0e36dcfa7c90ea6c1acd8d64e14ea9661140878ec4621c210781bbb5.py
100644 blob a82746432c64a7cbadf4aa77b958ca32da3f780c	docs/source_archive_20260908/objects/1346734bdee5d9e961c19d6210ef0187ae45c508b3327068f99b7a5e640a3631.py
100644 blob 7c1c072b8e2ffd21cdb08375c62df34e8f25c5f2	docs/source_archive_20260908/objects/134c2e0440a6d1d277a63c50addb884cb7b34c4eb038cb91cc9c2e51a8c65edb.py
100644 blob 32d6882184b395cc9c4fe47159fcb8b248cea871	docs/source_archive_20260908/objects/137063c4eb2ec17fc555a718a62e39d4344bec975b8ff8c584f47958eb45638e.py
100644 blob 5e3b17742ce838722f92262d6b46ce500ad0c20f	docs/source_archive_20260908/objects/13a71832dbb7457334819ef3d6926a396929aea79b1b8ba38bac4f2640ec4998.py
100644 blob 0242a3103a4575cad7f754bfd98663c195fa62d2	docs/source_archive_20260908/objects/13aef25ea1857e5d949fbc87793767582ea4ad5a55a108cf47486ee74102ef5e.py
100644 blob 36b0bb2ff11c4ee6f1fd1fda89a9f111519ec9d9	docs/source_archive_20260908/objects/13c5325186f9d4a72c5e5ab02a9a9b7d1c1beef61fc6532cfd4b0f94149a0d52.py
100644 blob be8b4fdc700ae2e33ce4f0bcd60eb7923a46d904	docs/source_archive_20260908/objects/142666fa739f6a43a045931dc58fdb866dbfd38b35677abfa88aad2d6c7f4ff7.py
100644 blob 2e7dd0ae01398035035a4c0157407ede9d8f870a	docs/source_archive_20260908/objects/147de157a3bdfd563883815901b29aa69d6be596211ded50cd6deb0bbdeb89c1.py
100644 blob 5d8f07ee238a0d9ba3e28366f91729c6d2cb161b	docs/source_archive_20260908/objects/14bb96e8fd576ef0a6b38280c72c92647d727e438be0f35cb4985e0dbf51ff99.py
100644 blob d8a74168aaa0e31086200cba4f72bf50225e597d	docs/source_archive_20260908/objects/14e385046e1166fe38aedaac31f7b5e88c82067d6ac5565fecac7510fea89b5b.py
100644 blob a5489a3f1b13612fee188ab39cae6802b70906ec	docs/source_archive_20260908/objects/15ee325429193420235a102ceadf4ba6bb5f3430ff70be14443be43eee421bae.py
100644 blob 94bbb01196ef052da0b4cfd5bef130015ef7011b	docs/source_archive_20260908/objects/15eeeb84c8bcc49b5621aa06d390dfc1a78b8ead521d71b6c1d808488ca64d87.py
100644 blob 6eb8dc29bad4f6a0df018a0a7512b794d2f44e8d	docs/source_archive_20260908/objects/162aad06e4ccaf10f62c0e7ceab79d2ed67b264138017f5aa1ea69e7d22e1a0a.patch
100644 blob 23f06c9a2a86f2022b427900f6778b96b0a73be4	docs/source_archive_20260908/objects/16afcf143ddd0ce08b0b927f265dfaa2c91b4c2c9ef4adc9f75e62f5c328f56a.py
100644 blob ccb5d47c63c140892a98dd4cbac8360d01f5c764	docs/source_archive_20260908/objects/175b51d7b0e1f54ce75f9fdaee12f731902f564ec16db671406e2ba63320cfd1.py
100644 blob cdb9ebbb58cc622082c0f5449ec2d310d1fd4e28	docs/source_archive_20260908/objects/1770514ea9484b0b7de6d6db78249b29c99392a86666abfa915446880d6aa7c4.py
100644 blob a58eabb56c291fa46cb8a4173e9731c834e7f771	docs/source_archive_20260908/objects/1808793eb3fabf3cef7a05e4a433cf158ccf7bbf7766859ef1ec5ff11f517c3f.py
100644 blob 575f8e8d19d428d2faa7907dea0b6a9a176d52dc	docs/source_archive_20260908/objects/180d67db28dfef9191d79db5c55de74423051f204b69ea2b202a9b9b7febd365.py
100644 blob b8ad8555e70b0459bd7d0c69e6aa529d1d96c55e	docs/source_archive_20260908/objects/184b4de26fb4b16499f2bd3a6ebbba0b2b16b1b2792ffc55457f945b88b39fc7.py
100644 blob 46dabaad5f706e42c41b1c48c000b404bb032707	docs/source_archive_20260908/objects/18620be17cf87aa138ffa197c8a4099b05624f86c68bd018bfb974a17149e0d0.py
100644 blob 7ad0f668165dbef042c1a8c73192f2dd69741740	docs/source_archive_20260908/objects/18bc04305c54692e9f82e4270f0e4e933c60c457aae424fd29fe2374f2522a08.py
100644 blob a26c6986e79ada564691364b8e7b92454afdc87b	docs/source_archive_20260908/objects/18cac4cc3365e2a628e4e7a4c302f8a8a81c2a8e41f04042f820882c73a8bd69.py
100644 blob 04b91d0bc493af31425d014062e393f4864540ea	docs/source_archive_20260908/objects/18e800a5d818645c7c9c0726053ecb7ba77a7e9341161e44d3f9450b0a5a57f1.py
100644 blob 4adccf88359b384cb329b7a88fcc87e10f6b134b	docs/source_archive_20260908/objects/18fc57f8d320ad3ca01286925ce8b8a4f3a9184b1238d99c889fd55ee1569d6c.py
100644 blob 4172991d39d30877e15b58994e83af40d4243564	docs/source_archive_20260908/objects/19213fc5739ffbc14f6d45e56c4f33f881be077f600ee64929f057a9424c9155.py
100644 blob 39d73806bb1831b2482e227e40591c4225535278	docs/source_archive_20260908/objects/194fc8cf6055a9f8fc2eb628a818486299660ffdde94738b95bd00761ed9c6d4.py
100644 blob cac15bd6f76f5f32f1f5a070497a5ce86d1cd0b2	docs/source_archive_20260908/objects/195c4b827edc5d1fc02bae9738cd86f61997861ca67f6feb0734f39016b07fa4.py
100644 blob 2b4e889e656ab7b696c005e67b67c753e4d28196	docs/source_archive_20260908/objects/1965346850e1819f1c82e9c9dc6317d2ba93bcb3e59ed6f7db628a9704632eae.py
100644 blob cc122243e4aa43cf03d1964a2473c56e24c393c0	docs/source_archive_20260908/objects/19bac49046b9ed4b0d125f6959fd713a2848308d39bea5860d708ef0d099f925.py
100644 blob 62d8cfdd9dd239ab75b4fa183237041df717b876	docs/source_archive_20260908/objects/1a0314b1e8aa49ca61face0a9ea21964c475946711b14dd234a7bce08f3e871f.py
100644 blob 9546957ae49cdcf3c758f62e587c268259cf81b9	docs/source_archive_20260908/objects/1a48c4fb4a59052ef195c04bd4311a0cd70e1677535665155f90308d1af16522.py
100644 blob 5129585c5f5d2d48acf4aa29e1ba05e067544c1d	docs/source_archive_20260908/objects/1a7abd688a50be38a8eaef350ea7e169d63d9b0b4768840de757a433b23646eb.py
100644 blob 1bc8d1c49e395816c16d24fff9c7dd81584f7ac9	docs/source_archive_20260908/objects/1a9883474dfc90b17f48b6118500fc2aaff665c3c6c58000ee04e2dabffe0f28.py
100644 blob 2816c988b6752cda7b388cc2ded7489d004cc120	docs/source_archive_20260908/objects/1aaba5f8f9d5853900345b8379e0456ea96fb5276215ebdaee24a0e89d04080b.py
100644 blob 9e7665b91e3b6eb1302ec15b338575957882a4ff	docs/source_archive_20260908/objects/1afd3da4446e8d60ff5f4c8a5fccc84be6292168c57888be9d189da72f9d2eef.py
100644 blob 564bdb61dcda90bab29e4dbfd76c6e418abfc9e8	docs/source_archive_20260908/objects/1aff974ad811d7ba4885cad97324dc5385ea7e76fab4b2639e94457e83d5ae19.py
100644 blob bc2a507dfa1eadd46bcb9733b8712ca277f6c6b0	docs/source_archive_20260908/objects/1b09eb0f8602f9e7550c1f27449be2192161bf41ec1ab62d8cac4a990c47a3d3.py
100644 blob c0c0d00c35ca35493be357c34a66fdbfba96024b	docs/source_archive_20260908/objects/1b23ad170546ff357ccc2e1c11b636d4d85a63de2cadb85fa8222bd2fc85d42b.py
100644 blob d88cdee1318924c667d77fbc1b12229c9dbd83ec	docs/source_archive_20260908/objects/1b2a2465ce4e226b013a2cc57ee27795362b083c889b8c9a530c18018a86dd48.py
100644 blob 66b5071fa1d804881530cc4dc398c2df19812561	docs/source_archive_20260908/objects/1b4b5ca726d7422ea701d46ee7902a52ad042c9093a3e8acbf4477642882cf47.py
100644 blob 2348391b92ac78c8c7c89e0db85fd7c387c3f0d6	docs/source_archive_20260908/objects/1b8bcd9f19213c65ccb5d7d9f12a2dcb811dcf4f742a9aafd04efbd1fdfcca4c.py
100644 blob 98899f3b0bd010504a3b4f7e8c27bcc61f82846f	docs/source_archive_20260908/objects/1c3bfd425d1354fdce7ed6b547e71c59e45193ff2caffc9c865cba8b9774eaf8.py
100644 blob a88191ccd83063b8c7e1c57ba6b3d6f468676b00	docs/source_archive_20260908/objects/1c6761d1ad6a8aaf30d4e945289b9099ebc9540d19c74bd30e9b34822f06ca89.py
100644 blob 0f6db1c995e3f0fdd347f63737728543e630dc0d	docs/source_archive_20260908/objects/1c8ac964e67789c1beef4b69e1716afcc1c8bd177fe97084364fa78e51f65f32.py
100644 blob 05a57c8acade2d602884930b7c43595fb846e864	docs/source_archive_20260908/objects/1ccd91ed6c465108859bf95d638a00430234f5e82f963deb1464c8ff83970723.py
100644 blob 8859f826f219c6f7390dcb93b70b40904988d864	docs/source_archive_20260908/objects/1d0a3989b610ea91c8e9ea87eff19d188c8edaaa5cc82e0e5ab9faf44d8465c0.py
100644 blob a2ef2f9ded5d61bccb48a6fb272d6d00d2dea9d2	docs/source_archive_20260908/objects/1d3630154aae8c19edae68528f40fdfb2587e2ed47d4b91655a35b055fe8ecd7.py
100644 blob 7201053f9ef510f7dae8d0606f841b3dd6c88866	docs/source_archive_20260908/objects/1d68f4e3b4bdc4999b12e9c7f14a4cf8f1d727ef7d87cc4f42be392012815acd.py
100644 blob 1d26fe7c51f16bf65225b6ffd3a1bd30a4afb796	docs/source_archive_20260908/objects/1d7e6c105cf2ac39193b8cd7b01375908267285f3f13672fcb1f2510ee0f431b.py
100644 blob 437e73d1edaee4f0d8e0443eadc8610ec90f05b9	docs/source_archive_20260908/objects/1da10b4cb16963f3b2c455a7e599efe318872881e881071b2063d8bcc924bf3a.py
100644 blob b4092406c2ec134a51e99c432eb85e284c0dcbf7	docs/source_archive_20260908/objects/1dc7d060a400291fd85630d18755b8a3834d56276ad6af1b532066476672d51f.py
100644 blob c99e9cc6100c75cdc5a5b1d0322354104de61afc	docs/source_archive_20260908/objects/1e0ee03aa4c2f56b40a5790b0e95b37cd59b7de81e72f632196c04ed1d74137c.py
100644 blob e4960c8ad39e39cd77f5edd4dfd7a8956cd6dfbe	docs/source_archive_20260908/objects/1e2294426d6f622262030b2b37e5408b8bc2aaa40290b5eb0f944f3e83c01ed0.py
100644 blob 92c144abff58d376d0aa24a3a5b3f219192528d8	docs/source_archive_20260908/objects/1e39ca6b80dd69108c029aad700bc4e6fd8be0b60466424f6431479fb59a9d7b.py
100644 blob fbfe954fd885c50fe253bd8c5ef76d6dd2bacf5c	docs/source_archive_20260908/objects/1e45419173ec29926ac82fbfd15e51aa946b5e40ea53482a1b81cd7f99f14f38.py
100644 blob 7ba5fff299acf57f9d7dcb697e6ad9163b6dfd5a	docs/source_archive_20260908/objects/1eb2c28da6127e128078925584172cf265a6fa6f663b4175844726ab811f419f.py
100644 blob 304c5cfe530042d9ea0d8a4cbd57a3bb8eedb74a	docs/source_archive_20260908/objects/1edce9fa9c34ba41ff5a02854b66f51b1ec08cdb3363a96a3871b1ca2c28a4e7.py
100644 blob 80b0bba162de63683e4180c893ad5f7c82cbaefa	docs/source_archive_20260908/objects/1eecf3e0417aeba7e739915b0a9127d43db1e369fb4785e3c44b912c6e67992a.py
100644 blob 6088296e1d4ba78534a7a7a916aeb95ec035d6de	docs/source_archive_20260908/objects/1f19238ba24fd76d71fa8d5dfaed54214383cbe6c8d7a36d5a1521f60ff4155a.py
100644 blob 224cba0b5fc2fd9c9cb7ca13cb14e2a429056590	docs/source_archive_20260908/objects/1f321d23f76dc615310ae2b8beac671e7fe96bbb28666bf42db78be889633984.py
100644 blob 03018f6bbafc06500a68a97cb415ffb12fe1d7d4	docs/source_archive_20260908/objects/1f83addf512e2e53ca26979727cd7e4ffbaef4148ed4057b8115139b2d5faee5.py
100644 blob c176beba35df03f196adb3689f6d6b9e47a53273	docs/source_archive_20260908/objects/1f9fc3a5cd6c1f276f447ee844f2b333b0f3eead9e37996120b03e857ebbc694.py
100644 blob fc7fdb886eb2fd13c202bc883a62402a9d2c9371	docs/source_archive_20260908/objects/1fa55a9dd651334748c21f194e75fa9dc15c01e11b35dab0fd21f57e1881d2f0.py
100644 blob 72e15ff3720c0e0e7ceb4d68ae6af78c3b79284b	docs/source_archive_20260908/objects/1fbca1603406549efc336027177832cec9aed23cfeb69bbcef1e2f9a23fa3a3b.py
100644 blob d166c6a0c7ce4f4ca87d5b300ec740b8af5f5ba2	docs/source_archive_20260908/objects/1fc48800d730fef10efd66d0730022dad94aca55d6829d3a92e20e03eefc7369.py
100644 blob 4cf16ac1d76df0f4f091e308dee0b740e70a210b	docs/source_archive_20260908/objects/1ff93c3f71b2d8385fed83655e141f42fa7d5700e8f98841725bd99c88f00030.py
100644 blob 9229a84924f9ff2f210ca8c860bab2a06070e916	docs/source_archive_20260908/objects/20215048a45f946efed2b08fea7578bad36e11e559ba129d677bb3981c361145.py
100644 blob 0be7b1010973dc2c2342bbdb93f288eb1263b154	docs/source_archive_20260908/objects/202faf177235cdc43b648f6aa1d22a7da92322e2ba7f24b35b077bf51752859e.py
100644 blob f900a2d2a2869fd6477fc9c9952d350045fa5764	docs/source_archive_20260908/objects/2044e0090cb2cf75ae6df4b1b1b2edc050baadb72fd4159c603f5550ec7663a7.py
100644 blob 2e2b4cdf20210eec66c4e5d17c68c49ac183d308	docs/source_archive_20260908/objects/204f7c3c521d0f6e0e728f77e01b5c33cb01cdfabc6ae1761a5729cdaaf5b47a.py
100644 blob 518898811297783326b75259ad8c4e9338c3220a	docs/source_archive_20260908/objects/2055d76dc4c349f97f3ccd0b8f0282f909e56374d5eabbe58caebbc3a1ba1989.py
100644 blob b04c481e90c420870f1f37515f3fe408a00c3edf	docs/source_archive_20260908/objects/20a023410f780021302b928f776f50e6459b3bb815e6306d3e23382b36a3f284.py
100644 blob 79e1cf62dadf2b6946393922a8735852e6d4882c	docs/source_archive_20260908/objects/21115ac8dc5d067047129753bcd344521ca72dc27837b58dcf7cc58f0a5e24a1.py
100644 blob df1319bb7186ce8ea1af1967ada394312f3af8ec	docs/source_archive_20260908/objects/2160b3260fdb9966c82b56424c15e32d94c9f44b421fed1087174c63aa252d84.py
100644 blob ced004b6745c954f4a358a8c92087a505e2030e6	docs/source_archive_20260908/objects/21bb42125df43a80339e2c6c47b0cd6dec97be4192935238eded08209848d526.py
100644 blob 18c0fed845c91cdbd2f1d95b61aa19e0829e3bdc	docs/source_archive_20260908/objects/21f1b3a4a2341959bfb56e422dc1793b0477e80d540a219c0f00a1001dbc05e7.py
100644 blob 51b0826c56d0bedc687dff8c366c053888f00907	docs/source_archive_20260908/objects/225eedaae0e7fb1ed3b58239f24435458d6dbc1b23cbe3526fabeef988a0ac99.py
100644 blob 720c61af486d8ce2d24a51fe086cf06dcbf0ec18	docs/source_archive_20260908/objects/22b5456ae7c56c09b51cb295b784fad7b9b5685241f9fa54a31e5cb6a1aa7626.py
100644 blob 9f157a973baeb2ea45e5ca669bd08630aed0a8c4	docs/source_archive_20260908/objects/22bc613bd9d5a2f3036d5cbda001097c0fa595e429d1dc03c58b3760095c55b7.py
100644 blob bf137d1c7be28711e3f085dbd1ba195c9ebc3d19	docs/source_archive_20260908/objects/22c4e3ca248acd4ff75baf0ee92c835ec8e5e9dd4e1cd4300c617cc56daa0aa7.py
100644 blob 206074314a24c114a0d8fe7db0f3ccb36b19e231	docs/source_archive_20260908/objects/22d0e22be3f49e26bf57b046b9bfb03f9271f2dbdc5da28cba863b397ebadb5d.py
100644 blob 96a2a9954fc0e9ab374a881009bacfda71df24b7	docs/source_archive_20260908/objects/22e86504b2c9e206c48d1a0290e95b08eebef7d104fc40a9a1c3979173d70d9e.py
100644 blob ef94e124a786c5f9fdd8fcd9876925bf58a51be7	docs/source_archive_20260908/objects/22f316aef9e55af70989a1161dd09e64be09ae61b44490551f2a145aff0bd912.py
100644 blob f5227e07efc5d09d47f40dcd0018f383148cdf45	docs/source_archive_20260908/objects/230d8e716bdfc9e2439ce83e8f38f6cbd301db7ed651335efa9b3caed8e134e9.py
100644 blob 1d90fcc9bfa68e2c762181bd46c1e2a885ae2b1c	docs/source_archive_20260908/objects/23ac99bf648c2d0cee8d954c9da03e62764dfb8269e7b2c8acb9f4f908dbb7d5.py
100644 blob 05d804bf36fa02ea71acb60ae643d6095554dd84	docs/source_archive_20260908/objects/23b20d2f6ace97d338b8fdc93b7e57838e1ead8d2fcaecfd82728a6f7c102ba5.py
100644 blob b9f27a8abddbc4a522efd5006cd0bf038bffdb95	docs/source_archive_20260908/objects/23bbf7878b1c1cfb2aa0baae41f249933d04843b4e87718bebb36da0adac6c8e.pyi
100644 blob cdfe7c0e952559de041985c205528ee641d7f699	docs/source_archive_20260908/objects/23cee70d5ab0d3b877dac33edbbec1480d61a1c9b0793adc2f47611082af5756.py
100644 blob fdc8acbbf287de704c9ece55f496347aa53637af	docs/source_archive_20260908/objects/24723d10227c444c83e0d269020e771f74c564cecf0d29dac1a4172768e89a01.py
100644 blob 5a95eaeefbe5ddb949cd81527fd585a367362927	docs/source_archive_20260908/objects/2476da1018b2136b090090274d4f2eb2eb3416204705d4a3fc9c8047edcbd694.ps1
100644 blob d4347c4280bdda625fc0c8a7bb323487589e88c6	docs/source_archive_20260908/objects/249ffe958adb7e6d9de90664b7bfedbd88c38a01b14832f6afe77eee28e921c8.py
100644 blob 017d9aa805f4ed4ceafb18c50771673da9dd7baa	docs/source_archive_20260908/objects/24b05e9a95cdd8c0454b85e74732083925bb819385b732cbe71d1177eed674c0.py
100644 blob 1be25b4ac84fb0e5abdbe3291f00d91a2d7c76e0	docs/source_archive_20260908/objects/24e848c10a5f8e84773d1da7617050b14b03f728ca901102154ee7e1f5cb5adb.py
100644 blob 837671fcf8b26d6e2d5ef8d93c4120e525cf7c96	docs/source_archive_20260908/objects/2561ff3645e652f1027623f72884043d6a80fb625a89b86926c1149722f5bcd1.py
100644 blob 4463e660accddd9e8bb7a59fdac86eb0c7625ecf	docs/source_archive_20260908/objects/259f05ebe8ba1fe67256f173bba3ef59d40bff66af820b156dd3743cd188f758.py
100644 blob aaf3d704344e27e78b526614437a9b829513a213	docs/source_archive_20260908/objects/25a49c37fd595800f9c434db67c39861a3db1c6ff7442656cfc9d868b6366f9d.py
100644 blob 7359276cdca70244f956b93b9ca67d36e01c8ff2	docs/source_archive_20260908/objects/25b99d050ca3d46c151da0399d309feeed0265277d8f5ef590085d70a49503c7.py
100644 blob 61c581ed6215fcbafda01cdb513d78fc29269cfd	docs/source_archive_20260908/objects/263a0f113bbe1bd62a3f401eb79584c6a353fdfd3999afb9eeadfd5a0cc9b18e.py
100644 blob 330df76b57a74afb386724f2efb8937de7406ff7	docs/source_archive_20260908/objects/26d1de66f11926ae250504edb9fc399c2bae9182b070138f3726d1f07fefe4c9.py
100644 blob 60cf0c3e01fa52917ae82f3c34d5be813ab5f24b	docs/source_archive_20260908/objects/27449c86fad283c31075f9f6616dd840a5623daa16e897b83abec648c385a42d.py
100644 blob 21d230515d8995ad85f0cca8ad9845d14e45f9a2	docs/source_archive_20260908/objects/275295c59722af4d71b0bf3d535b99a64524c15644a2e86414d71ebc8af1fa98.py
100644 blob 73e8ecd0f98bf6c3c2a384fdedc1b8530f4a55c8	docs/source_archive_20260908/objects/276eb1068e69c6c63a14acbdf20e4f5bda96e7fac89232a813faa7b6ca231660.py
100644 blob 6ad82d2a571683da5b660311ee786635802c220c	docs/source_archive_20260908/objects/27792b8cfdc8a224cd1a0b80c512575b80eb14a01b3ce5df99269312ec0c1d52.py
100644 blob 0cc203593886b457729f4674c8f488937806972f	docs/source_archive_20260908/objects/27a3c8ed6b734ccec3a940c9fda766f9b8800131d234876e2ac4e3a6bebb4679.py
100644 blob d6ee145509609b8f037155c908bf154b3268fe99	docs/source_archive_20260908/objects/27ccff5e0502d72feb8c4c130b2125c85825abfcb74647773cbcebfedc2223ea.py
100644 blob 5f553ed8b44415ec88ffdfe2154d3addb1585207	docs/source_archive_20260908/objects/281254bc4977e41e4aa0da5ec1966739094412e09475431c50486f82c1440f3a.py
100644 blob ef471a109bdf12d5f5cbb3af58ceff6ad3d9368a	docs/source_archive_20260908/objects/284160abcf85e8f2f976d503221bd9e9ee5457ce7786584d1453390913f1be26.py
100644 blob 2c37f25ebb23c06494cb367687e2155c12093a90	docs/source_archive_20260908/objects/288da07508e93508dcc638e4ab786ef1b426020f881ef419addbe906eb4fe070.py
100644 blob 4ecc311582c76e36326695c1afc7a15d6697e374	docs/source_archive_20260908/objects/28fbc33552254e2dba9d02d6d8e90ae03635fb07e4f03ea186ac1d57c3268944.py
100644 blob c21351fff0b3e22e91701cebf87554ac7b443946	docs/source_archive_20260908/objects/2917d5ac069ef234540f0db26d6e58b89d63455d930bca509515650f03e7db30.py
100644 blob 123e6bcaa7979a37735f16361bc3af93c662e54a	docs/source_archive_20260908/objects/294014cc68c976baa19fad5ab1621dc60ba5223cd7f42bc072c9bd8b83efc490.py
100644 blob d1445f1a1529d74f9183db2a2747b3be70b0715e	docs/source_archive_20260908/objects/294735bbaaf5e31b8db63d1f60c1dcda8d74f0f70e070e1dd240513420b849c5.py
100644 blob a0071a5f47ab0a8605bcb28853e14d42adceba47	docs/source_archive_20260908/objects/29514c640e2a8281e9bb66eca13a8c5a1acf1a2cf78a98948e727e0e1e110b62.py
100644 blob fb07c88902b48ab8e009e5af1d458ef237defcdd	docs/source_archive_20260908/objects/295ba6e0504bc563ab24f5fc46afe344b9d09e5ce7c3aaac0aa278d8c0a163dc.py
100644 blob e73690a76c0c1b9fa5c4f4c9db66f8988f998f03	docs/source_archive_20260908/objects/29a4258a7a1e68cafc0762022b24a874677461b2d88d873f63ef29679dbbb0ff.py
100644 blob f14baadf1b253c86ba6ff8eab89f3d963105d0bd	docs/source_archive_20260908/objects/29a4e8c427eaa2dc1c7f6de0effd97bbd2c7fdc7780e7064413f1779da9f912c.py
100644 blob 08fc58ccbbe6605f1a6bbbf222ddf27baa66a03b	docs/source_archive_20260908/objects/29ce9709316025846fd2f78a5a91f48ebdea04a8a70a345614518befbbd44616.py
100644 blob cfb6a6f47342057f33959f6a66a74c74fde3f264	docs/source_archive_20260908/objects/29e2caaaf82426796f6f6b6ec4dcd5f037439a72be7bf6ecc4d3b42a0d8eacf4.py
100644 blob fa2decd41a19c7ec63ea41a3f9909e8080225cdb	docs/source_archive_20260908/objects/29ed7f8b58dd4e2a272ab92ebd00ab906301f6dcc6c49389cb3451abea5ee72e.py
100644 blob 73aa19d39dd6ad193420116e74cba7700e992d13	docs/source_archive_20260908/objects/2a2a2e9eb4203e2f37c49a9eef6a6493f6e780e00c8c9c1fd8acb60a05efecf9.py
100644 blob 95ba8bfc77a3935b3ae3047730bbc06c631ab94b	docs/source_archive_20260908/objects/2a413a0039650231f373ded5a26bc5c8e3ab358598466a848834b8d05f2508db.py
100644 blob 051a2f93a7f0e15934c2e9f4bc39ad3bba29930b	docs/source_archive_20260908/objects/2a598c3d8417ce7c829e5781ca45e30c6e1a452e98f9127e64c89fb33bd54c40.py
100644 blob 34d90d928981eae7d75c713a08d73636685d596d	docs/source_archive_20260908/objects/2a5e00504a6a8144a05e09c1f4d4734c39c02d4252d0871c84456d282fb6fc2f.py
100644 blob f7b2153ebf30112ba674ea95c90f8ceac8d970a3	docs/source_archive_20260908/objects/2a5ed7f25b8029bd8d255aa2fc7e2cf6047d7a850f4950bb2db1418f0d3bd357.py
100644 blob 1cfc8652580f8401f2fc905b40477688f61582fa	docs/source_archive_20260908/objects/2a8ed9c979a364addfef6a99ea086109ffbb07bf58f122f7cb69cf504463f518.py
100644 blob f0ba5efd1160a833c35bc44d7938ffaddbc47393	docs/source_archive_20260908/objects/2b7004269a56c4bcce405d1b2bd92635d8a7b77514831a9609a034ec4b601771.py
100644 blob f9dc002640470e3f4702d7daa915cdc9c577067a	docs/source_archive_20260908/objects/2ba490c8af23696e97b15c0d025346f90785ba5420f1cd8e273f62c6e692af45.py
100644 blob 56cfa57abf5a2be2810356d7dc450559bf142d01	docs/source_archive_20260908/objects/2c027a30c6d4e3d6c14432b07d4e700ff6c3a7879acdfa710a65ffd5d864897f.py
100644 blob 65954dd7363ee4f12e06fcadc0b2eb8ecad4bc62	docs/source_archive_20260908/objects/2c45810c813fdf144fb8c88391891f92889b17fa50707fd25b881705aea99f8f.py
100644 blob 2be7f00b4ad2a06cd4c0d0d04ea4883aa21a53ff	docs/source_archive_20260908/objects/2c5b01c8e51df91cda4dd0ab765da0fbc71e8c55ec4513116138990bc0a8166d.py
100644 blob ffd93f04df6396213593af41d312a3b4ca2c6a1b	docs/source_archive_20260908/objects/2c68f7ae0bbe506a101d5c37c6661cec36e76642a303978eb3d63ef2ae125624.py
100644 blob b239476bf9a2cf4a7d6e7bb6a794f80846731ece	docs/source_archive_20260908/objects/2c70846d98a062ef7de67b2db71fd38dce72e10e8b49c20fff9fdff102b25814.py
100644 blob 1cf7c56c80498e0a8dadfbf67aa635c8da706e0d	docs/source_archive_20260908/objects/2d3aeffbd733bf6e96c9f2e84e3a7046e6ee8a4b25c316338a2bb1ba57972809.py
100644 blob eb6a2120a1f1cfdd27d430f56b1a6c46cb2e4bcc	docs/source_archive_20260908/objects/2d512ee478d41466bf7cd5d94d9cca9d7f10613c39df31acbc3e78404b8f0330.py
100644 blob efd2aaa0979cf721b692a2f0b10450736c9c04bf	docs/source_archive_20260908/objects/2d97d289acec896492ddce11a64d69dd10b4d110a46e7a4893cb30bdacb5326b.py
100644 blob fdbf64f4598e2a58c1fbfbbb61e1a8150747ab10	docs/source_archive_20260908/objects/2dbe3c330715fca5254c24b90ecc9d58649a91345afaeeb064d0df8958c60bbd.py
100644 blob ca1ef12b3b656b2d4cf81242a803140a1fac83e0	docs/source_archive_20260908/objects/2e072cff96c4daf06b0182a9bfd7c16f4931242b26e0028ce8f65c24de96b75a.py
100644 blob 2f5d4b2f165388dba3705f193377b810d386cef0	docs/source_archive_20260908/objects/2e0b1097e3c1beb5441cf368579e3910de0c03aa8eb3b0d77256f14db06bceae.py
100644 blob 987d70eec127bfc19456dc7acc4f7f2471424b02	docs/source_archive_20260908/objects/2e0b207a13fc90be3d8234317841bea34f680dd22d2158873a3cd9e0d4083a73.ps1
100644 blob 7fad7d39b13e0260c8084649bb6e0d954e935420	docs/source_archive_20260908/objects/2e1b5daef7ab7fc5374f4684ddc2a5e1d66d5046c3e4c391777e71e6f16ae208.py
100644 blob c5b53d53baceca6d5d315fabf3d61daa5df02623	docs/source_archive_20260908/objects/2e2c42c842514994a5ee74922e92e8877a6c0fba7f2c4bad30de36818aa544e7.py
100644 blob 9e7913f3f26e5cce99db1d2b4c3c6030f6e62b2e	docs/source_archive_20260908/objects/2e594bed76b1a3ee1d658e7a32c19065f80edce787aca3f19c89729056c340b8.py
100644 blob c49d9901ca374fd47f3203fdca548dcddfe29a07	docs/source_archive_20260908/objects/2efdb7e40e2d7be9b373d90244f0276d3f894854b7c278fd87e39a87cfb4117b.pyi
100644 blob d5833fe7adf6bfcac2aa8b6690851dadb6c42213	docs/source_archive_20260908/objects/2f14502f7ab2dd46b9e8fae3980447fcfc9364ea47f04eb62d68a1fe0e3c8fec.bat
100644 blob 29e48ab926e7d8e77eb5d9255c67573241da07fa	docs/source_archive_20260908/objects/2f3ac61baa60fa16d5f8988b07911517e2cc9c20ed9920b4e1ab25d3299034ea.py
100644 blob 70d03d5ea9985a734d2b088710443ac5cbac7661	docs/source_archive_20260908/objects/2fa56e6e8142e23c34fb40fe2fc666be741f137e04a8e290590aa7935766e42f.ps1
100644 blob 8eb515490fcc45dbdd1d73f5003e6a3bd7a21876	docs/source_archive_20260908/objects/2fcc827cb54f55d819037685d75f47ce6592a14497af482481a49ec5778a5813.py
100644 blob 840e56e5031d6d7bbf00f2327ca9f892f6a6f821	docs/source_archive_20260908/objects/2fd0e2dbf16c1c8af48a4b2953983d7edd1d9d0c3e63cb69dfb57cefaea465f4.py
100644 blob 0bdd562e77bbac5e81b1b104c1158746324db4ab	docs/source_archive_20260908/objects/3066fc8bc4870fb85535263e8e5966cf02706877e61c4a5f14164ea0cf90ffda.py
100644 blob 1086306748b4d8b189473adb5e9671bbe78beee8	docs/source_archive_20260908/objects/310715ef2e3c48b1e28952c31135706c968d9687a1c740109aade7d8e672ec27.py
100644 blob 4fd3652436db1e3f4d5ed3bcc27dea1c1857e5f6	docs/source_archive_20260908/objects/3154ba28913df5f3e6bdb420bff6fdf15d81af5cad7465a24d05fece924be754.py
100644 blob 2718d627466e42140729535cede9934d17a96329	docs/source_archive_20260908/objects/317d0913f4beea82d0ba6ca40d95489d588a92a0960824853cf65198da62c527.py
100644 blob 22201b3d55edc1f895ea69b16cefe75160b4722c	docs/source_archive_20260908/objects/318956ed8249c344f4834c1a2052fc8eb0cf96a7f893b39cc6e335ccf02c138f.py
100644 blob 26e9dda5d41ae4ff0b49b7e222bc6773d1742f7f	docs/source_archive_20260908/objects/31fd061dffcdb396036a0a60bf145bd2a4ff54407454305cf590d8d5000e35d0.py
100644 blob 55c7e9bdaac53bf63a0365eaf3b69b1d265e3ba3	docs/source_archive_20260908/objects/320254555cf6f187f3a9a79e7c3fd3d02a678fb77672757230351de832d5ec97.py
100644 blob b36d42860b1f54557502a0d2afa5f38be3a11298	docs/source_archive_20260908/objects/326745d285522c3d145c7f8de70fd58501a954c1946860035bf43d223ee55e51.py
100644 blob 7c814a28d3c8ffd014a76561f5e6fe4ede0c287d	docs/source_archive_20260908/objects/3285e334514f87cb2a552443d027f88ce921d665285863758a78d4d826f51058.py
100644 blob 09c952a2f59e11bbcbb7341c3620db3a36791326	docs/source_archive_20260908/objects/33706d9f894830b2e5dcd7d6ea5783247e3cb5bebbbc9fca3fcb1635c0a2ceca.py
100644 blob 64010eb5ab47e2c20ab37bc47675a656bd5c5aee	docs/source_archive_20260908/objects/337c7780fabb5416e70d660687b82692f2ce63bca97bbc52d0bb2c577f1848f5.py
100644 blob a4e61ed66428b17deb78042f2ea2e70de758c095	docs/source_archive_20260908/objects/33bf4013933034a559b673fcb7f50ef12aafc1c88c650f1ee2ca0e0f42f7e467.py
100644 blob e358625a2082493eb3802ff45d5351bb90180855	docs/source_archive_20260908/objects/33f077582c49ec253db250ffd7aa8f40f1ab451479c839b6b5245b336abc4911.py
100644 blob 846dcf3acce7af585fa6858f475f39143411ea04	docs/source_archive_20260908/objects/340e22bf54dac9abf0a79c6939be247116240cc5eec9422408ead5f204abfe02.patch
100644 blob 6a0fb7e1dd5ff0f866ed5a0526e85c2c00da083b	docs/source_archive_20260908/objects/344550507912f7eb4d416a23aff9b0024d0f0f14906d8f4f5bf74fba68d1e777.py
100644 blob b32444d5c97ea9d8b6218ce5c213c435b8f43834	docs/source_archive_20260908/objects/3447a32fd95d61395a02b13671f6a1699515eee91bfde66706e558dfc9653404.py
100644 blob 3054d07468e7456111cf9205ddafc2d58ebd2d55	docs/source_archive_20260908/objects/34843eacd59270096aded466f2912374914f87114c9117f0ac39965801158092.py
100644 blob fa375c64b21d2852dfa7ded27bba6b3b137d46cd	docs/source_archive_20260908/objects/3487e74e8e74ab9032d6c5eddc25bc3cb7c103ece450e0fa7dcde4b0a98b65b2.py
100644 blob 187332ca14fe0a1b3efc77588f51ddc89a23f97f	docs/source_archive_20260908/objects/34a4f8f015867784fea0b13be55a5e3c353debe1e916d6837d4b1b95b1209102.py
100644 blob a3a8348f4cece1efcf49f75ea7fa4ec4df3d9114	docs/source_archive_20260908/objects/34e5ca1f564dcbc58794264eb316222e73b16e5d428a4ef93a3ffa78e5dac0b6.py
100644 blob 9d2760a474c941f0cff746ab547b24fcb72d8a46	docs/source_archive_20260908/objects/35227da1ba44e3a30dfa79e385427ad13f17e783cb27696bb563a8286eb606ba.py
100644 blob 0c3de1c37fcf6bf685d692716de7730e478e2439	docs/source_archive_20260908/objects/35580095025c200b85a9c93975e8830641e896d8c56d671330b91f61ce2b666f.py
100644 blob f01643af2f252e2dfeffe73c0165e31b7128c849	docs/source_archive_20260908/objects/359a7ff2e7162ad909f611b4f73ab8f0f68fff6a9807fe89518468aac26cf99a.py
100644 blob ca2285153581687dd02baa5d5eee8696dc2d1d9b	docs/source_archive_20260908/objects/35a423291f92cdd2077f03aef0874db16ea7995d121e1262a424c2f3b60d68db.ps1
100644 blob 34aede9d216841e798cd468918e2d0506a6fc79f	docs/source_archive_20260908/objects/35d088829db61de514d36f71d7fcc665381b0b78c855bf6905d187ca3d1e9c50.py
100644 blob 5efca03bd1be7485efddf92e4dc36b7a5546a33b	docs/source_archive_20260908/objects/35f84c7411d88103bf6e86953c5deb92ca680166aab47ada6245fe2f434438d1.py
100644 blob bc1154eb9a3eaace1e763dc7759be3b0165bcabe	docs/source_archive_20260908/objects/35f8d717fa35ec3ccc76add461101daae791fc84555b92e3a842251c496879b8.py
100644 blob 366f1811611b04dc38951ec8e45692826b83a49f	docs/source_archive_20260908/objects/35f96dd8420022690241cc71a0be995af1ba767a16e17f3132f3a8bab6847536.py
100644 blob 36bdf480571c51e268641d940e466e5f12cc1e54	docs/source_archive_20260908/objects/3611dde721a50b0a4bd3972ac6936e2e2e673063d6ebe3b4f348d622b4b0a5ac.py
100644 blob 6f92413f0ba5a0956644337192fa7e7e9b183edb	docs/source_archive_20260908/objects/362c8cee27013a57ee9d17f1eeb41ec116bf7ac259a4178d6fabc3b76876f73b.py
100644 blob 372d37aa2bef36ec3c9a9bf05b6c5dadd4e2c08a	docs/source_archive_20260908/objects/363f700ee30b516aeaa7deefcb2f8f892cf724f63c346ca3d0ac2178927d2b92.py
100644 blob 477a064c7bec1c860c596e89fc3ad65a122145cb	docs/source_archive_20260908/objects/36845862a67815ae85ce9e33e3e6a99f920a59967e00451ab3d4067ead48d8b3.py
100644 blob 1ff347c1c945cc4ba1574d93a4ac61739e3621b5	docs/source_archive_20260908/objects/36d741d5249b0f44150dc359fa0903445dea5eecbeacc6b1e551996dc50333a8.py
100644 blob 85e1a86c19c4d648007d58f4bb2c7cd9a777b892	docs/source_archive_20260908/objects/36e3c50efdb8e0ded4cd110b42b3eda6fe60532a3e1408a3fc10e8d7a2a498d7.py
100644 blob 79a1895511dca4cdeb6cb775a3270b13268c6c2e	docs/source_archive_20260908/objects/373a99c544fe2e50e18933a9aec826cf07621818671b7f7c8c7934f562991478.py
100644 blob f806fa7484de35d8f5435b47973bcede3d8c9ad6	docs/source_archive_20260908/objects/379045417fafda40b7d7bad7bbb8f8842a02a4b29004922339a55f97ded31937.ps1
100644 blob 93b4b3be8df79d3eb8b8507da8831a5846c3b285	docs/source_archive_20260908/objects/37b499c6eed8f77edd59d332e00381f308b1c0e8950abe887ebef8c3e76a1abf.py
100644 blob 088b8ab2dbe70b640bf3e4eea5475fac4924cafa	docs/source_archive_20260908/objects/37d012ec6002af7bb48bb6589ffe534f66a504ad512e77556db729cbd73f9053.ps1
100644 blob 698411873c769ccf914152d0283418ca5cdeb006	docs/source_archive_20260908/objects/37f6bedfb1f076f4dbb5b1d51d9efaa39b1f85afdbcf9281967147fac827cde4.py
100644 blob 69997c53ecd2a3ab2080b98c46e89558624d1c84	docs/source_archive_20260908/objects/384eb8df9b12d9cb41c8520d29174f0e1c44b47ad60528c08cb1cc5bdf1d82a7.py
100644 blob d540d28674d0dfe2f69d0107ea9da5b9a95899e8	docs/source_archive_20260908/objects/38dcb567fcf0802d55f3318b39f4522b9b3b0fc0b0e6cde9f95f05dad8a02d8d.py
100644 blob d55abae8666a3149d19f95acbea18863e8e07c50	docs/source_archive_20260908/objects/38e5b11513922bce4b8685f1ab3dcbb2c735fcac8f077f5866702842b5757183.py
100644 blob 95ee89dc0c5226591553245d3ab7a2f8b536fd5e	docs/source_archive_20260908/objects/398e47cd2a8f91ac47cacb9a1048ddf2aa2aff14e41af0ee4a3bd1038daa0b7f.py
100644 blob 9ea3d9f8528c5c639dca958e6b7b7babb52701f5	docs/source_archive_20260908/objects/3a4e5bfee4e7d2007360fcb280f3195eb51e28f393446079e7d97e7b67254c01.py
100644 blob 07b8ceb5388cd82eaa1305bcbe52a6e7d9b7739b	docs/source_archive_20260908/objects/3a70dfc6c6532d2dd030ca2fb37f4f8c23d6e30ad13c8684590fbe6cf0227792.py
100644 blob e117d1e33aca8dcc01df1f98f64845c25f297f3d	docs/source_archive_20260908/objects/3acd8eb7964d5e6eee91f13ef90c6fd5e26455ad97e5cfe2e572255cdcb1d235.py
100644 blob 75be3285fc3d21f109591c48ac64dc60648e4c3e	docs/source_archive_20260908/objects/3ad12bf519785c021a0decf125500d7997fa941f43d08a9cd7b7e5b03f13f5fc.py
100644 blob 421b1df4889d50b7a9c2769db7abb3946ec34132	docs/source_archive_20260908/objects/3b02d12c8f50a28de082f43febbe4b40724dbb049239f5a5d2f4c00fc6c15eea.ps1
100644 blob 4bead2b14eaff2a9f3af57f81d13dd9eac76469a	docs/source_archive_20260908/objects/3b39c8036c15deacf720c2040f3740f8190b38e5ea0c395c4711fab1f905d476.py
100644 blob 76eff0df700d51339480da9a59574a12604e29c5	docs/source_archive_20260908/objects/3b4ea930f1d9caa4dbd6e82c662675dd69a13b04477c40caa3d83d1934bc48b1.py
100644 blob b86c80882863fff92255f2475fee9391c53edf09	docs/source_archive_20260908/objects/3b66f38e6c5808e183e5d06e0fc3970fac9cd9f93d0c1eb4280ae697b0fcef8c.py
100644 blob f0a16e3329b0ad5c54c04c2593f78bac9778fc90	docs/source_archive_20260908/objects/3b7a49369cdba7ff5c0f883359b37fe648636f01cb17ed1d7229d5f187183386.py
100644 blob 6c5ab0612864f3e31c044de10466347ec49b41fd	docs/source_archive_20260908/objects/3bd241381f90ec3e1f96025de21412f1911a923144def4c2aa1db6b025ad125c.py
100644 blob ac0b8716576135142c3d991e986947e37c26689f	docs/source_archive_20260908/objects/3bec409db687e6e1722b4384fce0b288f4279293564a6c5cea89b53f8c68635a.py
100644 blob 44a2f0519ece0c5680482c787b18e33cca321c8c	docs/source_archive_20260908/objects/3c0cd255c8a3497d1f0adb07a173bf11132ee8e781e39401bcec467739ac4c99.py
100644 blob 2a09675e9ba4aaff3a0611236ec709a18ce828da	docs/source_archive_20260908/objects/3c7d49326cdeb8335d52da062d9d7f1b9fba99c7a6c561740bf887de13b028e3.py
100644 blob 741e64ca5c0ef84504d3e0fd35f268eff4d6aaf9	docs/source_archive_20260908/objects/3cd3d07d2ea7da8266f6f74cab396605a1f395d23046ead0e70dd121ec43d310.pyi
100644 blob c1ce8856483efa7215a066ef55282582c661fe1f	docs/source_archive_20260908/objects/3d33d1e6a543d0cf49d524a5661a276f18addaa648f73ad0084f2699d53fe1de.py
100644 blob b0b6311719e7b8ac6fe3fbee2e98d0255ad685ec	docs/source_archive_20260908/objects/3da723555aa7a87251215cb938ffda48861770a73a40f4f15d539d40b4777c19.py
100644 blob 9adee1ed75a0111fbcc5686b2cb6adf594ddee08	docs/source_archive_20260908/objects/3dd71a8c580f53fb44eb7cd12bdb183ab93113b38fed77ea6683fcfbd712f8d0.py
100644 blob 9251ac253f6d9f21b54e96fb5a0270cf280a6e9a	docs/source_archive_20260908/objects/3df37c0e4677fbe1e9664970e0a94622d270aa5f1078b971c107fa12c1e35f15.py
100644 blob 80ddcc354c90d206053e276808b549af8c8f1c1b	docs/source_archive_20260908/objects/3e38e8c3c7dbc2b269892d9ca427b2634c9962d2ebfbd8c31189259e753ca006.py
100644 blob f9a8e9f1560a4a3e5f69502b45e1f371a9656c22	docs/source_archive_20260908/objects/3e82dbffebf3f81a485ea7b18cfde32e67b751b3f74ad65c71e52d620f10d1e4.py
100644 blob 1af6b8ad126e1338fe41079bf2df4328acc619da	docs/source_archive_20260908/objects/3eed25d91882a26e598c1fa4056f37eae23a04e8ac458eb18b288f13244e5b6c.py
100644 blob 28dec26de7ee86cdef6ef220a0f47c75b5fc3241	docs/source_archive_20260908/objects/3ef84531ab541ea97f0a7f7bcf8d328e387118f0bf0815cf5c71c824d754107f.py
100644 blob 5a3fc333ebc8349f6e47ad9b1665dda77cfe0d7d	docs/source_archive_20260908/objects/3f1d3dbd8c3a46c1f3b42cea59780a26a9664d6666339b2ab1c30150d6e3074a.py
100644 blob 0101b2f97f190061be0bd205d8dd89083aa2c0ea	docs/source_archive_20260908/objects/3f1ea5cf04374e94a74153b676a391e321aaf81cdba3f46860155228a0c3f328.py
100644 blob dc058d13aaf2b61dcd7e81f2899e114bc1637f25	docs/source_archive_20260908/objects/3f3bfce15debf8e0709b3081c646f28f29e42f2c4327267327e46b686db0ec6f.py
100644 blob 74eb1d2a089b2e537c4c2f632a7b5c2d95dc18cf	docs/source_archive_20260908/objects/3f6aa4ab58caad84875532debcd49f8fcc4789f46ce5340123cfb3fd92a5d7b4.py
100644 blob 35d7499bf015693aa780bb3f01b340890e6685b8	docs/source_archive_20260908/objects/3fb31af44ba84d5c5d90ea8facdc3e4da1b464b204f84e8116f5c7f63e64d963.py
100644 blob eb385e40907d1d1090384c11ef3e8efae2ae0d3e	docs/source_archive_20260908/objects/3fe544e0f84db448b2e09108690ccdafcb6f25799424498bd0f35f9052a06856.py
100644 blob ba5a4bb3e83b150afe7eb44eaa8fa1da918a25fe	docs/source_archive_20260908/objects/3ff24718cda82adc081ca3dec09331ebca46b8de97871ed5b3723b5a9230f722.py
100644 blob 7a6529517587f36824f104528ec6c5ccc4c7787e	docs/source_archive_20260908/objects/40a01d42d92c7fdf868f141e2b31e346580f94fa0941e788c3d9feff5f8f7fb8.py
100644 blob 6b7ed4997b7dc8b344523e94516ce13e38a9a0eb	docs/source_archive_20260908/objects/41229fea9cd1b497537e727159d88a347c906c65cfae427a305e34a204d9c802.py
100644 blob 4ff8f45674c466dea8c5d55f2ff40bedefce4f0d	docs/source_archive_20260908/objects/413320c2a18d2ecd71e1ea8589f11009f2049e673dfc32bb651ef48c91cc4cbd.py
100644 blob db50063ed3e24cb560bbcdcc133cea9ac712a717	docs/source_archive_20260908/objects/4174014d7c9a75ce67b7151be72413ec1ab345a561f357723e1e6a31e1a8d920.py
100644 blob 6ac6567d3e16efbd48e0403e8e10f6ded807c21c	docs/source_archive_20260908/objects/41b2aa350f5e26748f906be57b4c05450a864602dd6ad6b39a870be29d1dfdfa.py
100644 blob 6a1717989cb8fab0f0ae1f2f5b0bce062c84d889	docs/source_archive_20260908/objects/41cb9a24be2a26bc402bfc37a29663a902e16bd2997956b582a10e45dbd1d7ac.py
100644 blob 78a512dedca9070a878dc89b40dfd2a372fe89f7	docs/source_archive_20260908/objects/4224348e4efef9110dd78295240cc76f606804fcbc314168acc310cc45d995e5.py
100644 blob 12d42240ed24c7ffcd9ae5cf83bb200fad13274a	docs/source_archive_20260908/objects/42b86d1d53321f86a9ef141e6caffded10b0f2dbf3bafac4933a7308bd50faa6.py
100644 blob c27fbd23daaf51eb873ac1cddc4ce5610ec8c25b	docs/source_archive_20260908/objects/42dcdcfb363e9c3c8e17277ed5b40ff3188cb1bd2013be6650066956354d8fa0.py
100644 blob 041fe8eb6cedb50cc9f76810940fd6e85d567e28	docs/source_archive_20260908/objects/42e0c0c6ec214cd5e740c48436a6da596540aac33e1418923cd6e5fab2c71172.py
100644 blob 4ee9295f787f2e4840ea4641b5e48708b382a727	docs/source_archive_20260908/objects/42e0e2032b9e24bcc2f62ed0b431568974ea551649ad1f3a1132d8eb7d17e08d.py
100644 blob ee129ca32831d0d30438e7f082e4ccc2afe6cfa2	docs/source_archive_20260908/objects/4323db954cfab5242c736c9194b9def81cf05b3740eecb75a1e936dfb0ec6cf9.py
100644 blob 085d3d7c9ebf8dc21cd8f57b0874e6128b6e76b0	docs/source_archive_20260908/objects/432dce008d52de96e490ce83b6d6e7f0ee6a5d51c5ef9bd44c97e70773b2b97b.py
100644 blob 18a23e9228125f5272f1394151e4ad170489451a	docs/source_archive_20260908/objects/435672fa0d92f93f8ec40915a8dc8afca9016660b982037f29faf17fa69d1205.py
100644 blob f8154b0e9e03a50b1b74aacb724dab19f5ce869f	docs/source_archive_20260908/objects/43a227b523e1852caa6b2617a691bcb0d00c244fc9dea1f7f8ff7fbbb08d459f.py
100644 blob eed21ad4a84e043d2532360dbe7c05662ee90c3d	docs/source_archive_20260908/objects/43afa9b837e82ff87dbbe632857ce99a9ea2bd05999eb26b1fdf0b9b5d6a9a00.py
100644 blob fabc38cbb32bf4a3735ae26f04551df10ad3b008	docs/source_archive_20260908/objects/43d99b9abc5843935001e8a558ba2e32997389755dcbd2855988279af7b40e3b.ps1
100644 blob 8cd7f5abec9e1a3e39644d15dab16516fd637fae	docs/source_archive_20260908/objects/43ebb44227501c619fac0782a49abca520ce965ab751dd07532b9d5d5d4a0550.py
100644 blob 1d0ceb497ae39cd2e6d7107eddc220e7d96b2ac1	docs/source_archive_20260908/objects/43eefb2f33b4bc25fa62691e7150485af012a472ca644fd8df104193e53d5c7e.py
100644 blob 66b2dd6c632f44816b713545d663e6e0216622c9	docs/source_archive_20260908/objects/44154066cde2296adeb9903265ad02a36dc71c57872844f99530c896fccacc81.bat
100644 blob 9a92fa781f179523bd1b631553ba2eeb04a4156c	docs/source_archive_20260908/objects/445ccc19ec02e210d43410c6a94cfd4fc7d66ec3c21f889bf0a1458fed056df0.py
100644 blob 040d20b150302262bbce05feea8d503c984115f9	docs/source_archive_20260908/objects/44c4517b5ca8a83255b62c13f5c6049fd3013cbb8ab6e8c76e915dbe9b7dc3da.py
100644 blob 7aab14eb9414eb358f2612629d0031e33a303366	docs/source_archive_20260908/objects/44c96b2ad031c68537a507d09529c30cbfc2a0e130e0106a53070b4a5588f865.py
100644 blob a0697e378dd3492626c59887991f4f35104a5163	docs/source_archive_20260908/objects/44dba49b029e861f5b52107fb2ef09eb921e767a7b6cee24aff5bf306670d979.py
100644 blob b5831f92de1d31b12111cb620e31bffe5159ca8a	docs/source_archive_20260908/objects/44f63b7751efcfaf71befe8641146b6da820d2d56f96f9df6605c9e112d88cbc.py
100644 blob b57eb7d2053964de8078423c08c6cc3f572a860a	docs/source_archive_20260908/objects/44fa4e45233b665b4f251e6466d5b005639935c39dbd511d9a1c6a9f86d350c9.py
100644 blob b0b98e45bf3557972bca407ed8f539c4a58340a6	docs/source_archive_20260908/objects/4500cb96c9642d967b164c76aea91c2bbb229f3b934d17f84f09d049e23befd4.py
100644 blob 785a0604b629092853a9c62d192b7a65a5041a9e	docs/source_archive_20260908/objects/4510c2032e993c25eec502b9fd31aaedf2bea168a9ef086cb03a09a8800927e5.py
100644 blob 5790ca157917b461767ca14771efd951ea89a4e5	docs/source_archive_20260908/objects/45182f8126961b426a5be1ceafe2098c16213db4dbb60ce04bb740356f574538.py
100644 blob 6a6e57da696a9cfa29f92a6610f3a702f07cf62f	docs/source_archive_20260908/objects/4523bed72cb063c27cfcb4f33cc341cdb4e7f4e93c6fdbccd00d102058d2e447.py
100644 blob 6721e326701c4653f3323ac94e4b6f8bfb79ed9c	docs/source_archive_20260908/objects/4560421877104a5c63f5529305795b9c291002d26c64e66d5541c088595cde34.py
100644 blob 92518509e7f08804582279ce2fc282461bccd150	docs/source_archive_20260908/objects/458c05d2b794c56e0c5c5707a3f6b9cbd66008f8966e817b2ab83cd6f6fad31b.py
100644 blob 3cd54b2af74ec9d202d94231e8b6dba2d40df28d	docs/source_archive_20260908/objects/45d5bf49834bdccf7b2742e760ed8c041795611ccd9651438fb2d5060c5c12a3.py
100644 blob 2b0f24cdfce46e77f47a8bcf1d4af5839b91a5b6	docs/source_archive_20260908/objects/4605f2c246af84621191bb650d43a2e31377330ce9441f8c053263be07eae6ac.py
100644 blob e2c04f2eed3e18a024340925a18e49153e4e4e60	docs/source_archive_20260908/objects/4658b31c30a9ac8da376bfb7f7666bde7a8a20ab884f4fac658c4fae67f18166.py
100644 blob c030e95a15bdccc85f9a8300d54acd3bba1dbd2f	docs/source_archive_20260908/objects/46aedfd99052644ad223edaedc5401b3735f3b0960cea691068276c75acaccde.py
100644 blob daaac94886dd842320b470495077223ac09aa646	docs/source_archive_20260908/objects/470106d4aa32cb117e135cefa784ff88ff9febc99751a83600511642faa50a39.py
100644 blob 802f7b91e878a729aaa947873d8374a70aa2f894	docs/source_archive_20260908/objects/471894d3214776ce4d23abb7ee3c3f46d1d8532eb1411f7efff2f2e97dbfa527.py
100644 blob eb936d9cd3339ce7e1a77a954c9278ebbbb0b7dc	docs/source_archive_20260908/objects/47260b95a2f3c58a3f5a1520c1bd7b66c9420eb39ba3a6881bf0a5f6af240fd5.py
100644 blob f67f8dc5dd601f2ffc163abd2012e9d48f075163	docs/source_archive_20260908/objects/475d8350b9b0dc71696b72f2df6616fbfb13f4d81ec40758c223a7637cc1c0cf.py
100644 blob a77d1eee84fee762177300b846f1050191a21750	docs/source_archive_20260908/objects/479ea6485eea2faeb67ac15c85e2f7c3479c7b14c1d623c7f4b14dcb07ac4f86.py
100644 blob 465eb9f6d600ca10e8ee0f39f84e158d9cd01bb9	docs/source_archive_20260908/objects/47a8e7c0d3835690659416694d10c75afafd8205364e2fa0b088703a57af02af.py
100644 blob e34193a0049f749ac0518f532c004f795161308d	docs/source_archive_20260908/objects/47adf3c57a79935a965e37851ce74298a24aa0e95dbe60901b651bf7673335b3.py
100644 blob 77e7eed356eabcb8e19276a953476c4d12a3ebad	docs/source_archive_20260908/objects/47b7a8f28918ed2b5e68821e64bd7a59d917b272d7dd2c5f31e6d528e686c5a2.py
100644 blob 9954d4e77365b1b688cf40da63ab6234ac3db202	docs/source_archive_20260908/objects/47d95193bf0dbea42bd7e75e1279f2da4b635a377ba20c57c0ca568ad8ecb27d.pyi
100644 blob f0d07afa16fe3512ee8fec6a2b34e7a36d391252	docs/source_archive_20260908/objects/47e8510fbfce2a615602ac41a88725798eea1ba6839ca206f11a1b13ad120b39.py
100644 blob fceb219ff0bfae093f4b693fb3f4f9cb4e9339cb	docs/source_archive_20260908/objects/4807e4537575b7e045945180ec3dacc0f5776257b5e5ce0b0a7819245fe0085a.py
100644 blob 1d407b1d1749d80666873d8b6149c2338a39087a	docs/source_archive_20260908/objects/481e9de0fd8445b6abb14fb5c9032cebe7568e1ecd4874953947e97c2627d712.py
100644 blob b5dce34f6d1a03091db192d2af1804433b37e991	docs/source_archive_20260908/objects/485795b578eb7692ca023aa078645502aaf7939aca99e1be67708edd5c7dd5cc.py
100644 blob 211d3a9c0405c973aa9efac24236e60441d59cdb	docs/source_archive_20260908/objects/4869109fdcbe27a238ddbde9ba92499e44725fa108a1a3e88a9552e90bcb32bd.py
100644 blob 575011adf66b6322b6c912f412632e97b66105e3	docs/source_archive_20260908/objects/4878e78d52b46956e90775b8f36c2685e38cdcd74cdea3a5ce7fdc3bd84a359c.py
100644 blob f4a23ace15b0a3993f7a0b8e8f2818cafa89ec1c	docs/source_archive_20260908/objects/488255907e0d586ab5e6a353a5e9cb98422a4d38d9a86339c27c78cf512e0804.py
100644 blob 6a23f1d628ec2568b0ee1964f79038082e7c5890	docs/source_archive_20260908/objects/48ac3ca8f94e6584d5953f1c036c63b90804c06eb647af053dcb0e3490a2180f.py
100644 blob 86ba51e567b39cc35df01b42ca027dfb8b3e6e35	docs/source_archive_20260908/objects/48c234a80aa4a36b79cdbf5fd6530c7d760b14a227f3cc9c2eb509fb4bf5f276.py
100644 blob 38d885c12b122fe09a6360d3281b3a777cc3ad26	docs/source_archive_20260908/objects/492824c5205411f8b413f5997c6a563fc799ddbcf0459894a2d188d91f315324.py
100644 blob 2d61316a06e7dd65ecd65c124058967d37279746	docs/source_archive_20260908/objects/49423c311c4c35f212aaa3cef3276c55343328152bd53a588986897fe4d6e46d.py
100644 blob 35e26a3381a1cd68eff12ff7ba4f3c9d681aa910	docs/source_archive_20260908/objects/49452133f0e0e71872d20d1ba83032268fa80e494c48a285a8a55f4b4e8e93c9.py
100644 blob aee494b43457cbb8b785b479301674e4992f40d0	docs/source_archive_20260908/objects/49a6e1e0676a1beb960eb699cecf8b9d3add84c8792b506d7d529cf964dd79f4.py
100644 blob 8cb93ab31ad08ea22cef0939f05ca7a7ff27e1df	docs/source_archive_20260908/objects/49aaad2e97989f9001f3f64bddfc576e36f3a1896cbb253ec6880ba151d5d492.py
100644 blob 6028c9eb37bc1ac00ce59a089b84ed070918364f	docs/source_archive_20260908/objects/4a7c847fde655415b1d6c2ae5c9af6ff48f895ab9a5d66dc81f2b7e9440d80f6.py
100644 blob 602bdec226500d43f9748a2f3d06ccb0dc2b6183	docs/source_archive_20260908/objects/4aa23d4c41593d2d47d769e79fd18a247784aee95d2e31a7d7af7c83d536c3f9.py
100644 blob c3d3961a534bf541e204359dfcd44a5341c923a9	docs/source_archive_20260908/objects/4af14451ffb658721b2a8c2bc1e37e0198e09ccad1463a9c7c1adb2db54614a7.py
100644 blob 6a322055fa5ffb227dd270121a6a205ce342ff48	docs/source_archive_20260908/objects/4af201ee6a7ee48f41bd994e7604086e24df0d326b8d2a6f0f489e9c0ea38bbe.py
100644 blob e79f3c439d439a0040ce40e081c6641b7cacdb7b	docs/source_archive_20260908/objects/4b08ad834d78336e99f485f4098904fc501c5d740e112ebfc37a6c3d63dfec1d.patch
100644 blob b887b113586b7700c0fdb701b4ebf60fab5217d7	docs/source_archive_20260908/objects/4b32bce1c748a7f55034cbbe597163d0139acd25974f71bc1128fd5ff3d407df.py
100644 blob 65ab6ee5406fc10f781407bbc451c087721a27e2	docs/source_archive_20260908/objects/4b62d143208781a36be691691678fa84a6d5ceac51db1fde446c97ad2feb157b.py
100644 blob 72a148b93788a1e2652c6409eb603fcff6363864	docs/source_archive_20260908/objects/4b8d265afd9d2439b7f12ce518124df7835d8e0b04747eddfee5c68d2f8a22f9.py
100644 blob 638a1fc05f995fb56ee8b10f71eb44c1a705f573	docs/source_archive_20260908/objects/4bacbcd93991f3f4daad3eec2e936ea73fb71b963817bacda9529d680a424219.py
100644 blob db40e14b0f42b08dc85fe6908bec5ec2dd899e32	docs/source_archive_20260908/objects/4bbb68b0dfbd1b2dbe50a2567ea3e07aa845aadfd6a4106eb813377e72893c3d.py
100644 blob 3c96184f6d9187f98b792cc7b14f768b17a9f6b9	docs/source_archive_20260908/objects/4c2fab80ebdd124748f590e88c57cc2ba6909bc6e9c7668ae1047d6525c0d412.py
100644 blob fe8c8deeba5b69962bdf557a2523424cead365ed	docs/source_archive_20260908/objects/4c3bc1ad7bc4ee351cf5573c0271d20d7cdb6d04233dbba336aeb649dbecbbd9.py
100644 blob e5a0501baa51671c13cdda057ab0e7b021155017	docs/source_archive_20260908/objects/4c5b2979bb67fac9f4686ce08c55de7e49d92376ff520288131afcd22f2b8bac.py
100644 blob b8689893d3f4b645240ff3c301daf509162c8622	docs/source_archive_20260908/objects/4c71ac3d14711ffa94e2ff1a1f387c3f1445d4665d53d8a977e8c8e576468430.py
100644 blob 8ac953efe095c8a2aa1494dfcca11fb149fbdded	docs/source_archive_20260908/objects/4ca2c6ac13b6cee0eb3f0e9f1d28e83ae1d32bf7aa7d10963e015100d379995f.py
100644 blob e677995a3c77c80d288081d04de8d0450825c768	docs/source_archive_20260908/objects/4cb1ac9aea94e3dff37d0ba7ab788d38ae5aae8e1221017c30c115e4e97b42af.py
100644 blob e1f049d89ca52e8296343be92bd8d1442059722d	docs/source_archive_20260908/objects/4cdf7172660f4eabc5b150afa3ab133cc744e8983c7b29fbb90bc19afb97e0cd.py
100644 blob 2b2c29d4f00c17f4e64700477906c818c26dad42	docs/source_archive_20260908/objects/4d3aa87bc43e59453ae7900dae364ac246d1a2f332f12af91a628ecb62584314.py
100644 blob 15386010d29e74c1e0b26b57f9b95cc154523ca9	docs/source_archive_20260908/objects/4d82b50d296dc533cbb553445c4ef2f7f054f63119fc5f81948a291571ea9be8.ps1
100644 blob 9b1161a6d6280d4295eedf26df17fe59ab141b77	docs/source_archive_20260908/objects/4e422873d605d984ee8d86140c4fc4a28a48f0c2fd1c170bd4c51edfb8105491.py
100644 blob 860fd3249b7462c01030c31e8e5ecf20a6d81637	docs/source_archive_20260908/objects/4e48e772ebdbeff4af79ddab08276088878cac3072ba31dbb7e1dcfe41131096.py
100644 blob 4b794757b969bfb96eaa12bea5a1f0e7cf84d9e0	docs/source_archive_20260908/objects/4e6a1ce5f61ff3486aa8ad9cf94309ed7c28732be75a46f225c17152e8b206b1.py
100644 blob d1db0668af50a7d2d6b0cb90e3e2cd3500c1b411	docs/source_archive_20260908/objects/4e712068cd2059de6ecf005e9e112820e8f6bc4f05a51256e04a444845403fd2.patch
100644 blob df772873b5039e4195688eb87e84a1e99c0e037a	docs/source_archive_20260908/objects/4e97e00cc7af583b7be007440c22d85dabf190e362226e000e0934e6c6fcf5db.py
100644 blob 371dc89cae84af6903e0e66109b62d018847336b	docs/source_archive_20260908/objects/4eb6a504e3f2517b58d39e38ee00b28d998a9f9876ddfc00a90bd88504e2bbc9.py
100644 blob d0724358a11b6ff6ecb625c5479759b58655b738	docs/source_archive_20260908/objects/4f65204bcb48f347c2762e4fc14e6d9def4d8fcb151f56fc676e00dc16cf9b47.py
100644 blob 85d1a4fbe1f9edb40f9cb790bd958dd2337b9d47	docs/source_archive_20260908/objects/4f8b7c2b31d463b0de0c3d9eb6e66c6f727ff4a6607408093dc5d6feb7149e4f.py
100644 blob 86171c5f3e7c881059ddbbcb06f5038c4e45a600	docs/source_archive_20260908/objects/4fe332a9688444672af9b76c4892ae1e15f35a31c12a1064c76acec3a8ce94df.py
100644 blob 0da84efcac1fa96f95159b780728c4d03e3cb6b0	docs/source_archive_20260908/objects/50074c10f7d58f6b82b74e77e4ff2275db0808dd138ac87a8f58751ea08563a4.py
100644 blob 7434f75706dfdd1412fe2e1595084b140e1ec27c	docs/source_archive_20260908/objects/5056865def6dbb547144f42254b27c715c537c7ee2b8c483a0e1216bb02f2038.py
100644 blob decfa917ae44058c96c3e0fc219d63e9b32c02b6	docs/source_archive_20260908/objects/50b5cdba6053ee152b2729ed5d4ebe53ed3da0a52cc665243d7a623ad0c7b155.py
100644 blob 9d960aeb296c0d69c83af39abae81a4d242dcf9b	docs/source_archive_20260908/objects/511ac4d9ed7fe8e948da2dcd705a9e95bf0886c930a5d006c263f2a75ae0d787.py
100644 blob 66dada2f60482d22436586a94afbb26657abb58a	docs/source_archive_20260908/objects/5187de60d7cd27f977218b7994ecc27454e6fabcd8aa39ba097c0c2a0d6f8d99.py
100644 blob fe5cc9500311d5654d5fdf13b6afecdb7b274040	docs/source_archive_20260908/objects/521351f9b7d3659d37e4de7c3e1ab825e6f5d9c4941c3f5fc99f27a9a81ca697.py
100644 blob beb80d455968bf0b88fd919066fef733d9be0539	docs/source_archive_20260908/objects/52192b3fbca393b58f06aabaf78add853fd61dfb65f4a24d7c226549f7c45e73.py
100644 blob aa902f588d04fae5b3d24ad2285705af92359f4f	docs/source_archive_20260908/objects/521d3a8e2fc43a754cb068ea1adfa150edc9d5b3bf48b4108e423c593826d051.py
100644 blob 5b989f678df36806b583f6be6c195c2889c4e0e1	docs/source_archive_20260908/objects/52461e55bb224af8a1b55644c3bec3a35a129c4cab93eb50d244a28f5e3ce609.py
100644 blob 40ccff4aa7cea03969c3f6f4a46c145b61276875	docs/source_archive_20260908/objects/52511a2adfdb426e1b42ce6a7938c1782729814cd90d3db713254c054515b4b2.py
100644 blob c6a31bbcf14f2bdba336f9034fdf6efeeb297726	docs/source_archive_20260908/objects/52a4a03bb10994eb39abe33aa530fe2c51811a6d2d2146b398cebdfa00f4311a.py
100644 blob 242c57932c6e5a34b60dc8279283de6a3e4b9b0b	docs/source_archive_20260908/objects/52b215ff05f107767982792a10a679be14b3d8488df555d2aea3981f0d093c7f.py
100644 blob 384cc294f7e04a4a08079c1a7ef27bc6e2ebb0a2	docs/source_archive_20260908/objects/539856d3cc31d25a7056e2338a12101bf18568a63ec2b7b66b67f2fec3e2ab84.py
100644 blob 79c46e00fa7b56b0194017a60e9fbb2473a0ee97	docs/source_archive_20260908/objects/53aa876f6854f1f24ca27df53d71cb29db764013aa308ef299946c947c25e073.py
100644 blob d4438365d7ae28cc2b5a2d2f867846d1fc04599e	docs/source_archive_20260908/objects/540db3a2879ae7d4f825221c7563045d6025799a39f4d6a0abf8a1ad9620bcb1.py
100644 blob 283a8401c04b364b1374dfb982f311161a2f858b	docs/source_archive_20260908/objects/5444195e773b763edf7c5a9ab7f2c9a1b8291af71c78779095f2d973ab611043.py
100644 blob afcc2e279037282bbab8a05230da372f50edebf6	docs/source_archive_20260908/objects/544bd2b061d3c57b54ee25712b6e1fa01592a0d17031e6aa4595100051c1249f.py
100644 blob be83a2e261e3cbea75a61825f6acc0f7f941f238	docs/source_archive_20260908/objects/54862f509785ad1d249aff1aaa09dfd4e1c601590f63dc604d1ac833180c7c71.py
100644 blob a20069b031c1ca9c280945372daa8051ff1c9a18	docs/source_archive_20260908/objects/5490119e3dc0bbd618379880a8fe7fb83df5aa0c8d7b3a998343a45d1371be1f.py
100644 blob 50a65154cf01183797a43b0daab4c4c0014e9476	docs/source_archive_20260908/objects/5490a8620a3412a4dc0082ab2d6666f6539fe745001bf809da37a0627d041786.ps1
100644 blob efd35bc727a57060615100a527ddcfb443b7366f	docs/source_archive_20260908/objects/5517dd796f9fc5a68190f93a15919f2577f6dc831dee536115c78a47014d2557.py
100644 blob 0b5afadb1316f572d759279314a53fbe51d6a639	docs/source_archive_20260908/objects/55bf27fd3a63026a9818f922a904e8a1385cdaefdf38998c5d66215550f40c87.py
100644 blob 684c642ab85ea8c3f932014cca01330ffeffdb56	docs/source_archive_20260908/objects/55e799db6a3a0395e58d619500fb7654a55c1607de414cce5e7e39f6e8ce89e0.py
100644 blob 30d26ba2b09561eb2b6530a4e3f5ff9c0d0a19d6	docs/source_archive_20260908/objects/55f80b35961500b9d16b343b8a0b0107cd7e828c8047e5d7b98592c0130e034d.py
100644 blob a7cc3018396724585eebdf0f9a689939aba47753	docs/source_archive_20260908/objects/563a6eeb614c69bff861fc878353918151598ef2bc29ac54789c765cb3591ceb.py
100644 blob 7afd546a9f873d490078b4e389a38ca542c2d066	docs/source_archive_20260908/objects/56728094fc66e651a1caaf2fe502c8e802f22b0a478fbed0b9de1b764d3bce21.py
100644 blob 18c810057a2859a2161fbe76a26c6c01d98f3ebb	docs/source_archive_20260908/objects/56da0ea2303a3d291c4a4ce57535bc54d68dd460c1e9b8618d0f36e5f26f382b.py
100644 blob 17af5e97870d4b77648e47fd459562dbe0257652	docs/source_archive_20260908/objects/56e82a0fb142da06c2e1e9f23d9bdeafe46813ca46724842cb73fd4c3cb12a63.py
100644 blob c901fdb2eafe1edc7a282fdf5ebe9e9bce1c751e	docs/source_archive_20260908/objects/57193c582fe86cfd866372dc3efccdd15bc6cb7ba6ca3e93dd7a245e79dabdba.py
100644 blob e8710d4714c72316d9bacd2b838a3ace284f2456	docs/source_archive_20260908/objects/57845174f7a73b5433f5f1d8e1c6f83206680311efa6c189d7adbbc3fe9aa3cb.py
100644 blob 568ff1a3da7e0be53185e91beb0c736f5ef56af7	docs/source_archive_20260908/objects/57987eef54219967f1436af8ace41a32f54713dfb4f6911036c53e9a47f7a82e.py
100644 blob b59f58cf810a8b20243a3952b12046258ea79060	docs/source_archive_20260908/objects/58631196b5e124251c497d42c167ea550233815dfade0d1d4962537a705ba27b.py
100644 blob cbae2ae92b41ef98906a98611df53bd1f9b4b786	docs/source_archive_20260908/objects/5873b13017f1a0fe535437f9da0367e7febd6628fc714a5bd81a35b97a186c01.py
100644 blob 242124d46d253dc359cda3b8db407b7a439a6704	docs/source_archive_20260908/objects/5886920873e8cc096f7132c64891b50ecfb6a87c6c2402aaf2a58a4e1eec4093.py
100644 blob 63a9c83bc3d3ce9ab30e6b3d37f81b5d5851300c	docs/source_archive_20260908/objects/5888e159d9b8ff717bd23b946cd99cd14b94f711b7020ff96055429416c9f8a9.py
100644 blob e0a4faac59f512ffb64a2272c15b86f9400fb670	docs/source_archive_20260908/objects/58aac1f805159acdad8a8fd75c636dbca1507b6626a30fa7cf51003eb48c1724.py
100644 blob edd170d4e62a129604ef7b43991b1927cbb7d467	docs/source_archive_20260908/objects/58be9ca9e400302596d1ec16abaade373c631bccd48b9c1855dde114cd6410cc.py
100644 blob 3004e526c6ee32741e172521f6566120051d5e9c	docs/source_archive_20260908/objects/58d93e921212a13196ffb12cb0e906dc2e4aa8186f255384bcf6c778575ebc97.py
100644 blob 70fae75626e05345894586a66133585dd5e14b0c	docs/source_archive_20260908/objects/592847183029af8ba2f67aecadf5532c3c9c0ed8b74342524aa83e6831bb6e42.py
100644 blob e618e4f78734236982dee098eb1650a8f0a4171f	docs/source_archive_20260908/objects/5a06f51d8570ffe3331ad0e679218df3570f8ad8daf1afcad5c27295ba226f8a.py
100644 blob 5c6f7033317a776c05c5c2286df6eb704d47a7ed	docs/source_archive_20260908/objects/5a0c07cbd14b4fafdaccfb2742b93bfdccdca175062d1e00e60a9f5a7fe52d29.py
100644 blob 2bcdd4e59092e451c72fde2afcb0f3c4f3940372	docs/source_archive_20260908/objects/5abd619b0a052f78d60edc01ad64a74e6a689d523375631a9c5c8f2ac17f06b5.py
100644 blob 8476787482e8e72a0ce39183dcc8cd26d9b96647	docs/source_archive_20260908/objects/5aee4db8c0d989986c443c13b9355637c2ae7f6bf482cf3fce86c79cfdd0bd94.py
100644 blob 75c339783c9ca014d613f9f84bd6f1fb61bc324d	docs/source_archive_20260908/objects/5af28e7334925abc65c431efb376ecb26575c313f5b50ecca772ce9e854e848e.py
100644 blob 9a9fde8b690f929ed9c8b3a24443bc4ec8bbc61c	docs/source_archive_20260908/objects/5b0e15ab5ed3c701316384717361c4a8a0abb664bb0178898b9c2cee2fe41018.py
100644 blob 47bac2e3b6ae6778560b8bf9178f5130ccc2d9af	docs/source_archive_20260908/objects/5b0e54db069f60c7a5c5550f9d62786d723dbc4c6a38f619b709f7da882dd128.py
100644 blob 36af103dfa6a19fc1b25a3e0f4f22dd46b56a419	docs/source_archive_20260908/objects/5b219aa4aa669965ae422e70894b3b53fcd6b2c76277d5b6e8f1e6645a63d913.py
100644 blob ec72ea7776f85354dcd59625847171d3ca20994d	docs/source_archive_20260908/objects/5b6bbf5125c66ad55233944e8d92966fa2ab0b3bc5e62cbdb5ff428acdab1392.pyi
100644 blob a23841114a696c7b7eb963ba5fcc69c0a2d80d41	docs/source_archive_20260908/objects/5b87e7bccd1438a7873901e1e73c6b5ef9e7b19d582159e16d51880b3f308170.py
100644 blob b06a922f9fd30167a9ad0200d2edae47f0d780e7	docs/source_archive_20260908/objects/5bd44a6d6396ca5cedfc8b4679655c6cc4b1bd1a84f50c166fbe4b4b134493da.py
100644 blob 398c6a65c1b802df999f8616c23a6300b3ae132a	docs/source_archive_20260908/objects/5c18e2014d3f5f5c446445c3b78df92f79a8beaa973582fe3fe10ab845b86829.py
100644 blob 9b74dc9d15c3aeb872bc433d8c0957dabf2b94cb	docs/source_archive_20260908/objects/5cbe5280fe23ff71f15638e156e7fe4cf8d80290ab381a6cc1a9ad6f008b2ced.py
100644 blob ac93060feee43b08949b44e68cc24865fd0187e5	docs/source_archive_20260908/objects/5cf890eb0c229aecad3e849b596da37344bc0fe2d352d10596a1679ffc432be6.py
100644 blob 9cdff7e4db723da32c5990a32e315b740f184943	docs/source_archive_20260908/objects/5d1986e453fb841933e12652083b29b1334b540d64aa32c058dc4fa5993b0d9c.py
100644 blob 1fa069416157ff050a09c3df8ac29b59c1b97746	docs/source_archive_20260908/objects/5d2b1158ebe44ef26d20b7bf5711b5e48dc5bed84328b35bcd41e72f47dedd54.py
100644 blob 3ca93589f5d0ac4ba9e24d03c4f86a96e054ab1c	docs/source_archive_20260908/objects/5d9f6b95872306550f2a432c2c93feb9f5b98e3a76f10a52bcdcf52ec4e9b0c7.py
100644 blob 91b33ad37fb64e421fa6bee49ca8fdc83ea5595b	docs/source_archive_20260908/objects/5dc54486d89b0c1f9ca3d2b9ad3a412961cebd975c8dd409af4eb8ab2aebc071.py
100644 blob bdab6b3b846c0f7056252800dd2a6ecff99c221d	docs/source_archive_20260908/objects/5e1d62869a4d8a4e0cd4af683b2b360a18d6278399f34a478fc86e58ef07e463.py
100644 blob 021a2a4f6b5f6d1fb80d24d6bf04297a7a0d4d57	docs/source_archive_20260908/objects/5e7fd823298a0e891ddfec2117d2184447090fb6c59e341cf34072693d982367.py
100644 blob 1d851a8cf9aa60e9adc2fe47bf497043d5fa79f2	docs/source_archive_20260908/objects/5ed33886354f4a125126e046089952254dfc474d615b796ef847f6a387504ebe.py
100644 blob f936e3e62dc09c310a172534ec32e1261394f7a7	docs/source_archive_20260908/objects/5ee75a41d28c7d97914aed700072360e29d67fc1ee465115c5f518e3d9222eef.py
100644 blob 39dcbbe303b6ea85008eaa26cbf6ecfeb6bdfac3	docs/source_archive_20260908/objects/5efc4744ea934404803fe2b387719a01676f6db27c1f2f80755671160f10482d.py
100644 blob b971efc1d55fb20bf4c40de0b4624f11430bc80d	docs/source_archive_20260908/objects/5f02ea1c2f92c1408beca96da3237a7157fddc55cd0e480f133f7adcd6a30c30.py
100644 blob 1723e12ce42d4a48f23618091ba20abd2ed70f11	docs/source_archive_20260908/objects/5f05b93376391dc9875d97984de3eecb77c772e68acf5903c39a70978f42f44b.py
100644 blob 3be167f47290b177f7249d56d73a21ef9216da05	docs/source_archive_20260908/objects/5f316589e5bbbbebea18e4b4b67023f09d6593601b3d9d956176705b10889cd4.py
100644 blob ddf1c905735098a61a706dce2682cc23e60f7fe6	docs/source_archive_20260908/objects/5f3892611e73f41ac93b85daa320b9f0feeea50ad60d200ac5518a25c281fabc.py
100644 blob a7e80599b8789b9b60660885b4314468c805b535	docs/source_archive_20260908/objects/5ff03bd582b7d1f39e0ed0ef71b2d2bb9c40905d6f0cfee3bae7d250fefd00e6.py
100644 blob bdadd13fa66bf0717727eb4ee00f17803ed84eb0	docs/source_archive_20260908/objects/6055214592da0d27125e60965b6e487b0e1a5231fca8a7c31c6f3781defa1009.py
100644 blob acd0869ef6dbc6c8bba493428beba34e3bccb669	docs/source_archive_20260908/objects/6062e09bd8e87a174139139213d89bc1959d162de1737ab707070382efcf40e3.py
100644 blob f435d24333ea048a36d115e804781f163bdef19f	docs/source_archive_20260908/objects/607608c8dae851291904392692cdc4d373cdd9c0dc6a34685bf094069ab67aff.py
100644 blob f0eee072f03c485f149b9f3f7daaecf2a47c32e5	docs/source_archive_20260908/objects/60a04c4be754173c51aa294247eae2db6e6a30394d25edd4c7550b3c6caeb05c.py
100644 blob 9a71162905fc161a03d9ec5b5574880d7e82aaa0	docs/source_archive_20260908/objects/60e190d781428ba99960795ffaea973039bb38a9706097a92558ffcfc2e39da0.py
100644 blob 779ec96fee78fae447c3747e2597ba51717c01af	docs/source_archive_20260908/objects/610963569307a35ede3d5123e47f49a81b9dc01999ee555a716cdbf7b1fdcefa.py
100644 blob 8b15783163fc94c5f2732db8a5e0bc06a1789f8a	docs/source_archive_20260908/objects/614fb603cc168a268d6b8ea35ed9fb192cdf51a8b7eb610490b5da4baf45479a.py
100644 blob 921b06bffdce3cc49ead90b2e3fd6fc70c5ded40	docs/source_archive_20260908/objects/620e41328f1a6e5b689c09fdc66532aa55b6e50b3a43760f30fa4e150e735897.py
100644 blob 354f8d72c179749941a91d09eae67e2fec63584b	docs/source_archive_20260908/objects/62663c6660c979a7cbbf2a5c8d5abb339283a4b4df2c96ce14883318058c980d.py
100644 blob af8cfae8f76b4fb40620752eff3cbc0c2df221ab	docs/source_archive_20260908/objects/628fbe8deece8a3ee2796a7224b7fddf111fbe05d87a3af5d57a8c005190ff10.py
100644 blob b225e16be3fc6afd83fb9b64297b1d6321bfca58	docs/source_archive_20260908/objects/62ab62a8bc49a6f3de6cfeef28c0cd12463b9444fb176da3594f1a74013c04fd.py
100644 blob a695f18785c427cc8495f76ca2040ee29346ee70	docs/source_archive_20260908/objects/633af92385aa2c7966689431535b1db8439e0b6e5f6a79bf3436e9dc4c11c522.py
100644 blob e5be9e0970ac9000c823d6bf95e59de5508312d6	docs/source_archive_20260908/objects/63dbdf3f246cf203c230094e3a7bfa8394bb48222e09db474b734f3b29c3fba7.py
100644 blob 62aa19040fea81590005f60754b0949760f02854	docs/source_archive_20260908/objects/63dc3d7e314546853d119b445dc33281f2d9151f194c0cdf0d2d1d2e31aaec55.py
100644 blob 505eef06d63d22159a4c91e19b9adb3fb117ef30	docs/source_archive_20260908/objects/6475d058a5162e97ffedc02fcf669181799ba3dfb7c73428bb22247a9e8cf0dd.bat
100644 blob 6f09b795d8701bae154a38df1a3cf13a024b5745	docs/source_archive_20260908/objects/648658b04f3ae9a693599a7bd376f141f7310443355f943ace53780b97ec0ff0.py
100644 blob 97b5df9f6e9d5786faa179ef3d282e6d049a8579	docs/source_archive_20260908/objects/6534a4adfed67f4dbb8dd4fe29840cdf993a87b3a72081504f414b06c9d946ce.py
100644 blob 711f58038c9ea21f1791f3fcdeef91383bed43e5	docs/source_archive_20260908/objects/655379cfd403a86618cba814e7f65a545010890ad527ed7c61c40ef60a96c8a3.py
100644 blob 9111a4040a801500e7508ae1b593fee1438cbb26	docs/source_archive_20260908/objects/65a39b513238685d627a7bd90546def3366ddb09d261f7ae01a9a49f9828fc97.py
100644 blob efd04912d330b2a615178f9f1d217676988e1767	docs/source_archive_20260908/objects/65b7ade07f059e4db38aac1336d5b58c673fe1f682c7987ea07b547d2654cce2.py
100644 blob 692b6480142b44bdb8b747e495112cd752ba6388	docs/source_archive_20260908/objects/665546b4fbcc7d32c0f6d284bfaa69d37ba83dc76d47e2c4eeeadcb90a41a2b5.py
100644 blob 759ab2c5298122d2ef1241a71c9bd13c89f78d64	docs/source_archive_20260908/objects/665ea5244b5832229a8f2318f178469b7ded4ec3e0c47f1372987f111ac644d9.py
100644 blob 7efa0b4bdb09af4c1577a2669e944597f56570e0	docs/source_archive_20260908/objects/667fc6b0ac732cccb5f124d97f8a297ddc7f0f8b8c2109740ae0677504107501.py
100644 blob b47d690848d4315cdb69cf96dc232d772f4c9110	docs/source_archive_20260908/objects/668e60da01661c7be5e4a5aac416ede6b5fe7c59a18d8c84ea712b9333d971f5.py
100644 blob f9e5a64c4a25fc5290994cddd71bcfbe119f780e	docs/source_archive_20260908/objects/66a9afa3d7962e2fd093e66b69e8194e0d95fd4d39d9348105d8e99828a5e434.py
100644 blob 0452c6582c6240f8d08a55025ad70bd2ffe4963a	docs/source_archive_20260908/objects/66f538b13f1d70671881e143792389871b70f471fa0a087e4983d7f02abc16ee.py
100644 blob 3f9773256ba698c6ff5db8f909af3c0b9f893b47	docs/source_archive_20260908/objects/67454ae07fb6242d63db8ee19f2026868957859b29f718c2014cc1ac232bbff6.py
100644 blob 26df7df370dbca7a8843671ca14d9002c7a0a2a7	docs/source_archive_20260908/objects/676907e95307cd36113965c87641b2de435951e91f1098b80617d43d1e7594ad.py
100644 blob ae716e825fe2fb694610490d74a5897b3575777a	docs/source_archive_20260908/objects/679ef8813ea0e738d0fdcc3b38cd4df864aa9e81dfe6efc04de475f9332d69f9.py
100644 blob ca4fa17264b699f74192132547e5c0e27546c25b	docs/source_archive_20260908/objects/68299789e794b2ef83e795a2183fc5a32479b0e82e660eaf911122a493ac721b.py
100644 blob 70889c46df789dfc1ced7270c309d78062a0af8b	docs/source_archive_20260908/objects/68791e48dfeb8e975a2200606210f013426cb44ee9132f4f178cdcd9a123793c.py
100644 blob 25b27d04b4471018b438efa0005caccf326bf4cb	docs/source_archive_20260908/objects/688c937b3d471f9695047691876ad02353ac112f101bf960f1149619830ec1a7.py
100644 blob fafea4f7e27a3588d5cb31e0618bb20fb402eeee	docs/source_archive_20260908/objects/689c4a6d5992b893e16306c0333cb8fcc9bdcae57c572a0d4366f38fb5c7519f.py
100644 blob 7a6feec23b14b7ab9aebbb457b4407ee7463cefd	docs/source_archive_20260908/objects/69579564af89aa6d91027723dbe2494de26191bc2d64169364c8234625c4204f.py
100644 blob f8f927208643888d719be68c89df762a846dbd06	docs/source_archive_20260908/objects/69a3528728cacd0dcd48b3bb40a2d7355902e4fab27e3a3550e98894c584e0d1.py
100644 blob 6ca55baa65111d49a363289e2e2da801863892af	docs/source_archive_20260908/objects/69efa2100c690df1b62acf0a1cd45a5a2e5884c0f55870566521abdc9f931041.py
100644 blob 527af83a930a68fc3f57d32c02cf984372b54587	docs/source_archive_20260908/objects/6a4f93a98cc6e2baeb8aa28b03b5de7c95aae831c7e1d7f143fc1d9de1b0bc8e.py
100644 blob 7c7a3bacc05483582d5ee6228f7f290de6a72568	docs/source_archive_20260908/objects/6a6f3f61d5445aaae5934362eff2a8d30a74fd3da72288a890bf8d908687a1f9.py
100644 blob 89fca979c379e3c01b086b2d7a6f31e5302d7a95	docs/source_archive_20260908/objects/6a939f4f7e0df6959acdd655e64f167d49332485c7b115556f866cf701eb66b2.pyi
100644 blob 9df25a2bb2e257bc6dd1be7e8e1f4c6b38154986	docs/source_archive_20260908/objects/6a99a80d52043ad87e3488b9e4339751cc0adcaf8fa3c6c200589f7345c68e56.py
100644 blob 19c1274a274827d6859b94c7654daeeb9cce1c8f	docs/source_archive_20260908/objects/6ab03573a8244e86cc3a013e9623a62c5a64053d9985a314eca361f309ef77de.py
100644 blob 3d8ad5e0c8483310204fd89ce4769eaa1fe6ea69	docs/source_archive_20260908/objects/6af3ca6c72b77ced634ee37655b5d37be353f0b510f3dd22c3cf3adbea6d2d2d.py
100644 blob 203b62b365def82ec0dae716a811082d13675e03	docs/source_archive_20260908/objects/6b24aa18acd50846ef847171fcb13271ddc3bbb33ffd1102b84ca5c72aaa540b.py
100644 blob 1a95f422fb065b48ca2c73749393ce0066ee30fa	docs/source_archive_20260908/objects/6b24feeff621e57068304bc81f84261fbc788fb2f452492d194488feed858f0c.py
100644 blob 34b0fcc9b18db54cbe9bc53f42f25d759b98cd29	docs/source_archive_20260908/objects/6b4694fa2d0919b347cdf4c5a3b8738758a3b05af04c09d24c592ad5ae6bc67a.ps1
100644 blob 7da29bc2233a349d23bf7f589c445452eb6d0217	docs/source_archive_20260908/objects/6b5a0addf59c5661b0bc0c55a6ee95f1f87f2616ad888cab53bc1cbf37019844.py
100644 blob c703e0d6432e069f39a2d38f5601cf35c94ced2b	docs/source_archive_20260908/objects/6ba9a21ef880e6c49d7e1cfb64b7695a921f2282807b50bb1bb72d57ae9f11f9.py
100644 blob ca9e8cbbad0b63107e13d26ae8267a09aa6510e4	docs/source_archive_20260908/objects/6c57469ca6d309d5f014ffef5d3485d938402dfcd306229192a92819073c334a.py
100644 blob 0cc4fcf49a1060a31eb9ef9dfecde458ddcae11d	docs/source_archive_20260908/objects/6c67ba23b71a5bd3e8b10f70184552a21999e90476eebbb00f0ed9304c4a53c1.py
100644 blob aa24483818e9d5dc32a226ce9137c93074cef1b2	docs/source_archive_20260908/objects/6c6a0b10eee26668a5013754d050cca2357e8d8e81a0aba985e418c8924424eb.py
100644 blob f41b325bb983955191b49c6d761c7c9e1bdfc7f7	docs/source_archive_20260908/objects/6c7df63b1a8f2e6542f036aa63a656abb3b90c15844349ed5108b7cd5e249fba.py
100644 blob f90e15fe1f23860f8d1ffaf6977f94b1e58d9214	docs/source_archive_20260908/objects/6cf389863769f07aa989e8f5fdefc376c1b2be6f1544d8caece7eda3fe77ecf6.py
100644 blob a1cf52b2958c3287dea86f80611c4ecec3c1343e	docs/source_archive_20260908/objects/6cf5c97f45ba34e16c30f96083fcd90a1c7e8de3c8481bd27e6c57705d8c04a5.py
100644 blob 31c8b4d1395b02e7fc79066253408f4eddb0fb24	docs/source_archive_20260908/objects/6d11ae867571c1e9fc06ae0a14363c7db641001100a1604a75c0fc34cc7957ea.py
100644 blob 95e3b75d5a2820d53f54ff0dce786fff1c8a4aea	docs/source_archive_20260908/objects/6d61bd314538bb7348cb3a8abb88595f18c3df80ceee62ee8d86fc5c56240227.py
100644 blob f815476ce209bfff53ad73b11bed660db2d0a98c	docs/source_archive_20260908/objects/6e1182716d90b5995a76d16745e3e21ce7e4c70b91da0f54876315b927f738f8.py
100644 blob 65b30e4f85a2296eda71473849c6773a11b6cae3	docs/source_archive_20260908/objects/6e14d182a6d7dcdf8543ec712ffefbb41034bdd78920b449afcdf3de94d8fb6e.py
100644 blob aacc827edd9429fab8a2027f2385f5e8ec03c0b9	docs/source_archive_20260908/objects/6e252e3be0a5da0ecc83e73bedd8135d8d4a5eb87edd08b67de75004f6addf4d.py
100644 blob 57da974ae435eb080149bc85c1312fac90f63f68	docs/source_archive_20260908/objects/6e313a3240f6265c76ae75d3fcb7b923dd66034f354c2d134f0275737e3a3b6c.py
100644 blob 8fd17bfa6cef651538c84700b5608a6dd1239cf6	docs/source_archive_20260908/objects/6e3fe8ec1f45bec5f6ee7d145a056a0317fbd71b2b9ab7f82ae38187465f0a26.py
100644 blob 7f9ece1f9c511ffd70055128ff9bd259c0c21737	docs/source_archive_20260908/objects/6ebced92af4391d35c66d3b8fe17929491e7780306feb45982e021362678dbd2.py
100644 blob 60d08f827db522753b289f927962afff65fbd4a4	docs/source_archive_20260908/objects/6ef0134174426af3693bb0f53a1426c101155e056619dc48087e1843ed2567dc.py
100644 blob 7234d254baa5e5e90647c051b21dcbaf37c47335	docs/source_archive_20260908/objects/6efad3ae93ae7533fc4094548bdde8062a87c153eb0f5e5b7f978ee10e6165c0.py
100644 blob 3b9759d743b06859561475bee431cad010df0e70	docs/source_archive_20260908/objects/6f2587ae33672abd0a5c2beca786165d27d498d45d36486b6eb268e9a1dff1ca.ps1
100644 blob 864b4669011afff75809f53ae658bf8a1b5f70ec	docs/source_archive_20260908/objects/6f281a2569aa2797eb9012ed11ee01af54b467c71f3498adaf30b7d3684c5d4c.py
100644 blob 06932fcae84bbddbd0afbe20b73833b0f7d271db	docs/source_archive_20260908/objects/6f6dec8c172bc4979756b9e267df1a451ef76ee6bde2555e6a706da09d304c11.py
100644 blob ba1c10b7022af9a443a0872f5a72351dd66da764	docs/source_archive_20260908/objects/6fbef5f546a01c6cb9a0e7e4016b235107b0bdf9b7cb72cf60c51277a13b4e82.py
100644 blob 1aa6b4ec289e13628a27bd2fccef1b0d98de7d61	docs/source_archive_20260908/objects/7041bded8162a6cbd395042ded63bf3ec5aa50d462eaffe26371e3f89a7e8c21.py
100644 blob 0a0d235824b8631e44ab9b92f9ae33c18fb61ed7	docs/source_archive_20260908/objects/70c9389bbb16f289c7b1b688a5b580ea5f748c9520198404ee1d88e7e0719836.ps1
100644 blob 89ddbeb1479a7a7111eb139041a72124b0cd1cad	docs/source_archive_20260908/objects/716fc0484fdf87cdbc0e6360982e713b2bfeb673d76dd43e46b1d3716b0feab5.py
100644 blob 5264506b7686f65920bc54e971dbc050b735246f	docs/source_archive_20260908/objects/71b5e882c9aa6c3c0410183b5801424e04986ac9b48a9a92ed92fac3d4f388a6.py
100644 blob 552c208983014d5a10c52c4408f301536414295d	docs/source_archive_20260908/objects/71d1c50df8fac3457742a1cffdd08a2edc934a1f14c300e422057c69f0a2b111.py
100644 blob 0204ef91817b3cd26850fffd67e06e62bd81e70b	docs/source_archive_20260908/objects/71d3a3c6310252888ed7c27f702236a8e3df9c08f0f37400b157841c43047972.py
100644 blob 09b3cfddb7c72992541140d50ad5bb0089c739c5	docs/source_archive_20260908/objects/720b8a221d6de3b045a693cf82566f8f905e1507279fe95c1eebd6046b3bbd85.py
100644 blob a5f2eb9fba32605aba7c2040de77c2c09c902d90	docs/source_archive_20260908/objects/72287a11e1d543a8fa73bc60042a5d90a630441b1852e94fb644bcd6e6aeb29e.py
100644 blob b61d318a48c837ffac312e25b2115f8607763a58	docs/source_archive_20260908/objects/722ec0f2d76ff13a0ab9730cce0b27185f32dc4c759321927ba76c6e644378a8.py
100644 blob aea3929d7b7ad8e35cc87bb024fd6934b4e144c8	docs/source_archive_20260908/objects/729c48f6f35f4ced1a3e913634fc2947068a641121797019c079db07bf5d1fb5.py
100644 blob 32a218facc4184a352616e1e5effd88a8d783457	docs/source_archive_20260908/objects/72a9ea1e255945b23f44f28def3a82869e240b45fe819ce60f214cff8d73edcb.py
100644 blob 7f5f41087cfe98fab66ab9a6ea087cfffec2d9e3	docs/source_archive_20260908/objects/72cbf9ef15a4b002b262456133088eb93ec6d52e7c6cd06b7343a1e3c9c33304.py
100644 blob 8f81c7aa98cd5080aec50e16e1754b77b2fa4434	docs/source_archive_20260908/objects/72e09ae07dc7f71007588e7ef7a037fd877e5db03757d10b4f11501dd858f3de.py
100644 blob 154af5245654ad415851cb97b8c48ab9673734e5	docs/source_archive_20260908/objects/72ee5bf382ba251f25b8d6668fbacd999e09cbdd75729be73e4ba4a65b09380d.py
100644 blob c97e49f531931a20bf4c185e169f761954dc6464	docs/source_archive_20260908/objects/730a18effa09ab5648c7841356dcc670fe51d3fd1ade54ed042057edfe01bd2e.py
100644 blob 28857949344d5fa706a6a95b6556fe614c2c76a9	docs/source_archive_20260908/objects/731c11ac5ce0dad20f89742211a291a1282ac861ef78481803d56a200f166a57.ps1
100644 blob ebe8570e5b8bf78ce9cd9766b5c5d22e060862a5	docs/source_archive_20260908/objects/734309e1df782ab9cc2121a806310a35c0a7a615054b643b25397df614ca9fa5.py
100644 blob 650f84bbc21838e352a636821150bc26727ad53f	docs/source_archive_20260908/objects/737e6c4813360871bd32322fbd718e6de323936b709a78c5987159499f85f124.py
100644 blob 685f00fe4570101e13e2ec8192d507aaf31c386e	docs/source_archive_20260908/objects/737f2e748663d8423aacdfad14386907404e4373a6720f0d4d3d2efbd25b117e.py
100644 blob 72d3b318017c81a80d0dbb965237c4ab5735c914	docs/source_archive_20260908/objects/73ac50b1aee3b2103863827209dcca402b103eba418d3967479c408140eaf259.py
100644 blob 79ba2c220cca6b1be7f192a4baaeca8ca9865df4	docs/source_archive_20260908/objects/73d1c1461bf0ee83e82caadaed2f7f63261db1285e49a68e8e42bc53597cb877.py
100644 blob 1308229f74a38504c7c3ccd97d3771c1abff5835	docs/source_archive_20260908/objects/7425c64b0bc17a5c1a182be6a5302d3df7ab3bb6f2773ae4d0e8ed0fc4331d45.py
100644 blob 271377be9491523b702446c9dde52c52834f4fc8	docs/source_archive_20260908/objects/74cb6298357527dc30afcd49a504031127fe6aed49f3767d381946ea848ebabf.py
100644 blob 601b71782ab10d38c09a8bbaab4b58621af23638	docs/source_archive_20260908/objects/7537ed1c57cabed9c525cdd3fb35906f7f112c77c718dc0af260d7cb7374a161.py
100644 blob 3d7cb8ff631b144013b6e50c2b4847513520bd05	docs/source_archive_20260908/objects/7546d5f5e25910394d115a84c3f9678fd9f9529ad9f254529858d5756d21b5c9.py
100644 blob 7959c7e76c26166735008a3282c6b6c52e2b24d1	docs/source_archive_20260908/objects/754fc22ac014ad21f86bf1d02b04b9e6f8fcab3d9ba68853cffd453bd8c832d8.py
100644 blob 907edfe727601c245df19c7c49587af3e7f60f63	docs/source_archive_20260908/objects/75af12d247cc0ccb775c6c215130ecdcbbcd6b6518546be35bebb7036ed88583.py
100644 blob 5560cd997275d1d94259832cb15274ee6548e95f	docs/source_archive_20260908/objects/76001ea2a198f4d7caca80a6a7263006017c331289e8e1fe173bad037cbd1963.bat
100644 blob f40fe4375057d6884ec137e229d5bdbd86bb2e4f	docs/source_archive_20260908/objects/763a08bf1a2fe9a7c4d1d9de6de33c6a937c38ce5cc5ab047f3ce1547b16b9c3.py
100644 blob 3659329f5e664597c9df7f240af5d88d23cde0b5	docs/source_archive_20260908/objects/764fe22fe4c1e89875f96d33a919cea3d7a2247b2ce88e868508b0a757f70125.py
100644 blob 22c78d866d33f18ef59e1438fba08c1d4c75a38d	docs/source_archive_20260908/objects/7650d6bd895dba62d3e64544badbdabdda4e579e2ff5a95ddf859a161c6f9e60.py
100644 blob f051d16219142c764a61b4b55ae823c775e2fa79	docs/source_archive_20260908/objects/768f8fb827301991ff4bcf67dc1e8f2ac636fe25ca6e8f1a7b8fe1ea59819af1.py
100644 blob 2376573061e022517257f370c500a70cbead17df	docs/source_archive_20260908/objects/76a7271e1e2cee9fc6bc3d13048418cb85b2d3d8750c0091120e89250d8ce776.py
100644 blob 0bea1850abc84998a5c8697a3f0920321b278b67	docs/source_archive_20260908/objects/76d733b65cf4f2e8dbf4ab970c27c96fe094957273d083653e4432e8a402af32.py
100644 blob 12e56eed58ec8927ce05918c4cc3a34e9a41a25c	docs/source_archive_20260908/objects/76d9dc012a5961bd3f6cfcf3fb14db3a962b66cfb285e2f0f50528e2b6a4ccdf.py
100644 blob edb0db95035d412364145aeed62ab6c0d98d1925	docs/source_archive_20260908/objects/771ea72a5096cb5768081d60ef9288541eb80f18eb6d992db545b5548980b6bf.py
100644 blob dfc54ee7ea31c80703ba974262a5e11e89548bf0	docs/source_archive_20260908/objects/772753fe48910c4a6979883bf7a1de2d4ddb2d1af84a43db82aedaee06cc9f68.py
100644 blob 0e3e953eea0636bc4692b11fbf792ffc79fcf9d9	docs/source_archive_20260908/objects/77a7c67a225ae665ff29de621f492fe19336f9717b97d0bd68097d8363b9c75c.py
100644 blob b04ee4da8673c7114802958f1a083006b6c96c78	docs/source_archive_20260908/objects/77a9e83011d425694b61b8dc9f47c922829804925c4710769f6d628895763b4e.py
100644 blob 85fcc83bc0f966cacf96d31408c709b97fdfa410	docs/source_archive_20260908/objects/77d6b4317314abebea3b392fcaf94b9e85aec4834d3ec95b855830af21bff05a.py
100644 blob 11bb2d1f835a9bb22631a9a5acd10c76496704d3	docs/source_archive_20260908/objects/77f24f0a413183604f79657fa7b1fd770d6a050f0480ae2d8825f1d6e43f82f2.py
100644 blob 3ee927a0233d977a6cd16f294992baaaa8f74baa	docs/source_archive_20260908/objects/77fde226f397a67f3f0e87b9fdf22da8122fcbfe3fd16441f311286ce1d36a9f.patch
100644 blob e789e2014d1f1ff3d4fd8c2aaf050dae63d29c9a	docs/source_archive_20260908/objects/78040ca6b03c229176867954450a8d22bb06cbc386c9bce8f291d42308b6c59c.py
100644 blob d577219aa4ddefaf2665950c166d93e77316332a	docs/source_archive_20260908/objects/784a88c4cbef2ad07737c4d1e953c7ac6b2892bdb0fa5b8078afef791382a62e.py
100644 blob aff66b3c7e0509e474156aa043a055271bc2d9cb	docs/source_archive_20260908/objects/78af808bdcdd9608ec18c2035c476e28d0ce42774c58cbd10c5e7bb09e5f15ce.py
100644 blob 5c49478d1436ab40bd8852a13920ce07444a3ce5	docs/source_archive_20260908/objects/78b9b25c4db7d873206b3536ef902c4fe90d04be861ec62876b53477f13a9496.py
100644 blob 630bb15e771c990c4818fab2bb34b020ddc8973e	docs/source_archive_20260908/objects/7934266c07cd33dd50a90b639e10cd5db96d234d34a33db36cbd577ade8e0e7a.py
100644 blob 8c270ffd15379589d33ce3bb052f70e3c4df55ed	docs/source_archive_20260908/objects/794517b403cb994a7872e219234209109a386a23da06c6ca26751766e510da39.py
100644 blob c384f013018d9bbf9746c0ec066bf69ba07be071	docs/source_archive_20260908/objects/795e3163ce0fb1361f2e60b20cf059f0a09074465adfcb7e5e7243ed76e0a816.py
100644 blob cc7f75706603a20a45b228ff36a1c9de604ccd87	docs/source_archive_20260908/objects/796410ceaf2d2238d37b28d827baf65935f515c74a3ddbb2ef4e1bb06b738d6c.py
100644 blob 58ed2364ff6b3133516f14279861f5c3ec5fa931	docs/source_archive_20260908/objects/797e551439591149a2b335bd241f3a6cd8889e8717f801761901afae5b80cf07.py
100644 blob 955ae16fdf5438a5a6f19df9c3610655790f17e1	docs/source_archive_20260908/objects/79b8e99ac6b5f6dd922812350b947d23b2a3eff01833e5e5675d953c35075ca6.py
100644 blob 2b4f13c2c7f8021e1e5736dde56c42fe9d519a9e	docs/source_archive_20260908/objects/79caf577e196f14267731843e2873de9866b48d99139adef2c5a8bb066cff80e.py
100644 blob ee44f6c52de816a657a55c70b6c89f72c4ffc309	docs/source_archive_20260908/objects/79fd14d204cb302a22628f0bc6b74d2a2d586d374a4670e05fb839bb3a78d873.py
100644 blob 1f19725cc0b7ac9466536f68acba6fb0ae9e2a63	docs/source_archive_20260908/objects/7a14336d7df6a6b785d2e67eee8b4d21ed9e70e051e9b6f16c9b602360746b20.py
100644 blob 40a4a025b7a90a85149654ab0af668f9aa79f8df	docs/source_archive_20260908/objects/7a4dd57e4adca41d56e0740d99c03ce5ef84c693fae3ce9e1fa9635294219bea.py
100644 blob dd95d2a1f5a770fdd87fcb8940d6ce6426caf8f1	docs/source_archive_20260908/objects/7a52839742fe595a72f8f07aa11253c0db4e24d042ad39a5517ac0a0593f1b31.py
100644 blob 369f0bb76cd2f8ae11d0297bf13f5023b45a9a86	docs/source_archive_20260908/objects/7afd7b9a300f1ebd3d9a815682cd6abb21ee51f6bccb59fb20d4271f1b23e85f.py
100644 blob ede88ce7e8825276046619872db507f2ab93fe6d	docs/source_archive_20260908/objects/7b70565d898fe6b53ed435c3b866b3f99bf8a8e48fada1c2278ce0b17a660f07.py
100644 blob adb111e7301aeb78a7606c8edfd50fa7bf75f075	docs/source_archive_20260908/objects/7c4d7b9107350282064432582dc7809951825bb453d5eded9ad4d7c2a3c4d610.py
100644 blob c518411cdc7f68da58647a32857c1ba5cdaf7df9	docs/source_archive_20260908/objects/7c4f1b6485579c94a87257c46db188206ab19a699539676ba851db3103a1bce8.py
100644 blob 342391c1f7fe9a2ca86969bf4a74b11776005586	docs/source_archive_20260908/objects/7c90677ceb7c6ed380b778a3422db44f3a1332d7062ecaa7d847ee106a2e7040.py
100644 blob 05e2498f85ef32303bdc950fc74cd21d67f0a251	docs/source_archive_20260908/objects/7cb36dee416aa8af7186d95f92241c2673acbd5549c54276981eda01f1e7528a.py
100644 blob 83a7e13917950b6311913ba3e086acc4336483d5	docs/source_archive_20260908/objects/7d2705e5cfbae8006c9bb636d4fe0af7a9ba7a8be3796231f0a0062f92affff8.py
100644 blob a916168456da32bdebf3c0959f6d26455fdb5b20	docs/source_archive_20260908/objects/7d33c13a2dd27924f887a6391988713a79eea9a213871a851e128d016ac3ef69.py
100644 blob 02b92b605cc6c60e3f060fa62b9471cae8a768b6	docs/source_archive_20260908/objects/7d4cedb73e8ec9add4559e08db6fb504c1f0c1c977913e96e4f6357abf2f4c24.py
100644 blob ddc94c00cccf511dcecd1db44c847f6bec0be75e	docs/source_archive_20260908/objects/7db791bf6932d0d66a1b82639e15709c7eee20ed90d91a137cf457a061272357.py
100644 blob 35b1f25bf8066f711b418c402636d3e0a33894a8	docs/source_archive_20260908/objects/7df2a818b18bc77308498418a60f5d04e54bf7b6347df0304822c730bd9f3190.py
100644 blob 64fb3cb08c5e3e6fe75d24c011913219c3b28b7b	docs/source_archive_20260908/objects/7dfb58733ef8d55c1e0f8fed1d3d5df9e9a8eb3f6e769e6b0f48ce696e85813a.py
100644 blob 57c20b595d497565dee4a1050b826be703f9d6ab	docs/source_archive_20260908/objects/7e01455cd7b5fbccf54c12ed43e40832850e772c1bad4774167620720a48be84.pyi
100644 blob 88e32100253b91e631ef965a496286a20f0ba136	docs/source_archive_20260908/objects/7e6549b20af8745106e9b3a726339425e36dcfd6f57ad2a1976a97e7d28d66cc.py
100644 blob 8a257ff437f0aaf92f992186bf56d919892689e4	docs/source_archive_20260908/objects/7e7457ffbaeab7717382c3492c728308830a8123bf6793e1051d2e9f4c1a8d96.py
100644 blob cc3631e6c3a2db71c52a125629cbee78e0600671	docs/source_archive_20260908/objects/7ee608440408970e49188efedea9a6b7fcaf4378b0555dae75dbc911036a9de9.py
100644 blob 745b12eb1a5c887d568911aa044414e37161570d	docs/source_archive_20260908/objects/7ef023a698c589ea2a85f80a5a91e3e5b6a18343eba2bd67dd901a701622d130.py
100644 blob 131f1ecdfa8e1359b53a11d0cb641fd400ca0ca2	docs/source_archive_20260908/objects/7ef72268775b71071880acb9e6cdf6cc048d0ae10b1f700b29005081fc165fd5.py
100644 blob be84805926a4fb5d3d5ca0c591060fc7a6746d9d	docs/source_archive_20260908/objects/7f7bf5c0bce4b1da55c76b662b0225fb7d8e9396279b7beda39ada59700dcb95.py
100644 blob c23e3ff8eea6fc0fafe1db31781e21207eb14ec0	docs/source_archive_20260908/objects/7f8c7e3de3c6d1ada77272fca3e557e4e29b8faa383076427bb9f899390bd6fc.py
100644 blob 42d870fffb943767059a3facc0f0c4fc347104d7	docs/source_archive_20260908/objects/7f91203ab1e6ce72b3dc357f3dd3fe2a42867fd739fed5efd25234e6377f7093.py
100644 blob b9f6fa44fc844a99f7526d243bab4e1c622a4c5c	docs/source_archive_20260908/objects/7f9230aeb36351823de96f5f77babfa2b43ef7d6a071cfc7df0563aaa5c762b8.py
100644 blob 6a662acb2b5417b004cb37629bea60fc90842da3	docs/source_archive_20260908/objects/7f9f25424650af709c37731ceb77ff32cb08137076d08233dcc460879ff7137b.py
100644 blob 8600e870b90765080160fb31099466a7684cd05c	docs/source_archive_20260908/objects/7f9f36cc6a945ebb1974b301a4d83d7d5b8d77caaee73c5510154f54bb73e6ba.ps1
100644 blob 434c3580a1a1d7ab89f05da1f5b6921353b455c9	docs/source_archive_20260908/objects/7fd116557605e67e1c1300f76fa1d1af7197f61ea6d7b700eec91f09dee311ed.py
100644 blob 984a71a0c4681b5abfce31687b62200ca17f2a40	docs/source_archive_20260908/objects/80d3eb5e6501b7beb2f5c8ff20efb60d18c1a7da37efe58c1943183638e07aa9.py
100644 blob 83c96d12ef9720e66f9df0abf390a8961d5c5405	docs/source_archive_20260908/objects/80f0f46ec03067e9110f4e4a64a783e0d18672a7b807ac9e345cee175119dd98.py
100644 blob d1945e9aaa4c1b1c7dc03e5a50198baf022598ff	docs/source_archive_20260908/objects/810cefc7faa0600f383f295be46b52e6d1473aed2ff0f0312da2dfc87fd1a0f5.py
100644 blob ab9369b5839f0d62cb373ddf320415e651ca2608	docs/source_archive_20260908/objects/818bac122802e93547e609fc4c80de3c390cecb189f09ecee5c9fb68ac5d2902.py
100644 blob 2ea7da1420439febf28edf14a35d851b5f68c0ce	docs/source_archive_20260908/objects/81a7ecfc00f757f6806e478c067deb80c60aabfd141d8566b5449fffbbc987d5.py
100644 blob a08c80aba02785d0d2fe4c4fff7905f47979514e	docs/source_archive_20260908/objects/81b77d4900a9b1e94240a94be40facb8d930ead17ed6a011e601f5e750b5f7e9.py
100644 blob 0f6240604b59c01c89ec0f92c40b008b8319f129	docs/source_archive_20260908/objects/81f0bff311a141935be65f60db9058cd6502be08f242addec3e4d51c57480760.py
100644 blob 152831b638ce136af6ee03deefdd1467063d2cde	docs/source_archive_20260908/objects/824a7eaf8ebd2b5441c18f9785368d12d7f09dd9e1447e71814c9346d9460de8.py
100644 blob 4b59da6d57d883a3b00630968de29e46d3cd5e85	docs/source_archive_20260908/objects/82b2b42e7805f42a853753df60b9268047e37ba1e157e89566e0ca898dd64979.py
100644 blob 5c236060e03f986cccd551312dad10bfa2f45713	docs/source_archive_20260908/objects/832e7c374292ab5aab6354f1d1090478dbf12b4833e9b3abec4542ed2fa8715d.py
100644 blob 337f6cb71382792aec1d547b8408939b3912be93	docs/source_archive_20260908/objects/834eead91b8667637c7285dbf5c726235dccd9ce3672330421266c8fc548b2a8.py
100644 blob da60c5719b3d734a2e3c15d7eb571cb33f6de260	docs/source_archive_20260908/objects/83f0b5c31fc17ff2ac59c6e5a66ff63de92bdac92da5f99cb120de8688e2dafc.py
100644 blob 650be6c8e67130f1c8b2dc6f3bcb15192d0cb482	docs/source_archive_20260908/objects/8423026322be8ce80f26b05b31aad64cec31413bea6f37f886a77a4d30372608.py
100644 blob 4ec0c439924721ae4ab0a722c6754e2475493a4c	docs/source_archive_20260908/objects/84a7cc81847c9a3b97089c06761e790b676c0c75cf1464e6cd1102e10fa2ea69.py
100644 blob 25daddece7e7564f676aa51e103064db2ec85cb4	docs/source_archive_20260908/objects/85014f004e2f5b053bf6a8625f19bf1e85ed9e0666b7bf415933f3428c879584.py
100644 blob 3cea5cf105ccb2dcff81bf527e90a6b0274c56bc	docs/source_archive_20260908/objects/8502402ba8cba3621b62a9990a28eebcf6e3047bed39dae7da6af3ccc3f96560.py
100644 blob a56f6673b66202c21403b4026fa786fd9a720ff9	docs/source_archive_20260908/objects/8546a7115074e9cc57e104bc1edbfe6251d142171412ccfa1b3e7deae2da8109.py
100644 blob 7d85362fce2993cd450cb1c7846953b11efd471a	docs/source_archive_20260908/objects/85b8896e0cd647f9f8fdc356f34242c5a7483fd46cd61b8ce85fddaa856df313.py
100644 blob bf64a137a1d6dea80abf5fbc3a4e4cd2ff3a513a	docs/source_archive_20260908/objects/85d8d3e3ffa5662cb40ce4fda8221c93fa6473fab9649c41992402086a5589e5.py
100644 blob 0f6d77b4a6343c9e6e1ac455db821bce2de933d4	docs/source_archive_20260908/objects/86761c5d98d1982fff10cc23df79bd50503a709a4114571d9e0dd94bc33687cf.py
100644 blob d08979dd12c4ea2604ddbd5f41d4f33991802525	docs/source_archive_20260908/objects/8685ec26742d73b3a4564a4c1436235411018a5c60c4c1d3877d44a3738615df.py
100644 blob 35f45431073dee913bf21642d96af191d7b18c18	docs/source_archive_20260908/objects/86bd18680411debf2b14ed452efe5b9ea90f664f333b9623f6f550e435e49a92.py
100644 blob bd76c50d018768363ba1981bbb57d64fc6462208	docs/source_archive_20260908/objects/8763d5ad5255eb3dd4cfa74987f5a48e9d2b1bc9dc25f24637c499d79e0a82cd.py
100644 blob 9efe66d6ad0b425bf791bf3a49dccf677d23d9da	docs/source_archive_20260908/objects/876dc0bc6704e3a8f8b137cfb00957815451a8f2de0af58754c28f7331ac0ec4.pyi
100644 blob 6982fc8a4f5ee8bd70ec1f105926ea2b3c8ff463	docs/source_archive_20260908/objects/878dcb7e3756bbbad199a30f685de0b4068c32783ae8cfba01d328a26746ceb1.py
100644 blob 20710af6982681302d931a2ca4d418633a5e7989	docs/source_archive_20260908/objects/8794c1fbc6446d0187d2b811062ffd5437015b91d2fc60d528eeab2812f1cd43.py
100644 blob 006c2392840b1ab38121e4ca0da9f1e058c8b291	docs/source_archive_20260908/objects/87b96a565cf21b928fb5b2bf2dc555ead847921b904ceda7d697c648bf0fe39a.py
100644 blob 12abd710408f5917d238499aee0d0923906ab52e	docs/source_archive_20260908/objects/8824c08b2753cbec27c61482723fcea07acdc96f4086e558aeebbc33694793a6.py
100644 blob ebd6bd87c848eb0974cf16f516604e0f35b321d4	docs/source_archive_20260908/objects/8854b256caae8c9040745af03dc24f38be310c5e85783c77c81951fccdd50732.py
100644 blob 17be892b3ef0fd66c0c682158c4ef433e4445ce6	docs/source_archive_20260908/objects/886be169e3f78fc8c45ec0d87eaa1d277ee49541a0753f1db238a6e7768c01f6.pyi
100644 blob 6ce83d363f0f8b7f7da668b6c640ac98e734693f	docs/source_archive_20260908/objects/88da1f3773ecd4beb13d3c879e466b0798f3875a5c1689658cd724d61c55da78.py
100644 blob 40d3b04e616faee5d67aa1b5c926159999cca9fe	docs/source_archive_20260908/objects/8910634e5a4f8192583debf9d934d9385b0d0191db92551be2dac6e0704b9f78.py
100644 blob 20d37703b4f39450bf62c9cc0ceb71d8cea8cb21	docs/source_archive_20260908/objects/8952d538903057c6ec4aa771a81e2e9be9f46a9adee848aff72a814e863a7025.py
100644 blob 8c55753fafa752b6d957b1086c94b6dda998e332	docs/source_archive_20260908/objects/8978b9b4e36644f4ca0debe2a53d9f89bf24955167e96b07b878d7c128505527.py
100644 blob 6de93f75712fec13778fb9699238ea27c01fb9d5	docs/source_archive_20260908/objects/89bbeac9ffe40521eb80c2abc3fbc5823220d0e2df5e42e6927ed6d343049774.py
100644 blob 4290905e19bf1e29bf11ca7a2948c6ad57e7e2ff	docs/source_archive_20260908/objects/8a11a15fbbd1d7e53e3231581f10a7b8336dbceea23e6560bb2bb23d59cc2d75.py
100644 blob e22d050d630ba5b32698bd71fe8cd0d93547cb7e	docs/source_archive_20260908/objects/8a14aa5d1d3b258d531287baecfd55fd2654ec01bee239cb9498c21209af86b4.py
100644 blob 98055efc0d8d9d02f52749d10827147c18ee4ca0	docs/source_archive_20260908/objects/8a2fcbbe56c68a23d1440c3eec848384d34ffb0cba90510f243fb83cdceb910a.pyi
100644 blob ab64c66d0dd20eed9763e0770cd9b1b11653d3d4	docs/source_archive_20260908/objects/8a8a9ef7590fdaddfb6fa2aa6ce36f7d220c0791e0bfb38a6b37d7a3c78a3736.bat
100644 blob 83adbb320c78e29a27c359d7e09435da1257f0de	docs/source_archive_20260908/objects/8acdb2e6bda5fce365f6e8bfe56daddd0b6d2e5af8b19c98c1473740454726fc.py
100644 blob df202c3b7f26250dce15658c37b2d56af66b126f	docs/source_archive_20260908/objects/8b23c64cfb6d4f18bbc7f0209bcba17c9237114f128628d5ebafaf411e90bdb3.py
100644 blob caebf232df9415e9cfaeb6c9393bd4c95186f033	docs/source_archive_20260908/objects/8b258381451bc21962593e13d18db5e6aca31c7140fc8d04b7c0ff5f82a4df71.bat
100644 blob 0ec160990d3bb7f45791fc1d99ee01e414d361af	docs/source_archive_20260908/objects/8b35cbc6e000896720ca12c075e86938187cb826be0b573c81a42754aecf21e1.py
100644 blob bcd8741b6e2c742bc392ef7c6cd48a160f267053	docs/source_archive_20260908/objects/8b4065a16729ae34434335699f16fb7348d665b026efd991ba918944d04a1128.py
100644 blob 52be58413ccc9d4f9c48b4a78481d9ce3fe798b6	docs/source_archive_20260908/objects/8b926086a2e5b509cc2fb5d9a1b2dd766db101e66e7ce05927a4ca7b057c917c.py
100644 blob 62058f25b6d3654b20f2c2883bf4eadfa6a40515	docs/source_archive_20260908/objects/8ba1fea9606b449838f22eacf15b25c00b8dcbc6922fdc3a99d29875d2e35e92.py
100644 blob db05bbd38b393eb066e7bb399195459693c74740	docs/source_archive_20260908/objects/8be29eae47d1890b6eb3f2fb75b4efd1d11bf2673fc81ddba163f45ea2a37ce4.py
100644 blob 4ba08c8b0fa39c3d1c7e2377f0c1f7597644d009	docs/source_archive_20260908/objects/8c2f66cdc84d551df146fd0688ec58bb998a8f4d293104f104d97a135e9236c5.py
100644 blob fd57e4d1a060426ae2c38da4debb596ef53ec3ac	docs/source_archive_20260908/objects/8c46374fc66fe99d2aeeeaa76fed75875b70d939a8270763cb3ba6509459a790.py
100644 blob c186cd76fbbee6d4d9cf0f364033461baa61de86	docs/source_archive_20260908/objects/8c746905ffee986cc36de63a31173a1fb237f356616a0191e6bac9d8663a6310.py
100644 blob ea1c7a4d8dcf5f234c71f493c35ca4d83566b63b	docs/source_archive_20260908/objects/8ccb4d57ae271efdd638d727a53e50563a08c809f7b587b3f0b8106b2b63a645.py
100644 blob dc6de890510f9671db7ef9b70a0f91b0c9851d51	docs/source_archive_20260908/objects/8cccd5df769fd4d7ad631e79b0a00997b381118f47df36110d9dbcbbad959124.py
100644 blob 0dbddcc56c33cefab082f318cadc7a90952b4b96	docs/source_archive_20260908/objects/8cff7dcf99f10d3e82d0fd2b888eda62c6a391f823ecfb0a486bf97a65320743.py
100644 blob f89679c454c6fd8e47400de5e924f600d93eab0b	docs/source_archive_20260908/objects/8d3a54f8d12ff7b0e069fd485f4891fc70581853413c25a9a6068ab18fcae134.py
100644 blob 4a102f18db3da229fc15aaaf96abd5c28b52ea35	docs/source_archive_20260908/objects/8d4d62e999fcd91f96d70ee4d4039c448b74bbe6e13df8161ec1cb360e3b17b8.py
100644 blob fc152e74d1c606143b0d94f9731436d3a0da9efe	docs/source_archive_20260908/objects/8d70aa70cb091a7db4345c78431409a8eeaf45e4b9db02ddeeac5e0978d25494.py
100644 blob 6efc507839692fc3582b7c755b5f0ac6286dc35e	docs/source_archive_20260908/objects/8dda439154f73dcb0b1f07a15656029a453c094a2aba069cc3ccdbd38c31f933.py
100644 blob bd7302b7a344bc784dc15b99d7ddde5ee28963c8	docs/source_archive_20260908/objects/8e0339842716b62468c9e30df7ca40a59f73198bb852126c149b2c91eae0dadd.py
100644 blob 9d25cb078bdd3cb7e76032f89b764dc73ef5c49e	docs/source_archive_20260908/objects/8e2da3544203118ff70aa5faa7acda2cdad5c8dedf00654279557f37a11a387f.py
100644 blob 223b53c13cd0ba10e96be3e75e3b043d137bca8f	docs/source_archive_20260908/objects/8eb12984f5cf1382fbd5f15f2f068617f17196cadaf2c4cdcdb554bae49d69c8.py
100644 blob 786bda32c0b1027628cb13de49a8f7d3097559fb	docs/source_archive_20260908/objects/8f1831d0c2a791e429e592ecf2d0fcfd5735d107496e69068066629876c46dd1.py
100644 blob a7526e258ba6d919fadb8a26c217014ada70c75c	docs/source_archive_20260908/objects/8f9e2eb412565ba1d920e8d2e634cb4acce98f152b24b08929200e600cb61298.py
100644 blob b7d9f5af00899d98625e5f2e5f0f61231d6ec27b	docs/source_archive_20260908/objects/8fdd5bfd807e674e95d0de25ed0db4c2ed4abea122c7d77290181551bba1ab52.py
100644 blob c83debd5dfd853ea22005215e2c37a8cf3841d73	docs/source_archive_20260908/objects/8ffdce9ac922cf4084cf438fcd013e0156ba6a7be3e101803768e5bcd1689714.py
100644 blob f5558a4f06996313e180dd41d3af9d6dd4a87e77	docs/source_archive_20260908/objects/90334f5ec27f76956ac1a662fa933a23a27c1eb716adce6a2a815469daa807f4.py
100644 blob 4d5ff1df5633496e21af27cee586e5136e7d9188	docs/source_archive_20260908/objects/905d5331a25fdaffb550e5e0e77e596da1f8312fcd176abb295135c1a79f6451.py
100644 blob 2f0085b19aca5ed98c906dee3a2303437d4f2987	docs/source_archive_20260908/objects/905f8cd17eb316fb3b1122e0cf07049fbd2fea3be2d06df103193033c14f790b.py
100644 blob 80db7429e685feb885891f67b31e4ffac3c86ba6	docs/source_archive_20260908/objects/90b6abb7051da17d9db7a788902a1b51d8fffa932f4d258e58ba1d48b9f498ab.py
100644 blob 6bb8d8c8deb7d6abacb49f4115fbddeca6748574	docs/source_archive_20260908/objects/90e7c52f7105822739c266f8c1d65d9b0a84f3a316ab5fb68d5b72bd45ad48bb.py
100644 blob 71838b9bf8d054dacf21dfa069bd8d2491948760	docs/source_archive_20260908/objects/911cc64315283382f9e4d423098e940186b3f0dc22e512c471aacc45016743a3.py
100644 blob 6dc6e94381e1cef8e7f4a2e5c327e24d71c898f3	docs/source_archive_20260908/objects/917d93f70011f40d6dd6e9791a4d954a0889fe9f1f1daab804b75bc74ab2b2fa.py
100644 blob 692ceec55be9c8174bb28afa02b256ec7743701b	docs/source_archive_20260908/objects/9187e153bfc4f28e36326fd1700c09a42f7064012ee5d2e0a7d9121f5a2719db.py
100644 blob 10e8fa2cb16c8c7bc1e7983d55a1207976efd317	docs/source_archive_20260908/objects/91cebc7d29cff97195ace3a8e4f7f0c2db74551042552f986483c4dc8a4da999.py
100644 blob 7fe2416da8abd0c3226c907f366584b9573725bb	docs/source_archive_20260908/objects/91d6b90109aef4b414965aa41212d260de88656d800d25b7f243ef8f7c398f4a.py
100644 blob 58f5342f645d35be0874313693175702d42f2e32	docs/source_archive_20260908/objects/91e77594c15266fcb8c875302f684c1ca8f66a498ba06b41c2750b2ece0381f4.py
100644 blob a1f0c5e2076227a590d835e57f1dddb9c2614d3c	docs/source_archive_20260908/objects/922d4243c757dff24dc7ee10c564a56eccae04819c6f29b1c01c8a3bdeeb8648.py
100644 blob 22fefa86ab503fd2d27596ff7b8d9e1a54bbd04c	docs/source_archive_20260908/objects/923e0407cf8476bdc7c2d9d910b01c2fa0e97922dcd2b63fc6e77adce5946489.py
100644 blob 23a8564833c43b39e89754ed37be16ce58f4f8d6	docs/source_archive_20260908/objects/9256a1c14c703dc08db8898e16e1cf4626fd5ad05ca942938fea9bec92939beb.py
100644 blob 41d4c391c2db1beb56a08949618a55bd9c9f9c63	docs/source_archive_20260908/objects/92777628e212d699ef8725f254ebc11e32e0ffd495a655228e8abc5689548a7a.py
100644 blob be3e724fde169b49e00dfe9573baaf8ae0ab3e50	docs/source_archive_20260908/objects/92a732a538dba539edb25bcc121e97d0cdd30968bb8282e6ade1163c09d0be27.py
100644 blob 58dd3e8c150df02d4a9d7e2b35d86fd6c570b16e	docs/source_archive_20260908/objects/92e0a1630d178f19d63eae233328e2b6503925eab3e339dabde958920792fc92.py
100644 blob 15d1b01833cc310aa205ffd15ff460d4c9d4d8f8	docs/source_archive_20260908/objects/9304ad3a4218eba354eedfe2402073038df6037787c8912f7f6e32fb1ccc2c36.py
100644 blob b725f65a66174701d7d0af92ba6db6e3e1a05d05	docs/source_archive_20260908/objects/930bb70ad94d93a79e40290285fc6ce67fe6873586261365fd26b41960ca8c5e.py
100644 blob d7ddb5af6dd4f65d53aefe87022e56f6beab9f4d	docs/source_archive_20260908/objects/9357f91faf110e1b6b544ace256a9a69f110864d1ffc2cc42d16500d1bdaa63f.py
100644 blob bd41a49e51a246c88dfa4e95a39dff52ba44decc	docs/source_archive_20260908/objects/93d8fce7c61cf934ac3e340381cdd160f4c5583db1ad00cecd683fa0841f6fe8.py
100644 blob 1d07b9f27229cb8c26c13119716934f6b481dd74	docs/source_archive_20260908/objects/93e5f3eb61ae832a48d3a46c1b0cde615437ce6c0d235324dd9008953726ec71.py
100644 blob bef680736892c3eb89335b2fa65ba1add719889b	docs/source_archive_20260908/objects/93f432466e7bf1fced10b478790660f6194f0baa3d1320c8facb8029ecf0c789.py
100644 blob 500324d7b764ddf79c1a83cc9810207879b413d9	docs/source_archive_20260908/objects/9415e42deeb163ee133767614ba48679addbf038874cc33d62637d8a09e39250.py
100644 blob 6b921d8ce37ed46189b02c3508bb68c4612a180e	docs/source_archive_20260908/objects/9455d4bff30dc17c62322328153afaed7c2ef4a40db916895d9b2998a3d6a202.py
100644 blob 977d1ea80fe42274f01f80af7436a0cd5a742c61	docs/source_archive_20260908/objects/94b927a1ab682fb963ffc65019054c02d124aa2e9f8ba3e4dd4c911e9ccdcb04.py
100644 blob 5e89115350808ef2e6f0236dafc74c56897a9fbe	docs/source_archive_20260908/objects/94e3e133d3e69f09cfd83140f178c7f503ab5e8d51f7f6a11922ca4f3b34bf27.py
100644 blob ebf2e94fe0bbc28f0a5c9a1efbee75b131e0fad0	docs/source_archive_20260908/objects/953377c2f075c102f20ce37be12d0d41e34231bebe6e1e2341db73597a409188.py
100644 blob 969813281afc955c6383ea00de7debb17c2e4e15	docs/source_archive_20260908/objects/9573095915799d789ceeb2aea91aca42e763a230de96e60eeda4330d6bff6419.py
100644 blob 3a1626ab0cf85c1c0757532ad38c8a951cdb3793	docs/source_archive_20260908/objects/959b2acbf58a5e8ecd18f29cb56ece29ed06ab93af1d320ee497655af2bc1048.py
100644 blob 5b684e5ec600eb900fb6c2c350d2d03d9ae1332b	docs/source_archive_20260908/objects/95bdc8497e6396d4d51aa41d5dd42aa660b7fa2146f6f652795eb4b1276ce2a6.py
100644 blob 2d17ffa2ed20868f9f948e336c56642aac691ef3	docs/source_archive_20260908/objects/95d6407283c549a8b2dede1746d212b106ceb7fa6befdfaef8c40a95c133dddf.py
100644 blob c0ff337fab405bccb99e1641788a7df76ba41d8f	docs/source_archive_20260908/objects/962924677ac546a2b28d69bf5dc1285ab037f13728b1f96b0902cfc4d4cd61ba.py
100644 blob 5b0cd4a942e17d313a49bb053441729e71f0516f	docs/source_archive_20260908/objects/967fd40e8f6149ba6b0f148713c0a68108e0fd5b9d0b172278dd4f3ae1668a27.py
100644 blob 48dc766881c01af7cf3d2674bd055a8ca631af44	docs/source_archive_20260908/objects/9692b3eff61bddc564160b975dff3c800b2637d7088485511231502e95050006.py
100644 blob 9b9be20d4a52cb36b75ac4848fd2d26f37330070	docs/source_archive_20260908/objects/96a2dfd9d88169c492075fc6fe29a0f20203f036147c524b43a438d12ccc0c42.py
100644 blob 23def298ce524d9de06cd2e22db991f7d77ef3b7	docs/source_archive_20260908/objects/973d3d7c0e9315bc7d1ead1390bbd8e44af0dc0d2199482e5286bec562e2b82c.py
100644 blob 48247c5192e3598681764ee1458dd6e3bf865212	docs/source_archive_20260908/objects/9794c5b5bbda57a262ce3e2701387882a00bf3c7a4099e4a13c4d9d6cca13e6b.py
100644 blob 1bdac4f102bf273efa77958badaedb57aeb039a8	docs/source_archive_20260908/objects/97a290e699a26c462a6b785dc1513bae496a1aa871ad5eda445239e81804e783.py
100644 blob 82c73710a881cf8e8747050c4ecba649921486a7	docs/source_archive_20260908/objects/97c1b019f2532a83c2178f8155fac5270235e2d72bd9cebb072bdb343edea583.py
100644 blob 5ab23bd9fcef42f00aee2a7cb4b3fa508b48b29c	docs/source_archive_20260908/objects/97d96deb22094d791e01d484c2f16d7722a194f32d35ca6041929744c925c29a.py
100644 blob 2e7792437407034495d88c2a4c866534e735a1ff	docs/source_archive_20260908/objects/9820344b8072f4448433a45b1fb1ddc3095e751897c1706526456f0753f59b92.py
100644 blob 5a24cf251e31451c77f1e58b611ea4da0d5393d0	docs/source_archive_20260908/objects/988238ebe64bf2b0083471988e9507ece4949940e7e798fa180fec584b7d278a.py
100644 blob cd2f4e1f2a5011a60fea6e2276e21ffc53060ec2	docs/source_archive_20260908/objects/98dbc53f9323a3e27e867689385e15907215bb4d46ec865b4635bacd7aa1d279.py
100644 blob 169a68bac194fa93a01f5968bebc8db3eb8c175b	docs/source_archive_20260908/objects/98e5854b4f248a144c0c1be4ae870de2c043ebb42c4176169ef46a8549bd7313.py
100644 blob e8ea93702225fd211d0887c1dfb3a5eb4da2bd38	docs/source_archive_20260908/objects/9929bcac36473bf6ead4437790193d81a811fff1df738ce13b88a0968e176505.py
100644 blob f70689b9b2a26d990d35d7d12e5520f8d9e42bee	docs/source_archive_20260908/objects/992d8cb77996e9fd84ef3b02847857154b65f5e79ef395d79e3327e0461a0e8c.py
100644 blob 25ae39cea16b702c7cb7d260f15f6ba36c414f5f	docs/source_archive_20260908/objects/9968fbfc56c652fb91c7dedece3cf223e08cdbdf8a60d939b7b929e7efe6f940.py
100644 blob d6609ff3edeb6d92162817313282b11f960f7a96	docs/source_archive_20260908/objects/99f20e959e243fba669c53a23f35f84e60b146715ff5a396ed7c14dca5bb2fe4.py
100644 blob d042117d978aa07cdf4aa74ba02d18711712c6c1	docs/source_archive_20260908/objects/9a08fe990bc60f86a401544d2e7140a2b480840036a650a355acaff3cb31c89a.py
100644 blob 28205f5728f604acf6193f0d1a6871ee034036a7	docs/source_archive_20260908/objects/9a40dbebfc0185368468ed49a98b53573aaf0ef52ea770c6a0d70659c43ab06a.py
100644 blob 316bf1e3f013bf23cb2a478ec7b270e5093a87e7	docs/source_archive_20260908/objects/9a5b5e390a88ebc683dbe39b15aac78254523dbff86e1c0d764efec4461501c1.py
100644 blob fd05d5d2f339a2dacd1ea7c9cca466097d0bbb67	docs/source_archive_20260908/objects/9a923b88647f6a896508eadf92b938fa7c42d38ff5101c82c8e502aeea252d56.py
100644 blob e3fcb86f768671f52836c8ff5323b703756479a7	docs/source_archive_20260908/objects/9af2a05538345fc5fe6c91ef927ecd0fa09004c8a87c281e6462691053fcc8e5.py
100644 blob 03e4b28e9bbc862f284169fc2a92147a38af1481	docs/source_archive_20260908/objects/9b16898cfb3312e1e683b118024240e12eff4f643529220bd94a1db10a5d6279.py
100644 blob ce467d32f08760c814a4a59e0e8706928bf69756	docs/source_archive_20260908/objects/9b94cc4d6c3dc0df7ec214028d14b2d280987c9fdf808c8b648c04403b2e3411.py
100644 blob 26f6b04e266a22ce6cac3942c2bd68bfa75b2b8b	docs/source_archive_20260908/objects/9bdc28b3f746e4f8295f2e319a3752ad39f05ceb31df55c9afbcd47f4998c7d4.py
100644 blob 146b30212a08dcaa642af4856dbcfa8d7624e279	docs/source_archive_20260908/objects/9c29c2cf26e886820a540fbf8e22f372b20a53786c249562a82708da76618132.py
100644 blob c83e8dd8c8017f11e840566b637dc0a2a3eb3a22	docs/source_archive_20260908/objects/9c2dcd8fd4a23621ba6fd41b16a7bbc0d1deba216f95e29bb822f3c82302643f.py
100644 blob 4c42bb3a75bbe1c9995e30aad35f556f90237a50	docs/source_archive_20260908/objects/9c30b9758dbda8d933a1c298519196a8ec29c32eaf1a1360f0f2179024dbc8fd.py
100644 blob 30bce1c393e1d000520e83774fa4d0e08ce4445c	docs/source_archive_20260908/objects/9c62180fa66fd1086cd41189d5ac4cc413825ece93f348d61686bc9bd81e1967.py
100644 blob 84a0a801425be4de8f24046ee22df03e13416958	docs/source_archive_20260908/objects/9c6903c11cb6fabf08ad81352f3e856bb628d321a5134becbc834f90bad4bf88.py
100644 blob af5871bd258f6d384900b578523e6f2f0bd5033c	docs/source_archive_20260908/objects/9c80e2153b69bf6471c4fee7ddda42d173abf07eb7f7bf66adc86a8251bd02fb.py
100644 blob 02a62d39be6652fafbcfc37888ae07f058c6933b	docs/source_archive_20260908/objects/9c9354039ed774af37ed8448e833084b04224315d01b1e7d28ad4ec1fa6b7a09.py
100644 blob 4cdea811179cba74425d8815816abdb3f5d10775	docs/source_archive_20260908/objects/9c93a90aaffad1dd9251b8022eb299259289335ef57d057f7fedd9e590082e1b.ps1
100644 blob 21b0a2df302c170097ea3046445bb5ee85b06aee	docs/source_archive_20260908/objects/9c95f5d1981c17dfb78313f06da7b4716b0a0e11b246460d9fb0aa11ed00bca2.py
100644 blob d43d473c4792f7173085167408f927ae768a7fd4	docs/source_archive_20260908/objects/9caa3a10cd030fbfe76e5d702d4e182c2732c371e0cb787fc2ffba955927bb75.py
100644 blob ce86c8e2a6b2f1f659cd3715f7d6e8fe98c4cd35	docs/source_archive_20260908/objects/9cfc1a05319ca0de37e0af4c66b4f77c89263d7a2c63bfa1871ee9a11d159839.py
100644 blob 5db3d5e1cde6ea6d3d7ebaf67ac06430c472b5da	docs/source_archive_20260908/objects/9d2401b8638d330db0b9752bcc87079663dd978811673c30bc0d7ef79773e200.py
100644 blob f8a7e60c0de059da3515fb8e8524f579a5c3126c	docs/source_archive_20260908/objects/9d4028827aa5b65a76ae506b63d948d1f6837a71d0aeeaf65254690dae679df2.patch
100644 blob 8d22a0fa855a0978041993f21a6430e930ccb175	docs/source_archive_20260908/objects/9d4acb5b1148b685e30c236985dba5f77386329cfc273a88b71a46613dfa2793.py
100644 blob 01d0e514e75eb8f1c1c08fbe060780908c85bd5c	docs/source_archive_20260908/objects/9d5e036d8c7889f5b319d9de33de9e071645502f521390a5fb6b2f3bd346725b.py
100644 blob 46e12c519bcf6e2bd0ce2da8a2db2301be9c0808	docs/source_archive_20260908/objects/9d8c936776f75d1cf256bfb1364e9d02de4f30bafaedf135a7affe63ac78d865.py
100644 blob 9fa515cdce025848656d5ca4ea350d08f9b9f65d	docs/source_archive_20260908/objects/9dd5b7961f028160bf79ff757cf06bd78f52a0b62fa549630f0192502e105f2d.ps1
100644 blob 73fbccdb8f6ae8d0e376917b3c21ffafab096d3f	docs/source_archive_20260908/objects/9e19ab6173830a9acd5979a9626ad5c97a12f2b5ad799273c97f604c6a259381.py
100644 blob 0367dcc0e27ba367f5645d13bbb9e815e313ca2b	docs/source_archive_20260908/objects/9e2cae2feb4456f9242f087aa9829c90e9bd141d0aebcd64f470c27261aac8ff.py
100644 blob d39ad3703bc4e2613d11c6d52c4ced1e33e81101	docs/source_archive_20260908/objects/9e309a25b9e034f9eb1d7e03060a119b74ba7abf23b57b2c5b58ad8d1d704517.py
100644 blob 32657b2f82a0dd496f010ae7e7b3a86ce84b696e	docs/source_archive_20260908/objects/9e3332fbc5a4e472fc85813c74d1484bd8376bac0b141704a2ac35a9de7579bd.py
100644 blob 97f4e580553c66233c30e8ed05fc4e4302c994dd	docs/source_archive_20260908/objects/9e3c9e3e7767330121a0862e104ea6b7746417dc1f8b726d3194e34b26e89a0c.py
100644 blob 96152c58dde2f830aa6ee04f04294a7834889791	docs/source_archive_20260908/objects/9f1c5bf483ae80a9bdec956b6abea4cef2c0f535f95e8658b6859545e3f8e712.py
100644 blob 69d381b8ea63372a56b06e1986403c25b21c6830	docs/source_archive_20260908/objects/9f22214371a81c8c1ba6981d4031b18f6b0e451ddb786952753f53d6951a9a9f.pyi
100644 blob 5d4f53e4028e9b47c38dba04be275508261819e5	docs/source_archive_20260908/objects/9f56f45955b5ba4d21bf45d0383d75306ca608e26291c1cfd04a220bb5aa6078.py
100644 blob 64173376aab2bc10cc917685fc99375075fe14e5	docs/source_archive_20260908/objects/9f6e4c39cc51ff944dacc20d4d82f483f7da04b9e67471f766a1df23e353a90f.py
100644 blob c6bb29ebc998954222e0ddb9c3d6aa32dc4dc49a	docs/source_archive_20260908/objects/9fbdd498b740e06f564c89f2139da3e0823cdfe530e788baceb6527f13523285.pyi
100644 blob b094666f026b8bb246c9de6048aee10541ef1cb5	docs/source_archive_20260908/objects/a0312576b96893746ebd9575d4a686db9a77f4a8d9c3c3282f82d4e471819ecb.py
100644 blob be189c24e0c0e54f011e61ea0be44d35b22f4b02	docs/source_archive_20260908/objects/a12aca301a92fa19bf3997dd5474ad322e1f88618fa82db04cb456352fd8a2f1.py
100644 blob 6bb5ea2a0ed6cf6002d63238bc511e7c1aa807d2	docs/source_archive_20260908/objects/a134ac77391b4a8693e212af9a0434ac564684c91187177bc8a9b96613f6eea5.py
100644 blob 345bc648d0ea01c6b9a71b27829851ba5bfe9979	docs/source_archive_20260908/objects/a150043dd8eeb43da76b51a3f1870ec211add1e0d12e769a72716d883367e9f4.pyi
100644 blob ea4a53bb68efac1fb8b8890216e86fdc13038c56	docs/source_archive_20260908/objects/a15ded6393a8c55700ee6c940b19c4173ddfde89cdf8fc48d8fe3358e5907d01.py
100644 blob ad9567e66f39b4ec9f377524e091bdd4a2768944	docs/source_archive_20260908/objects/a176e08eea786717e3da1f1b7c681b519de1f20af5220afd8d20eba5fc9b8792.py
100644 blob 6b052437feb042b2fbfd6ebe15894ccfe3835b2f	docs/source_archive_20260908/objects/a1a817634ca5a2bbcf44354d561b7e6365c1ede5395ac6058956928541612223.py
100644 blob 328f5aedf40a35145836f1be9e8c644d8f846501	docs/source_archive_20260908/objects/a1b60dfea7541722a0b2b0791c70c340b25550a7b433b472321fb53f491c2ebf.py
100644 blob dda50d0a44eae6b16e20e260d48c22d00120ab87	docs/source_archive_20260908/objects/a1e15e315972b7fdeb8db27547ffcc395dbabcd5ed785c970b01b26bd1fb0d4a.py
100644 blob 1ae3952f56a7f4589765fc6cda3aaaffa6829ae5	docs/source_archive_20260908/objects/a2059fa59dd86dd50f8664033392a9b649e20ff652937b02272bef4aeba46ca2.py
100644 blob f4a802d707a67762d5584d82ca7f255c76890745	docs/source_archive_20260908/objects/a236d83fb86a2ea099e106fdc845627bef71c754b622c03a3a9b3f56b4dc1260.py
100644 blob 7acefb105e8ecc206d862fa5515b47bcd9605517	docs/source_archive_20260908/objects/a2c92252bfbcbbb19a2b7d56d4573002d073e419acd550710b0f8b4041eb1c73.py
100644 blob 28af54091498e10ab765499563b60744b2a25326	docs/source_archive_20260908/objects/a2ff14f11699661ca3e9b0b00a62dd43380aee29670148bd02e034a159e92084.py
100644 blob 65025300ff7412daed8cc8ff970a66321040a5db	docs/source_archive_20260908/objects/a3a041e916982f709a576892fb2af815e282d41aa60ae342cfc8d3c1bb2d7c99.py
100644 blob e94e81557933d2af8af4ae5b3643916079b9793d	docs/source_archive_20260908/objects/a3e14905ec978ca5dbd237e074f507aa4fc933ebf5148bd2c970e9f985ce4b46.py
100644 blob 99ddbc2ca18e0856e5bdb1cd3c14050d17256ae2	docs/source_archive_20260908/objects/a3f74b5a44e45dcc00e9a484d74d82aa7ff4916135cd5e20b956870d71723f9c.py
100644 blob d788d55a499395a938f06c8a5ac5cee1d16bc3dc	docs/source_archive_20260908/objects/a4449bf0fee558bcfbd06b3088b890c036ff9ef44bf06d03314a0299122f4a30.py
100644 blob ea6af866d0de59b43b2035af9725b2ab8eff3570	docs/source_archive_20260908/objects/a4f0cc68583bcc69424f5bf42379eba04d63735f20d456b8254e01c336c20dbd.py
100644 blob d14be5310d87eea0e03f073276bfede3c84e4378	docs/source_archive_20260908/objects/a522c5f757a2a8381ea47fa0aa9073aa160d4d8734821ea8ed94900b655ab65e.py
100644 blob e18d0c528aaa9982a4acf966808dbb2d36308f30	docs/source_archive_20260908/objects/a52a5bdc3238af0c85a9fe983109d9b61af9d28798dda8db8fc5369417cfadb2.py
100644 blob 7953402dc8d947f6de403cc2d130124c06b987bb	docs/source_archive_20260908/objects/a557e90cfc330847146e50207b6a6c44345dc6d87eca48173bb7a71d34fd994d.py
100644 blob 6b6a7f899301fac69f3184e37dc63dbcfeb76652	docs/source_archive_20260908/objects/a561f7a5811c06b651b6435762c939b468850aa052f431a1a5fb813fcf6ff23e.py
100644 blob 6734a371bfc0d87b6713dc7d1f2419c2253f6fcd	docs/source_archive_20260908/objects/a56b1d4982ad6493c4eb881ff478537401cbb2189b1ed6c233911c0fc286811d.py
100644 blob 51230302fc52074de8fb89774939318ef8f6a715	docs/source_archive_20260908/objects/a5e2c7449a89beb45e20d083560b3403a93f91caba1c3bb2d59bbbf840ed54e0.py
100644 blob 762dce2509fd6e797420877cbbfdf8589c711335	docs/source_archive_20260908/objects/a60bed93059c51f89e2b0e176ccc75b9f68cb3ae92f87cf7f5a12cdb695bab90.py
100644 blob 81572dfee96ab65e67a3567082cc962daf0bebea	docs/source_archive_20260908/objects/a61bbdb92da3d263ab4c6e6d196f577b0e0b77bb5fef8c914c04b699acf7dc79.py
100644 blob 371de38d60b3a16aedf4cfb377794f3b9990f543	docs/source_archive_20260908/objects/a6536506111e41fefc91a85762c97b8ae4a93fadcc517617174be4f5af013b6b.py
100644 blob 71889ed496a220a858866bff175b511e248bd8c5	docs/source_archive_20260908/objects/a67c422e414a5773e46dd4fe3d5392c9f4b65ebf6b7da9789fdc7d67757f89c0.py
100644 blob c436517e20716f2c6a90487ac334c925478b9227	docs/source_archive_20260908/objects/a68a39087fa667a78de5cebdb6ceeb1523ed72057ee589bfbb300e0be10d0dc2.py
100644 blob 073baf759ed84a6cac89144413717317c50edb47	docs/source_archive_20260908/objects/a68be44ca27f7be99c8e663d70f829a29aa893ac16a132ee5db42ef61f6ad657.py
100644 blob a17c4ab85abe723525748612c7f0234fa550c4b0	docs/source_archive_20260908/objects/a6a05bec14efa767eb1731e96241725ad60bfee7427be23d60ad36e588f9f474.ps1
100644 blob 402a947e4f15ccd4405ebf44d64d8cd09fb53bbd	docs/source_archive_20260908/objects/a6aac734b6a08d38f5cebdf77c8aad3bb7cdc64ef6ab07534f18394d2788de92.py
100644 blob cef6ddbd8f3b5854afa58c1f0569025a1f6903bf	docs/source_archive_20260908/objects/a6ca70d62edfdfc9645be56b3d55c982335dc53fc810afc46df337506e053fba.py
100644 blob 637e8156d403a7223df9ea73dd7657418c07f4e3	docs/source_archive_20260908/objects/a6d7c2687195c22f82943eb8423891cc490e25cf46ef31d4a89627fe28c58aeb.py
100644 blob 17c64c81127c47b66f1f2e47f919d7ef40586460	docs/source_archive_20260908/objects/a6ed83b8c9ea0aa0afa5a117e3499fcce31886c91f30069d30348fc1a1ab9fd6.py
100644 blob 34a8b0e730d0b1af4919d2baab868391be670d84	docs/source_archive_20260908/objects/a6fa1fa4ebdb6fdb332ce260399f0c4ea090a333047ccae0e40918acc66f28d3.py
100644 blob fe5062a10b12b7ef431d4e84566c5836db0258ce	docs/source_archive_20260908/objects/a74f4415585a9c11ed31dc714249239c9060cb1cc96b433fcd43cd307c3c1fd0.pyi
100644 blob e93893f85a7c9253ecd71bdb96dfc30601914278	docs/source_archive_20260908/objects/a7692a338e5b22322e37b9773a4b7077991f40342464909528dbf6df55fdadb8.py
100644 blob 6bfe78a4220ddacd0171dd25a761e8c7bafd8828	docs/source_archive_20260908/objects/a774f9db331388ae6cb5642276b0749f9ffcadd1903c9260aa9599a99c90ffc5.py
100644 blob 90ca4e62cfdfd8deb2c35536e224fad80aed5c98	docs/source_archive_20260908/objects/a7f83ae4a8acd5b85fea93fa25a648829290eb6cb3cd2510f06dfad5ea9cbca8.py
100644 blob 19b02e116fc4e7e4b6f8461bdf5cb3e095e71065	docs/source_archive_20260908/objects/a803398ed3bc8e621d194952cc456e9c62abe34ecc8d0d5046808d2d825ca9be.py
100644 blob 284bb98d99c65dcbe9c26ac303e7ec592ed310d2	docs/source_archive_20260908/objects/a81cf2ad41b423a1b41deb2cada6b2e20c065d0534bbaee7aa0cf4bf47a6ed6f.py
100644 blob 379971c0c2b67d48c35ca619ada2f7b6cb2f8476	docs/source_archive_20260908/objects/a89c6e34087d2470a693e9c588eccf0903a3f07ee0ddb31394a813d09852f280.py
100644 blob ed0afb2d38dfeb3b8e2a6cbc78e41a1a2bdd858a	docs/source_archive_20260908/objects/a8a068affe929a7b708f3fdfbb76ef45e62e8aa8c5de43743a02df4e5045c763.ps1
100644 blob a47146e37c74b72d80d8902e00a4e158d1c06d89	docs/source_archive_20260908/objects/a8c5fb7aa7f2da0dbc5c20dafde1059f0e55d6e9ca99a054d52d38f4064d5832.py
100644 blob 450af39591a6eb35721011520aac8b534653a3cf	docs/source_archive_20260908/objects/a8d34666adc85980ab92b8c2bcc59ce88149ff5aab0fd0489e60a501791c0c85.py
100644 blob 092ad89ac355277d767ce77480ed569f32353c4d	docs/source_archive_20260908/objects/a8ffdffa0c7c3cf0bab9d3f8f9742fa9362b0d6ab31459bd849a0a764df32308.py
100644 blob bfb3be76fc4bdfbf9bb92b879537f27897c79109	docs/source_archive_20260908/objects/a91c771921c1af62a9fae1d5815f9ad4ec3dbbe90e85ffb08f6cc91d36dd29f1.py
100644 blob 8ddf423a3ed3a66150a5e934b4cd2f5fca0625eb	docs/source_archive_20260908/objects/a97933c78a43070cb622a2256d234b4c47e9063d42ce6da173efb408d7a901c6.py
100644 blob 606bcc1950b0d08855269791196c7f08c4a342a0	docs/source_archive_20260908/objects/a9bcba72dca25870572753f0903ca2f925be2d99025efb7a952c9e0286f897c4.py
100644 blob 474afeac121004a4353ffccc05bd6239f0395cab	docs/source_archive_20260908/objects/aa0c2d189067be91b5c0383d2ea6fb6decca6505580fb1fd220fb87d9ae0c2c0.py
100644 blob a4b504e6a2fc6da86bf6a7f076bc609a3b153ca4	docs/source_archive_20260908/objects/aa315c79a6199f4ef4df5678139f0539b8a1ff2b54991dfac194780084e778e5.py
100644 blob d7b28e03ad7374f0bfa4a90d4936f3ae9b8349d6	docs/source_archive_20260908/objects/aa5597610d58ae5fdc9cda7f3357dbe8776273b820601c34d1029df9909baf1b.py
100644 blob 1ff073273285ce107c67fd244980f55334f48ded	docs/source_archive_20260908/objects/aa68a516f5e77fcf0685887dd2bcd807a532a71f8c469db6fd42db4eb2f076de.py
100644 blob 24db8d3a5e2adfdf026b6680cb61dc78f655e497	docs/source_archive_20260908/objects/aae6f5295a63da75a82bbb47f25dc3208024e1412a0096b38a78aaf69625f2b3.py
100644 blob 0c74d9307578d261a43eb8f95f055c303ef77d91	docs/source_archive_20260908/objects/ab0f027c5e943cd627a45a0c2e3bbc227a88ecfbac739e2e751e755df096c456.py
100644 blob 7c31cc5572fb7785fd16fd64360a6bf9cc3eb568	docs/source_archive_20260908/objects/ab3f95a017e2c7c8053f434727bce9c6dfb9605365a9cb76ad5151a42460e962.py
100644 blob 0cd2821347a9d0a6e627a627d2fbb24384e4296e	docs/source_archive_20260908/objects/ab41e8b6a5c97ae1c066c4309f4c5d29c77b9593121fb9fac9c2f70f2f1db836.py
100644 blob d65ba3d08c78c806d36c08a82fa06427703518e3	docs/source_archive_20260908/objects/ab4b7519f20343f2139ccc155ef090b5e26a5e5e3d8a06413c0c2cbf47aabfe6.py
100644 blob 3aba62a62ec249981bc13584df023416e854a950	docs/source_archive_20260908/objects/ab4ca618c8ee1d916ee698d0ee79b15060d9840ce3f934bc1f5a435da02ab2e9.py
100644 blob af2aa380a675a44c58b2005319926db977ddcc51	docs/source_archive_20260908/objects/aba06b6a13590be3fc08dc6ed944545032ebd555b10e4bd49da428e5c94b3997.py
100644 blob 14af949aeab07d9368721b2f4fa769ce66d9194b	docs/source_archive_20260908/objects/ac0930792d3eb4ef1e8e4d21803821f6e6135a3dd354dfa61d2d9448a242c2a0.py
100644 blob 0327eaa1e0d8ceb35914eb41585544d9febc8966	docs/source_archive_20260908/objects/ac0ab7471d93b08be49f042ef068b57fe50092e0ebb7dec13ea0bcdf455a3781.py
100644 blob f94b324899dba5a4b92820e8717a6a132ff59341	docs/source_archive_20260908/objects/ac0ace4ac0e32e114f93d4b42c566c35db6c2b20fa043c148fbe1cc244ecd545.py
100644 blob 5aca3483c7049ec365cfe1076a0c9880ab53df93	docs/source_archive_20260908/objects/ac5e6e9e982eaa905db395d95636bbda84b5f79ca4b24ae3d80c15e6818b8e2f.py
100644 blob 9362b86a2400559120c9e1c9f1a79bd235a70317	docs/source_archive_20260908/objects/ac773c7b0b979934bed4c2a8b20596437d75e8ac1c3db8b43f6da63c2f0fed42.py
100644 blob d06913350dce8de6c2f532cb1b8a3467d0e3c15d	docs/source_archive_20260908/objects/ac908c8248644253a6b7f7f77a12114122fe0377deafe7e32443cd77d7a828d1.py
100644 blob 60ac78a823a40d2e4133ba8285550f548894426b	docs/source_archive_20260908/objects/ac93a8206ef7b4e532ad0a6fc26a459ff709ef9b64e93b8f3095fe341eb7b407.py
100644 blob 7ff5b0e092f2e7f398a563976691e05cbd786a59	docs/source_archive_20260908/objects/aca7db1fb6a970a87e0fd5615959e91be7acc5a351b82714612e8b80049ea00e.py
100644 blob e503055935d5a82e6d4ef8d7c609615fa7e60fb8	docs/source_archive_20260908/objects/acea14a160d681d16e8eee346577e1f772476cb6f1124598c1a53d2921c7efc7.py
100644 blob eb3531635ebb7f66ba3bde6fe6cbcfa30337f5a6	docs/source_archive_20260908/objects/acffb4b5a73bf1e0a711a44aaa35599b5139ed868c3a7abee480307fb07b88ea.py
100644 blob 00a633d1b8aad32948822ccb0e866892f6896d42	docs/source_archive_20260908/objects/ad0ba83c4633c1617cb0a939f64657ab78108a158948a81ebca223e7e3611744.py
100644 blob ec9e0dd1dd7ff450b68f1161177403850bb8dc2f	docs/source_archive_20260908/objects/ad28178df9b95a56ec55a1e03e0807e2507d486b93fb48136331b5f7e38e4b43.py
100644 blob 8568fcd58aec6851ca84dba0a06772d9acdd4c2a	docs/source_archive_20260908/objects/ad29f6979dce5367ced6709ee3cda9016385b3bddbcfac156d122d1ae299ec99.py
100644 blob c5e02ebd03e7eee4bdb10a6b99544ac6ed4ad97d	docs/source_archive_20260908/objects/add320d3516d6abbf3cdad1b21d375cb4ce8ef698e201075ed51e491809b3ef8.py
100644 blob 013e941680dbbef7042a8a9d4620dd32368d41f5	docs/source_archive_20260908/objects/adf31450d48d9825faf3f33cad7eb18de78def6879016c3fad61958d39e4ee15.py
100644 blob 788a1ba278071721330cb32373a0d75309472923	docs/source_archive_20260908/objects/adfb8eb221f392512cf0f0fc622faf994fdeec5a6d767648ad2ab6c88344f5c2.py
100644 blob b5b8aef6cd285fa567355178323151288ed3b102	docs/source_archive_20260908/objects/ae3a196a704ed33f197970cabf90b9d3986e8f6d8e30367feff919045421cdb6.py
100644 blob eee2391f45670e9ae313384cabf803a89561299b	docs/source_archive_20260908/objects/ae42d8392ac3a6f2bfc8eb1b0fa3bd67f602274a01e82f3bb3360e8ab7fcbaa6.py
100644 blob 5e94aa76d5e83095f1ee5fef31ca65cb1eb84a89	docs/source_archive_20260908/objects/ae7c895b467ed77912bc809018061c4d855d119f99b90296337bcbc70c28d6ca.py
100644 blob 819b0bfc1a98343091c227df9dd1cd27a2f6e7ff	docs/source_archive_20260908/objects/ae804a8ff9b6f14cf3bff255e0b50004736c5586d0718345d7eaa24dfa99caf3.py
100644 blob 578420ddb8a7cdb06c9a95138c92ace978e232b8	docs/source_archive_20260908/objects/aebcbc94ce4e4185b341d5b3358d250ec415537072d8c45a8e220b1a759e0f9a.py
100644 blob a99874f66726fd4cc83900e1abb18ddb219ab566	docs/source_archive_20260908/objects/aeca271ebbad530d1ddfe4e4955324ccd7a986e4966b6f87c6ecf94940b7ed85.source
100644 blob b01092d5285e19f70261d5652e8b114a833afa75	docs/source_archive_20260908/objects/af0bb49574bd4bdd7c245dbeb3620fa90c51bbb6d4fde127af7267d8d492a3f6.py
100644 blob 2c74ebfb4e2357aadc29810425038a3bc06b813d	docs/source_archive_20260908/objects/af1b0d91025e6b118fcb818ca7822d128d0b8a6ad9b00eda4ff95715661478e0.py
100644 blob 1ec4a17a8e6ccc507c2cf6bea292e9c0ba45a053	docs/source_archive_20260908/objects/af212299f038de0401ebb1c4364c59af30cdaee6f82227a50b2f38519d6a827e.ps1
100644 blob 9e26f4fcdf0c5b04badb758cdb0d148dacd08398	docs/source_archive_20260908/objects/af22d94ddcf380a6acf7ef464ba0ef4b2c966f08800490d202649fd44d3e8c86.py
100644 blob 2e61966b5cb67b47e2ef5e57bc5e29f31aa2ed59	docs/source_archive_20260908/objects/af5aa46713b36ba6f493818a9bc56cde5c7d80dfcb27172d58f3ada9ba11fb8c.py
100644 blob 8640f3b47608fc09674fe78ba5a22ad82dd2241b	docs/source_archive_20260908/objects/af603c8bd71cc647143070c07be7ee51bc8074120815f27a2c45b1fd2e9e4bac.py
100644 blob 10f804b227d4e5d85fc53209369b189add49b5d3	docs/source_archive_20260908/objects/af80cf14dea60b12240f86d7a88b1536f9c2e03e6bb25c7be22a3dead84c8c14.py
100644 blob 6adbb64284d219d2839ba86c79aba2b19491e45b	docs/source_archive_20260908/objects/af9795587e7fa53f87ce83243e47909dd86bc4999b5260a4fe7cf1553303bc4e.py
100644 blob c4860d90b2db1fdf4f1d40afd46372602ead1eba	docs/source_archive_20260908/objects/af9c824f635b0519f53beea8f960fb4f653d97c91d949da4f53e6f54093c5b1d.py
100644 blob 347e86ca3d5a343121611a2ecc16f16c9c41f36a	docs/source_archive_20260908/objects/af9de28b0d2e4524465d89b27b7a583e5fa34ede72c43ec6e1276d7912b6fff4.ps1
100644 blob d59c2f11f2ffb70821a112a278aebd307c4ca4ea	docs/source_archive_20260908/objects/afb5e5f0853e66ae17a109e38aa7df8916c5775d376c4ce13ac4fefd7a74be3d.py
100644 blob f26657dc0673fff1d543e14248b428633215cd0a	docs/source_archive_20260908/objects/afe99fefbf71f5078f080f810f32bbef4bf10df98c5be31a0875aaf364a49402.py
100644 blob 059c94f2ce57b39c5398e5c878607606ef2c974a	docs/source_archive_20260908/objects/afece0e75db7977242e0ebe8ce6326cc9d78779000b5c3dba2a3db644945be9d.ps1
100644 blob 76d3c7920b82ad37ac5b3c9d43ec3839ee1d92f5	docs/source_archive_20260908/objects/b026352a4298b104a1dd23c42d44374fe08b70dba575c9a3eea66276e481167e.py
100644 blob 2e5fab2442dd1aa66502ab88c0e20f4e0aa7fda8	docs/source_archive_20260908/objects/b0533a9c6970030592999928cf7a7175b6055c31f6a60d3535821ac0de3881b0.py
100644 blob a23069c984dd641b91abf96cac723a3da292c6e0	docs/source_archive_20260908/objects/b081ad1067934bc41f2670142c21ede5390d909198dced5d219a1ad462d7d107.py
100644 blob d3b5feca746015e9787e10d384282c69a2bc5719	docs/source_archive_20260908/objects/b0a8d4066cf106a50e23ee570ed2ec07798d1e62b7ba10e2ec3e8fb07dbeaec1.py
100644 blob 99a1db164cd68240404b683263e005dd014644a2	docs/source_archive_20260908/objects/b0b366e154b256eba38a0476cdee6f54fa7c8e3cd2684a506cb7696ff2536053.py
100644 blob 57013b2649076614d5c475d301bf64c5f2288e92	docs/source_archive_20260908/objects/b0e8acf454ce063a8e8cad4bdeabe73d0ce1dbe010d889a572d5ce7fa077acf2.py
100644 blob 15648fc1cf225d578eb8a59ef8d2e76030037f5a	docs/source_archive_20260908/objects/b15f1a48f260023c743a7b2c03c318d91eb9f982783ad4432a038c67cbc5bdc4.py
100644 blob 3a9372908467f809aeeb9c152eba23908161a963	docs/source_archive_20260908/objects/b15f46b4d54cf083837857ecaa0c6003d7c82084e0b3f4859fbf145a05b3b50a.py
100644 blob 448d89af1b5fab0480c4ae3bedb020e7ff276811	docs/source_archive_20260908/objects/b17475ca76102142b3839e05f3ade3c3b3475ba748050eb277a2b241cd9f5adf.py
100644 blob 9d1157e2a31a7cb588d2d48204e46e9295734c26	docs/source_archive_20260908/objects/b1a3f65d2c1c317a2a09754d9f4cd7d14fcfbd3d34f19ebcd737b6ff1c453ce5.py
100644 blob 9ba98a4a1486e93862a152399d8985f35113b140	docs/source_archive_20260908/objects/b2290e5848e6c3b3d9ddb42b3dbb30bdf866a544f421446a4fed85bbdc980db9.py
100644 blob 55127fff989a3282a20cd615b20fbc93347cba07	docs/source_archive_20260908/objects/b2ad38c90aab8a37fc2351d6fc9456d58c910e3d8f4aac6bd425060cec3b2934.py
100644 blob 270d13af7f81e534a2b1bea5e43c33953ff245e8	docs/source_archive_20260908/objects/b2bd0dae77f8e37bbe69cf3d3884d2673af04e019efcdef5a2c49c2993254aab.py
100644 blob 178dcc6aa6eec2f3ef40db92ce39fdb039032a17	docs/source_archive_20260908/objects/b2c5927ca69a240e1e626376108762bdd4c4a48c88a34d137f5ce09bff78a5f1.py
100644 blob 2210cd4174ee049c4adf0adbaa4541867a6165de	docs/source_archive_20260908/objects/b2cc519e56b39469d4253a17daf0678c6bc2ac09663e07ebcfdab1e4e7ffc4fd.py
100644 blob 08080fae5077eb8a770737d4d0b7d174f4f5badd	docs/source_archive_20260908/objects/b36013560cc475ccf8ab8626a778cc94b4792348da13dd773bbf7d70d1ae817c.py
100644 blob f8f326c781eeafef42cb59433a18de8c656c6560	docs/source_archive_20260908/objects/b3727dd0a332288b6fe50204c228c53c413d60de9dda3e7d1e03b22dcee3f544.ps1
100644 blob a474850980bfc223ee2436e64722fe393e8c172f	docs/source_archive_20260908/objects/b3d170fd09604caf0da77d7816718e6132c1ce235a4e79f9a257c9828a0f204e.py
100644 blob 686a466a5ffeac6c4a00d2e9dece4035919c13d4	docs/source_archive_20260908/objects/b3e96bcf284678f02aa220b0c0f7c7037ae395a6e790279b1b47adf2b0eaf6b1.py
100644 blob c72bd5ed26841ea6397f1dbc456e1668ea3ac6e7	docs/source_archive_20260908/objects/b3ee2115b50fd93f5de1c4a4390bad6ec549a81a3aa262376a32f80329c4eaaf.py
100644 blob fd56e928a13644470cbb5fe9453c646f4b6ab956	docs/source_archive_20260908/objects/b43803e78d0d0d27ed208bda3c9d08b5376cc87fb7fa9bb6de063464b2fbbaa2.py
100644 blob 4685cdb27ed6168750d3cecb4f682a8d7d3308a2	docs/source_archive_20260908/objects/b443cb3bb78ec16b9c037e2536c2abfa66891c8b30b9f6864f0dd36b72e3f4b0.py
100644 blob 6882f5a628a66f98dbe5a087a1daeeed0d6dc161	docs/source_archive_20260908/objects/b457a6442d4d968f8ea7707a628115ff0b39eadb921372e7bfd8802cc65d1039.py
100644 blob a405fd1dd81467d6c1c777a7304efa6c5beaf325	docs/source_archive_20260908/objects/b46bad78f5bce6d4273c5c9fa5666a9f094b8c90a3e3a766baa7642907092674.py
100644 blob 902e84135befa6374969ba2a3783924f7712ad47	docs/source_archive_20260908/objects/b47eb0c157119279ab4c6957a63fab41b230d704c4b005ad7d56b511d244e0a2.py
100644 blob 4d3de70031f870c6214f7a8ea3545994db67482e	docs/source_archive_20260908/objects/b4ce9375bdbbfcec5933fcd11419a780b0a86180abd412a9c2b6d1cb727504f9.py
100644 blob 6d2f1c55b58c324b9d4e1c097100720f6194ce74	docs/source_archive_20260908/objects/b4da6fd4d5d83ef2deccee41a7972c66ccc6844963d67714acdf53df7b0f4caa.py
100644 blob 42d3e673db29494da7b31435d489daad772fa5b9	docs/source_archive_20260908/objects/b5011765788b748e5906018b5d6dfc244f2af8c5d317de93acaee94d808b5b6c.py
100644 blob a3fd7b336b1277260407efe2bd664c34b1744153	docs/source_archive_20260908/objects/b501644a741365ab0d29b5b7b92f33d8924492338db635fd652927502c3879a2.py
100644 blob 4578f3f2847149acb7548c26f8e9a1cac84570d6	docs/source_archive_20260908/objects/b56cf1e4522905af39c0e9d9d63a2a4de47d1cbc8926cd457cdec3efeed3fec7.py
100644 blob af4eab1f79d0fd18f8f880167237953f5d31b419	docs/source_archive_20260908/objects/b5adbc75355cb68d38e15a0974100fd44739066e12635e33baa884a3a33f78af.ps1
100644 blob 8f0c6cc4483d187bf999540a84e71f473694e12d	docs/source_archive_20260908/objects/b5d2bfda9dff83a22638dedd28e35f9e1d821893f0584609033a7815d098b83b.source
100644 blob 36dd9df5d5d63265c5dcf3d9c9a55b378cabacb4	docs/source_archive_20260908/objects/b60c092d9cd8a3350e2488c786c0f53954a2ec78bb7aee8f6559c5df12d1137f.py
100644 blob 09f4a14963f3a3a4dae9cfba8bbfa3d2842b9c23	docs/source_archive_20260908/objects/b625f0a3f4fd99e91f455c8316bc7342bd1311ce29e267782a567ee94aa9c974.py
100644 blob 4aa9e11c81621db7a80325482c656be7f196aec1	docs/source_archive_20260908/objects/b6534b27b381ef0206df863a491bc27843b3540d6353927fd4687461185e7bbc.py
100644 blob 62a6728719aed3e90bfb0889e54ae9086da77442	docs/source_archive_20260908/objects/b6ac1b8ee41d3fe11a571b06dbf01e0c9f23d971d98e746464bc041f21f8d961.py
100644 blob 719914e8d5498aac72def9c095c623ea370f0eb4	docs/source_archive_20260908/objects/b6c0931b2a6034e44b1354e7fa9d2bccf71df8be8054a4e006af10090f000b09.py
100644 blob b4c5fd2132779a4f9914a39f97b71fd26639e662	docs/source_archive_20260908/objects/b71441b122d697a420c03cd694072fffb4ccf8cd025492dc809037f1b7311042.py
100644 blob 5944adddc2afb63687199872143911b55686c43d	docs/source_archive_20260908/objects/b7912ffe81063db2e14ce571183a998aa62361aeba8f7150323f8acd2884cbd1.py
100644 blob 49b75c1d18b4927d016928faf041942462aaafcf	docs/source_archive_20260908/objects/b793fe2d9e5e24a12ce359a5fde1161c1b7b97d4d9bbd259df566a73c87d48bf.py
100644 blob 5a19a991b4157a8f8439d7db1a2be50e4d534a81	docs/source_archive_20260908/objects/b7cbba3ab7f62161c40a1e1bd489f8cfa36bae58f480a68566645cdb103eb417.py
100644 blob 95f01a380ff1fd39d9a96b790c6829e9b73bdb84	docs/source_archive_20260908/objects/b7d6f610dfa7943d93b9c48e5c5f7fb3a72ba987a365700ed66565926286c57a.patch
100644 blob db481020a3d8c4f09855a83d5f8c3a08d5d90f37	docs/source_archive_20260908/objects/b7f85415ff007bb69a6d9bf0a144e0fb08871152007861241eb26f05181f16ad.py
100644 blob b68db0def65eeac8a37e093b654983a27394b7bc	docs/source_archive_20260908/objects/b8130e0a0fab7b82a37cb4b94bec9a38fa80b35b2bc1e02d37a2142f3eebd337.py
100644 blob 72e6006681ce3d75c69cdf7bf6c4175e1595991c	docs/source_archive_20260908/objects/b84957802d5275bffc2bf1efdc5b68be395fdcc505f220255a795e98e05ccf98.py
100644 blob b2952032e54c1d05fe761fa8f6ecd4cdde91cba9	docs/source_archive_20260908/objects/b8635dec7bc5b455d4d012f82cc3ebcac56612a1430ee2be2bfcc76f1541c4a1.py
100644 blob 7e0fb189a65e928a7e4831207419f655585f7dce	docs/source_archive_20260908/objects/b8681f959a130d70b3255d8b4c2188103fc28e7c9cd0d7e8a04f5af3b4581b4d.py
100644 blob 96ea9e24b86daa17b23290d1deae56d371847c5e	docs/source_archive_20260908/objects/b87aee83b9a998470e78f4ff7676fa4d7667f44f068405a675722948d83bfa26.py
100644 blob df0541ef562980fe0ef076990639ae526ae27f16	docs/source_archive_20260908/objects/b8e1902fafda403ecce2eee042d06668dd10267301a3f8f8b4479d5e9bcc61ff.py
100644 blob 70bb99414c20584b769494f9c6930dafd4cdc862	docs/source_archive_20260908/objects/b8f6326ea7d86bb999e39830e6511328f1d494e99d0e4a5597852e16ee25dd99.py
100644 blob 03215f8ffeb24b03d1da2e116e75baa43fc64b40	docs/source_archive_20260908/objects/b8fbc89bd6a2e72662f62f0fa874c079414ef9e746ca976e8d237211166e2141.py
100644 blob 8ac22c085e3e08aa317c44b9b9545b6d3fda5080	docs/source_archive_20260908/objects/b91b6669dd100a8a1aa9e0441b5128ac232aac73b63116d2113395bb12519cdf.py
100644 blob 8dc51341b8e3f9cb6da25d194c047d4193832faa	docs/source_archive_20260908/objects/b959653afe22cc629b461c6ae0ebd71888d46f29a90d2e21531cf543a8382aab.py
100644 blob 51b4017580dcfc048884f1d07da9ec01130e3a4d	docs/source_archive_20260908/objects/b9ceea13a15fef2bf20e687832456395f009bddf463152d1546d2803e8c4e401.py
100644 blob 60edcade3cab96ec75c0a24f73830b596ffa3543	docs/source_archive_20260908/objects/b9d14e2344bf2c9fe85994595dfde9ec8b66f4d2bebd604013a553269eb790a2.py
100644 blob 1959af196c50153b3da76327d2ff6a598607538f	docs/source_archive_20260908/objects/ba126dfd717ed8e3d61a0cc68b325b8d3dbefeaf53125293c8dd1de566743250.py
100644 blob 3e4b4dd25153bbdb4626726e9147d94bd59bd0db	docs/source_archive_20260908/objects/ba1bbbfa2c38a43cdb5f567b2cf4d06bcc109171f697f80d14d4af94bb04a7db.py
100644 blob 7dcd67bd53371ebeea71d6ef7a24bbab2a6d5c8c	docs/source_archive_20260908/objects/ba6121ba56e9a4b8a5439cb1bc33a6f09093c74ba9ed5138923973baaae954f8.py
100644 blob 1027a27ee13411e8ad792559097206eec6a2a52f	docs/source_archive_20260908/objects/ba8e4c0b34c6538cac11ffc14314c229ba2c9537137d4f3d8e3e7c0e72f27e97.py
100644 blob 46effc4b15a73e8a5ea8753c32f63df5d85e2058	docs/source_archive_20260908/objects/bb325a880d5a73cd7afb1fd52a48f8b5f83da6b86b09ffdc80dda8142bbe0dde.py
100644 blob 70a17d594b27f6ee8506c3a934d562f632df44b6	docs/source_archive_20260908/objects/bb79fa9743b5ad5849b909c4b00247c6dd5134942477b80950bb841e1fbde28e.py
100644 blob 4babb757382fcf4af85255845d0798750c078492	docs/source_archive_20260908/objects/bb7d8eb8d48a7982423c4aee81312cfa8ba5970768e9486bd27b15ca0dea865e.py
100644 blob dc49c2416e1fdefcc8e006f2c39e4d4e1ef37a1d	docs/source_archive_20260908/objects/bb98f08c8891be2828264f8e43638d06d8e9665440fb1b7a11bd41e73bb59618.py
100644 blob f4f20cb6c43380b81b81c67bff42222077c79553	docs/source_archive_20260908/objects/bb9abef2827a47a1222d7a52086e0dedf01e2112f9be11e1c1206c55bf024664.py
100644 blob 8e5ac522b09bd19b05ed7ff90b0acee614396cc8	docs/source_archive_20260908/objects/bb9e054d9af2a6d7a559640eca053b4f5f39a960b52e3a7844768b94e7f1fb4f.py
100644 blob e53a012c25577c9b32a6ace4fd3ea7ff89b8ce1e	docs/source_archive_20260908/objects/bbc7ce85b3885f0d6c4f1bed2b91e824a8025fa5c026f898b7f019ef303aa0d9.py
100644 blob 6ba8fc9d4a31f2f23dbd859d3540e80ff04e1e07	docs/source_archive_20260908/objects/bc3380eca67e0629e08402a3257423453f9be0c6e5201316808f51220326c51c.py
100644 blob 236b673d27545cc6fb3d94744e86823b65d579a4	docs/source_archive_20260908/objects/bcc7b59f381eb8e964bb21341a7d4cd42be0882d44685f6ad76ef540d305140b.py
100644 blob 8cb46bd213fc652eed49c3e3711d3a9e28453657	docs/source_archive_20260908/objects/bcda397efa1511e9514ce4949c1924b7a981387b1cfecfacf55d6e0a6fcc1c04.py
100644 blob 170f358357ba3b77479b0d45621b9a9fb9346f1a	docs/source_archive_20260908/objects/bd15a920d8e73a4937712b89597ff55b8deedb7dd09e3657882bafb03157c70f.py
100644 blob c93de984bed3a856868fa0e83959a81f07f207de	docs/source_archive_20260908/objects/bd283a1cf3213758b15e40af13c7d6075053406faf5e115d9bab28e332e8cb2a.py
100644 blob 3c6e19ca686a403c827a18f338edd9d0604d02f1	docs/source_archive_20260908/objects/bd46730d9eba7908e29a0562052ac121feb9bb8431fbd6d2cd5d3c2e9c8f98b4.py
100644 blob 87c40b60433133cee9cc177a7b56de660d504189	docs/source_archive_20260908/objects/bda315cb304bdf5bf9d7c45c33949441a7173d94f59930535b9c537a5d08b8d4.py
100644 blob 1f2dc4008f60874e62ef922dc47b7ff478b42c22	docs/source_archive_20260908/objects/bdba7a6a412693318e037f18dba6ac6717e7484fe5b0983f3e55980185c98b38.py
100644 blob 7fd3b0dce412016a6dded0fa51d7c4ecdb0938c1	docs/source_archive_20260908/objects/bde95fddb82f0accd5b5eef47c7d830575be3bfeee8651aaa767a4179a7a9350.py
100644 blob 214746cc527785ccbacf681d267c95b5cebce2cf	docs/source_archive_20260908/objects/be3f3f19b2fe9a0918e977067bf6806e9ca9b98b47340ba477326de2ddc68826.py
100644 blob 0046b1f553c5d1d0dcfd5267d387229a2f196e55	docs/source_archive_20260908/objects/be7d589772bd0664f87fd5fa80e700d75c03856ca091605fc3ad8a32478c97d2.py
100644 blob 7d131245ab0654a1f0d65c855d4604ca52f4649d	docs/source_archive_20260908/objects/bea13649b1128bf3b3894c790e98a9273c07debe4e6a01c50f15773dd0abd112.py
100644 blob 6064dae59dd34c8d1284b2c71a567d128dfc9cf0	docs/source_archive_20260908/objects/bed12925f26832c417e738f52f16545e1d4195614379b3300ee4b4efbe588ed3.py
100644 blob 1acfd4e66371d56c9dffbbca37655f1cbd8f0670	docs/source_archive_20260908/objects/bedd86cf1cb72af22b22d9599e88e8d0cc3d735450c6786683df83faa0d356c2.py
100644 blob 3a50b17ee18d478a60b1f78af72e5b0f9ce36cfd	docs/source_archive_20260908/objects/bef391ca946653db2352947de6278863f7558db9deff697bbd3582b8fba87402.py
100644 blob 9764485074b6c4c37135727f6e32b8ba17a615df	docs/source_archive_20260908/objects/bf02552417c0b70494b34fd20ff69cfbecacf888e3959dd3078d0137386cbe9e.py
100644 blob e6141f604b168101edcd35751a6b357df0bd31db	docs/source_archive_20260908/objects/bf2903fe082e8327ba62fe019c33ab205f908c4f965f26c5844254659315beb2.py
100644 blob 1ba5bf610d26e7052e5914d786c10ad04751a8ed	docs/source_archive_20260908/objects/bf49e173c315b04a51fbdabeb41d61f1ffe9f1f7e3f137f9da7918195ded034a.py
100644 blob b0a544f892de8bd9e011fc2ffd56d0f52a4d1ccb	docs/source_archive_20260908/objects/bf62d14a3eba1e2e7bb62837ae63aa9b55e55f1eca70a05aa99b090aeb14823a.py
100644 blob 80d1f3c82ff534833acd3e76e9af12541c5ead30	docs/source_archive_20260908/objects/bf82d15e8914d3942042a9b05bdbbc650cdfef91702106f9210de4986641ec46.py
100644 blob 42321bcc0dc636017925a07833262b78d69c6795	docs/source_archive_20260908/objects/bff40088a6c0e4f11a0f9472cef5b5de24720935941984f35e5ff8c45582da1c.ps1
100644 blob be15b158d8166a45f97bd38ee809417c0a7b1a96	docs/source_archive_20260908/objects/c00ff4b8dde323083a8d484bb06f58145328e2cfdcea07f2d64a5c9b91beb5d5.py
100644 blob 554ee6ffbe7732c3a079a4fe173dabe4715fb5d6	docs/source_archive_20260908/objects/c01065bfdb12bcbf49f1d83d1c54414610c6c61f77d88b52a0a4755a280fa105.py
100644 blob 2bbadc992c2918a1f3861223f7832e9043ecc186	docs/source_archive_20260908/objects/c033a43c301bf9a26c89712ce041afed81962504e1acb7b7316008822a591503.py
100644 blob 9ed6e52968b9da08d59beed6a12794c399db71d9	docs/source_archive_20260908/objects/c0458b52de14ae8c1037648690866be99885dc3cd70caf5f1c9b28d3b2e5ab90.py
100644 blob 46ee319228eb0e9cae41b9b87fa01e4b6bc25d27	docs/source_archive_20260908/objects/c0a1ae8c5e01f1e3895b3195fe1c8da75bc4dd2d38b487adb18d1aac920b88d4.py
100644 blob fc7501001d3847987e7c9cf56bdd29e3ab15721e	docs/source_archive_20260908/objects/c0a20e95ca0b3b93821ae8384c984f38921fc821e22bcd5f44ded88cd3d43141.py
100644 blob 666d40f2798a8a066f892ac5ec7b6fe1908062eb	docs/source_archive_20260908/objects/c0db015e1dec7fcab13b2caac441a8b6409f9faed5a58cc39580ee137c68f06c.py
100644 blob 0c31aa83faf75a60c421b6a3c2d7ae6a637f795d	docs/source_archive_20260908/objects/c0e0faed692070b43a0880d7dee3bfbd7906bebc677d566e145dcb6ddd049843.py
100644 blob 1f943f56b60fdda45c82d3b19e15f2e80bc5432b	docs/source_archive_20260908/objects/c106c5b427308f1ef50244b5b4b3cc0aede516544872bfb6014d2bc3e979f342.py
100644 blob 9eda58bf0a4464f344d7e1952065642512776e78	docs/source_archive_20260908/objects/c1106e80431b82ccf7ed04e08a74e006884b967337fc702db3217ca032d81750.py
100644 blob 0f252528f632fe5ce86e10a7240e6a09ad33cbb5	docs/source_archive_20260908/objects/c14dd59386006eaabc7648909ca067a93d038b0f8899835f225bfafcb93907fa.py
100644 blob 9bc83c199167b9fc243a7c2248b7b6e9c0ac6241	docs/source_archive_20260908/objects/c1db9650a4e9c480fa9237c7f81c58b5c3d86e2efd8988ba696ce59ef6d090b0.py
100644 blob c6d200c6ea68564d1697b8086efe7fdcc81d1b0b	docs/source_archive_20260908/objects/c1fd15f0209e29fff0804ba17b8f73236c738528b725e313ec715ac6b73e0673.py
100644 blob bf84524a9f0361d30f52c7ef98651ecc7673f388	docs/source_archive_20260908/objects/c27a69028dec22f43ae3983bd04ca12ea58a4e9e861f6f5db772835db80caf37.py
100644 blob 0d23e70ba1fd9be71e6341c68dd4bcce90f131af	docs/source_archive_20260908/objects/c28e9ac020592ac9f3aa80c13430a41cc055c597f0f0e9235de5d1eac04d942d.py
100644 blob f6dcf37ff81ccd1a8c9c2102fdfba244e7de26a7	docs/source_archive_20260908/objects/c2ef1542c9bc9c744a8e63d0adff2bf342c85c3baaea19b3e655558d1daef9ac.py
100644 blob f01c8b76dc9631f76d6c2ac9ec31563eaf5f7257	docs/source_archive_20260908/objects/c32b5a8cf15f2b4796fa9a6e85277e0fa68740d4e281a9989183f072c972f898.py
100644 blob c0dc54823da4cdf0620b501617a8d9e8ba300610	docs/source_archive_20260908/objects/c33255d20b2d32fd2211a89f4b756d02c28a21b12b0b1e4778503dcd807e0970.py
100644 blob 4833c5d26604d15a29ed7267e0671e2ab2e60541	docs/source_archive_20260908/objects/c34342119560e2e2fcb147ceb5e094948ca06e3f381543fe02366de0d1b4e081.py
100644 blob dcf745c51bd5c4423a7296b5c4b1faf96e3fa96c	docs/source_archive_20260908/objects/c3590e725043adfe180f464c5d4362a536b1ff0529639ba0458b944586e120a6.py
100644 blob becad0dcbb7203ccb84b0a116c4020f106d399c2	docs/source_archive_20260908/objects/c37f86e48bcebbf74e53aaa510d26b9208be04d71b5b6b57839aec43244e1cb5.py
100644 blob a969425cc43e8a1fc98138fcec78a827c8978b64	docs/source_archive_20260908/objects/c380b0a767f280860e813e2417180dbadc2ce7cc1aa53f842ea206ad3da0ab88.py
100644 blob 28067c3a269d51cab203ab8fd010b9c334598e49	docs/source_archive_20260908/objects/c39c88b973e31bfcc193e14674371966f53395393af8fe2ff349e7550151f8ed.py
100644 blob 1cbfa29fe99262c6e47f52863701872b797fda1a	docs/source_archive_20260908/objects/c39dc255829d503502f3b0dd70266bf8864f72296e3f67b2903e86ab299891d0.py
100644 blob 7409f9c5bcc9696d89428eb3cba5aa864f0c4086	docs/source_archive_20260908/objects/c3c9577ab4afe5be329964ef3cd72c14f17eb0e5aa775692ce90cef4ab38a3a6.pyi
100644 blob 826cdb0c0047f7755e0084bec81e44e00583a4bf	docs/source_archive_20260908/objects/c3f8983ae619d23bad4628ccdf6ecec732057f5f9b443e3b5d08ef2eeace64ea.py
100644 blob ef4bc3df8faad894339156194d3122d4a1494385	docs/source_archive_20260908/objects/c418f19de009ce825593fc3491c71c1a3662a91db0b6dd7e8f8245caae05b822.py
100644 blob 88c95212b82ec016636c8f3be9a637e4341f4354	docs/source_archive_20260908/objects/c43667af2a9043c372be45646e629e8c9ca47dca177ddb8208e6a1a7b9edb26b.py
100644 blob db4fa989df9021f5626ef801941d5fd76ab1e037	docs/source_archive_20260908/objects/c4838af66a4ba455e5c25a6e1ea357cac39f852c1186d07cdc92b2986e70a89c.py
100644 blob 78e45c49a65bf266a47bf6de9c756d0c39aaf8b4	docs/source_archive_20260908/objects/c4b5dcac42d53e3ac5bc72530d8a33a3080083d5a69e2cff25d57434c8030360.py
100644 blob 992a16520aaf93cb52cc730b4e015c481578f8e8	docs/source_archive_20260908/objects/c50526cfeb31becd1dcd024d8ebdd1092291090dcf193adf2060ced3d9796e06.source
100644 blob dbb60d391d61d31140d3ef99cf02734b3f059c2d	docs/source_archive_20260908/objects/c547faff285aaa759bbd0ba35b385db0bbdb173ded32bbde3f5928eae8da4fc5.py
100644 blob ce84d0262187995373ac94229addb65f4032f67e	docs/source_archive_20260908/objects/c5a433b59334519ad4c5f88e18040e05265988c8d00126ba139c3965c78b52ee.py
100644 blob b2540917b02522233cf6362152e3900d545a973e	docs/source_archive_20260908/objects/c5b8c0b09ea976186453f9f71e53fd3ff174589753c7334cf93f70594d20cb58.py
100644 blob 6bd7aec3a4367290c6398629b70beaa3b0c1fa7a	docs/source_archive_20260908/objects/c5ccf7d759ba380fff96521634aa814ebfe1c255b3294a9a71a90318f08cf24e.py
100644 blob 9670ff32b6f9ad80e6f037ddfa9f20ab19cc8f2a	docs/source_archive_20260908/objects/c5d73d7042088a5d7ac891ed03baa14bebdfbc6e58f7e1ee21d99a0e04268dc4.py
100644 blob 66c87041927a0f66f64a9ee857cf1ab3a1269f56	docs/source_archive_20260908/objects/c6143fd4e409e458cafa99926ceafcf00cb336ab0aec5eb1b5d6f801f24ab127.py
100644 blob 6652a10f706a56fcb24f35222e2cd119e99cf8bb	docs/source_archive_20260908/objects/c619cfde3c85720fd52317f65e63d3a1d04590d7807720cdfb0e5ee3d962bb15.py
100644 blob fa07df873f71b503580c511b078defe8c6290246	docs/source_archive_20260908/objects/c6514f32a521b38308e1e92f07b1b9ac838165ddd3236f1297902beb14db802b.py
100644 blob 14e708a1e92a48286e6018c531cb11b62173b830	docs/source_archive_20260908/objects/c6d9d91688eca013c01d7d7f55f5aa888ca658acdb7451fdb6cecee82c3ff922.py
100644 blob 8cb75e8855fda0640def55fcbd8f9fa3462f7ad9	docs/source_archive_20260908/objects/c6fe8bc7ecbbdc70babe921b05326e09e7d5b0b3aae0bd15e46a6c1ac42c5e91.py
100644 blob 50f1a062742500f413e2a9af59ffaacf45235ed4	docs/source_archive_20260908/objects/c759260e2ac2076c7bcd38484859fdd95f46352f40e92bca2c47a06beb25ed48.py
100644 blob d3f8ec89d0486b58bf5ae0c008e4cf8e056b376e	docs/source_archive_20260908/objects/c77c84cd5e8c6bfc17ce26093be4b2c19cb92427c2d2943dc4647634ea96e7e9.py
100644 blob ca6f11e49ba4de0a7b1586868f5ef9a90cb7110a	docs/source_archive_20260908/objects/c78cdda9c9548b8e9d28a11ecc82ee1d07cbc2da3c1095e0cf4a7e4fea6be3ee.py
100644 blob 164cc92a96dd7cedb7cc35820869ab354568dc29	docs/source_archive_20260908/objects/c7a460ed06e00815d206602358e7d2a2131fb71bca6b7e98890cb201e041dbca.py
100644 blob 998c8611e1f0ac21bcd65dfa7e163a1b90d52c16	docs/source_archive_20260908/objects/c7a664d21a55728b89d906285e237e691850f2f36f3ee865d45dbdc9cd0de8b7.py
100644 blob 9e65d515bfcfe60b9e05aa8ab14a007612b88fc9	docs/source_archive_20260908/objects/c7b06621a05cda5610d86dae85cd7b83557038c8d81a88a31990c6e1465b200e.py
100644 blob 109746063be54c97aaac8f068f80cc8ab5f2cf57	docs/source_archive_20260908/objects/c7b20fd1cefef2dd5153f93d665bc861498aef2c64eedcb3be529258a678955b.py
100644 blob fc4034db2e6de9374e1d327b9cd8d91d906b4f77	docs/source_archive_20260908/objects/c7fbcd393a393a95b8219a2bb557e0441943a62fc5229fe8f64bd37096a42f16.py
100644 blob 6305e5ce06a4048064aa67b165a16ca556574c07	docs/source_archive_20260908/objects/c847bf818e75faf6e04f78111909844d486b0484652f3fff0912cab3f0c163fc.py
100644 blob a7f62ec6583f7b1e6982e05bce4a8aa6bf5c82a3	docs/source_archive_20260908/objects/c868a3850fd275d20eaaef58368b0c76a540c967d45deee2c37a855c737ef283.py
100644 blob 92aa92edac4a1f2da1b1672a42e6354388282443	docs/source_archive_20260908/objects/c8a9b7c9f256dd71daa10ccd85673634083d8a7d2c8541ea40eb35667373665a.py
100644 blob 49c510b8995a35b433327ba02b0eea9635bffc70	docs/source_archive_20260908/objects/c8f4c4aa2bb76da9211bc580678037b250dfa57ea9bbb0562cb0b1712e5d1c79.ps1
100644 blob 55e024736ae0ab0c5e488d6da6513cce3b852fbf	docs/source_archive_20260908/objects/c939151e11830ffc88e6d5c08f81c0ce5dbf7abb4f3469b900a24fe2142847a0.py
100644 blob 79c6f02f9d788a363b09d639353e59da9d68f4c4	docs/source_archive_20260908/objects/c967c240b066d50c4ecaa93ed72c88169dcda77e9f119f4ea886e4668f36a53d.py
100644 blob 4f0554ff64972f0cc38ff5f2fca55fdc0f450877	docs/source_archive_20260908/objects/ca1dfd1f8f93d6174c23829c8729c6c772376de0ef4af28b2738ada261b96e7f.py
100644 blob 53ee80433c3e8cb9371dd928a624bef9ae871a5b	docs/source_archive_20260908/objects/ca3c67af1bf2b9603363d30f385cda8a0673ae651efa87fb4ebd54066b47cdf4.py
100644 blob d92b0402de995c65151ab722a555af078d6a3590	docs/source_archive_20260908/objects/ca5eb04ff5074a8844a3c654b749a05fa6af7199850ba22d3bf9f7acbb6d5fac.py
100644 blob 2f7ce0beda99c8dfa45a86f0622a8682a05a3ef1	docs/source_archive_20260908/objects/caa7d9bf1b62df137777dd7ed54ab13699f717e21a33f6790095431bb4932968.py
100644 blob ae37b53922649a8c6b3d92823494952b9a57a2ef	docs/source_archive_20260908/objects/cb0258ed590444250b6e35d82a3f03a412c5b41fa1bc3f66bdb6d8dd4fae2702.py
100644 blob 32244395301deda8353ff8bc826a2faec431257f	docs/source_archive_20260908/objects/cb0aa1e8882b80e4830e7d6a21484ed91d33b16f62a2e0c766a2c0fc5557a003.py
100644 blob bdea0195c3da075a48adff718440d8b029aaa5ab	docs/source_archive_20260908/objects/cb4ab95b439abaffba9698392fe45a7625fc67a6bb5a2a1783d9a61c74cf6d5a.py
100644 blob 184e4601048c297705c049a2bb4b51a521255866	docs/source_archive_20260908/objects/cb8640f88439d0bac8e194856feb20ca1533a6cde7cbbc80f807f718951337e4.py
100644 blob 48e218ab5ee7843fd4f4d4386ff9f9ab447a2a3c	docs/source_archive_20260908/objects/cb930f7b9ea015cb82981e217bdfe71d26168320596d30c7217a5bf745326ca6.py
100644 blob f37d3a696a3699c9c824ea44d09f5548f0a7b890	docs/source_archive_20260908/objects/cbce70781c1628b925af0d97c467695dce18def251fee848f513b11171679aa2.pyi
100644 blob c584e5984ea627ef1f2096b277c69b99aba01fd5	docs/source_archive_20260908/objects/cbd626e63ddca48265359a7eafe4bb6cf409127243dae71d0826b22e293691ed.ps1
100644 blob a1120ea66f3022be3a52b36207b05370d1f59d25	docs/source_archive_20260908/objects/cbdc4a43071f567f3a66a7b752dfa62cd723aed4ffd02c23c7988b4dec4c36e5.py
100644 blob 617306deb25a58b856060bbcd54714011ca11fe4	docs/source_archive_20260908/objects/cc5619cd6c34852205331b288a6b76582b5d51221ad498b38895665901f77423.py
100644 blob 33a2724f26eec4cfd322e0fed05b41092ce343cb	docs/source_archive_20260908/objects/cc8c2323f7ef170763c29a89a86f665ae4700eb5bfc2c7cebbcb393e760f1e5a.py
100644 blob 8032eb7a94567960d59e220eed0fc6b1f25a7a1d	docs/source_archive_20260908/objects/cc927bf87d04ee8befc30c05ae3912b2b3e152bc7492854ead55a9a262361332.py
100644 blob 56d9a96df2fead4299f71101ca9feda27c945628	docs/source_archive_20260908/objects/cce37be03bf4e27e1351611febfa1c88a1e222043c2f47ca38e16024d1e29ed3.py
100644 blob c416919b581649bcc88d9f44178dcf48d58cd4df	docs/source_archive_20260908/objects/cd650dd8942e4098b1f18d2a55e85a8e3feac1024e47960eea3c7acc808c3605.py
100644 blob 98387da23c7e8f7f6748f7acb6a369497912e261	docs/source_archive_20260908/objects/cd73194bfba17e0cb4ff1d5a4160ec66b2a85f5febb7492da86ee6e76eb3e02e.py
100644 blob 13734a5f4864005f2118f1de92b5d8b688b14078	docs/source_archive_20260908/objects/cd82a4c1f297a94fcc03d2d9c82ceb354b858050e2e0daeb734e35d64cda858d.py
100644 blob 63e80e6521df3d69137fc58385c07c4140ee3579	docs/source_archive_20260908/objects/cd8331a736356d9963de73d7f377bd8981055c1b329d4ade112e04313c07ada8.py
100644 blob 2c888ca42bde5820f4eb6b2978dbe95c583767f9	docs/source_archive_20260908/objects/cd85ec391eeb53468da6ebfc15a10051eb9b302a13f187d851977fbcc95497fb.ps1
100644 blob fe42425a43e9b06d5c4098c423cafa45b5a6051b	docs/source_archive_20260908/objects/cd92d9ed88d1da258d79d8da2be0e0679a94fde658a471340f4294ec0da03218.py
100644 blob fb8dbc710b0d06db80f6d7e9b0ac9743cf8229fb	docs/source_archive_20260908/objects/cd98168ab983b414435e9d2c5351d648b6fcf01f75a50a1a24a8aebbdf793ef8.py
100644 blob 01c31337eb313ef3e0afbe2084b95c57e0396460	docs/source_archive_20260908/objects/cde1beecdebe388b4f75c81cfb06e8d7340911c2082cbca3514715ad0ef23429.py
100644 blob 607b01278dfbb1705cb54a43679a7c169f0eb2e2	docs/source_archive_20260908/objects/ce10a3c1e0cecc79247a3952e757c5012bb3185f3f3f934f281aa08dd9c8b97f.py
100644 blob 5dc5e5f34545c0bdca71b912ed28f3d1ea789c9d	docs/source_archive_20260908/objects/ce6b5328ca50a79a4cb2d15c315d7e7cce4a8f841e0153f4a9098fb71b981cc3.py
100644 blob 8b9d57dd066d524bd8989e4a10fedeea0aac789c	docs/source_archive_20260908/objects/ce791408e5b00f78926e227ef1fb3d0bc93cf2ff1611b8a40ffeead9eea3cd20.py
100644 blob 93f511c9296828ebafd914daaca4a0df9e55cadb	docs/source_archive_20260908/objects/ceaa9972dea0251a9e177b828d223acc2b1118881dfbbbdcca91706521374552.bat
100644 blob 7a5e9433ca10cceece8eb08587fd9a3c8b426d87	docs/source_archive_20260908/objects/ceba3e9bf10ab7a67e36d8ed39e3eb00197d84d9a9371fe2d9f40277d2484806.py
100644 blob 8ba316a4f1aeaf9ad943b95d80b439d08b18d31f	docs/source_archive_20260908/objects/cf0fce4b970131faed1640a4792e2d07b71fae21a74fe8cfddd2cd5acf07caf4.py
100644 blob 5a05aeb7000ec47b04cd20ecce6abc54ad41161c	docs/source_archive_20260908/objects/cf30db338c3a39c0060cd23693cf2a141bc78f70d2e58bfaf605114225fb146e.py
100644 blob 722726b61ff0557fa260707347e2e01d6282c469	docs/source_archive_20260908/objects/cf950194aa8eaaabd6b69aee207a2e3bdbff3a660a3cf677cdecb74788a5804d.py
100644 blob 619c9e141bacef09d11f838b05a02d6ebf16f3f7	docs/source_archive_20260908/objects/cfa8835bf39ebc41a43f832278067c8b611142cd96cc928492a758b1d31f97a5.py
100644 blob ea6eb3eb22870c7be3474e8fc3c2d31ebd6ef8e2	docs/source_archive_20260908/objects/cfaf165b03b8c447f5a9cefb1d84b90dce9b44e980facd5ed74b0a1cf0b0b657.py
100644 blob 825ebc8dfdab222b38b0a41d3c7bd30bb50daf97	docs/source_archive_20260908/objects/d02223b3c250831c0a6ce00ce67352c6826bbcd31ec0f539b786e15e36ba1558.py
100644 blob 47fcdca877dbbe1cd920d301b704e499caa2c15a	docs/source_archive_20260908/objects/d03d7eab04f536d81297fa0e09db0ef12c191fa3ffcf5d49660842210fb39cb2.py
100644 blob 0259fb70a4c3764e5ac2e7b01f632c0958551b23	docs/source_archive_20260908/objects/d0801b33c85125f0d78d7d5b51297a8543cdb9b74c028673ed59b7c6186516c4.py
100644 blob c9e9beb940dfa8ff357653fee5bd821104aada0d	docs/source_archive_20260908/objects/d0abb5dbc7c7edeadb97df1c6aad0851e8c6944915a90b124a42f1ca9e8ce6ce.py
100644 blob 5724949d673d585d0ebb46656ce9e31e38c35f1f	docs/source_archive_20260908/objects/d0daf087346056c6c8eeb86b56587ba3b20c610bacc26b592dc9c2d12cacefd6.py
100644 blob 7c65dbf35dc816af11d59c6b3d0f5cea3f902218	docs/source_archive_20260908/objects/d0db2c03520502a3886598e6b2b49ef6009a411a950c96ca5523618f48b8c49d.py
100644 blob 92c0c2eacbbf617d84f6ce2364b4d0dd45dd15d2	docs/source_archive_20260908/objects/d101b9351fa971458178e355ac0fe3e3bdfd5b067138dff7e9c60de6e5bfe1e6.py
100644 blob 25ea9900bfc9b709df0c8e62627689cb988d2ce7	docs/source_archive_20260908/objects/d105e0f394e44da87329fab534aacbff0420ecfef7ec0a2b07132efcd4133909.py
100644 blob 3c3ab4e72e31f24cfa8f5772f65067c6f6ac2b11	docs/source_archive_20260908/objects/d119aa3de65aeba4d39dd2ca96eca3a81b229f59198a9fbdd8a3f1906604856c.py
100644 blob c4738ef8298e21e9b82c58ef8dd1ddf74577ad5c	docs/source_archive_20260908/objects/d12df773a6f3247817861facbea456939edcae7309619013a440bbdaf25b751c.py
100644 blob 2d7e5cd473c5ca10d6ec01d5e07eb9ca94727b93	docs/source_archive_20260908/objects/d13613a06b5a52aacd4cf5a865e7acd009356d08ecc8c7c13e169b5a28e9a202.py
100644 blob a33196fbcdb2b30483c23546e15f39befb89396e	docs/source_archive_20260908/objects/d188038800f97a883cc20d8791943b485600218943a05a1578f892dfa6488795.ps1
100644 blob 0ef5195ecdca9127c75941062bd5d85654acfb41	docs/source_archive_20260908/objects/d1e9fd2f4e77f1496714340357154aa327d8893cf6b221075f274aa52ba3f849.py
100644 blob cf47c2a3a33d976275ee243139f3934e8355a38d	docs/source_archive_20260908/objects/d242bc5d5030468ea5c5bb95009bf9cf8076c15f6929ea40561d82c4f8fd9e2c.py
100644 blob 79ffb0e16eec582f5d37ef9e8fd55f94bcdd03f5	docs/source_archive_20260908/objects/d247578ca9fa332b1a35b3500591b29559d94eb0150247aae7dbceb2642ab68e.py
100644 blob 5ad67cb462e594719bbf9df6de283e7b291aec29	docs/source_archive_20260908/objects/d25dc35d10ea23a76bb8bc24416eccd168bd2aae4d9bd63d16760b879bc4be73.py
100644 blob d202fb44273cf50a4d41ecc15183405875415f7f	docs/source_archive_20260908/objects/d261d824666add43fb3f6414eb39073b65ff7396c059b8d1b7246aec2a18e281.py
100644 blob 344d25d808a55d54e118b23373f2e5db36a0da93	docs/source_archive_20260908/objects/d28534d247bde8bd69894a755f949012e98aa2c548144f123761f8114b22110a.py
100644 blob fd394340ddd28ebfc668a19568048be25b0558da	docs/source_archive_20260908/objects/d2fd8cd8a1a49f2cb8e5e732c70ab037ac608f34ce01f66a8211221bf77e706b.py
100644 blob a81067d14fb775b40fb1fd51ea1f5d685e835caf	docs/source_archive_20260908/objects/d31cbe70dbb24948d8bb16fab57d839808f11473068bac568a503ff26ba89fa6.py
100644 blob fc6b199908da63c66ff96d534e3de46befd68af4	docs/source_archive_20260908/objects/d3623b539f06f063727817f613d3389f6fa88c830a74b9b1febae56ac53afba6.py
100644 blob c49a8a32850528027dd443a1244c7fd3ec632198	docs/source_archive_20260908/objects/d37a9e44a9549d24ac0121c98b3e18f60c01d8d21afa2dbec59d79ff7e7b1927.py
100644 blob baf6516f53331076c48a6e886cb18066ceae31dd	docs/source_archive_20260908/objects/d44f5b9d4d934c03e37199346061cfb214b8c16da0202cb0ed9c85626ae21303.py
100644 blob ab368fad88c3a894303ac47d27da8ff3fea6d077	docs/source_archive_20260908/objects/d470c22c172b7447b0df3792e33e6f8ab1c71bcfbfaa13373f95462f50a35a75.py
100644 blob beba726f34191d2acc32b74d81c44a4fdd53a44c	docs/source_archive_20260908/objects/d482828163fef71cd8bd8a32538ffbb7dcae16902b75f34537e1991e69c22c9b.py
100644 blob 9df7a28a1db3d52551745613e318916be3d0d159	docs/source_archive_20260908/objects/d483b449728b644408851c668c0a376188de78e41756bcef5962ed8ee39dd349.pyi
100644 blob 63c3e397c81720b1c8640f6da6787d6f8a3e4747	docs/source_archive_20260908/objects/d49e19fc1f6cbe1425127b560b249018ba2689e3596f34ad516f65369f020064.py
100644 blob d72fe91251f0d88e1bfcd19e3d01e65dcaa161d8	docs/source_archive_20260908/objects/d4adf85e3fd6e8c1f74057c68ef9a13905b80e4411b66178341231d396a3d86e.py
100644 blob 935d664262240ea04bad7dde58ad59e36843e833	docs/source_archive_20260908/objects/d4d162e92d977cc12615b828e16ac49a32fecdd4d1d6c69581d0591c12503e18.py
100644 blob 648417a5416c6492a564266b13712c255d819184	docs/source_archive_20260908/objects/d503cdf5ae91bc9d990b2f2b4fba57b31f04d7d512d5cda7fd98432968bdf50e.py
100644 blob e55b061c8c511d4e9cb59cd9a10d79a11b81f2cf	docs/source_archive_20260908/objects/d536b22be42182c13025c338900e6e79e7246719b2231a597c9a68bc724166a8.py
100644 blob 79f81f79a64099e1720e4a9fd5cf66446966fdbe	docs/source_archive_20260908/objects/d574ec99aff1581a9964b22c9c24bcc1b2d7cfe09a2cace130d9dbae6f425d14.py
100644 blob 0ad744853eda5fd0bce3e3235faaa1d9a9c248fe	docs/source_archive_20260908/objects/d57bd289ce4f5071f199460995164885d2d7fdf0e30b6c1ff88e5620cb75bbcc.ps1
100644 blob b6eefa141b04d458a9795a97bbe8666feac6f652	docs/source_archive_20260908/objects/d5c5bd4a43874474f5abc3c77a6faab6c15d33a7646c4e4c1230ba16bfdad8be.py
100644 blob b7e478f16b6581c6bc6b2eefe94ff763242fdf9b	docs/source_archive_20260908/objects/d6121b2453541c43d6f9abd06737c9db5d8939f8112266dbac9483f5334283a2.py
100644 blob 91eefc15309612222721237cc774e5a230afcccb	docs/source_archive_20260908/objects/d61f7743f9fcd237da3536e2c3629ae0d0307fe9ba222a3ccc34564e99f91b5b.py
100644 blob 8e549fe6da499cf3485511a15dbdc3bd44585509	docs/source_archive_20260908/objects/d6360bb221ccf248b42c678001bfad1c55a35ea9f4fb94e75b0900936f591a75.source
100644 blob fadf8d0d13ff1b8b42594087c5789f6eaa7de7a2	docs/source_archive_20260908/objects/d6535b95bae23c60ea06b60e2045f478a4f521c48632d3b2753270866000f1d2.py
100644 blob 36b7e6300112a55210ff00b1942a8bce4f366822	docs/source_archive_20260908/objects/d6c3e0bee870ee39f2794f8474b05bd17721534fc3cd6d0afde21c38497c18b2.py
100644 blob 85a74cb1504d437f1ab66e5cd4dc6c101555f88d	docs/source_archive_20260908/objects/d77401227f2d3a3dc321eba736b6911c93d7a458bec08ffa76596aa4d99ff22b.py
100644 blob b941ec11bc9015fcc7bfaf57e49ed757e9ec5e9a	docs/source_archive_20260908/objects/d85b0e60c9eab9328a9d68737311f4593b0981609fbf14269917ebfe3cd2d9da.py
100644 blob 07afee5e8841f3d3d88c3cb6594c3cb3a082f522	docs/source_archive_20260908/objects/d87ca28157fd55deb658a4a1072a9e237822e6c0ca1d1f1619b244302a28ebac.py
100644 blob 09cd7cebdbaa8c10a98e72a4fa40f334731034ae	docs/source_archive_20260908/objects/d8803b28174640519ea485b653a1b29a061429ebc14980fc560296ddfc06eb28.py
100644 blob 194e055bc95d81f97e5144e1e5ef99c7a70edbea	docs/source_archive_20260908/objects/d8d79d9b76fc95dfde1bb97a4f2459c4259ea32672a38914177986a772b9101f.py
100644 blob cc0d4a8e7d11547ba2756fa4bd7f8f6b00b4c337	docs/source_archive_20260908/objects/d8dfc84a35c8c383faa489336afb0aadaa9896047294cf965ec4666195fe65d7.py
100644 blob 2c8bdc15d1ac371ee6afaac84f3ebdb527278ab6	docs/source_archive_20260908/objects/d915e37f6fbd60d9d80e3d8008ed22aa90409507515a5b87af6f66e02c78de64.py
100644 blob fba5e00464b2bc18d028171a331c4ac32ff5cf35	docs/source_archive_20260908/objects/d9969e7c73124795d263dac7e94179f13132c9c5d5f9fc5baa08a1ea9442e626.py
100644 blob fb493fd6ba54366fbb93078bc46dc0210ce5cc98	docs/source_archive_20260908/objects/d9bfbfb183c7f43b5ba2d7763857b71b9afdb37af9b893de2fc84e9e8a26956b.py
100644 blob 3765e9404821f428efcf542db4bfed2a8229f6c4	docs/source_archive_20260908/objects/d9c2511b768bf8f812b1d9181bce6fa0bc508567d9b34dd9a900c37e8380aabd.py
100644 blob e8bf6168672f5eb859c60e819a14ea5712d53e19	docs/source_archive_20260908/objects/d9cf5e5c189512fcc9c72a7aa180e078e4aab8d52701799825c1b1683d55e8ab.py
100644 blob 9b8e9ff392b566a9e807a70e1898867a14aed2b5	docs/source_archive_20260908/objects/d9d2d59e1f05e9c1513dc2f298376f4331243ae6fefb7e0d16326aa085f4ff1e.patch
100644 blob a82818543086be7bce4c3e15b0d2288840c4372e	docs/source_archive_20260908/objects/d9d7c7a56588ca88c62d76ba95a795fbb83ff0b19724da4e8d439b0025734bff.py
100644 blob f556a1ef84a2762e7e53f4a9831e2cc513a5ba74	docs/source_archive_20260908/objects/da79a32ed272534a25ece12c13d5a682d52ddb25832dcd589822343190e6b149.py
100644 blob 39f23f1840833574a1bb2d1d012ee762fbc72a20	docs/source_archive_20260908/objects/da7d4067c2e0c055e1c299d72e972f61105349fa51f934374f27fff1fa1ad71c.py
100644 blob 6118ff0a1b91552d31f688f68c642e8329c19282	docs/source_archive_20260908/objects/dadf37ee15087d829c241df5cd88efaa8712037e1d26a2d3e1aa101d59817dcc.py
100644 blob 52bdc66b0c718b451678b7699df2cfeaaa961613	docs/source_archive_20260908/objects/db0cb73786d96522bfbf07d45ae564ff45f733197a4cdbe4b408b2950cc86770.py
100644 blob 99a8091366e2ac7f301452706d5cfdff5e320a0d	docs/source_archive_20260908/objects/dba5166ad9db9ba648c1032ebbd34dcd0d085b50023b839ef5c68ca1db93a563.py
100644 blob 2c5a0b9124457150915557682d375cf9ec626c71	docs/source_archive_20260908/objects/dba52244c11e3745d8f5feb655727ff8175ff9cb75f256e6d58734129cfeb5ea.py
100644 blob 0b98da1bb1bad3c812e347a5700dcbaba03e6c5e	docs/source_archive_20260908/objects/dbc76acde9217bd32bb34855130591ffcd34a0cc52407ebdf569201f8e7d5fd9.py
100644 blob 7bc5ddf1d75f2b160066cf75c78a955594c23f33	docs/source_archive_20260908/objects/dc3a8a62e5739174be893e209d460f53a49382e88968924ba4f960cac0e74216.py
100644 blob 2e66577452d44b540e331b16922a4a11539ab365	docs/source_archive_20260908/objects/dc6d8a3a9818341619f6dffa49e5f1995e4a5d847224ac00d7084fcc42633911.py
100644 blob 1cc5279986e5d32b0b70896c724b5ea7507f05de	docs/source_archive_20260908/objects/dc87429c91c561d9a37d5f13866b487012d194d0a8024d10a45d56b54f3497ea.py
100644 blob 7238bf0d114c066907546efd7fdcd0059c3a22aa	docs/source_archive_20260908/objects/dcdad902179c46e094582a268d530084114476039aaf973285fa6c87f20cada3.py
100644 blob 62ca7f71ccb68c6a1a2d3c189aa5b9bd31962bf7	docs/source_archive_20260908/objects/dd3d26fbda5f8e6ab2d9312e59c9579f6da91459ffdf609758fc0c36cc1e4eba.py
100644 blob 98fc8a09fae2412522c5b9ff6aaa3cf51fe723fc	docs/source_archive_20260908/objects/dd6a0e2b8323c6d7069d38eab0a08779fd34ad839750a097106314649b183b6a.py
100644 blob 7496bfab53e6547d254f5a51afbbb27b801e4f21	docs/source_archive_20260908/objects/dde347c1645a9a840b37c7bd1f7346140ca6db6a0a1b244c6dea17ca22c86f66.py
100644 blob 1cf6e7279a0a56ce6e0e31fcb699114b0d7a9f44	docs/source_archive_20260908/objects/de52f1cb0f301751c7d7df20d8769d318dc1af823df1eeb796dbb9f80fb663d6.py
100644 blob 4a0bf7dc98de0766be987294c2ededffefd64c7a	docs/source_archive_20260908/objects/de927bf6ff3dcbda115cad04c8af1bc49538118019e0672ca6a7f2e05891212e.py
100644 blob d6d4d41c1554cc2d60ebbf2b216e6c65cdafa13e	docs/source_archive_20260908/objects/deb4dce33537232bab300d26dffb111ea4b2b512ee602b9e443a735de4b47793.py
100644 blob e5b3e72eef7310ca0617b4d44a1411e01b7b4238	docs/source_archive_20260908/objects/defdb7fb36c98f1074f9364da3e3d1073ce79489e9949aa66d69e4fb682c08c2.py
100644 blob 860fae51da3b6374492ce1420fa817a6dcf89d74	docs/source_archive_20260908/objects/df493dc20a74ff86d96c77b38e08d1a9dd49f5454ad7ab5ad3c33e256fa80f43.py
100644 blob 1b29a3a08deba6e584240a6a75c8685fe6cb92b7	docs/source_archive_20260908/objects/df576ddaf2883de1f851ab3053f5b39ec9b96073b0eaedbf4f6441e4b112c001.py
100644 blob c17154533b39ea10457bd1f31324b9eb87cf94a3	docs/source_archive_20260908/objects/dfa9208573c4c56ef2c8db3d2ed9401d714a40ec0bc08b779e65ab3c0dc7161f.py
100644 blob c3ca7d8549c0e6cb68b76b58a44b01c22640c0ee	docs/source_archive_20260908/objects/dfabb6e0572961e289931c5e8592e3d4404fb38f2d75d30cdb0124097d7c96cf.py
100644 blob 88006b2d8ecfe69315dd26b3701a249b0654f33a	docs/source_archive_20260908/objects/dfbee918442912a09bdeceee311e384c5effb2c1c38440ed403bc92a89a4a1dc.py
100644 blob c0aba6640b9f94f48e4317c526b6986c0d6abb22	docs/source_archive_20260908/objects/e008ed80dd53b0683cdc14a9cffa1a1c0682b878c5ae987cf287cc7029ea4c07.py
100644 blob d21e7ed2e4d1e0784577838a6bbf2bc8e3f539f7	docs/source_archive_20260908/objects/e07d115596cc40412d74a08b497410c006847273e53fcecb8f70926f08911450.ps1
100644 blob 3a8c9f48a006afc78dc16234f50e77d45aa1bb78	docs/source_archive_20260908/objects/e097748acea03e9586fdff37fcec1f76518211b0aaf5cf5fe8625b95f149f7fa.py
100644 blob 72f0ee0e46d14f5946d18db56ae2b52efc8e92d1	docs/source_archive_20260908/objects/e11171b8a2f28a3284a8c83223a3b74fb4e433743c5d5bb2dfd3ff90b71ae6fc.py
100644 blob f74cb581a349a17ca2f9ec67f9a23b77a73ac64b	docs/source_archive_20260908/objects/e129c493d3d691ce99e7c9483cde256ba4a9e8a8304ad8bf76409b636d9d35a4.py
100644 blob 2ec4fcc14bd996eb1ce46db8ce85f78b089a8b48	docs/source_archive_20260908/objects/e1520f135af6354988dbec8669c920c02b47b34a61fac1e7b6b77b11f9b3dbff.ps1
100644 blob 060388a8f069fec45b0a67850a23dfc0a0a4a13c	docs/source_archive_20260908/objects/e1544f893e74b238f1213dc33c4f302a17d53ce57153d976d0d7ef952802c932.py
100644 blob fb7cd6b0501489a7af1499bd1cb2dacbba141a97	docs/source_archive_20260908/objects/e16ee94711f9ec678531ebd4d23be1b27995d138d6d3937348afff1e361adca1.py
100644 blob 701d4ee5c8e1499d365394a8102fc6916d4e7c5e	docs/source_archive_20260908/objects/e1f6c90e44a92edebc691d58f686cecec7c062513147c8acabd8f4a23fa429d7.py
100644 blob 958f111175769ee2051587dadffd6ebeebdb93fe	docs/source_archive_20260908/objects/e1fa2fbd78a133b46c869c9483a722bc38e1a7ff447210458a571c68447e1f68.py
100644 blob 2eaa11001b5bb1228a427911dd2bf50fe964a557	docs/source_archive_20260908/objects/e2462918ab9f172b2480bb32d14143a585d1cfa04a0b64ce3b19319504fc7076.py
100644 blob acd2c2b2d3a6a2241b65274f91c29472b10b2993	docs/source_archive_20260908/objects/e269ffa24d0f14578d171a579785cdfe7829888c5f52cbfc8a718a10df8b94dc.py
100644 blob 007fa967b2d5a501938c144d58210c6392ce6183	docs/source_archive_20260908/objects/e2a56ac54a35ee7ffa2f02f9310f66d5e7d29c1283d428fa0b810240ac5c7544.py
100644 blob 86f73e90464e980f3c6527171b58f6484af7a28a	docs/source_archive_20260908/objects/e2ba85e43f100ad66c8685205d89f6f6991cee0b28dfe1f7dd482455086c5a8c.py
100644 blob aa9123f4204c2de7a1f6cf7ba021bbfd21a185d1	docs/source_archive_20260908/objects/e2f3fdf61a2f36fb949689139c795096009dcc3a9eb2df1a6facaacb2a4c9029.py
100644 blob bcff5cc2b474d90507e6035105790aac65cef6f9	docs/source_archive_20260908/objects/e31b1d289552e771b04f679d8950bbeeb18e16c3a92b2e0789e80e2dca27309c.py
100644 blob 4b9c7f0452bdac7bb16ddd49360fece1946ef365	docs/source_archive_20260908/objects/e3579bf5b01c7ddfccd9dcfa76e2c02aa70aef69c02bff7199d8a1ff746e3d42.py
100644 blob 49afd9426e265d84a91e0d44836584cbbb8f41eb	docs/source_archive_20260908/objects/e3934fcee2daec34d71edc8116e360f027a6c2495ee9a4e0d7a909ba85224f5d.py
100644 blob bc29ad8f0c3941530e319479bc7667e5f893f8fc	docs/source_archive_20260908/objects/e3ac91c3320431b819e1dbb1dc9fa6ab1c6f0e903b5170ea8222f8f5a34dbf6a.py
100644 blob e69de29bb2d1d6434b8b29ae775ad8c2e48c5391	docs/source_archive_20260908/objects/e3b0c44298fc1c149afbf4c8996fb92427ae41e4649b934ca495991b7852b855.py
100644 blob 0581b5184d3c131a9454f0de128303cf95189cb3	docs/source_archive_20260908/objects/e3ee125960dfc9a0af339d15097db858d79c50c2ece88d3c713cac3ae04e82a4.py
100644 blob bf726bdac428096a8d9dc6c3bbe2be42a71f1057	docs/source_archive_20260908/objects/e3ffe23b47fb0cf6b2be504224ac436a071804801a796a3d01dde5a47918c803.py
100644 blob 874cf877b54dfdc8a264413e3c6ea89218ee6960	docs/source_archive_20260908/objects/e430ba541d4820af7c0d855e87ee3c6c6f0a606cc97fc3b9d4af55f84eb68165.py
100644 blob 681355940368431a4b6849784c7347b77ee7e706	docs/source_archive_20260908/objects/e49605a8ca9d3a982ae98644def019b97f90a58c51a40ef9890f298d58d494f0.py
100644 blob e19e08e9d91e5ce8812367498187bc4e8e3f65be	docs/source_archive_20260908/objects/e4bb4d5346d71e59ab7387125c27aab1ce479255a508729621019a3b111bb2c7.py
100644 blob 751c9fc9f20873f32f83fbaab14d09f557fe9703	docs/source_archive_20260908/objects/e4cdca0df326aa99b19e30edb67986421142386a6f857d7e76d54014bec95f01.py
100644 blob d1442c47ad8c04ce2173d42799b7db0512961f7e	docs/source_archive_20260908/objects/e50a8f1a248cf7ccfa16cc206953104e88c47c29ee35cc74a5a33b25fa871d0c.py
100644 blob f9f0a00edb77c3e197550073945d43e98f2e8a52	docs/source_archive_20260908/objects/e51aff53d438b192a9d010d901acdce3ff7ca31c56406eb9b6cebba93733ae88.py
100644 blob 4071981007c4f1c0c1f8013ca0917269eb290490	docs/source_archive_20260908/objects/e5423a5d213955eae9f93e26f497049032dc29f0f28b8b6d6cd9e3831cca3a1c.py
100644 blob eafed34e61954a721cdf1b1b2af76455f58523ad	docs/source_archive_20260908/objects/e5ce4c9305022de26ef99cc2ca064e4fbbc8602f0ec424bdd886b425692590a1.py
100644 blob ed7df93c6c762497b56a79826304c4a9778c869c	docs/source_archive_20260908/objects/e6092e633f5ae678e93d0456fb105cdeb0226c0d672945b22ad96813ffc5fbd6.py
100644 blob f8b9a8e40259c01368c63a14bfd3a6affcee220e	docs/source_archive_20260908/objects/e649882503d8c42e7678d8488e58b69e919571a1f2fb92c8b36b80f21d375c8c.py
100644 blob 18983dcce18d122dcf78a8c21b3cf3ef948e5ad9	docs/source_archive_20260908/objects/e6677ff463d9cce9cb2064c34d5d6a9d67b7b913dc381d48b238056dc1d841f7.py
100644 blob 1d8e9b2eea24f9445aa4cc76ec89a2e697ee770d	docs/source_archive_20260908/objects/e6bbb3d52402059f4c223d2041f8866a2e3080810a15d9cd489df3faa4fe277d.py
100644 blob 2e51acecead13a292792f8adb5b88b3547eb3f3b	docs/source_archive_20260908/objects/e6c6e69651812b70808186fa7451026eeaaef5aa9642ca4f1124f7f99154ef9c.py
100644 blob 93c54b581cca18c3142177275b7003c858d5573f	docs/source_archive_20260908/objects/e6d291a59b658051a39c47570251be72bd55eae3ecd06d1e5b429d6256db74ed.bat
100644 blob 7eef3ce009bc58a0004531e58432d19706bd9e90	docs/source_archive_20260908/objects/e74584fb900561db80b6b53214f853b42c6322a597c99ec8f2c96442d2cbcfd5.py
100644 blob 8990072ec091de216c988472305a44752e48521f	docs/source_archive_20260908/objects/e7ce42fa6b12b33d80a2c1704a4e1aa8586ea7bbd9d18082a99d6894991944f3.ps1
100644 blob c1c54713e87a8dfb91bbd715a1e6017d62b41305	docs/source_archive_20260908/objects/e8ae36fae8d70b77c02f86fc02f8da80eb801200102086d944ff246a0bb0f83b.py
100644 blob a9d5aeb5c2481f4ef6048cf6cb366789050b3e1b	docs/source_archive_20260908/objects/e8c107d9dcb830bf885a2a3f6822e46ace4c32585d7594f300ba20b42721db01.ps1
100644 blob 17921dc32f4b4477c5e340aae08f9784b0b7a0fb	docs/source_archive_20260908/objects/e8c8f44835a4ea304cfad862d3fd75ba92d343c813e0370f2275afe5d8bdaada.py
100644 blob e5faa8676416f44e51970b27a47ab371c62f6fcc	docs/source_archive_20260908/objects/e8f8651365201b20a60529a2bebcd1e3bc98e510378ba67292c2988fd7daf9d8.py
100644 blob 58b9b011b114b0e2c37a594cc68e900834e13f71	docs/source_archive_20260908/objects/e8f9735b8836fadef3268c34c75fe4546921398272c3eda30da6f448810a2863.py
100644 blob 8653a11886dcb5266e6a364989a926c5b7d513a1	docs/source_archive_20260908/objects/e91e364c4db5232dede7b1f816bdb638ae21c2221019219099426656660a1d1c.py
100644 blob 7d9dc5e7a02e0a53677ec1b9f1590c328bfa7af9	docs/source_archive_20260908/objects/e93da555574760c258b57dd70b24527883fe848af5df68d467b0b1a3ebb00c7b.py
100644 blob e31e561979864596c65f1261fac5c67de85e31f2	docs/source_archive_20260908/objects/e94b4647b0d5a39879e827bcf132410cf1b43282bc3b130fbb97a4fba8296859.py
100644 blob 99bb2df061f2f1322cc172ffdafb2c54e5ef25c9	docs/source_archive_20260908/objects/e96343bef39fd4fe00f53721e7adac0585bb6775cd40e1243ba8ff65d62c20a7.py
100644 blob dca1ddb83af2887490519a58db01788b6f9f6f41	docs/source_archive_20260908/objects/e97337557221bf83b2a16c2b3eb5947b3c66cb4fb238a3ca8137beaa16ce2b4b.py
100644 blob 85af88e7148532353604333e62552298f3a032e4	docs/source_archive_20260908/objects/ea3be2eff3a2b20caaedff25ec21c887dc8fe49f700d7894090adf58b3380d9c.py
100644 blob 65e4eb602289db6f8fb3055a7bf4c6429e8928eb	docs/source_archive_20260908/objects/ea64c8c7b224b7839fb0310ed9b93784a64349ee8304b3ba7783a4cb704ac377.py
100644 blob bad3b8c3211f13c347fdd92f35e8d61b5439c530	docs/source_archive_20260908/objects/ea7ca34fd4a9cdb5ba60ff5620aa9d704aee3b5b5f7db15978a186b789bcec3e.ps1
100644 blob 87a632b1d7cae3bce1bfb9c98eb04090e8204386	docs/source_archive_20260908/objects/eab3a75c8ad2353072e2de82a7b6fd65731281e73d16c558ad6f004d6daf58bc.py
100644 blob 71f90d95ab7419534b27c89d9fd1a7adb0fcf4b1	docs/source_archive_20260908/objects/eabcb77854eae225656458e033bd8cdd664d00bca5acc1a53c78be0c5281d12c.py
100644 blob 6f7909023a65456007d6d9735fa1b4017ad2e8ef	docs/source_archive_20260908/objects/eacb7fe99c6ee6b0c4294f94972397af34a017daf6844a4c6c9da8d508464ed4.py
100644 blob 5aa82ab2cbc9865fbfd5631580996032fd7bee4a	docs/source_archive_20260908/objects/ead6276edc0bec01e10161df671b4ab4a744e83978eed28355466e38c4c96275.py
100644 blob 238966966b31d44cb713de67180eb1bf25bfdc7e	docs/source_archive_20260908/objects/eb14e1e77d6c8cb53c67a65e79737ad47fe2276be1d7d9732c9d41097aba5b75.py
100644 blob 30599bada4fce79330e736a775be450f1950e6c5	docs/source_archive_20260908/objects/eb599a0afbbe11705ae8e20400a414d60da83eaaa8a39e955fe7e167be1aefd8.py
100644 blob 5e9badb30ec1b7359ce1226a1c9123e8493f23ac	docs/source_archive_20260908/objects/eb7d5c6a5147a187d0cb52f72b586613ea5fad590a77fd82de61dc4a6d8249bf.py
100644 blob f73ccc06557dac8dc2107ab0ca6929c1ee5f7d58	docs/source_archive_20260908/objects/ec6c655d56570c30afe5f23c433f42ca6d339d753d649d869e5ecda74f34f7a6.py
100644 blob 0e97899bc22064fc84b3ef9e64b55b31ee07a97c	docs/source_archive_20260908/objects/ec9fd809fe552a117404d0624aa68346ccac3cc132f3e3a923779a787c87b710.py
100644 blob d6694a1ce770a993d7af474d6df2bd8a45f4de7c	docs/source_archive_20260908/objects/eca10227fdfa81707435e2ff722aadb8aa953a76047f52080d3a0c3b313d37db.py
100644 blob 390a30e60a83b6f1b3c9e1b654e039625e1810a3	docs/source_archive_20260908/objects/eca8c94e9880c0d8a474cdeb4c07bfc4f448a510347f3158b168181df8aa3859.py
100644 blob ac8d9f4de7766819a75202fd9b3c246dc582bd44	docs/source_archive_20260908/objects/ed7c3b534985b602fb21fdc0eab4e41d313e833b82ef7155960f95594e0f56d2.pyi
100644 blob 7270c8ffb504de42f5815d6ce3fcc8480d1aae2a	docs/source_archive_20260908/objects/ed8c198ac77d7de3af4b87c4560aa00090ceaf25da77752188e5b976c1305acf.py
100644 blob b94f97ee0f908588f57c693e110e909729479ff2	docs/source_archive_20260908/objects/edcbc93d9d8f851d56983030fdc236e6f1c6bb9ea78c1b7b2a7463d385c154b3.py
100644 blob 935bd8f3d738efac86ced36fcabc18458edaedda	docs/source_archive_20260908/objects/ee0517f1dcf930a8d6cda8d3afff46405e9ebf47a8c00289163675a2ec789a39.py
100644 blob e48bd44911f4fc144a13b6f392275772cb65fa2e	docs/source_archive_20260908/objects/eedfa2652fe8c31c2ab1f8562a7cb610299eddd3937b82d33f9fea5cc2c0cb6f.py
100644 blob eebe82d05ea3a92108205b734a656d33df6c4b48	docs/source_archive_20260908/objects/eefc4e46b7000a777547a6ef63936171d4f1918528485833856ca1305205a661.py
100644 blob 801857a053b6b413cb1d7f7bcf17b7dd333f298a	docs/source_archive_20260908/objects/ef409d908cc01e47508d98b0af1a80948b354da50e9841752e2863fdcbeff7ee.py
100644 blob 1a98ce909cff41d0cfe534013eb8dde2cd69e867	docs/source_archive_20260908/objects/ef4531c93d4334c8f530d217b56dd4a26f10c8f483d29daa0510241cdabf0622.py
100644 blob c255709f62e7b8d2c2f95bd5c65fcc762625d109	docs/source_archive_20260908/objects/ef8656588eb1f7acdbcaa43bab9cc602d7702544a303eb87bc4dc4b1b82c3f03.py
100644 blob 1952ecef47254f54350f336d33b395034333eaed	docs/source_archive_20260908/objects/ef877acbd59dee77c9bb71dc47d4d4ecd43a2109bca190622ec57ccc697ffe1c.py
100644 blob d25f51231b2399f932003ee73dba8f8e3b0a24d1	docs/source_archive_20260908/objects/ef96172132d5da25c2cc9357a5e5ef337756b232458aa264c8760efda03a36ad.py
100644 blob 11991a891ac57c4461bf24d269a692f4557c6911	docs/source_archive_20260908/objects/efb179eec1c1e405b77b86aef601a3584db53ab6b88daf3b0867c9b11b560189.py
100644 blob 79df6738a4f4a1cf7d56502c8d67fae771a275d0	docs/source_archive_20260908/objects/efe578b69c14d20aa601a3cc0efee7df667d0c8658e22e3dfa8d49b41f55a727.py
100644 blob 10642a422341e066648f53c7ed5f083c0fbdf1cb	docs/source_archive_20260908/objects/f01a18818f3a73a3a25c8cd04cdaec1673e19e752a57b2a645599f03c4487c0b.py
100644 blob 86fc81441baa5894c8c31f122b363685aa666276	docs/source_archive_20260908/objects/f06157789b2caa4c170ac8dc0b4a2de1db0368a3aa0f9a1265c4c06915207a90.py
100644 blob 8d5abdba519557f6ca7aa49f6587dab18c44e639	docs/source_archive_20260908/objects/f088aba3e00b637e5d62611fa4d6b073348062f4e822e3cc59154cf923228320.py
100644 blob 91d3370cb5df9c177ed791e2e4ed6583b63d08c9	docs/source_archive_20260908/objects/f0c29027767ad3c4600782c08f952b022852d6c0443f8d7129708a1134ef8956.ps1
100644 blob b9f6d1101aa4c226e204daabd6adb8677a792f50	docs/source_archive_20260908/objects/f0cb97874eb79bdb6cd35a569b6553d7fa28d011542bdb518d3c9b7caf4df483.py
100644 blob 610b9c0fb99ebc1bfaec99c1947c14c16453b2f3	docs/source_archive_20260908/objects/f13d9eabd7763dd0920fa699291c07bf94f47cc410faab36f72724c9f23ec08b.py
100644 blob ec9425b49073d15251c628edddce55a51a7501b5	docs/source_archive_20260908/objects/f1aa91e733f10c52a7248f8319ed389d3c14b4ecbdec01173e588a3bdaafd7ba.py
100644 blob 3e53fd61d7fddb3818953741ce3ceb7ff2135da4	docs/source_archive_20260908/objects/f1ec965f91c1326c7305d1a25ac753bc1975e412da5c5d3a207b5cb1d0b5d37c.py
100644 blob 27258ef1471357d920553163d1944cf20b9f10e6	docs/source_archive_20260908/objects/f225e2743d2d52860f704f5a0cfccf986b548cc540c8125b9b053efa874d8d32.patch
100644 blob 4f1b7a5639c02a003d4503c635f3c4dc2570f9b6	docs/source_archive_20260908/objects/f23622123b15c149356808419217e4e38e879f71312535b954bda386f6a0f48a.py
100644 blob 1f7c50b8f87f348d5387bbbcbb20fe127a99e9b6	docs/source_archive_20260908/objects/f27a8432a304ccaf476e814b5e2bead0abda83a70bfb8d1fccf0014123a397fc.py
100644 blob 96aede73442ac7072f53b37a5117e816695919fe	docs/source_archive_20260908/objects/f307df763b82f94fe8d84427847ca77105271546a3b89ba29de8bb87694d3038.py
100644 blob 73a2e0437e524475a3421f0e75e16797756bcc3d	docs/source_archive_20260908/objects/f35c304121415c56c35539c1cbcf1c9ab3511ce9d5f9abe9faa3b449a9cf9ebd.py
100644 blob 2edb4d370afc75b068c13a804bd84b7a06aba612	docs/source_archive_20260908/objects/f361545ae6a4cf536561d4ccd7c70e98fd7abe304e4253d6211e45118debc52e.py
100644 blob d0c195ab26b6ac6604715d5982af4522b2fa44e2	docs/source_archive_20260908/objects/f41e0323d6debecc148852e534251c19f8fb77a9638fc3402c3e1df05a9fe869.py
100644 blob 1f90dc400293e98ad08f312f226d40797ae7ff38	docs/source_archive_20260908/objects/f4224e05a574f4672be905ed981dbd02da58e8740a27ede2183799a48e364e5b.py
100644 blob 1f50a0743b7a8424c4a272aa7908b96f72a8eab0	docs/source_archive_20260908/objects/f42dd8b361b4f585d325db54c0e12a942bf8018bc724a1fe711b6fdc9cfa80d5.py
100644 blob 371f36d4626943f3fca4d20971711fe5b12bfadd	docs/source_archive_20260908/objects/f4847bb81fafbc3e46c3f5802a0f58c2193b120c9e7bf03552fd92bd4e002f9f.py
100644 blob 84b0d4ac6909e93d9c9624e002b744dd034249ca	docs/source_archive_20260908/objects/f495bde639428f4a35adac5a4cc4e8236c5459f97dd941931ee093d2cee6cf99.py
100644 blob 9ba2e2f4badc2d3af6d371fd1f2880d32469a651	docs/source_archive_20260908/objects/f50bca4cc319ba67f8d2a961c841291b5c4890514af6651f4e153d555a8a6018.py
100644 blob e90ec52dd85b8fd473f2c4566fd62c4324db5c7e	docs/source_archive_20260908/objects/f53f3a46561df9ac55ae424ddc4f72ab4fc535c8341d0b4a01314ae7942e4b4d.py
100644 blob 5010ce87359697dac808f447a03bafaf981be375	docs/source_archive_20260908/objects/f5a7858a1483ca569bbfb9be23b71bf6eeef71c8d5032902ae689c1ed5968429.py
100644 blob fe481c0c0a316260b34d7d857d235b19efdaa84c	docs/source_archive_20260908/objects/f5ca89d07064a14482bd7c82cd0bda69688922087ed5f340bfc15deb6044d911.py
100644 blob 0582786216aebc28edd605ea4d2ed8333f489e00	docs/source_archive_20260908/objects/f5f630c9581ffb6816f67526f23ecb8932e3f3656b2d7ee90c3431cd4c5cca02.source
100644 blob cd580336c34910bbb734f662bed1f03b3584f1c9	docs/source_archive_20260908/objects/f61cec36ba2f9ff0903cd723b2cec31bd436906b6e471eb149f3afcd878f8713.py
100644 blob 5b0b8337de246e768e00915521122bd6a2b296a8	docs/source_archive_20260908/objects/f66a56b3cf761d60ed790b0c944260a8ed6cabbd5f931ced2703342fad7874ad.py
100644 blob 622df73f5165fcc62a5d4a0c70ea51112a530d9d	docs/source_archive_20260908/objects/f6bd65e2eb92522c477abb78472b7a36756e597732ddf73ec150476fbe698bb0.source
100644 blob 32fc29bb202a10d5ce4d4c785b6230d8f1f346e4	docs/source_archive_20260908/objects/f7078284ef236753e61c7502b7c69d097f6074d057e394a4d784418af0fced8b.py
100644 blob c9f3e244fa92462b3ca0d19fa5d546e1babc3f88	docs/source_archive_20260908/objects/f70e1dfd17301d9e91a3689cc71f88710a70050941a440dd1249d533c0f23834.py
100644 blob 16e294d6e2e534f6d82cfff8a51084c090a8a9e7	docs/source_archive_20260908/objects/f76897bf7e6b2ba45c2887cb59269f39ccf34e5ad1bb193eaab19af8267c9827.py
100644 blob f30aa623628b85afdc51525e9b70fac214e4c4e8	docs/source_archive_20260908/objects/f7a5502b9168d4b34f7c802d891fa86b5701c17f0bad9e7df1b75fc8ea984fd1.ps1
100644 blob 15dbf2a167dc5ea18be9dbfa1f74aecae801679a	docs/source_archive_20260908/objects/f7f6f0164e3ad55c1b1522177584f2e3ff53f7c1c28992fd5b24e4f775ed53d4.py
100644 blob 35c1c947fbddbfffc466d7e4daadf9ca91667889	docs/source_archive_20260908/objects/f83b092c7215fafafaf0eb1695fa6204f06bf72ca47da5c3f332fc235ed7b842.py
100644 blob 21b90c4c2275bb37fcc38f954070f744dff92d64	docs/source_archive_20260908/objects/f83ce81e43bd823a0ccde99bea0254ba5d8f446722f6d09c8c10b1e91161b6f1.py
100644 blob 8c0b2637005918a0816eb268e3b4bab03c101b31	docs/source_archive_20260908/objects/f83f4edbc5ed6f7614f5a186a684a7785ec8f5072b388c331d663fde8a5b097d.py
100644 blob 6ad75da01d8e02b2294d1f7a499f8785d4210972	docs/source_archive_20260908/objects/f84f3547e37171c614b4ac655a517b128368a7b5b00048f72c877abc6c098cd9.py
100644 blob bd47e84f711e06323df3817e094eebeed4e2aa3a	docs/source_archive_20260908/objects/f89f1fac08dd506b3f7aec1d21c369942827eee47ef7b1593901916e6a7590bb.py
100644 blob a78e72a6d9ea733b5de11768e368fe46adf5f3ee	docs/source_archive_20260908/objects/f8b9d49335ddc015be3d15cb260552292198e0dc1a1c198e7ab8fd0fb7878d49.py
100644 blob 085639c075ec02661540288b3b78b25dfc04d6ac	docs/source_archive_20260908/objects/f8cb36cf361239a788287f941d3994f56d6621022955ee1418baa52351f03fb6.py
100644 blob 411393256e586fd191dbc5f56b8f3631975dbfac	docs/source_archive_20260908/objects/f94ab5c121ad65e601fc8c4401b02e697f8bb85d747c02d3d0ff9123ecc521c0.py
100644 blob ae8e24de050872838c753ba9ae6da7bcac4e8a72	docs/source_archive_20260908/objects/f9bdf43b86cf0b20033c4ea2216af9952c49043119c5cd6b391e5224dcdfa580.py
100644 blob 85240fae280ab393fd1f47915589167b77177544	docs/source_archive_20260908/objects/f9c173ba2d0be7428059a2c95398a247208bc3f3226e85abee446849e78db428.py
100644 blob 03ecd73cae7bf3c4e929385af30fc0084e0d6200	docs/source_archive_20260908/objects/fa174d6d4018a7aa19cdef4b3faac0fe0412538c676794733a79b7dec3fc788c.py
100644 blob 390fdcab5cd3a7957c06ec0b9219146fa0f40143	docs/source_archive_20260908/objects/fa37f911e26756ffa593a8d24da8d6a9f73c6a12fe0ff6560c790d11c16d7aab.py
100644 blob 52838c81814a2e4857f4685eec8004cb6fcd049e	docs/source_archive_20260908/objects/fa39232c3178d04be5b6a32a569febc03e8e95ab1c42b4b3b8aa8e4b9697ef77.py
100644 blob 772467a7ef726a12cbc9616687a652ce8374f987	docs/source_archive_20260908/objects/faddba53968f15bc4db85bd787a66b3292c27f9ec36728ed3b5db7f721dcc02f.py
100644 blob c5c35e78e16b7a50580a6f02afd6d8f53a54786b	docs/source_archive_20260908/objects/fb143721f834d2e1420fae043dcd8a9322642998c981641b42823235feb3cd16.py
100644 blob 162bccafc9bd6679c31240ed5b2d5dd2bd68619c	docs/source_archive_20260908/objects/fb7d17c8dfaf8bd60a50050333b8db08515f4509d13ece74a91324f0a141a4c8.py
100644 blob 1a2f16fa18e38cf0a5bdfbe0609ed60e407eaefd	docs/source_archive_20260908/objects/fb9d6859a3cc4ac72ec8f79c0ca7e0b47f793aab10c422844fb9a891773731e7.py
100644 blob 621c12409294c6062013fbd81657f3b8cadcdd27	docs/source_archive_20260908/objects/fbaff0f1981b6ad60b96475750e623a22e33ddadced14cb203442edcdb1bd926.py
100644 blob 27e3ad3ad32f7219c08d4fa53cfe672d5d4b9f5f	docs/source_archive_20260908/objects/fc071ce825a19ffd989ff8aceadf1995635a758dc444cd3ce8167de9f6fd3b1f.py
100644 blob 4729230b6db6e30f38d787094273071c2f7f48aa	docs/source_archive_20260908/objects/fc368fad289fa7d6a79628393df153e6ff966448f4354daa5167b6d7e4ab858b.py
100644 blob 9293f9ddc87e2e06947e3a763f386e3d13a91ff6	docs/source_archive_20260908/objects/fc37a2fb324f25dc05ef7e3279264dc6bcc781581812cfc29202a158a115d8e1.py
100644 blob 996912bae26d0dc27bb715749934d91b46e0493c	docs/source_archive_20260908/objects/fc6949016cfae7436ddb632347be51d57ee732150fd1b0be68f60553cd759d03.py
100644 blob 9961a49cefe7559020e12d7afa28ff154fb80c18	docs/source_archive_20260908/objects/fc7032e2814d6f49c986902a0f1a6f03ea5dc163cfe3535bffd188dd9ae029a4.py
100644 blob b5402f8c715c830063ae1daf5c7d6037bdc03f7e	docs/source_archive_20260908/objects/fcb365747bed1eee67fbe3c41f1a41945bcd618e15324bef20d767f0be7d5cbc.py
100644 blob a99e3e97a978042872c47f754247f700b39a7a7a	docs/source_archive_20260908/objects/fd2676e877f4e062312a05697823e0d6dfcef47d53ade647650c7c51d5d81357.py
100644 blob 5d71161f38f91831146920c3a46880872772446a	docs/source_archive_20260908/objects/fd31634d89a5edd0d5e9cc968c7c5d5b2906dfd5b0fa35623e2ff9d1cc1f3074.py
100644 blob 2aa52032e44cc7aac2f5a22dc21cc51ae165e85d	docs/source_archive_20260908/objects/fd350d84354ea6eeadfd03cd1bf3362bdbee4ac1434d51e223a6702a7aa0da07.py
100644 blob d9bf0b3a4eef9b5693692276bc292d93c3c1e12e	docs/source_archive_20260908/objects/fd5458e86482357cd30b04d63f73cafd05090f900764bdb3f8be67b27953bb33.py
100644 blob 4916d79520e64bcc0ebaa69fd04425f2ebd98039	docs/source_archive_20260908/objects/fd6fec14d69321a7b0a129d41d064c2b2d1f030898c2f822c64fd6ce4697c929.py
100644 blob 8c4030da65e10b3e622c02e5aebde12b4062a535	docs/source_archive_20260908/objects/fd74d5de5300de3df8dadcf56c1d0437a0d7a9cc052448f4d81b0642edb710d9.py
100644 blob eb459eda7ac24b9301f269641dc4d3212ed9c578	docs/source_archive_20260908/objects/fd8bcc8d63d0adc66785ebb2cfdecd66d6c7d6a1068fff52dc322bd8a95dcd0d.py
100644 blob 48fa7578387dce61effed154eeb38f516c81907c	docs/source_archive_20260908/objects/fd93ce9d1362b26e73f92fbeb8467224264c9127a92cc1aad4b5c5e60d9ee3c9.py
100644 blob 036faa690bc067d31acd4f96a722cee39e79c140	docs/source_archive_20260908/objects/fd970cece27fa8752962a54c0a99b08ce12a3083dd582de880b4b3f72789c338.py
100644 blob eefb66c80e6422932d64b26870d8be6f0feb5181	docs/source_archive_20260908/objects/fd9ae3043fd84b8066ba439c62a99b4f50ea53664a3b0fee0e8aaefbc9e4e9d2.py
100644 blob be4564c91c9c101f2332451438ef4977c826f3e9	docs/source_archive_20260908/objects/fdaab7f71b057a3d07ed793cc8dab503abd0b642e7b65b5144719c5a6d05c63a.py
100644 blob 4be18ebcada9bb39a840f33227c72f23bdcf597b	docs/source_archive_20260908/objects/fdab0d281b14587819dad9f17b3393c00472f25594468b061d2049c1dff25d78.py
100644 blob 33dc91efba383af15ee945227f6a3c85f2e844f7	docs/source_archive_20260908/objects/fdc64aa441fea951929d86e2f27d68901c1fcaecc410a5d4656e434b54a72762.py
100644 blob f708f712ed5a3261d164cba96b48e51570a2cd57	docs/source_archive_20260908/objects/fe2ef6f754fecef5ec399860b5f632cfe30f26a32bb57dc0e0c0698cf3eddc0f.py
100644 blob 1c91001923d8b92bfbef7f80cc46492c8508dd2d	docs/source_archive_20260908/objects/fe7330fb2c6bd206dd21ad76afe2264e796afaac4c40cde36b95195be3b9efe7.py
100644 blob 1e8c1832ae967c81c89a59b51eca712cb4adc8f8	docs/source_archive_20260908/objects/fe79e71a051a4265123a7575d8dbeb789c9039e025ff951968e483b0fdb2beb9.py
100644 blob b300cf83f608c93c7bc5850715c6dc9e8f26b316	docs/source_archive_20260908/objects/fea3b1dda0e4be748d6f5da3381ceb3d99c070617775f78c1ae54b8797ad185e.py
100644 blob 35eb24ffaea7a669a7c9d56a862b6c046a8cc898	docs/source_archive_20260908/objects/feac1b217fe83cb2e5cb35297a7aa5d2e608b4bbf22a7e93f7834ac37d0545c2.py
100644 blob 142b92b3119444b4bb3345deef9cd7683b681bbd	docs/source_archive_20260908/objects/fec98d0b4ce252cb0ee1472a474a9eb0c1f8934f515406d6c042ba04a5a25151.py
100644 blob c658628dfc2b3b626dfeb2bd1e9e2f36044d1e93	docs/source_archive_20260908/objects/ff16658ef549f2eeabb35665898643eb2f814db5423de9c97bbef4c23e14174c.py
100644 blob a517d706ba2d4de6c49aeeb1453dc30cd2f6df97	docs/source_archive_20260908/objects/ff190a5f3add65ec9e5e03a22eda867e11734d8e227e2e84c8351df5deef6a2d.py
100644 blob c7a0523a6266b3b75eb3b22199e9453255936031	docs/source_archive_20260908/objects/ff269b1b76ee2aa575a61dcd28ccba0345730e054c464447f32a90c5a9717971.py
100644 blob 0a6f5dcea49544e222ce1747006ee4c9f946f548	docs/source_archive_20260908/objects/ff40e0503fb616f88c77c2590563953edc6a491612c62aa0adcb0efc2619d552.py
100644 blob d3b4fcd6721efb2e88ba636265939ccb1f943a67	docs/source_archive_20260908/objects/ffb6b9a4f400652875b189168c67e5ba4068792773b35fa31bfc80b554048635.py
100644 blob b6c1894ca51fd16e49ceb3696d5d24acfe4d10c0	docs/source_archive_20260908/objects/ffc804efa89714420e598d335ff787af2f28976d1272ee7010753acd172fbd95.py
100644 blob 419233eae41441c6764e58b91e0d43c94a9c89b8	docs/source_archive_20260908/objects/fff4e54b371a7b41fb2148c6119bdba6c83ec01ce1a33385903eaf479cb2bd7f.py
100644 blob 8b8f96f169b250faa1a5700824a0d7eabfa02202	docs/source_archive_20260908/runtime-requirements.txt
100644 blob 80ee2499c49e8cd7dfe4a74e006967947934b35c	docs/source_archive_20260908/sources.json
100644 blob d4a0673c520de94ce5aa75d468191a0afb408f07	global-coverage.txt
100644 blob d5e8225ff453038633c37ed5ee7d11225be2b460	legacy/v1_integration/README.md
100644 blob 18bbcd66f0573c179db3192d8307d77b2335f6a6	legacy/v1_integration/test_research_admission.py
100644 blob 577d332a9e2a08e71e66e65909d0ab669cdce8b6	legacy/v1_integration/test_research_execution.py
100644 blob c9b94b8513564a4e591d490387f874909987b2f9	legacy/v1_integration/test_research_recovery.py
100644 blob be5f23719caa01397b575c41fd5788b5e3fc4afa	legacy/v1_integration/test_research_results.py
100644 blob 6f443ed9710459786589afd9fcde7c10bba110c2	observation_plans/activations/binance_funding_oi_v1_2026-08-09.json
100644 blob 34fdbf0555fd09af5562eea8bc216f556addc783	observation_plans/binance_funding_oi_v1.attachments.json
100644 blob a85c2bbbc0932c64792c5580b5cbe2303167aaa9	observation_plans/binance_funding_oi_v1.yaml
100644 blob 14c00f3b7aff579d378f1c6155757d961cd86c6e	observation_plans/binance_spot_microstructure_v1.yaml
100644 blob 632c3eb45f658ec28e2af0c3eaaca40955bf0a80	observation_reports/crypto-binance-funding-oi-observation-v1-resilience.json
100644 blob b8f5bfe7ca6d117020a31135a729b136761d88ff	observation_reports/spot-daily-trend-replication-v1-retrospective.json
100644 blob dc4bcadb112e9b9c05870b18a7e43ce8edf3796b	packages/research-export/.gitignore
100644 blob af106cfd0399133708f4d9bd48be1238534e6cfb	packages/research-export/README.md
100644 blob 9d88c43a8e354621eea5577b7fcbd577ee473fe4	packages/research-export/pyproject.toml
100644 blob b3f72162d799f80c65da02d1967eaabfce147864	packages/research-export/pyrightconfig.json
100644 blob 0d68dce9e10f248418d9c4441c32e46dfed36247	packages/research-export/src/crypto_research_export/__init__.py
100644 blob 9bdc157181964bdef845eea6916e7ea97fdeefaa	packages/research-export/src/crypto_research_export/bundle.py
100644 blob 4dc7c911241c909d98693ce6b322ba8c8f1b2887	packages/research-export/src/crypto_research_export/external.py
100644 blob a55116bd413c47d9b404796dade0eecde7a591fb	packages/research-export/tests/conftest.py
100644 blob d9febf65747fc117ad21f2841d7418cf62f23bdd	packages/research-export/tests/test_bundle.py
100644 blob c553bfa3b00a30129127eddf7a58a1c9f02acbfb	packages/research-export/tests/test_export.py
100644 blob d1cd5290bcae0cc15ba6fbd3fdbc6cf50a22a511	packages/research-export/tests/test_external.py
100644 blob 0045d5cfe93e2446c4cfd81974d33bfe9babb4e5	packages/research-export/tests/test_publication.py
100644 blob 2cd6b9bc0198830368c18632bff19d8ef0affe12	pyproject.toml
100644 blob d8312465e7aa0253348e2d65e715f57ce610df20	pyrightconfig.json
100644 blob 9bce1fd4e6f42c289266da5d1c3b756ca548a275	requirements.txt
100644 blob 0295ee721b9fece552dfc7a2a2dcbacdcdf25b44	run_garimpo_fase1.bat
100644 blob 8bf2c60d5da465e790bd67291aec6304320195b8	run_sinal_diario.bat
100644 blob bcd8741b6e2c742bc392ef7c6cd48a160f267053	scripts/__init__.py
100644 blob 5f1332cd1f51d199bd1daed895513e70201ffee3	scripts/attest_harness.py
100644 blob 79a1895511dca4cdeb6cb775a3270b13268c6c2e	scripts/audit_absolute_research.py
100644 blob da60c5719b3d734a2e3c15d7eb571cb33f6de260	scripts/audit_altcoin_analogs.py
100644 blob 07afee5e8841f3d3d88c3cb6594c3cb3a082f522	scripts/audit_altcoin_retro.py
100644 blob beb80d455968bf0b88fd919066fef733d9be0539	scripts/audit_basis_sources.py
100644 blob 48dc766881c01af7cf3d2674bd055a8ca631af44	scripts/audit_btc_basis.py
100644 blob 3aba62a62ec249981bc13584df023416e854a950	scripts/audit_immediate_decimal.py
100644 blob 5575c21a4a0b0297eb961ecee4044590df2bda54	scripts/audit_market_calendar.py
100644 blob 1cbfa29fe99262c6e47f52863701872b797fda1a	scripts/backtest_absolute_carry.py
100644 blob 692b6480142b44bdb8b747e495112cd752ba6388	scripts/backtest_absolute_spot.py
100644 blob 837671fcf8b26d6e2d5ef8d93c4120e525cf7c96	scripts/backtest_altcoin_payoff.py
100644 blob 96ea9e24b86daa17b23290d1deae56d371847c5e	scripts/backtest_btc_basis.py
100644 blob 65ab6ee5406fc10f781407bbc451c087721a27e2	scripts/basis_data.py
100644 blob 6a0fb7e1dd5ff0f866ed5a0526e85c2c00da083b	scripts/carry_forward_math.py
100644 blob e210306daa7f9211c8ce23bd7bc1e7b51a0127b9	scripts/carry_forward_registration.py
100644 blob 97f4e580553c66233c30e8ed05fc4e4302c994dd	scripts/carry_public.py
100644 blob 41d4c391c2db1beb56a08949618a55bd9c9f9c63	scripts/check_altcoin_forward_design.py
100644 blob a4b504e6a2fc6da86bf6a7f076bc609a3b153ca4	scripts/check_predictor_core_imports.py
100644 blob 2d17ffa2ed20868f9f948e336c56642aac691ef3	scripts/check_reopen_dossier.py
100644 blob a517d706ba2d4de6c49aeeb1453dc30cd2f6df97	scripts/ci_check.py
100644 blob c0ff337fab405bccb99e1641788a7df76ba41d8f	scripts/collect_absolute_carry.py
100644 blob 4f0554ff64972f0cc38ff5f2fca55fdc0f450877	scripts/collect_altcoin_analogs.py
100644 blob 369f0bb76cd2f8ae11d0297bf13f5023b45a9a86	scripts/collect_altcoin_retro.py
100644 blob c436517e20716f2c6a90487ac334c925478b9227	scripts/compare_absolute_profit.py
100644 blob 77eb0f98beb75409aa952c4865548144308bd26c	scripts/diagnose_ar2_renewals.py
100644 blob 3be167f47290b177f7249d56d73a21ef9216da05	scripts/diagnose_btc_execution.py
100644 blob d9bf0b3a4eef9b5693692276bc292d93c3c1e12e	scripts/diagnose_h6_mechanism.py
100644 blob 02d72e403480931a15a0395f2f4cbff2ca62f13c	scripts/feature_store_backup.py
100644 blob 42321bcc0dc636017925a07833262b78d69c6795	scripts/fix_task_logon.ps1
100644 blob 4cdea811179cba74425d8815816abdb3f5d10775	scripts/fix_task_power.ps1
100644 blob ca2285153581687dd02baa5d5eee8696dc2d1d9b	scripts/fix_task_power_watchdog.ps1
100644 blob 3b9759d743b06859561475bee431cad010df0e70	scripts/fix_task_watchdog_trigger.ps1
100644 blob 1531ab93be2dfc8e2b5b97705b5f0bb43281f0ff	scripts/forense/README.md
100644 blob c658628dfc2b3b626dfeb2bd1e9e2f36044d1e93	scripts/forense/check_all_tables.py
100644 blob 564bdb61dcda90bab29e4dbfd76c6e418abfc9e8	scripts/forense/check_backup.py
100644 blob 76eff0df700d51339480da9a59574a12604e29c5	scripts/forense/check_db.py
100644 blob 2a09675e9ba4aaff3a0611236ec709a18ce828da	scripts/forense/check_db2.py
100644 blob 46ee319228eb0e9cae41b9b87fa01e4b6bc25d27	scripts/forense/check_failed_runs.py
100644 blob b5dce34f6d1a03091db192d2af1804433b37e991	scripts/freeze_h6_definition.py
100644 blob 04b91d0bc493af31425d014062e393f4864540ea	scripts/garimpo_fase1.py
100644 blob 3f9773256ba698c6ff5db8f909af3c0b9f893b47	scripts/immediate_public.py
100644 blob 0fca1caa352eacfead4daead29974a478d678107	scripts/integration_audit_receipt.py
100644 blob a20df3dd4d3272d6fdf9a651823696442b663d6d	scripts/migrate_trials_schema_preview.py
100644 blob e358625a2082493eb3802ff45d5351bb90180855	scripts/observe_altcoin_forward.py
100644 blob f900a2d2a2869fd6477fc9c9952d350045fa5764	scripts/observe_carry_forward.py
100644 blob e9e208b83bc9fe6123894a1f1cb0c13dd2197013	scripts/paired_llm.py
100644 blob 24763e057d513dd32b2e10aeef7d030f99a150e4	scripts/paired_llm_source.py
100644 blob 109746063be54c97aaac8f068f80cc8ab5f2cf57	scripts/plan_absolute_profit.py
100644 blob 52be58413ccc9d4f9c48b4a78481d9ce3fe798b6	scripts/plan_btc_hedge.py
100644 blob 6652a10f706a56fcb24f35222e2cd119e99cf8bb	scripts/plan_btc_hedge_v2.py
100644 blob 0f252528f632fe5ce86e10a7240e6a09ad33cbb5	scripts/plan_btc_hedge_v3.py
100644 blob 3b1690ea6f01b8d31f909913fd4551f9e7178b63	scripts/prepare_altcoin_payoff.py
100644 blob 9d25cb078bdd3cb7e76032f89b764dc73ef5c49e	scripts/psr_nonoverlap.py
100644 blob 94c11018eadf8ffc8faaf4341977d3237f809a2b	scripts/recover_aave_history.py
100644 blob af4eab1f79d0fd18f8f880167237953f5d31b419	scripts/register_task_attest_renew.ps1
100644 blob f30aa623628b85afdc51525e9b70fac214e4c4e8	scripts/register_task_backup.ps1
100644 blob 5db3d5e1cde6ea6d3d7ebaf67ac06430c472b5da	scripts/reproduce_absolute_research.py
100644 blob 7338d586ab38f52dd62fa0f70938196ce62ecaf1	scripts/reproduce_btc_basis.py
100644 blob 720c61af486d8ce2d24a51fe086cf06dcbf0ec18	scripts/research_altcoin_analogs.py
100644 blob b9f6fa44fc844a99f7526d243bab4e1c622a4c5c	scripts/research_io.py
100644 blob c98dee76e364720dc6ae0ece49831a06d01046ba	scripts/research_migration.py
100644 blob 6a1717989cb8fab0f0ae1f2f5b0bce062c84d889	scripts/review_carry_absolute_profit.py
100644 blob e789e2014d1f1ff3d4fd8c2aaf050dae63d29c9a	scripts/run_absolute_research.py
100644 blob 5c49478d1436ab40bd8852a13920ce07444a3ce5	scripts/run_btc_basis.py
100644 blob 5a95eaeefbe5ddb949cd81527fd585a367362927	scripts/run_daily.ps1
100644 blob a17c4ab85abe723525748612c7f0234fa550c4b0	scripts/run_daily_v3.ps1
100644 blob 059c94f2ce57b39c5398e5c878607606ef2c974a	scripts/run_daily_v3_payload.ps1
100644 blob a88191ccd83063b8c7e1c57ba6b3d6f468676b00	scripts/run_immediate_audit.py
100644 blob 15d1b01833cc310aa205ffd15ff460d4c9d4d8f8	scripts/run_observation_resilience.py
100644 blob 8990072ec091de216c988472305a44752e48521f	scripts/safe_pull.ps1
100644 blob 39a68c8b6a61022791b664458ff0a0bfe576d404	scripts/scan_secrets.py
100644 blob d16ddbe59a19fc3a66477d1fc5faae41280a9419	scripts/simulate_prefilter.py
100644 blob 62445f6f9759186c1fe6d270e8d9a6fffdb185fa	scripts/verify_installed_wheels.py
100644 blob bff53818f3adf71e3d506d695db97dd25c167643	scripts/verify_research_runtime.py
100644 blob 18983dcce18d122dcf78a8c21b3cf3ef948e5ad9	scripts/watchdog_coleta.py
100644 blob 3e092acf754d07e1dd89b5026ac09ec2c87cf0ee	tests/conformance/__init__.py
100644 blob a6962a27d6bc728ac4f212bb454beb4e09f97a6c	tests/conformance/fixtures.py
100644 blob 94a7af5604837bf2f9e73713f34922e8df4d9bae	tests/conformance/test_contract_conformance.py
100644 blob c76abecc40968e560754768cceebd2f37bb63dab	tests/conformance/test_failure_recovery.py
100644 blob f71b90e97f52f082fe03674be85e08e31d096297	tests/conformance/test_import_closure.py
100644 blob 768d496563c3ebda560b1a6be4bca6e99a9df0e7	tests/conftest.py
100644 blob eea3351227b1e04029b4cd99d71c590313f34a12	tests/test_aave_economic_evidence.py
100644 blob 00a633d1b8aad32948822ccb0e866892f6896d42	tests/test_absolute_research.py
100644 blob ef471a109bdf12d5f5cbb3af58ceff6ad3d9368a	tests/test_adversarial_hardening.py
100644 blob cf3291b5195f17d2ca607bf54c6afc9f455f7538	tests/test_ai_insights_ensemble.py
100644 blob 5a3fc333ebc8349f6e47ad9b1665dda77cfe0d7d	tests/test_ai_insights_retry.py
100644 blob 44a2f0519ece0c5680482c787b18e33cca321c8c	tests/test_altcoin_analogs.py
100644 blob 1959af196c50153b3da76327d2ff6a598607538f	tests/test_altcoin_forward.py
100644 blob d65ba3d08c78c806d36c08a82fa06427703518e3	tests/test_altcoin_observer_review.py
100644 blob 013e941680dbbef7042a8a9d4620dd32368d41f5	tests/test_altcoin_payoff.py
100644 blob 0327eaa1e0d8ceb35914eb41585544d9febc8966	tests/test_altcoin_retro.py
100644 blob 63ab0373fd1054a45c78c818770c0a9415388303	tests/test_api_guard.py
100644 blob 41c49b3cf51b55c72997ff510be817e869ab5dd4	tests/test_architecture_boundaries.py
100644 blob a0697e378dd3492626c59887991f4f35104a5163	tests/test_architecture_contracts.py
100644 blob 7b56d404c62bf915fefb4943d417c4d369db4bbe	tests/test_audit_economic_accounting.py
100644 blob 83fa377fcaa0cb820176f7e5e9b32eec9f2324d9	tests/test_audit_expansion_regressions.py
100644 blob 0634ec2d6ddbc5ba89f949ff6cbc8f092d47595d	tests/test_audit_final_boundaries.py
100644 blob 9118da784d765da11f4ba75b2981904c5a952d79	tests/test_audit_model_integrity.py
100644 blob 60843f9db873222f6eea599d565fd63f8c8b79b2	tests/test_audit_persistence_safety.py
100644 blob d5bd53fdf2061e1270085e8f264fa74aa60166d3	tests/test_audit_public_anchor.py
100644 blob 1dff4137b6cd31ac67a22fc7452d87663894c28d	tests/test_audit_release_guards.py
100644 blob 14c479b364a0d47a9f1dd267c195a2d4e9db0f09	tests/test_audit_source_integrity.py
100644 blob ce86c8e2a6b2f1f659cd3715f7d6e8fe98c4cd35	tests/test_backtest_bootstrap.py
100644 blob 79ba2c220cca6b1be7f192a4baaeca8ca9865df4	tests/test_binance_spot_collector.py
100644 blob e6141f604b168101edcd35751a6b357df0bd31db	tests/test_btc_basis.py
100644 blob 0be7b1010973dc2c2342bbdb93f288eb1263b154	tests/test_btc_execution_plan.py
100644 blob 5d8f07ee238a0d9ba3e28366f91729c6d2cb161b	tests/test_btc_execution_validation.py
100644 blob ec945196f0b426563be3f90098abe457a5e64531	tests/test_cache.py
100644 blob 371dc89cae84af6903e0e66109b62d018847336b	tests/test_carry_forward.py
100644 blob ee129ca32831d0d30438e7f082e4ccc2afe6cfa2	tests/test_carry_public.py
100644 blob 23a8564833c43b39e89754ed37be16ce58f4f8d6	tests/test_check_reopen_dossier.py
100644 blob 34a8b0e730d0b1af4919d2baab868391be670d84	tests/test_config_news_providers.py
100644 blob 779ec96fee78fae447c3747e2597ba51717c01af	tests/test_config_secrets_resolution.py
100644 blob e4cae95a78273725acf66040e0401095f2d7eadd	tests/test_continuity_recovery.py
100644 blob 3a330fc405a99d9a441e843530a1aa9c2f6c6673	tests/test_core_integrity.py
100644 blob ccd607c09f8a597661fe12db49ede49e42d236af	tests/test_dependency_execution_manifest.py
100644 blob 2ea7da1420439febf28edf14a35d851b5f68c0ce	tests/test_diagnose_h6_mechanism_pit.py
100644 blob 98fc8a09fae2412522c5b9ff6aaa3cf51fe723fc	tests/test_discovery.py
100644 blob fb493fd6ba54366fbb93078bc46dc0210ce5cc98	tests/test_distribution_security.py
100644 blob 4cf055c8604f15815cdc36e15b87bef9ab2f2004	tests/test_divergence.py
100644 blob 0ef5195ecdca9127c75941062bd5d85654acfb41	tests/test_dpl.py
100644 blob f815476ce209bfff53ad73b11bed660db2d0a98c	tests/test_dpl_aggregation.py
100644 blob edbc7f5632b35aa056e13170be6b97e64c5602a2	tests/test_dpl_business_days.py
100644 blob 0bbcfb64fe8eabb53278aa0606abb9f2f32567e3	tests/test_dpl_dxy.py
100644 blob 465bcdf51ec297fe28e8ca79f02ee37e8c53ed09	tests/test_dpl_feature_store.py
100644 blob d7123d8a5a78a1e281ab38f9a9b443ee5e652094	tests/test_dpl_features.py
100644 blob 69997c53ecd2a3ab2080b98c46e89558624d1c84	tests/test_dpl_football.py
100644 blob b6eaa7e30e30b5621997499aedbab1d03be07326	tests/test_dpl_macro_calendar.py
100644 blob b61d318a48c837ffac312e25b2115f8607763a58	tests/test_dpl_migrations.py
100644 blob a1a691d882f23da6806e404e91484d9dc0943f6e	tests/test_dpl_stocks.py
100644 blob 5d4f53e4028e9b47c38dba04be275508261819e5	tests/test_dsr_provenance.py
100644 blob d644d511d46de9a1fa92080894b8e5913a3504e4	tests/test_ecosystem_plugin_state.py
100644 blob 09f4a14963f3a3a4dae9cfba8bbfa3d2842b9c23	tests/test_equivalence.py
100644 blob 09fc73bb80a2427b16dc39f493d1ddf9b021de0f	tests/test_experiment_registry.py
100644 blob 813d8ed1f324a8ab11f038dd7175650c6d92e1d0	tests/test_external_intelligence.py
100644 blob c255709f62e7b8d2c2f95bd5c65fcc762625d109	tests/test_factor_dsl.py
100644 blob 9f157a973baeb2ea45e5ca669bd08630aed0a8c4	tests/test_failure_replay.py
100644 blob f7b2153ebf30112ba674ea95c90f8ceac8d970a3	tests/test_feature_store_backup.py
100644 blob e4a491245efc40a99075665ec2e8602876363801	tests/test_feature_store_backup_agendado.py
100644 blob 965004e84f5ee24956d19d736499479ff96c550e	tests/test_feature_store_guards.py
100644 blob 1111b22c1a6fd1e960916168180f165378d49970	tests/test_feature_store_health.py
100644 blob beba726f34191d2acc32b74d81c44a4fdd53a44c	tests/test_football_stubs.py
100644 blob 0deb66be36977413b853bcd2326070bad9d3c1d1	tests/test_freeze_h6_definition.py
100644 blob a4ada9bdcea50507ce9c6adf8ed190b668f728cb	tests/test_gate_power.py
100644 blob 30d26ba2b09561eb2b6530a4e3f5ff9c0d0a19d6	tests/test_golden_science.py
100644 blob e5a0501baa51671c13cdda057ab0e7b021155017	tests/test_governance_charter.py
100644 blob 1af6b8ad126e1338fe41079bf2df4328acc619da	tests/test_governance_wheel_assets.py
100644 blob e7db5994e97d97a2232b8711728c87ce75cbcf4e	tests/test_ground_truth_harness.py
100644 blob d788d55a499395a938f06c8a5ac5cee1d16bc3dc	tests/test_h6_power_context.py
100644 blob a7cc3018396724585eebdf0f9a689939aba47753	tests/test_h6_spearman_verdict_eligibility.py
100644 blob 03e4b28e9bbc862f284169fc2a92147a38af1481	tests/test_hash_chain.py
100644 blob cdd91b5ecd0861fbb27d6fc28b8d6d93ce7f593c	tests/test_hypothesis_loop.py
100644 blob c72e276defdf653c846c129f99a71674f55afcd6	tests/test_hypothesis_loop_runner.py
100644 blob aaf3d704344e27e78b526614437a9b829513a213	tests/test_immediate_audit.py
100644 blob ff19fd1ac55dc0dab2271ae8db4f2571f03c1fd2	tests/test_integration_audit_receipt.py
100644 blob 378a9b6a5195f6c5a02c4768466f1d47a113bd70	tests/test_jobs_operations.py
100644 blob 9ea3d9f8528c5c639dca958e6b7b7babb52701f5	tests/test_judge.py
100644 blob e8710d4714c72316d9bacd2b838a3ace284f2456	tests/test_judge_calibration.py
100644 blob 168a303d6807553464e00a1259f363980854a182	tests/test_kelly_sweep_cli.py
100644 blob 91d2ad155e347c71673716d1a40c3100c756284c	tests/test_local_runtime.py
100644 blob 0f0fc22f819e7135c8a8af86f74ac9bb764f042d	tests/test_manual_dependencies.py
100644 blob cd580336c34910bbb734f662bed1f03b3584f1c9	tests/test_measurement_quality.py
100644 blob 88c95212b82ec016636c8f3be9a637e4341f4354	tests/test_merge_fonte.py
100644 blob dad8cfffa635689f6ee333474d636fad65ba9510	tests/test_mode_composition.py
100644 blob bc1154eb9a3eaace1e763dc7759be3b0165bcabe	tests/test_news_providers.py
100644 blob 49b75c1d18b4927d016928faf041942462aaafcf	tests/test_observation_governance.py
100644 blob e64d0ad32dd12964ecc40ae88efd436626d2cc3f	tests/test_observation_quality.py
100644 blob fd56e928a13644470cbb5fe9453c646f4b6ab956	tests/test_observation_reporting.py
100644 blob adb111e7301aeb78a7606c8edfd50fa7bf75f075	tests/test_observation_watchdog.py
100644 blob 14ada535d7d001ff581efcb81d1ea7680acdb89a	tests/test_opportunity_detector.py
100644 blob a368900b55d118c125f4e5430e83cebf3802de86	tests/test_opportunity_monitor.py
100644 blob 24d228e3d01ede2982d1e029fc7aa5b3c79549a8	tests/test_ops_hardening.py
100644 blob 39f23f1840833574a1bb2d1d012ee762fbc72a20	tests/test_order_book_reconstruction.py
100644 blob 684c642ab85ea8c3f932014cca01330ffeffdb56	tests/test_output_dir_bootstrap.py
100644 blob 95ac67e1b45878224df92ba057767edf428a2a70	tests/test_package_version_contract.py
100644 blob 439662752107fd0b3ebde5618c3190af4008f898	tests/test_paired_llm.py
100644 blob 4dfca56e13cf6b7e62af1e6b0800f25c6c324008	tests/test_paper_idempotency.py
100644 blob 6b29baf27f6784d9ca3f09dddb32a8544600ae8f	tests/test_pbo.py
100644 blob df1319bb7186ce8ea1af1967ada394312f3af8ec	tests/test_permutation_placebo_control.py
100644 blob 379971c0c2b67d48c35ca619ada2f7b6cb2f8476	tests/test_phase1_watchdog.py
100644 blob 066a6a4d382b88af15ecd12878bf7228bd85d537	tests/test_plugin_persistence.py
100644 blob bef680736892c3eb89335b2fa65ba1add719889b	tests/test_positive_control.py
100644 blob d14be5310d87eea0e03f073276bfede3c84e4378	tests/test_predictions_append_only.py
100644 blob cf47c2a3a33d976275ee243139f3934e8355a38d	tests/test_prefilter.py
100644 blob 741a3b4b9eb710037d208ed76e239f2b3a08b532	tests/test_profit_recovery_v1.py
100644 blob 2babe6f9824cd4c20761bc3b364171b9c0f2de9e	tests/test_profit_research.py
100644 blob dae721b04df1d8a919a2212a9ea83f9009793cf3	tests/test_provider_runtime_config.py
100644 blob 1d407b1d1749d80666873d8b6149c2338a39087a	tests/test_provider_validation.py
100644 blob 2732e80f420ee77279ee3ed000391cc222db715f	tests/test_quality_snapshot.py
100644 blob 57013b2649076614d5c475d301bf64c5f2288e92	tests/test_readme_reflete_charter.py
100644 blob a0beed85613210de7c31359eca5441fa772bf511	tests/test_recover_aave_history.py
100644 blob 10e8fa2cb16c8c7bc1e7983d55a1207976efd317	tests/test_registry_e_scripts_encoding.py
100644 blob 5d484ba4f9573f26f0c88cc49e2e610edb4b7d18	tests/test_renewal_research.py
100644 blob 58bbc73c719f859857875496aa5ef3f379b34376	tests/test_repo_hygiene.py
100644 blob f01c8b76dc9631f76d6c2ac9ec31563eaf5f7257	tests/test_report_harness.py
100644 blob 4685cdb27ed6168750d3cecb4f682a8d7d3308a2	tests/test_repository_research_freezes.py
100644 blob 3e853f952f6bbeca1d4ce1fe00e15c0884bb7a31	tests/test_research_capabilities.py
100644 blob 70889c46df789dfc1ced7270c309d78062a0af8b	tests/test_research_corrections.py
100644 blob 2d0183177b5f65630f778a08183cab17179564ea	tests/test_research_domain_units.py
100644 blob fe0977344660d923bca165213b9d878d5e52c4f2	tests/test_research_migration.py
100644 blob 276a7e5c4b4302debf4cc13b8c3ccd3ed3af70f8	tests/test_review_data_contracts.py
100644 blob 4521f142a59536167d48d5d4b3e21dad79002b3a	tests/test_review_failure_boundaries.py
100644 blob 4a7769e8e270fe775c0c1babcdf23d8a231fb4bc	tests/test_review_input_snapshots.py
100644 blob 40d3b04e616faee5d67aa1b5c926159999cca9fe	tests/test_rolling_flip.py
100644 blob 0ed10d3d6886dff2b35f767a99e895aae48509d2	tests/test_run_redoma.py
100644 blob f0ba5efd1160a833c35bc44d7938ffaddbc47393	tests/test_scientific_state_charter.py
100644 blob d3b3facb15ab6a71da93415c952e70b9b18261d1	tests/test_secret_assignment_boundaries.py
100644 blob 09c952a2f59e11bbcbb7341c3620db3a36791326	tests/test_secrets_telemetry.py
100644 blob cf6b034d0502518dd9ff83b53069f4e831512a39	tests/test_security_redaction.py
100644 blob b887b113586b7700c0fdb701b4ebf60fab5217d7	tests/test_settings.py
100644 blob 8b473d4288ca806440e9e60360c3d3c85c7fb599	tests/test_shared_wheel_download_hashes.py
100644 blob decfa917ae44058c96c3e0fc219d63e9b32c02b6	tests/test_stats.py
100644 blob 655eeded1f2490690d36eca28b390100a74db366	tests/test_store_history.py
100644 blob b2cc87e29ef969234fe8cbbb1e7e0ce0943b98a8	tests/test_strategy_draft_governance.py
100644 blob 157bdf6f26151b58b11ccdc204c5f2ccbd8e3cf3	tests/test_test_environment_isolation.py
100644 blob 849cadf387a7101ae2e32466752f691294ae1154	tests/test_threshold_grid_registry.py
100644 blob 4d3de70031f870c6214f7a8ea3545994db67482e	tests/test_timeindex.py
100644 blob efd3ab5ac1ad81c17d4ddc17920f48fc2c31431c	tests/test_trading_contracts.py
100644 blob bddf32df419f1b725c437c7f355c8cb32953456d	tests/test_trading_costs.py
100644 blob 1bc8d1c49e395816c16d24fff9c7dd81584f7ac9	tests/test_trading_execution.py
100644 blob d7b28e03ad7374f0bfa4a90d4936f3ae9b8349d6	tests/test_trading_microstructure.py
100644 blob ef4bc3df8faad894339156194d3122d4a1494385	tests/test_trading_portfolio.py
100644 blob c3d3961a534bf541e204359dfcd44a5341c923a9	tests/test_trading_recovery_lifecycle.py
100644 blob 43203aa38464d37c59ccac0f2995b19a570e8f56	tests/test_trading_report_and_cost_policy.py
100644 blob bb45e650242b6db2b35ea169f7d86595128047c0	tests/test_trading_signal_adapter.py
100644 blob 063228d799dff9f88cbb8802f6d7a79284512c82	tests/test_trading_store.py
100644 blob e8ea93702225fd211d0887c1dfb3a5eb4da2bd38	tests/test_trials.py
100644 blob 0116b9ef4972435c44162f73cd85f154a1677553	tests/test_v3_backtest_barriers.py
100644 blob 5dc5e5f34545c0bdca71b912ed28f3d1ea789c9d	tests/test_v3_circuit_breaker.py
100644 blob df202c3b7f26250dce15658c37b2d56af66b126f	tests/test_v3_costs.py
100644 blob 91498c0666a2e3ee438e7011d60513df586679ec	tests/test_v3_crowding_features.py
100644 blob ff00994d24e633c53815e003fd094aa84fc0dbe9	tests/test_v3_derivatives_dpl.py
100644 blob 7fc282f7f6190e4d6193512c46bcd62aa93d671f	tests/test_v3_economic_gate.py
100644 blob db06bea06be09fed51cd08dfca2b98aeaa59b339	tests/test_v3_feature_prefix_regression.py
100644 blob 72d3b318017c81a80d0dbb965237c4ab5735c914	tests/test_v3_hmm_no_lookahead.py
100644 blob b5ed90ccb1ae834ef2d24aaf9f8e6be83909c95f	tests/test_v3_macro_dxy_integration.py
100644 blob 9587bbf925a350880aa57e3ac623d03eeeeda340	tests/test_v3_macro_features.py
100644 blob 1c3c8abebe8a4f389c65bcdd6d262688635be62c	tests/test_v3_paper_report.py
100644 blob 3c3ab4e72e31f24cfa8f5772f65067c6f6ac2b11	tests/test_v3_paper_trader.py
100644 blob 762dce2509fd6e797420877cbbfdf8589c711335	tests/test_v3_portfolio_equity.py
100644 blob c0aba6640b9f94f48e4317c526b6986c0d6abb22	tests/test_v3_production_paths.py
100644 blob 283a8401c04b364b1374dfb982f311161a2f858b	tests/test_v3_regime_engine_extra_covariates.py
100644 blob 22de487e111166783939d49e505e998009b2e873	tests/test_v3_regime_staleness.py
100644 blob 620527da83078ce7922883b77f54f6e2e35486c8	tests/test_v3_signal_engine.py
100644 blob 3ffb1a43dccbf946a544582f964e8bb24e90b14f	tests/test_v3_wfa_actual_slicing.py
100644 blob a1cf52b2958c3287dea86f80611c4ecec3c1343e	tests/test_v3_wfa_purge_contract.py
100644 blob 214746cc527785ccbacf681d267c95b5cebce2cf	tests/test_watchdog_coleta.py
100644 blob fa8a9ba20c7f41bfadf8b5b15a072e1b8bbd5871	tests/test_watchdog_paths.py
100644 blob 57c20b595d497565dee4a1050b826be703f9d6ab	typings/predictor_core/__init__.pyi
100644 blob 9954d4e77365b1b688cf40da63ab6234ac3db202	typings/predictor_core/infra.pyi
100644 blob 345bc648d0ea01c6b9a71b27829851ba5bfe9979	typings/predictor_core/net.pyi
100644 blob f37d3a696a3699c9c824ea44d09f5548f0a7b890	typings/predictor_core/obs.pyi
100644 blob c6bb29ebc998954222e0ddb9c3d6aa32dc4dc49a	typings/predictor_core/settings.pyi
100644 blob 741e64ca5c0ef84504d3e0fd35f268eff4d6aaf9	typings/predictor_core/stats.pyi
100644 blob 8b9e5a6a54d890f8ed98a4ddcc202438586c1c86	uv.lock

$ (cwd=None) git -C C:\Cripto\qualificacao\cripto-predictor grep -l -i CREATE TABLE HEAD -- *.py
[exit 0]
HEAD:GarimpoInvestimentos/core/api_guard.py
HEAD:GarimpoInvestimentos/dpl/entity_mapper.py
HEAD:GarimpoInvestimentos/dpl/feature_store.py
HEAD:GarimpoInvestimentos/dpl/migrations/_0005_fix_raw_signals.py
HEAD:GarimpoInvestimentos/dpl/migrations/_0006_predictions.py
HEAD:GarimpoInvestimentos/dpl/migrations/_0007_feature_version.py
HEAD:GarimpoInvestimentos/dpl/migrations/_0014_source_quality_scorecards.py
HEAD:GarimpoInvestimentos/dpl/migrations/_0015_observation_scorecards.py
HEAD:GarimpoInvestimentos/dpl/migrations/_0016_predictions_append_only.py
HEAD:GarimpoInvestimentos/dpl/migrations/_0017_archive_hash_chain.py
HEAD:GarimpoInvestimentos/dpl/migrations/_0019_input_snapshots.py
HEAD:GarimpoInvestimentos/external_intelligence/store.py
HEAD:GarimpoInvestimentos/research_admission.py
HEAD:GarimpoInvestimentos/research_execution.py
HEAD:GarimpoInvestimentos/research_results.py
HEAD:GarimpoInvestimentos/trading/store.py
HEAD:docs/source_archive_20260908/objects/01a237ae4426e27c0d60a8106b4f1653c242b09d4049ce3975a977253b91d33d.py
HEAD:docs/source_archive_20260908/objects/09e767025dc7e0bda4ee6c4680063e7df4c64659eb3ebfd95d4de4f05571d315.py
HEAD:docs/source_archive_20260908/objects/0b9de42d0c9934908dbb08cf943ad13d6df7bba721d75f6b81ef96d4421e9a80.py
HEAD:docs/source_archive_20260908/objects/11ed73ee2a1d52a0057586e2d2b6e71299e5d334599505cccc323d5e899aaff7.py
HEAD:docs/source_archive_20260908/objects/1a48c4fb4a59052ef195c04bd4311a0cd70e1677535665155f90308d1af16522.py
HEAD:docs/source_archive_20260908/objects/1c8ac964e67789c1beef4b69e1716afcc1c8bd177fe97084364fa78e51f65f32.py
HEAD:docs/source_archive_20260908/objects/1d3630154aae8c19edae68528f40fdfb2587e2ed47d4b91655a35b055fe8ecd7.py
HEAD:docs/source_archive_20260908/objects/1f321d23f76dc615310ae2b8beac671e7fe96bbb28666bf42db78be889633984.py
HEAD:docs/source_archive_20260908/objects/22bc613bd9d5a2f3036d5cbda001097c0fa595e429d1dc03c58b3760095c55b7.py
HEAD:docs/source_archive_20260908/objects/27449c86fad283c31075f9f6616dd840a5623daa16e897b83abec648c385a42d.py
HEAD:docs/source_archive_20260908/objects/294735bbaaf5e31b8db63d1f60c1dcda8d74f0f70e070e1dd240513420b849c5.py
HEAD:docs/source_archive_20260908/objects/2a5ed7f25b8029bd8d255aa2fc7e2cf6047d7a850f4950bb2db1418f0d3bd357.py
HEAD:docs/source_archive_20260908/objects/3154ba28913df5f3e6bdb420bff6fdf15d81af5cad7465a24d05fece924be754.py
HEAD:docs/source_archive_20260908/objects/3447a32fd95d61395a02b13671f6a1699515eee91bfde66706e558dfc9653404.py
HEAD:docs/source_archive_20260908/objects/398e47cd2a8f91ac47cacb9a1048ddf2aa2aff14e41af0ee4a3bd1038daa0b7f.py
HEAD:docs/source_archive_20260908/objects/3da723555aa7a87251215cb938ffda48861770a73a40f4f15d539d40b4777c19.py
HEAD:docs/source_archive_20260908/objects/4224348e4efef9110dd78295240cc76f606804fcbc314168acc310cc45d995e5.py
HEAD:docs/source_archive_20260908/objects/42e0c0c6ec214cd5e740c48436a6da596540aac33e1418923cd6e5fab2c71172.py
HEAD:docs/source_archive_20260908/objects/4560421877104a5c63f5529305795b9c291002d26c64e66d5541c088595cde34.py
HEAD:docs/source_archive_20260908/objects/46aedfd99052644ad223edaedc5401b3735f3b0960cea691068276c75acaccde.py
HEAD:docs/source_archive_20260908/objects/4869109fdcbe27a238ddbde9ba92499e44725fa108a1a3e88a9552e90bcb32bd.py
HEAD:docs/source_archive_20260908/objects/4cb1ac9aea94e3dff37d0ba7ab788d38ae5aae8e1221017c30c115e4e97b42af.py
HEAD:docs/source_archive_20260908/objects/4f8b7c2b31d463b0de0c3d9eb6e66c6f727ff4a6607408093dc5d6feb7149e4f.py
HEAD:docs/source_archive_20260908/objects/57193c582fe86cfd866372dc3efccdd15bc6cb7ba6ca3e93dd7a245e79dabdba.py
HEAD:docs/source_archive_20260908/objects/592847183029af8ba2f67aecadf5532c3c9c0ed8b74342524aa83e6831bb6e42.py
HEAD:docs/source_archive_20260908/objects/5b87e7bccd1438a7873901e1e73c6b5ef9e7b19d582159e16d51880b3f308170.py
HEAD:docs/source_archive_20260908/objects/69579564af89aa6d91027723dbe2494de26191bc2d64169364c8234625c4204f.py
HEAD:docs/source_archive_20260908/objects/722ec0f2d76ff13a0ab9730cce0b27185f32dc4c759321927ba76c6e644378a8.py
HEAD:docs/source_archive_20260908/objects/764fe22fe4c1e89875f96d33a919cea3d7a2247b2ce88e868508b0a757f70125.py
HEAD:docs/source_archive_20260908/objects/7650d6bd895dba62d3e64544badbdabdda4e579e2ff5a95ddf859a161c6f9e60.py
HEAD:docs/source_archive_20260908/objects/834eead91b8667637c7285dbf5c726235dccd9ce3672330421266c8fc548b2a8.py
HEAD:docs/source_archive_20260908/objects/85014f004e2f5b053bf6a8625f19bf1e85ed9e0666b7bf415933f3428c879584.py
HEAD:docs/source_archive_20260908/objects/8d3a54f8d12ff7b0e069fd485f4891fc70581853413c25a9a6068ab18fcae134.py
HEAD:docs/source_archive_20260908/objects/8ffdce9ac922cf4084cf438fcd013e0156ba6a7be3e101803768e5bcd1689714.py
HEAD:docs/source_archive_20260908/objects/91d6b90109aef4b414965aa41212d260de88656d800d25b7f243ef8f7c398f4a.py
HEAD:docs/source_archive_20260908/objects/9357f91faf110e1b6b544ace256a9a69f110864d1ffc2cc42d16500d1bdaa63f.py
HEAD:docs/source_archive_20260908/objects/94b927a1ab682fb963ffc65019054c02d124aa2e9f8ba3e4dd4c911e9ccdcb04.py
HEAD:docs/source_archive_20260908/objects/9e3332fbc5a4e472fc85813c74d1484bd8376bac0b141704a2ac35a9de7579bd.py
HEAD:docs/source_archive_20260908/objects/a3e14905ec978ca5dbd237e074f507aa4fc933ebf5148bd2c970e9f985ce4b46.py
HEAD:docs/source_archive_20260908/objects/a56b1d4982ad6493c4eb881ff478537401cbb2189b1ed6c233911c0fc286811d.py
HEAD:docs/source_archive_20260908/objects/a8c5fb7aa7f2da0dbc5c20dafde1059f0e55d6e9ca99a054d52d38f4064d5832.py
HEAD:docs/source_archive_20260908/objects/b0533a9c6970030592999928cf7a7175b6055c31f6a60d3535821ac0de3881b0.py
HEAD:docs/source_archive_20260908/objects/bd46730d9eba7908e29a0562052ac121feb9bb8431fbd6d2cd5d3c2e9c8f98b4.py
HEAD:docs/source_archive_20260908/objects/be3f3f19b2fe9a0918e977067bf6806e9ca9b98b47340ba477326de2ddc68826.py
HEAD:docs/source_archive_20260908/objects/c33255d20b2d32fd2211a89f4b756d02c28a21b12b0b1e4778503dcd807e0970.py
HEAD:docs/source_archive_20260908/objects/c3f8983ae619d23bad4628ccdf6ecec732057f5f9b443e3b5d08ef2eeace64ea.py
HEAD:docs/source_archive_20260908/objects/c759260e2ac2076c7bcd38484859fdd95f46352f40e92bca2c47a06beb25ed48.py
HEAD:docs/source_archive_20260908/objects/c967c240b066d50c4ecaa93ed72c88169dcda77e9f119f4ea886e4668f36a53d.py
HEAD:docs/source_archive_20260908/objects/ca5eb04ff5074a8844a3c654b749a05fa6af7199850ba22d3bf9f7acbb6d5fac.py
HEAD:docs/source_archive_20260908/objects/d0db2c03520502a3886598e6b2b49ef6009a411a950c96ca5523618f48b8c49d.py
HEAD:docs/source_archive_20260908/objects/d13613a06b5a52aacd4cf5a865e7acd009356d08ecc8c7c13e169b5a28e9a202.py
HEAD:docs/source_archive_20260908/objects/d49e19fc1f6cbe1425127b560b249018ba2689e3596f34ad516f65369f020064.py
HEAD:docs/source_archive_20260908/objects/d503cdf5ae91bc9d990b2f2b4fba57b31f04d7d512d5cda7fd98432968bdf50e.py
HEAD:docs/source_archive_20260908/objects/dc6d8a3a9818341619f6dffa49e5f1995e4a5d847224ac00d7084fcc42633911.py
HEAD:docs/source_archive_20260908/objects/e3579bf5b01c7ddfccd9dcfa76e2c02aa70aef69c02bff7199d8a1ff746e3d42.py
HEAD:docs/source_archive_20260908/objects/e3ee125960dfc9a0af339d15097db858d79c50c2ece88d3c713cac3ae04e82a4.py
HEAD:docs/source_archive_20260908/objects/e6bbb3d52402059f4c223d2041f8866a2e3080810a15d9cd489df3faa4fe277d.py
HEAD:docs/source_archive_20260908/objects/ec9fd809fe552a117404d0624aa68346ccac3cc132f3e3a923779a787c87b710.py
HEAD:docs/source_archive_20260908/objects/f84f3547e37171c614b4ac655a517b128368a7b5b00048f72c877abc6c098cd9.py
HEAD:docs/source_archive_20260908/objects/f8b9d49335ddc015be3d15cb260552292198e0dc1a1c198e7ab8fd0fb7878d49.py
HEAD:docs/source_archive_20260908/objects/fcb365747bed1eee67fbe3c41f1a41945bcd618e15324bef20d767f0be7d5cbc.py
HEAD:docs/source_archive_20260908/objects/feac1b217fe83cb2e5cb35297a7aa5d2e608b4bbf22a7e93f7834ac37d0545c2.py
HEAD:tests/test_architecture_boundaries.py
HEAD:tests/test_dpl_migrations.py
HEAD:tests/test_failure_replay.py
HEAD:tests/test_feature_store_backup.py
HEAD:tests/test_feature_store_health.py
HEAD:tests/test_profit_recovery_v1.py
HEAD:tests/test_watchdog_coleta.py

$ (cwd=None) gh api repos/leonardosovienski/cripto-predictor/actions/runs?head_sha=341d270e4d709150c581c3cd93f4518d483009eb&per_page=100
[exit 0]
{"total_count":2,"workflow_runs":[{"id":35925694691,"name":"CI","node_id":"WFR_kwLOTAqQO88AAAAIXVaY4w","head_branch":"v1.2.0rc2","head_sha":"341d270e4d709150c581c3cd93f4518d483009eb","path":".github/workflows/ci.yml","display_title":"qualification(crypto): predictor-ops 4.2.2rc1 (SHARED-005 corrigida, …","run_number":585,"event":"push","status":"completed","conclusion":"success","workflow_id":322730187,"check_suite_id":97284121230,"check_suite_node_id":"CS_kwDOTAqQO88AAAAWppXijg","url":"https://api.github.com/repos/leonardosovienski/cripto-predictor/actions/runs/35925694691","html_url":"https://github.com/leonardosovienski/cripto-predictor/actions/runs/35925694691","pull_requests":[],"created_at":"2026-09-23T21:58:54Z","updated_at":"2026-09-23T22:05:28Z","actor":{"login":"leonardosovienski","id":86319239,"node_id":"MDQ6VXNlcjg2MzE5MjM5","avatar_url":"https://avatars.githubusercontent.com/u/86319239?v=4","gravatar_id":"","url":"https://api.github.com/users/leonardosovienski","html_url":"https://github.com/leonardosovienski","followers_url":"https://api.github.com/users/leonardosovienski/followers","following_url":"https://api.github.com/users/leonardosovienski/following{/other_user}","gists_url":"https://api.github.com/users/leonardosovienski/gists{/gist_id}","starred_url":"https://api.github.com/users/leonardosovienski/starred{/owner}{/repo}","subscriptions_url":"https://api.github.com/users/leonardosovienski/subscriptions","organizations_url":"https://api.github.com/users/leonardosovienski/orgs","repos_url":"https://api.github.com/users/leonardosovienski/repos","events_url":"https://api.github.com/users/leonardosovienski/events{/privacy}","received_events_url":"https://api.github.com/users/leonardosovienski/received_events","type":"User","user_view_type":"public","site_admin":false},"run_attempt":1,"referenced_workflows":[],"run_started_at":"2026-09-23T21:58:54Z","triggering_actor":{"login":"leonardosovienski","id":86319239,"node_id":"MDQ6VXNlcjg2MzE5MjM5","avatar_url":"https://avatars.githubusercontent.com/u/86319239?v=4","gravatar_id":"","url":"https://api.github.com/users/leonardosovienski","html_url":"https://github.com/leonardosovienski","followers_url":"https://api.github.com/users/leonardosovienski/followers","following_url":"https://api.github.com/users/leonardosovienski/following{/other_user}","gists_url":"https://api.github.com/users/leonardosovienski/gists{/gist_id}","starred_url":"https://api.github.com/users/leonardosovienski/starred{/owner}{/repo}","subscriptions_url":"https://api.github.com/users/leonardosovienski/subscriptions","organizations_url":"https://api.github.com/users/leonardosovienski/orgs","repos_url":"https://api.github.com/users/leonardosovienski/repos","events_url":"https://api.github.com/users/leonardosovienski/events{/privacy}","received_events_url":"https://api.github.com/users/leonardosovienski/received_events","type":"User","user_view_type":"public","site_admin":false},"jobs_url":"https://api.github.com/repos/leonardosovienski/cripto-predictor/actions/runs/35925694691/jobs","logs_url":"https://api.github.com/repos/leonardosovienski/cripto-predictor/actions/runs/35925694691/logs","check_suite_url":"https://api.github.com/repos/leonardosovienski/cripto-predictor/check-suites/97284121230","artifacts_url":"https://api.github.com/repos/leonardosovienski/cripto-predictor/actions/runs/35925694691/artifacts","cancel_url":"https://api.github.com/repos/leonardosovienski/cripto-predictor/actions/runs/35925694691/cancel","rerun_url":"https://api.github.com/repos/leonardosovienski/cripto-predictor/actions/runs/35925694691/rerun","previous_attempt_url":null,"workflow_url":"https://api.github.com/repos/leonardosovienski/cripto-predictor/actions/workflows/322730187","head_commit":{"id":"341d270e4d709150c581c3cd93f4518d483009eb","tree_id":"22dd6a860939424393bd232ad1c59ff18442cb85","message":"qualification(crypto): predictor-ops 4.2.2rc1 (SHARED-005 corrigida, D-17); versão 1.2.0rc2\n\n- tool.uv.sources/uv.lock: wheel oficial v4.2.2rc1 (sha256 0be70bfb…, construída pelo\n  workflow Release do Ops); range predictor-ops>=4.2.2rc1,<5\n- test_core_integrity e verify_installed_wheels exigem a wheel nova\n\nCo-Authored-By: Claude Opus 5.5 (1M context) <noreply@anthropic.com>","timestamp":"2026-09-23T18:58:04Z","author":{"name":"Leonardo Sovienski","email":"leonardo.sovienski@gmail.com"},"committer":{"name":"Leonardo Sovienski","email":"leonardo.sovienski@gmail.com"}},"repository":{"id":1275760699,"node_id":"R_kgDOTAqQOw","name":"cripto-predictor","full_name":"leonardosovienski/cripto-predictor","private":false,"owner":{"login":"leonardosovienski","id":86319239,"node_id":"MDQ6VXNlcjg2MzE5MjM5","avatar_url":"https://avatars.githubusercontent.com/u/86319239?v=4","gravatar_id":"","url":"https://api.github.com/users/leonardosovienski","html_url":"https://github.com/leonardosovienski","followers_url":"https://api.github.com/users/leonardosovienski/followers","following_url":"https://api.github.com/users/leonardosovienski/following{/other_user}","gists_url":"https://api.github.com/users/leonardosovienski/gists{/gist_id}","starred_url":"https://api.github.com/users/leonardosovienski/starred{/owner}{/repo}","subscriptions_url":"https://api.github.com/users/leonardosovienski/subscriptions","organizations_url":"https://api.github.com/users/leonardosovienski/orgs","repos_url":"https://api.github.com/users/leonardosovienski/repos","events_url":"https://api.github.com/users/leonardosovienski/events{/privacy}","received_events_url":"https://api.github.com/users/leonardosovienski/received_events","type":"User","user_view_type":"public","site_admin":false},"html_url":"https://github.com/leonardosovienski/cripto-predictor","description":null,"fork":false,"url":"https://api.github.com/repos/leonardosovienski/cripto-predictor","forks_url":"https://api.github.com/repos/leonardosovienski/cripto-predictor/forks","keys_url":"https://api.github.com/repos/leonardosovienski/cripto-predictor/keys{/key_id}","collaborators_url":"https://api.github.com/repos/leonardosovienski/cripto-predictor/collaborators{/collaborator}","teams_url":"https://api.github.com/repos/leonardosovienski/cripto-predictor/teams","hooks_url":"https://api.github.com/repos/leonardosovienski/cripto-predictor/hooks","issue_events_url":"https://api.github.com/repos/leonardosovienski/cripto-predictor/issues/events{/number}","events_url":"https://api.github.com/repos/leonardosovienski/cripto-predictor/events","assignees_url":"https://api.github.com/repos/leonardosovienski/cripto-predictor/assignees{/user}","branches_url":"https://api.github.com/repos/leonardosovienski/cripto-predictor/branches{/branch}","tags_url":"https://api.github.com/repos/leonardosovienski/cripto-predictor/tags","blobs_url":"https://api.github.com/repos/leonardosovienski/cripto-predictor/git/blobs{/sha}","git_tags_url":"https://api.github.com/repos/leonardosovienski/cripto-predictor/git/tags{/sha}","git_refs_url":"https://api.github.com/repos/leonardosovienski/cripto-predictor/git/refs{/sha}","trees_url":"https://api.github.com/repos/leonardosovienski/cripto-predictor/git/trees{/sha}","statuses_url":"https://api.github.com/repos/leonardosovienski/cripto-predictor/statuses/{sha}","languages_url":"https://api.github.com/repos/leonardosovienski/cripto-predictor/languages","stargazers_url":"https://api.github.com/repos/leonardosovienski/cripto-predictor/stargazers","contributors_url":"https://api.github.com/repos/leonardosovienski/cripto-predictor/contributors","subscribers_url":"https://api.github.com/repos/leonardosovienski/cripto-predictor/subscribers","subscription_url":"https://api.github.com/repos/leonardosovienski/cripto-predictor/subscription","commits_url":"https://api.github.com/repos/leonardosovienski/cripto-predictor/commits{/sha}","git_commits_url":"https://api.github.com/repos/leonardosovienski/cripto-predictor/git/commits{/sha}","comments_url":"https://api.github.com/repos/leonardosovienski/cripto-predictor/comments{/number}","issue_comment_url":"https://api.github.com/repos/leonardosovienski/cripto-predictor/issues/comments{/number}","contents_url":"https://api.github.com/repos/leonardosovienski/cripto-predictor/contents/{+path}","compare_url":"https://api.github.com/repos/leonardosovienski/cripto-predictor/compare/{base}...{head}","merges_url":"https://api.github.com/repos/leonardosovienski/cripto-predictor/merges","archive_url":"https://api.github.com/repos/leonardosovienski/cripto-predictor/{archive_format}{/ref}","downloads_url":"https://api.github.com/repos/leonardosovienski/cripto-predictor/downloads","issues_url":"https://api.github.com/repos/leonardosovienski/cripto-predictor/issues{/number}","pulls_url":"https://api.github.com/repos/leonardosovienski/cripto-predictor/pulls{/number}","milestones_url":"https://api.github.com/repos/leonardosovienski/cripto-predictor/milestones{/number}","notifications_url":"https://api.github.com/repos/leonardosovienski/cripto-predictor/notifications{?since,all,participating}","labels_url":"https://api.github.com/repos/leonardosovienski/cripto-predictor/labels{/name}","releases_url":"https://api.github.com/repos/leonardosovienski/cripto-predictor/releases{/id}","deployments_url":"https://api.github.com/repos/leonardosovienski/cripto-predictor/deployments"},"head_repository":{"id":1275760699,"node_id":"R_kgDOTAqQOw","name":"cripto-predictor","full_name":"leonardosovienski/cripto-predictor","private":false,"owner":{"login":"leonardosovienski","id":86319239,"node_id":"MDQ6VXNlcjg2MzE5MjM5","avatar_url":"https://avatars.githubusercontent.com/u/86319239?v=4","gravatar_id":"","url":"https://api.github.com/users/leonardosovienski","html_url":"https://github.com/leonardosovienski","followers_url":"https://api.github.com/users/leonardosovienski/followers","following_url":"https://api.github.com/users/leonardosovienski/following{/other_user}","gists_url":"https://api.github.com/users/leonardosovienski/gists{/gist_id}","starred_url":"https://api.github.com/users/leonardosovienski/starred{/owner}{/repo}","subscriptions_url":"https://api.github.com/users/leonardosovienski/subscriptions","organizations_url":"https://api.github.com/users/leonardosovienski/orgs","repos_url":"https://api.github.com/users/leonardosovienski/repos","events_url":"https://api.github.com/users/leonardosovienski/events{/privacy}","received_events_url":"https://api.github.com/users/leonardosovienski/received_events","type":"User","user_view_type":"public","site_admin":false},"html_url":"https://github.com/leonardosovienski/cripto-predictor","description":null,"fork":false,"url":"https://api.github.com/repos/leonardosovienski/cripto-predictor","forks_url":"https://api.github.com/repos/leonardosovienski/cripto-predictor/forks","keys_url":"https://api.github.com/repos/leonardosovienski/cripto-predictor/keys{/key_id}","collaborators_url":"https://api.github.com/repos/leonardosovienski/cripto-predictor/collaborators{/collaborator}","teams_url":"https://api.github.com/repos/leonardosovienski/cripto-predictor/teams","hooks_url":"https://api.github.com/repos/leonardosovienski/cripto-predictor/hooks","issue_events_url":"https://api.github.com/repos/leonardosovienski/cripto-predictor/issues/events{/number}","events_url":"https://api.github.com/repos/leonardosovienski/cripto-predictor/events","assignees_url":"https://api.github.com/repos/leonardosovienski/cripto-predictor/assignees{/user}","branches_url":"https://api.github.com/repos/leonardosovienski/cripto-predictor/branches{/branch}","tags_url":"https://api.github.com/repos/leonardosovienski/cripto-predictor/tags","blobs_url":"https://api.github.com/repos/leonardosovienski/cripto-predictor/git/blobs{/sha}","git_tags_url":"https://api.github.com/repos/leonardosovienski/cripto-predictor/git/tags{/sha}","git_refs_url":"https://api.github.com/repos/leonardosovienski/cripto-predictor/git/refs{/sha}","trees_url":"https://api.github.com/repos/leonardosovienski/cripto-predictor/git/trees{/sha}","statuses_url":"https://api.github.com/repos/leonardosovienski/cripto-predictor/statuses/{sha}","languages_url":"https://api.github.com/repos/leonardosovienski/cripto-predictor/languages","stargazers_url":"https://api.github.com/repos/leonardosovienski/cripto-predictor/stargazers","contributors_url":"https://api.github.com/repos/leonardosovienski/cripto-predictor/contributors","subscribers_url":"https://api.github.com/repos/leonardosovienski/cripto-predictor/subscribers","subscription_url":"https://api.github.com/repos/leonardosovienski/cripto-predictor/subscription","commits_url":"https://api.github.com/repos/leonardosovienski/cripto-predictor/commits{/sha}","git_commits_url":"https://api.github.com/repos/leonardosovienski/cripto-predictor/git/commits{/sha}","comments_url":"https://api.github.com/repos/leonardosovienski/cripto-predictor/comments{/number}","issue_comment_url":"https://api.github.com/repos/leonardosovienski/cripto-predictor/issues/comments{/number}","contents_url":"https://api.github.com/repos/leonardosovienski/cripto-predictor/contents/{+path}","compare_url":"https://api.github.com/repos/leonardosovienski/cripto-predictor/compare/{base}...{head}","merges_url":"https://api.github.com/repos/leonardosovienski/cripto-predictor/merges","archive_url":"https://api.github.com/repos/leonardosovienski/cripto-predictor/{archive_format}{/ref}","downloads_url":"https://api.github.com/repos/leonardosovienski/cripto-predictor/downloads","issues_url":"https://api.github.com/repos/leonardosovienski/cripto-predictor/issues{/number}","pulls_url":"https://api.github.com/repos/leonardosovienski/cripto-predictor/pulls{/number}","milestones_url":"https://api.github.com/repos/leonardosovienski/cripto-predictor/milestones{/number}","notifications_url":"https://api.github.com/repos/leonardosovienski/cripto-predictor/notifications{?since,all,participating}","labels_url":"https://api.github.com/repos/leonardosovienski/cripto-predictor/labels{/name}","releases_url":"https://api.github.com/repos/leonardosovienski/cripto-predictor/releases{/id}","deployments_url":"https://api.github.com/repos/leonardosovienski/cripto-predictor/deployments"}},{"id":35906112873,"name":"CI","node_id":"WFR_kwLOTAqQO88AAAAIXCvNaQ","head_branch":"qualification/crypto-ops-4.2.2rc1","head_sha":"341d270e4d709150c581c3cd93f4518d483009eb","path":".github/workflows/ci.yml","display_title":"qualification(crypto): predictor-ops 4.2.2rc1 (SHARED-005 corrigida, …","run_number":584,"event":"push","status":"completed","conclusion":"success","workflow_id":322730187,"check_suite_id":97229453607,"check_suite_node_id":"CS_kwDOTAqQO88AAAAWo1O5Jw","url":"https://api.github.com/repos/leonardosovienski/cripto-predictor/actions/runs/35906112873","html_url":"https://github.com/leonardosovienski/cripto-predictor/actions/runs/35906112873","pull_requests":[],"created_at":"2026-09-23T18:58:11Z","updated_at":"2026-09-23T19:04:40Z","actor":{"login":"leonardosovienski","id":86319239,"node_id":"MDQ6VXNlcjg2MzE5MjM5","avatar_url":"https://avatars.githubusercontent.com/u/86319239?v=4","gravatar_id":"","url":"https://api.github.com/users/leonardosovienski","html_url":"https://github.com/leonardosovienski","followers_url":"https://api.github.com/users/leonardosovienski/followers","following_url":"https://api.github.com/users/leonardosovienski/following{/other_user}","gists_url":"https://api.github.com/users/leonardosovienski/gists{/gist_id}","starred_url":"https://api.github.com/users/leonardosovienski/starred{/owner}{/repo}","subscriptions_url":"https://api.github.com/users/leonardosovienski/subscriptions","organizations_url":"https://api.github.com/users/leonardosovienski/orgs","repos_url":"https://api.github.com/users/leonardosovienski/repos","events_url":"https://api.github.com/users/leonardosovienski/events{/privacy}","received_events_url":"https://api.github.com/users/leonardosovienski/received_events","type":"User","user_view_type":"public","site_admin":false},"run_attempt":1,"referenced_workflows":[],"run_started_at":"2026-09-23T18:58:11Z","triggering_actor":{"login":"leonardosovienski","id":86319239,"node_id":"MDQ6VXNlcjg2MzE5MjM5","avatar_url":"https://avatars.githubusercontent.com/u/86319239?v=4","gravatar_id":"","url":"https://api.github.com/users/leonardosovienski","html_url":"https://github.com/leonardosovienski","followers_url":"https://api.github.com/users/leonardosovienski/followers","following_url":"https://api.github.com/users/leonardosovienski/following{/other_user}","gists_url":"https://api.github.com/users/leonardosovienski/gists{/gist_id}","starred_url":"https://api.github.com/users/leonardosovienski/starred{/owner}{/repo}","subscriptions_url":"https://api.github.com/users/leonardosovienski/subscriptions","organizations_url":"https://api.github.com/users/leonardosovienski/orgs","repos_url":"https://api.github.com/users/leonardosovienski/repos","events_url":"https://api.github.com/users/leonardosovienski/events{/privacy}","received_events_url":"https://api.github.com/users/leonardosovienski/received_events","type":"User","user_view_type":"public","site_admin":false},"jobs_url":"https://api.github.com/repos/leonardosovienski/cripto-predictor/actions/runs/35906112873/jobs","logs_url":"https://api.github.com/repos/leonardosovienski/cripto-predictor/actions/runs/35906112873/logs","check_suite_url":"https://api.github.com/repos/leonardosovienski/cripto-predictor/check-suites/97229453607","artifacts_url":"https://api.github.com/repos/leonardosovienski/cripto-predictor/actions/runs/35906112873/artifacts","cancel_url":"https://api.github.com/repos/leonardosovienski/cripto-predictor/actions/runs/35906112873/cancel","rerun_url":"https://api.github.com/repos/leonardosovienski/cripto-predictor/actions/runs/35906112873/rerun","previous_attempt_url":null,"workflow_url":"https://api.github.com/repos/leonardosovienski/cripto-predictor/actions/workflows/322730187","head_commit":{"id":"341d270e4d709150c581c3cd93f4518d483009eb","tree_id":"22dd6a860939424393bd232ad1c59ff18442cb85","message":"qualification(crypto): predictor-ops 4.2.2rc1 (SHARED-005 corrigida, D-17); versão 1.2.0rc2\n\n- tool.uv.sources/uv.lock: wheel oficial v4.2.2rc1 (sha256 0be70bfb…, construída pelo\n  workflow Release do Ops); range predictor-ops>=4.2.2rc1,<5\n- test_core_integrity e verify_installed_wheels exigem a wheel nova\n\nCo-Authored-By: Claude Opus 5.5 (1M context) <noreply@anthropic.com>","timestamp":"2026-09-23T18:58:04Z","author":{"name":"Leonardo Sovienski","email":"leonardo.sovienski@gmail.com"},"committer":{"name":"Leonardo Sovienski","email":"leonardo.sovienski@gmail.com"}},"repository":{"id":1275760699,"node_id":"R_kgDOTAqQOw","name":"cripto-predictor","full_name":"leonardosovienski/cripto-predictor","private":false,"owner":{"login":"leonardosovienski","id":86319239,"node_id":"MDQ6VXNlcjg2MzE5MjM5","avatar_url":"https://avatars.githubusercontent.com/u/86319239?v=4","gravatar_id":"","url":"https://api.github.com/users/leonardosovienski","html_url":"https://github.com/leonardosovienski","followers_url":"https://api.github.com/users/leonardosovienski/followers","following_url":"https://api.github.com/users/leonardosovienski/following{/other_user}","gists_url":"https://api.github.com/users/leonardosovienski/gists{/gist_id}","starred_url":"https://api.github.com/users/leonardosovienski/starred{/owner}{/repo}","subscriptions_url":"https://api.github.com/users/leonardosovienski/subscriptions","organizations_url":"https://api.github.com/users/leonardosovienski/orgs","repos_url":"https://api.github.com/users/leonardosovienski/repos","events_url":"https://api.github.com/users/leonardosovienski/events{/privacy}","received_events_url":"https://api.github.com/users/leonardosovienski/received_events","type":"User","user_view_type":"public","site_admin":false},"html_url":"https://github.com/leonardosovienski/cripto-predictor","description":null,"fork":false,"url":"https://api.github.com/repos/leonardosovienski/cripto-predictor","forks_url":"https://api.github.com/repos/leonardosovienski/cripto-predictor/forks","keys_url":"https://api.github.com/repos/leonardosovienski/cripto-predictor/keys{/key_id}","collaborators_url":"https://api.github.com/repos/leonardosovienski/cripto-predictor/collaborators{/collaborator}","teams_url":"https://api.github.com/repos/leonardosovienski/cripto-predictor/teams","hooks_url":"https://api.github.com/repos/leonardosovienski/cripto-predictor/hooks","issue_events_url":"https://api.github.com/repos/leonardosovienski/cripto-predictor/issues/events{/number}","events_url":"https://api.github.com/repos/leonardosovienski/cripto-predictor/events","assignees_url":"https://api.github.com/repos/leonardosovienski/cripto-predictor/assignees{/user}","branches_url":"https://api.github.com/repos/leonardosovienski/cripto-predictor/branches{/branch}","tags_url":"https://api.github.com/repos/leonardosovienski/cripto-predictor/tags","blobs_url":"https://api.github.com/repos/leonardosovienski/cripto-predictor/git/blobs{/sha}","git_tags_url":"https://api.github.com/repos/leonardosovienski/cripto-predictor/git/tags{/sha}","git_refs_url":"https://api.github.com/repos/leonardosovienski/cripto-predictor/git/refs{/sha}","trees_url":"https://api.github.com/repos/leonardosovienski/cripto-predictor/git/trees{/sha}","statuses_url":"https://api.github.com/repos/leonardosovienski/cripto-predictor/statuses/{sha}","languages_url":"https://api.github.com/repos/leonardosovienski/cripto-predictor/languages","stargazers_url":"https://api.github.com/repos/leonardosovienski/cripto-predictor/stargazers","contributors_url":"https://api.github.com/repos/leonardosovienski/cripto-predictor/contributors","subscribers_url":"https://api.github.com/repos/leonardosovienski/cripto-predictor/subscribers","subscription_url":"https://api.github.com/repos/leonardosovienski/cripto-predictor/subscription","commits_url":"https://api.github.com/repos/leonardosovienski/cripto-predictor/commits{/sha}","git_commits_url":"https://api.github.com/repos/leonardosovienski/cripto-predictor/git/commits{/sha}","comments_url":"https://api.github.com/repos/leonardosovienski/cripto-predictor/comments{/number}","issue_comment_url":"https://api.github.com/repos/leonardosovienski/cripto-predictor/issues/comments{/number}","contents_url":"https://api.github.com/repos/leonardosovienski/cripto-predictor/contents/{+path}","compare_url":"https://api.github.com/repos/leonardosovienski/cripto-predictor/compare/{base}...{head}","merges_url":"https://api.github.com/repos/leonardosovienski/cripto-predictor/merges","archive_url":"https://api.github.com/repos/leonardosovienski/cripto-predictor/{archive_format}{/ref}","downloads_url":"https://api.github.com/repos/leonardosovienski/cripto-predictor/downloads","issues_url":"https://api.github.com/repos/leonardosovienski/cripto-predictor/issues{/number}","pulls_url":"https://api.github.com/repos/leonardosovienski/cripto-predictor/pulls{/number}","milestones_url":"https://api.github.com/repos/leonardosovienski/cripto-predictor/milestones{/number}","notifications_url":"https://api.github.com/repos/leonardosovienski/cripto-predictor/notifications{?since,all,participating}","labels_url":"https://api.github.com/repos/leonardosovienski/cripto-predictor/labels{/name}","releases_url":"https://api.github.com/repos/leonardosovienski/cripto-predictor/releases{/id}","deployments_url":"https://api.github.com/repos/leonardosovienski/cripto-predictor/deployments"},"head_repository":{"id":1275760699,"node_id":"R_kgDOTAqQOw","name":"cripto-predictor","full_name":"leonardosovienski/cripto-predictor","private":false,"owner":{"login":"leonardosovienski","id":86319239,"node_id":"MDQ6VXNlcjg2MzE5MjM5","avatar_url":"https://avatars.githubusercontent.com/u/86319239?v=4","gravatar_id":"","url":"https://api.github.com/users/leonardosovienski","html_url":"https://github.com/leonardosovienski","followers_url":"https://api.github.com/users/leonardosovienski/followers","following_url":"https://api.github.com/users/leonardosovienski/following{/other_user}","gists_url":"https://api.github.com/users/leonardosovienski/gists{/gist_id}","starred_url":"https://api.github.com/users/leonardosovienski/starred{/owner}{/repo}","subscriptions_url":"https://api.github.com/users/leonardosovienski/subscriptions","organizations_url":"https://api.github.com/users/leonardosovienski/orgs","repos_url":"https://api.github.com/users/leonardosovienski/repos","events_url":"https://api.github.com/users/leonardosovienski/events{/privacy}","received_events_url":"https://api.github.com/users/leonardosovienski/received_events","type":"User","user_view_type":"public","site_admin":false},"html_url":"https://github.com/leonardosovienski/cripto-predictor","description":null,"fork":false,"url":"https://api.github.com/repos/leonardosovienski/cripto-predictor","forks_url":"https://api.github.com/repos/leonardosovienski/cripto-predictor/forks","keys_url":"https://api.github.com/repos/leonardosovienski/cripto-predictor/keys{/key_id}","collaborators_url":"https://api.github.com/repos/leonardosovienski/cripto-predictor/collaborators{/collaborator}","teams_url":"https://api.github.com/repos/leonardosovienski/cripto-predictor/teams","hooks_url":"https://api.github.com/repos/leonardosovienski/cripto-predictor/hooks","issue_events_url":"https://api.github.com/repos/leonardosovienski/cripto-predictor/issues/events{/number}","events_url":"https://api.github.com/repos/leonardosovienski/cripto-predictor/events","assignees_url":"https://api.github.com/repos/leonardosovienski/cripto-predictor/assignees{/user}","branches_url":"https://api.github.com/repos/leonardosovienski/cripto-predictor/branches{/branch}","tags_url":"https://api.github.com/repos/leonardosovienski/cripto-predictor/tags","blobs_url":"https://api.github.com/repos/leonardosovienski/cripto-predictor/git/blobs{/sha}","git_tags_url":"https://api.github.com/repos/leonardosovienski/cripto-predictor/git/tags{/sha}","git_refs_url":"https://api.github.com/repos/leonardosovienski/cripto-predictor/git/refs{/sha}","trees_url":"https://api.github.com/repos/leonardosovienski/cripto-predictor/git/trees{/sha}","statuses_url":"https://api.github.com/repos/leonardosovienski/cripto-predictor/statuses/{sha}","languages_url":"https://api.github.com/repos/leonardosovienski/cripto-predictor/languages","stargazers_url":"https://api.github.com/repos/leonardosovienski/cripto-predictor/stargazers","contributors_url":"https://api.github.com/repos/leonardosovienski/cripto-predictor/contributors","subscribers_url":"https://api.github.com/repos/leonardosovienski/cripto-predictor/subscribers","subscription_url":"https://api.github.com/repos/leonardosovienski/cripto-predictor/subscription","commits_url":"https://api.github.com/repos/leonardosovienski/cripto-predictor/commits{/sha}","git_commits_url":"https://api.github.com/repos/leonardosovienski/cripto-predictor/git/commits{/sha}","comments_url":"https://api.github.com/repos/leonardosovienski/cripto-predictor/comments{/number}","issue_comment_url":"https://api.github.com/repos/leonardosovienski/cripto-predictor/issues/comments{/number}","contents_url":"https://api.github.com/repos/leonardosovienski/cripto-predictor/contents/{+path}","compare_url":"https://api.github.com/repos/leonardosovienski/cripto-predictor/compare/{base}...{head}","merges_url":"https://api.github.com/repos/leonardosovienski/cripto-predictor/merges","archive_url":"https://api.github.com/repos/leonardosovienski/cripto-predictor/{archive_format}{/ref}","downloads_url":"https://api.github.com/repos/leonardosovienski/cripto-predictor/downloads","issues_url":"https://api.github.com/repos/leonardosovienski/cripto-predictor/issues{/number}","pulls_url":"https://api.github.com/repos/leonardosovienski/cripto-predictor/pulls{/number}","milestones_url":"https://api.github.com/repos/leonardosovienski/cripto-predictor/milestones{/number}","notifications_url":"https://api.github.com/repos/leonardosovienski/cripto-predictor/notifications{?since,all,participating}","labels_url":"https://api.github.com/repos/leonardosovienski/cripto-predictor/labels{/name}","releases_url":"https://api.github.com/repos/leonardosovienski/cripto-predictor/releases{/id}","deployments_url":"https://api.github.com/repos/leonardosovienski/cripto-predictor/deployments"}}]}
$ (cwd=None) gh api repos/leonardosovienski/cripto-predictor/releases?per_page=100
[exit 0]
[{"url":"https://api.github.com/repos/leonardosovienski/cripto-predictor/releases/395095215","assets_url":"https://api.github.com/repos/leonardosovienski/cripto-predictor/releases/395095215/assets","upload_url":"https://uploads.github.com/repos/leonardosovienski/cripto-predictor/releases/395095215/assets{?name,label}","html_url":"https://github.com/leonardosovienski/cripto-predictor/releases/tag/v1.2.0rc2","id":395095215,"author":{"login":"leonardosovienski","id":86319239,"node_id":"MDQ6VXNlcjg2MzE5MjM5","avatar_url":"https://avatars.githubusercontent.com/u/86319239?v=4","gravatar_id":"","url":"https://api.github.com/users/leonardosovienski","html_url":"https://github.com/leonardosovienski","followers_url":"https://api.github.com/users/leonardosovienski/followers","following_url":"https://api.github.com/users/leonardosovienski/following{/other_user}","gists_url":"https://api.github.com/users/leonardosovienski/gists{/gist_id}","starred_url":"https://api.github.com/users/leonardosovienski/starred{/owner}{/repo}","subscriptions_url":"https://api.github.com/users/leonardosovienski/subscriptions","organizations_url":"https://api.github.com/users/leonardosovienski/orgs","repos_url":"https://api.github.com/users/leonardosovienski/repos","events_url":"https://api.github.com/users/leonardosovienski/events{/privacy}","received_events_url":"https://api.github.com/users/leonardosovienski/received_events","type":"User","user_view_type":"public","site_admin":false},"node_id":"RE_kwDOTAqQO84XjKyv","tag_name":"v1.2.0rc2","target_commitish":"341d270e4d709150c581c3cd93f4518d483009eb","name":"cripto-predictor 1.2.0rc2 (qualificação Etapa A, Ops 4.2.2rc1)","draft":false,"immutable":false,"prerelease":true,"created_at":"2026-09-23T18:58:04Z","updated_at":"2026-09-23T21:58:52Z","published_at":"2026-09-23T21:58:52Z","assets":[{"url":"https://api.github.com/repos/leonardosovienski/cripto-predictor/releases/assets/584654544","id":584654544,"node_id":"RA_kwDOTAqQO84i2R7Q","name":"cripto_predictor-1.2.0rc2-py3-none-any.whl","label":"","uploader":{"login":"leonardosovienski","id":86319239,"node_id":"MDQ6VXNlcjg2MzE5MjM5","avatar_url":"https://avatars.githubusercontent.com/u/86319239?v=4","gravatar_id":"","url":"https://api.github.com/users/leonardosovienski","html_url":"https://github.com/leonardosovienski","followers_url":"https://api.github.com/users/leonardosovienski/followers","following_url":"https://api.github.com/users/leonardosovienski/following{/other_user}","gists_url":"https://api.github.com/users/leonardosovienski/gists{/gist_id}","starred_url":"https://api.github.com/users/leonardosovienski/starred{/owner}{/repo}","subscriptions_url":"https://api.github.com/users/leonardosovienski/subscriptions","organizations_url":"https://api.github.com/users/leonardosovienski/orgs","repos_url":"https://api.github.com/users/leonardosovienski/repos","events_url":"https://api.github.com/users/leonardosovienski/events{/privacy}","received_events_url":"https://api.github.com/users/leonardosovienski/received_events","type":"User","user_view_type":"public","site_admin":false},"content_type":"application/octet-stream","state":"uploaded","size":477250,"digest":"sha256:6e62f67f0779aef7e913d34b4d3d3d6ed5f88ad882e8fa8372f54c4ab59bc8ee","download_count":3,"created_at":"2026-09-23T21:58:51Z","updated_at":"2026-09-23T21:58:52Z","browser_download_url":"https://github.com/leonardosovienski/cripto-predictor/releases/download/v1.2.0rc2/cripto_predictor-1.2.0rc2-py3-none-any.whl"},{"url":"https://api.github.com/repos/leonardosovienski/cripto-predictor/releases/assets/584654545","id":584654545,"node_id":"RA_kwDOTAqQO84i2R7R","name":"cripto_predictor-1.2.0rc2.tar.gz","label":"","uploader":{"login":"leonardosovienski","id":86319239,"node_id":"MDQ6VXNlcjg2MzE5MjM5","avatar_url":"https://avatars.githubusercontent.com/u/86319239?v=4","gravatar_id":"","url":"https://api.github.com/users/leonardosovienski","html_url":"https://github.com/leonardosovienski","followers_url":"https://api.github.com/users/leonardosovienski/followers","following_url":"https://api.github.com/users/leonardosovienski/following{/other_user}","gists_url":"https://api.github.com/users/leonardosovienski/gists{/gist_id}","starred_url":"https://api.github.com/users/leonardosovienski/starred{/owner}{/repo}","subscriptions_url":"https://api.github.com/users/leonardosovienski/subscriptions","organizations_url":"https://api.github.com/users/leonardosovienski/orgs","repos_url":"https://api.github.com/users/leonardosovienski/repos","events_url":"https://api.github.com/users/leonardosovienski/events{/privacy}","received_events_url":"https://api.github.com/users/leonardosovienski/received_events","type":"User","user_view_type":"public","site_admin":false},"content_type":"application/x-gtar","state":"uploaded","size":364519,"digest":"sha256:dadf3300de3bce18b84e8b434f15262d30fa36316b13dbfb7228cf82388dec31","download_count":0,"created_at":"2026-09-23T21:58:51Z","updated_at":"2026-09-23T21:58:52Z","browser_download_url":"https://github.com/leonardosovienski/cripto-predictor/releases/download/v1.2.0rc2/cripto_predictor-1.2.0rc2.tar.gz"}],"tarball_url":"https://api.github.com/repos/leonardosovienski/cripto-predictor/tarball/v1.2.0rc2","zipball_url":"https://api.github.com/repos/leonardosovienski/cripto-predictor/zipball/v1.2.0rc2","body":"Pré-release de qualificação (missão crypto). Igual à 1.2.0rc1, mas com predictor-ops 4.2.2rc1 (SHARED-005 corrigida, D-17, STACK_BASELINE_V1.1).\n\n- commit: 341d270e4d709150c581c3cd93f4518d483009eb (branch qualification/crypto-ops-4.2.2rc1)\n- build reprodutível: git archive + SOURCE_DATE_EPOCH=1758240000, 2 builds idênticos\n- cripto_predictor-1.2.0rc2-py3-none-any.whl sha256 6e62f67f0779aef7e913d34b4d3d3d6ed5f88ad882e8fa8372f54c4ab59bc8ee\n- cripto_predictor-1.2.0rc2.tar.gz sha256 dadf3300de3bce18b84e8b434f15262d30fa36316b13dbfb7228cf82388dec31\n- capital_permission = false"},{"url":"https://api.github.com/repos/leonardosovienski/cripto-predictor/releases/394809890","assets_url":"https://api.github.com/repos/leonardosovienski/cripto-predictor/releases/394809890/assets","upload_url":"https://uploads.github.com/repos/leonardosovienski/cripto-predictor/releases/394809890/assets{?name,label}","html_url":"https://github.com/leonardosovienski/cripto-predictor/releases/tag/v1.2.0rc1","id":394809890,"author":{"login":"leonardosovienski","id":86319239,"node_id":"MDQ6VXNlcjg2MzE5MjM5","avatar_url":"https://avatars.githubusercontent.com/u/86319239?v=4","gravatar_id":"","url":"https://api.github.com/users/leonardosovienski","html_url":"https://github.com/leonardosovienski","followers_url":"https://api.github.com/users/leonardosovienski/followers","following_url":"https://api.github.com/users/leonardosovienski/following{/other_user}","gists_url":"https://api.github.com/users/leonardosovienski/gists{/gist_id}","starred_url":"https://api.github.com/users/leonardosovienski/starred{/owner}{/repo}","subscriptions_url":"https://api.github.com/users/leonardosovienski/subscriptions","organizations_url":"https://api.github.com/users/leonardosovienski/orgs","repos_url":"https://api.github.com/users/leonardosovienski/repos","events_url":"https://api.github.com/users/leonardosovienski/events{/privacy}","received_events_url":"https://api.github.com/users/leonardosovienski/received_events","type":"User","user_view_type":"public","site_admin":false},"node_id":"RE_kwDOTAqQO84XiFIi","tag_name":"v1.2.0rc1","target_commitish":"2bc63ebdc47f93661a4f37cb988b06939de060fe","name":"cripto-predictor 1.2.0rc1 (qualificação Etapa A, missão crypto)","draft":false,"immutable":false,"prerelease":true,"created_at":"2026-09-23T15:26:11Z","updated_at":"2026-09-23T15:39:31Z","published_at":"2026-09-23T15:39:31Z","assets":[{"url":"https://api.github.com/repos/leonardosovienski/cripto-predictor/releases/assets/584067967","id":584067967,"node_id":"RA_kwDOTAqQO84i0Ct_","name":"cripto_predictor-1.2.0rc1-py3-none-any.whl","label":"","uploader":{"login":"leonardosovienski","id":86319239,"node_id":"MDQ6VXNlcjg2MzE5MjM5","avatar_url":"https://avatars.githubusercontent.com/u/86319239?v=4","gravatar_id":"","url":"https://api.github.com/users/leonardosovienski","html_url":"https://github.com/leonardosovienski","followers_url":"https://api.github.com/users/leonardosovienski/followers","following_url":"https://api.github.com/users/leonardosovienski/following{/other_user}","gists_url":"https://api.github.com/users/leonardosovienski/gists{/gist_id}","starred_url":"https://api.github.com/users/leonardosovienski/starred{/owner}{/repo}","subscriptions_url":"https://api.github.com/users/leonardosovienski/subscriptions","organizations_url":"https://api.github.com/users/leonardosovienski/orgs","repos_url":"https://api.github.com/users/leonardosovienski/repos","events_url":"https://api.github.com/users/leonardosovienski/events{/privacy}","received_events_url":"https://api.github.com/users/leonardosovienski/received_events","type":"User","user_view_type":"public","site_admin":false},"content_type":"application/octet-stream","state":"uploaded","size":477249,"digest":"sha256:1f76b8c4dbcb2ca145c053a7dc84d98d30c49859d95c1e1a78ad4d5916b3df49","download_count":7,"created_at":"2026-09-23T15:39:29Z","updated_at":"2026-09-23T15:39:30Z","browser_download_url":"https://github.com/leonardosovienski/cripto-predictor/releases/download/v1.2.0rc1/cripto_predictor-1.2.0rc1-py3-none-any.whl"},{"url":"https://api.github.com/repos/leonardosovienski/cripto-predictor/releases/assets/584067966","id":584067966,"node_id":"RA_kwDOTAqQO84i0Ct-","name":"cripto_predictor-1.2.0rc1.tar.gz","label":"","uploader":{"login":"leonardosovienski","id":86319239,"node_id":"MDQ6VXNlcjg2MzE5MjM5","avatar_url":"https://avatars.githubusercontent.com/u/86319239?v=4","gravatar_id":"","url":"https://api.github.com/users/leonardosovienski","html_url":"https://github.com/leonardosovienski","followers_url":"https://api.github.com/users/leonardosovienski/followers","following_url":"https://api.github.com/users/leonardosovienski/following{/other_user}","gists_url":"https://api.github.com/users/leonardosovienski/gists{/gist_id}","starred_url":"https://api.github.com/users/leonardosovienski/starred{/owner}{/repo}","subscriptions_url":"https://api.github.com/users/leonardosovienski/subscriptions","organizations_url":"https://api.github.com/users/leonardosovienski/orgs","repos_url":"https://api.github.com/users/leonardosovienski/repos","events_url":"https://api.github.com/users/leonardosovienski/events{/privacy}","received_events_url":"https://api.github.com/users/leonardosovienski/received_events","type":"User","user_view_type":"public","site_admin":false},"content_type":"application/x-gtar","state":"uploaded","size":364511,"digest":"sha256:e5fa2bf7fd930b948fa8f69877d5a65ce9561b1ad42b1dda025b990255696854","download_count":0,"created_at":"2026-09-23T15:39:29Z","updated_at":"2026-09-23T15:39:30Z","browser_download_url":"https://github.com/leonardosovienski/cripto-predictor/releases/download/v1.2.0rc1/cripto_predictor-1.2.0rc1.tar.gz"}],"tarball_url":"https://api.github.com/repos/leonardosovienski/cripto-predictor/tarball/v1.2.0rc1","zipball_url":"https://api.github.com/repos/leonardosovienski/cripto-predictor/zipball/v1.2.0rc1","body":"Pré-release de qualificação (Etapa A, missão crypto). Não é versão operacional.\n\n- commit: 2bc63ebdc47f93661a4f37cb988b06939de060fe (branch qualification/crypto-stage-a)\n- build reprodutível: git archive + SOURCE_DATE_EPOCH=1758240000, 2 builds idênticos\n- cripto_predictor-1.2.0rc1-py3-none-any.whl sha256 1f76b8c4dbcb2ca145c053a7dc84d98d30c49859d95c1e1a78ad4d5916b3df49\n- cripto_predictor-1.2.0rc1.tar.gz sha256 e5fa2bf7fd930b948fa8f69877d5a65ce9561b1ad42b1dda025b990255696854\n- dependências do stack: predictor-core 3.2.1 e predictor-ops 4.2.1 (releases publicadas; sem predictor-research-protocol)\n- capital_permission = false"},{"url":"https://api.github.com/repos/leonardosovienski/cripto-predictor/releases/387238340","assets_url":"https://api.github.com/repos/leonardosovienski/cripto-predictor/releases/387238340/assets","upload_url":"https://uploads.github.com/repos/leonardosovienski/cripto-predictor/releases/387238340/assets{?name,label}","html_url":"https://github.com/leonardosovienski/cripto-predictor/releases/tag/v1.1.0","id":387238340,"author":{"login":"leonardosovienski","id":86319239,"node_id":"MDQ6VXNlcjg2MzE5MjM5","avatar_url":"https://avatars.githubusercontent.com/u/86319239?v=4","gravatar_id":"","url":"https://api.github.com/users/leonardosovienski","html_url":"https://github.com/leonardosovienski","followers_url":"https://api.github.com/users/leonardosovienski/followers","following_url":"https://api.github.com/users/leonardosovienski/following{/other_user}","gists_url":"https://api.github.com/users/leonardosovienski/gists{/gist_id}","starred_url":"https://api.github.com/users/leonardosovienski/starred{/owner}{/repo}","subscriptions_url":"https://api.github.com/users/leonardosovienski/subscriptions","organizations_url":"https://api.github.com/users/leonardosovienski/orgs","repos_url":"https://api.github.com/users/leonardosovienski/repos","events_url":"https://api.github.com/users/leonardosovienski/events{/privacy}","received_events_url":"https://api.github.com/users/leonardosovienski/received_events","type":"User","user_view_type":"public","site_admin":false},"node_id":"RE_kwDOTAqQO84XFMnE","tag_name":"v1.1.0","target_commitish":"6ea0d2ccdcfc6a3858083acb6ded5cb39e178586","name":"v1.1.0","draft":false,"immutable":false,"prerelease":false,"created_at":"2026-09-11T17:51:25Z","updated_at":"2026-09-11T18:01:20Z","published_at":"2026-09-11T18:01:16Z","assets":[{"url":"https://api.github.com/repos/leonardosovienski/cripto-predictor/releases/assets/557737089","id":557737089,"node_id":"RA_kwDOTAqQO84hPmSB","name":"cripto_predictor-1.1.0-py3-none-any.whl","label":"","uploader":{"login":"leonardosovienski","id":86319239,"node_id":"MDQ6VXNlcjg2MzE5MjM5","avatar_url":"https://avatars.githubusercontent.com/u/86319239?v=4","gravatar_id":"","url":"https://api.github.com/users/leonardosovienski","html_url":"https://github.com/leonardosovienski","followers_url":"https://api.github.com/users/leonardosovienski/followers","following_url":"https://api.github.com/users/leonardosovienski/following{/other_user}","gists_url":"https://api.github.com/users/leonardosovienski/gists{/gist_id}","starred_url":"https://api.github.com/users/leonardosovienski/starred{/owner}{/repo}","subscriptions_url":"https://api.github.com/users/leonardosovienski/subscriptions","organizations_url":"https://api.github.com/users/leonardosovienski/orgs","repos_url":"https://api.github.com/users/leonardosovienski/repos","events_url":"https://api.github.com/users/leonardosovienski/events{/privacy}","received_events_url":"https://api.github.com/users/leonardosovienski/received_events","type":"User","user_view_type":"public","site_admin":false},"content_type":"application/octet-stream","state":"uploaded","size":391651,"digest":"sha256:41e48e0dd74cb28d5367257495a3fd51048a5c66e594d1d50cf5e854c74a82fe","download_count":53,"created_at":"2026-09-11T18:01:17Z","updated_at":"2026-09-11T18:01:17Z","browser_download_url":"https://github.com/leonardosovienski/cripto-predictor/releases/download/v1.1.0/cripto_predictor-1.1.0-py3-none-any.whl"},{"url":"https://api.github.com/repos/leonardosovienski/cripto-predictor/releases/assets/557737119","id":557737119,"node_id":"RA_kwDOTAqQO84hPmSf","name":"cripto_predictor-1.1.0.tar.gz","label":"","uploader":{"login":"leonardosovienski","id":86319239,"node_id":"MDQ6VXNlcjg2MzE5MjM5","avatar_url":"https://avatars.githubusercontent.com/u/86319239?v=4","gravatar_id":"","url":"https://api.github.com/users/leonardosovienski","html_url":"https://github.com/leonardosovienski","followers_url":"https://api.github.com/users/leonardosovienski/followers","following_url":"https://api.github.com/users/leonardosovienski/following{/other_user}","gists_url":"https://api.github.com/users/leonardosovienski/gists{/gist_id}","starred_url":"https://api.github.com/users/leonardosovienski/starred{/owner}{/repo}","subscriptions_url":"https://api.github.com/users/leonardosovienski/subscriptions","organizations_url":"https://api.github.com/users/leonardosovienski/orgs","repos_url":"https://api.github.com/users/leonardosovienski/repos","events_url":"https://api.github.com/users/leonardosovienski/events{/privacy}","received_events_url":"https://api.github.com/users/leonardosovienski/received_events","type":"User","user_view_type":"public","site_admin":false},"content_type":"application/octet-stream","state":"uploaded","size":295926,"digest":"sha256:c8643ab8a6ce25c5963eea94dd07ccd944e6f9ac65ad338dd9391de80f139681","download_count":1,"created_at":"2026-09-11T18:01:18Z","updated_at":"2026-09-11T18:01:18Z","browser_download_url":"https://github.com/leonardosovienski/cripto-predictor/releases/download/v1.1.0/cripto_predictor-1.1.0.tar.gz"},{"url":"https://api.github.com/repos/leonardosovienski/cripto-predictor/releases/assets/557737141","id":557737141,"node_id":"RA_kwDOTAqQO84hPmS1","name":"crypto_research_export-1.0.1-py3-none-any.whl","label":"","uploader":{"login":"leonardosovienski","id":86319239,"node_id":"MDQ6VXNlcjg2MzE5MjM5","avatar_url":"https://avatars.githubusercontent.com/u/86319239?v=4","gravatar_id":"","url":"https://api.github.com/users/leonardosovienski","html_url":"https://github.com/leonardosovienski","followers_url":"https://api.github.com/users/leonardosovienski/followers","following_url":"https://api.github.com/users/leonardosovienski/following{/other_user}","gists_url":"https://api.github.com/users/leonardosovienski/gists{/gist_id}","starred_url":"https://api.github.com/users/leonardosovienski/starred{/owner}{/repo}","subscriptions_url":"https://api.github.com/users/leonardosovienski/subscriptions","organizations_url":"https://api.github.com/users/leonardosovienski/orgs","repos_url":"https://api.github.com/users/leonardosovienski/repos","events_url":"https://api.github.com/users/leonardosovienski/events{/privacy}","received_events_url":"https://api.github.com/users/leonardosovienski/received_events","type":"User","user_view_type":"public","site_admin":false},"content_type":"application/octet-stream","state":"uploaded","size":4503,"digest":"sha256:f5b9f254e1058895e4b25fe978d3f82b5248e52a008fa26bc814adde2c1cd86b","download_count":6,"created_at":"2026-09-11T18:01:19Z","updated_at":"2026-09-11T18:01:19Z","browser_download_url":"https://github.com/leonardosovienski/cripto-predictor/releases/download/v1.1.0/crypto_research_export-1.0.1-py3-none-any.whl"},{"url":"https://api.github.com/repos/leonardosovienski/cripto-predictor/releases/assets/557737159","id":557737159,"node_id":"RA_kwDOTAqQO84hPmTH","name":"crypto_research_export-1.0.1.tar.gz","label":"","uploader":{"login":"leonardosovienski","id":86319239,"node_id":"MDQ6VXNlcjg2MzE5MjM5","avatar_url":"https://avatars.githubusercontent.com/u/86319239?v=4","gravatar_id":"","url":"https://api.github.com/users/leonardosovienski","html_url":"https://github.com/leonardosovienski","followers_url":"https://api.github.com/users/leonardosovienski/followers","following_url":"https://api.github.com/users/leonardosovienski/following{/other_user}","gists_url":"https://api.github.com/users/leonardosovienski/gists{/gist_id}","starred_url":"https://api.github.com/users/leonardosovienski/starred{/owner}{/repo}","subscriptions_url":"https://api.github.com/users/leonardosovienski/subscriptions","organizations_url":"https://api.github.com/users/leonardosovienski/orgs","repos_url":"https://api.github.com/users/leonardosovienski/repos","events_url":"https://api.github.com/users/leonardosovienski/events{/privacy}","received_events_url":"https://api.github.com/users/leonardosovienski/received_events","type":"User","user_view_type":"public","site_admin":false},"content_type":"application/octet-stream","state":"uploaded","size":6388,"digest":"sha256:70bfef4acb3dbb985a30e4bc4539673fe4163925ed3048be32ac2c1d22da7ebc","download_count":1,"created_at":"2026-09-11T18:01:20Z","updated_at":"2026-09-11T18:01:20Z","browser_download_url":"https://github.com/leonardosovienski/cripto-predictor/releases/download/v1.1.0/crypto_research_export-1.0.1.tar.gz"},{"url":"https://api.github.com/repos/leonardosovienski/cripto-predictor/releases/assets/557737170","id":557737170,"node_id":"RA_kwDOTAqQO84hPmTS","name":"SHA256SUMS.txt","label":"","uploader":{"login":"leonardosovienski","id":86319239,"node_id":"MDQ6VXNlcjg2MzE5MjM5","avatar_url":"https://avatars.githubusercontent.com/u/86319239?v=4","gravatar_id":"","url":"https://api.github.com/users/leonardosovienski","html_url":"https://github.com/leonardosovienski","followers_url":"https://api.github.com/users/leonardosovienski/followers","following_url":"https://api.github.com/users/leonardosovienski/following{/other_user}","gists_url":"https://api.github.com/users/leonardosovienski/gists{/gist_id}","starred_url":"https://api.github.com/users/leonardosovienski/starred{/owner}{/repo}","subscriptions_url":"https://api.github.com/users/leonardosovienski/subscriptions","organizations_url":"https://api.github.com/users/leonardosovienski/orgs","repos_url":"https://api.github.com/users/leonardosovienski/repos","events_url":"https://api.github.com/users/leonardosovienski/events{/privacy}","received_events_url":"https://api.github.com/users/leonardosovienski/received_events","type":"User","user_view_type":"public","site_admin":false},"content_type":"application/octet-stream","state":"uploaded","size":420,"digest":"sha256:09dedf3ba698355aa12db2a1a7997c1308c7801f384bdf9f4e0e0df1ec463163","download_count":1,"created_at":"2026-09-11T18:01:20Z","updated_at":"2026-09-11T18:01:20Z","browser_download_url":"https://github.com/leonardosovienski/cripto-predictor/releases/download/v1.1.0/SHA256SUMS.txt"}],"tarball_url":"https://api.github.com/repos/leonardosovienski/cripto-predictor/tarball/v1.1.0","zipball_url":"https://api.github.com/repos/leonardosovienski/cripto-predictor/zipball/v1.1.0","body":"Implementação da revisão arquitetural de 2026-09-11, com distribuições independentes e contratos explícitos.\n\nFonte: `6ea0d2ccdcfc6a3858083acb6ded5cb39e178586`. Artefatos obtidos da [CI aprovada](https://github.com/leonardosovienski/cripto-predictor/actions/runs/34630038441); hashes em SHA256SUMS.txt.\n\nValidação de engenharia com fixtures e ambientes isolados. Estados científicos, evidências históricas e permissões de capital permanecem sob autoridade dos domínios. Esta release não reemite atestados científicos nem inicia operações financeiras.\n\nMigração e rollback: consultar ARCHITECTURE_IMPLEMENTATION.md no repositório. Preservar dados e recibos ao trocar pacotes; parar runners antigos antes de adotar Ops 4.2 no mesmo runtime root.\n"}]
$ (cwd=None) gh api repos/leonardosovienski/cripto-predictor/git/ref/tags/v1.2.0rc2
[exit 0]
{"ref":"refs/tags/v1.2.0rc2","node_id":"REF_kwDOTAqQO7NyZWZzL3RhZ3MvdjEuMi4wcmMy","url":"https://api.github.com/repos/leonardosovienski/cripto-predictor/git/refs/tags/v1.2.0rc2","object":{"sha":"341d270e4d709150c581c3cd93f4518d483009eb","type":"commit","url":"https://api.github.com/repos/leonardosovienski/cripto-predictor/git/commits/341d270e4d709150c581c3cd93f4518d483009eb"}}
$ (cwd=None) git -C C:\Cripto\qualificacao\cripto-predictor diff --name-only 341d270e4d709150c581c3cd93f4518d483009eb 341d270e4d709150c581c3cd93f4518d483009eb -- GarimpoInvestimentos packages/research-export/src
[exit 0]

$ (cwd=None) gh api repos/leonardosovienski/cripto-predictor/git/ref/tags/v1.2.0rc1
[exit 0]
{"ref":"refs/tags/v1.2.0rc1","node_id":"REF_kwDOTAqQO7NyZWZzL3RhZ3MvdjEuMi4wcmMx","url":"https://api.github.com/repos/leonardosovienski/cripto-predictor/git/refs/tags/v1.2.0rc1","object":{"sha":"2bc63ebdc47f93661a4f37cb988b06939de060fe","type":"commit","url":"https://api.github.com/repos/leonardosovienski/cripto-predictor/git/commits/2bc63ebdc47f93661a4f37cb988b06939de060fe"}}
$ (cwd=None) git -C C:\Cripto\qualificacao\cripto-predictor diff --name-only 2bc63ebdc47f93661a4f37cb988b06939de060fe 341d270e4d709150c581c3cd93f4518d483009eb -- GarimpoInvestimentos packages/research-export/src
[exit 0]
GarimpoInvestimentos/__init__.py

$ (cwd=None) gh api repos/leonardosovienski/cripto-predictor/git/ref/tags/v1.1.0
[exit 0]
{"ref":"refs/tags/v1.1.0","node_id":"REF_kwDOTAqQO7ByZWZzL3RhZ3MvdjEuMS4w","url":"https://api.github.com/repos/leonardosovienski/cripto-predictor/git/refs/tags/v1.1.0","object":{"sha":"6ea0d2ccdcfc6a3858083acb6ded5cb39e178586","type":"commit","url":"https://api.github.com/repos/leonardosovienski/cripto-predictor/git/commits/6ea0d2ccdcfc6a3858083acb6ded5cb39e178586"}}
$ (cwd=None) git -C C:\Cripto\qualificacao\cripto-predictor diff --name-only 6ea0d2ccdcfc6a3858083acb6ded5cb39e178586 341d270e4d709150c581c3cd93f4518d483009eb -- GarimpoInvestimentos packages/research-export/src
[exit 0]
GarimpoInvestimentos/.env.example
GarimpoInvestimentos/__init__.py
GarimpoInvestimentos/adapters/__init__.py
GarimpoInvestimentos/analyzers/factor_dsl.py
GarimpoInvestimentos/analyzers/hypothesis_loop.py
GarimpoInvestimentos/analyzers/opportunity_detector.py
GarimpoInvestimentos/cli.py
GarimpoInvestimentos/dpl/snapshots.py
GarimpoInvestimentos/external_intelligence/__init__.py
GarimpoInvestimentos/external_intelligence/__main__.py
GarimpoInvestimentos/external_intelligence/audit.py
GarimpoInvestimentos/external_intelligence/collection.py
GarimpoInvestimentos/external_intelligence/conditional.py
GarimpoInvestimentos/external_intelligence/context.py
GarimpoInvestimentos/external_intelligence/contracts.py
GarimpoInvestimentos/external_intelligence/features.py
GarimpoInvestimentos/external_intelligence/ledger.py
GarimpoInvestimentos/external_intelligence/providers/__init__.py
GarimpoInvestimentos/external_intelligence/providers/coinmetrics.py
GarimpoInvestimentos/external_intelligence/providers/common.py
GarimpoInvestimentos/external_intelligence/providers/nansen.py
GarimpoInvestimentos/external_intelligence/providers/santiment.py
GarimpoInvestimentos/external_intelligence/shadow.py
GarimpoInvestimentos/external_intelligence/store.py
GarimpoInvestimentos/feature_store_health.py
GarimpoInvestimentos/jobs.py
GarimpoInvestimentos/opportunity_monitor.py
GarimpoInvestimentos/output/reporter.py
GarimpoInvestimentos/phase1.py
GarimpoInvestimentos/profit_recovery_v1.py
GarimpoInvestimentos/quality_snapshot.py
GarimpoInvestimentos/research_admission.py
GarimpoInvestimentos/research_contract.py
GarimpoInvestimentos/research_execution.py
GarimpoInvestimentos/research_faults.py
GarimpoInvestimentos/research_recovery.py
GarimpoInvestimentos/research_results.py
GarimpoInvestimentos/research_runner.py
GarimpoInvestimentos/research_worker.py
GarimpoInvestimentos/trials.harness_attestation.json
GarimpoInvestimentos/trials.phase1_harness_attestation.json
GarimpoInvestimentos/v3/backtest_v3.py
GarimpoInvestimentos/v3/feature_builder.py
GarimpoInvestimentos/v3/regime_engine.py
packages/research-export/src/crypto_research_export/bundle.py
packages/research-export/src/crypto_research_export/external.py

$ (cwd=None) git -C C:\Cripto\qualificacao\cripto-predictor diff --name-only 6ea0d2ccdcfc6a3858083acb6ded5cb39e178586 341d270e4d709150c581c3cd93f4518d483009eb -- GarimpoInvestimentos packages/research-export/src
[exit 0]
GarimpoInvestimentos/.env.example
GarimpoInvestimentos/__init__.py
GarimpoInvestimentos/adapters/__init__.py
GarimpoInvestimentos/analyzers/factor_dsl.py
GarimpoInvestimentos/analyzers/hypothesis_loop.py
GarimpoInvestimentos/analyzers/opportunity_detector.py
GarimpoInvestimentos/cli.py
GarimpoInvestimentos/dpl/snapshots.py
GarimpoInvestimentos/external_intelligence/__init__.py
GarimpoInvestimentos/external_intelligence/__main__.py
GarimpoInvestimentos/external_intelligence/audit.py
GarimpoInvestimentos/external_intelligence/collection.py
GarimpoInvestimentos/external_intelligence/conditional.py
GarimpoInvestimentos/external_intelligence/context.py
GarimpoInvestimentos/external_intelligence/contracts.py
GarimpoInvestimentos/external_intelligence/features.py
GarimpoInvestimentos/external_intelligence/ledger.py
GarimpoInvestimentos/external_intelligence/providers/__init__.py
GarimpoInvestimentos/external_intelligence/providers/coinmetrics.py
GarimpoInvestimentos/external_intelligence/providers/common.py
GarimpoInvestimentos/external_intelligence/providers/nansen.py
GarimpoInvestimentos/external_intelligence/providers/santiment.py
GarimpoInvestimentos/external_intelligence/shadow.py
GarimpoInvestimentos/external_intelligence/store.py
GarimpoInvestimentos/feature_store_health.py
GarimpoInvestimentos/jobs.py
GarimpoInvestimentos/opportunity_monitor.py
GarimpoInvestimentos/output/reporter.py
GarimpoInvestimentos/phase1.py
GarimpoInvestimentos/profit_recovery_v1.py
GarimpoInvestimentos/quality_snapshot.py
GarimpoInvestimentos/research_admission.py
GarimpoInvestimentos/research_contract.py
GarimpoInvestimentos/research_execution.py
GarimpoInvestimentos/research_faults.py
GarimpoInvestimentos/research_recovery.py
GarimpoInvestimentos/research_results.py
GarimpoInvestimentos/research_runner.py
GarimpoInvestimentos/research_worker.py
GarimpoInvestimentos/trials.harness_attestation.json
GarimpoInvestimentos/trials.phase1_harness_attestation.json
GarimpoInvestimentos/v3/backtest_v3.py
GarimpoInvestimentos/v3/feature_builder.py
GarimpoInvestimentos/v3/regime_engine.py
packages/research-export/src/crypto_research_export/bundle.py
packages/research-export/src/crypto_research_export/external.py

$ (cwd=None) git -C C:\QUALIFICACAO\repos\core-predictor status --porcelain --untracked-files=all
[exit 0]

$ (cwd=None) git -C C:\QUALIFICACAO\repos\core-predictor branch --format=%(refname:short)
[exit 0]
hygiene/HYG-004-uv-locked
hygiene/HYG-015-retire-v1-workflows
main

$ (cwd=None) git -C C:\QUALIFICACAO\repos\predictor-ops status --porcelain --untracked-files=all
[exit 0]

$ (cwd=None) git -C C:\QUALIFICACAO\repos\predictor-ops branch --format=%(refname:short)
[exit 0]
fix/shared-005-mutation-guard
hygiene/HYG-004-uv-locked
main

$ (cwd=None) git -C C:\Cripto\qualificacao\cripto-predictor status --porcelain --untracked-files=all
[exit 0]

$ (cwd=None) git -C C:\Cripto\qualificacao\cripto-predictor branch --format=%(refname:short)
[exit 0]
hygiene/HYG-003-protocol-source-lock
hygiene/HYG-015-retire-v1-workflows
main
qualification/crypto-ops-4.2.2rc1

$ (cwd=None) uv --version
[exit 0]
uv 0.12.18 (01cb90c1a 2026-09-22 x86_64-pc-windows-msvc)

$ (cwd=None) gh api repos/leonardosovienski/core-predictor/releases/tags/v3.2.1
[exit 0]
{"url":"https://api.github.com/repos/leonardosovienski/core-predictor/releases/387220099","assets_url":"https://api.github.com/repos/leonardosovienski/core-predictor/releases/387220099/assets","upload_url":"https://uploads.github.com/repos/leonardosovienski/core-predictor/releases/387220099/assets{?name,label}","html_url":"https://github.com/leonardosovienski/core-predictor/releases/tag/v3.2.1","id":387220099,"author":{"login":"github-actions[bot]","id":41898282,"node_id":"MDM6Qm90NDE4OTgyODI=","avatar_url":"https://avatars.githubusercontent.com/in/15368?v=4","gravatar_id":"","url":"https://api.github.com/users/github-actions%5Bbot%5D","html_url":"https://github.com/apps/github-actions","followers_url":"https://api.github.com/users/github-actions%5Bbot%5D/followers","following_url":"https://api.github.com/users/github-actions%5Bbot%5D/following{/other_user}","gists_url":"https://api.github.com/users/github-actions%5Bbot%5D/gists{/gist_id}","starred_url":"https://api.github.com/users/github-actions%5Bbot%5D/starred{/owner}{/repo}","subscriptions_url":"https://api.github.com/users/github-actions%5Bbot%5D/subscriptions","organizations_url":"https://api.github.com/users/github-actions%5Bbot%5D/orgs","repos_url":"https://api.github.com/users/github-actions%5Bbot%5D/repos","events_url":"https://api.github.com/users/github-actions%5Bbot%5D/events{/privacy}","received_events_url":"https://api.github.com/users/github-actions%5Bbot%5D/received_events","type":"Bot","user_view_type":"public","site_admin":false},"node_id":"RE_kwDOTAqQF84XFIKD","tag_name":"v3.2.1","target_commitish":"main","name":"v3.2.1","draft":false,"immutable":false,"prerelease":false,"created_at":"2026-09-11T17:22:41Z","updated_at":"2026-09-11T17:28:11Z","published_at":"2026-09-11T17:28:11Z","assets":[{"url":"https://api.github.com/repos/leonardosovienski/core-predictor/releases/assets/557688551","id":557688551,"node_id":"RA_kwDOTAqQF84hPabn","name":"predictor_core-3.2.1-py3-none-any.whl","label":"","uploader":{"login":"github-actions[bot]","id":41898282,"node_id":"MDM6Qm90NDE4OTgyODI=","avatar_url":"https://avatars.githubusercontent.com/in/15368?v=4","gravatar_id":"","url":"https://api.github.com/users/github-actions%5Bbot%5D","html_url":"https://github.com/apps/github-actions","followers_url":"https://api.github.com/users/github-actions%5Bbot%5D/followers","following_url":"https://api.github.com/users/github-actions%5Bbot%5D/following{/other_user}","gists_url":"https://api.github.com/users/github-actions%5Bbot%5D/gists{/gist_id}","starred_url":"https://api.github.com/users/github-actions%5Bbot%5D/starred{/owner}{/repo}","subscriptions_url":"https://api.github.com/users/github-actions%5Bbot%5D/subscriptions","organizations_url":"https://api.github.com/users/github-actions%5Bbot%5D/orgs","repos_url":"https://api.github.com/users/github-actions%5Bbot%5D/repos","events_url":"https://api.github.com/users/github-actions%5Bbot%5D/events{/privacy}","received_events_url":"https://api.github.com/users/github-actions%5Bbot%5D/received_events","type":"Bot","user_view_type":"public","site_admin":false},"content_type":"application/octet-stream","state":"uploaded","size":85415,"digest":"sha256:10ef42f34ace8bb2df5f83ff7de2ceec79b035a25ea0a690e8942bd60d2fb4e3","download_count":1058,"created_at":"2026-09-11T17:28:10Z","updated_at":"2026-09-11T17:28:11Z","browser_download_url":"https://github.com/leonardosovienski/core-predictor/releases/download/v3.2.1/predictor_core-3.2.1-py3-none-any.whl"},{"url":"https://api.github.com/repos/leonardosovienski/core-predictor/releases/assets/557688555","id":557688555,"node_id":"RA_kwDOTAqQF84hPabr","name":"predictor_core-3.2.1.tar.gz","label":"","uploader":{"login":"github-actions[bot]","id":41898282,"node_id":"MDM6Qm90NDE4OTgyODI=","avatar_url":"https://avatars.githubusercontent.com/in/15368?v=4","gravatar_id":"","url":"https://api.github.com/users/github-actions%5Bbot%5D","html_url":"https://github.com/apps/github-actions","followers_url":"https://api.github.com/users/github-actions%5Bbot%5D/followers","following_url":"https://api.github.com/users/github-actions%5Bbot%5D/following{/other_user}","gists_url":"https://api.github.com/users/github-actions%5Bbot%5D/gists{/gist_id}","starred_url":"https://api.github.com/users/github-actions%5Bbot%5D/starred{/owner}{/repo}","subscriptions_url":"https://api.github.com/users/github-actions%5Bbot%5D/subscriptions","organizations_url":"https://api.github.com/users/github-actions%5Bbot%5D/orgs","repos_url":"https://api.github.com/users/github-actions%5Bbot%5D/repos","events_url":"https://api.github.com/users/github-actions%5Bbot%5D/events{/privacy}","received_events_url":"https://api.github.com/users/github-actions%5Bbot%5D/received_events","type":"Bot","user_view_type":"public","site_admin":false},"content_type":"application/x-gtar","state":"uploaded","size":168368,"digest":"sha256:03c8e7cbbd7727484d9185358c4f7144dfc3bd419a5446537d845b708dc5a6b4","download_count":0,"created_at":"2026-09-11T17:28:11Z","updated_at":"2026-09-11T17:28:11Z","browser_download_url":"https://github.com/leonardosovienski/core-predictor/releases/download/v3.2.1/predictor_core-3.2.1.tar.gz"}],"tarball_url":"https://api.github.com/repos/leonardosovienski/core-predictor/tarball/v3.2.1","zipball_url":"https://api.github.com/repos/leonardosovienski/core-predictor/zipball/v3.2.1","body":"## What's Changed\n* docs: o 3.2.0 não é aditivo para quem atualiza veredito — CHANGELOG corrigido by @leonardosovienski in https://github.com/leonardosovienski/core-predictor/pull/27\n* Isolate scientific imports and reject nonfinite contracts by @leonardosovienski in https://github.com/leonardosovienski/core-predictor/pull/28\n\n\n**Full Changelog**: https://github.com/leonardosovienski/core-predictor/compare/v3.2.0...v3.2.1","mentions_count":1}
$ (cwd=None) gh api repos/leonardosovienski/predictor-ops/releases/tags/v4.2.2rc1
[exit 0]
{"url":"https://api.github.com/repos/leonardosovienski/predictor-ops/releases/394963487","assets_url":"https://api.github.com/repos/leonardosovienski/predictor-ops/releases/394963487/assets","upload_url":"https://uploads.github.com/repos/leonardosovienski/predictor-ops/releases/394963487/assets{?name,label}","html_url":"https://github.com/leonardosovienski/predictor-ops/releases/tag/v4.2.2rc1","id":394963487,"author":{"login":"leonardosovienski","id":86319239,"node_id":"MDQ6VXNlcjg2MzE5MjM5","avatar_url":"https://avatars.githubusercontent.com/u/86319239?v=4","gravatar_id":"","url":"https://api.github.com/users/leonardosovienski","html_url":"https://github.com/leonardosovienski","followers_url":"https://api.github.com/users/leonardosovienski/followers","following_url":"https://api.github.com/users/leonardosovienski/following{/other_user}","gists_url":"https://api.github.com/users/leonardosovienski/gists{/gist_id}","starred_url":"https://api.github.com/users/leonardosovienski/starred{/owner}{/repo}","subscriptions_url":"https://api.github.com/users/leonardosovienski/subscriptions","organizations_url":"https://api.github.com/users/leonardosovienski/orgs","repos_url":"https://api.github.com/users/leonardosovienski/repos","events_url":"https://api.github.com/users/leonardosovienski/events{/privacy}","received_events_url":"https://api.github.com/users/leonardosovienski/received_events","type":"User","user_view_type":"public","site_admin":false},"node_id":"RE_kwDOTdWj1c4Xiqof","tag_name":"v4.2.2rc1","target_commitish":"9831b0d5e727972b1d85ff48be14ffa58677898b","name":"predictor-ops 4.2.2rc1 (SHARED-005)","draft":false,"immutable":false,"prerelease":true,"created_at":"2026-09-23T18:51:36Z","updated_at":"2026-09-23T18:55:08Z","published_at":"2026-09-23T18:54:13Z","assets":[{"url":"https://api.github.com/repos/leonardosovienski/predictor-ops/releases/assets/584402824","id":584402824,"node_id":"RA_kwDOTdWj1c4i1UeI","name":"predictor_ops-4.2.2rc1-py3-none-any.whl","label":"","uploader":{"login":"github-actions[bot]","id":41898282,"node_id":"MDM6Qm90NDE4OTgyODI=","avatar_url":"https://avatars.githubusercontent.com/in/15368?v=4","gravatar_id":"","url":"https://api.github.com/users/github-actions%5Bbot%5D","html_url":"https://github.com/apps/github-actions","followers_url":"https://api.github.com/users/github-actions%5Bbot%5D/followers","following_url":"https://api.github.com/users/github-actions%5Bbot%5D/following{/other_user}","gists_url":"https://api.github.com/users/github-actions%5Bbot%5D/gists{/gist_id}","starred_url":"https://api.github.com/users/github-actions%5Bbot%5D/starred{/owner}{/repo}","subscriptions_url":"https://api.github.com/users/github-actions%5Bbot%5D/subscriptions","organizations_url":"https://api.github.com/users/github-actions%5Bbot%5D/orgs","repos_url":"https://api.github.com/users/github-actions%5Bbot%5D/repos","events_url":"https://api.github.com/users/github-actions%5Bbot%5D/events{/privacy}","received_events_url":"https://api.github.com/users/github-actions%5Bbot%5D/received_events","type":"Bot","user_view_type":"public","site_admin":false},"content_type":"application/octet-stream","state":"uploaded","size":26409,"digest":"sha256:0be70bfbb2437dfb080baceb9af41043a09d03b15a358903b8bd7007f5f169b3","download_count":22,"created_at":"2026-09-23T18:55:08Z","updated_at":"2026-09-23T18:55:08Z","browser_download_url":"https://github.com/leonardosovienski/predictor-ops/releases/download/v4.2.2rc1/predictor_ops-4.2.2rc1-py3-none-any.whl"},{"url":"https://api.github.com/repos/leonardosovienski/predictor-ops/releases/assets/584402826","id":584402826,"node_id":"RA_kwDOTdWj1c4i1UeK","name":"predictor_ops-4.2.2rc1.tar.gz","label":"","uploader":{"login":"github-actions[bot]","id":41898282,"node_id":"MDM6Qm90NDE4OTgyODI=","avatar_url":"https://avatars.githubusercontent.com/in/15368?v=4","gravatar_id":"","url":"https://api.github.com/users/github-actions%5Bbot%5D","html_url":"https://github.com/apps/github-actions","followers_url":"https://api.github.com/users/github-actions%5Bbot%5D/followers","following_url":"https://api.github.com/users/github-actions%5Bbot%5D/following{/other_user}","gists_url":"https://api.github.com/users/github-actions%5Bbot%5D/gists{/gist_id}","starred_url":"https://api.github.com/users/github-actions%5Bbot%5D/starred{/owner}{/repo}","subscriptions_url":"https://api.github.com/users/github-actions%5Bbot%5D/subscriptions","organizations_url":"https://api.github.com/users/github-actions%5Bbot%5D/orgs","repos_url":"https://api.github.com/users/github-actions%5Bbot%5D/repos","events_url":"https://api.github.com/users/github-actions%5Bbot%5D/events{/privacy}","received_events_url":"https://api.github.com/users/github-actions%5Bbot%5D/received_events","type":"Bot","user_view_type":"public","site_admin":false},"content_type":"application/x-gtar","state":"uploaded","size":140078,"digest":"sha256:4826eea2b7b4f6e88753f3099736c05a3cc515cf4065919a16910cd32c9bde67","download_count":0,"created_at":"2026-09-23T18:55:08Z","updated_at":"2026-09-23T18:55:08Z","browser_download_url":"https://github.com/leonardosovienski/predictor-ops/releases/download/v4.2.2rc1/predictor_ops-4.2.2rc1.tar.gz"}],"tarball_url":"https://api.github.com/repos/leonardosovienski/predictor-ops/tarball/v4.2.2rc1","zipball_url":"https://api.github.com/repos/leonardosovienski/predictor-ops/zipball/v4.2.2rc1","body":"Pré-release de qualificação (missão crypto, D-17). Corrige a SHARED-005: no Windows, o lock local não derruba mais o processo que perde a disputa por um job novo.\n\n- commit: 9831b0d5e727972b1d85ff48be14ffa58677898b (PR #26)\n- build reprodutível: git archive + SOURCE_DATE_EPOCH=1758240000, 2 builds idênticos\n- predictor_ops-4.2.2rc1-py3-none-any.whl sha256 82d4a33933841e2217d09a2af452f6c195bba204af6b5fa1182cecea421ec233\n- predictor_ops-4.2.2rc1.tar.gz sha256 729ec7feb66d01202d0d94ef43de31870bd508b535b3f0b32d837f4ea39dceb6"}
