{"n": 1, "label": "propose 1 (fault)", "at": "2026-09-28T01:17:34Z", "seconds": 0.127, "argv": ["/home/runner/work/_temp/work/rt/cain-venv/bin/cain", "research", "propose", "--domain", "crypto", "--state", "/home/runner/work/_temp/work/soak/cain-state", "--proposal", "/home/runner/work/_temp/work/soak/proposals/001.json", "--as-of", "2026-09-28T01:17:34Z"], "fault_env": {"CAIN_ORCHESTRATION_FAULT": "after_outbox_commit"}, "exit": 86}
--- stdout
--- stderr
--- end
{"n": 2, "label": "propose 1 (after restart)", "at": "2026-09-28T01:17:34Z", "seconds": 0.116, "argv": ["/home/runner/work/_temp/work/rt/cain-venv/bin/cain", "research", "propose", "--domain", "crypto", "--state", "/home/runner/work/_temp/work/soak/cain-state", "--proposal", "/home/runner/work/_temp/work/soak/proposals/001.json", "--as-of", "2026-09-28T01:17:34Z"], "fault_env": {}, "exit": 0}
--- stdout
{"decision": "ALLOW", "episode_id": "crypto:episode-1", "reason_code": "ALLOWED", "receipt_sha256": "2fd037f25e59eae009bbd9b2d37d74aa867565fcd636d8d61617cf75c7403a85", "rule": "R14", "status": "EXISTING", "task": {"payload_sha256": "769f89ca36b49f5ba69692a62e5a1aa9e722555c1c415eb782527d7853dbc5ef", "previous_task_id": null, "task_id": "crypto:TASK-5a61224f3e2255c51110cfae4b996804"}}
--- stderr
--- end
{"n": 3, "label": "dispatch 1", "at": "2026-09-28T01:17:34Z", "seconds": 0.119, "argv": ["/home/runner/work/_temp/work/rt/cain-venv/bin/cain", "research", "dispatch", "--domain", "crypto", "--state", "/home/runner/work/_temp/work/soak/cain-state", "--spool", "/home/runner/work/_temp/work/soak/spool"], "fault_env": {}, "exit": 0}
--- stdout
{"action": "dispatched", "file": "crypto/tasks/TASK-5a61224f3e2255c51110cfae4b996804.json", "spool": "WRITTEN", "task_id": "crypto:TASK-5a61224f3e2255c51110cfae4b996804"}
--- stderr
--- end
{"n": 4, "label": "consumer 1", "at": "2026-09-28T01:17:35Z", "seconds": 0.445, "argv": ["/home/runner/work/_temp/work/rt/consumer-venv/bin/predictor-research-consumer", "--domain", "crypto", "--spool", "/home/runner/work/_temp/work/soak/spool", "--ledger", "/home/runner/work/_temp/work/soak/consumer/ledger.sqlite", "--state", "/home/runner/work/_temp/work/soak/domain-state", "--policy", "/home/runner/work/_temp/work/rt/op/policy.json", "--objects", "/home/runner/work/_temp/work/rt/op/objects"], "fault_env": {}, "exit": 0}
--- stdout
{"action": "delivered", "attempt": 1, "class": "TERMINAL_RESULT", "episode_id": "crypto:episode-1", "result_file": "crypto/results/TASK-5a61224f3e2255c51110cfae4b996804.8baf8922f7c06a95.json", "result_write": "WRITTEN", "status": "RESULT", "task_id": "crypto:TASK-5a61224f3e2255c51110cfae4b996804"}
--- stderr
{"duration_ms": 207, "event": "job_finished", "job_id": "crypto-research-7d17de648068fb895eff31a5", "level": "INFO", "run_id": "eda70d0da6144adfa4dc33cde7b24ff1", "run_status": "SUCCEEDED", "service": "predictor_ops", "timestamp": "2026-09-28T01:17:35.251078Z"}
--- end
{"n": 5, "label": "ingest 1", "at": "2026-09-28T01:17:35Z", "seconds": 0.124, "argv": ["/home/runner/work/_temp/work/rt/cain-venv/bin/cain", "research", "ingest", "--domain", "crypto", "--state", "/home/runner/work/_temp/work/soak/cain-state", "--spool", "/home/runner/work/_temp/work/soak/spool"], "fault_env": {}, "exit": 0}
--- stdout
{"action": "ingested", "class": "TERMINAL_RESULT", "fact": "fact:8ece7c4ea09543e18e65761c9b454f1f", "file": "TASK-5a61224f3e2255c51110cfae4b996804.8baf8922f7c06a95.json", "status": "RESULT", "task_id": "crypto:TASK-5a61224f3e2255c51110cfae4b996804"}
--- stderr
--- end
{"n": 6, "label": "resend 1", "at": "2026-09-28T01:17:35Z", "seconds": 0.119, "argv": ["/home/runner/work/_temp/work/rt/cain-venv/bin/cain", "research", "dispatch", "--domain", "crypto", "--state", "/home/runner/work/_temp/work/soak/cain-state", "--spool", "/home/runner/work/_temp/work/soak/spool", "--resend"], "fault_env": {}, "exit": 0}
--- stdout
{"action": "dispatched", "file": "crypto/tasks/TASK-5a61224f3e2255c51110cfae4b996804.json", "spool": "EXISTS", "task_id": "crypto:TASK-5a61224f3e2255c51110cfae4b996804"}
--- stderr
--- end
{"n": 7, "label": "consumer resend 1", "at": "2026-09-28T01:17:35Z", "seconds": 0.153, "argv": ["/home/runner/work/_temp/work/rt/consumer-venv/bin/predictor-research-consumer", "--domain", "crypto", "--spool", "/home/runner/work/_temp/work/soak/spool", "--ledger", "/home/runner/work/_temp/work/soak/consumer/ledger.sqlite", "--state", "/home/runner/work/_temp/work/soak/domain-state", "--policy", "/home/runner/work/_temp/work/rt/op/policy.json", "--objects", "/home/runner/work/_temp/work/rt/op/objects"], "fault_env": {}, "exit": 0}
--- stdout
{"action": "skipped", "episode_id": "crypto:episode-1", "state": "TERMINAL_RESULT", "status": "RESULT", "task_id": "crypto:TASK-5a61224f3e2255c51110cfae4b996804"}
--- stderr
--- end
{"n": 8, "label": "ingest redelivered 1", "at": "2026-09-28T01:17:35Z", "seconds": 0.117, "argv": ["/home/runner/work/_temp/work/rt/cain-venv/bin/cain", "research", "ingest", "--domain", "crypto", "--state", "/home/runner/work/_temp/work/soak/cain-state", "--spool", "/home/runner/work/_temp/work/soak/spool"], "fault_env": {}, "exit": 0}
--- stdout
{"action": "duplicate", "file": "TASK-5a61224f3e2255c51110cfae4b996804.8baf8922f7c06a95.json"}
{"action": "duplicate", "file": "redelivered-001-TASK-5a61224f3e2255c51110cfae4b996804.8baf8922f7c06a95.json"}
--- stderr
--- end
{"n": 9, "label": "propose duplicate 1", "at": "2026-09-28T01:17:35Z", "seconds": 0.121, "argv": ["/home/runner/work/_temp/work/rt/cain-venv/bin/cain", "research", "propose", "--domain", "crypto", "--state", "/home/runner/work/_temp/work/soak/cain-state", "--proposal", "/home/runner/work/_temp/work/soak/proposals/001-again.json", "--as-of", "2026-09-28T01:17:35Z"], "fault_env": {}, "exit": 0}
--- stdout
{"decision": "DUPLICATE", "episode_id": "crypto:episode-2", "reason_code": "DUPLICATE_REQUEST", "receipt_sha256": "a51773a053c348c55f7ad8b0af0ee2253874d03eb1569167cdb6fd994e31feba", "rule": "R08", "status": "RECORDED", "task": null}
--- stderr
--- end
{"n": 10, "label": "propose 2", "at": "2026-09-28T01:17:36Z", "seconds": 0.122, "argv": ["/home/runner/work/_temp/work/rt/cain-venv/bin/cain", "research", "propose", "--domain", "crypto", "--state", "/home/runner/work/_temp/work/soak/cain-state", "--proposal", "/home/runner/work/_temp/work/soak/proposals/002.json", "--as-of", "2026-09-28T01:17:35Z"], "fault_env": {}, "exit": 0}
--- stdout
{"decision": "ALLOW", "episode_id": "crypto:episode-3", "reason_code": "ALLOWED", "receipt_sha256": "178795ba4cc485e1b7e151e2f6c12076821068424ede05db03654f3730885b4a", "rule": "R14", "status": "RECORDED", "task": {"payload_sha256": "348e553c0c4d80f79eca6bcb39c3c9585b97ad867b509959987167c287c20fb5", "previous_task_id": "crypto:TASK-5a61224f3e2255c51110cfae4b996804", "task_id": "crypto:TASK-ec6e000af508cc684f074d56cf1d65d4"}}
--- stderr
--- end
{"n": 11, "label": "dispatch 2 (fault)", "at": "2026-09-28T01:17:36Z", "seconds": 0.107, "argv": ["/home/runner/work/_temp/work/rt/cain-venv/bin/cain", "research", "dispatch", "--domain", "crypto", "--state", "/home/runner/work/_temp/work/soak/cain-state", "--spool", "/home/runner/work/_temp/work/soak/spool"], "fault_env": {"CAIN_ORCHESTRATION_FAULT": "after_spool_write_before_ack"}, "exit": 86}
--- stdout
--- stderr
--- end
{"n": 12, "label": "dispatch 2", "at": "2026-09-28T01:17:36Z", "seconds": 0.119, "argv": ["/home/runner/work/_temp/work/rt/cain-venv/bin/cain", "research", "dispatch", "--domain", "crypto", "--state", "/home/runner/work/_temp/work/soak/cain-state", "--spool", "/home/runner/work/_temp/work/soak/spool"], "fault_env": {}, "exit": 0}
--- stdout
{"action": "dispatched", "file": "crypto/tasks/TASK-ec6e000af508cc684f074d56cf1d65d4.json", "spool": "EXISTS", "task_id": "crypto:TASK-ec6e000af508cc684f074d56cf1d65d4"}
--- stderr
--- end
{"n": 13, "label": "consumer 2 (fault)", "at": "2026-09-28T01:17:36Z", "seconds": 0.41, "argv": ["/home/runner/work/_temp/work/rt/consumer-venv/bin/predictor-research-consumer", "--domain", "crypto", "--spool", "/home/runner/work/_temp/work/soak/spool", "--ledger", "/home/runner/work/_temp/work/soak/consumer/ledger.sqlite", "--state", "/home/runner/work/_temp/work/soak/domain-state", "--policy", "/home/runner/work/_temp/work/rt/op/policy.json", "--objects", "/home/runner/work/_temp/work/rt/op/objects"], "fault_env": {"PREDICTOR_RESEARCH_TRANSPORT_FAULT": "after_domain_before_result_write"}, "exit": 86}
--- stdout
--- stderr
{"duration_ms": 207, "event": "job_finished", "job_id": "crypto-research-a45d3eabfdf78909340e7df2", "level": "INFO", "run_id": "7be85b3e53e84db098ddf37250ba01c2", "run_status": "SUCCEEDED", "service": "predictor_ops", "timestamp": "2026-09-28T01:17:36.672727Z"}
--- end
{"n": 14, "label": "consumer 2", "at": "2026-09-28T01:17:36Z", "seconds": 0.174, "argv": ["/home/runner/work/_temp/work/rt/consumer-venv/bin/predictor-research-consumer", "--domain", "crypto", "--spool", "/home/runner/work/_temp/work/soak/spool", "--ledger", "/home/runner/work/_temp/work/soak/consumer/ledger.sqlite", "--state", "/home/runner/work/_temp/work/soak/domain-state", "--policy", "/home/runner/work/_temp/work/rt/op/policy.json", "--objects", "/home/runner/work/_temp/work/rt/op/objects"], "fault_env": {}, "exit": 0}
--- stdout
{"action": "skipped", "episode_id": "crypto:episode-1", "state": "TERMINAL_RESULT", "status": "RESULT", "task_id": "crypto:TASK-5a61224f3e2255c51110cfae4b996804"}
{"action": "delivered", "attempt": 2, "class": "TERMINAL_RESULT", "episode_id": "crypto:episode-3", "result_file": "crypto/results/TASK-ec6e000af508cc684f074d56cf1d65d4.643fafb3bdba5a61.json", "result_write": "WRITTEN", "status": "DUPLICATE", "task_id": "crypto:TASK-ec6e000af508cc684f074d56cf1d65d4"}
--- stderr
--- end
{"n": 15, "label": "ingest 2", "at": "2026-09-28T01:17:36Z", "seconds": 0.125, "argv": ["/home/runner/work/_temp/work/rt/cain-venv/bin/cain", "research", "ingest", "--domain", "crypto", "--state", "/home/runner/work/_temp/work/soak/cain-state", "--spool", "/home/runner/work/_temp/work/soak/spool"], "fault_env": {}, "exit": 0}
--- stdout
{"action": "duplicate", "file": "TASK-5a61224f3e2255c51110cfae4b996804.8baf8922f7c06a95.json"}
{"action": "ingested", "class": "TERMINAL_RESULT", "fact": "fact:ac38cb39546349baaf7e98776a8fcedf", "file": "TASK-ec6e000af508cc684f074d56cf1d65d4.643fafb3bdba5a61.json", "status": "DUPLICATE", "task_id": "crypto:TASK-ec6e000af508cc684f074d56cf1d65d4"}
{"action": "duplicate", "file": "redelivered-001-TASK-5a61224f3e2255c51110cfae4b996804.8baf8922f7c06a95.json"}
--- stderr
--- end
{"n": 16, "label": "propose 3", "at": "2026-09-28T01:17:37Z", "seconds": 0.122, "argv": ["/home/runner/work/_temp/work/rt/cain-venv/bin/cain", "research", "propose", "--domain", "crypto", "--state", "/home/runner/work/_temp/work/soak/cain-state", "--proposal", "/home/runner/work/_temp/work/soak/proposals/003.json", "--as-of", "2026-09-28T01:17:36Z"], "fault_env": {}, "exit": 0}
--- stdout
{"decision": "ALLOW", "episode_id": "crypto:episode-4", "reason_code": "ALLOWED", "receipt_sha256": "1666e8691bc2ae65f2c9b1af0b4cb2d8bc2407ecb3aaf44294afb8b7bf0b6a34", "rule": "R14", "status": "RECORDED", "task": {"payload_sha256": "220ba83fb93c9fbfa9453133c99ec0d13402579756dba12d9f9d04a104237258", "previous_task_id": "crypto:TASK-ec6e000af508cc684f074d56cf1d65d4", "task_id": "crypto:TASK-c0756a400f58e2eb20df8cd25130c567"}}
--- stderr
--- end
{"n": 17, "label": "dispatch 3", "at": "2026-09-28T01:17:37Z", "seconds": 0.12, "argv": ["/home/runner/work/_temp/work/rt/cain-venv/bin/cain", "research", "dispatch", "--domain", "crypto", "--state", "/home/runner/work/_temp/work/soak/cain-state", "--spool", "/home/runner/work/_temp/work/soak/spool"], "fault_env": {}, "exit": 0}
--- stdout
{"action": "dispatched", "file": "crypto/tasks/TASK-c0756a400f58e2eb20df8cd25130c567.json", "spool": "WRITTEN", "task_id": "crypto:TASK-c0756a400f58e2eb20df8cd25130c567"}
--- stderr
--- end
{"n": 18, "label": "consumer 3", "at": "2026-09-28T01:17:37Z", "seconds": 0.437, "argv": ["/home/runner/work/_temp/work/rt/consumer-venv/bin/predictor-research-consumer", "--domain", "crypto", "--spool", "/home/runner/work/_temp/work/soak/spool", "--ledger", "/home/runner/work/_temp/work/soak/consumer/ledger.sqlite", "--state", "/home/runner/work/_temp/work/soak/domain-state", "--policy", "/home/runner/work/_temp/work/rt/op/policy.json", "--objects", "/home/runner/work/_temp/work/rt/op/objects"], "fault_env": {}, "exit": 0}
--- stdout
{"action": "skipped", "episode_id": "crypto:episode-1", "state": "TERMINAL_RESULT", "status": "RESULT", "task_id": "crypto:TASK-5a61224f3e2255c51110cfae4b996804"}
{"action": "skipped", "episode_id": "crypto:episode-3", "state": "TERMINAL_RESULT", "status": "DUPLICATE", "task_id": "crypto:TASK-ec6e000af508cc684f074d56cf1d65d4"}
{"action": "delivered", "attempt": 1, "class": "TERMINAL_RESULT", "episode_id": "crypto:episode-4", "result_file": "crypto/results/TASK-c0756a400f58e2eb20df8cd25130c567.8bee819b70a21b33.json", "result_write": "WRITTEN", "status": "RESULT", "task_id": "crypto:TASK-c0756a400f58e2eb20df8cd25130c567"}
--- stderr
{"duration_ms": 208, "event": "job_finished", "job_id": "crypto-research-0a533b46fb6301e263d659dd", "level": "INFO", "run_id": "c0655d04573c45c2b4bd3aba438794af", "run_status": "SUCCEEDED", "service": "predictor_ops", "timestamp": "2026-09-28T01:17:37.627120Z"}
--- end
{"n": 19, "label": "ingest 3 (fault)", "at": "2026-09-28T01:17:37Z", "seconds": 0.11, "argv": ["/home/runner/work/_temp/work/rt/cain-venv/bin/cain", "research", "ingest", "--domain", "crypto", "--state", "/home/runner/work/_temp/work/soak/cain-state", "--spool", "/home/runner/work/_temp/work/soak/spool"], "fault_env": {"CAIN_ORCHESTRATION_FAULT": "after_inbox_commit_before_memory"}, "exit": 86}
--- stdout
--- stderr
--- end
{"n": 20, "label": "ingest 3", "at": "2026-09-28T01:17:37Z", "seconds": 0.123, "argv": ["/home/runner/work/_temp/work/rt/cain-venv/bin/cain", "research", "ingest", "--domain", "crypto", "--state", "/home/runner/work/_temp/work/soak/cain-state", "--spool", "/home/runner/work/_temp/work/soak/spool"], "fault_env": {}, "exit": 0}
--- stdout
{"action": "duplicate", "file": "TASK-5a61224f3e2255c51110cfae4b996804.8baf8922f7c06a95.json"}
{"action": "remembered", "fact_id": "fact:1a9eb31191c44841a1ed72252acbfa37", "file": "TASK-c0756a400f58e2eb20df8cd25130c567.8bee819b70a21b33.json", "reused": false}
{"action": "duplicate", "file": "TASK-ec6e000af508cc684f074d56cf1d65d4.643fafb3bdba5a61.json"}
{"action": "duplicate", "file": "redelivered-001-TASK-5a61224f3e2255c51110cfae4b996804.8baf8922f7c06a95.json"}
--- stderr
--- end
{"n": 21, "label": "ingest interleaved stocks 3", "at": "2026-09-28T01:17:38Z", "seconds": 0.122, "argv": ["/home/runner/work/_temp/work/rt/cain-venv/bin/cain", "research", "ingest", "--domain", "crypto", "--state", "/home/runner/work/_temp/work/soak/cain-state", "--spool", "/home/runner/work/_temp/work/soak/spool"], "fault_env": {}, "exit": 2}
--- stdout
{"action": "duplicate", "file": "TASK-5a61224f3e2255c51110cfae4b996804.8baf8922f7c06a95.json"}
{"action": "duplicate", "file": "TASK-c0756a400f58e2eb20df8cd25130c567.8bee819b70a21b33.json"}
{"action": "duplicate", "file": "TASK-ec6e000af508cc684f074d56cf1d65d4.643fafb3bdba5a61.json"}
{"action": "rejected", "code": "DOMAIN_MISMATCH", "file": "interleaved-003-stocks.json", "reason": "result of domain stocks"}
{"action": "duplicate", "file": "redelivered-001-TASK-5a61224f3e2255c51110cfae4b996804.8baf8922f7c06a95.json"}
--- stderr
--- end
{"n": 22, "label": "propose stocks H9 into crypto 3", "at": "2026-09-28T01:17:38Z", "seconds": 0.118, "argv": ["/home/runner/work/_temp/work/rt/cain-venv/bin/cain", "research", "propose", "--domain", "crypto", "--state", "/home/runner/work/_temp/work/soak/cain-state", "--proposal", "/home/runner/work/predictor-qualification/predictor-qualification/qualification/integration-crypto/fixtures/proposals/e2e/06-stocks-h9.json", "--as-of", "2026-09-28T01:17:38Z"], "fault_env": {}, "exit": 0}
--- stdout
{"decision": "BLOCK", "episode_id": "crypto:episode-5", "reason_code": "DOMAIN_MISMATCH", "receipt_sha256": "25e0f7ef828339bc0a20b610659334963483c3945eaddf3d544bef2a0ab8a941", "rule": "R01", "status": "RECORDED", "task": null}
--- stderr
--- end
{"n": 23, "label": "propose 4", "at": "2026-09-28T01:17:38Z", "seconds": 0.122, "argv": ["/home/runner/work/_temp/work/rt/cain-venv/bin/cain", "research", "propose", "--domain", "crypto", "--state", "/home/runner/work/_temp/work/soak/cain-state", "--proposal", "/home/runner/work/_temp/work/soak/proposals/004.json", "--as-of", "2026-09-28T01:17:38Z"], "fault_env": {}, "exit": 0}
--- stdout
{"decision": "ALLOW", "episode_id": "crypto:episode-6", "reason_code": "ALLOWED", "receipt_sha256": "8f5a10a5ecc86860110e518e67c3414badb5ac4e8a03e360c2a29a953ef66953", "rule": "R14", "status": "RECORDED", "task": {"payload_sha256": "fb4711a007710d7605daf31671bd747715f478a2507a25884033d18f47a0a556", "previous_task_id": "crypto:TASK-c0756a400f58e2eb20df8cd25130c567", "task_id": "crypto:TASK-d367c7f0a69accff2e52948d85e2cfc9"}}
--- stderr
--- end
{"n": 24, "label": "dispatch 4", "at": "2026-09-28T01:17:38Z", "seconds": 0.118, "argv": ["/home/runner/work/_temp/work/rt/cain-venv/bin/cain", "research", "dispatch", "--domain", "crypto", "--state", "/home/runner/work/_temp/work/soak/cain-state", "--spool", "/home/runner/work/_temp/work/soak/spool"], "fault_env": {}, "exit": 0}
--- stdout
{"action": "dispatched", "file": "crypto/tasks/TASK-d367c7f0a69accff2e52948d85e2cfc9.json", "spool": "WRITTEN", "task_id": "crypto:TASK-d367c7f0a69accff2e52948d85e2cfc9"}
--- stderr
--- end
{"n": 25, "label": "consumer 4 (Ops crash)", "at": "2026-09-28T01:17:38Z", "seconds": 0.323, "argv": ["/home/runner/work/_temp/work/rt/consumer-venv/bin/predictor-research-consumer", "--domain", "crypto", "--spool", "/home/runner/work/_temp/work/soak/spool", "--ledger", "/home/runner/work/_temp/work/soak/consumer/ledger.sqlite", "--state", "/home/runner/work/_temp/work/soak/domain-state", "--policy", "/home/runner/work/_temp/work/rt/op/policy.json", "--objects", "/home/runner/work/_temp/work/rt/op/objects"], "fault_env": {"CRIPTO_RESEARCH_FAULT": "ops_worker_crash"}, "exit": 0}
--- stdout
{"action": "skipped", "episode_id": "crypto:episode-1", "state": "TERMINAL_RESULT", "status": "RESULT", "task_id": "crypto:TASK-5a61224f3e2255c51110cfae4b996804"}
{"action": "skipped", "episode_id": "crypto:episode-3", "state": "TERMINAL_RESULT", "status": "DUPLICATE", "task_id": "crypto:TASK-ec6e000af508cc684f074d56cf1d65d4"}
{"action": "skipped", "episode_id": "crypto:episode-4", "state": "TERMINAL_RESULT", "status": "RESULT", "task_id": "crypto:TASK-c0756a400f58e2eb20df8cd25130c567"}
{"action": "delivered", "attempt": 1, "class": "RETRYABLE", "episode_id": "crypto:episode-6", "result_file": "crypto/results/TASK-d367c7f0a69accff2e52948d85e2cfc9.78b45ebaca48ec9a.json", "result_write": "WRITTEN", "status": "OPS_FAILED_RETRYABLE", "task_id": "crypto:TASK-d367c7f0a69accff2e52948d85e2cfc9"}
--- stderr
{"duration_ms": 106, "event": "job_finished", "job_id": "crypto-research-0a11c0616653c63a435f68f3", "level": "INFO", "run_id": "ae5e58d0e74648c1ad2c9d064f791f75", "run_status": "FAILED", "service": "predictor_ops", "timestamp": "2026-09-28T01:17:38.677095Z"}
--- end
{"n": 26, "label": "ingest 4 retryable", "at": "2026-09-28T01:17:38Z", "seconds": 0.12, "argv": ["/home/runner/work/_temp/work/rt/cain-venv/bin/cain", "research", "ingest", "--domain", "crypto", "--state", "/home/runner/work/_temp/work/soak/cain-state", "--spool", "/home/runner/work/_temp/work/soak/spool"], "fault_env": {}, "exit": 0}
--- stdout
{"action": "duplicate", "file": "TASK-5a61224f3e2255c51110cfae4b996804.8baf8922f7c06a95.json"}
{"action": "duplicate", "file": "TASK-c0756a400f58e2eb20df8cd25130c567.8bee819b70a21b33.json"}
{"action": "ingested", "class": "RETRYABLE", "fact": null, "file": "TASK-d367c7f0a69accff2e52948d85e2cfc9.78b45ebaca48ec9a.json", "status": "OPS_FAILED_RETRYABLE", "task_id": "crypto:TASK-d367c7f0a69accff2e52948d85e2cfc9"}
{"action": "duplicate", "file": "TASK-ec6e000af508cc684f074d56cf1d65d4.643fafb3bdba5a61.json"}
{"action": "skipped", "code": "DOMAIN_MISMATCH", "file": "interleaved-003-stocks.json", "state": "REJECTED"}
{"action": "duplicate", "file": "redelivered-001-TASK-5a61224f3e2255c51110cfae4b996804.8baf8922f7c06a95.json"}
--- stderr
--- end
{"n": 27, "label": "retry 4", "at": "2026-09-28T01:17:38Z", "seconds": 0.118, "argv": ["/home/runner/work/_temp/work/rt/cain-venv/bin/cain", "research", "retry", "--domain", "crypto", "--state", "/home/runner/work/_temp/work/soak/cain-state", "--spool", "/home/runner/work/_temp/work/soak/spool", "--task-id", "crypto:TASK-d367c7f0a69accff2e52948d85e2cfc9"], "fault_env": {}, "exit": 0}
--- stdout
{"action": "retry_requested", "attempt": 1, "file": "crypto/retries/TASK-d367c7f0a69accff2e52948d85e2cfc9.1.json", "task_id": "crypto:TASK-d367c7f0a69accff2e52948d85e2cfc9"}
--- stderr
--- end
{"n": 28, "label": "consumer 4", "at": "2026-09-28T01:17:39Z", "seconds": 0.427, "argv": ["/home/runner/work/_temp/work/rt/consumer-venv/bin/predictor-research-consumer", "--domain", "crypto", "--spool", "/home/runner/work/_temp/work/soak/spool", "--ledger", "/home/runner/work/_temp/work/soak/consumer/ledger.sqlite", "--state", "/home/runner/work/_temp/work/soak/domain-state", "--policy", "/home/runner/work/_temp/work/rt/op/policy.json", "--objects", "/home/runner/work/_temp/work/rt/op/objects"], "fault_env": {}, "exit": 0}
--- stdout
{"action": "skipped", "episode_id": "crypto:episode-1", "state": "TERMINAL_RESULT", "status": "RESULT", "task_id": "crypto:TASK-5a61224f3e2255c51110cfae4b996804"}
{"action": "skipped", "episode_id": "crypto:episode-3", "state": "TERMINAL_RESULT", "status": "DUPLICATE", "task_id": "crypto:TASK-ec6e000af508cc684f074d56cf1d65d4"}
{"action": "skipped", "episode_id": "crypto:episode-4", "state": "TERMINAL_RESULT", "status": "RESULT", "task_id": "crypto:TASK-c0756a400f58e2eb20df8cd25130c567"}
{"action": "delivered", "attempt": 2, "class": "TERMINAL_RESULT", "episode_id": "crypto:episode-6", "result_file": "crypto/results/TASK-d367c7f0a69accff2e52948d85e2cfc9.b5f1597ae1984f40.json", "result_write": "WRITTEN", "status": "RESULT", "task_id": "crypto:TASK-d367c7f0a69accff2e52948d85e2cfc9"}
--- stderr
{"duration_ms": 207, "event": "job_finished", "job_id": "crypto-research-0a11c0616653c63a435f68f3", "level": "INFO", "run_id": "113678119f944374b1f87f07bcc9e9e5", "run_status": "SUCCEEDED", "service": "predictor_ops", "timestamp": "2026-09-28T01:17:39.332742Z"}
--- end
{"n": 29, "label": "ingest 4 (fault)", "at": "2026-09-28T01:17:39Z", "seconds": 0.182, "argv": ["/home/runner/work/_temp/work/rt/cain-venv/bin/cain", "research", "ingest", "--domain", "crypto", "--state", "/home/runner/work/_temp/work/soak/cain-state", "--spool", "/home/runner/work/_temp/work/soak/spool"], "fault_env": {"CAIN_ORCHESTRATION_FAULT": "after_memory_commit"}, "exit": 86}
--- stdout
--- stderr
--- end
{"n": 30, "label": "ingest 4", "at": "2026-09-28T01:17:39Z", "seconds": 0.118, "argv": ["/home/runner/work/_temp/work/rt/cain-venv/bin/cain", "research", "ingest", "--domain", "crypto", "--state", "/home/runner/work/_temp/work/soak/cain-state", "--spool", "/home/runner/work/_temp/work/soak/spool"], "fault_env": {}, "exit": 0}
--- stdout
{"action": "duplicate", "file": "TASK-5a61224f3e2255c51110cfae4b996804.8baf8922f7c06a95.json"}
{"action": "duplicate", "file": "TASK-c0756a400f58e2eb20df8cd25130c567.8bee819b70a21b33.json"}
{"action": "duplicate", "file": "TASK-d367c7f0a69accff2e52948d85e2cfc9.78b45ebaca48ec9a.json"}
{"action": "duplicate", "file": "TASK-d367c7f0a69accff2e52948d85e2cfc9.b5f1597ae1984f40.json"}
{"action": "duplicate", "file": "TASK-ec6e000af508cc684f074d56cf1d65d4.643fafb3bdba5a61.json"}
{"action": "skipped", "code": "DOMAIN_MISMATCH", "file": "interleaved-003-stocks.json", "state": "REJECTED"}
{"action": "duplicate", "file": "redelivered-001-TASK-5a61224f3e2255c51110cfae4b996804.8baf8922f7c06a95.json"}
--- stderr
--- end
{"n": 31, "label": "propose 5 (fault)", "at": "2026-09-28T01:17:39Z", "seconds": 0.107, "argv": ["/home/runner/work/_temp/work/rt/cain-venv/bin/cain", "research", "propose", "--domain", "crypto", "--state", "/home/runner/work/_temp/work/soak/cain-state", "--proposal", "/home/runner/work/_temp/work/soak/proposals/005.json", "--as-of", "2026-09-28T01:17:39Z"], "fault_env": {"CAIN_ORCHESTRATION_FAULT": "after_decision_before_episode_commit"}, "exit": 86}
--- stdout
--- stderr
--- end
{"n": 32, "label": "propose 5", "at": "2026-09-28T01:17:39Z", "seconds": 0.123, "argv": ["/home/runner/work/_temp/work/rt/cain-venv/bin/cain", "research", "propose", "--domain", "crypto", "--state", "/home/runner/work/_temp/work/soak/cain-state", "--proposal", "/home/runner/work/_temp/work/soak/proposals/005.json", "--as-of", "2026-09-28T01:17:39Z"], "fault_env": {}, "exit": 0}
--- stdout
{"decision": "ALLOW", "episode_id": "crypto:episode-7", "reason_code": "ALLOWED", "receipt_sha256": "575fae1e05e6d225b1713d5a681cb64597238da8f93ac3edf160d2dfcd88423b", "rule": "R14", "status": "RECORDED", "task": {"payload_sha256": "4d35f42f2f282aee147519de041b909c3df612d0fc5cbc18222ddbd041116d4a", "previous_task_id": "crypto:TASK-d367c7f0a69accff2e52948d85e2cfc9", "task_id": "crypto:TASK-44ab5a05adcbec305debd521451ac735"}}
--- stderr
--- end
{"n": 33, "label": "dispatch 5", "at": "2026-09-28T01:17:40Z", "seconds": 0.118, "argv": ["/home/runner/work/_temp/work/rt/cain-venv/bin/cain", "research", "dispatch", "--domain", "crypto", "--state", "/home/runner/work/_temp/work/soak/cain-state", "--spool", "/home/runner/work/_temp/work/soak/spool"], "fault_env": {}, "exit": 0}
--- stdout
{"action": "dispatched", "file": "crypto/tasks/TASK-44ab5a05adcbec305debd521451ac735.json", "spool": "WRITTEN", "task_id": "crypto:TASK-44ab5a05adcbec305debd521451ac735"}
--- stderr
--- end
{"n": 34, "label": "consumer 5", "at": "2026-09-28T01:17:40Z", "seconds": 0.438, "argv": ["/home/runner/work/_temp/work/rt/consumer-venv/bin/predictor-research-consumer", "--domain", "crypto", "--spool", "/home/runner/work/_temp/work/soak/spool", "--ledger", "/home/runner/work/_temp/work/soak/consumer/ledger.sqlite", "--state", "/home/runner/work/_temp/work/soak/domain-state", "--policy", "/home/runner/work/_temp/work/rt/op/policy.json", "--objects", "/home/runner/work/_temp/work/rt/op/objects"], "fault_env": {}, "exit": 0}
--- stdout
{"action": "skipped", "episode_id": "crypto:episode-1", "state": "TERMINAL_RESULT", "status": "RESULT", "task_id": "crypto:TASK-5a61224f3e2255c51110cfae4b996804"}
{"action": "skipped", "episode_id": "crypto:episode-3", "state": "TERMINAL_RESULT", "status": "DUPLICATE", "task_id": "crypto:TASK-ec6e000af508cc684f074d56cf1d65d4"}
{"action": "skipped", "episode_id": "crypto:episode-4", "state": "TERMINAL_RESULT", "status": "RESULT", "task_id": "crypto:TASK-c0756a400f58e2eb20df8cd25130c567"}
{"action": "skipped", "episode_id": "crypto:episode-6", "state": "TERMINAL_RESULT", "status": "RESULT", "task_id": "crypto:TASK-d367c7f0a69accff2e52948d85e2cfc9"}
{"action": "delivered", "attempt": 1, "class": "TERMINAL_RESULT", "episode_id": "crypto:episode-7", "result_file": "crypto/results/TASK-44ab5a05adcbec305debd521451ac735.cdb63970b623672c.json", "result_write": "WRITTEN", "status": "RESULT", "task_id": "crypto:TASK-44ab5a05adcbec305debd521451ac735"}
--- stderr
{"duration_ms": 207, "event": "job_finished", "job_id": "crypto-research-3cce76453452f33580967578", "level": "INFO", "run_id": "6ac3c907b0a84105a053dba6099f8e88", "run_status": "SUCCEEDED", "service": "predictor_ops", "timestamp": "2026-09-28T01:17:40.418839Z"}
--- end
{"n": 35, "label": "ingest 5", "at": "2026-09-28T01:17:40Z", "seconds": 0.128, "argv": ["/home/runner/work/_temp/work/rt/cain-venv/bin/cain", "research", "ingest", "--domain", "crypto", "--state", "/home/runner/work/_temp/work/soak/cain-state", "--spool", "/home/runner/work/_temp/work/soak/spool"], "fault_env": {}, "exit": 0}
--- stdout
{"action": "ingested", "class": "TERMINAL_RESULT", "fact": "fact:553b1c382b7c43749cd841b6eca58a18", "file": "TASK-44ab5a05adcbec305debd521451ac735.cdb63970b623672c.json", "status": "RESULT", "task_id": "crypto:TASK-44ab5a05adcbec305debd521451ac735"}
{"action": "duplicate", "file": "TASK-5a61224f3e2255c51110cfae4b996804.8baf8922f7c06a95.json"}
{"action": "duplicate", "file": "TASK-c0756a400f58e2eb20df8cd25130c567.8bee819b70a21b33.json"}
{"action": "duplicate", "file": "TASK-d367c7f0a69accff2e52948d85e2cfc9.78b45ebaca48ec9a.json"}
{"action": "duplicate", "file": "TASK-d367c7f0a69accff2e52948d85e2cfc9.b5f1597ae1984f40.json"}
{"action": "duplicate", "file": "TASK-ec6e000af508cc684f074d56cf1d65d4.643fafb3bdba5a61.json"}
{"action": "skipped", "code": "DOMAIN_MISMATCH", "file": "interleaved-003-stocks.json", "state": "REJECTED"}
{"action": "duplicate", "file": "redelivered-001-TASK-5a61224f3e2255c51110cfae4b996804.8baf8922f7c06a95.json"}
--- stderr
--- end
{"n": 36, "label": "resend 5", "at": "2026-09-28T01:17:40Z", "seconds": 0.125, "argv": ["/home/runner/work/_temp/work/rt/cain-venv/bin/cain", "research", "dispatch", "--domain", "crypto", "--state", "/home/runner/work/_temp/work/soak/cain-state", "--spool", "/home/runner/work/_temp/work/soak/spool", "--resend"], "fault_env": {}, "exit": 0}
--- stdout
{"action": "dispatched", "file": "crypto/tasks/TASK-5a61224f3e2255c51110cfae4b996804.json", "spool": "EXISTS", "task_id": "crypto:TASK-5a61224f3e2255c51110cfae4b996804"}
{"action": "dispatched", "file": "crypto/tasks/TASK-ec6e000af508cc684f074d56cf1d65d4.json", "spool": "EXISTS", "task_id": "crypto:TASK-ec6e000af508cc684f074d56cf1d65d4"}
{"action": "dispatched", "file": "crypto/tasks/TASK-c0756a400f58e2eb20df8cd25130c567.json", "spool": "EXISTS", "task_id": "crypto:TASK-c0756a400f58e2eb20df8cd25130c567"}
{"action": "dispatched", "file": "crypto/tasks/TASK-d367c7f0a69accff2e52948d85e2cfc9.json", "spool": "EXISTS", "task_id": "crypto:TASK-d367c7f0a69accff2e52948d85e2cfc9"}
{"action": "dispatched", "file": "crypto/tasks/TASK-44ab5a05adcbec305debd521451ac735.json", "spool": "EXISTS", "task_id": "crypto:TASK-44ab5a05adcbec305debd521451ac735"}
--- stderr
--- end
{"n": 37, "label": "consumer resend 5", "at": "2026-09-28T01:17:40Z", "seconds": 0.166, "argv": ["/home/runner/work/_temp/work/rt/consumer-venv/bin/predictor-research-consumer", "--domain", "crypto", "--spool", "/home/runner/work/_temp/work/soak/spool", "--ledger", "/home/runner/work/_temp/work/soak/consumer/ledger.sqlite", "--state", "/home/runner/work/_temp/work/soak/domain-state", "--policy", "/home/runner/work/_temp/work/rt/op/policy.json", "--objects", "/home/runner/work/_temp/work/rt/op/objects"], "fault_env": {}, "exit": 0}
--- stdout
{"action": "skipped", "episode_id": "crypto:episode-1", "state": "TERMINAL_RESULT", "status": "RESULT", "task_id": "crypto:TASK-5a61224f3e2255c51110cfae4b996804"}
{"action": "skipped", "episode_id": "crypto:episode-3", "state": "TERMINAL_RESULT", "status": "DUPLICATE", "task_id": "crypto:TASK-ec6e000af508cc684f074d56cf1d65d4"}
{"action": "skipped", "episode_id": "crypto:episode-4", "state": "TERMINAL_RESULT", "status": "RESULT", "task_id": "crypto:TASK-c0756a400f58e2eb20df8cd25130c567"}
{"action": "skipped", "episode_id": "crypto:episode-6", "state": "TERMINAL_RESULT", "status": "RESULT", "task_id": "crypto:TASK-d367c7f0a69accff2e52948d85e2cfc9"}
{"action": "skipped", "episode_id": "crypto:episode-7", "state": "TERMINAL_RESULT", "status": "RESULT", "task_id": "crypto:TASK-44ab5a05adcbec305debd521451ac735"}
--- stderr
--- end
{"n": 38, "label": "ingest redelivered 5", "at": "2026-09-28T01:17:40Z", "seconds": 0.122, "argv": ["/home/runner/work/_temp/work/rt/cain-venv/bin/cain", "research", "ingest", "--domain", "crypto", "--state", "/home/runner/work/_temp/work/soak/cain-state", "--spool", "/home/runner/work/_temp/work/soak/spool"], "fault_env": {}, "exit": 0}
--- stdout
{"action": "duplicate", "file": "TASK-44ab5a05adcbec305debd521451ac735.cdb63970b623672c.json"}
{"action": "duplicate", "file": "TASK-5a61224f3e2255c51110cfae4b996804.8baf8922f7c06a95.json"}
{"action": "duplicate", "file": "TASK-c0756a400f58e2eb20df8cd25130c567.8bee819b70a21b33.json"}
{"action": "duplicate", "file": "TASK-d367c7f0a69accff2e52948d85e2cfc9.78b45ebaca48ec9a.json"}
{"action": "duplicate", "file": "TASK-d367c7f0a69accff2e52948d85e2cfc9.b5f1597ae1984f40.json"}
{"action": "duplicate", "file": "TASK-ec6e000af508cc684f074d56cf1d65d4.643fafb3bdba5a61.json"}
{"action": "skipped", "code": "DOMAIN_MISMATCH", "file": "interleaved-003-stocks.json", "state": "REJECTED"}
{"action": "duplicate", "file": "redelivered-001-TASK-5a61224f3e2255c51110cfae4b996804.8baf8922f7c06a95.json"}
{"action": "duplicate", "file": "redelivered-005-TASK-44ab5a05adcbec305debd521451ac735.cdb63970b623672c.json"}
--- stderr
--- end
{"n": 39, "label": "propose duplicate 5", "at": "2026-09-28T01:17:41Z", "seconds": 0.121, "argv": ["/home/runner/work/_temp/work/rt/cain-venv/bin/cain", "research", "propose", "--domain", "crypto", "--state", "/home/runner/work/_temp/work/soak/cain-state", "--proposal", "/home/runner/work/_temp/work/soak/proposals/005-again.json", "--as-of", "2026-09-28T01:17:40Z"], "fault_env": {}, "exit": 0}
--- stdout
{"decision": "DUPLICATE", "episode_id": "crypto:episode-8", "reason_code": "DUPLICATE_REQUEST", "receipt_sha256": "c09402a0cacf8e38b3eddff961296120b290adcef23a13bb22e335c882f453da", "rule": "R08", "status": "RECORDED", "task": null}
--- stderr
--- end
{"n": 40, "label": "propose 6 (fault)", "at": "2026-09-28T01:17:41Z", "seconds": 0.11, "argv": ["/home/runner/work/_temp/work/rt/cain-venv/bin/cain", "research", "propose", "--domain", "crypto", "--state", "/home/runner/work/_temp/work/soak/cain-state", "--proposal", "/home/runner/work/_temp/work/soak/proposals/006.json", "--as-of", "2026-09-28T01:17:41Z"], "fault_env": {"CAIN_ORCHESTRATION_FAULT": "after_outbox_commit"}, "exit": 86}
--- stdout
--- stderr
--- end
{"n": 41, "label": "propose 6 (after restart)", "at": "2026-09-28T01:17:41Z", "seconds": 0.117, "argv": ["/home/runner/work/_temp/work/rt/cain-venv/bin/cain", "research", "propose", "--domain", "crypto", "--state", "/home/runner/work/_temp/work/soak/cain-state", "--proposal", "/home/runner/work/_temp/work/soak/proposals/006.json", "--as-of", "2026-09-28T01:17:41Z"], "fault_env": {}, "exit": 0}
--- stdout
{"decision": "ALLOW", "episode_id": "crypto:episode-9", "reason_code": "ALLOWED", "receipt_sha256": "a7b9f5a3494dff58ea943a3a4bee3a54b686ab52459584298b8b3fe998d6e690", "rule": "R14", "status": "EXISTING", "task": {"payload_sha256": "fd7f2210dd6844cf1275756fea811c0017578701106f0c4caf8b540666733020", "previous_task_id": "crypto:TASK-44ab5a05adcbec305debd521451ac735", "task_id": "crypto:TASK-14e7ea21534e45e23a4277dac60a4f2a"}}
--- stderr
--- end
{"n": 42, "label": "dispatch 6", "at": "2026-09-28T01:17:41Z", "seconds": 0.118, "argv": ["/home/runner/work/_temp/work/rt/cain-venv/bin/cain", "research", "dispatch", "--domain", "crypto", "--state", "/home/runner/work/_temp/work/soak/cain-state", "--spool", "/home/runner/work/_temp/work/soak/spool"], "fault_env": {}, "exit": 0}
--- stdout
{"action": "dispatched", "file": "crypto/tasks/TASK-14e7ea21534e45e23a4277dac60a4f2a.json", "spool": "WRITTEN", "task_id": "crypto:TASK-14e7ea21534e45e23a4277dac60a4f2a"}
--- stderr
--- end
{"n": 43, "label": "consumer 6 (fault)", "at": "2026-09-28T01:17:41Z", "seconds": 0.414, "argv": ["/home/runner/work/_temp/work/rt/consumer-venv/bin/predictor-research-consumer", "--domain", "crypto", "--spool", "/home/runner/work/_temp/work/soak/spool", "--ledger", "/home/runner/work/_temp/work/soak/consumer/ledger.sqlite", "--state", "/home/runner/work/_temp/work/soak/domain-state", "--policy", "/home/runner/work/_temp/work/rt/op/policy.json", "--objects", "/home/runner/work/_temp/work/rt/op/objects"], "fault_env": {"PREDICTOR_RESEARCH_TRANSPORT_FAULT": "after_domain_before_result_write"}, "exit": 86}
--- stdout
--- stderr
{"duration_ms": 207, "event": "job_finished", "job_id": "crypto-research-95c529b41cf598ead8ded615", "level": "INFO", "run_id": "40b1574e4b534484b6cd3d59a5d9563e", "run_status": "SUCCEEDED", "service": "predictor_ops", "timestamp": "2026-09-28T01:17:41.863669Z"}
--- end
{"n": 44, "label": "consumer 6", "at": "2026-09-28T01:17:42Z", "seconds": 0.177, "argv": ["/home/runner/work/_temp/work/rt/consumer-venv/bin/predictor-research-consumer", "--domain", "crypto", "--spool", "/home/runner/work/_temp/work/soak/spool", "--ledger", "/home/runner/work/_temp/work/soak/consumer/ledger.sqlite", "--state", "/home/runner/work/_temp/work/soak/domain-state", "--policy", "/home/runner/work/_temp/work/rt/op/policy.json", "--objects", "/home/runner/work/_temp/work/rt/op/objects"], "fault_env": {}, "exit": 0}
--- stdout
{"action": "skipped", "episode_id": "crypto:episode-1", "state": "TERMINAL_RESULT", "status": "RESULT", "task_id": "crypto:TASK-5a61224f3e2255c51110cfae4b996804"}
{"action": "skipped", "episode_id": "crypto:episode-3", "state": "TERMINAL_RESULT", "status": "DUPLICATE", "task_id": "crypto:TASK-ec6e000af508cc684f074d56cf1d65d4"}
{"action": "skipped", "episode_id": "crypto:episode-4", "state": "TERMINAL_RESULT", "status": "RESULT", "task_id": "crypto:TASK-c0756a400f58e2eb20df8cd25130c567"}
{"action": "skipped", "episode_id": "crypto:episode-6", "state": "TERMINAL_RESULT", "status": "RESULT", "task_id": "crypto:TASK-d367c7f0a69accff2e52948d85e2cfc9"}
{"action": "skipped", "episode_id": "crypto:episode-7", "state": "TERMINAL_RESULT", "status": "RESULT", "task_id": "crypto:TASK-44ab5a05adcbec305debd521451ac735"}
{"action": "delivered", "attempt": 2, "class": "TERMINAL_RESULT", "episode_id": "crypto:episode-9", "result_file": "crypto/results/TASK-14e7ea21534e45e23a4277dac60a4f2a.2003b8d19579143d.json", "result_write": "WRITTEN", "status": "DUPLICATE", "task_id": "crypto:TASK-14e7ea21534e45e23a4277dac60a4f2a"}
--- stderr
--- end
{"n": 45, "label": "ingest 6", "at": "2026-09-28T01:17:42Z", "seconds": 0.127, "argv": ["/home/runner/work/_temp/work/rt/cain-venv/bin/cain", "research", "ingest", "--domain", "crypto", "--state", "/home/runner/work/_temp/work/soak/cain-state", "--spool", "/home/runner/work/_temp/work/soak/spool"], "fault_env": {}, "exit": 0}
--- stdout
{"action": "ingested", "class": "TERMINAL_RESULT", "fact": "fact:77d6cc0f5927416ca967fe6fd95f227c", "file": "TASK-14e7ea21534e45e23a4277dac60a4f2a.2003b8d19579143d.json", "status": "DUPLICATE", "task_id": "crypto:TASK-14e7ea21534e45e23a4277dac60a4f2a"}
{"action": "duplicate", "file": "TASK-44ab5a05adcbec305debd521451ac735.cdb63970b623672c.json"}
{"action": "duplicate", "file": "TASK-5a61224f3e2255c51110cfae4b996804.8baf8922f7c06a95.json"}
{"action": "duplicate", "file": "TASK-c0756a400f58e2eb20df8cd25130c567.8bee819b70a21b33.json"}
{"action": "duplicate", "file": "TASK-d367c7f0a69accff2e52948d85e2cfc9.78b45ebaca48ec9a.json"}
{"action": "duplicate", "file": "TASK-d367c7f0a69accff2e52948d85e2cfc9.b5f1597ae1984f40.json"}
{"action": "duplicate", "file": "TASK-ec6e000af508cc684f074d56cf1d65d4.643fafb3bdba5a61.json"}
{"action": "skipped", "code": "DOMAIN_MISMATCH", "file": "interleaved-003-stocks.json", "state": "REJECTED"}
{"action": "duplicate", "file": "redelivered-001-TASK-5a61224f3e2255c51110cfae4b996804.8baf8922f7c06a95.json"}
{"action": "duplicate", "file": "redelivered-005-TASK-44ab5a05adcbec305debd521451ac735.cdb63970b623672c.json"}
--- stderr
--- end
{"n": 46, "label": "propose 7", "at": "2026-09-28T01:17:42Z", "seconds": 0.121, "argv": ["/home/runner/work/_temp/work/rt/cain-venv/bin/cain", "research", "propose", "--domain", "crypto", "--state", "/home/runner/work/_temp/work/soak/cain-state", "--proposal", "/home/runner/work/_temp/work/soak/proposals/007.json", "--as-of", "2026-09-28T01:17:42Z"], "fault_env": {}, "exit": 0}
--- stdout
{"decision": "ALLOW", "episode_id": "crypto:episode-10", "reason_code": "ALLOWED", "receipt_sha256": "01f82465264f4160ced4e256530078c2ac66ec085ffbf6c0f35178f247bd3abd", "rule": "R14", "status": "RECORDED", "task": {"payload_sha256": "1ebdc53c1a60b7c790f8f7ffa67dbd02bd87b4ee60314fd41d3e0355cd0f6b0f", "previous_task_id": "crypto:TASK-14e7ea21534e45e23a4277dac60a4f2a", "task_id": "crypto:TASK-fa5b145dd0e59b9b1f3c53919c0aad7f"}}
--- stderr
--- end
{"n": 47, "label": "dispatch 7 (fault)", "at": "2026-09-28T01:17:42Z", "seconds": 0.107, "argv": ["/home/runner/work/_temp/work/rt/cain-venv/bin/cain", "research", "dispatch", "--domain", "crypto", "--state", "/home/runner/work/_temp/work/soak/cain-state", "--spool", "/home/runner/work/_temp/work/soak/spool"], "fault_env": {"CAIN_ORCHESTRATION_FAULT": "after_spool_write_before_ack"}, "exit": 86}
--- stdout
--- stderr
--- end
{"n": 48, "label": "dispatch 7", "at": "2026-09-28T01:17:42Z", "seconds": 0.119, "argv": ["/home/runner/work/_temp/work/rt/cain-venv/bin/cain", "research", "dispatch", "--domain", "crypto", "--state", "/home/runner/work/_temp/work/soak/cain-state", "--spool", "/home/runner/work/_temp/work/soak/spool"], "fault_env": {}, "exit": 0}
--- stdout
{"action": "dispatched", "file": "crypto/tasks/TASK-fa5b145dd0e59b9b1f3c53919c0aad7f.json", "spool": "EXISTS", "task_id": "crypto:TASK-fa5b145dd0e59b9b1f3c53919c0aad7f"}
--- stderr
--- end
{"n": 49, "label": "consumer 7", "at": "2026-09-28T01:17:42Z", "seconds": 0.437, "argv": ["/home/runner/work/_temp/work/rt/consumer-venv/bin/predictor-research-consumer", "--domain", "crypto", "--spool", "/home/runner/work/_temp/work/soak/spool", "--ledger", "/home/runner/work/_temp/work/soak/consumer/ledger.sqlite", "--state", "/home/runner/work/_temp/work/soak/domain-state", "--policy", "/home/runner/work/_temp/work/rt/op/policy.json", "--objects", "/home/runner/work/_temp/work/rt/op/objects"], "fault_env": {}, "exit": 0}
--- stdout
{"action": "skipped", "episode_id": "crypto:episode-1", "state": "TERMINAL_RESULT", "status": "RESULT", "task_id": "crypto:TASK-5a61224f3e2255c51110cfae4b996804"}
{"action": "skipped", "episode_id": "crypto:episode-3", "state": "TERMINAL_RESULT", "status": "DUPLICATE", "task_id": "crypto:TASK-ec6e000af508cc684f074d56cf1d65d4"}
{"action": "skipped", "episode_id": "crypto:episode-4", "state": "TERMINAL_RESULT", "status": "RESULT", "task_id": "crypto:TASK-c0756a400f58e2eb20df8cd25130c567"}
{"action": "skipped", "episode_id": "crypto:episode-6", "state": "TERMINAL_RESULT", "status": "RESULT", "task_id": "crypto:TASK-d367c7f0a69accff2e52948d85e2cfc9"}
{"action": "skipped", "episode_id": "crypto:episode-7", "state": "TERMINAL_RESULT", "status": "RESULT", "task_id": "crypto:TASK-44ab5a05adcbec305debd521451ac735"}
{"action": "skipped", "episode_id": "crypto:episode-9", "state": "TERMINAL_RESULT", "status": "DUPLICATE", "task_id": "crypto:TASK-14e7ea21534e45e23a4277dac60a4f2a"}
{"action": "delivered", "attempt": 1, "class": "TERMINAL_RESULT", "episode_id": "crypto:episode-10", "result_file": "crypto/results/TASK-fa5b145dd0e59b9b1f3c53919c0aad7f.22c4079447951de4.json", "result_write": "WRITTEN", "status": "RESULT", "task_id": "crypto:TASK-fa5b145dd0e59b9b1f3c53919c0aad7f"}
--- stderr
{"duration_ms": 207, "event": "job_finished", "job_id": "crypto-research-a85b3ad5b545e0d21625bf1e", "level": "INFO", "run_id": "c3318f2b16a94a5aad0a25e70ea5f12b", "run_status": "SUCCEEDED", "service": "predictor_ops", "timestamp": "2026-09-28T01:17:42.929659Z"}
--- end
{"n": 50, "label": "ingest 7", "at": "2026-09-28T01:17:43Z", "seconds": 0.149, "argv": ["/home/runner/work/_temp/work/rt/cain-venv/bin/cain", "research", "ingest", "--domain", "crypto", "--state", "/home/runner/work/_temp/work/soak/cain-state", "--spool", "/home/runner/work/_temp/work/soak/spool"], "fault_env": {}, "exit": 0}
--- stdout
{"action": "duplicate", "file": "TASK-14e7ea21534e45e23a4277dac60a4f2a.2003b8d19579143d.json"}
{"action": "duplicate", "file": "TASK-44ab5a05adcbec305debd521451ac735.cdb63970b623672c.json"}
{"action": "duplicate", "file": "TASK-5a61224f3e2255c51110cfae4b996804.8baf8922f7c06a95.json"}
{"action": "duplicate", "file": "TASK-c0756a400f58e2eb20df8cd25130c567.8bee819b70a21b33.json"}
{"action": "duplicate", "file": "TASK-d367c7f0a69accff2e52948d85e2cfc9.78b45ebaca48ec9a.json"}
{"action": "duplicate", "file": "TASK-d367c7f0a69accff2e52948d85e2cfc9.b5f1597ae1984f40.json"}
{"action": "duplicate", "file": "TASK-ec6e000af508cc684f074d56cf1d65d4.643fafb3bdba5a61.json"}
{"action": "ingested", "class": "TERMINAL_RESULT", "fact": "fact:3e4bedfcfd7e46758cc68ac22ec04213", "file": "TASK-fa5b145dd0e59b9b1f3c53919c0aad7f.22c4079447951de4.json", "status": "RESULT", "task_id": "crypto:TASK-fa5b145dd0e59b9b1f3c53919c0aad7f"}
{"action": "skipped", "code": "DOMAIN_MISMATCH", "file": "interleaved-003-stocks.json", "state": "REJECTED"}
{"action": "duplicate", "file": "redelivered-001-TASK-5a61224f3e2255c51110cfae4b996804.8baf8922f7c06a95.json"}
{"action": "duplicate", "file": "redelivered-005-TASK-44ab5a05adcbec305debd521451ac735.cdb63970b623672c.json"}
--- stderr
--- end
{"n": 51, "label": "ingest interleaved brasileirao 7", "at": "2026-09-28T01:17:43Z", "seconds": 0.122, "argv": ["/home/runner/work/_temp/work/rt/cain-venv/bin/cain", "research", "ingest", "--domain", "crypto", "--state", "/home/runner/work/_temp/work/soak/cain-state", "--spool", "/home/runner/work/_temp/work/soak/spool"], "fault_env": {}, "exit": 2}
--- stdout
{"action": "duplicate", "file": "TASK-14e7ea21534e45e23a4277dac60a4f2a.2003b8d19579143d.json"}
{"action": "duplicate", "file": "TASK-44ab5a05adcbec305debd521451ac735.cdb63970b623672c.json"}
{"action": "duplicate", "file": "TASK-5a61224f3e2255c51110cfae4b996804.8baf8922f7c06a95.json"}
{"action": "duplicate", "file": "TASK-c0756a400f58e2eb20df8cd25130c567.8bee819b70a21b33.json"}
{"action": "duplicate", "file": "TASK-d367c7f0a69accff2e52948d85e2cfc9.78b45ebaca48ec9a.json"}
{"action": "duplicate", "file": "TASK-d367c7f0a69accff2e52948d85e2cfc9.b5f1597ae1984f40.json"}
{"action": "duplicate", "file": "TASK-ec6e000af508cc684f074d56cf1d65d4.643fafb3bdba5a61.json"}
{"action": "duplicate", "file": "TASK-fa5b145dd0e59b9b1f3c53919c0aad7f.22c4079447951de4.json"}
{"action": "skipped", "code": "DOMAIN_MISMATCH", "file": "interleaved-003-stocks.json", "state": "REJECTED"}
{"action": "rejected", "code": "DOMAIN_MISMATCH", "file": "interleaved-007-brasileirao.json", "reason": "result of domain brasileirao"}
{"action": "duplicate", "file": "redelivered-001-TASK-5a61224f3e2255c51110cfae4b996804.8baf8922f7c06a95.json"}
{"action": "duplicate", "file": "redelivered-005-TASK-44ab5a05adcbec305debd521451ac735.cdb63970b623672c.json"}
--- stderr
--- end
{"n": 52, "label": "propose brasileirao H9 into crypto 7", "at": "2026-09-28T01:17:43Z", "seconds": 0.115, "argv": ["/home/runner/work/_temp/work/rt/cain-venv/bin/cain", "research", "propose", "--domain", "crypto", "--state", "/home/runner/work/_temp/work/soak/cain-state", "--proposal", "/home/runner/work/predictor-qualification/predictor-qualification/qualification/integration-crypto/fixtures/proposals/e2e/06-stocks-h9.json", "--as-of", "2026-09-28T01:17:43Z"], "fault_env": {}, "exit": 0}
--- stdout
{"decision": "BLOCK", "episode_id": "crypto:episode-5", "reason_code": "DOMAIN_MISMATCH", "receipt_sha256": "25e0f7ef828339bc0a20b610659334963483c3945eaddf3d544bef2a0ab8a941", "rule": "R01", "status": "EXISTING", "task": null}
--- stderr
--- end
{"n": 53, "label": "propose 8", "at": "2026-09-28T01:17:43Z", "seconds": 0.12, "argv": ["/home/runner/work/_temp/work/rt/cain-venv/bin/cain", "research", "propose", "--domain", "crypto", "--state", "/home/runner/work/_temp/work/soak/cain-state", "--proposal", "/home/runner/work/_temp/work/soak/proposals/008.json", "--as-of", "2026-09-28T01:17:43Z"], "fault_env": {}, "exit": 0}
--- stdout
{"decision": "ALLOW", "episode_id": "crypto:episode-11", "reason_code": "ALLOWED", "receipt_sha256": "b77698c5955db203c357eead2e04de72e7039758a9ff4a56249fe8227222c3b7", "rule": "R14", "status": "RECORDED", "task": {"payload_sha256": "12835a76c6b49ab13c0908032ad316dd99338c803818a1e94ef4a78d5facb83a", "previous_task_id": "crypto:TASK-fa5b145dd0e59b9b1f3c53919c0aad7f", "task_id": "crypto:TASK-012f5d55aa3000fa92bce4a8de811193"}}
--- stderr
--- end
{"n": 54, "label": "dispatch 8", "at": "2026-09-28T01:17:43Z", "seconds": 0.119, "argv": ["/home/runner/work/_temp/work/rt/cain-venv/bin/cain", "research", "dispatch", "--domain", "crypto", "--state", "/home/runner/work/_temp/work/soak/cain-state", "--spool", "/home/runner/work/_temp/work/soak/spool"], "fault_env": {}, "exit": 0}
--- stdout
{"action": "dispatched", "file": "crypto/tasks/TASK-012f5d55aa3000fa92bce4a8de811193.json", "spool": "WRITTEN", "task_id": "crypto:TASK-012f5d55aa3000fa92bce4a8de811193"}
--- stderr
--- end
{"n": 55, "label": "consumer 8", "at": "2026-09-28T01:17:44Z", "seconds": 0.438, "argv": ["/home/runner/work/_temp/work/rt/consumer-venv/bin/predictor-research-consumer", "--domain", "crypto", "--spool", "/home/runner/work/_temp/work/soak/spool", "--ledger", "/home/runner/work/_temp/work/soak/consumer/ledger.sqlite", "--state", "/home/runner/work/_temp/work/soak/domain-state", "--policy", "/home/runner/work/_temp/work/rt/op/policy.json", "--objects", "/home/runner/work/_temp/work/rt/op/objects"], "fault_env": {}, "exit": 0}
--- stdout
{"action": "skipped", "episode_id": "crypto:episode-1", "state": "TERMINAL_RESULT", "status": "RESULT", "task_id": "crypto:TASK-5a61224f3e2255c51110cfae4b996804"}
{"action": "skipped", "episode_id": "crypto:episode-3", "state": "TERMINAL_RESULT", "status": "DUPLICATE", "task_id": "crypto:TASK-ec6e000af508cc684f074d56cf1d65d4"}
{"action": "skipped", "episode_id": "crypto:episode-4", "state": "TERMINAL_RESULT", "status": "RESULT", "task_id": "crypto:TASK-c0756a400f58e2eb20df8cd25130c567"}
{"action": "skipped", "episode_id": "crypto:episode-6", "state": "TERMINAL_RESULT", "status": "RESULT", "task_id": "crypto:TASK-d367c7f0a69accff2e52948d85e2cfc9"}
{"action": "skipped", "episode_id": "crypto:episode-7", "state": "TERMINAL_RESULT", "status": "RESULT", "task_id": "crypto:TASK-44ab5a05adcbec305debd521451ac735"}
{"action": "skipped", "episode_id": "crypto:episode-9", "state": "TERMINAL_RESULT", "status": "DUPLICATE", "task_id": "crypto:TASK-14e7ea21534e45e23a4277dac60a4f2a"}
{"action": "skipped", "episode_id": "crypto:episode-10", "state": "TERMINAL_RESULT", "status": "RESULT", "task_id": "crypto:TASK-fa5b145dd0e59b9b1f3c53919c0aad7f"}
{"action": "delivered", "attempt": 1, "class": "TERMINAL_RESULT", "episode_id": "crypto:episode-11", "result_file": "crypto/results/TASK-012f5d55aa3000fa92bce4a8de811193.bfb0e2c1820178f9.json", "result_write": "WRITTEN", "status": "RESULT", "task_id": "crypto:TASK-012f5d55aa3000fa92bce4a8de811193"}
--- stderr
{"duration_ms": 207, "event": "job_finished", "job_id": "crypto-research-7d1124cb4707b63c1f1cb36b", "level": "INFO", "run_id": "42a7dda45da84f3b85c3c7ef1d0b8619", "run_status": "SUCCEEDED", "service": "predictor_ops", "timestamp": "2026-09-28T01:17:43.993848Z"}
--- end
{"n": 56, "label": "ingest 8 (fault)", "at": "2026-09-28T01:17:44Z", "seconds": 0.11, "argv": ["/home/runner/work/_temp/work/rt/cain-venv/bin/cain", "research", "ingest", "--domain", "crypto", "--state", "/home/runner/work/_temp/work/soak/cain-state", "--spool", "/home/runner/work/_temp/work/soak/spool"], "fault_env": {"CAIN_ORCHESTRATION_FAULT": "after_inbox_commit_before_memory"}, "exit": 86}
--- stdout
--- stderr
--- end
{"n": 57, "label": "ingest 8", "at": "2026-09-28T01:17:44Z", "seconds": 0.125, "argv": ["/home/runner/work/_temp/work/rt/cain-venv/bin/cain", "research", "ingest", "--domain", "crypto", "--state", "/home/runner/work/_temp/work/soak/cain-state", "--spool", "/home/runner/work/_temp/work/soak/spool"], "fault_env": {}, "exit": 0}
--- stdout
{"action": "remembered", "fact_id": "fact:84919d7fb5054ee882526ef801fd5423", "file": "TASK-012f5d55aa3000fa92bce4a8de811193.bfb0e2c1820178f9.json", "reused": false}
{"action": "duplicate", "file": "TASK-14e7ea21534e45e23a4277dac60a4f2a.2003b8d19579143d.json"}
{"action": "duplicate", "file": "TASK-44ab5a05adcbec305debd521451ac735.cdb63970b623672c.json"}
{"action": "duplicate", "file": "TASK-5a61224f3e2255c51110cfae4b996804.8baf8922f7c06a95.json"}
{"action": "duplicate", "file": "TASK-c0756a400f58e2eb20df8cd25130c567.8bee819b70a21b33.json"}
{"action": "duplicate", "file": "TASK-d367c7f0a69accff2e52948d85e2cfc9.78b45ebaca48ec9a.json"}
{"action": "duplicate", "file": "TASK-d367c7f0a69accff2e52948d85e2cfc9.b5f1597ae1984f40.json"}
{"action": "duplicate", "file": "TASK-ec6e000af508cc684f074d56cf1d65d4.643fafb3bdba5a61.json"}
{"action": "duplicate", "file": "TASK-fa5b145dd0e59b9b1f3c53919c0aad7f.22c4079447951de4.json"}
{"action": "skipped", "code": "DOMAIN_MISMATCH", "file": "interleaved-003-stocks.json", "state": "REJECTED"}
{"action": "skipped", "code": "DOMAIN_MISMATCH", "file": "interleaved-007-brasileirao.json", "state": "REJECTED"}
{"action": "duplicate", "file": "redelivered-001-TASK-5a61224f3e2255c51110cfae4b996804.8baf8922f7c06a95.json"}
{"action": "duplicate", "file": "redelivered-005-TASK-44ab5a05adcbec305debd521451ac735.cdb63970b623672c.json"}
--- stderr
--- end
{"n": 58, "label": "propose 9", "at": "2026-09-28T01:17:44Z", "seconds": 0.126, "argv": ["/home/runner/work/_temp/work/rt/cain-venv/bin/cain", "research", "propose", "--domain", "crypto", "--state", "/home/runner/work/_temp/work/soak/cain-state", "--proposal", "/home/runner/work/_temp/work/soak/proposals/009.json", "--as-of", "2026-09-28T01:17:44Z"], "fault_env": {}, "exit": 0}
--- stdout
{"decision": "ALLOW", "episode_id": "crypto:episode-12", "reason_code": "ALLOWED", "receipt_sha256": "c9e43784090269a4c611a120ac791163438c27e3ddd26acec25a4d7c7cd04dbc", "rule": "R14", "status": "RECORDED", "task": {"payload_sha256": "4b3f9297dc8f1b3e9f2200bd7b16f6816a167955aea4609fac9b7ba93c8f4c9a", "previous_task_id": "crypto:TASK-012f5d55aa3000fa92bce4a8de811193", "task_id": "crypto:TASK-8075320c169e3679d3da0cbf875ce83d"}}
--- stderr
--- end
{"n": 59, "label": "dispatch 9", "at": "2026-09-28T01:17:44Z", "seconds": 0.118, "argv": ["/home/runner/work/_temp/work/rt/cain-venv/bin/cain", "research", "dispatch", "--domain", "crypto", "--state", "/home/runner/work/_temp/work/soak/cain-state", "--spool", "/home/runner/work/_temp/work/soak/spool"], "fault_env": {}, "exit": 0}
--- stdout
{"action": "dispatched", "file": "crypto/tasks/TASK-8075320c169e3679d3da0cbf875ce83d.json", "spool": "WRITTEN", "task_id": "crypto:TASK-8075320c169e3679d3da0cbf875ce83d"}
--- stderr
--- end
{"n": 60, "label": "consumer 9", "at": "2026-09-28T01:17:44Z", "seconds": 0.437, "argv": ["/home/runner/work/_temp/work/rt/consumer-venv/bin/predictor-research-consumer", "--domain", "crypto", "--spool", "/home/runner/work/_temp/work/soak/spool", "--ledger", "/home/runner/work/_temp/work/soak/consumer/ledger.sqlite", "--state", "/home/runner/work/_temp/work/soak/domain-state", "--policy", "/home/runner/work/_temp/work/rt/op/policy.json", "--objects", "/home/runner/work/_temp/work/rt/op/objects"], "fault_env": {}, "exit": 0}
--- stdout
{"action": "skipped", "episode_id": "crypto:episode-1", "state": "TERMINAL_RESULT", "status": "RESULT", "task_id": "crypto:TASK-5a61224f3e2255c51110cfae4b996804"}
{"action": "skipped", "episode_id": "crypto:episode-3", "state": "TERMINAL_RESULT", "status": "DUPLICATE", "task_id": "crypto:TASK-ec6e000af508cc684f074d56cf1d65d4"}
{"action": "skipped", "episode_id": "crypto:episode-4", "state": "TERMINAL_RESULT", "status": "RESULT", "task_id": "crypto:TASK-c0756a400f58e2eb20df8cd25130c567"}
{"action": "skipped", "episode_id": "crypto:episode-6", "state": "TERMINAL_RESULT", "status": "RESULT", "task_id": "crypto:TASK-d367c7f0a69accff2e52948d85e2cfc9"}
{"action": "skipped", "episode_id": "crypto:episode-7", "state": "TERMINAL_RESULT", "status": "RESULT", "task_id": "crypto:TASK-44ab5a05adcbec305debd521451ac735"}
{"action": "skipped", "episode_id": "crypto:episode-9", "state": "TERMINAL_RESULT", "status": "DUPLICATE", "task_id": "crypto:TASK-14e7ea21534e45e23a4277dac60a4f2a"}
{"action": "skipped", "episode_id": "crypto:episode-10", "state": "TERMINAL_RESULT", "status": "RESULT", "task_id": "crypto:TASK-fa5b145dd0e59b9b1f3c53919c0aad7f"}
{"action": "skipped", "episode_id": "crypto:episode-11", "state": "TERMINAL_RESULT", "status": "RESULT", "task_id": "crypto:TASK-012f5d55aa3000fa92bce4a8de811193"}
{"action": "delivered", "attempt": 1, "class": "TERMINAL_RESULT", "episode_id": "crypto:episode-12", "result_file": "crypto/results/TASK-8075320c169e3679d3da0cbf875ce83d.6142fcc837de166a.json", "result_write": "WRITTEN", "status": "RESULT", "task_id": "crypto:TASK-8075320c169e3679d3da0cbf875ce83d"}
--- stderr
{"duration_ms": 207, "event": "job_finished", "job_id": "crypto-research-19d29255f73c45bfc461df67", "level": "INFO", "run_id": "3701d7b197d04323be22feb044f03c63", "run_status": "SUCCEEDED", "service": "predictor_ops", "timestamp": "2026-09-28T01:17:44.913243Z"}
--- end
{"n": 61, "label": "ingest 9 (fault)", "at": "2026-09-28T01:17:45Z", "seconds": 0.113, "argv": ["/home/runner/work/_temp/work/rt/cain-venv/bin/cain", "research", "ingest", "--domain", "crypto", "--state", "/home/runner/work/_temp/work/soak/cain-state", "--spool", "/home/runner/work/_temp/work/soak/spool"], "fault_env": {"CAIN_ORCHESTRATION_FAULT": "after_memory_commit"}, "exit": 86}
--- stdout
--- stderr
--- end
{"n": 62, "label": "ingest 9", "at": "2026-09-28T01:17:45Z", "seconds": 0.12, "argv": ["/home/runner/work/_temp/work/rt/cain-venv/bin/cain", "research", "ingest", "--domain", "crypto", "--state", "/home/runner/work/_temp/work/soak/cain-state", "--spool", "/home/runner/work/_temp/work/soak/spool"], "fault_env": {}, "exit": 0}
--- stdout
{"action": "duplicate", "file": "TASK-012f5d55aa3000fa92bce4a8de811193.bfb0e2c1820178f9.json"}
{"action": "duplicate", "file": "TASK-14e7ea21534e45e23a4277dac60a4f2a.2003b8d19579143d.json"}
{"action": "duplicate", "file": "TASK-44ab5a05adcbec305debd521451ac735.cdb63970b623672c.json"}
{"action": "duplicate", "file": "TASK-5a61224f3e2255c51110cfae4b996804.8baf8922f7c06a95.json"}
{"action": "duplicate", "file": "TASK-8075320c169e3679d3da0cbf875ce83d.6142fcc837de166a.json"}
{"action": "duplicate", "file": "TASK-c0756a400f58e2eb20df8cd25130c567.8bee819b70a21b33.json"}
{"action": "duplicate", "file": "TASK-d367c7f0a69accff2e52948d85e2cfc9.78b45ebaca48ec9a.json"}
{"action": "duplicate", "file": "TASK-d367c7f0a69accff2e52948d85e2cfc9.b5f1597ae1984f40.json"}
{"action": "duplicate", "file": "TASK-ec6e000af508cc684f074d56cf1d65d4.643fafb3bdba5a61.json"}
{"action": "duplicate", "file": "TASK-fa5b145dd0e59b9b1f3c53919c0aad7f.22c4079447951de4.json"}
{"action": "skipped", "code": "DOMAIN_MISMATCH", "file": "interleaved-003-stocks.json", "state": "REJECTED"}
{"action": "skipped", "code": "DOMAIN_MISMATCH", "file": "interleaved-007-brasileirao.json", "state": "REJECTED"}
{"action": "duplicate", "file": "redelivered-001-TASK-5a61224f3e2255c51110cfae4b996804.8baf8922f7c06a95.json"}
{"action": "duplicate", "file": "redelivered-005-TASK-44ab5a05adcbec305debd521451ac735.cdb63970b623672c.json"}
--- stderr
--- end
{"n": 63, "label": "resend 9", "at": "2026-09-28T01:17:45Z", "seconds": 0.131, "argv": ["/home/runner/work/_temp/work/rt/cain-venv/bin/cain", "research", "dispatch", "--domain", "crypto", "--state", "/home/runner/work/_temp/work/soak/cain-state", "--spool", "/home/runner/work/_temp/work/soak/spool", "--resend"], "fault_env": {}, "exit": 0}
--- stdout
{"action": "dispatched", "file": "crypto/tasks/TASK-5a61224f3e2255c51110cfae4b996804.json", "spool": "EXISTS", "task_id": "crypto:TASK-5a61224f3e2255c51110cfae4b996804"}
{"action": "dispatched", "file": "crypto/tasks/TASK-ec6e000af508cc684f074d56cf1d65d4.json", "spool": "EXISTS", "task_id": "crypto:TASK-ec6e000af508cc684f074d56cf1d65d4"}
{"action": "dispatched", "file": "crypto/tasks/TASK-c0756a400f58e2eb20df8cd25130c567.json", "spool": "EXISTS", "task_id": "crypto:TASK-c0756a400f58e2eb20df8cd25130c567"}
{"action": "dispatched", "file": "crypto/tasks/TASK-d367c7f0a69accff2e52948d85e2cfc9.json", "spool": "EXISTS", "task_id": "crypto:TASK-d367c7f0a69accff2e52948d85e2cfc9"}
{"action": "dispatched", "file": "crypto/tasks/TASK-44ab5a05adcbec305debd521451ac735.json", "spool": "EXISTS", "task_id": "crypto:TASK-44ab5a05adcbec305debd521451ac735"}
{"action": "dispatched", "file": "crypto/tasks/TASK-14e7ea21534e45e23a4277dac60a4f2a.json", "spool": "EXISTS", "task_id": "crypto:TASK-14e7ea21534e45e23a4277dac60a4f2a"}
{"action": "dispatched", "file": "crypto/tasks/TASK-fa5b145dd0e59b9b1f3c53919c0aad7f.json", "spool": "EXISTS", "task_id": "crypto:TASK-fa5b145dd0e59b9b1f3c53919c0aad7f"}
{"action": "dispatched", "file": "crypto/tasks/TASK-012f5d55aa3000fa92bce4a8de811193.json", "spool": "EXISTS", "task_id": "crypto:TASK-012f5d55aa3000fa92bce4a8de811193"}
{"action": "dispatched", "file": "crypto/tasks/TASK-8075320c169e3679d3da0cbf875ce83d.json", "spool": "EXISTS", "task_id": "crypto:TASK-8075320c169e3679d3da0cbf875ce83d"}
--- stderr
--- end
{"n": 64, "label": "consumer resend 9", "at": "2026-09-28T01:17:45Z", "seconds": 0.157, "argv": ["/home/runner/work/_temp/work/rt/consumer-venv/bin/predictor-research-consumer", "--domain", "crypto", "--spool", "/home/runner/work/_temp/work/soak/spool", "--ledger", "/home/runner/work/_temp/work/soak/consumer/ledger.sqlite", "--state", "/home/runner/work/_temp/work/soak/domain-state", "--policy", "/home/runner/work/_temp/work/rt/op/policy.json", "--objects", "/home/runner/work/_temp/work/rt/op/objects"], "fault_env": {}, "exit": 0}
--- stdout
{"action": "skipped", "episode_id": "crypto:episode-1", "state": "TERMINAL_RESULT", "status": "RESULT", "task_id": "crypto:TASK-5a61224f3e2255c51110cfae4b996804"}
{"action": "skipped", "episode_id": "crypto:episode-3", "state": "TERMINAL_RESULT", "status": "DUPLICATE", "task_id": "crypto:TASK-ec6e000af508cc684f074d56cf1d65d4"}
{"action": "skipped", "episode_id": "crypto:episode-4", "state": "TERMINAL_RESULT", "status": "RESULT", "task_id": "crypto:TASK-c0756a400f58e2eb20df8cd25130c567"}
{"action": "skipped", "episode_id": "crypto:episode-6", "state": "TERMINAL_RESULT", "status": "RESULT", "task_id": "crypto:TASK-d367c7f0a69accff2e52948d85e2cfc9"}
{"action": "skipped", "episode_id": "crypto:episode-7", "state": "TERMINAL_RESULT", "status": "RESULT", "task_id": "crypto:TASK-44ab5a05adcbec305debd521451ac735"}
{"action": "skipped", "episode_id": "crypto:episode-9", "state": "TERMINAL_RESULT", "status": "DUPLICATE", "task_id": "crypto:TASK-14e7ea21534e45e23a4277dac60a4f2a"}
{"action": "skipped", "episode_id": "crypto:episode-10", "state": "TERMINAL_RESULT", "status": "RESULT", "task_id": "crypto:TASK-fa5b145dd0e59b9b1f3c53919c0aad7f"}
{"action": "skipped", "episode_id": "crypto:episode-11", "state": "TERMINAL_RESULT", "status": "RESULT", "task_id": "crypto:TASK-012f5d55aa3000fa92bce4a8de811193"}
{"action": "skipped", "episode_id": "crypto:episode-12", "state": "TERMINAL_RESULT", "status": "RESULT", "task_id": "crypto:TASK-8075320c169e3679d3da0cbf875ce83d"}
--- stderr
--- end
{"n": 65, "label": "ingest redelivered 9", "at": "2026-09-28T01:17:45Z", "seconds": 0.118, "argv": ["/home/runner/work/_temp/work/rt/cain-venv/bin/cain", "research", "ingest", "--domain", "crypto", "--state", "/home/runner/work/_temp/work/soak/cain-state", "--spool", "/home/runner/work/_temp/work/soak/spool"], "fault_env": {}, "exit": 0}
--- stdout
{"action": "duplicate", "file": "TASK-012f5d55aa3000fa92bce4a8de811193.bfb0e2c1820178f9.json"}
{"action": "duplicate", "file": "TASK-14e7ea21534e45e23a4277dac60a4f2a.2003b8d19579143d.json"}
{"action": "duplicate", "file": "TASK-44ab5a05adcbec305debd521451ac735.cdb63970b623672c.json"}
{"action": "duplicate", "file": "TASK-5a61224f3e2255c51110cfae4b996804.8baf8922f7c06a95.json"}
{"action": "duplicate", "file": "TASK-8075320c169e3679d3da0cbf875ce83d.6142fcc837de166a.json"}
{"action": "duplicate", "file": "TASK-c0756a400f58e2eb20df8cd25130c567.8bee819b70a21b33.json"}
{"action": "duplicate", "file": "TASK-d367c7f0a69accff2e52948d85e2cfc9.78b45ebaca48ec9a.json"}
{"action": "duplicate", "file": "TASK-d367c7f0a69accff2e52948d85e2cfc9.b5f1597ae1984f40.json"}
{"action": "duplicate", "file": "TASK-ec6e000af508cc684f074d56cf1d65d4.643fafb3bdba5a61.json"}
{"action": "duplicate", "file": "TASK-fa5b145dd0e59b9b1f3c53919c0aad7f.22c4079447951de4.json"}
{"action": "skipped", "code": "DOMAIN_MISMATCH", "file": "interleaved-003-stocks.json", "state": "REJECTED"}
{"action": "skipped", "code": "DOMAIN_MISMATCH", "file": "interleaved-007-brasileirao.json", "state": "REJECTED"}
{"action": "duplicate", "file": "redelivered-001-TASK-5a61224f3e2255c51110cfae4b996804.8baf8922f7c06a95.json"}
{"action": "duplicate", "file": "redelivered-005-TASK-44ab5a05adcbec305debd521451ac735.cdb63970b623672c.json"}
{"action": "duplicate", "file": "redelivered-009-TASK-8075320c169e3679d3da0cbf875ce83d.6142fcc837de166a.json"}
--- stderr
--- end
{"n": 66, "label": "propose duplicate 9", "at": "2026-09-28T01:17:45Z", "seconds": 0.119, "argv": ["/home/runner/work/_temp/work/rt/cain-venv/bin/cain", "research", "propose", "--domain", "crypto", "--state", "/home/runner/work/_temp/work/soak/cain-state", "--proposal", "/home/runner/work/_temp/work/soak/proposals/009-again.json", "--as-of", "2026-09-28T01:17:45Z"], "fault_env": {}, "exit": 0}
--- stdout
{"decision": "DUPLICATE", "episode_id": "crypto:episode-13", "reason_code": "DUPLICATE_REQUEST", "receipt_sha256": "ce54d38c24343e0d32a16e5132256e5578b9659d0245ee595be50fd58ab6457e", "rule": "R08", "status": "RECORDED", "task": null}
--- stderr
--- end
{"n": 67, "label": "propose 10 (fault)", "at": "2026-09-28T01:17:45Z", "seconds": 0.107, "argv": ["/home/runner/work/_temp/work/rt/cain-venv/bin/cain", "research", "propose", "--domain", "crypto", "--state", "/home/runner/work/_temp/work/soak/cain-state", "--proposal", "/home/runner/work/_temp/work/soak/proposals/010.json", "--as-of", "2026-09-28T01:17:45Z"], "fault_env": {"CAIN_ORCHESTRATION_FAULT": "after_decision_before_episode_commit"}, "exit": 86}
--- stdout
--- stderr
--- end
{"n": 68, "label": "propose 10", "at": "2026-09-28T01:17:45Z", "seconds": 0.12, "argv": ["/home/runner/work/_temp/work/rt/cain-venv/bin/cain", "research", "propose", "--domain", "crypto", "--state", "/home/runner/work/_temp/work/soak/cain-state", "--proposal", "/home/runner/work/_temp/work/soak/proposals/010.json", "--as-of", "2026-09-28T01:17:45Z"], "fault_env": {}, "exit": 0}
--- stdout
{"decision": "ALLOW", "episode_id": "crypto:episode-14", "reason_code": "ALLOWED", "receipt_sha256": "abf55af1ce0831e1f50247d61df051c2c7274ececad2cbc5dd5aea037792483c", "rule": "R14", "status": "RECORDED", "task": {"payload_sha256": "4255098ef9018249d586f3de25e1b57c32988df21e8009ba81395bec75b5be32", "previous_task_id": "crypto:TASK-8075320c169e3679d3da0cbf875ce83d", "task_id": "crypto:TASK-e1b9c54ae66cb5429906c7192474f592"}}
--- stderr
--- end
{"n": 69, "label": "dispatch 10", "at": "2026-09-28T01:17:46Z", "seconds": 0.119, "argv": ["/home/runner/work/_temp/work/rt/cain-venv/bin/cain", "research", "dispatch", "--domain", "crypto", "--state", "/home/runner/work/_temp/work/soak/cain-state", "--spool", "/home/runner/work/_temp/work/soak/spool"], "fault_env": {}, "exit": 0}
--- stdout
{"action": "dispatched", "file": "crypto/tasks/TASK-e1b9c54ae66cb5429906c7192474f592.json", "spool": "WRITTEN", "task_id": "crypto:TASK-e1b9c54ae66cb5429906c7192474f592"}
--- stderr
--- end
{"n": 70, "label": "consumer 10 (fault)", "at": "2026-09-28T01:17:46Z", "seconds": 0.417, "argv": ["/home/runner/work/_temp/work/rt/consumer-venv/bin/predictor-research-consumer", "--domain", "crypto", "--spool", "/home/runner/work/_temp/work/soak/spool", "--ledger", "/home/runner/work/_temp/work/soak/consumer/ledger.sqlite", "--state", "/home/runner/work/_temp/work/soak/domain-state", "--policy", "/home/runner/work/_temp/work/rt/op/policy.json", "--objects", "/home/runner/work/_temp/work/rt/op/objects"], "fault_env": {"PREDICTOR_RESEARCH_TRANSPORT_FAULT": "after_domain_before_result_write"}, "exit": 86}
--- stdout
--- stderr
{"duration_ms": 207, "event": "job_finished", "job_id": "crypto-research-47b40d53c55ec5943174aaea", "level": "INFO", "run_id": "802bb238333c4144946451fae257120f", "run_status": "SUCCEEDED", "service": "predictor_ops", "timestamp": "2026-09-28T01:17:46.461108Z"}
--- end
{"n": 71, "label": "consumer 10 (Ops crash)", "at": "2026-09-28T01:17:46Z", "seconds": 0.178, "argv": ["/home/runner/work/_temp/work/rt/consumer-venv/bin/predictor-research-consumer", "--domain", "crypto", "--spool", "/home/runner/work/_temp/work/soak/spool", "--ledger", "/home/runner/work/_temp/work/soak/consumer/ledger.sqlite", "--state", "/home/runner/work/_temp/work/soak/domain-state", "--policy", "/home/runner/work/_temp/work/rt/op/policy.json", "--objects", "/home/runner/work/_temp/work/rt/op/objects"], "fault_env": {"CRIPTO_RESEARCH_FAULT": "ops_worker_crash"}, "exit": 0}
--- stdout
{"action": "skipped", "episode_id": "crypto:episode-1", "state": "TERMINAL_RESULT", "status": "RESULT", "task_id": "crypto:TASK-5a61224f3e2255c51110cfae4b996804"}
{"action": "skipped", "episode_id": "crypto:episode-3", "state": "TERMINAL_RESULT", "status": "DUPLICATE", "task_id": "crypto:TASK-ec6e000af508cc684f074d56cf1d65d4"}
{"action": "skipped", "episode_id": "crypto:episode-4", "state": "TERMINAL_RESULT", "status": "RESULT", "task_id": "crypto:TASK-c0756a400f58e2eb20df8cd25130c567"}
{"action": "skipped", "episode_id": "crypto:episode-6", "state": "TERMINAL_RESULT", "status": "RESULT", "task_id": "crypto:TASK-d367c7f0a69accff2e52948d85e2cfc9"}
{"action": "skipped", "episode_id": "crypto:episode-7", "state": "TERMINAL_RESULT", "status": "RESULT", "task_id": "crypto:TASK-44ab5a05adcbec305debd521451ac735"}
{"action": "skipped", "episode_id": "crypto:episode-9", "state": "TERMINAL_RESULT", "status": "DUPLICATE", "task_id": "crypto:TASK-14e7ea21534e45e23a4277dac60a4f2a"}
{"action": "skipped", "episode_id": "crypto:episode-10", "state": "TERMINAL_RESULT", "status": "RESULT", "task_id": "crypto:TASK-fa5b145dd0e59b9b1f3c53919c0aad7f"}
{"action": "skipped", "episode_id": "crypto:episode-11", "state": "TERMINAL_RESULT", "status": "RESULT", "task_id": "crypto:TASK-012f5d55aa3000fa92bce4a8de811193"}
{"action": "skipped", "episode_id": "crypto:episode-12", "state": "TERMINAL_RESULT", "status": "RESULT", "task_id": "crypto:TASK-8075320c169e3679d3da0cbf875ce83d"}
{"action": "delivered", "attempt": 2, "class": "TERMINAL_RESULT", "episode_id": "crypto:episode-14", "result_file": "crypto/results/TASK-e1b9c54ae66cb5429906c7192474f592.a907442ba355f5f4.json", "result_write": "WRITTEN", "status": "DUPLICATE", "task_id": "crypto:TASK-e1b9c54ae66cb5429906c7192474f592"}
--- stderr
--- end
{"n": 72, "label": "ingest 10 retryable", "at": "2026-09-28T01:17:46Z", "seconds": 0.127, "argv": ["/home/runner/work/_temp/work/rt/cain-venv/bin/cain", "research", "ingest", "--domain", "crypto", "--state", "/home/runner/work/_temp/work/soak/cain-state", "--spool", "/home/runner/work/_temp/work/soak/spool"], "fault_env": {}, "exit": 0}
--- stdout
{"action": "duplicate", "file": "TASK-012f5d55aa3000fa92bce4a8de811193.bfb0e2c1820178f9.json"}
{"action": "duplicate", "file": "TASK-14e7ea21534e45e23a4277dac60a4f2a.2003b8d19579143d.json"}
{"action": "duplicate", "file": "TASK-44ab5a05adcbec305debd521451ac735.cdb63970b623672c.json"}
{"action": "duplicate", "file": "TASK-5a61224f3e2255c51110cfae4b996804.8baf8922f7c06a95.json"}
{"action": "duplicate", "file": "TASK-8075320c169e3679d3da0cbf875ce83d.6142fcc837de166a.json"}
{"action": "duplicate", "file": "TASK-c0756a400f58e2eb20df8cd25130c567.8bee819b70a21b33.json"}
{"action": "duplicate", "file": "TASK-d367c7f0a69accff2e52948d85e2cfc9.78b45ebaca48ec9a.json"}
{"action": "duplicate", "file": "TASK-d367c7f0a69accff2e52948d85e2cfc9.b5f1597ae1984f40.json"}
{"action": "ingested", "class": "TERMINAL_RESULT", "fact": "fact:5b6fda018f8045f394dde65d1901ff15", "file": "TASK-e1b9c54ae66cb5429906c7192474f592.a907442ba355f5f4.json", "status": "DUPLICATE", "task_id": "crypto:TASK-e1b9c54ae66cb5429906c7192474f592"}
{"action": "duplicate", "file": "TASK-ec6e000af508cc684f074d56cf1d65d4.643fafb3bdba5a61.json"}
{"action": "duplicate", "file": "TASK-fa5b145dd0e59b9b1f3c53919c0aad7f.22c4079447951de4.json"}
{"action": "skipped", "code": "DOMAIN_MISMATCH", "file": "interleaved-003-stocks.json", "state": "REJECTED"}
{"action": "skipped", "code": "DOMAIN_MISMATCH", "file": "interleaved-007-brasileirao.json", "state": "REJECTED"}
{"action": "duplicate", "file": "redelivered-001-TASK-5a61224f3e2255c51110cfae4b996804.8baf8922f7c06a95.json"}
{"action": "duplicate", "file": "redelivered-005-TASK-44ab5a05adcbec305debd521451ac735.cdb63970b623672c.json"}
{"action": "duplicate", "file": "redelivered-009-TASK-8075320c169e3679d3da0cbf875ce83d.6142fcc837de166a.json"}
--- stderr
--- end
{"n": 73, "label": "retry 10", "at": "2026-09-28T01:17:46Z", "seconds": 0.117, "argv": ["/home/runner/work/_temp/work/rt/cain-venv/bin/cain", "research", "retry", "--domain", "crypto", "--state", "/home/runner/work/_temp/work/soak/cain-state", "--spool", "/home/runner/work/_temp/work/soak/spool", "--task-id", "crypto:TASK-e1b9c54ae66cb5429906c7192474f592"], "fault_env": {}, "exit": 2}
--- stdout
{"detail": "NOT_RETRYABLE: crypto:TASK-e1b9c54ae66cb5429906c7192474f592 has outcome classes ['TERMINAL_RESULT']", "error": "NOT_RETRYABLE"}
--- stderr
--- end
{"n": 74, "label": "consumer 10", "at": "2026-09-28T01:17:47Z", "seconds": 0.158, "argv": ["/home/runner/work/_temp/work/rt/consumer-venv/bin/predictor-research-consumer", "--domain", "crypto", "--spool", "/home/runner/work/_temp/work/soak/spool", "--ledger", "/home/runner/work/_temp/work/soak/consumer/ledger.sqlite", "--state", "/home/runner/work/_temp/work/soak/domain-state", "--policy", "/home/runner/work/_temp/work/rt/op/policy.json", "--objects", "/home/runner/work/_temp/work/rt/op/objects"], "fault_env": {}, "exit": 0}
--- stdout
{"action": "skipped", "episode_id": "crypto:episode-1", "state": "TERMINAL_RESULT", "status": "RESULT", "task_id": "crypto:TASK-5a61224f3e2255c51110cfae4b996804"}
{"action": "skipped", "episode_id": "crypto:episode-3", "state": "TERMINAL_RESULT", "status": "DUPLICATE", "task_id": "crypto:TASK-ec6e000af508cc684f074d56cf1d65d4"}
{"action": "skipped", "episode_id": "crypto:episode-4", "state": "TERMINAL_RESULT", "status": "RESULT", "task_id": "crypto:TASK-c0756a400f58e2eb20df8cd25130c567"}
{"action": "skipped", "episode_id": "crypto:episode-6", "state": "TERMINAL_RESULT", "status": "RESULT", "task_id": "crypto:TASK-d367c7f0a69accff2e52948d85e2cfc9"}
{"action": "skipped", "episode_id": "crypto:episode-7", "state": "TERMINAL_RESULT", "status": "RESULT", "task_id": "crypto:TASK-44ab5a05adcbec305debd521451ac735"}
{"action": "skipped", "episode_id": "crypto:episode-9", "state": "TERMINAL_RESULT", "status": "DUPLICATE", "task_id": "crypto:TASK-14e7ea21534e45e23a4277dac60a4f2a"}
{"action": "skipped", "episode_id": "crypto:episode-10", "state": "TERMINAL_RESULT", "status": "RESULT", "task_id": "crypto:TASK-fa5b145dd0e59b9b1f3c53919c0aad7f"}
{"action": "skipped", "episode_id": "crypto:episode-11", "state": "TERMINAL_RESULT", "status": "RESULT", "task_id": "crypto:TASK-012f5d55aa3000fa92bce4a8de811193"}
{"action": "skipped", "episode_id": "crypto:episode-12", "state": "TERMINAL_RESULT", "status": "RESULT", "task_id": "crypto:TASK-8075320c169e3679d3da0cbf875ce83d"}
{"action": "skipped", "episode_id": "crypto:episode-14", "state": "TERMINAL_RESULT", "status": "DUPLICATE", "task_id": "crypto:TASK-e1b9c54ae66cb5429906c7192474f592"}
--- stderr
--- end
{"n": 75, "label": "ingest 10", "at": "2026-09-28T01:17:47Z", "seconds": 0.124, "argv": ["/home/runner/work/_temp/work/rt/cain-venv/bin/cain", "research", "ingest", "--domain", "crypto", "--state", "/home/runner/work/_temp/work/soak/cain-state", "--spool", "/home/runner/work/_temp/work/soak/spool"], "fault_env": {}, "exit": 0}
--- stdout
{"action": "duplicate", "file": "TASK-012f5d55aa3000fa92bce4a8de811193.bfb0e2c1820178f9.json"}
{"action": "duplicate", "file": "TASK-14e7ea21534e45e23a4277dac60a4f2a.2003b8d19579143d.json"}
{"action": "duplicate", "file": "TASK-44ab5a05adcbec305debd521451ac735.cdb63970b623672c.json"}
{"action": "duplicate", "file": "TASK-5a61224f3e2255c51110cfae4b996804.8baf8922f7c06a95.json"}
{"action": "duplicate", "file": "TASK-8075320c169e3679d3da0cbf875ce83d.6142fcc837de166a.json"}
{"action": "duplicate", "file": "TASK-c0756a400f58e2eb20df8cd25130c567.8bee819b70a21b33.json"}
{"action": "duplicate", "file": "TASK-d367c7f0a69accff2e52948d85e2cfc9.78b45ebaca48ec9a.json"}
{"action": "duplicate", "file": "TASK-d367c7f0a69accff2e52948d85e2cfc9.b5f1597ae1984f40.json"}
{"action": "duplicate", "file": "TASK-e1b9c54ae66cb5429906c7192474f592.a907442ba355f5f4.json"}
{"action": "duplicate", "file": "TASK-ec6e000af508cc684f074d56cf1d65d4.643fafb3bdba5a61.json"}
{"action": "duplicate", "file": "TASK-fa5b145dd0e59b9b1f3c53919c0aad7f.22c4079447951de4.json"}
{"action": "skipped", "code": "DOMAIN_MISMATCH", "file": "interleaved-003-stocks.json", "state": "REJECTED"}
{"action": "skipped", "code": "DOMAIN_MISMATCH", "file": "interleaved-007-brasileirao.json", "state": "REJECTED"}
{"action": "duplicate", "file": "redelivered-001-TASK-5a61224f3e2255c51110cfae4b996804.8baf8922f7c06a95.json"}
{"action": "duplicate", "file": "redelivered-005-TASK-44ab5a05adcbec305debd521451ac735.cdb63970b623672c.json"}
{"action": "duplicate", "file": "redelivered-009-TASK-8075320c169e3679d3da0cbf875ce83d.6142fcc837de166a.json"}
--- stderr
--- end
{"n": 76, "label": "propose 11", "at": "2026-09-28T01:17:47Z", "seconds": 0.121, "argv": ["/home/runner/work/_temp/work/rt/cain-venv/bin/cain", "research", "propose", "--domain", "crypto", "--state", "/home/runner/work/_temp/work/soak/cain-state", "--proposal", "/home/runner/work/_temp/work/soak/proposals/011.json", "--as-of", "2026-09-28T01:17:47Z"], "fault_env": {}, "exit": 0}
--- stdout
{"decision": "ALLOW", "episode_id": "crypto:episode-15", "reason_code": "ALLOWED", "receipt_sha256": "0860caee071ac4abf7c6a6f51a86302fe4c86eba81dd148c6fbda9c6375048d6", "rule": "R14", "status": "RECORDED", "task": {"payload_sha256": "35a1b28a7a05f2c97cff1964fd3273f9550aaabdefde072c598a7848f249c020", "previous_task_id": "crypto:TASK-e1b9c54ae66cb5429906c7192474f592", "task_id": "crypto:TASK-14a347da62048ed8c735e34ddf54bc5b"}}
--- stderr
--- end
{"n": 77, "label": "dispatch 11", "at": "2026-09-28T01:17:47Z", "seconds": 0.119, "argv": ["/home/runner/work/_temp/work/rt/cain-venv/bin/cain", "research", "dispatch", "--domain", "crypto", "--state", "/home/runner/work/_temp/work/soak/cain-state", "--spool", "/home/runner/work/_temp/work/soak/spool"], "fault_env": {}, "exit": 0}
--- stdout
{"action": "dispatched", "file": "crypto/tasks/TASK-14a347da62048ed8c735e34ddf54bc5b.json", "spool": "WRITTEN", "task_id": "crypto:TASK-14a347da62048ed8c735e34ddf54bc5b"}
--- stderr
--- end
{"n": 78, "label": "consumer 11", "at": "2026-09-28T01:17:47Z", "seconds": 0.439, "argv": ["/home/runner/work/_temp/work/rt/consumer-venv/bin/predictor-research-consumer", "--domain", "crypto", "--spool", "/home/runner/work/_temp/work/soak/spool", "--ledger", "/home/runner/work/_temp/work/soak/consumer/ledger.sqlite", "--state", "/home/runner/work/_temp/work/soak/domain-state", "--policy", "/home/runner/work/_temp/work/rt/op/policy.json", "--objects", "/home/runner/work/_temp/work/rt/op/objects"], "fault_env": {}, "exit": 0}
--- stdout
{"action": "skipped", "episode_id": "crypto:episode-1", "state": "TERMINAL_RESULT", "status": "RESULT", "task_id": "crypto:TASK-5a61224f3e2255c51110cfae4b996804"}
{"action": "skipped", "episode_id": "crypto:episode-3", "state": "TERMINAL_RESULT", "status": "DUPLICATE", "task_id": "crypto:TASK-ec6e000af508cc684f074d56cf1d65d4"}
{"action": "skipped", "episode_id": "crypto:episode-4", "state": "TERMINAL_RESULT", "status": "RESULT", "task_id": "crypto:TASK-c0756a400f58e2eb20df8cd25130c567"}
{"action": "skipped", "episode_id": "crypto:episode-6", "state": "TERMINAL_RESULT", "status": "RESULT", "task_id": "crypto:TASK-d367c7f0a69accff2e52948d85e2cfc9"}
{"action": "skipped", "episode_id": "crypto:episode-7", "state": "TERMINAL_RESULT", "status": "RESULT", "task_id": "crypto:TASK-44ab5a05adcbec305debd521451ac735"}
{"action": "skipped", "episode_id": "crypto:episode-9", "state": "TERMINAL_RESULT", "status": "DUPLICATE", "task_id": "crypto:TASK-14e7ea21534e45e23a4277dac60a4f2a"}
{"action": "skipped", "episode_id": "crypto:episode-10", "state": "TERMINAL_RESULT", "status": "RESULT", "task_id": "crypto:TASK-fa5b145dd0e59b9b1f3c53919c0aad7f"}
{"action": "skipped", "episode_id": "crypto:episode-11", "state": "TERMINAL_RESULT", "status": "RESULT", "task_id": "crypto:TASK-012f5d55aa3000fa92bce4a8de811193"}
{"action": "skipped", "episode_id": "crypto:episode-12", "state": "TERMINAL_RESULT", "status": "RESULT", "task_id": "crypto:TASK-8075320c169e3679d3da0cbf875ce83d"}
{"action": "skipped", "episode_id": "crypto:episode-14", "state": "TERMINAL_RESULT", "status": "DUPLICATE", "task_id": "crypto:TASK-e1b9c54ae66cb5429906c7192474f592"}
{"action": "delivered", "attempt": 1, "class": "TERMINAL_RESULT", "episode_id": "crypto:episode-15", "result_file": "crypto/results/TASK-14a347da62048ed8c735e34ddf54bc5b.893e4a4c1dacf3ee.json", "result_write": "WRITTEN", "status": "RESULT", "task_id": "crypto:TASK-14a347da62048ed8c735e34ddf54bc5b"}
--- stderr
{"duration_ms": 207, "event": "job_finished", "job_id": "crypto-research-5c57c4fde032024ffac28d47", "level": "INFO", "run_id": "fb3aaf98d37d46f99fd17b2ce04ee779", "run_status": "SUCCEEDED", "service": "predictor_ops", "timestamp": "2026-09-28T01:17:47.823638Z"}
--- end
{"n": 79, "label": "ingest 11", "at": "2026-09-28T01:17:47Z", "seconds": 0.128, "argv": ["/home/runner/work/_temp/work/rt/cain-venv/bin/cain", "research", "ingest", "--domain", "crypto", "--state", "/home/runner/work/_temp/work/soak/cain-state", "--spool", "/home/runner/work/_temp/work/soak/spool"], "fault_env": {}, "exit": 0}
--- stdout
{"action": "duplicate", "file": "TASK-012f5d55aa3000fa92bce4a8de811193.bfb0e2c1820178f9.json"}
{"action": "ingested", "class": "TERMINAL_RESULT", "fact": "fact:4330507041ca4a1d9517feb13e95d7de", "file": "TASK-14a347da62048ed8c735e34ddf54bc5b.893e4a4c1dacf3ee.json", "status": "RESULT", "task_id": "crypto:TASK-14a347da62048ed8c735e34ddf54bc5b"}
{"action": "duplicate", "file": "TASK-14e7ea21534e45e23a4277dac60a4f2a.2003b8d19579143d.json"}
{"action": "duplicate", "file": "TASK-44ab5a05adcbec305debd521451ac735.cdb63970b623672c.json"}
{"action": "duplicate", "file": "TASK-5a61224f3e2255c51110cfae4b996804.8baf8922f7c06a95.json"}
{"action": "duplicate", "file": "TASK-8075320c169e3679d3da0cbf875ce83d.6142fcc837de166a.json"}
{"action": "duplicate", "file": "TASK-c0756a400f58e2eb20df8cd25130c567.8bee819b70a21b33.json"}
{"action": "duplicate", "file": "TASK-d367c7f0a69accff2e52948d85e2cfc9.78b45ebaca48ec9a.json"}
{"action": "duplicate", "file": "TASK-d367c7f0a69accff2e52948d85e2cfc9.b5f1597ae1984f40.json"}
{"action": "duplicate", "file": "TASK-e1b9c54ae66cb5429906c7192474f592.a907442ba355f5f4.json"}
{"action": "duplicate", "file": "TASK-ec6e000af508cc684f074d56cf1d65d4.643fafb3bdba5a61.json"}
{"action": "duplicate", "file": "TASK-fa5b145dd0e59b9b1f3c53919c0aad7f.22c4079447951de4.json"}
{"action": "skipped", "code": "DOMAIN_MISMATCH", "file": "interleaved-003-stocks.json", "state": "REJECTED"}
{"action": "skipped", "code": "DOMAIN_MISMATCH", "file": "interleaved-007-brasileirao.json", "state": "REJECTED"}
{"action": "duplicate", "file": "redelivered-001-TASK-5a61224f3e2255c51110cfae4b996804.8baf8922f7c06a95.json"}
{"action": "duplicate", "file": "redelivered-005-TASK-44ab5a05adcbec305debd521451ac735.cdb63970b623672c.json"}
{"action": "duplicate", "file": "redelivered-009-TASK-8075320c169e3679d3da0cbf875ce83d.6142fcc837de166a.json"}
--- stderr
--- end
{"n": 80, "label": "ingest interleaved stocks 11", "at": "2026-09-28T01:17:48Z", "seconds": 0.123, "argv": ["/home/runner/work/_temp/work/rt/cain-venv/bin/cain", "research", "ingest", "--domain", "crypto", "--state", "/home/runner/work/_temp/work/soak/cain-state", "--spool", "/home/runner/work/_temp/work/soak/spool"], "fault_env": {}, "exit": 2}
--- stdout
{"action": "duplicate", "file": "TASK-012f5d55aa3000fa92bce4a8de811193.bfb0e2c1820178f9.json"}
{"action": "duplicate", "file": "TASK-14a347da62048ed8c735e34ddf54bc5b.893e4a4c1dacf3ee.json"}
{"action": "duplicate", "file": "TASK-14e7ea21534e45e23a4277dac60a4f2a.2003b8d19579143d.json"}
{"action": "duplicate", "file": "TASK-44ab5a05adcbec305debd521451ac735.cdb63970b623672c.json"}
{"action": "duplicate", "file": "TASK-5a61224f3e2255c51110cfae4b996804.8baf8922f7c06a95.json"}
{"action": "duplicate", "file": "TASK-8075320c169e3679d3da0cbf875ce83d.6142fcc837de166a.json"}
{"action": "duplicate", "file": "TASK-c0756a400f58e2eb20df8cd25130c567.8bee819b70a21b33.json"}
{"action": "duplicate", "file": "TASK-d367c7f0a69accff2e52948d85e2cfc9.78b45ebaca48ec9a.json"}
{"action": "duplicate", "file": "TASK-d367c7f0a69accff2e52948d85e2cfc9.b5f1597ae1984f40.json"}
{"action": "duplicate", "file": "TASK-e1b9c54ae66cb5429906c7192474f592.a907442ba355f5f4.json"}
{"action": "duplicate", "file": "TASK-ec6e000af508cc684f074d56cf1d65d4.643fafb3bdba5a61.json"}
{"action": "duplicate", "file": "TASK-fa5b145dd0e59b9b1f3c53919c0aad7f.22c4079447951de4.json"}
{"action": "skipped", "code": "DOMAIN_MISMATCH", "file": "interleaved-003-stocks.json", "state": "REJECTED"}
{"action": "skipped", "code": "DOMAIN_MISMATCH", "file": "interleaved-007-brasileirao.json", "state": "REJECTED"}
{"action": "rejected", "code": "DOMAIN_MISMATCH", "file": "interleaved-011-stocks.json", "reason": "result of domain stocks"}
{"action": "duplicate", "file": "redelivered-001-TASK-5a61224f3e2255c51110cfae4b996804.8baf8922f7c06a95.json"}
{"action": "duplicate", "file": "redelivered-005-TASK-44ab5a05adcbec305debd521451ac735.cdb63970b623672c.json"}
{"action": "duplicate", "file": "redelivered-009-TASK-8075320c169e3679d3da0cbf875ce83d.6142fcc837de166a.json"}
--- stderr
--- end
{"n": 81, "label": "propose stocks H9 into crypto 11", "at": "2026-09-28T01:17:48Z", "seconds": 0.118, "argv": ["/home/runner/work/_temp/work/rt/cain-venv/bin/cain", "research", "propose", "--domain", "crypto", "--state", "/home/runner/work/_temp/work/soak/cain-state", "--proposal", "/home/runner/work/predictor-qualification/predictor-qualification/qualification/integration-crypto/fixtures/proposals/e2e/06-stocks-h9.json", "--as-of", "2026-09-28T01:17:48Z"], "fault_env": {}, "exit": 0}
--- stdout
{"decision": "BLOCK", "episode_id": "crypto:episode-5", "reason_code": "DOMAIN_MISMATCH", "receipt_sha256": "25e0f7ef828339bc0a20b610659334963483c3945eaddf3d544bef2a0ab8a941", "rule": "R01", "status": "EXISTING", "task": null}
--- stderr
--- end
{"n": 82, "label": "propose 12", "at": "2026-09-28T01:17:48Z", "seconds": 0.121, "argv": ["/home/runner/work/_temp/work/rt/cain-venv/bin/cain", "research", "propose", "--domain", "crypto", "--state", "/home/runner/work/_temp/work/soak/cain-state", "--proposal", "/home/runner/work/_temp/work/soak/proposals/012.json", "--as-of", "2026-09-28T01:17:48Z"], "fault_env": {}, "exit": 0}
--- stdout
{"decision": "ALLOW", "episode_id": "crypto:episode-16", "reason_code": "ALLOWED", "receipt_sha256": "8c4a7267158db9b4b3b019ff256d4ce8470cd0fe49626ba0cd13ee1052ec7f3b", "rule": "R14", "status": "RECORDED", "task": {"payload_sha256": "f7e5387833cb89a2b72fb4311b034377d2340a2f8487b564449b65c575a483bf", "previous_task_id": "crypto:TASK-14a347da62048ed8c735e34ddf54bc5b", "task_id": "crypto:TASK-6e2d003552c4cdc6a185532267c5931f"}}
--- stderr
--- end
{"n": 83, "label": "dispatch 12", "at": "2026-09-28T01:17:48Z", "seconds": 0.118, "argv": ["/home/runner/work/_temp/work/rt/cain-venv/bin/cain", "research", "dispatch", "--domain", "crypto", "--state", "/home/runner/work/_temp/work/soak/cain-state", "--spool", "/home/runner/work/_temp/work/soak/spool"], "fault_env": {}, "exit": 0}
--- stdout
{"action": "dispatched", "file": "crypto/tasks/TASK-6e2d003552c4cdc6a185532267c5931f.json", "spool": "WRITTEN", "task_id": "crypto:TASK-6e2d003552c4cdc6a185532267c5931f"}
--- stderr
--- end
{"n": 84, "label": "consumer 12", "at": "2026-09-28T01:17:48Z", "seconds": 0.441, "argv": ["/home/runner/work/_temp/work/rt/consumer-venv/bin/predictor-research-consumer", "--domain", "crypto", "--spool", "/home/runner/work/_temp/work/soak/spool", "--ledger", "/home/runner/work/_temp/work/soak/consumer/ledger.sqlite", "--state", "/home/runner/work/_temp/work/soak/domain-state", "--policy", "/home/runner/work/_temp/work/rt/op/policy.json", "--objects", "/home/runner/work/_temp/work/rt/op/objects"], "fault_env": {}, "exit": 0}
--- stdout
{"action": "skipped", "episode_id": "crypto:episode-1", "state": "TERMINAL_RESULT", "status": "RESULT", "task_id": "crypto:TASK-5a61224f3e2255c51110cfae4b996804"}
{"action": "skipped", "episode_id": "crypto:episode-3", "state": "TERMINAL_RESULT", "status": "DUPLICATE", "task_id": "crypto:TASK-ec6e000af508cc684f074d56cf1d65d4"}
{"action": "skipped", "episode_id": "crypto:episode-4", "state": "TERMINAL_RESULT", "status": "RESULT", "task_id": "crypto:TASK-c0756a400f58e2eb20df8cd25130c567"}
{"action": "skipped", "episode_id": "crypto:episode-6", "state": "TERMINAL_RESULT", "status": "RESULT", "task_id": "crypto:TASK-d367c7f0a69accff2e52948d85e2cfc9"}
{"action": "skipped", "episode_id": "crypto:episode-7", "state": "TERMINAL_RESULT", "status": "RESULT", "task_id": "crypto:TASK-44ab5a05adcbec305debd521451ac735"}
{"action": "skipped", "episode_id": "crypto:episode-9", "state": "TERMINAL_RESULT", "status": "DUPLICATE", "task_id": "crypto:TASK-14e7ea21534e45e23a4277dac60a4f2a"}
{"action": "skipped", "episode_id": "crypto:episode-10", "state": "TERMINAL_RESULT", "status": "RESULT", "task_id": "crypto:TASK-fa5b145dd0e59b9b1f3c53919c0aad7f"}
{"action": "skipped", "episode_id": "crypto:episode-11", "state": "TERMINAL_RESULT", "status": "RESULT", "task_id": "crypto:TASK-012f5d55aa3000fa92bce4a8de811193"}
{"action": "skipped", "episode_id": "crypto:episode-12", "state": "TERMINAL_RESULT", "status": "RESULT", "task_id": "crypto:TASK-8075320c169e3679d3da0cbf875ce83d"}
{"action": "skipped", "episode_id": "crypto:episode-14", "state": "TERMINAL_RESULT", "status": "DUPLICATE", "task_id": "crypto:TASK-e1b9c54ae66cb5429906c7192474f592"}
{"action": "skipped", "episode_id": "crypto:episode-15", "state": "TERMINAL_RESULT", "status": "RESULT", "task_id": "crypto:TASK-14a347da62048ed8c735e34ddf54bc5b"}
{"action": "delivered", "attempt": 1, "class": "TERMINAL_RESULT", "episode_id": "crypto:episode-16", "result_file": "crypto/results/TASK-6e2d003552c4cdc6a185532267c5931f.d80450b09bde8ddf.json", "result_write": "WRITTEN", "status": "RESULT", "task_id": "crypto:TASK-6e2d003552c4cdc6a185532267c5931f"}
--- stderr
{"duration_ms": 206, "event": "job_finished", "job_id": "crypto-research-586c7ba5961695a0b036ec8b", "level": "INFO", "run_id": "69bc3ca9876f4172af058bf4177fcb8f", "run_status": "SUCCEEDED", "service": "predictor_ops", "timestamp": "2026-09-28T01:17:48.871940Z"}
--- end
{"n": 85, "label": "ingest 12", "at": "2026-09-28T01:17:49Z", "seconds": 0.127, "argv": ["/home/runner/work/_temp/work/rt/cain-venv/bin/cain", "research", "ingest", "--domain", "crypto", "--state", "/home/runner/work/_temp/work/soak/cain-state", "--spool", "/home/runner/work/_temp/work/soak/spool"], "fault_env": {}, "exit": 0}
--- stdout
{"action": "duplicate", "file": "TASK-012f5d55aa3000fa92bce4a8de811193.bfb0e2c1820178f9.json"}
{"action": "duplicate", "file": "TASK-14a347da62048ed8c735e34ddf54bc5b.893e4a4c1dacf3ee.json"}
{"action": "duplicate", "file": "TASK-14e7ea21534e45e23a4277dac60a4f2a.2003b8d19579143d.json"}
{"action": "duplicate", "file": "TASK-44ab5a05adcbec305debd521451ac735.cdb63970b623672c.json"}
{"action": "duplicate", "file": "TASK-5a61224f3e2255c51110cfae4b996804.8baf8922f7c06a95.json"}
{"action": "ingested", "class": "TERMINAL_RESULT", "fact": "fact:70e30e3e37f4428e8d23bed1f05104c4", "file": "TASK-6e2d003552c4cdc6a185532267c5931f.d80450b09bde8ddf.json", "status": "RESULT", "task_id": "crypto:TASK-6e2d003552c4cdc6a185532267c5931f"}
{"action": "duplicate", "file": "TASK-8075320c169e3679d3da0cbf875ce83d.6142fcc837de166a.json"}
{"action": "duplicate", "file": "TASK-c0756a400f58e2eb20df8cd25130c567.8bee819b70a21b33.json"}
{"action": "duplicate", "file": "TASK-d367c7f0a69accff2e52948d85e2cfc9.78b45ebaca48ec9a.json"}
{"action": "duplicate", "file": "TASK-d367c7f0a69accff2e52948d85e2cfc9.b5f1597ae1984f40.json"}
{"action": "duplicate", "file": "TASK-e1b9c54ae66cb5429906c7192474f592.a907442ba355f5f4.json"}
{"action": "duplicate", "file": "TASK-ec6e000af508cc684f074d56cf1d65d4.643fafb3bdba5a61.json"}
{"action": "duplicate", "file": "TASK-fa5b145dd0e59b9b1f3c53919c0aad7f.22c4079447951de4.json"}
{"action": "skipped", "code": "DOMAIN_MISMATCH", "file": "interleaved-003-stocks.json", "state": "REJECTED"}
{"action": "skipped", "code": "DOMAIN_MISMATCH", "file": "interleaved-007-brasileirao.json", "state": "REJECTED"}
{"action": "skipped", "code": "DOMAIN_MISMATCH", "file": "interleaved-011-stocks.json", "state": "REJECTED"}
{"action": "duplicate", "file": "redelivered-001-TASK-5a61224f3e2255c51110cfae4b996804.8baf8922f7c06a95.json"}
{"action": "duplicate", "file": "redelivered-005-TASK-44ab5a05adcbec305debd521451ac735.cdb63970b623672c.json"}
{"action": "duplicate", "file": "redelivered-009-TASK-8075320c169e3679d3da0cbf875ce83d.6142fcc837de166a.json"}
--- stderr
--- end
{"n": 86, "label": "propose 13", "at": "2026-09-28T01:17:49Z", "seconds": 0.12, "argv": ["/home/runner/work/_temp/work/rt/cain-venv/bin/cain", "research", "propose", "--domain", "crypto", "--state", "/home/runner/work/_temp/work/soak/cain-state", "--proposal", "/home/runner/work/_temp/work/soak/proposals/013.json", "--as-of", "2026-09-28T01:17:49Z"], "fault_env": {}, "exit": 0}
--- stdout
{"decision": "ALLOW", "episode_id": "crypto:episode-17", "reason_code": "ALLOWED", "receipt_sha256": "2d837e2fc16ebde99c1b982d2da3eba61a95ad1fa7ffc2116618387e2d3055ac", "rule": "R14", "status": "RECORDED", "task": {"payload_sha256": "be8dc32f9bbe2b907c8ac03926ff6ff3552844c6d3cd1eed2cf0ef830c0a1a7b", "previous_task_id": "crypto:TASK-6e2d003552c4cdc6a185532267c5931f", "task_id": "crypto:TASK-a7ff76614894d1b4f94f3f4b8a493849"}}
--- stderr
--- end
{"n": 87, "label": "dispatch 13", "at": "2026-09-28T01:17:49Z", "seconds": 0.119, "argv": ["/home/runner/work/_temp/work/rt/cain-venv/bin/cain", "research", "dispatch", "--domain", "crypto", "--state", "/home/runner/work/_temp/work/soak/cain-state", "--spool", "/home/runner/work/_temp/work/soak/spool"], "fault_env": {}, "exit": 0}
--- stdout
{"action": "dispatched", "file": "crypto/tasks/TASK-a7ff76614894d1b4f94f3f4b8a493849.json", "spool": "WRITTEN", "task_id": "crypto:TASK-a7ff76614894d1b4f94f3f4b8a493849"}
--- stderr
--- end
{"n": 88, "label": "consumer 13", "at": "2026-09-28T01:17:49Z", "seconds": 0.441, "argv": ["/home/runner/work/_temp/work/rt/consumer-venv/bin/predictor-research-consumer", "--domain", "crypto", "--spool", "/home/runner/work/_temp/work/soak/spool", "--ledger", "/home/runner/work/_temp/work/soak/consumer/ledger.sqlite", "--state", "/home/runner/work/_temp/work/soak/domain-state", "--policy", "/home/runner/work/_temp/work/rt/op/policy.json", "--objects", "/home/runner/work/_temp/work/rt/op/objects"], "fault_env": {}, "exit": 0}
--- stdout
{"action": "skipped", "episode_id": "crypto:episode-1", "state": "TERMINAL_RESULT", "status": "RESULT", "task_id": "crypto:TASK-5a61224f3e2255c51110cfae4b996804"}
{"action": "skipped", "episode_id": "crypto:episode-3", "state": "TERMINAL_RESULT", "status": "DUPLICATE", "task_id": "crypto:TASK-ec6e000af508cc684f074d56cf1d65d4"}
{"action": "skipped", "episode_id": "crypto:episode-4", "state": "TERMINAL_RESULT", "status": "RESULT", "task_id": "crypto:TASK-c0756a400f58e2eb20df8cd25130c567"}
{"action": "skipped", "episode_id": "crypto:episode-6", "state": "TERMINAL_RESULT", "status": "RESULT", "task_id": "crypto:TASK-d367c7f0a69accff2e52948d85e2cfc9"}
{"action": "skipped", "episode_id": "crypto:episode-7", "state": "TERMINAL_RESULT", "status": "RESULT", "task_id": "crypto:TASK-44ab5a05adcbec305debd521451ac735"}
{"action": "skipped", "episode_id": "crypto:episode-9", "state": "TERMINAL_RESULT", "status": "DUPLICATE", "task_id": "crypto:TASK-14e7ea21534e45e23a4277dac60a4f2a"}
{"action": "skipped", "episode_id": "crypto:episode-10", "state": "TERMINAL_RESULT", "status": "RESULT", "task_id": "crypto:TASK-fa5b145dd0e59b9b1f3c53919c0aad7f"}
{"action": "skipped", "episode_id": "crypto:episode-11", "state": "TERMINAL_RESULT", "status": "RESULT", "task_id": "crypto:TASK-012f5d55aa3000fa92bce4a8de811193"}
{"action": "skipped", "episode_id": "crypto:episode-12", "state": "TERMINAL_RESULT", "status": "RESULT", "task_id": "crypto:TASK-8075320c169e3679d3da0cbf875ce83d"}
{"action": "skipped", "episode_id": "crypto:episode-14", "state": "TERMINAL_RESULT", "status": "DUPLICATE", "task_id": "crypto:TASK-e1b9c54ae66cb5429906c7192474f592"}
{"action": "skipped", "episode_id": "crypto:episode-15", "state": "TERMINAL_RESULT", "status": "RESULT", "task_id": "crypto:TASK-14a347da62048ed8c735e34ddf54bc5b"}
{"action": "skipped", "episode_id": "crypto:episode-16", "state": "TERMINAL_RESULT", "status": "RESULT", "task_id": "crypto:TASK-6e2d003552c4cdc6a185532267c5931f"}
{"action": "delivered", "attempt": 1, "class": "TERMINAL_RESULT", "episode_id": "crypto:episode-17", "result_file": "crypto/results/TASK-a7ff76614894d1b4f94f3f4b8a493849.6fb7b0e6aefed5f3.json", "result_write": "WRITTEN", "status": "RESULT", "task_id": "crypto:TASK-a7ff76614894d1b4f94f3f4b8a493849"}
--- stderr
{"duration_ms": 207, "event": "job_finished", "job_id": "crypto-research-f17b22cacfb09f8ebff57faa", "level": "INFO", "run_id": "5a61ee39da3a45f2b3c0f91fd99b5611", "run_status": "SUCCEEDED", "service": "predictor_ops", "timestamp": "2026-09-28T01:17:49.679960Z"}
--- end
{"n": 89, "label": "ingest 13", "at": "2026-09-28T01:17:49Z", "seconds": 0.129, "argv": ["/home/runner/work/_temp/work/rt/cain-venv/bin/cain", "research", "ingest", "--domain", "crypto", "--state", "/home/runner/work/_temp/work/soak/cain-state", "--spool", "/home/runner/work/_temp/work/soak/spool"], "fault_env": {}, "exit": 0}
--- stdout
{"action": "duplicate", "file": "TASK-012f5d55aa3000fa92bce4a8de811193.bfb0e2c1820178f9.json"}
{"action": "duplicate", "file": "TASK-14a347da62048ed8c735e34ddf54bc5b.893e4a4c1dacf3ee.json"}
{"action": "duplicate", "file": "TASK-14e7ea21534e45e23a4277dac60a4f2a.2003b8d19579143d.json"}
{"action": "duplicate", "file": "TASK-44ab5a05adcbec305debd521451ac735.cdb63970b623672c.json"}
{"action": "duplicate", "file": "TASK-5a61224f3e2255c51110cfae4b996804.8baf8922f7c06a95.json"}
{"action": "duplicate", "file": "TASK-6e2d003552c4cdc6a185532267c5931f.d80450b09bde8ddf.json"}
{"action": "duplicate", "file": "TASK-8075320c169e3679d3da0cbf875ce83d.6142fcc837de166a.json"}
{"action": "ingested", "class": "TERMINAL_RESULT", "fact": "fact:83f4e683cb0f496fbc76ae230fb9bb57", "file": "TASK-a7ff76614894d1b4f94f3f4b8a493849.6fb7b0e6aefed5f3.json", "status": "RESULT", "task_id": "crypto:TASK-a7ff76614894d1b4f94f3f4b8a493849"}
{"action": "duplicate", "file": "TASK-c0756a400f58e2eb20df8cd25130c567.8bee819b70a21b33.json"}
{"action": "duplicate", "file": "TASK-d367c7f0a69accff2e52948d85e2cfc9.78b45ebaca48ec9a.json"}
{"action": "duplicate", "file": "TASK-d367c7f0a69accff2e52948d85e2cfc9.b5f1597ae1984f40.json"}
{"action": "duplicate", "file": "TASK-e1b9c54ae66cb5429906c7192474f592.a907442ba355f5f4.json"}
{"action": "duplicate", "file": "TASK-ec6e000af508cc684f074d56cf1d65d4.643fafb3bdba5a61.json"}
{"action": "duplicate", "file": "TASK-fa5b145dd0e59b9b1f3c53919c0aad7f.22c4079447951de4.json"}
{"action": "skipped", "code": "DOMAIN_MISMATCH", "file": "interleaved-003-stocks.json", "state": "REJECTED"}
{"action": "skipped", "code": "DOMAIN_MISMATCH", "file": "interleaved-007-brasileirao.json", "state": "REJECTED"}
{"action": "skipped", "code": "DOMAIN_MISMATCH", "file": "interleaved-011-stocks.json", "state": "REJECTED"}
{"action": "duplicate", "file": "redelivered-001-TASK-5a61224f3e2255c51110cfae4b996804.8baf8922f7c06a95.json"}
{"action": "duplicate", "file": "redelivered-005-TASK-44ab5a05adcbec305debd521451ac735.cdb63970b623672c.json"}
{"action": "duplicate", "file": "redelivered-009-TASK-8075320c169e3679d3da0cbf875ce83d.6142fcc837de166a.json"}
--- stderr
--- end
{"n": 90, "label": "resend 13", "at": "2026-09-28T01:17:49Z", "seconds": 0.135, "argv": ["/home/runner/work/_temp/work/rt/cain-venv/bin/cain", "research", "dispatch", "--domain", "crypto", "--state", "/home/runner/work/_temp/work/soak/cain-state", "--spool", "/home/runner/work/_temp/work/soak/spool", "--resend"], "fault_env": {}, "exit": 0}
--- stdout
{"action": "dispatched", "file": "crypto/tasks/TASK-5a61224f3e2255c51110cfae4b996804.json", "spool": "EXISTS", "task_id": "crypto:TASK-5a61224f3e2255c51110cfae4b996804"}
{"action": "dispatched", "file": "crypto/tasks/TASK-ec6e000af508cc684f074d56cf1d65d4.json", "spool": "EXISTS", "task_id": "crypto:TASK-ec6e000af508cc684f074d56cf1d65d4"}
{"action": "dispatched", "file": "crypto/tasks/TASK-c0756a400f58e2eb20df8cd25130c567.json", "spool": "EXISTS", "task_id": "crypto:TASK-c0756a400f58e2eb20df8cd25130c567"}
{"action": "dispatched", "file": "crypto/tasks/TASK-d367c7f0a69accff2e52948d85e2cfc9.json", "spool": "EXISTS", "task_id": "crypto:TASK-d367c7f0a69accff2e52948d85e2cfc9"}
{"action": "dispatched", "file": "crypto/tasks/TASK-44ab5a05adcbec305debd521451ac735.json", "spool": "EXISTS", "task_id": "crypto:TASK-44ab5a05adcbec305debd521451ac735"}
{"action": "dispatched", "file": "crypto/tasks/TASK-14e7ea21534e45e23a4277dac60a4f2a.json", "spool": "EXISTS", "task_id": "crypto:TASK-14e7ea21534e45e23a4277dac60a4f2a"}
{"action": "dispatched", "file": "crypto/tasks/TASK-fa5b145dd0e59b9b1f3c53919c0aad7f.json", "spool": "EXISTS", "task_id": "crypto:TASK-fa5b145dd0e59b9b1f3c53919c0aad7f"}
{"action": "dispatched", "file": "crypto/tasks/TASK-012f5d55aa3000fa92bce4a8de811193.json", "spool": "EXISTS", "task_id": "crypto:TASK-012f5d55aa3000fa92bce4a8de811193"}
{"action": "dispatched", "file": "crypto/tasks/TASK-8075320c169e3679d3da0cbf875ce83d.json", "spool": "EXISTS", "task_id": "crypto:TASK-8075320c169e3679d3da0cbf875ce83d"}
{"action": "dispatched", "file": "crypto/tasks/TASK-e1b9c54ae66cb5429906c7192474f592.json", "spool": "EXISTS", "task_id": "crypto:TASK-e1b9c54ae66cb5429906c7192474f592"}
{"action": "dispatched", "file": "crypto/tasks/TASK-14a347da62048ed8c735e34ddf54bc5b.json", "spool": "EXISTS", "task_id": "crypto:TASK-14a347da62048ed8c735e34ddf54bc5b"}
{"action": "dispatched", "file": "crypto/tasks/TASK-6e2d003552c4cdc6a185532267c5931f.json", "spool": "EXISTS", "task_id": "crypto:TASK-6e2d003552c4cdc6a185532267c5931f"}
{"action": "dispatched", "file": "crypto/tasks/TASK-a7ff76614894d1b4f94f3f4b8a493849.json", "spool": "EXISTS", "task_id": "crypto:TASK-a7ff76614894d1b4f94f3f4b8a493849"}
--- stderr
--- end
{"n": 91, "label": "consumer resend 13", "at": "2026-09-28T01:17:50Z", "seconds": 0.162, "argv": ["/home/runner/work/_temp/work/rt/consumer-venv/bin/predictor-research-consumer", "--domain", "crypto", "--spool", "/home/runner/work/_temp/work/soak/spool", "--ledger", "/home/runner/work/_temp/work/soak/consumer/ledger.sqlite", "--state", "/home/runner/work/_temp/work/soak/domain-state", "--policy", "/home/runner/work/_temp/work/rt/op/policy.json", "--objects", "/home/runner/work/_temp/work/rt/op/objects"], "fault_env": {}, "exit": 0}
--- stdout
{"action": "skipped", "episode_id": "crypto:episode-1", "state": "TERMINAL_RESULT", "status": "RESULT", "task_id": "crypto:TASK-5a61224f3e2255c51110cfae4b996804"}
{"action": "skipped", "episode_id": "crypto:episode-3", "state": "TERMINAL_RESULT", "status": "DUPLICATE", "task_id": "crypto:TASK-ec6e000af508cc684f074d56cf1d65d4"}
{"action": "skipped", "episode_id": "crypto:episode-4", "state": "TERMINAL_RESULT", "status": "RESULT", "task_id": "crypto:TASK-c0756a400f58e2eb20df8cd25130c567"}
{"action": "skipped", "episode_id": "crypto:episode-6", "state": "TERMINAL_RESULT", "status": "RESULT", "task_id": "crypto:TASK-d367c7f0a69accff2e52948d85e2cfc9"}
{"action": "skipped", "episode_id": "crypto:episode-7", "state": "TERMINAL_RESULT", "status": "RESULT", "task_id": "crypto:TASK-44ab5a05adcbec305debd521451ac735"}
{"action": "skipped", "episode_id": "crypto:episode-9", "state": "TERMINAL_RESULT", "status": "DUPLICATE", "task_id": "crypto:TASK-14e7ea21534e45e23a4277dac60a4f2a"}
{"action": "skipped", "episode_id": "crypto:episode-10", "state": "TERMINAL_RESULT", "status": "RESULT", "task_id": "crypto:TASK-fa5b145dd0e59b9b1f3c53919c0aad7f"}
{"action": "skipped", "episode_id": "crypto:episode-11", "state": "TERMINAL_RESULT", "status": "RESULT", "task_id": "crypto:TASK-012f5d55aa3000fa92bce4a8de811193"}
{"action": "skipped", "episode_id": "crypto:episode-12", "state": "TERMINAL_RESULT", "status": "RESULT", "task_id": "crypto:TASK-8075320c169e3679d3da0cbf875ce83d"}
{"action": "skipped", "episode_id": "crypto:episode-14", "state": "TERMINAL_RESULT", "status": "DUPLICATE", "task_id": "crypto:TASK-e1b9c54ae66cb5429906c7192474f592"}
{"action": "skipped", "episode_id": "crypto:episode-15", "state": "TERMINAL_RESULT", "status": "RESULT", "task_id": "crypto:TASK-14a347da62048ed8c735e34ddf54bc5b"}
{"action": "skipped", "episode_id": "crypto:episode-16", "state": "TERMINAL_RESULT", "status": "RESULT", "task_id": "crypto:TASK-6e2d003552c4cdc6a185532267c5931f"}
{"action": "skipped", "episode_id": "crypto:episode-17", "state": "TERMINAL_RESULT", "status": "RESULT", "task_id": "crypto:TASK-a7ff76614894d1b4f94f3f4b8a493849"}
--- stderr
--- end
{"n": 92, "label": "ingest redelivered 13", "at": "2026-09-28T01:17:50Z", "seconds": 0.12, "argv": ["/home/runner/work/_temp/work/rt/cain-venv/bin/cain", "research", "ingest", "--domain", "crypto", "--state", "/home/runner/work/_temp/work/soak/cain-state", "--spool", "/home/runner/work/_temp/work/soak/spool"], "fault_env": {}, "exit": 0}
--- stdout
{"action": "duplicate", "file": "TASK-012f5d55aa3000fa92bce4a8de811193.bfb0e2c1820178f9.json"}
{"action": "duplicate", "file": "TASK-14a347da62048ed8c735e34ddf54bc5b.893e4a4c1dacf3ee.json"}
{"action": "duplicate", "file": "TASK-14e7ea21534e45e23a4277dac60a4f2a.2003b8d19579143d.json"}
{"action": "duplicate", "file": "TASK-44ab5a05adcbec305debd521451ac735.cdb63970b623672c.json"}
{"action": "duplicate", "file": "TASK-5a61224f3e2255c51110cfae4b996804.8baf8922f7c06a95.json"}
{"action": "duplicate", "file": "TASK-6e2d003552c4cdc6a185532267c5931f.d80450b09bde8ddf.json"}
{"action": "duplicate", "file": "TASK-8075320c169e3679d3da0cbf875ce83d.6142fcc837de166a.json"}
{"action": "duplicate", "file": "TASK-a7ff76614894d1b4f94f3f4b8a493849.6fb7b0e6aefed5f3.json"}
{"action": "duplicate", "file": "TASK-c0756a400f58e2eb20df8cd25130c567.8bee819b70a21b33.json"}
{"action": "duplicate", "file": "TASK-d367c7f0a69accff2e52948d85e2cfc9.78b45ebaca48ec9a.json"}
{"action": "duplicate", "file": "TASK-d367c7f0a69accff2e52948d85e2cfc9.b5f1597ae1984f40.json"}
{"action": "duplicate", "file": "TASK-e1b9c54ae66cb5429906c7192474f592.a907442ba355f5f4.json"}
{"action": "duplicate", "file": "TASK-ec6e000af508cc684f074d56cf1d65d4.643fafb3bdba5a61.json"}
{"action": "duplicate", "file": "TASK-fa5b145dd0e59b9b1f3c53919c0aad7f.22c4079447951de4.json"}
{"action": "skipped", "code": "DOMAIN_MISMATCH", "file": "interleaved-003-stocks.json", "state": "REJECTED"}
{"action": "skipped", "code": "DOMAIN_MISMATCH", "file": "interleaved-007-brasileirao.json", "state": "REJECTED"}
{"action": "skipped", "code": "DOMAIN_MISMATCH", "file": "interleaved-011-stocks.json", "state": "REJECTED"}
{"action": "duplicate", "file": "redelivered-001-TASK-5a61224f3e2255c51110cfae4b996804.8baf8922f7c06a95.json"}
{"action": "duplicate", "file": "redelivered-005-TASK-44ab5a05adcbec305debd521451ac735.cdb63970b623672c.json"}
{"action": "duplicate", "file": "redelivered-009-TASK-8075320c169e3679d3da0cbf875ce83d.6142fcc837de166a.json"}
{"action": "duplicate", "file": "redelivered-013-TASK-a7ff76614894d1b4f94f3f4b8a493849.6fb7b0e6aefed5f3.json"}
--- stderr
--- end
{"n": 93, "label": "propose duplicate 13", "at": "2026-09-28T01:17:50Z", "seconds": 0.119, "argv": ["/home/runner/work/_temp/work/rt/cain-venv/bin/cain", "research", "propose", "--domain", "crypto", "--state", "/home/runner/work/_temp/work/soak/cain-state", "--proposal", "/home/runner/work/_temp/work/soak/proposals/013-again.json", "--as-of", "2026-09-28T01:17:50Z"], "fault_env": {}, "exit": 0}
--- stdout
{"decision": "DUPLICATE", "episode_id": "crypto:episode-18", "reason_code": "DUPLICATE_REQUEST", "receipt_sha256": "8fa6e053f9bf616d917524427d34596e3381185b049b387c0f4aab2bce478677", "rule": "R08", "status": "RECORDED", "task": null}
--- stderr
--- end
{"n": 94, "label": "propose 14", "at": "2026-09-28T01:17:50Z", "seconds": 0.12, "argv": ["/home/runner/work/_temp/work/rt/cain-venv/bin/cain", "research", "propose", "--domain", "crypto", "--state", "/home/runner/work/_temp/work/soak/cain-state", "--proposal", "/home/runner/work/_temp/work/soak/proposals/014.json", "--as-of", "2026-09-28T01:17:50Z"], "fault_env": {}, "exit": 0}
--- stdout
{"decision": "ALLOW", "episode_id": "crypto:episode-19", "reason_code": "ALLOWED", "receipt_sha256": "7e3cf576748e365286bceb9bdeb56d10191df4004a8dfd696c2ab1dc0fb20e62", "rule": "R14", "status": "RECORDED", "task": {"payload_sha256": "07ac986da2c46632d95df562b76e62244f82bd9e18a083d32ed61d2a28d1adc6", "previous_task_id": "crypto:TASK-a7ff76614894d1b4f94f3f4b8a493849", "task_id": "crypto:TASK-c867e60770f59699273a55415d4bd298"}}
--- stderr
--- end
{"n": 95, "label": "dispatch 14", "at": "2026-09-28T01:17:50Z", "seconds": 0.118, "argv": ["/home/runner/work/_temp/work/rt/cain-venv/bin/cain", "research", "dispatch", "--domain", "crypto", "--state", "/home/runner/work/_temp/work/soak/cain-state", "--spool", "/home/runner/work/_temp/work/soak/spool"], "fault_env": {}, "exit": 0}
--- stdout
{"action": "dispatched", "file": "crypto/tasks/TASK-c867e60770f59699273a55415d4bd298.json", "spool": "WRITTEN", "task_id": "crypto:TASK-c867e60770f59699273a55415d4bd298"}
--- stderr
--- end
{"n": 96, "label": "consumer 14 (fault)", "at": "2026-09-28T01:17:51Z", "seconds": 0.418, "argv": ["/home/runner/work/_temp/work/rt/consumer-venv/bin/predictor-research-consumer", "--domain", "crypto", "--spool", "/home/runner/work/_temp/work/soak/spool", "--ledger", "/home/runner/work/_temp/work/soak/consumer/ledger.sqlite", "--state", "/home/runner/work/_temp/work/soak/domain-state", "--policy", "/home/runner/work/_temp/work/rt/op/policy.json", "--objects", "/home/runner/work/_temp/work/rt/op/objects"], "fault_env": {"PREDICTOR_RESEARCH_TRANSPORT_FAULT": "after_domain_before_result_write"}, "exit": 86}
--- stdout
--- stderr
{"duration_ms": 207, "event": "job_finished", "job_id": "crypto-research-831fea0d4345baf89fca9b38", "level": "INFO", "run_id": "7878bf45f4584c3d8d16029d8f60ed63", "run_status": "SUCCEEDED", "service": "predictor_ops", "timestamp": "2026-09-28T01:17:51.028225Z"}
--- end
{"n": 97, "label": "consumer 14", "at": "2026-09-28T01:17:51Z", "seconds": 0.181, "argv": ["/home/runner/work/_temp/work/rt/consumer-venv/bin/predictor-research-consumer", "--domain", "crypto", "--spool", "/home/runner/work/_temp/work/soak/spool", "--ledger", "/home/runner/work/_temp/work/soak/consumer/ledger.sqlite", "--state", "/home/runner/work/_temp/work/soak/domain-state", "--policy", "/home/runner/work/_temp/work/rt/op/policy.json", "--objects", "/home/runner/work/_temp/work/rt/op/objects"], "fault_env": {}, "exit": 0}
--- stdout
{"action": "skipped", "episode_id": "crypto:episode-1", "state": "TERMINAL_RESULT", "status": "RESULT", "task_id": "crypto:TASK-5a61224f3e2255c51110cfae4b996804"}
{"action": "skipped", "episode_id": "crypto:episode-3", "state": "TERMINAL_RESULT", "status": "DUPLICATE", "task_id": "crypto:TASK-ec6e000af508cc684f074d56cf1d65d4"}
{"action": "skipped", "episode_id": "crypto:episode-4", "state": "TERMINAL_RESULT", "status": "RESULT", "task_id": "crypto:TASK-c0756a400f58e2eb20df8cd25130c567"}
{"action": "skipped", "episode_id": "crypto:episode-6", "state": "TERMINAL_RESULT", "status": "RESULT", "task_id": "crypto:TASK-d367c7f0a69accff2e52948d85e2cfc9"}
{"action": "skipped", "episode_id": "crypto:episode-7", "state": "TERMINAL_RESULT", "status": "RESULT", "task_id": "crypto:TASK-44ab5a05adcbec305debd521451ac735"}
{"action": "skipped", "episode_id": "crypto:episode-9", "state": "TERMINAL_RESULT", "status": "DUPLICATE", "task_id": "crypto:TASK-14e7ea21534e45e23a4277dac60a4f2a"}
{"action": "skipped", "episode_id": "crypto:episode-10", "state": "TERMINAL_RESULT", "status": "RESULT", "task_id": "crypto:TASK-fa5b145dd0e59b9b1f3c53919c0aad7f"}
{"action": "skipped", "episode_id": "crypto:episode-11", "state": "TERMINAL_RESULT", "status": "RESULT", "task_id": "crypto:TASK-012f5d55aa3000fa92bce4a8de811193"}
{"action": "skipped", "episode_id": "crypto:episode-12", "state": "TERMINAL_RESULT", "status": "RESULT", "task_id": "crypto:TASK-8075320c169e3679d3da0cbf875ce83d"}
{"action": "skipped", "episode_id": "crypto:episode-14", "state": "TERMINAL_RESULT", "status": "DUPLICATE", "task_id": "crypto:TASK-e1b9c54ae66cb5429906c7192474f592"}
{"action": "skipped", "episode_id": "crypto:episode-15", "state": "TERMINAL_RESULT", "status": "RESULT", "task_id": "crypto:TASK-14a347da62048ed8c735e34ddf54bc5b"}
{"action": "skipped", "episode_id": "crypto:episode-16", "state": "TERMINAL_RESULT", "status": "RESULT", "task_id": "crypto:TASK-6e2d003552c4cdc6a185532267c5931f"}
{"action": "skipped", "episode_id": "crypto:episode-17", "state": "TERMINAL_RESULT", "status": "RESULT", "task_id": "crypto:TASK-a7ff76614894d1b4f94f3f4b8a493849"}
{"action": "delivered", "attempt": 2, "class": "TERMINAL_RESULT", "episode_id": "crypto:episode-19", "result_file": "crypto/results/TASK-c867e60770f59699273a55415d4bd298.3a85a389b3512f3a.json", "result_write": "WRITTEN", "status": "DUPLICATE", "task_id": "crypto:TASK-c867e60770f59699273a55415d4bd298"}
--- stderr
--- end
{"n": 98, "label": "ingest 14", "at": "2026-09-28T01:17:51Z", "seconds": 0.128, "argv": ["/home/runner/work/_temp/work/rt/cain-venv/bin/cain", "research", "ingest", "--domain", "crypto", "--state", "/home/runner/work/_temp/work/soak/cain-state", "--spool", "/home/runner/work/_temp/work/soak/spool"], "fault_env": {}, "exit": 0}
--- stdout
{"action": "duplicate", "file": "TASK-012f5d55aa3000fa92bce4a8de811193.bfb0e2c1820178f9.json"}
{"action": "duplicate", "file": "TASK-14a347da62048ed8c735e34ddf54bc5b.893e4a4c1dacf3ee.json"}
{"action": "duplicate", "file": "TASK-14e7ea21534e45e23a4277dac60a4f2a.2003b8d19579143d.json"}
{"action": "duplicate", "file": "TASK-44ab5a05adcbec305debd521451ac735.cdb63970b623672c.json"}
{"action": "duplicate", "file": "TASK-5a61224f3e2255c51110cfae4b996804.8baf8922f7c06a95.json"}
{"action": "duplicate", "file": "TASK-6e2d003552c4cdc6a185532267c5931f.d80450b09bde8ddf.json"}
{"action": "duplicate", "file": "TASK-8075320c169e3679d3da0cbf875ce83d.6142fcc837de166a.json"}
{"action": "duplicate", "file": "TASK-a7ff76614894d1b4f94f3f4b8a493849.6fb7b0e6aefed5f3.json"}
{"action": "duplicate", "file": "TASK-c0756a400f58e2eb20df8cd25130c567.8bee819b70a21b33.json"}
{"action": "ingested", "class": "TERMINAL_RESULT", "fact": "fact:7cabdff730e745b19eb93a2dff1f428e", "file": "TASK-c867e60770f59699273a55415d4bd298.3a85a389b3512f3a.json", "status": "DUPLICATE", "task_id": "crypto:TASK-c867e60770f59699273a55415d4bd298"}
{"action": "duplicate", "file": "TASK-d367c7f0a69accff2e52948d85e2cfc9.78b45ebaca48ec9a.json"}
{"action": "duplicate", "file": "TASK-d367c7f0a69accff2e52948d85e2cfc9.b5f1597ae1984f40.json"}
{"action": "duplicate", "file": "TASK-e1b9c54ae66cb5429906c7192474f592.a907442ba355f5f4.json"}
{"action": "duplicate", "file": "TASK-ec6e000af508cc684f074d56cf1d65d4.643fafb3bdba5a61.json"}
{"action": "duplicate", "file": "TASK-fa5b145dd0e59b9b1f3c53919c0aad7f.22c4079447951de4.json"}
{"action": "skipped", "code": "DOMAIN_MISMATCH", "file": "interleaved-003-stocks.json", "state": "REJECTED"}
{"action": "skipped", "code": "DOMAIN_MISMATCH", "file": "interleaved-007-brasileirao.json", "state": "REJECTED"}
{"action": "skipped", "code": "DOMAIN_MISMATCH", "file": "interleaved-011-stocks.json", "state": "REJECTED"}
{"action": "duplicate", "file": "redelivered-001-TASK-5a61224f3e2255c51110cfae4b996804.8baf8922f7c06a95.json"}
{"action": "duplicate", "file": "redelivered-005-TASK-44ab5a05adcbec305debd521451ac735.cdb63970b623672c.json"}
{"action": "duplicate", "file": "redelivered-009-TASK-8075320c169e3679d3da0cbf875ce83d.6142fcc837de166a.json"}
{"action": "duplicate", "file": "redelivered-013-TASK-a7ff76614894d1b4f94f3f4b8a493849.6fb7b0e6aefed5f3.json"}
--- stderr
--- end
{"n": 99, "label": "propose 15", "at": "2026-09-28T01:17:51Z", "seconds": 0.122, "argv": ["/home/runner/work/_temp/work/rt/cain-venv/bin/cain", "research", "propose", "--domain", "crypto", "--state", "/home/runner/work/_temp/work/soak/cain-state", "--proposal", "/home/runner/work/_temp/work/soak/proposals/015.json", "--as-of", "2026-09-28T01:17:51Z"], "fault_env": {}, "exit": 0}
--- stdout
{"decision": "ALLOW", "episode_id": "crypto:episode-20", "reason_code": "ALLOWED", "receipt_sha256": "1d390064731e9f6134dbcc251ffbc97510306d37ba88d4f5289cfe21f774c352", "rule": "R14", "status": "RECORDED", "task": {"payload_sha256": "f45eea3fd19161f599ceb168d8106d828adbcb0941b1b91d42602b9fc5868d87", "previous_task_id": "crypto:TASK-c867e60770f59699273a55415d4bd298", "task_id": "crypto:TASK-4a37fd926277a3ef0cae079b96c2ce99"}}
--- stderr
--- end
{"n": 100, "label": "dispatch 15", "at": "2026-09-28T01:17:51Z", "seconds": 0.119, "argv": ["/home/runner/work/_temp/work/rt/cain-venv/bin/cain", "research", "dispatch", "--domain", "crypto", "--state", "/home/runner/work/_temp/work/soak/cain-state", "--spool", "/home/runner/work/_temp/work/soak/spool"], "fault_env": {}, "exit": 0}
--- stdout
{"action": "dispatched", "file": "crypto/tasks/TASK-4a37fd926277a3ef0cae079b96c2ce99.json", "spool": "WRITTEN", "task_id": "crypto:TASK-4a37fd926277a3ef0cae079b96c2ce99"}
--- stderr
--- end
{"n": 101, "label": "consumer 15", "at": "2026-09-28T01:17:52Z", "seconds": 0.441, "argv": ["/home/runner/work/_temp/work/rt/consumer-venv/bin/predictor-research-consumer", "--domain", "crypto", "--spool", "/home/runner/work/_temp/work/soak/spool", "--ledger", "/home/runner/work/_temp/work/soak/consumer/ledger.sqlite", "--state", "/home/runner/work/_temp/work/soak/domain-state", "--policy", "/home/runner/work/_temp/work/rt/op/policy.json", "--objects", "/home/runner/work/_temp/work/rt/op/objects"], "fault_env": {}, "exit": 0}
--- stdout
{"action": "skipped", "episode_id": "crypto:episode-1", "state": "TERMINAL_RESULT", "status": "RESULT", "task_id": "crypto:TASK-5a61224f3e2255c51110cfae4b996804"}
{"action": "skipped", "episode_id": "crypto:episode-3", "state": "TERMINAL_RESULT", "status": "DUPLICATE", "task_id": "crypto:TASK-ec6e000af508cc684f074d56cf1d65d4"}
{"action": "skipped", "episode_id": "crypto:episode-4", "state": "TERMINAL_RESULT", "status": "RESULT", "task_id": "crypto:TASK-c0756a400f58e2eb20df8cd25130c567"}
{"action": "skipped", "episode_id": "crypto:episode-6", "state": "TERMINAL_RESULT", "status": "RESULT", "task_id": "crypto:TASK-d367c7f0a69accff2e52948d85e2cfc9"}
{"action": "skipped", "episode_id": "crypto:episode-7", "state": "TERMINAL_RESULT", "status": "RESULT", "task_id": "crypto:TASK-44ab5a05adcbec305debd521451ac735"}
{"action": "skipped", "episode_id": "crypto:episode-9", "state": "TERMINAL_RESULT", "status": "DUPLICATE", "task_id": "crypto:TASK-14e7ea21534e45e23a4277dac60a4f2a"}
{"action": "skipped", "episode_id": "crypto:episode-10", "state": "TERMINAL_RESULT", "status": "RESULT", "task_id": "crypto:TASK-fa5b145dd0e59b9b1f3c53919c0aad7f"}
{"action": "skipped", "episode_id": "crypto:episode-11", "state": "TERMINAL_RESULT", "status": "RESULT", "task_id": "crypto:TASK-012f5d55aa3000fa92bce4a8de811193"}
{"action": "skipped", "episode_id": "crypto:episode-12", "state": "TERMINAL_RESULT", "status": "RESULT", "task_id": "crypto:TASK-8075320c169e3679d3da0cbf875ce83d"}
{"action": "skipped", "episode_id": "crypto:episode-14", "state": "TERMINAL_RESULT", "status": "DUPLICATE", "task_id": "crypto:TASK-e1b9c54ae66cb5429906c7192474f592"}
{"action": "skipped", "episode_id": "crypto:episode-15", "state": "TERMINAL_RESULT", "status": "RESULT", "task_id": "crypto:TASK-14a347da62048ed8c735e34ddf54bc5b"}
{"action": "skipped", "episode_id": "crypto:episode-16", "state": "TERMINAL_RESULT", "status": "RESULT", "task_id": "crypto:TASK-6e2d003552c4cdc6a185532267c5931f"}
{"action": "skipped", "episode_id": "crypto:episode-17", "state": "TERMINAL_RESULT", "status": "RESULT", "task_id": "crypto:TASK-a7ff76614894d1b4f94f3f4b8a493849"}
{"action": "skipped", "episode_id": "crypto:episode-19", "state": "TERMINAL_RESULT", "status": "DUPLICATE", "task_id": "crypto:TASK-c867e60770f59699273a55415d4bd298"}
{"action": "delivered", "attempt": 1, "class": "TERMINAL_RESULT", "episode_id": "crypto:episode-20", "result_file": "crypto/results/TASK-4a37fd926277a3ef0cae079b96c2ce99.f0f630cd9827a404.json", "result_write": "WRITTEN", "status": "RESULT", "task_id": "crypto:TASK-4a37fd926277a3ef0cae079b96c2ce99"}
--- stderr
{"duration_ms": 207, "event": "job_finished", "job_id": "crypto-research-d04c61223969f2536a9a5e9d", "level": "INFO", "run_id": "c84f0499a11644848594ad4c0128402f", "run_status": "SUCCEEDED", "service": "predictor_ops", "timestamp": "2026-09-28T01:17:51.997746Z"}
--- end
{"n": 102, "label": "ingest 15", "at": "2026-09-28T01:17:52Z", "seconds": 0.129, "argv": ["/home/runner/work/_temp/work/rt/cain-venv/bin/cain", "research", "ingest", "--domain", "crypto", "--state", "/home/runner/work/_temp/work/soak/cain-state", "--spool", "/home/runner/work/_temp/work/soak/spool"], "fault_env": {}, "exit": 0}
--- stdout
{"action": "duplicate", "file": "TASK-012f5d55aa3000fa92bce4a8de811193.bfb0e2c1820178f9.json"}
{"action": "duplicate", "file": "TASK-14a347da62048ed8c735e34ddf54bc5b.893e4a4c1dacf3ee.json"}
{"action": "duplicate", "file": "TASK-14e7ea21534e45e23a4277dac60a4f2a.2003b8d19579143d.json"}
{"action": "duplicate", "file": "TASK-44ab5a05adcbec305debd521451ac735.cdb63970b623672c.json"}
{"action": "ingested", "class": "TERMINAL_RESULT", "fact": "fact:3083653428ac47dda6eb77e88bd28be8", "file": "TASK-4a37fd926277a3ef0cae079b96c2ce99.f0f630cd9827a404.json", "status": "RESULT", "task_id": "crypto:TASK-4a37fd926277a3ef0cae079b96c2ce99"}
{"action": "duplicate", "file": "TASK-5a61224f3e2255c51110cfae4b996804.8baf8922f7c06a95.json"}
{"action": "duplicate", "file": "TASK-6e2d003552c4cdc6a185532267c5931f.d80450b09bde8ddf.json"}
{"action": "duplicate", "file": "TASK-8075320c169e3679d3da0cbf875ce83d.6142fcc837de166a.json"}
{"action": "duplicate", "file": "TASK-a7ff76614894d1b4f94f3f4b8a493849.6fb7b0e6aefed5f3.json"}
{"action": "duplicate", "file": "TASK-c0756a400f58e2eb20df8cd25130c567.8bee819b70a21b33.json"}
{"action": "duplicate", "file": "TASK-c867e60770f59699273a55415d4bd298.3a85a389b3512f3a.json"}
{"action": "duplicate", "file": "TASK-d367c7f0a69accff2e52948d85e2cfc9.78b45ebaca48ec9a.json"}
{"action": "duplicate", "file": "TASK-d367c7f0a69accff2e52948d85e2cfc9.b5f1597ae1984f40.json"}
{"action": "duplicate", "file": "TASK-e1b9c54ae66cb5429906c7192474f592.a907442ba355f5f4.json"}
{"action": "duplicate", "file": "TASK-ec6e000af508cc684f074d56cf1d65d4.643fafb3bdba5a61.json"}
{"action": "duplicate", "file": "TASK-fa5b145dd0e59b9b1f3c53919c0aad7f.22c4079447951de4.json"}
{"action": "skipped", "code": "DOMAIN_MISMATCH", "file": "interleaved-003-stocks.json", "state": "REJECTED"}
{"action": "skipped", "code": "DOMAIN_MISMATCH", "file": "interleaved-007-brasileirao.json", "state": "REJECTED"}
{"action": "skipped", "code": "DOMAIN_MISMATCH", "file": "interleaved-011-stocks.json", "state": "REJECTED"}
{"action": "duplicate", "file": "redelivered-001-TASK-5a61224f3e2255c51110cfae4b996804.8baf8922f7c06a95.json"}
{"action": "duplicate", "file": "redelivered-005-TASK-44ab5a05adcbec305debd521451ac735.cdb63970b623672c.json"}
{"action": "duplicate", "file": "redelivered-009-TASK-8075320c169e3679d3da0cbf875ce83d.6142fcc837de166a.json"}
{"action": "duplicate", "file": "redelivered-013-TASK-a7ff76614894d1b4f94f3f4b8a493849.6fb7b0e6aefed5f3.json"}
--- stderr
--- end
{"n": 103, "label": "ingest interleaved brasileirao 15", "at": "2026-09-28T01:17:52Z", "seconds": 0.125, "argv": ["/home/runner/work/_temp/work/rt/cain-venv/bin/cain", "research", "ingest", "--domain", "crypto", "--state", "/home/runner/work/_temp/work/soak/cain-state", "--spool", "/home/runner/work/_temp/work/soak/spool"], "fault_env": {}, "exit": 2}
--- stdout
{"action": "duplicate", "file": "TASK-012f5d55aa3000fa92bce4a8de811193.bfb0e2c1820178f9.json"}
{"action": "duplicate", "file": "TASK-14a347da62048ed8c735e34ddf54bc5b.893e4a4c1dacf3ee.json"}
{"action": "duplicate", "file": "TASK-14e7ea21534e45e23a4277dac60a4f2a.2003b8d19579143d.json"}
{"action": "duplicate", "file": "TASK-44ab5a05adcbec305debd521451ac735.cdb63970b623672c.json"}
{"action": "duplicate", "file": "TASK-4a37fd926277a3ef0cae079b96c2ce99.f0f630cd9827a404.json"}
{"action": "duplicate", "file": "TASK-5a61224f3e2255c51110cfae4b996804.8baf8922f7c06a95.json"}
{"action": "duplicate", "file": "TASK-6e2d003552c4cdc6a185532267c5931f.d80450b09bde8ddf.json"}
{"action": "duplicate", "file": "TASK-8075320c169e3679d3da0cbf875ce83d.6142fcc837de166a.json"}
{"action": "duplicate", "file": "TASK-a7ff76614894d1b4f94f3f4b8a493849.6fb7b0e6aefed5f3.json"}
{"action": "duplicate", "file": "TASK-c0756a400f58e2eb20df8cd25130c567.8bee819b70a21b33.json"}
{"action": "duplicate", "file": "TASK-c867e60770f59699273a55415d4bd298.3a85a389b3512f3a.json"}
{"action": "duplicate", "file": "TASK-d367c7f0a69accff2e52948d85e2cfc9.78b45ebaca48ec9a.json"}
{"action": "duplicate", "file": "TASK-d367c7f0a69accff2e52948d85e2cfc9.b5f1597ae1984f40.json"}
{"action": "duplicate", "file": "TASK-e1b9c54ae66cb5429906c7192474f592.a907442ba355f5f4.json"}
{"action": "duplicate", "file": "TASK-ec6e000af508cc684f074d56cf1d65d4.643fafb3bdba5a61.json"}
{"action": "duplicate", "file": "TASK-fa5b145dd0e59b9b1f3c53919c0aad7f.22c4079447951de4.json"}
{"action": "skipped", "code": "DOMAIN_MISMATCH", "file": "interleaved-003-stocks.json", "state": "REJECTED"}
{"action": "skipped", "code": "DOMAIN_MISMATCH", "file": "interleaved-007-brasileirao.json", "state": "REJECTED"}
{"action": "skipped", "code": "DOMAIN_MISMATCH", "file": "interleaved-011-stocks.json", "state": "REJECTED"}
{"action": "rejected", "code": "DOMAIN_MISMATCH", "file": "interleaved-015-brasileirao.json", "reason": "result of domain brasileirao"}
{"action": "duplicate", "file": "redelivered-001-TASK-5a61224f3e2255c51110cfae4b996804.8baf8922f7c06a95.json"}
{"action": "duplicate", "file": "redelivered-005-TASK-44ab5a05adcbec305debd521451ac735.cdb63970b623672c.json"}
{"action": "duplicate", "file": "redelivered-009-TASK-8075320c169e3679d3da0cbf875ce83d.6142fcc837de166a.json"}
{"action": "duplicate", "file": "redelivered-013-TASK-a7ff76614894d1b4f94f3f4b8a493849.6fb7b0e6aefed5f3.json"}
--- stderr
--- end
{"n": 104, "label": "propose brasileirao H9 into crypto 15", "at": "2026-09-28T01:17:52Z", "seconds": 0.116, "argv": ["/home/runner/work/_temp/work/rt/cain-venv/bin/cain", "research", "propose", "--domain", "crypto", "--state", "/home/runner/work/_temp/work/soak/cain-state", "--proposal", "/home/runner/work/predictor-qualification/predictor-qualification/qualification/integration-crypto/fixtures/proposals/e2e/06-stocks-h9.json", "--as-of", "2026-09-28T01:17:52Z"], "fault_env": {}, "exit": 0}
--- stdout
{"decision": "BLOCK", "episode_id": "crypto:episode-5", "reason_code": "DOMAIN_MISMATCH", "receipt_sha256": "25e0f7ef828339bc0a20b610659334963483c3945eaddf3d544bef2a0ab8a941", "rule": "R01", "status": "EXISTING", "task": null}
--- stderr
--- end
{"n": 105, "label": "propose 16", "at": "2026-09-28T01:17:52Z", "seconds": 0.121, "argv": ["/home/runner/work/_temp/work/rt/cain-venv/bin/cain", "research", "propose", "--domain", "crypto", "--state", "/home/runner/work/_temp/work/soak/cain-state", "--proposal", "/home/runner/work/_temp/work/soak/proposals/016.json", "--as-of", "2026-09-28T01:17:52Z"], "fault_env": {}, "exit": 0}
--- stdout
{"decision": "ALLOW", "episode_id": "crypto:episode-21", "reason_code": "ALLOWED", "receipt_sha256": "23205a64213bbddbc2ad505c66d9ae2efa2ec70f7637a3d90db8a72fca3840f7", "rule": "R14", "status": "RECORDED", "task": {"payload_sha256": "925d149c17c7fa1c7ba898945cb5008557201363cc3bbfbd6c46517d28a206db", "previous_task_id": "crypto:TASK-4a37fd926277a3ef0cae079b96c2ce99", "task_id": "crypto:TASK-15d9723c7d6dd424375798ad8639ed70"}}
--- stderr
--- end
{"n": 106, "label": "dispatch 16", "at": "2026-09-28T01:17:52Z", "seconds": 0.121, "argv": ["/home/runner/work/_temp/work/rt/cain-venv/bin/cain", "research", "dispatch", "--domain", "crypto", "--state", "/home/runner/work/_temp/work/soak/cain-state", "--spool", "/home/runner/work/_temp/work/soak/spool"], "fault_env": {}, "exit": 0}
--- stdout
{"action": "dispatched", "file": "crypto/tasks/TASK-15d9723c7d6dd424375798ad8639ed70.json", "spool": "WRITTEN", "task_id": "crypto:TASK-15d9723c7d6dd424375798ad8639ed70"}
--- stderr
--- end
{"n": 107, "label": "consumer 16 (Ops crash)", "at": "2026-09-28T01:17:52Z", "seconds": 0.331, "argv": ["/home/runner/work/_temp/work/rt/consumer-venv/bin/predictor-research-consumer", "--domain", "crypto", "--spool", "/home/runner/work/_temp/work/soak/spool", "--ledger", "/home/runner/work/_temp/work/soak/consumer/ledger.sqlite", "--state", "/home/runner/work/_temp/work/soak/domain-state", "--policy", "/home/runner/work/_temp/work/rt/op/policy.json", "--objects", "/home/runner/work/_temp/work/rt/op/objects"], "fault_env": {"CRIPTO_RESEARCH_FAULT": "ops_worker_crash"}, "exit": 0}
--- stdout
{"action": "skipped", "episode_id": "crypto:episode-1", "state": "TERMINAL_RESULT", "status": "RESULT", "task_id": "crypto:TASK-5a61224f3e2255c51110cfae4b996804"}
{"action": "skipped", "episode_id": "crypto:episode-3", "state": "TERMINAL_RESULT", "status": "DUPLICATE", "task_id": "crypto:TASK-ec6e000af508cc684f074d56cf1d65d4"}
{"action": "skipped", "episode_id": "crypto:episode-4", "state": "TERMINAL_RESULT", "status": "RESULT", "task_id": "crypto:TASK-c0756a400f58e2eb20df8cd25130c567"}
{"action": "skipped", "episode_id": "crypto:episode-6", "state": "TERMINAL_RESULT", "status": "RESULT", "task_id": "crypto:TASK-d367c7f0a69accff2e52948d85e2cfc9"}
{"action": "skipped", "episode_id": "crypto:episode-7", "state": "TERMINAL_RESULT", "status": "RESULT", "task_id": "crypto:TASK-44ab5a05adcbec305debd521451ac735"}
{"action": "skipped", "episode_id": "crypto:episode-9", "state": "TERMINAL_RESULT", "status": "DUPLICATE", "task_id": "crypto:TASK-14e7ea21534e45e23a4277dac60a4f2a"}
{"action": "skipped", "episode_id": "crypto:episode-10", "state": "TERMINAL_RESULT", "status": "RESULT", "task_id": "crypto:TASK-fa5b145dd0e59b9b1f3c53919c0aad7f"}
{"action": "skipped", "episode_id": "crypto:episode-11", "state": "TERMINAL_RESULT", "status": "RESULT", "task_id": "crypto:TASK-012f5d55aa3000fa92bce4a8de811193"}
{"action": "skipped", "episode_id": "crypto:episode-12", "state": "TERMINAL_RESULT", "status": "RESULT", "task_id": "crypto:TASK-8075320c169e3679d3da0cbf875ce83d"}
{"action": "skipped", "episode_id": "crypto:episode-14", "state": "TERMINAL_RESULT", "status": "DUPLICATE", "task_id": "crypto:TASK-e1b9c54ae66cb5429906c7192474f592"}
{"action": "skipped", "episode_id": "crypto:episode-15", "state": "TERMINAL_RESULT", "status": "RESULT", "task_id": "crypto:TASK-14a347da62048ed8c735e34ddf54bc5b"}
{"action": "skipped", "episode_id": "crypto:episode-16", "state": "TERMINAL_RESULT", "status": "RESULT", "task_id": "crypto:TASK-6e2d003552c4cdc6a185532267c5931f"}
{"action": "skipped", "episode_id": "crypto:episode-17", "state": "TERMINAL_RESULT", "status": "RESULT", "task_id": "crypto:TASK-a7ff76614894d1b4f94f3f4b8a493849"}
{"action": "skipped", "episode_id": "crypto:episode-19", "state": "TERMINAL_RESULT", "status": "DUPLICATE", "task_id": "crypto:TASK-c867e60770f59699273a55415d4bd298"}
{"action": "skipped", "episode_id": "crypto:episode-20", "state": "TERMINAL_RESULT", "status": "RESULT", "task_id": "crypto:TASK-4a37fd926277a3ef0cae079b96c2ce99"}
{"action": "delivered", "attempt": 1, "class": "RETRYABLE", "episode_id": "crypto:episode-21", "result_file": "crypto/results/TASK-15d9723c7d6dd424375798ad8639ed70.80e79386eca289ee.json", "result_write": "WRITTEN", "status": "OPS_FAILED_RETRYABLE", "task_id": "crypto:TASK-15d9723c7d6dd424375798ad8639ed70"}
--- stderr
{"duration_ms": 106, "event": "job_finished", "job_id": "crypto-research-f30b16928dde55b06afeb74e", "level": "INFO", "run_id": "c98f50e1f7714509a226c484a4869d49", "run_status": "FAILED", "service": "predictor_ops", "timestamp": "2026-09-28T01:17:52.952873Z"}
--- end
{"n": 108, "label": "ingest 16 retryable", "at": "2026-09-28T01:17:53Z", "seconds": 0.127, "argv": ["/home/runner/work/_temp/work/rt/cain-venv/bin/cain", "research", "ingest", "--domain", "crypto", "--state", "/home/runner/work/_temp/work/soak/cain-state", "--spool", "/home/runner/work/_temp/work/soak/spool"], "fault_env": {}, "exit": 0}
--- stdout
{"action": "duplicate", "file": "TASK-012f5d55aa3000fa92bce4a8de811193.bfb0e2c1820178f9.json"}
{"action": "duplicate", "file": "TASK-14a347da62048ed8c735e34ddf54bc5b.893e4a4c1dacf3ee.json"}
{"action": "duplicate", "file": "TASK-14e7ea21534e45e23a4277dac60a4f2a.2003b8d19579143d.json"}
{"action": "ingested", "class": "RETRYABLE", "fact": null, "file": "TASK-15d9723c7d6dd424375798ad8639ed70.80e79386eca289ee.json", "status": "OPS_FAILED_RETRYABLE", "task_id": "crypto:TASK-15d9723c7d6dd424375798ad8639ed70"}
{"action": "duplicate", "file": "TASK-44ab5a05adcbec305debd521451ac735.cdb63970b623672c.json"}
{"action": "duplicate", "file": "TASK-4a37fd926277a3ef0cae079b96c2ce99.f0f630cd9827a404.json"}
{"action": "duplicate", "file": "TASK-5a61224f3e2255c51110cfae4b996804.8baf8922f7c06a95.json"}
{"action": "duplicate", "file": "TASK-6e2d003552c4cdc6a185532267c5931f.d80450b09bde8ddf.json"}
{"action": "duplicate", "file": "TASK-8075320c169e3679d3da0cbf875ce83d.6142fcc837de166a.json"}
{"action": "duplicate", "file": "TASK-a7ff76614894d1b4f94f3f4b8a493849.6fb7b0e6aefed5f3.json"}
{"action": "duplicate", "file": "TASK-c0756a400f58e2eb20df8cd25130c567.8bee819b70a21b33.json"}
{"action": "duplicate", "file": "TASK-c867e60770f59699273a55415d4bd298.3a85a389b3512f3a.json"}
{"action": "duplicate", "file": "TASK-d367c7f0a69accff2e52948d85e2cfc9.78b45ebaca48ec9a.json"}
{"action": "duplicate", "file": "TASK-d367c7f0a69accff2e52948d85e2cfc9.b5f1597ae1984f40.json"}
{"action": "duplicate", "file": "TASK-e1b9c54ae66cb5429906c7192474f592.a907442ba355f5f4.json"}
{"action": "duplicate", "file": "TASK-ec6e000af508cc684f074d56cf1d65d4.643fafb3bdba5a61.json"}
{"action": "duplicate", "file": "TASK-fa5b145dd0e59b9b1f3c53919c0aad7f.22c4079447951de4.json"}
{"action": "skipped", "code": "DOMAIN_MISMATCH", "file": "interleaved-003-stocks.json", "state": "REJECTED"}
{"action": "skipped", "code": "DOMAIN_MISMATCH", "file": "interleaved-007-brasileirao.json", "state": "REJECTED"}
{"action": "skipped", "code": "DOMAIN_MISMATCH", "file": "interleaved-011-stocks.json", "state": "REJECTED"}
{"action": "skipped", "code": "DOMAIN_MISMATCH", "file": "interleaved-015-brasileirao.json", "state": "REJECTED"}
{"action": "duplicate", "file": "redelivered-001-TASK-5a61224f3e2255c51110cfae4b996804.8baf8922f7c06a95.json"}
{"action": "duplicate", "file": "redelivered-005-TASK-44ab5a05adcbec305debd521451ac735.cdb63970b623672c.json"}
{"action": "duplicate", "file": "redelivered-009-TASK-8075320c169e3679d3da0cbf875ce83d.6142fcc837de166a.json"}
{"action": "duplicate", "file": "redelivered-013-TASK-a7ff76614894d1b4f94f3f4b8a493849.6fb7b0e6aefed5f3.json"}
--- stderr
--- end
{"n": 109, "label": "retry 16", "at": "2026-09-28T01:17:53Z", "seconds": 0.119, "argv": ["/home/runner/work/_temp/work/rt/cain-venv/bin/cain", "research", "retry", "--domain", "crypto", "--state", "/home/runner/work/_temp/work/soak/cain-state", "--spool", "/home/runner/work/_temp/work/soak/spool", "--task-id", "crypto:TASK-15d9723c7d6dd424375798ad8639ed70"], "fault_env": {}, "exit": 0}
--- stdout
{"action": "retry_requested", "attempt": 1, "file": "crypto/retries/TASK-15d9723c7d6dd424375798ad8639ed70.1.json", "task_id": "crypto:TASK-15d9723c7d6dd424375798ad8639ed70"}
--- stderr
--- end
{"n": 110, "label": "consumer 16", "at": "2026-09-28T01:17:53Z", "seconds": 0.437, "argv": ["/home/runner/work/_temp/work/rt/consumer-venv/bin/predictor-research-consumer", "--domain", "crypto", "--spool", "/home/runner/work/_temp/work/soak/spool", "--ledger", "/home/runner/work/_temp/work/soak/consumer/ledger.sqlite", "--state", "/home/runner/work/_temp/work/soak/domain-state", "--policy", "/home/runner/work/_temp/work/rt/op/policy.json", "--objects", "/home/runner/work/_temp/work/rt/op/objects"], "fault_env": {}, "exit": 0}
--- stdout
{"action": "skipped", "episode_id": "crypto:episode-1", "state": "TERMINAL_RESULT", "status": "RESULT", "task_id": "crypto:TASK-5a61224f3e2255c51110cfae4b996804"}
{"action": "skipped", "episode_id": "crypto:episode-3", "state": "TERMINAL_RESULT", "status": "DUPLICATE", "task_id": "crypto:TASK-ec6e000af508cc684f074d56cf1d65d4"}
{"action": "skipped", "episode_id": "crypto:episode-4", "state": "TERMINAL_RESULT", "status": "RESULT", "task_id": "crypto:TASK-c0756a400f58e2eb20df8cd25130c567"}
{"action": "skipped", "episode_id": "crypto:episode-6", "state": "TERMINAL_RESULT", "status": "RESULT", "task_id": "crypto:TASK-d367c7f0a69accff2e52948d85e2cfc9"}
{"action": "skipped", "episode_id": "crypto:episode-7", "state": "TERMINAL_RESULT", "status": "RESULT", "task_id": "crypto:TASK-44ab5a05adcbec305debd521451ac735"}
{"action": "skipped", "episode_id": "crypto:episode-9", "state": "TERMINAL_RESULT", "status": "DUPLICATE", "task_id": "crypto:TASK-14e7ea21534e45e23a4277dac60a4f2a"}
{"action": "skipped", "episode_id": "crypto:episode-10", "state": "TERMINAL_RESULT", "status": "RESULT", "task_id": "crypto:TASK-fa5b145dd0e59b9b1f3c53919c0aad7f"}
{"action": "skipped", "episode_id": "crypto:episode-11", "state": "TERMINAL_RESULT", "status": "RESULT", "task_id": "crypto:TASK-012f5d55aa3000fa92bce4a8de811193"}
{"action": "skipped", "episode_id": "crypto:episode-12", "state": "TERMINAL_RESULT", "status": "RESULT", "task_id": "crypto:TASK-8075320c169e3679d3da0cbf875ce83d"}
{"action": "skipped", "episode_id": "crypto:episode-14", "state": "TERMINAL_RESULT", "status": "DUPLICATE", "task_id": "crypto:TASK-e1b9c54ae66cb5429906c7192474f592"}
{"action": "skipped", "episode_id": "crypto:episode-15", "state": "TERMINAL_RESULT", "status": "RESULT", "task_id": "crypto:TASK-14a347da62048ed8c735e34ddf54bc5b"}
{"action": "skipped", "episode_id": "crypto:episode-16", "state": "TERMINAL_RESULT", "status": "RESULT", "task_id": "crypto:TASK-6e2d003552c4cdc6a185532267c5931f"}
{"action": "skipped", "episode_id": "crypto:episode-17", "state": "TERMINAL_RESULT", "status": "RESULT", "task_id": "crypto:TASK-a7ff76614894d1b4f94f3f4b8a493849"}
{"action": "skipped", "episode_id": "crypto:episode-19", "state": "TERMINAL_RESULT", "status": "DUPLICATE", "task_id": "crypto:TASK-c867e60770f59699273a55415d4bd298"}
{"action": "skipped", "episode_id": "crypto:episode-20", "state": "TERMINAL_RESULT", "status": "RESULT", "task_id": "crypto:TASK-4a37fd926277a3ef0cae079b96c2ce99"}
{"action": "delivered", "attempt": 2, "class": "TERMINAL_RESULT", "episode_id": "crypto:episode-21", "result_file": "crypto/results/TASK-15d9723c7d6dd424375798ad8639ed70.0885aedf34533044.json", "result_write": "WRITTEN", "status": "RESULT", "task_id": "crypto:TASK-15d9723c7d6dd424375798ad8639ed70"}
--- stderr
{"duration_ms": 207, "event": "job_finished", "job_id": "crypto-research-f30b16928dde55b06afeb74e", "level": "INFO", "run_id": "6818024aea994aa6b750558519d0b6d7", "run_status": "SUCCEEDED", "service": "predictor_ops", "timestamp": "2026-09-28T01:17:53.624952Z"}
--- end
{"n": 111, "label": "ingest 16", "at": "2026-09-28T01:17:53Z", "seconds": 0.132, "argv": ["/home/runner/work/_temp/work/rt/cain-venv/bin/cain", "research", "ingest", "--domain", "crypto", "--state", "/home/runner/work/_temp/work/soak/cain-state", "--spool", "/home/runner/work/_temp/work/soak/spool"], "fault_env": {}, "exit": 0}
--- stdout
{"action": "duplicate", "file": "TASK-012f5d55aa3000fa92bce4a8de811193.bfb0e2c1820178f9.json"}
{"action": "duplicate", "file": "TASK-14a347da62048ed8c735e34ddf54bc5b.893e4a4c1dacf3ee.json"}
{"action": "duplicate", "file": "TASK-14e7ea21534e45e23a4277dac60a4f2a.2003b8d19579143d.json"}
{"action": "ingested", "class": "TERMINAL_RESULT", "fact": "fact:9db3d6ee821d47f29992beddbb319899", "file": "TASK-15d9723c7d6dd424375798ad8639ed70.0885aedf34533044.json", "status": "RESULT", "task_id": "crypto:TASK-15d9723c7d6dd424375798ad8639ed70"}
{"action": "duplicate", "file": "TASK-15d9723c7d6dd424375798ad8639ed70.80e79386eca289ee.json"}
{"action": "duplicate", "file": "TASK-44ab5a05adcbec305debd521451ac735.cdb63970b623672c.json"}
{"action": "duplicate", "file": "TASK-4a37fd926277a3ef0cae079b96c2ce99.f0f630cd9827a404.json"}
{"action": "duplicate", "file": "TASK-5a61224f3e2255c51110cfae4b996804.8baf8922f7c06a95.json"}
{"action": "duplicate", "file": "TASK-6e2d003552c4cdc6a185532267c5931f.d80450b09bde8ddf.json"}
{"action": "duplicate", "file": "TASK-8075320c169e3679d3da0cbf875ce83d.6142fcc837de166a.json"}
{"action": "duplicate", "file": "TASK-a7ff76614894d1b4f94f3f4b8a493849.6fb7b0e6aefed5f3.json"}
{"action": "duplicate", "file": "TASK-c0756a400f58e2eb20df8cd25130c567.8bee819b70a21b33.json"}
{"action": "duplicate", "file": "TASK-c867e60770f59699273a55415d4bd298.3a85a389b3512f3a.json"}
{"action": "duplicate", "file": "TASK-d367c7f0a69accff2e52948d85e2cfc9.78b45ebaca48ec9a.json"}
{"action": "duplicate", "file": "TASK-d367c7f0a69accff2e52948d85e2cfc9.b5f1597ae1984f40.json"}
{"action": "duplicate", "file": "TASK-e1b9c54ae66cb5429906c7192474f592.a907442ba355f5f4.json"}
{"action": "duplicate", "file": "TASK-ec6e000af508cc684f074d56cf1d65d4.643fafb3bdba5a61.json"}
{"action": "duplicate", "file": "TASK-fa5b145dd0e59b9b1f3c53919c0aad7f.22c4079447951de4.json"}
{"action": "skipped", "code": "DOMAIN_MISMATCH", "file": "interleaved-003-stocks.json", "state": "REJECTED"}
{"action": "skipped", "code": "DOMAIN_MISMATCH", "file": "interleaved-007-brasileirao.json", "state": "REJECTED"}
{"action": "skipped", "code": "DOMAIN_MISMATCH", "file": "interleaved-011-stocks.json", "state": "REJECTED"}
{"action": "skipped", "code": "DOMAIN_MISMATCH", "file": "interleaved-015-brasileirao.json", "state": "REJECTED"}
{"action": "duplicate", "file": "redelivered-001-TASK-5a61224f3e2255c51110cfae4b996804.8baf8922f7c06a95.json"}
{"action": "duplicate", "file": "redelivered-005-TASK-44ab5a05adcbec305debd521451ac735.cdb63970b623672c.json"}
{"action": "duplicate", "file": "redelivered-009-TASK-8075320c169e3679d3da0cbf875ce83d.6142fcc837de166a.json"}
{"action": "duplicate", "file": "redelivered-013-TASK-a7ff76614894d1b4f94f3f4b8a493849.6fb7b0e6aefed5f3.json"}
--- stderr
--- end
{"n": 112, "label": "propose 17", "at": "2026-09-28T01:17:53Z", "seconds": 0.121, "argv": ["/home/runner/work/_temp/work/rt/cain-venv/bin/cain", "research", "propose", "--domain", "crypto", "--state", "/home/runner/work/_temp/work/soak/cain-state", "--proposal", "/home/runner/work/_temp/work/soak/proposals/017.json", "--as-of", "2026-09-28T01:17:53Z"], "fault_env": {}, "exit": 0}
--- stdout
{"decision": "ALLOW", "episode_id": "crypto:episode-22", "reason_code": "ALLOWED", "receipt_sha256": "40ef591a8c9841a96d5bf849a0f7b3d79c95c6c11f2cc3340ce97d0d347e03be", "rule": "R14", "status": "RECORDED", "task": {"payload_sha256": "7c23939c10102c5bb5258528be6447a97838452da862671fdd97f4d2b0acdd71", "previous_task_id": "crypto:TASK-15d9723c7d6dd424375798ad8639ed70", "task_id": "crypto:TASK-6a7e5eb91676be82445c3c99937349f4"}}
--- stderr
--- end
{"n": 113, "label": "dispatch 17", "at": "2026-09-28T01:17:54Z", "seconds": 0.12, "argv": ["/home/runner/work/_temp/work/rt/cain-venv/bin/cain", "research", "dispatch", "--domain", "crypto", "--state", "/home/runner/work/_temp/work/soak/cain-state", "--spool", "/home/runner/work/_temp/work/soak/spool"], "fault_env": {}, "exit": 0}
--- stdout
{"action": "dispatched", "file": "crypto/tasks/TASK-6a7e5eb91676be82445c3c99937349f4.json", "spool": "WRITTEN", "task_id": "crypto:TASK-6a7e5eb91676be82445c3c99937349f4"}
--- stderr
--- end
{"n": 114, "label": "consumer 17", "at": "2026-09-28T01:17:54Z", "seconds": 0.445, "argv": ["/home/runner/work/_temp/work/rt/consumer-venv/bin/predictor-research-consumer", "--domain", "crypto", "--spool", "/home/runner/work/_temp/work/soak/spool", "--ledger", "/home/runner/work/_temp/work/soak/consumer/ledger.sqlite", "--state", "/home/runner/work/_temp/work/soak/domain-state", "--policy", "/home/runner/work/_temp/work/rt/op/policy.json", "--objects", "/home/runner/work/_temp/work/rt/op/objects"], "fault_env": {}, "exit": 0}
--- stdout
{"action": "skipped", "episode_id": "crypto:episode-1", "state": "TERMINAL_RESULT", "status": "RESULT", "task_id": "crypto:TASK-5a61224f3e2255c51110cfae4b996804"}
{"action": "skipped", "episode_id": "crypto:episode-3", "state": "TERMINAL_RESULT", "status": "DUPLICATE", "task_id": "crypto:TASK-ec6e000af508cc684f074d56cf1d65d4"}
{"action": "skipped", "episode_id": "crypto:episode-4", "state": "TERMINAL_RESULT", "status": "RESULT", "task_id": "crypto:TASK-c0756a400f58e2eb20df8cd25130c567"}
{"action": "skipped", "episode_id": "crypto:episode-6", "state": "TERMINAL_RESULT", "status": "RESULT", "task_id": "crypto:TASK-d367c7f0a69accff2e52948d85e2cfc9"}
{"action": "skipped", "episode_id": "crypto:episode-7", "state": "TERMINAL_RESULT", "status": "RESULT", "task_id": "crypto:TASK-44ab5a05adcbec305debd521451ac735"}
{"action": "skipped", "episode_id": "crypto:episode-9", "state": "TERMINAL_RESULT", "status": "DUPLICATE", "task_id": "crypto:TASK-14e7ea21534e45e23a4277dac60a4f2a"}
{"action": "skipped", "episode_id": "crypto:episode-10", "state": "TERMINAL_RESULT", "status": "RESULT", "task_id": "crypto:TASK-fa5b145dd0e59b9b1f3c53919c0aad7f"}
{"action": "skipped", "episode_id": "crypto:episode-11", "state": "TERMINAL_RESULT", "status": "RESULT", "task_id": "crypto:TASK-012f5d55aa3000fa92bce4a8de811193"}
{"action": "skipped", "episode_id": "crypto:episode-12", "state": "TERMINAL_RESULT", "status": "RESULT", "task_id": "crypto:TASK-8075320c169e3679d3da0cbf875ce83d"}
{"action": "skipped", "episode_id": "crypto:episode-14", "state": "TERMINAL_RESULT", "status": "DUPLICATE", "task_id": "crypto:TASK-e1b9c54ae66cb5429906c7192474f592"}
{"action": "skipped", "episode_id": "crypto:episode-15", "state": "TERMINAL_RESULT", "status": "RESULT", "task_id": "crypto:TASK-14a347da62048ed8c735e34ddf54bc5b"}
{"action": "skipped", "episode_id": "crypto:episode-16", "state": "TERMINAL_RESULT", "status": "RESULT", "task_id": "crypto:TASK-6e2d003552c4cdc6a185532267c5931f"}
{"action": "skipped", "episode_id": "crypto:episode-17", "state": "TERMINAL_RESULT", "status": "RESULT", "task_id": "crypto:TASK-a7ff76614894d1b4f94f3f4b8a493849"}
{"action": "skipped", "episode_id": "crypto:episode-19", "state": "TERMINAL_RESULT", "status": "DUPLICATE", "task_id": "crypto:TASK-c867e60770f59699273a55415d4bd298"}
{"action": "skipped", "episode_id": "crypto:episode-20", "state": "TERMINAL_RESULT", "status": "RESULT", "task_id": "crypto:TASK-4a37fd926277a3ef0cae079b96c2ce99"}
{"action": "skipped", "episode_id": "crypto:episode-21", "state": "TERMINAL_RESULT", "status": "RESULT", "task_id": "crypto:TASK-15d9723c7d6dd424375798ad8639ed70"}
{"action": "delivered", "attempt": 1, "class": "TERMINAL_RESULT", "episode_id": "crypto:episode-22", "result_file": "crypto/results/TASK-6a7e5eb91676be82445c3c99937349f4.ea4880f1c89dc8ff.json", "result_write": "WRITTEN", "status": "RESULT", "task_id": "crypto:TASK-6a7e5eb91676be82445c3c99937349f4"}
--- stderr
{"duration_ms": 207, "event": "job_finished", "job_id": "crypto-research-2fdd2246cf03e217f7b9c9b4", "level": "INFO", "run_id": "60dc2c4a7efe488db12f91b1b144ee9e", "run_status": "SUCCEEDED", "service": "predictor_ops", "timestamp": "2026-09-28T01:17:54.443484Z"}
--- end
{"n": 115, "label": "ingest 17", "at": "2026-09-28T01:17:54Z", "seconds": 0.13, "argv": ["/home/runner/work/_temp/work/rt/cain-venv/bin/cain", "research", "ingest", "--domain", "crypto", "--state", "/home/runner/work/_temp/work/soak/cain-state", "--spool", "/home/runner/work/_temp/work/soak/spool"], "fault_env": {}, "exit": 0}
--- stdout
{"action": "duplicate", "file": "TASK-012f5d55aa3000fa92bce4a8de811193.bfb0e2c1820178f9.json"}
{"action": "duplicate", "file": "TASK-14a347da62048ed8c735e34ddf54bc5b.893e4a4c1dacf3ee.json"}
{"action": "duplicate", "file": "TASK-14e7ea21534e45e23a4277dac60a4f2a.2003b8d19579143d.json"}
{"action": "duplicate", "file": "TASK-15d9723c7d6dd424375798ad8639ed70.0885aedf34533044.json"}
{"action": "duplicate", "file": "TASK-15d9723c7d6dd424375798ad8639ed70.80e79386eca289ee.json"}
{"action": "duplicate", "file": "TASK-44ab5a05adcbec305debd521451ac735.cdb63970b623672c.json"}
{"action": "duplicate", "file": "TASK-4a37fd926277a3ef0cae079b96c2ce99.f0f630cd9827a404.json"}
{"action": "duplicate", "file": "TASK-5a61224f3e2255c51110cfae4b996804.8baf8922f7c06a95.json"}
{"action": "ingested", "class": "TERMINAL_RESULT", "fact": "fact:e9b1e7939f6c42a48a6b0672f696d8ad", "file": "TASK-6a7e5eb91676be82445c3c99937349f4.ea4880f1c89dc8ff.json", "status": "RESULT", "task_id": "crypto:TASK-6a7e5eb91676be82445c3c99937349f4"}
{"action": "duplicate", "file": "TASK-6e2d003552c4cdc6a185532267c5931f.d80450b09bde8ddf.json"}
{"action": "duplicate", "file": "TASK-8075320c169e3679d3da0cbf875ce83d.6142fcc837de166a.json"}
{"action": "duplicate", "file": "TASK-a7ff76614894d1b4f94f3f4b8a493849.6fb7b0e6aefed5f3.json"}
{"action": "duplicate", "file": "TASK-c0756a400f58e2eb20df8cd25130c567.8bee819b70a21b33.json"}
{"action": "duplicate", "file": "TASK-c867e60770f59699273a55415d4bd298.3a85a389b3512f3a.json"}
{"action": "duplicate", "file": "TASK-d367c7f0a69accff2e52948d85e2cfc9.78b45ebaca48ec9a.json"}
{"action": "duplicate", "file": "TASK-d367c7f0a69accff2e52948d85e2cfc9.b5f1597ae1984f40.json"}
{"action": "duplicate", "file": "TASK-e1b9c54ae66cb5429906c7192474f592.a907442ba355f5f4.json"}
{"action": "duplicate", "file": "TASK-ec6e000af508cc684f074d56cf1d65d4.643fafb3bdba5a61.json"}
{"action": "duplicate", "file": "TASK-fa5b145dd0e59b9b1f3c53919c0aad7f.22c4079447951de4.json"}
{"action": "skipped", "code": "DOMAIN_MISMATCH", "file": "interleaved-003-stocks.json", "state": "REJECTED"}
{"action": "skipped", "code": "DOMAIN_MISMATCH", "file": "interleaved-007-brasileirao.json", "state": "REJECTED"}
{"action": "skipped", "code": "DOMAIN_MISMATCH", "file": "interleaved-011-stocks.json", "state": "REJECTED"}
{"action": "skipped", "code": "DOMAIN_MISMATCH", "file": "interleaved-015-brasileirao.json", "state": "REJECTED"}
{"action": "duplicate", "file": "redelivered-001-TASK-5a61224f3e2255c51110cfae4b996804.8baf8922f7c06a95.json"}
{"action": "duplicate", "file": "redelivered-005-TASK-44ab5a05adcbec305debd521451ac735.cdb63970b623672c.json"}
{"action": "duplicate", "file": "redelivered-009-TASK-8075320c169e3679d3da0cbf875ce83d.6142fcc837de166a.json"}
{"action": "duplicate", "file": "redelivered-013-TASK-a7ff76614894d1b4f94f3f4b8a493849.6fb7b0e6aefed5f3.json"}
--- stderr
--- end
{"n": 116, "label": "resend 17", "at": "2026-09-28T01:17:54Z", "seconds": 0.143, "argv": ["/home/runner/work/_temp/work/rt/cain-venv/bin/cain", "research", "dispatch", "--domain", "crypto", "--state", "/home/runner/work/_temp/work/soak/cain-state", "--spool", "/home/runner/work/_temp/work/soak/spool", "--resend"], "fault_env": {}, "exit": 0}
--- stdout
{"action": "dispatched", "file": "crypto/tasks/TASK-5a61224f3e2255c51110cfae4b996804.json", "spool": "EXISTS", "task_id": "crypto:TASK-5a61224f3e2255c51110cfae4b996804"}
{"action": "dispatched", "file": "crypto/tasks/TASK-ec6e000af508cc684f074d56cf1d65d4.json", "spool": "EXISTS", "task_id": "crypto:TASK-ec6e000af508cc684f074d56cf1d65d4"}
{"action": "dispatched", "file": "crypto/tasks/TASK-c0756a400f58e2eb20df8cd25130c567.json", "spool": "EXISTS", "task_id": "crypto:TASK-c0756a400f58e2eb20df8cd25130c567"}
{"action": "dispatched", "file": "crypto/tasks/TASK-d367c7f0a69accff2e52948d85e2cfc9.json", "spool": "EXISTS", "task_id": "crypto:TASK-d367c7f0a69accff2e52948d85e2cfc9"}
{"action": "dispatched", "file": "crypto/tasks/TASK-44ab5a05adcbec305debd521451ac735.json", "spool": "EXISTS", "task_id": "crypto:TASK-44ab5a05adcbec305debd521451ac735"}
{"action": "dispatched", "file": "crypto/tasks/TASK-14e7ea21534e45e23a4277dac60a4f2a.json", "spool": "EXISTS", "task_id": "crypto:TASK-14e7ea21534e45e23a4277dac60a4f2a"}
{"action": "dispatched", "file": "crypto/tasks/TASK-fa5b145dd0e59b9b1f3c53919c0aad7f.json", "spool": "EXISTS", "task_id": "crypto:TASK-fa5b145dd0e59b9b1f3c53919c0aad7f"}
{"action": "dispatched", "file": "crypto/tasks/TASK-012f5d55aa3000fa92bce4a8de811193.json", "spool": "EXISTS", "task_id": "crypto:TASK-012f5d55aa3000fa92bce4a8de811193"}
{"action": "dispatched", "file": "crypto/tasks/TASK-8075320c169e3679d3da0cbf875ce83d.json", "spool": "EXISTS", "task_id": "crypto:TASK-8075320c169e3679d3da0cbf875ce83d"}
{"action": "dispatched", "file": "crypto/tasks/TASK-e1b9c54ae66cb5429906c7192474f592.json", "spool": "EXISTS", "task_id": "crypto:TASK-e1b9c54ae66cb5429906c7192474f592"}
{"action": "dispatched", "file": "crypto/tasks/TASK-14a347da62048ed8c735e34ddf54bc5b.json", "spool": "EXISTS", "task_id": "crypto:TASK-14a347da62048ed8c735e34ddf54bc5b"}
{"action": "dispatched", "file": "crypto/tasks/TASK-6e2d003552c4cdc6a185532267c5931f.json", "spool": "EXISTS", "task_id": "crypto:TASK-6e2d003552c4cdc6a185532267c5931f"}
{"action": "dispatched", "file": "crypto/tasks/TASK-a7ff76614894d1b4f94f3f4b8a493849.json", "spool": "EXISTS", "task_id": "crypto:TASK-a7ff76614894d1b4f94f3f4b8a493849"}
{"action": "dispatched", "file": "crypto/tasks/TASK-c867e60770f59699273a55415d4bd298.json", "spool": "EXISTS", "task_id": "crypto:TASK-c867e60770f59699273a55415d4bd298"}
{"action": "dispatched", "file": "crypto/tasks/TASK-4a37fd926277a3ef0cae079b96c2ce99.json", "spool": "EXISTS", "task_id": "crypto:TASK-4a37fd926277a3ef0cae079b96c2ce99"}
{"action": "dispatched", "file": "crypto/tasks/TASK-15d9723c7d6dd424375798ad8639ed70.json", "spool": "EXISTS", "task_id": "crypto:TASK-15d9723c7d6dd424375798ad8639ed70"}
{"action": "dispatched", "file": "crypto/tasks/TASK-6a7e5eb91676be82445c3c99937349f4.json", "spool": "EXISTS", "task_id": "crypto:TASK-6a7e5eb91676be82445c3c99937349f4"}
--- stderr
--- end
{"n": 117, "label": "consumer resend 17", "at": "2026-09-28T01:17:54Z", "seconds": 0.163, "argv": ["/home/runner/work/_temp/work/rt/consumer-venv/bin/predictor-research-consumer", "--domain", "crypto", "--spool", "/home/runner/work/_temp/work/soak/spool", "--ledger", "/home/runner/work/_temp/work/soak/consumer/ledger.sqlite", "--state", "/home/runner/work/_temp/work/soak/domain-state", "--policy", "/home/runner/work/_temp/work/rt/op/policy.json", "--objects", "/home/runner/work/_temp/work/rt/op/objects"], "fault_env": {}, "exit": 0}
--- stdout
{"action": "skipped", "episode_id": "crypto:episode-1", "state": "TERMINAL_RESULT", "status": "RESULT", "task_id": "crypto:TASK-5a61224f3e2255c51110cfae4b996804"}
{"action": "skipped", "episode_id": "crypto:episode-3", "state": "TERMINAL_RESULT", "status": "DUPLICATE", "task_id": "crypto:TASK-ec6e000af508cc684f074d56cf1d65d4"}
{"action": "skipped", "episode_id": "crypto:episode-4", "state": "TERMINAL_RESULT", "status": "RESULT", "task_id": "crypto:TASK-c0756a400f58e2eb20df8cd25130c567"}
{"action": "skipped", "episode_id": "crypto:episode-6", "state": "TERMINAL_RESULT", "status": "RESULT", "task_id": "crypto:TASK-d367c7f0a69accff2e52948d85e2cfc9"}
{"action": "skipped", "episode_id": "crypto:episode-7", "state": "TERMINAL_RESULT", "status": "RESULT", "task_id": "crypto:TASK-44ab5a05adcbec305debd521451ac735"}
{"action": "skipped", "episode_id": "crypto:episode-9", "state": "TERMINAL_RESULT", "status": "DUPLICATE", "task_id": "crypto:TASK-14e7ea21534e45e23a4277dac60a4f2a"}
{"action": "skipped", "episode_id": "crypto:episode-10", "state": "TERMINAL_RESULT", "status": "RESULT", "task_id": "crypto:TASK-fa5b145dd0e59b9b1f3c53919c0aad7f"}
{"action": "skipped", "episode_id": "crypto:episode-11", "state": "TERMINAL_RESULT", "status": "RESULT", "task_id": "crypto:TASK-012f5d55aa3000fa92bce4a8de811193"}
{"action": "skipped", "episode_id": "crypto:episode-12", "state": "TERMINAL_RESULT", "status": "RESULT", "task_id": "crypto:TASK-8075320c169e3679d3da0cbf875ce83d"}
{"action": "skipped", "episode_id": "crypto:episode-14", "state": "TERMINAL_RESULT", "status": "DUPLICATE", "task_id": "crypto:TASK-e1b9c54ae66cb5429906c7192474f592"}
{"action": "skipped", "episode_id": "crypto:episode-15", "state": "TERMINAL_RESULT", "status": "RESULT", "task_id": "crypto:TASK-14a347da62048ed8c735e34ddf54bc5b"}
{"action": "skipped", "episode_id": "crypto:episode-16", "state": "TERMINAL_RESULT", "status": "RESULT", "task_id": "crypto:TASK-6e2d003552c4cdc6a185532267c5931f"}
{"action": "skipped", "episode_id": "crypto:episode-17", "state": "TERMINAL_RESULT", "status": "RESULT", "task_id": "crypto:TASK-a7ff76614894d1b4f94f3f4b8a493849"}
{"action": "skipped", "episode_id": "crypto:episode-19", "state": "TERMINAL_RESULT", "status": "DUPLICATE", "task_id": "crypto:TASK-c867e60770f59699273a55415d4bd298"}
{"action": "skipped", "episode_id": "crypto:episode-20", "state": "TERMINAL_RESULT", "status": "RESULT", "task_id": "crypto:TASK-4a37fd926277a3ef0cae079b96c2ce99"}
{"action": "skipped", "episode_id": "crypto:episode-21", "state": "TERMINAL_RESULT", "status": "RESULT", "task_id": "crypto:TASK-15d9723c7d6dd424375798ad8639ed70"}
{"action": "skipped", "episode_id": "crypto:episode-22", "state": "TERMINAL_RESULT", "status": "RESULT", "task_id": "crypto:TASK-6a7e5eb91676be82445c3c99937349f4"}
--- stderr
--- end
{"n": 118, "label": "ingest redelivered 17", "at": "2026-09-28T01:17:55Z", "seconds": 0.122, "argv": ["/home/runner/work/_temp/work/rt/cain-venv/bin/cain", "research", "ingest", "--domain", "crypto", "--state", "/home/runner/work/_temp/work/soak/cain-state", "--spool", "/home/runner/work/_temp/work/soak/spool"], "fault_env": {}, "exit": 0}
--- stdout
{"action": "duplicate", "file": "TASK-012f5d55aa3000fa92bce4a8de811193.bfb0e2c1820178f9.json"}
{"action": "duplicate", "file": "TASK-14a347da62048ed8c735e34ddf54bc5b.893e4a4c1dacf3ee.json"}
{"action": "duplicate", "file": "TASK-14e7ea21534e45e23a4277dac60a4f2a.2003b8d19579143d.json"}
{"action": "duplicate", "file": "TASK-15d9723c7d6dd424375798ad8639ed70.0885aedf34533044.json"}
{"action": "duplicate", "file": "TASK-15d9723c7d6dd424375798ad8639ed70.80e79386eca289ee.json"}
{"action": "duplicate", "file": "TASK-44ab5a05adcbec305debd521451ac735.cdb63970b623672c.json"}
{"action": "duplicate", "file": "TASK-4a37fd926277a3ef0cae079b96c2ce99.f0f630cd9827a404.json"}
{"action": "duplicate", "file": "TASK-5a61224f3e2255c51110cfae4b996804.8baf8922f7c06a95.json"}
{"action": "duplicate", "file": "TASK-6a7e5eb91676be82445c3c99937349f4.ea4880f1c89dc8ff.json"}
{"action": "duplicate", "file": "TASK-6e2d003552c4cdc6a185532267c5931f.d80450b09bde8ddf.json"}
{"action": "duplicate", "file": "TASK-8075320c169e3679d3da0cbf875ce83d.6142fcc837de166a.json"}
{"action": "duplicate", "file": "TASK-a7ff76614894d1b4f94f3f4b8a493849.6fb7b0e6aefed5f3.json"}
{"action": "duplicate", "file": "TASK-c0756a400f58e2eb20df8cd25130c567.8bee819b70a21b33.json"}
{"action": "duplicate", "file": "TASK-c867e60770f59699273a55415d4bd298.3a85a389b3512f3a.json"}
{"action": "duplicate", "file": "TASK-d367c7f0a69accff2e52948d85e2cfc9.78b45ebaca48ec9a.json"}
{"action": "duplicate", "file": "TASK-d367c7f0a69accff2e52948d85e2cfc9.b5f1597ae1984f40.json"}
{"action": "duplicate", "file": "TASK-e1b9c54ae66cb5429906c7192474f592.a907442ba355f5f4.json"}
{"action": "duplicate", "file": "TASK-ec6e000af508cc684f074d56cf1d65d4.643fafb3bdba5a61.json"}
{"action": "duplicate", "file": "TASK-fa5b145dd0e59b9b1f3c53919c0aad7f.22c4079447951de4.json"}
{"action": "skipped", "code": "DOMAIN_MISMATCH", "file": "interleaved-003-stocks.json", "state": "REJECTED"}
{"action": "skipped", "code": "DOMAIN_MISMATCH", "file": "interleaved-007-brasileirao.json", "state": "REJECTED"}
{"action": "skipped", "code": "DOMAIN_MISMATCH", "file": "interleaved-011-stocks.json", "state": "REJECTED"}
{"action": "skipped", "code": "DOMAIN_MISMATCH", "file": "interleaved-015-brasileirao.json", "state": "REJECTED"}
{"action": "duplicate", "file": "redelivered-001-TASK-5a61224f3e2255c51110cfae4b996804.8baf8922f7c06a95.json"}
{"action": "duplicate", "file": "redelivered-005-TASK-44ab5a05adcbec305debd521451ac735.cdb63970b623672c.json"}
{"action": "duplicate", "file": "redelivered-009-TASK-8075320c169e3679d3da0cbf875ce83d.6142fcc837de166a.json"}
{"action": "duplicate", "file": "redelivered-013-TASK-a7ff76614894d1b4f94f3f4b8a493849.6fb7b0e6aefed5f3.json"}
{"action": "duplicate", "file": "redelivered-017-TASK-6a7e5eb91676be82445c3c99937349f4.ea4880f1c89dc8ff.json"}
--- stderr
--- end
{"n": 119, "label": "propose duplicate 17", "at": "2026-09-28T01:17:55Z", "seconds": 0.127, "argv": ["/home/runner/work/_temp/work/rt/cain-venv/bin/cain", "research", "propose", "--domain", "crypto", "--state", "/home/runner/work/_temp/work/soak/cain-state", "--proposal", "/home/runner/work/_temp/work/soak/proposals/017-again.json", "--as-of", "2026-09-28T01:17:55Z"], "fault_env": {}, "exit": 0}
--- stdout
{"decision": "DUPLICATE", "episode_id": "crypto:episode-23", "reason_code": "DUPLICATE_REQUEST", "receipt_sha256": "42efb701ff6e9aeb170e3d22167fddb64d3dc820bea55172fcc0459d8d1970d7", "rule": "R08", "status": "RECORDED", "task": null}
--- stderr
--- end
{"n": 120, "label": "propose 18", "at": "2026-09-28T01:17:55Z", "seconds": 0.124, "argv": ["/home/runner/work/_temp/work/rt/cain-venv/bin/cain", "research", "propose", "--domain", "crypto", "--state", "/home/runner/work/_temp/work/soak/cain-state", "--proposal", "/home/runner/work/_temp/work/soak/proposals/018.json", "--as-of", "2026-09-28T01:17:55Z"], "fault_env": {}, "exit": 0}
--- stdout
{"decision": "ALLOW", "episode_id": "crypto:episode-24", "reason_code": "ALLOWED", "receipt_sha256": "cc80603bb779ae59683bba7ed1ee779af858f387ee765285132a51e204557625", "rule": "R14", "status": "RECORDED", "task": {"payload_sha256": "b02b722f896f4186ca60708ffc28fd37cd4102fd66a4a1a75c23758bb77cd320", "previous_task_id": "crypto:TASK-6a7e5eb91676be82445c3c99937349f4", "task_id": "crypto:TASK-717252ae1f67e55d82a5319735ab9c0a"}}
--- stderr
--- end
{"n": 121, "label": "dispatch 18", "at": "2026-09-28T01:17:55Z", "seconds": 0.119, "argv": ["/home/runner/work/_temp/work/rt/cain-venv/bin/cain", "research", "dispatch", "--domain", "crypto", "--state", "/home/runner/work/_temp/work/soak/cain-state", "--spool", "/home/runner/work/_temp/work/soak/spool"], "fault_env": {}, "exit": 0}
--- stdout
{"action": "dispatched", "file": "crypto/tasks/TASK-717252ae1f67e55d82a5319735ab9c0a.json", "spool": "WRITTEN", "task_id": "crypto:TASK-717252ae1f67e55d82a5319735ab9c0a"}
--- stderr
--- end
{"n": 122, "label": "consumer 18 (fault)", "at": "2026-09-28T01:17:55Z", "seconds": 0.42, "argv": ["/home/runner/work/_temp/work/rt/consumer-venv/bin/predictor-research-consumer", "--domain", "crypto", "--spool", "/home/runner/work/_temp/work/soak/spool", "--ledger", "/home/runner/work/_temp/work/soak/consumer/ledger.sqlite", "--state", "/home/runner/work/_temp/work/soak/domain-state", "--policy", "/home/runner/work/_temp/work/rt/op/policy.json", "--objects", "/home/runner/work/_temp/work/rt/op/objects"], "fault_env": {"PREDICTOR_RESEARCH_TRANSPORT_FAULT": "after_domain_before_result_write"}, "exit": 86}
--- stdout
--- stderr
{"duration_ms": 207, "event": "job_finished", "job_id": "crypto-research-126846d20f9777eeedbbf677", "level": "INFO", "run_id": "03e1b5a5c6b34719bd77780a76c64013", "run_status": "SUCCEEDED", "service": "predictor_ops", "timestamp": "2026-09-28T01:17:55.817855Z"}
--- end
{"n": 123, "label": "consumer 18", "at": "2026-09-28T01:17:56Z", "seconds": 0.185, "argv": ["/home/runner/work/_temp/work/rt/consumer-venv/bin/predictor-research-consumer", "--domain", "crypto", "--spool", "/home/runner/work/_temp/work/soak/spool", "--ledger", "/home/runner/work/_temp/work/soak/consumer/ledger.sqlite", "--state", "/home/runner/work/_temp/work/soak/domain-state", "--policy", "/home/runner/work/_temp/work/rt/op/policy.json", "--objects", "/home/runner/work/_temp/work/rt/op/objects"], "fault_env": {}, "exit": 0}
--- stdout
{"action": "skipped", "episode_id": "crypto:episode-1", "state": "TERMINAL_RESULT", "status": "RESULT", "task_id": "crypto:TASK-5a61224f3e2255c51110cfae4b996804"}
{"action": "skipped", "episode_id": "crypto:episode-3", "state": "TERMINAL_RESULT", "status": "DUPLICATE", "task_id": "crypto:TASK-ec6e000af508cc684f074d56cf1d65d4"}
{"action": "skipped", "episode_id": "crypto:episode-4", "state": "TERMINAL_RESULT", "status": "RESULT", "task_id": "crypto:TASK-c0756a400f58e2eb20df8cd25130c567"}
{"action": "skipped", "episode_id": "crypto:episode-6", "state": "TERMINAL_RESULT", "status": "RESULT", "task_id": "crypto:TASK-d367c7f0a69accff2e52948d85e2cfc9"}
{"action": "skipped", "episode_id": "crypto:episode-7", "state": "TERMINAL_RESULT", "status": "RESULT", "task_id": "crypto:TASK-44ab5a05adcbec305debd521451ac735"}
{"action": "skipped", "episode_id": "crypto:episode-9", "state": "TERMINAL_RESULT", "status": "DUPLICATE", "task_id": "crypto:TASK-14e7ea21534e45e23a4277dac60a4f2a"}
{"action": "skipped", "episode_id": "crypto:episode-10", "state": "TERMINAL_RESULT", "status": "RESULT", "task_id": "crypto:TASK-fa5b145dd0e59b9b1f3c53919c0aad7f"}
{"action": "skipped", "episode_id": "crypto:episode-11", "state": "TERMINAL_RESULT", "status": "RESULT", "task_id": "crypto:TASK-012f5d55aa3000fa92bce4a8de811193"}
{"action": "skipped", "episode_id": "crypto:episode-12", "state": "TERMINAL_RESULT", "status": "RESULT", "task_id": "crypto:TASK-8075320c169e3679d3da0cbf875ce83d"}
{"action": "skipped", "episode_id": "crypto:episode-14", "state": "TERMINAL_RESULT", "status": "DUPLICATE", "task_id": "crypto:TASK-e1b9c54ae66cb5429906c7192474f592"}
{"action": "skipped", "episode_id": "crypto:episode-15", "state": "TERMINAL_RESULT", "status": "RESULT", "task_id": "crypto:TASK-14a347da62048ed8c735e34ddf54bc5b"}
{"action": "skipped", "episode_id": "crypto:episode-16", "state": "TERMINAL_RESULT", "status": "RESULT", "task_id": "crypto:TASK-6e2d003552c4cdc6a185532267c5931f"}
{"action": "skipped", "episode_id": "crypto:episode-17", "state": "TERMINAL_RESULT", "status": "RESULT", "task_id": "crypto:TASK-a7ff76614894d1b4f94f3f4b8a493849"}
{"action": "skipped", "episode_id": "crypto:episode-19", "state": "TERMINAL_RESULT", "status": "DUPLICATE", "task_id": "crypto:TASK-c867e60770f59699273a55415d4bd298"}
{"action": "skipped", "episode_id": "crypto:episode-20", "state": "TERMINAL_RESULT", "status": "RESULT", "task_id": "crypto:TASK-4a37fd926277a3ef0cae079b96c2ce99"}
{"action": "skipped", "episode_id": "crypto:episode-21", "state": "TERMINAL_RESULT", "status": "RESULT", "task_id": "crypto:TASK-15d9723c7d6dd424375798ad8639ed70"}
{"action": "skipped", "episode_id": "crypto:episode-22", "state": "TERMINAL_RESULT", "status": "RESULT", "task_id": "crypto:TASK-6a7e5eb91676be82445c3c99937349f4"}
{"action": "delivered", "attempt": 2, "class": "TERMINAL_RESULT", "episode_id": "crypto:episode-24", "result_file": "crypto/results/TASK-717252ae1f67e55d82a5319735ab9c0a.3d150adbe358f427.json", "result_write": "WRITTEN", "status": "DUPLICATE", "task_id": "crypto:TASK-717252ae1f67e55d82a5319735ab9c0a"}
--- stderr
--- end
{"n": 124, "label": "ingest 18", "at": "2026-09-28T01:17:56Z", "seconds": 0.129, "argv": ["/home/runner/work/_temp/work/rt/cain-venv/bin/cain", "research", "ingest", "--domain", "crypto", "--state", "/home/runner/work/_temp/work/soak/cain-state", "--spool", "/home/runner/work/_temp/work/soak/spool"], "fault_env": {}, "exit": 0}
--- stdout
{"action": "duplicate", "file": "TASK-012f5d55aa3000fa92bce4a8de811193.bfb0e2c1820178f9.json"}
{"action": "duplicate", "file": "TASK-14a347da62048ed8c735e34ddf54bc5b.893e4a4c1dacf3ee.json"}
{"action": "duplicate", "file": "TASK-14e7ea21534e45e23a4277dac60a4f2a.2003b8d19579143d.json"}
{"action": "duplicate", "file": "TASK-15d9723c7d6dd424375798ad8639ed70.0885aedf34533044.json"}
{"action": "duplicate", "file": "TASK-15d9723c7d6dd424375798ad8639ed70.80e79386eca289ee.json"}
{"action": "duplicate", "file": "TASK-44ab5a05adcbec305debd521451ac735.cdb63970b623672c.json"}
{"action": "duplicate", "file": "TASK-4a37fd926277a3ef0cae079b96c2ce99.f0f630cd9827a404.json"}
{"action": "duplicate", "file": "TASK-5a61224f3e2255c51110cfae4b996804.8baf8922f7c06a95.json"}
{"action": "duplicate", "file": "TASK-6a7e5eb91676be82445c3c99937349f4.ea4880f1c89dc8ff.json"}
{"action": "duplicate", "file": "TASK-6e2d003552c4cdc6a185532267c5931f.d80450b09bde8ddf.json"}
{"action": "ingested", "class": "TERMINAL_RESULT", "fact": "fact:f5c6473a25ba4c9e852b469b05a5e78a", "file": "TASK-717252ae1f67e55d82a5319735ab9c0a.3d150adbe358f427.json", "status": "DUPLICATE", "task_id": "crypto:TASK-717252ae1f67e55d82a5319735ab9c0a"}
{"action": "duplicate", "file": "TASK-8075320c169e3679d3da0cbf875ce83d.6142fcc837de166a.json"}
{"action": "duplicate", "file": "TASK-a7ff76614894d1b4f94f3f4b8a493849.6fb7b0e6aefed5f3.json"}
{"action": "duplicate", "file": "TASK-c0756a400f58e2eb20df8cd25130c567.8bee819b70a21b33.json"}
{"action": "duplicate", "file": "TASK-c867e60770f59699273a55415d4bd298.3a85a389b3512f3a.json"}
{"action": "duplicate", "file": "TASK-d367c7f0a69accff2e52948d85e2cfc9.78b45ebaca48ec9a.json"}
{"action": "duplicate", "file": "TASK-d367c7f0a69accff2e52948d85e2cfc9.b5f1597ae1984f40.json"}
{"action": "duplicate", "file": "TASK-e1b9c54ae66cb5429906c7192474f592.a907442ba355f5f4.json"}
{"action": "duplicate", "file": "TASK-ec6e000af508cc684f074d56cf1d65d4.643fafb3bdba5a61.json"}
{"action": "duplicate", "file": "TASK-fa5b145dd0e59b9b1f3c53919c0aad7f.22c4079447951de4.json"}
{"action": "skipped", "code": "DOMAIN_MISMATCH", "file": "interleaved-003-stocks.json", "state": "REJECTED"}
{"action": "skipped", "code": "DOMAIN_MISMATCH", "file": "interleaved-007-brasileirao.json", "state": "REJECTED"}
{"action": "skipped", "code": "DOMAIN_MISMATCH", "file": "interleaved-011-stocks.json", "state": "REJECTED"}
{"action": "skipped", "code": "DOMAIN_MISMATCH", "file": "interleaved-015-brasileirao.json", "state": "REJECTED"}
{"action": "duplicate", "file": "redelivered-001-TASK-5a61224f3e2255c51110cfae4b996804.8baf8922f7c06a95.json"}
{"action": "duplicate", "file": "redelivered-005-TASK-44ab5a05adcbec305debd521451ac735.cdb63970b623672c.json"}
{"action": "duplicate", "file": "redelivered-009-TASK-8075320c169e3679d3da0cbf875ce83d.6142fcc837de166a.json"}
{"action": "duplicate", "file": "redelivered-013-TASK-a7ff76614894d1b4f94f3f4b8a493849.6fb7b0e6aefed5f3.json"}
{"action": "duplicate", "file": "redelivered-017-TASK-6a7e5eb91676be82445c3c99937349f4.ea4880f1c89dc8ff.json"}
--- stderr
--- end
{"n": 125, "label": "propose 19", "at": "2026-09-28T01:17:56Z", "seconds": 0.123, "argv": ["/home/runner/work/_temp/work/rt/cain-venv/bin/cain", "research", "propose", "--domain", "crypto", "--state", "/home/runner/work/_temp/work/soak/cain-state", "--proposal", "/home/runner/work/_temp/work/soak/proposals/019.json", "--as-of", "2026-09-28T01:17:56Z"], "fault_env": {}, "exit": 0}
--- stdout
{"decision": "ALLOW", "episode_id": "crypto:episode-25", "reason_code": "ALLOWED", "receipt_sha256": "3696a3abcb72b6f82307939651d9ba0dde194afb16273ffae9d7a7192279b1c3", "rule": "R14", "status": "RECORDED", "task": {"payload_sha256": "e6aec9a5a074bc7467ccd01e0c6cc10afdf9afb0df31778e5e46992b8574c68e", "previous_task_id": "crypto:TASK-717252ae1f67e55d82a5319735ab9c0a", "task_id": "crypto:TASK-27ade8a7380b708600b008ed8602d756"}}
--- stderr
--- end
{"n": 126, "label": "dispatch 19", "at": "2026-09-28T01:17:56Z", "seconds": 0.118, "argv": ["/home/runner/work/_temp/work/rt/cain-venv/bin/cain", "research", "dispatch", "--domain", "crypto", "--state", "/home/runner/work/_temp/work/soak/cain-state", "--spool", "/home/runner/work/_temp/work/soak/spool"], "fault_env": {}, "exit": 0}
--- stdout
{"action": "dispatched", "file": "crypto/tasks/TASK-27ade8a7380b708600b008ed8602d756.json", "spool": "WRITTEN", "task_id": "crypto:TASK-27ade8a7380b708600b008ed8602d756"}
--- stderr
--- end
{"n": 127, "label": "consumer 19", "at": "2026-09-28T01:17:56Z", "seconds": 0.451, "argv": ["/home/runner/work/_temp/work/rt/consumer-venv/bin/predictor-research-consumer", "--domain", "crypto", "--spool", "/home/runner/work/_temp/work/soak/spool", "--ledger", "/home/runner/work/_temp/work/soak/consumer/ledger.sqlite", "--state", "/home/runner/work/_temp/work/soak/domain-state", "--policy", "/home/runner/work/_temp/work/rt/op/policy.json", "--objects", "/home/runner/work/_temp/work/rt/op/objects"], "fault_env": {}, "exit": 0}
--- stdout
{"action": "skipped", "episode_id": "crypto:episode-1", "state": "TERMINAL_RESULT", "status": "RESULT", "task_id": "crypto:TASK-5a61224f3e2255c51110cfae4b996804"}
{"action": "skipped", "episode_id": "crypto:episode-3", "state": "TERMINAL_RESULT", "status": "DUPLICATE", "task_id": "crypto:TASK-ec6e000af508cc684f074d56cf1d65d4"}
{"action": "skipped", "episode_id": "crypto:episode-4", "state": "TERMINAL_RESULT", "status": "RESULT", "task_id": "crypto:TASK-c0756a400f58e2eb20df8cd25130c567"}
{"action": "skipped", "episode_id": "crypto:episode-6", "state": "TERMINAL_RESULT", "status": "RESULT", "task_id": "crypto:TASK-d367c7f0a69accff2e52948d85e2cfc9"}
{"action": "skipped", "episode_id": "crypto:episode-7", "state": "TERMINAL_RESULT", "status": "RESULT", "task_id": "crypto:TASK-44ab5a05adcbec305debd521451ac735"}
{"action": "skipped", "episode_id": "crypto:episode-9", "state": "TERMINAL_RESULT", "status": "DUPLICATE", "task_id": "crypto:TASK-14e7ea21534e45e23a4277dac60a4f2a"}
{"action": "skipped", "episode_id": "crypto:episode-10", "state": "TERMINAL_RESULT", "status": "RESULT", "task_id": "crypto:TASK-fa5b145dd0e59b9b1f3c53919c0aad7f"}
{"action": "skipped", "episode_id": "crypto:episode-11", "state": "TERMINAL_RESULT", "status": "RESULT", "task_id": "crypto:TASK-012f5d55aa3000fa92bce4a8de811193"}
{"action": "skipped", "episode_id": "crypto:episode-12", "state": "TERMINAL_RESULT", "status": "RESULT", "task_id": "crypto:TASK-8075320c169e3679d3da0cbf875ce83d"}
{"action": "skipped", "episode_id": "crypto:episode-14", "state": "TERMINAL_RESULT", "status": "DUPLICATE", "task_id": "crypto:TASK-e1b9c54ae66cb5429906c7192474f592"}
{"action": "skipped", "episode_id": "crypto:episode-15", "state": "TERMINAL_RESULT", "status": "RESULT", "task_id": "crypto:TASK-14a347da62048ed8c735e34ddf54bc5b"}
{"action": "skipped", "episode_id": "crypto:episode-16", "state": "TERMINAL_RESULT", "status": "RESULT", "task_id": "crypto:TASK-6e2d003552c4cdc6a185532267c5931f"}
{"action": "skipped", "episode_id": "crypto:episode-17", "state": "TERMINAL_RESULT", "status": "RESULT", "task_id": "crypto:TASK-a7ff76614894d1b4f94f3f4b8a493849"}
{"action": "skipped", "episode_id": "crypto:episode-19", "state": "TERMINAL_RESULT", "status": "DUPLICATE", "task_id": "crypto:TASK-c867e60770f59699273a55415d4bd298"}
{"action": "skipped", "episode_id": "crypto:episode-20", "state": "TERMINAL_RESULT", "status": "RESULT", "task_id": "crypto:TASK-4a37fd926277a3ef0cae079b96c2ce99"}
{"action": "skipped", "episode_id": "crypto:episode-21", "state": "TERMINAL_RESULT", "status": "RESULT", "task_id": "crypto:TASK-15d9723c7d6dd424375798ad8639ed70"}
{"action": "skipped", "episode_id": "crypto:episode-22", "state": "TERMINAL_RESULT", "status": "RESULT", "task_id": "crypto:TASK-6a7e5eb91676be82445c3c99937349f4"}
{"action": "skipped", "episode_id": "crypto:episode-24", "state": "TERMINAL_RESULT", "status": "DUPLICATE", "task_id": "crypto:TASK-717252ae1f67e55d82a5319735ab9c0a"}
{"action": "delivered", "attempt": 1, "class": "TERMINAL_RESULT", "episode_id": "crypto:episode-25", "result_file": "crypto/results/TASK-27ade8a7380b708600b008ed8602d756.531407d081f1accb.json", "result_write": "WRITTEN", "status": "RESULT", "task_id": "crypto:TASK-27ade8a7380b708600b008ed8602d756"}
--- stderr
{"duration_ms": 207, "event": "job_finished", "job_id": "crypto-research-b61bd1177df266aee88a3c3f", "level": "INFO", "run_id": "86eee057ff1c4c09a58fcfda575e022b", "run_status": "SUCCEEDED", "service": "predictor_ops", "timestamp": "2026-09-28T01:17:56.800442Z"}
--- end
{"n": 128, "label": "ingest 19", "at": "2026-09-28T01:17:56Z", "seconds": 0.131, "argv": ["/home/runner/work/_temp/work/rt/cain-venv/bin/cain", "research", "ingest", "--domain", "crypto", "--state", "/home/runner/work/_temp/work/soak/cain-state", "--spool", "/home/runner/work/_temp/work/soak/spool"], "fault_env": {}, "exit": 0}
--- stdout
{"action": "duplicate", "file": "TASK-012f5d55aa3000fa92bce4a8de811193.bfb0e2c1820178f9.json"}
{"action": "duplicate", "file": "TASK-14a347da62048ed8c735e34ddf54bc5b.893e4a4c1dacf3ee.json"}
{"action": "duplicate", "file": "TASK-14e7ea21534e45e23a4277dac60a4f2a.2003b8d19579143d.json"}
{"action": "duplicate", "file": "TASK-15d9723c7d6dd424375798ad8639ed70.0885aedf34533044.json"}
{"action": "duplicate", "file": "TASK-15d9723c7d6dd424375798ad8639ed70.80e79386eca289ee.json"}
{"action": "ingested", "class": "TERMINAL_RESULT", "fact": "fact:d6610c215aab4d8f89f43e974336cdf9", "file": "TASK-27ade8a7380b708600b008ed8602d756.531407d081f1accb.json", "status": "RESULT", "task_id": "crypto:TASK-27ade8a7380b708600b008ed8602d756"}
{"action": "duplicate", "file": "TASK-44ab5a05adcbec305debd521451ac735.cdb63970b623672c.json"}
{"action": "duplicate", "file": "TASK-4a37fd926277a3ef0cae079b96c2ce99.f0f630cd9827a404.json"}
{"action": "duplicate", "file": "TASK-5a61224f3e2255c51110cfae4b996804.8baf8922f7c06a95.json"}
{"action": "duplicate", "file": "TASK-6a7e5eb91676be82445c3c99937349f4.ea4880f1c89dc8ff.json"}
{"action": "duplicate", "file": "TASK-6e2d003552c4cdc6a185532267c5931f.d80450b09bde8ddf.json"}
{"action": "duplicate", "file": "TASK-717252ae1f67e55d82a5319735ab9c0a.3d150adbe358f427.json"}
{"action": "duplicate", "file": "TASK-8075320c169e3679d3da0cbf875ce83d.6142fcc837de166a.json"}
{"action": "duplicate", "file": "TASK-a7ff76614894d1b4f94f3f4b8a493849.6fb7b0e6aefed5f3.json"}
{"action": "duplicate", "file": "TASK-c0756a400f58e2eb20df8cd25130c567.8bee819b70a21b33.json"}
{"action": "duplicate", "file": "TASK-c867e60770f59699273a55415d4bd298.3a85a389b3512f3a.json"}
{"action": "duplicate", "file": "TASK-d367c7f0a69accff2e52948d85e2cfc9.78b45ebaca48ec9a.json"}
{"action": "duplicate", "file": "TASK-d367c7f0a69accff2e52948d85e2cfc9.b5f1597ae1984f40.json"}
{"action": "duplicate", "file": "TASK-e1b9c54ae66cb5429906c7192474f592.a907442ba355f5f4.json"}
{"action": "duplicate", "file": "TASK-ec6e000af508cc684f074d56cf1d65d4.643fafb3bdba5a61.json"}
{"action": "duplicate", "file": "TASK-fa5b145dd0e59b9b1f3c53919c0aad7f.22c4079447951de4.json"}
{"action": "skipped", "code": "DOMAIN_MISMATCH", "file": "interleaved-003-stocks.json", "state": "REJECTED"}
{"action": "skipped", "code": "DOMAIN_MISMATCH", "file": "interleaved-007-brasileirao.json", "state": "REJECTED"}
{"action": "skipped", "code": "DOMAIN_MISMATCH", "file": "interleaved-011-stocks.json", "state": "REJECTED"}
{"action": "skipped", "code": "DOMAIN_MISMATCH", "file": "interleaved-015-brasileirao.json", "state": "REJECTED"}
{"action": "duplicate", "file": "redelivered-001-TASK-5a61224f3e2255c51110cfae4b996804.8baf8922f7c06a95.json"}
{"action": "duplicate", "file": "redelivered-005-TASK-44ab5a05adcbec305debd521451ac735.cdb63970b623672c.json"}
{"action": "duplicate", "file": "redelivered-009-TASK-8075320c169e3679d3da0cbf875ce83d.6142fcc837de166a.json"}
{"action": "duplicate", "file": "redelivered-013-TASK-a7ff76614894d1b4f94f3f4b8a493849.6fb7b0e6aefed5f3.json"}
{"action": "duplicate", "file": "redelivered-017-TASK-6a7e5eb91676be82445c3c99937349f4.ea4880f1c89dc8ff.json"}
--- stderr
--- end
{"n": 129, "label": "ingest interleaved stocks 19", "at": "2026-09-28T01:17:57Z", "seconds": 0.125, "argv": ["/home/runner/work/_temp/work/rt/cain-venv/bin/cain", "research", "ingest", "--domain", "crypto", "--state", "/home/runner/work/_temp/work/soak/cain-state", "--spool", "/home/runner/work/_temp/work/soak/spool"], "fault_env": {}, "exit": 2}
--- stdout
{"action": "duplicate", "file": "TASK-012f5d55aa3000fa92bce4a8de811193.bfb0e2c1820178f9.json"}
{"action": "duplicate", "file": "TASK-14a347da62048ed8c735e34ddf54bc5b.893e4a4c1dacf3ee.json"}
{"action": "duplicate", "file": "TASK-14e7ea21534e45e23a4277dac60a4f2a.2003b8d19579143d.json"}
{"action": "duplicate", "file": "TASK-15d9723c7d6dd424375798ad8639ed70.0885aedf34533044.json"}
{"action": "duplicate", "file": "TASK-15d9723c7d6dd424375798ad8639ed70.80e79386eca289ee.json"}
{"action": "duplicate", "file": "TASK-27ade8a7380b708600b008ed8602d756.531407d081f1accb.json"}
{"action": "duplicate", "file": "TASK-44ab5a05adcbec305debd521451ac735.cdb63970b623672c.json"}
{"action": "duplicate", "file": "TASK-4a37fd926277a3ef0cae079b96c2ce99.f0f630cd9827a404.json"}
{"action": "duplicate", "file": "TASK-5a61224f3e2255c51110cfae4b996804.8baf8922f7c06a95.json"}
{"action": "duplicate", "file": "TASK-6a7e5eb91676be82445c3c99937349f4.ea4880f1c89dc8ff.json"}
{"action": "duplicate", "file": "TASK-6e2d003552c4cdc6a185532267c5931f.d80450b09bde8ddf.json"}
{"action": "duplicate", "file": "TASK-717252ae1f67e55d82a5319735ab9c0a.3d150adbe358f427.json"}
{"action": "duplicate", "file": "TASK-8075320c169e3679d3da0cbf875ce83d.6142fcc837de166a.json"}
{"action": "duplicate", "file": "TASK-a7ff76614894d1b4f94f3f4b8a493849.6fb7b0e6aefed5f3.json"}
{"action": "duplicate", "file": "TASK-c0756a400f58e2eb20df8cd25130c567.8bee819b70a21b33.json"}
{"action": "duplicate", "file": "TASK-c867e60770f59699273a55415d4bd298.3a85a389b3512f3a.json"}
{"action": "duplicate", "file": "TASK-d367c7f0a69accff2e52948d85e2cfc9.78b45ebaca48ec9a.json"}
{"action": "duplicate", "file": "TASK-d367c7f0a69accff2e52948d85e2cfc9.b5f1597ae1984f40.json"}
{"action": "duplicate", "file": "TASK-e1b9c54ae66cb5429906c7192474f592.a907442ba355f5f4.json"}
{"action": "duplicate", "file": "TASK-ec6e000af508cc684f074d56cf1d65d4.643fafb3bdba5a61.json"}
{"action": "duplicate", "file": "TASK-fa5b145dd0e59b9b1f3c53919c0aad7f.22c4079447951de4.json"}
{"action": "skipped", "code": "DOMAIN_MISMATCH", "file": "interleaved-003-stocks.json", "state": "REJECTED"}
{"action": "skipped", "code": "DOMAIN_MISMATCH", "file": "interleaved-007-brasileirao.json", "state": "REJECTED"}
{"action": "skipped", "code": "DOMAIN_MISMATCH", "file": "interleaved-011-stocks.json", "state": "REJECTED"}
{"action": "skipped", "code": "DOMAIN_MISMATCH", "file": "interleaved-015-brasileirao.json", "state": "REJECTED"}
{"action": "rejected", "code": "DOMAIN_MISMATCH", "file": "interleaved-019-stocks.json", "reason": "result of domain stocks"}
{"action": "duplicate", "file": "redelivered-001-TASK-5a61224f3e2255c51110cfae4b996804.8baf8922f7c06a95.json"}
{"action": "duplicate", "file": "redelivered-005-TASK-44ab5a05adcbec305debd521451ac735.cdb63970b623672c.json"}
{"action": "duplicate", "file": "redelivered-009-TASK-8075320c169e3679d3da0cbf875ce83d.6142fcc837de166a.json"}
{"action": "duplicate", "file": "redelivered-013-TASK-a7ff76614894d1b4f94f3f4b8a493849.6fb7b0e6aefed5f3.json"}
{"action": "duplicate", "file": "redelivered-017-TASK-6a7e5eb91676be82445c3c99937349f4.ea4880f1c89dc8ff.json"}
--- stderr
--- end
{"n": 130, "label": "propose stocks H9 into crypto 19", "at": "2026-09-28T01:17:57Z", "seconds": 0.116, "argv": ["/home/runner/work/_temp/work/rt/cain-venv/bin/cain", "research", "propose", "--domain", "crypto", "--state", "/home/runner/work/_temp/work/soak/cain-state", "--proposal", "/home/runner/work/predictor-qualification/predictor-qualification/qualification/integration-crypto/fixtures/proposals/e2e/06-stocks-h9.json", "--as-of", "2026-09-28T01:17:57Z"], "fault_env": {}, "exit": 0}
--- stdout
{"decision": "BLOCK", "episode_id": "crypto:episode-5", "reason_code": "DOMAIN_MISMATCH", "receipt_sha256": "25e0f7ef828339bc0a20b610659334963483c3945eaddf3d544bef2a0ab8a941", "rule": "R01", "status": "EXISTING", "task": null}
--- stderr
--- end
{"n": 131, "label": "propose 20", "at": "2026-09-28T01:17:57Z", "seconds": 0.121, "argv": ["/home/runner/work/_temp/work/rt/cain-venv/bin/cain", "research", "propose", "--domain", "crypto", "--state", "/home/runner/work/_temp/work/soak/cain-state", "--proposal", "/home/runner/work/_temp/work/soak/proposals/020.json", "--as-of", "2026-09-28T01:17:57Z"], "fault_env": {}, "exit": 0}
--- stdout
{"decision": "ALLOW", "episode_id": "crypto:episode-26", "reason_code": "ALLOWED", "receipt_sha256": "07ee39d2de7727a9a28028f3e7dbbf468e4cae9375c6362fed03644ce87e6931", "rule": "R14", "status": "RECORDED", "task": {"payload_sha256": "acf78060f0a6d5b76ee3e2388b5c0b5b55d14a72abce5f483dadc54832caab05", "previous_task_id": "crypto:TASK-27ade8a7380b708600b008ed8602d756", "task_id": "crypto:TASK-ea5906e4dd8b3897bd126c12da09efbc"}}
--- stderr
--- end
{"n": 132, "label": "dispatch 20", "at": "2026-09-28T01:17:57Z", "seconds": 0.119, "argv": ["/home/runner/work/_temp/work/rt/cain-venv/bin/cain", "research", "dispatch", "--domain", "crypto", "--state", "/home/runner/work/_temp/work/soak/cain-state", "--spool", "/home/runner/work/_temp/work/soak/spool"], "fault_env": {}, "exit": 0}
--- stdout
{"action": "dispatched", "file": "crypto/tasks/TASK-ea5906e4dd8b3897bd126c12da09efbc.json", "spool": "WRITTEN", "task_id": "crypto:TASK-ea5906e4dd8b3897bd126c12da09efbc"}
--- stderr
--- end
{"n": 133, "label": "consumer 20", "at": "2026-09-28T01:17:57Z", "seconds": 0.449, "argv": ["/home/runner/work/_temp/work/rt/consumer-venv/bin/predictor-research-consumer", "--domain", "crypto", "--spool", "/home/runner/work/_temp/work/soak/spool", "--ledger", "/home/runner/work/_temp/work/soak/consumer/ledger.sqlite", "--state", "/home/runner/work/_temp/work/soak/domain-state", "--policy", "/home/runner/work/_temp/work/rt/op/policy.json", "--objects", "/home/runner/work/_temp/work/rt/op/objects"], "fault_env": {}, "exit": 0}
--- stdout
{"action": "skipped", "episode_id": "crypto:episode-1", "state": "TERMINAL_RESULT", "status": "RESULT", "task_id": "crypto:TASK-5a61224f3e2255c51110cfae4b996804"}
{"action": "skipped", "episode_id": "crypto:episode-3", "state": "TERMINAL_RESULT", "status": "DUPLICATE", "task_id": "crypto:TASK-ec6e000af508cc684f074d56cf1d65d4"}
{"action": "skipped", "episode_id": "crypto:episode-4", "state": "TERMINAL_RESULT", "status": "RESULT", "task_id": "crypto:TASK-c0756a400f58e2eb20df8cd25130c567"}
{"action": "skipped", "episode_id": "crypto:episode-6", "state": "TERMINAL_RESULT", "status": "RESULT", "task_id": "crypto:TASK-d367c7f0a69accff2e52948d85e2cfc9"}
{"action": "skipped", "episode_id": "crypto:episode-7", "state": "TERMINAL_RESULT", "status": "RESULT", "task_id": "crypto:TASK-44ab5a05adcbec305debd521451ac735"}
{"action": "skipped", "episode_id": "crypto:episode-9", "state": "TERMINAL_RESULT", "status": "DUPLICATE", "task_id": "crypto:TASK-14e7ea21534e45e23a4277dac60a4f2a"}
{"action": "skipped", "episode_id": "crypto:episode-10", "state": "TERMINAL_RESULT", "status": "RESULT", "task_id": "crypto:TASK-fa5b145dd0e59b9b1f3c53919c0aad7f"}
{"action": "skipped", "episode_id": "crypto:episode-11", "state": "TERMINAL_RESULT", "status": "RESULT", "task_id": "crypto:TASK-012f5d55aa3000fa92bce4a8de811193"}
{"action": "skipped", "episode_id": "crypto:episode-12", "state": "TERMINAL_RESULT", "status": "RESULT", "task_id": "crypto:TASK-8075320c169e3679d3da0cbf875ce83d"}
{"action": "skipped", "episode_id": "crypto:episode-14", "state": "TERMINAL_RESULT", "status": "DUPLICATE", "task_id": "crypto:TASK-e1b9c54ae66cb5429906c7192474f592"}
{"action": "skipped", "episode_id": "crypto:episode-15", "state": "TERMINAL_RESULT", "status": "RESULT", "task_id": "crypto:TASK-14a347da62048ed8c735e34ddf54bc5b"}
{"action": "skipped", "episode_id": "crypto:episode-16", "state": "TERMINAL_RESULT", "status": "RESULT", "task_id": "crypto:TASK-6e2d003552c4cdc6a185532267c5931f"}
{"action": "skipped", "episode_id": "crypto:episode-17", "state": "TERMINAL_RESULT", "status": "RESULT", "task_id": "crypto:TASK-a7ff76614894d1b4f94f3f4b8a493849"}
{"action": "skipped", "episode_id": "crypto:episode-19", "state": "TERMINAL_RESULT", "status": "DUPLICATE", "task_id": "crypto:TASK-c867e60770f59699273a55415d4bd298"}
{"action": "skipped", "episode_id": "crypto:episode-20", "state": "TERMINAL_RESULT", "status": "RESULT", "task_id": "crypto:TASK-4a37fd926277a3ef0cae079b96c2ce99"}
{"action": "skipped", "episode_id": "crypto:episode-21", "state": "TERMINAL_RESULT", "status": "RESULT", "task_id": "crypto:TASK-15d9723c7d6dd424375798ad8639ed70"}
{"action": "skipped", "episode_id": "crypto:episode-22", "state": "TERMINAL_RESULT", "status": "RESULT", "task_id": "crypto:TASK-6a7e5eb91676be82445c3c99937349f4"}
{"action": "skipped", "episode_id": "crypto:episode-24", "state": "TERMINAL_RESULT", "status": "DUPLICATE", "task_id": "crypto:TASK-717252ae1f67e55d82a5319735ab9c0a"}
{"action": "skipped", "episode_id": "crypto:episode-25", "state": "TERMINAL_RESULT", "status": "RESULT", "task_id": "crypto:TASK-27ade8a7380b708600b008ed8602d756"}
{"action": "delivered", "attempt": 1, "class": "TERMINAL_RESULT", "episode_id": "crypto:episode-26", "result_file": "crypto/results/TASK-ea5906e4dd8b3897bd126c12da09efbc.678df81fb1f0e5af.json", "result_write": "WRITTEN", "status": "RESULT", "task_id": "crypto:TASK-ea5906e4dd8b3897bd126c12da09efbc"}
--- stderr
{"duration_ms": 208, "event": "job_finished", "job_id": "crypto-research-218f7a0887bd856b6bbae7b9", "level": "INFO", "run_id": "10401d99eb4c433f83e9cf6859d8f209", "run_status": "SUCCEEDED", "service": "predictor_ops", "timestamp": "2026-09-28T01:17:57.862901Z"}
--- end
{"n": 134, "label": "ingest 20", "at": "2026-09-28T01:17:58Z", "seconds": 0.131, "argv": ["/home/runner/work/_temp/work/rt/cain-venv/bin/cain", "research", "ingest", "--domain", "crypto", "--state", "/home/runner/work/_temp/work/soak/cain-state", "--spool", "/home/runner/work/_temp/work/soak/spool"], "fault_env": {}, "exit": 0}
--- stdout
{"action": "duplicate", "file": "TASK-012f5d55aa3000fa92bce4a8de811193.bfb0e2c1820178f9.json"}
{"action": "duplicate", "file": "TASK-14a347da62048ed8c735e34ddf54bc5b.893e4a4c1dacf3ee.json"}
{"action": "duplicate", "file": "TASK-14e7ea21534e45e23a4277dac60a4f2a.2003b8d19579143d.json"}
{"action": "duplicate", "file": "TASK-15d9723c7d6dd424375798ad8639ed70.0885aedf34533044.json"}
{"action": "duplicate", "file": "TASK-15d9723c7d6dd424375798ad8639ed70.80e79386eca289ee.json"}
{"action": "duplicate", "file": "TASK-27ade8a7380b708600b008ed8602d756.531407d081f1accb.json"}
{"action": "duplicate", "file": "TASK-44ab5a05adcbec305debd521451ac735.cdb63970b623672c.json"}
{"action": "duplicate", "file": "TASK-4a37fd926277a3ef0cae079b96c2ce99.f0f630cd9827a404.json"}
{"action": "duplicate", "file": "TASK-5a61224f3e2255c51110cfae4b996804.8baf8922f7c06a95.json"}
{"action": "duplicate", "file": "TASK-6a7e5eb91676be82445c3c99937349f4.ea4880f1c89dc8ff.json"}
{"action": "duplicate", "file": "TASK-6e2d003552c4cdc6a185532267c5931f.d80450b09bde8ddf.json"}
{"action": "duplicate", "file": "TASK-717252ae1f67e55d82a5319735ab9c0a.3d150adbe358f427.json"}
{"action": "duplicate", "file": "TASK-8075320c169e3679d3da0cbf875ce83d.6142fcc837de166a.json"}
{"action": "duplicate", "file": "TASK-a7ff76614894d1b4f94f3f4b8a493849.6fb7b0e6aefed5f3.json"}
{"action": "duplicate", "file": "TASK-c0756a400f58e2eb20df8cd25130c567.8bee819b70a21b33.json"}
{"action": "duplicate", "file": "TASK-c867e60770f59699273a55415d4bd298.3a85a389b3512f3a.json"}
{"action": "duplicate", "file": "TASK-d367c7f0a69accff2e52948d85e2cfc9.78b45ebaca48ec9a.json"}
{"action": "duplicate", "file": "TASK-d367c7f0a69accff2e52948d85e2cfc9.b5f1597ae1984f40.json"}
{"action": "duplicate", "file": "TASK-e1b9c54ae66cb5429906c7192474f592.a907442ba355f5f4.json"}
{"action": "ingested", "class": "TERMINAL_RESULT", "fact": "fact:8b4db8d4421c49e39b80013698fea215", "file": "TASK-ea5906e4dd8b3897bd126c12da09efbc.678df81fb1f0e5af.json", "status": "RESULT", "task_id": "crypto:TASK-ea5906e4dd8b3897bd126c12da09efbc"}
{"action": "duplicate", "file": "TASK-ec6e000af508cc684f074d56cf1d65d4.643fafb3bdba5a61.json"}
{"action": "duplicate", "file": "TASK-fa5b145dd0e59b9b1f3c53919c0aad7f.22c4079447951de4.json"}
{"action": "skipped", "code": "DOMAIN_MISMATCH", "file": "interleaved-003-stocks.json", "state": "REJECTED"}
{"action": "skipped", "code": "DOMAIN_MISMATCH", "file": "interleaved-007-brasileirao.json", "state": "REJECTED"}
{"action": "skipped", "code": "DOMAIN_MISMATCH", "file": "interleaved-011-stocks.json", "state": "REJECTED"}
{"action": "skipped", "code": "DOMAIN_MISMATCH", "file": "interleaved-015-brasileirao.json", "state": "REJECTED"}
{"action": "skipped", "code": "DOMAIN_MISMATCH", "file": "interleaved-019-stocks.json", "state": "REJECTED"}
{"action": "duplicate", "file": "redelivered-001-TASK-5a61224f3e2255c51110cfae4b996804.8baf8922f7c06a95.json"}
{"action": "duplicate", "file": "redelivered-005-TASK-44ab5a05adcbec305debd521451ac735.cdb63970b623672c.json"}
{"action": "duplicate", "file": "redelivered-009-TASK-8075320c169e3679d3da0cbf875ce83d.6142fcc837de166a.json"}
{"action": "duplicate", "file": "redelivered-013-TASK-a7ff76614894d1b4f94f3f4b8a493849.6fb7b0e6aefed5f3.json"}
{"action": "duplicate", "file": "redelivered-017-TASK-6a7e5eb91676be82445c3c99937349f4.ea4880f1c89dc8ff.json"}
--- stderr
--- end
{"n": 135, "label": "propose 21", "at": "2026-09-28T01:17:58Z", "seconds": 0.12, "argv": ["/home/runner/work/_temp/work/rt/cain-venv/bin/cain", "research", "propose", "--domain", "crypto", "--state", "/home/runner/work/_temp/work/soak/cain-state", "--proposal", "/home/runner/work/_temp/work/soak/proposals/021.json", "--as-of", "2026-09-28T01:17:58Z"], "fault_env": {}, "exit": 0}
--- stdout
{"decision": "ALLOW", "episode_id": "crypto:episode-27", "reason_code": "ALLOWED", "receipt_sha256": "532bdf524f4d63305840b0633fbd66bca66cbe5deba1cfe838ce34332f08b80a", "rule": "R14", "status": "RECORDED", "task": {"payload_sha256": "c04d2a497e8cc5725b35756b93dc5d1f22de2e3e3ad1dd6d8a56eacc36443c69", "previous_task_id": "crypto:TASK-ea5906e4dd8b3897bd126c12da09efbc", "task_id": "crypto:TASK-a07a31993dffde0924b756f4d7c218cd"}}
--- stderr
--- end
{"n": 136, "label": "dispatch 21", "at": "2026-09-28T01:17:58Z", "seconds": 0.118, "argv": ["/home/runner/work/_temp/work/rt/cain-venv/bin/cain", "research", "dispatch", "--domain", "crypto", "--state", "/home/runner/work/_temp/work/soak/cain-state", "--spool", "/home/runner/work/_temp/work/soak/spool"], "fault_env": {}, "exit": 0}
--- stdout
{"action": "dispatched", "file": "crypto/tasks/TASK-a07a31993dffde0924b756f4d7c218cd.json", "spool": "WRITTEN", "task_id": "crypto:TASK-a07a31993dffde0924b756f4d7c218cd"}
--- stderr
--- end
{"n": 137, "label": "consumer 21", "at": "2026-09-28T01:17:58Z", "seconds": 0.45, "argv": ["/home/runner/work/_temp/work/rt/consumer-venv/bin/predictor-research-consumer", "--domain", "crypto", "--spool", "/home/runner/work/_temp/work/soak/spool", "--ledger", "/home/runner/work/_temp/work/soak/consumer/ledger.sqlite", "--state", "/home/runner/work/_temp/work/soak/domain-state", "--policy", "/home/runner/work/_temp/work/rt/op/policy.json", "--objects", "/home/runner/work/_temp/work/rt/op/objects"], "fault_env": {}, "exit": 0}
--- stdout
{"action": "skipped", "episode_id": "crypto:episode-1", "state": "TERMINAL_RESULT", "status": "RESULT", "task_id": "crypto:TASK-5a61224f3e2255c51110cfae4b996804"}
{"action": "skipped", "episode_id": "crypto:episode-3", "state": "TERMINAL_RESULT", "status": "DUPLICATE", "task_id": "crypto:TASK-ec6e000af508cc684f074d56cf1d65d4"}
{"action": "skipped", "episode_id": "crypto:episode-4", "state": "TERMINAL_RESULT", "status": "RESULT", "task_id": "crypto:TASK-c0756a400f58e2eb20df8cd25130c567"}
{"action": "skipped", "episode_id": "crypto:episode-6", "state": "TERMINAL_RESULT", "status": "RESULT", "task_id": "crypto:TASK-d367c7f0a69accff2e52948d85e2cfc9"}
{"action": "skipped", "episode_id": "crypto:episode-7", "state": "TERMINAL_RESULT", "status": "RESULT", "task_id": "crypto:TASK-44ab5a05adcbec305debd521451ac735"}
{"action": "skipped", "episode_id": "crypto:episode-9", "state": "TERMINAL_RESULT", "status": "DUPLICATE", "task_id": "crypto:TASK-14e7ea21534e45e23a4277dac60a4f2a"}
{"action": "skipped", "episode_id": "crypto:episode-10", "state": "TERMINAL_RESULT", "status": "RESULT", "task_id": "crypto:TASK-fa5b145dd0e59b9b1f3c53919c0aad7f"}
{"action": "skipped", "episode_id": "crypto:episode-11", "state": "TERMINAL_RESULT", "status": "RESULT", "task_id": "crypto:TASK-012f5d55aa3000fa92bce4a8de811193"}
{"action": "skipped", "episode_id": "crypto:episode-12", "state": "TERMINAL_RESULT", "status": "RESULT", "task_id": "crypto:TASK-8075320c169e3679d3da0cbf875ce83d"}
{"action": "skipped", "episode_id": "crypto:episode-14", "state": "TERMINAL_RESULT", "status": "DUPLICATE", "task_id": "crypto:TASK-e1b9c54ae66cb5429906c7192474f592"}
{"action": "skipped", "episode_id": "crypto:episode-15", "state": "TERMINAL_RESULT", "status": "RESULT", "task_id": "crypto:TASK-14a347da62048ed8c735e34ddf54bc5b"}
{"action": "skipped", "episode_id": "crypto:episode-16", "state": "TERMINAL_RESULT", "status": "RESULT", "task_id": "crypto:TASK-6e2d003552c4cdc6a185532267c5931f"}
{"action": "skipped", "episode_id": "crypto:episode-17", "state": "TERMINAL_RESULT", "status": "RESULT", "task_id": "crypto:TASK-a7ff76614894d1b4f94f3f4b8a493849"}
{"action": "skipped", "episode_id": "crypto:episode-19", "state": "TERMINAL_RESULT", "status": "DUPLICATE", "task_id": "crypto:TASK-c867e60770f59699273a55415d4bd298"}
{"action": "skipped", "episode_id": "crypto:episode-20", "state": "TERMINAL_RESULT", "status": "RESULT", "task_id": "crypto:TASK-4a37fd926277a3ef0cae079b96c2ce99"}
{"action": "skipped", "episode_id": "crypto:episode-21", "state": "TERMINAL_RESULT", "status": "RESULT", "task_id": "crypto:TASK-15d9723c7d6dd424375798ad8639ed70"}
{"action": "skipped", "episode_id": "crypto:episode-22", "state": "TERMINAL_RESULT", "status": "RESULT", "task_id": "crypto:TASK-6a7e5eb91676be82445c3c99937349f4"}
{"action": "skipped", "episode_id": "crypto:episode-24", "state": "TERMINAL_RESULT", "status": "DUPLICATE", "task_id": "crypto:TASK-717252ae1f67e55d82a5319735ab9c0a"}
{"action": "skipped", "episode_id": "crypto:episode-25", "state": "TERMINAL_RESULT", "status": "RESULT", "task_id": "crypto:TASK-27ade8a7380b708600b008ed8602d756"}
{"action": "skipped", "episode_id": "crypto:episode-26", "state": "TERMINAL_RESULT", "status": "RESULT", "task_id": "crypto:TASK-ea5906e4dd8b3897bd126c12da09efbc"}
{"action": "delivered", "attempt": 1, "class": "TERMINAL_RESULT", "episode_id": "crypto:episode-27", "result_file": "crypto/results/TASK-a07a31993dffde0924b756f4d7c218cd.60f2a526e27abc60.json", "result_write": "WRITTEN", "status": "RESULT", "task_id": "crypto:TASK-a07a31993dffde0924b756f4d7c218cd"}
--- stderr
{"duration_ms": 207, "event": "job_finished", "job_id": "crypto-research-8e2d5a50c7d41878be177ebe", "level": "INFO", "run_id": "41f8ab6575f045758509590ac2898991", "run_status": "SUCCEEDED", "service": "predictor_ops", "timestamp": "2026-09-28T01:17:58.682409Z"}
--- end
{"n": 138, "label": "ingest 21", "at": "2026-09-28T01:17:58Z", "seconds": 0.131, "argv": ["/home/runner/work/_temp/work/rt/cain-venv/bin/cain", "research", "ingest", "--domain", "crypto", "--state", "/home/runner/work/_temp/work/soak/cain-state", "--spool", "/home/runner/work/_temp/work/soak/spool"], "fault_env": {}, "exit": 0}
--- stdout
{"action": "duplicate", "file": "TASK-012f5d55aa3000fa92bce4a8de811193.bfb0e2c1820178f9.json"}
{"action": "duplicate", "file": "TASK-14a347da62048ed8c735e34ddf54bc5b.893e4a4c1dacf3ee.json"}
{"action": "duplicate", "file": "TASK-14e7ea21534e45e23a4277dac60a4f2a.2003b8d19579143d.json"}
{"action": "duplicate", "file": "TASK-15d9723c7d6dd424375798ad8639ed70.0885aedf34533044.json"}
{"action": "duplicate", "file": "TASK-15d9723c7d6dd424375798ad8639ed70.80e79386eca289ee.json"}
{"action": "duplicate", "file": "TASK-27ade8a7380b708600b008ed8602d756.531407d081f1accb.json"}
{"action": "duplicate", "file": "TASK-44ab5a05adcbec305debd521451ac735.cdb63970b623672c.json"}
{"action": "duplicate", "file": "TASK-4a37fd926277a3ef0cae079b96c2ce99.f0f630cd9827a404.json"}
{"action": "duplicate", "file": "TASK-5a61224f3e2255c51110cfae4b996804.8baf8922f7c06a95.json"}
{"action": "duplicate", "file": "TASK-6a7e5eb91676be82445c3c99937349f4.ea4880f1c89dc8ff.json"}
{"action": "duplicate", "file": "TASK-6e2d003552c4cdc6a185532267c5931f.d80450b09bde8ddf.json"}
{"action": "duplicate", "file": "TASK-717252ae1f67e55d82a5319735ab9c0a.3d150adbe358f427.json"}
{"action": "duplicate", "file": "TASK-8075320c169e3679d3da0cbf875ce83d.6142fcc837de166a.json"}
{"action": "ingested", "class": "TERMINAL_RESULT", "fact": "fact:2a82882df0324935b3e54b621465e031", "file": "TASK-a07a31993dffde0924b756f4d7c218cd.60f2a526e27abc60.json", "status": "RESULT", "task_id": "crypto:TASK-a07a31993dffde0924b756f4d7c218cd"}
{"action": "duplicate", "file": "TASK-a7ff76614894d1b4f94f3f4b8a493849.6fb7b0e6aefed5f3.json"}
{"action": "duplicate", "file": "TASK-c0756a400f58e2eb20df8cd25130c567.8bee819b70a21b33.json"}
{"action": "duplicate", "file": "TASK-c867e60770f59699273a55415d4bd298.3a85a389b3512f3a.json"}
{"action": "duplicate", "file": "TASK-d367c7f0a69accff2e52948d85e2cfc9.78b45ebaca48ec9a.json"}
{"action": "duplicate", "file": "TASK-d367c7f0a69accff2e52948d85e2cfc9.b5f1597ae1984f40.json"}
{"action": "duplicate", "file": "TASK-e1b9c54ae66cb5429906c7192474f592.a907442ba355f5f4.json"}
{"action": "duplicate", "file": "TASK-ea5906e4dd8b3897bd126c12da09efbc.678df81fb1f0e5af.json"}
{"action": "duplicate", "file": "TASK-ec6e000af508cc684f074d56cf1d65d4.643fafb3bdba5a61.json"}
{"action": "duplicate", "file": "TASK-fa5b145dd0e59b9b1f3c53919c0aad7f.22c4079447951de4.json"}
{"action": "skipped", "code": "DOMAIN_MISMATCH", "file": "interleaved-003-stocks.json", "state": "REJECTED"}
{"action": "skipped", "code": "DOMAIN_MISMATCH", "file": "interleaved-007-brasileirao.json", "state": "REJECTED"}
{"action": "skipped", "code": "DOMAIN_MISMATCH", "file": "interleaved-011-stocks.json", "state": "REJECTED"}
{"action": "skipped", "code": "DOMAIN_MISMATCH", "file": "interleaved-015-brasileirao.json", "state": "REJECTED"}
{"action": "skipped", "code": "DOMAIN_MISMATCH", "file": "interleaved-019-stocks.json", "state": "REJECTED"}
{"action": "duplicate", "file": "redelivered-001-TASK-5a61224f3e2255c51110cfae4b996804.8baf8922f7c06a95.json"}
{"action": "duplicate", "file": "redelivered-005-TASK-44ab5a05adcbec305debd521451ac735.cdb63970b623672c.json"}
{"action": "duplicate", "file": "redelivered-009-TASK-8075320c169e3679d3da0cbf875ce83d.6142fcc837de166a.json"}
{"action": "duplicate", "file": "redelivered-013-TASK-a7ff76614894d1b4f94f3f4b8a493849.6fb7b0e6aefed5f3.json"}
{"action": "duplicate", "file": "redelivered-017-TASK-6a7e5eb91676be82445c3c99937349f4.ea4880f1c89dc8ff.json"}
--- stderr
--- end
{"n": 139, "label": "resend 21", "at": "2026-09-28T01:17:59Z", "seconds": 0.147, "argv": ["/home/runner/work/_temp/work/rt/cain-venv/bin/cain", "research", "dispatch", "--domain", "crypto", "--state", "/home/runner/work/_temp/work/soak/cain-state", "--spool", "/home/runner/work/_temp/work/soak/spool", "--resend"], "fault_env": {}, "exit": 0}
--- stdout
{"action": "dispatched", "file": "crypto/tasks/TASK-5a61224f3e2255c51110cfae4b996804.json", "spool": "EXISTS", "task_id": "crypto:TASK-5a61224f3e2255c51110cfae4b996804"}
{"action": "dispatched", "file": "crypto/tasks/TASK-ec6e000af508cc684f074d56cf1d65d4.json", "spool": "EXISTS", "task_id": "crypto:TASK-ec6e000af508cc684f074d56cf1d65d4"}
{"action": "dispatched", "file": "crypto/tasks/TASK-c0756a400f58e2eb20df8cd25130c567.json", "spool": "EXISTS", "task_id": "crypto:TASK-c0756a400f58e2eb20df8cd25130c567"}
{"action": "dispatched", "file": "crypto/tasks/TASK-d367c7f0a69accff2e52948d85e2cfc9.json", "spool": "EXISTS", "task_id": "crypto:TASK-d367c7f0a69accff2e52948d85e2cfc9"}
{"action": "dispatched", "file": "crypto/tasks/TASK-44ab5a05adcbec305debd521451ac735.json", "spool": "EXISTS", "task_id": "crypto:TASK-44ab5a05adcbec305debd521451ac735"}
{"action": "dispatched", "file": "crypto/tasks/TASK-14e7ea21534e45e23a4277dac60a4f2a.json", "spool": "EXISTS", "task_id": "crypto:TASK-14e7ea21534e45e23a4277dac60a4f2a"}
{"action": "dispatched", "file": "crypto/tasks/TASK-fa5b145dd0e59b9b1f3c53919c0aad7f.json", "spool": "EXISTS", "task_id": "crypto:TASK-fa5b145dd0e59b9b1f3c53919c0aad7f"}
{"action": "dispatched", "file": "crypto/tasks/TASK-012f5d55aa3000fa92bce4a8de811193.json", "spool": "EXISTS", "task_id": "crypto:TASK-012f5d55aa3000fa92bce4a8de811193"}
{"action": "dispatched", "file": "crypto/tasks/TASK-8075320c169e3679d3da0cbf875ce83d.json", "spool": "EXISTS", "task_id": "crypto:TASK-8075320c169e3679d3da0cbf875ce83d"}
{"action": "dispatched", "file": "crypto/tasks/TASK-e1b9c54ae66cb5429906c7192474f592.json", "spool": "EXISTS", "task_id": "crypto:TASK-e1b9c54ae66cb5429906c7192474f592"}
{"action": "dispatched", "file": "crypto/tasks/TASK-14a347da62048ed8c735e34ddf54bc5b.json", "spool": "EXISTS", "task_id": "crypto:TASK-14a347da62048ed8c735e34ddf54bc5b"}
{"action": "dispatched", "file": "crypto/tasks/TASK-6e2d003552c4cdc6a185532267c5931f.json", "spool": "EXISTS", "task_id": "crypto:TASK-6e2d003552c4cdc6a185532267c5931f"}
{"action": "dispatched", "file": "crypto/tasks/TASK-a7ff76614894d1b4f94f3f4b8a493849.json", "spool": "EXISTS", "task_id": "crypto:TASK-a7ff76614894d1b4f94f3f4b8a493849"}
{"action": "dispatched", "file": "crypto/tasks/TASK-c867e60770f59699273a55415d4bd298.json", "spool": "EXISTS", "task_id": "crypto:TASK-c867e60770f59699273a55415d4bd298"}
{"action": "dispatched", "file": "crypto/tasks/TASK-4a37fd926277a3ef0cae079b96c2ce99.json", "spool": "EXISTS", "task_id": "crypto:TASK-4a37fd926277a3ef0cae079b96c2ce99"}
{"action": "dispatched", "file": "crypto/tasks/TASK-15d9723c7d6dd424375798ad8639ed70.json", "spool": "EXISTS", "task_id": "crypto:TASK-15d9723c7d6dd424375798ad8639ed70"}
{"action": "dispatched", "file": "crypto/tasks/TASK-6a7e5eb91676be82445c3c99937349f4.json", "spool": "EXISTS", "task_id": "crypto:TASK-6a7e5eb91676be82445c3c99937349f4"}
{"action": "dispatched", "file": "crypto/tasks/TASK-717252ae1f67e55d82a5319735ab9c0a.json", "spool": "EXISTS", "task_id": "crypto:TASK-717252ae1f67e55d82a5319735ab9c0a"}
{"action": "dispatched", "file": "crypto/tasks/TASK-27ade8a7380b708600b008ed8602d756.json", "spool": "EXISTS", "task_id": "crypto:TASK-27ade8a7380b708600b008ed8602d756"}
{"action": "dispatched", "file": "crypto/tasks/TASK-ea5906e4dd8b3897bd126c12da09efbc.json", "spool": "EXISTS", "task_id": "crypto:TASK-ea5906e4dd8b3897bd126c12da09efbc"}
{"action": "dispatched", "file": "crypto/tasks/TASK-a07a31993dffde0924b756f4d7c218cd.json", "spool": "EXISTS", "task_id": "crypto:TASK-a07a31993dffde0924b756f4d7c218cd"}
--- stderr
--- end
{"n": 140, "label": "consumer resend 21", "at": "2026-09-28T01:17:59Z", "seconds": 0.169, "argv": ["/home/runner/work/_temp/work/rt/consumer-venv/bin/predictor-research-consumer", "--domain", "crypto", "--spool", "/home/runner/work/_temp/work/soak/spool", "--ledger", "/home/runner/work/_temp/work/soak/consumer/ledger.sqlite", "--state", "/home/runner/work/_temp/work/soak/domain-state", "--policy", "/home/runner/work/_temp/work/rt/op/policy.json", "--objects", "/home/runner/work/_temp/work/rt/op/objects"], "fault_env": {}, "exit": 0}
--- stdout
{"action": "skipped", "episode_id": "crypto:episode-1", "state": "TERMINAL_RESULT", "status": "RESULT", "task_id": "crypto:TASK-5a61224f3e2255c51110cfae4b996804"}
{"action": "skipped", "episode_id": "crypto:episode-3", "state": "TERMINAL_RESULT", "status": "DUPLICATE", "task_id": "crypto:TASK-ec6e000af508cc684f074d56cf1d65d4"}
{"action": "skipped", "episode_id": "crypto:episode-4", "state": "TERMINAL_RESULT", "status": "RESULT", "task_id": "crypto:TASK-c0756a400f58e2eb20df8cd25130c567"}
{"action": "skipped", "episode_id": "crypto:episode-6", "state": "TERMINAL_RESULT", "status": "RESULT", "task_id": "crypto:TASK-d367c7f0a69accff2e52948d85e2cfc9"}
{"action": "skipped", "episode_id": "crypto:episode-7", "state": "TERMINAL_RESULT", "status": "RESULT", "task_id": "crypto:TASK-44ab5a05adcbec305debd521451ac735"}
{"action": "skipped", "episode_id": "crypto:episode-9", "state": "TERMINAL_RESULT", "status": "DUPLICATE", "task_id": "crypto:TASK-14e7ea21534e45e23a4277dac60a4f2a"}
{"action": "skipped", "episode_id": "crypto:episode-10", "state": "TERMINAL_RESULT", "status": "RESULT", "task_id": "crypto:TASK-fa5b145dd0e59b9b1f3c53919c0aad7f"}
{"action": "skipped", "episode_id": "crypto:episode-11", "state": "TERMINAL_RESULT", "status": "RESULT", "task_id": "crypto:TASK-012f5d55aa3000fa92bce4a8de811193"}
{"action": "skipped", "episode_id": "crypto:episode-12", "state": "TERMINAL_RESULT", "status": "RESULT", "task_id": "crypto:TASK-8075320c169e3679d3da0cbf875ce83d"}
{"action": "skipped", "episode_id": "crypto:episode-14", "state": "TERMINAL_RESULT", "status": "DUPLICATE", "task_id": "crypto:TASK-e1b9c54ae66cb5429906c7192474f592"}
{"action": "skipped", "episode_id": "crypto:episode-15", "state": "TERMINAL_RESULT", "status": "RESULT", "task_id": "crypto:TASK-14a347da62048ed8c735e34ddf54bc5b"}
{"action": "skipped", "episode_id": "crypto:episode-16", "state": "TERMINAL_RESULT", "status": "RESULT", "task_id": "crypto:TASK-6e2d003552c4cdc6a185532267c5931f"}
{"action": "skipped", "episode_id": "crypto:episode-17", "state": "TERMINAL_RESULT", "status": "RESULT", "task_id": "crypto:TASK-a7ff76614894d1b4f94f3f4b8a493849"}
{"action": "skipped", "episode_id": "crypto:episode-19", "state": "TERMINAL_RESULT", "status": "DUPLICATE", "task_id": "crypto:TASK-c867e60770f59699273a55415d4bd298"}
{"action": "skipped", "episode_id": "crypto:episode-20", "state": "TERMINAL_RESULT", "status": "RESULT", "task_id": "crypto:TASK-4a37fd926277a3ef0cae079b96c2ce99"}
{"action": "skipped", "episode_id": "crypto:episode-21", "state": "TERMINAL_RESULT", "status": "RESULT", "task_id": "crypto:TASK-15d9723c7d6dd424375798ad8639ed70"}
{"action": "skipped", "episode_id": "crypto:episode-22", "state": "TERMINAL_RESULT", "status": "RESULT", "task_id": "crypto:TASK-6a7e5eb91676be82445c3c99937349f4"}
{"action": "skipped", "episode_id": "crypto:episode-24", "state": "TERMINAL_RESULT", "status": "DUPLICATE", "task_id": "crypto:TASK-717252ae1f67e55d82a5319735ab9c0a"}
{"action": "skipped", "episode_id": "crypto:episode-25", "state": "TERMINAL_RESULT", "status": "RESULT", "task_id": "crypto:TASK-27ade8a7380b708600b008ed8602d756"}
{"action": "skipped", "episode_id": "crypto:episode-26", "state": "TERMINAL_RESULT", "status": "RESULT", "task_id": "crypto:TASK-ea5906e4dd8b3897bd126c12da09efbc"}
{"action": "skipped", "episode_id": "crypto:episode-27", "state": "TERMINAL_RESULT", "status": "RESULT", "task_id": "crypto:TASK-a07a31993dffde0924b756f4d7c218cd"}
--- stderr
--- end
{"n": 141, "label": "ingest redelivered 21", "at": "2026-09-28T01:17:59Z", "seconds": 0.123, "argv": ["/home/runner/work/_temp/work/rt/cain-venv/bin/cain", "research", "ingest", "--domain", "crypto", "--state", "/home/runner/work/_temp/work/soak/cain-state", "--spool", "/home/runner/work/_temp/work/soak/spool"], "fault_env": {}, "exit": 0}
--- stdout
{"action": "duplicate", "file": "TASK-012f5d55aa3000fa92bce4a8de811193.bfb0e2c1820178f9.json"}
{"action": "duplicate", "file": "TASK-14a347da62048ed8c735e34ddf54bc5b.893e4a4c1dacf3ee.json"}
{"action": "duplicate", "file": "TASK-14e7ea21534e45e23a4277dac60a4f2a.2003b8d19579143d.json"}
{"action": "duplicate", "file": "TASK-15d9723c7d6dd424375798ad8639ed70.0885aedf34533044.json"}
{"action": "duplicate", "file": "TASK-15d9723c7d6dd424375798ad8639ed70.80e79386eca289ee.json"}
{"action": "duplicate", "file": "TASK-27ade8a7380b708600b008ed8602d756.531407d081f1accb.json"}
{"action": "duplicate", "file": "TASK-44ab5a05adcbec305debd521451ac735.cdb63970b623672c.json"}
{"action": "duplicate", "file": "TASK-4a37fd926277a3ef0cae079b96c2ce99.f0f630cd9827a404.json"}
{"action": "duplicate", "file": "TASK-5a61224f3e2255c51110cfae4b996804.8baf8922f7c06a95.json"}
{"action": "duplicate", "file": "TASK-6a7e5eb91676be82445c3c99937349f4.ea4880f1c89dc8ff.json"}
{"action": "duplicate", "file": "TASK-6e2d003552c4cdc6a185532267c5931f.d80450b09bde8ddf.json"}
{"action": "duplicate", "file": "TASK-717252ae1f67e55d82a5319735ab9c0a.3d150adbe358f427.json"}
{"action": "duplicate", "file": "TASK-8075320c169e3679d3da0cbf875ce83d.6142fcc837de166a.json"}
{"action": "duplicate", "file": "TASK-a07a31993dffde0924b756f4d7c218cd.60f2a526e27abc60.json"}
{"action": "duplicate", "file": "TASK-a7ff76614894d1b4f94f3f4b8a493849.6fb7b0e6aefed5f3.json"}
{"action": "duplicate", "file": "TASK-c0756a400f58e2eb20df8cd25130c567.8bee819b70a21b33.json"}
{"action": "duplicate", "file": "TASK-c867e60770f59699273a55415d4bd298.3a85a389b3512f3a.json"}
{"action": "duplicate", "file": "TASK-d367c7f0a69accff2e52948d85e2cfc9.78b45ebaca48ec9a.json"}
{"action": "duplicate", "file": "TASK-d367c7f0a69accff2e52948d85e2cfc9.b5f1597ae1984f40.json"}
{"action": "duplicate", "file": "TASK-e1b9c54ae66cb5429906c7192474f592.a907442ba355f5f4.json"}
{"action": "duplicate", "file": "TASK-ea5906e4dd8b3897bd126c12da09efbc.678df81fb1f0e5af.json"}
{"action": "duplicate", "file": "TASK-ec6e000af508cc684f074d56cf1d65d4.643fafb3bdba5a61.json"}
{"action": "duplicate", "file": "TASK-fa5b145dd0e59b9b1f3c53919c0aad7f.22c4079447951de4.json"}
{"action": "skipped", "code": "DOMAIN_MISMATCH", "file": "interleaved-003-stocks.json", "state": "REJECTED"}
{"action": "skipped", "code": "DOMAIN_MISMATCH", "file": "interleaved-007-brasileirao.json", "state": "REJECTED"}
{"action": "skipped", "code": "DOMAIN_MISMATCH", "file": "interleaved-011-stocks.json", "state": "REJECTED"}
{"action": "skipped", "code": "DOMAIN_MISMATCH", "file": "interleaved-015-brasileirao.json", "state": "REJECTED"}
{"action": "skipped", "code": "DOMAIN_MISMATCH", "file": "interleaved-019-stocks.json", "state": "REJECTED"}
{"action": "duplicate", "file": "redelivered-001-TASK-5a61224f3e2255c51110cfae4b996804.8baf8922f7c06a95.json"}
{"action": "duplicate", "file": "redelivered-005-TASK-44ab5a05adcbec305debd521451ac735.cdb63970b623672c.json"}
{"action": "duplicate", "file": "redelivered-009-TASK-8075320c169e3679d3da0cbf875ce83d.6142fcc837de166a.json"}
{"action": "duplicate", "file": "redelivered-013-TASK-a7ff76614894d1b4f94f3f4b8a493849.6fb7b0e6aefed5f3.json"}
{"action": "duplicate", "file": "redelivered-017-TASK-6a7e5eb91676be82445c3c99937349f4.ea4880f1c89dc8ff.json"}
{"action": "duplicate", "file": "redelivered-021-TASK-a07a31993dffde0924b756f4d7c218cd.60f2a526e27abc60.json"}
--- stderr
--- end
{"n": 142, "label": "propose duplicate 21", "at": "2026-09-28T01:17:59Z", "seconds": 0.128, "argv": ["/home/runner/work/_temp/work/rt/cain-venv/bin/cain", "research", "propose", "--domain", "crypto", "--state", "/home/runner/work/_temp/work/soak/cain-state", "--proposal", "/home/runner/work/_temp/work/soak/proposals/021-again.json", "--as-of", "2026-09-28T01:17:59Z"], "fault_env": {}, "exit": 0}
--- stdout
{"decision": "DUPLICATE", "episode_id": "crypto:episode-28", "reason_code": "DUPLICATE_REQUEST", "receipt_sha256": "dd025e665d302c88eaabc3aa47d7e4804d3884efcc8de882861e4a41575e025a", "rule": "R08", "status": "RECORDED", "task": null}
--- stderr
--- end
{"n": 143, "label": "propose 22", "at": "2026-09-28T01:17:59Z", "seconds": 0.121, "argv": ["/home/runner/work/_temp/work/rt/cain-venv/bin/cain", "research", "propose", "--domain", "crypto", "--state", "/home/runner/work/_temp/work/soak/cain-state", "--proposal", "/home/runner/work/_temp/work/soak/proposals/022.json", "--as-of", "2026-09-28T01:17:59Z"], "fault_env": {}, "exit": 0}
--- stdout
{"decision": "ALLOW", "episode_id": "crypto:episode-29", "reason_code": "ALLOWED", "receipt_sha256": "275b8cc451cc77e9c8b797bad56f940ad19a9b0459a69536f96a62ea738f5722", "rule": "R14", "status": "RECORDED", "task": {"payload_sha256": "25500a5ef94ab4c678eb6e21bbad918561642ced14a972f56c5be05819c49ca2", "previous_task_id": "crypto:TASK-a07a31993dffde0924b756f4d7c218cd", "task_id": "crypto:TASK-23de132dc972ced56b70c4a05e035a61"}}
--- stderr
--- end
{"n": 144, "label": "dispatch 22", "at": "2026-09-28T01:17:59Z", "seconds": 0.119, "argv": ["/home/runner/work/_temp/work/rt/cain-venv/bin/cain", "research", "dispatch", "--domain", "crypto", "--state", "/home/runner/work/_temp/work/soak/cain-state", "--spool", "/home/runner/work/_temp/work/soak/spool"], "fault_env": {}, "exit": 0}
--- stdout
{"action": "dispatched", "file": "crypto/tasks/TASK-23de132dc972ced56b70c4a05e035a61.json", "spool": "WRITTEN", "task_id": "crypto:TASK-23de132dc972ced56b70c4a05e035a61"}
--- stderr
--- end
{"n": 145, "label": "consumer 22 (fault)", "at": "2026-09-28T01:18:00Z", "seconds": 0.422, "argv": ["/home/runner/work/_temp/work/rt/consumer-venv/bin/predictor-research-consumer", "--domain", "crypto", "--spool", "/home/runner/work/_temp/work/soak/spool", "--ledger", "/home/runner/work/_temp/work/soak/consumer/ledger.sqlite", "--state", "/home/runner/work/_temp/work/soak/domain-state", "--policy", "/home/runner/work/_temp/work/rt/op/policy.json", "--objects", "/home/runner/work/_temp/work/rt/op/objects"], "fault_env": {"PREDICTOR_RESEARCH_TRANSPORT_FAULT": "after_domain_before_result_write"}, "exit": 86}
--- stdout
--- stderr
{"duration_ms": 207, "event": "job_finished", "job_id": "crypto-research-661379e9cfc6cb82b8741c8e", "level": "INFO", "run_id": "9fbb49b2688347478605f912f2a016ed", "run_status": "SUCCEEDED", "service": "predictor_ops", "timestamp": "2026-09-28T01:18:00.071369Z"}
--- end
{"n": 146, "label": "consumer 22 (Ops crash)", "at": "2026-09-28T01:18:00Z", "seconds": 0.187, "argv": ["/home/runner/work/_temp/work/rt/consumer-venv/bin/predictor-research-consumer", "--domain", "crypto", "--spool", "/home/runner/work/_temp/work/soak/spool", "--ledger", "/home/runner/work/_temp/work/soak/consumer/ledger.sqlite", "--state", "/home/runner/work/_temp/work/soak/domain-state", "--policy", "/home/runner/work/_temp/work/rt/op/policy.json", "--objects", "/home/runner/work/_temp/work/rt/op/objects"], "fault_env": {"CRIPTO_RESEARCH_FAULT": "ops_worker_crash"}, "exit": 0}
--- stdout
{"action": "skipped", "episode_id": "crypto:episode-1", "state": "TERMINAL_RESULT", "status": "RESULT", "task_id": "crypto:TASK-5a61224f3e2255c51110cfae4b996804"}
{"action": "skipped", "episode_id": "crypto:episode-3", "state": "TERMINAL_RESULT", "status": "DUPLICATE", "task_id": "crypto:TASK-ec6e000af508cc684f074d56cf1d65d4"}
{"action": "skipped", "episode_id": "crypto:episode-4", "state": "TERMINAL_RESULT", "status": "RESULT", "task_id": "crypto:TASK-c0756a400f58e2eb20df8cd25130c567"}
{"action": "skipped", "episode_id": "crypto:episode-6", "state": "TERMINAL_RESULT", "status": "RESULT", "task_id": "crypto:TASK-d367c7f0a69accff2e52948d85e2cfc9"}
{"action": "skipped", "episode_id": "crypto:episode-7", "state": "TERMINAL_RESULT", "status": "RESULT", "task_id": "crypto:TASK-44ab5a05adcbec305debd521451ac735"}
{"action": "skipped", "episode_id": "crypto:episode-9", "state": "TERMINAL_RESULT", "status": "DUPLICATE", "task_id": "crypto:TASK-14e7ea21534e45e23a4277dac60a4f2a"}
{"action": "skipped", "episode_id": "crypto:episode-10", "state": "TERMINAL_RESULT", "status": "RESULT", "task_id": "crypto:TASK-fa5b145dd0e59b9b1f3c53919c0aad7f"}
{"action": "skipped", "episode_id": "crypto:episode-11", "state": "TERMINAL_RESULT", "status": "RESULT", "task_id": "crypto:TASK-012f5d55aa3000fa92bce4a8de811193"}
{"action": "skipped", "episode_id": "crypto:episode-12", "state": "TERMINAL_RESULT", "status": "RESULT", "task_id": "crypto:TASK-8075320c169e3679d3da0cbf875ce83d"}
{"action": "skipped", "episode_id": "crypto:episode-14", "state": "TERMINAL_RESULT", "status": "DUPLICATE", "task_id": "crypto:TASK-e1b9c54ae66cb5429906c7192474f592"}
{"action": "skipped", "episode_id": "crypto:episode-15", "state": "TERMINAL_RESULT", "status": "RESULT", "task_id": "crypto:TASK-14a347da62048ed8c735e34ddf54bc5b"}
{"action": "skipped", "episode_id": "crypto:episode-16", "state": "TERMINAL_RESULT", "status": "RESULT", "task_id": "crypto:TASK-6e2d003552c4cdc6a185532267c5931f"}
{"action": "skipped", "episode_id": "crypto:episode-17", "state": "TERMINAL_RESULT", "status": "RESULT", "task_id": "crypto:TASK-a7ff76614894d1b4f94f3f4b8a493849"}
{"action": "skipped", "episode_id": "crypto:episode-19", "state": "TERMINAL_RESULT", "status": "DUPLICATE", "task_id": "crypto:TASK-c867e60770f59699273a55415d4bd298"}
{"action": "skipped", "episode_id": "crypto:episode-20", "state": "TERMINAL_RESULT", "status": "RESULT", "task_id": "crypto:TASK-4a37fd926277a3ef0cae079b96c2ce99"}
{"action": "skipped", "episode_id": "crypto:episode-21", "state": "TERMINAL_RESULT", "status": "RESULT", "task_id": "crypto:TASK-15d9723c7d6dd424375798ad8639ed70"}
{"action": "skipped", "episode_id": "crypto:episode-22", "state": "TERMINAL_RESULT", "status": "RESULT", "task_id": "crypto:TASK-6a7e5eb91676be82445c3c99937349f4"}
{"action": "skipped", "episode_id": "crypto:episode-24", "state": "TERMINAL_RESULT", "status": "DUPLICATE", "task_id": "crypto:TASK-717252ae1f67e55d82a5319735ab9c0a"}
{"action": "skipped", "episode_id": "crypto:episode-25", "state": "TERMINAL_RESULT", "status": "RESULT", "task_id": "crypto:TASK-27ade8a7380b708600b008ed8602d756"}
{"action": "skipped", "episode_id": "crypto:episode-26", "state": "TERMINAL_RESULT", "status": "RESULT", "task_id": "crypto:TASK-ea5906e4dd8b3897bd126c12da09efbc"}
{"action": "skipped", "episode_id": "crypto:episode-27", "state": "TERMINAL_RESULT", "status": "RESULT", "task_id": "crypto:TASK-a07a31993dffde0924b756f4d7c218cd"}
{"action": "delivered", "attempt": 2, "class": "TERMINAL_RESULT", "episode_id": "crypto:episode-29", "result_file": "crypto/results/TASK-23de132dc972ced56b70c4a05e035a61.75206b22a1774f3c.json", "result_write": "WRITTEN", "status": "DUPLICATE", "task_id": "crypto:TASK-23de132dc972ced56b70c4a05e035a61"}
--- stderr
--- end
{"n": 147, "label": "ingest 22 retryable", "at": "2026-09-28T01:18:00Z", "seconds": 0.131, "argv": ["/home/runner/work/_temp/work/rt/cain-venv/bin/cain", "research", "ingest", "--domain", "crypto", "--state", "/home/runner/work/_temp/work/soak/cain-state", "--spool", "/home/runner/work/_temp/work/soak/spool"], "fault_env": {}, "exit": 0}
--- stdout
{"action": "duplicate", "file": "TASK-012f5d55aa3000fa92bce4a8de811193.bfb0e2c1820178f9.json"}
{"action": "duplicate", "file": "TASK-14a347da62048ed8c735e34ddf54bc5b.893e4a4c1dacf3ee.json"}
{"action": "duplicate", "file": "TASK-14e7ea21534e45e23a4277dac60a4f2a.2003b8d19579143d.json"}
{"action": "duplicate", "file": "TASK-15d9723c7d6dd424375798ad8639ed70.0885aedf34533044.json"}
{"action": "duplicate", "file": "TASK-15d9723c7d6dd424375798ad8639ed70.80e79386eca289ee.json"}
{"action": "ingested", "class": "TERMINAL_RESULT", "fact": "fact:efb794776af546acb60fd66b2139fc4b", "file": "TASK-23de132dc972ced56b70c4a05e035a61.75206b22a1774f3c.json", "status": "DUPLICATE", "task_id": "crypto:TASK-23de132dc972ced56b70c4a05e035a61"}
{"action": "duplicate", "file": "TASK-27ade8a7380b708600b008ed8602d756.531407d081f1accb.json"}
{"action": "duplicate", "file": "TASK-44ab5a05adcbec305debd521451ac735.cdb63970b623672c.json"}
{"action": "duplicate", "file": "TASK-4a37fd926277a3ef0cae079b96c2ce99.f0f630cd9827a404.json"}
{"action": "duplicate", "file": "TASK-5a61224f3e2255c51110cfae4b996804.8baf8922f7c06a95.json"}
{"action": "duplicate", "file": "TASK-6a7e5eb91676be82445c3c99937349f4.ea4880f1c89dc8ff.json"}
{"action": "duplicate", "file": "TASK-6e2d003552c4cdc6a185532267c5931f.d80450b09bde8ddf.json"}
{"action": "duplicate", "file": "TASK-717252ae1f67e55d82a5319735ab9c0a.3d150adbe358f427.json"}
{"action": "duplicate", "file": "TASK-8075320c169e3679d3da0cbf875ce83d.6142fcc837de166a.json"}
{"action": "duplicate", "file": "TASK-a07a31993dffde0924b756f4d7c218cd.60f2a526e27abc60.json"}
{"action": "duplicate", "file": "TASK-a7ff76614894d1b4f94f3f4b8a493849.6fb7b0e6aefed5f3.json"}
{"action": "duplicate", "file": "TASK-c0756a400f58e2eb20df8cd25130c567.8bee819b70a21b33.json"}
{"action": "duplicate", "file": "TASK-c867e60770f59699273a55415d4bd298.3a85a389b3512f3a.json"}
{"action": "duplicate", "file": "TASK-d367c7f0a69accff2e52948d85e2cfc9.78b45ebaca48ec9a.json"}
{"action": "duplicate", "file": "TASK-d367c7f0a69accff2e52948d85e2cfc9.b5f1597ae1984f40.json"}
{"action": "duplicate", "file": "TASK-e1b9c54ae66cb5429906c7192474f592.a907442ba355f5f4.json"}
{"action": "duplicate", "file": "TASK-ea5906e4dd8b3897bd126c12da09efbc.678df81fb1f0e5af.json"}
{"action": "duplicate", "file": "TASK-ec6e000af508cc684f074d56cf1d65d4.643fafb3bdba5a61.json"}
{"action": "duplicate", "file": "TASK-fa5b145dd0e59b9b1f3c53919c0aad7f.22c4079447951de4.json"}
{"action": "skipped", "code": "DOMAIN_MISMATCH", "file": "interleaved-003-stocks.json", "state": "REJECTED"}
{"action": "skipped", "code": "DOMAIN_MISMATCH", "file": "interleaved-007-brasileirao.json", "state": "REJECTED"}
{"action": "skipped", "code": "DOMAIN_MISMATCH", "file": "interleaved-011-stocks.json", "state": "REJECTED"}
{"action": "skipped", "code": "DOMAIN_MISMATCH", "file": "interleaved-015-brasileirao.json", "state": "REJECTED"}
{"action": "skipped", "code": "DOMAIN_MISMATCH", "file": "interleaved-019-stocks.json", "state": "REJECTED"}
{"action": "duplicate", "file": "redelivered-001-TASK-5a61224f3e2255c51110cfae4b996804.8baf8922f7c06a95.json"}
{"action": "duplicate", "file": "redelivered-005-TASK-44ab5a05adcbec305debd521451ac735.cdb63970b623672c.json"}
{"action": "duplicate", "file": "redelivered-009-TASK-8075320c169e3679d3da0cbf875ce83d.6142fcc837de166a.json"}
{"action": "duplicate", "file": "redelivered-013-TASK-a7ff76614894d1b4f94f3f4b8a493849.6fb7b0e6aefed5f3.json"}
{"action": "duplicate", "file": "redelivered-017-TASK-6a7e5eb91676be82445c3c99937349f4.ea4880f1c89dc8ff.json"}
{"action": "duplicate", "file": "redelivered-021-TASK-a07a31993dffde0924b756f4d7c218cd.60f2a526e27abc60.json"}
--- stderr
--- end
{"n": 148, "label": "retry 22", "at": "2026-09-28T01:18:00Z", "seconds": 0.116, "argv": ["/home/runner/work/_temp/work/rt/cain-venv/bin/cain", "research", "retry", "--domain", "crypto", "--state", "/home/runner/work/_temp/work/soak/cain-state", "--spool", "/home/runner/work/_temp/work/soak/spool", "--task-id", "crypto:TASK-23de132dc972ced56b70c4a05e035a61"], "fault_env": {}, "exit": 2}
--- stdout
{"detail": "NOT_RETRYABLE: crypto:TASK-23de132dc972ced56b70c4a05e035a61 has outcome classes ['TERMINAL_RESULT']", "error": "NOT_RETRYABLE"}
--- stderr
--- end
{"n": 149, "label": "consumer 22", "at": "2026-09-28T01:18:00Z", "seconds": 0.166, "argv": ["/home/runner/work/_temp/work/rt/consumer-venv/bin/predictor-research-consumer", "--domain", "crypto", "--spool", "/home/runner/work/_temp/work/soak/spool", "--ledger", "/home/runner/work/_temp/work/soak/consumer/ledger.sqlite", "--state", "/home/runner/work/_temp/work/soak/domain-state", "--policy", "/home/runner/work/_temp/work/rt/op/policy.json", "--objects", "/home/runner/work/_temp/work/rt/op/objects"], "fault_env": {}, "exit": 0}
--- stdout
{"action": "skipped", "episode_id": "crypto:episode-1", "state": "TERMINAL_RESULT", "status": "RESULT", "task_id": "crypto:TASK-5a61224f3e2255c51110cfae4b996804"}
{"action": "skipped", "episode_id": "crypto:episode-3", "state": "TERMINAL_RESULT", "status": "DUPLICATE", "task_id": "crypto:TASK-ec6e000af508cc684f074d56cf1d65d4"}
{"action": "skipped", "episode_id": "crypto:episode-4", "state": "TERMINAL_RESULT", "status": "RESULT", "task_id": "crypto:TASK-c0756a400f58e2eb20df8cd25130c567"}
{"action": "skipped", "episode_id": "crypto:episode-6", "state": "TERMINAL_RESULT", "status": "RESULT", "task_id": "crypto:TASK-d367c7f0a69accff2e52948d85e2cfc9"}
{"action": "skipped", "episode_id": "crypto:episode-7", "state": "TERMINAL_RESULT", "status": "RESULT", "task_id": "crypto:TASK-44ab5a05adcbec305debd521451ac735"}
{"action": "skipped", "episode_id": "crypto:episode-9", "state": "TERMINAL_RESULT", "status": "DUPLICATE", "task_id": "crypto:TASK-14e7ea21534e45e23a4277dac60a4f2a"}
{"action": "skipped", "episode_id": "crypto:episode-10", "state": "TERMINAL_RESULT", "status": "RESULT", "task_id": "crypto:TASK-fa5b145dd0e59b9b1f3c53919c0aad7f"}
{"action": "skipped", "episode_id": "crypto:episode-11", "state": "TERMINAL_RESULT", "status": "RESULT", "task_id": "crypto:TASK-012f5d55aa3000fa92bce4a8de811193"}
{"action": "skipped", "episode_id": "crypto:episode-12", "state": "TERMINAL_RESULT", "status": "RESULT", "task_id": "crypto:TASK-8075320c169e3679d3da0cbf875ce83d"}
{"action": "skipped", "episode_id": "crypto:episode-14", "state": "TERMINAL_RESULT", "status": "DUPLICATE", "task_id": "crypto:TASK-e1b9c54ae66cb5429906c7192474f592"}
{"action": "skipped", "episode_id": "crypto:episode-15", "state": "TERMINAL_RESULT", "status": "RESULT", "task_id": "crypto:TASK-14a347da62048ed8c735e34ddf54bc5b"}
{"action": "skipped", "episode_id": "crypto:episode-16", "state": "TERMINAL_RESULT", "status": "RESULT", "task_id": "crypto:TASK-6e2d003552c4cdc6a185532267c5931f"}
{"action": "skipped", "episode_id": "crypto:episode-17", "state": "TERMINAL_RESULT", "status": "RESULT", "task_id": "crypto:TASK-a7ff76614894d1b4f94f3f4b8a493849"}
{"action": "skipped", "episode_id": "crypto:episode-19", "state": "TERMINAL_RESULT", "status": "DUPLICATE", "task_id": "crypto:TASK-c867e60770f59699273a55415d4bd298"}
{"action": "skipped", "episode_id": "crypto:episode-20", "state": "TERMINAL_RESULT", "status": "RESULT", "task_id": "crypto:TASK-4a37fd926277a3ef0cae079b96c2ce99"}
{"action": "skipped", "episode_id": "crypto:episode-21", "state": "TERMINAL_RESULT", "status": "RESULT", "task_id": "crypto:TASK-15d9723c7d6dd424375798ad8639ed70"}
{"action": "skipped", "episode_id": "crypto:episode-22", "state": "TERMINAL_RESULT", "status": "RESULT", "task_id": "crypto:TASK-6a7e5eb91676be82445c3c99937349f4"}
{"action": "skipped", "episode_id": "crypto:episode-24", "state": "TERMINAL_RESULT", "status": "DUPLICATE", "task_id": "crypto:TASK-717252ae1f67e55d82a5319735ab9c0a"}
{"action": "skipped", "episode_id": "crypto:episode-25", "state": "TERMINAL_RESULT", "status": "RESULT", "task_id": "crypto:TASK-27ade8a7380b708600b008ed8602d756"}
{"action": "skipped", "episode_id": "crypto:episode-26", "state": "TERMINAL_RESULT", "status": "RESULT", "task_id": "crypto:TASK-ea5906e4dd8b3897bd126c12da09efbc"}
{"action": "skipped", "episode_id": "crypto:episode-27", "state": "TERMINAL_RESULT", "status": "RESULT", "task_id": "crypto:TASK-a07a31993dffde0924b756f4d7c218cd"}
{"action": "skipped", "episode_id": "crypto:episode-29", "state": "TERMINAL_RESULT", "status": "DUPLICATE", "task_id": "crypto:TASK-23de132dc972ced56b70c4a05e035a61"}
--- stderr
--- end
{"n": 150, "label": "ingest 22", "at": "2026-09-28T01:18:00Z", "seconds": 0.123, "argv": ["/home/runner/work/_temp/work/rt/cain-venv/bin/cain", "research", "ingest", "--domain", "crypto", "--state", "/home/runner/work/_temp/work/soak/cain-state", "--spool", "/home/runner/work/_temp/work/soak/spool"], "fault_env": {}, "exit": 0}
--- stdout
{"action": "duplicate", "file": "TASK-012f5d55aa3000fa92bce4a8de811193.bfb0e2c1820178f9.json"}
{"action": "duplicate", "file": "TASK-14a347da62048ed8c735e34ddf54bc5b.893e4a4c1dacf3ee.json"}
{"action": "duplicate", "file": "TASK-14e7ea21534e45e23a4277dac60a4f2a.2003b8d19579143d.json"}
{"action": "duplicate", "file": "TASK-15d9723c7d6dd424375798ad8639ed70.0885aedf34533044.json"}
{"action": "duplicate", "file": "TASK-15d9723c7d6dd424375798ad8639ed70.80e79386eca289ee.json"}
{"action": "duplicate", "file": "TASK-23de132dc972ced56b70c4a05e035a61.75206b22a1774f3c.json"}
{"action": "duplicate", "file": "TASK-27ade8a7380b708600b008ed8602d756.531407d081f1accb.json"}
{"action": "duplicate", "file": "TASK-44ab5a05adcbec305debd521451ac735.cdb63970b623672c.json"}
{"action": "duplicate", "file": "TASK-4a37fd926277a3ef0cae079b96c2ce99.f0f630cd9827a404.json"}
{"action": "duplicate", "file": "TASK-5a61224f3e2255c51110cfae4b996804.8baf8922f7c06a95.json"}
{"action": "duplicate", "file": "TASK-6a7e5eb91676be82445c3c99937349f4.ea4880f1c89dc8ff.json"}
{"action": "duplicate", "file": "TASK-6e2d003552c4cdc6a185532267c5931f.d80450b09bde8ddf.json"}
{"action": "duplicate", "file": "TASK-717252ae1f67e55d82a5319735ab9c0a.3d150adbe358f427.json"}
{"action": "duplicate", "file": "TASK-8075320c169e3679d3da0cbf875ce83d.6142fcc837de166a.json"}
{"action": "duplicate", "file": "TASK-a07a31993dffde0924b756f4d7c218cd.60f2a526e27abc60.json"}
{"action": "duplicate", "file": "TASK-a7ff76614894d1b4f94f3f4b8a493849.6fb7b0e6aefed5f3.json"}
{"action": "duplicate", "file": "TASK-c0756a400f58e2eb20df8cd25130c567.8bee819b70a21b33.json"}
{"action": "duplicate", "file": "TASK-c867e60770f59699273a55415d4bd298.3a85a389b3512f3a.json"}
{"action": "duplicate", "file": "TASK-d367c7f0a69accff2e52948d85e2cfc9.78b45ebaca48ec9a.json"}
{"action": "duplicate", "file": "TASK-d367c7f0a69accff2e52948d85e2cfc9.b5f1597ae1984f40.json"}
{"action": "duplicate", "file": "TASK-e1b9c54ae66cb5429906c7192474f592.a907442ba355f5f4.json"}
{"action": "duplicate", "file": "TASK-ea5906e4dd8b3897bd126c12da09efbc.678df81fb1f0e5af.json"}
{"action": "duplicate", "file": "TASK-ec6e000af508cc684f074d56cf1d65d4.643fafb3bdba5a61.json"}
{"action": "duplicate", "file": "TASK-fa5b145dd0e59b9b1f3c53919c0aad7f.22c4079447951de4.json"}
{"action": "skipped", "code": "DOMAIN_MISMATCH", "file": "interleaved-003-stocks.json", "state": "REJECTED"}
{"action": "skipped", "code": "DOMAIN_MISMATCH", "file": "interleaved-007-brasileirao.json", "state": "REJECTED"}
{"action": "skipped", "code": "DOMAIN_MISMATCH", "file": "interleaved-011-stocks.json", "state": "REJECTED"}
{"action": "skipped", "code": "DOMAIN_MISMATCH", "file": "interleaved-015-brasileirao.json", "state": "REJECTED"}
{"action": "skipped", "code": "DOMAIN_MISMATCH", "file": "interleaved-019-stocks.json", "state": "REJECTED"}
{"action": "duplicate", "file": "redelivered-001-TASK-5a61224f3e2255c51110cfae4b996804.8baf8922f7c06a95.json"}
{"action": "duplicate", "file": "redelivered-005-TASK-44ab5a05adcbec305debd521451ac735.cdb63970b623672c.json"}
{"action": "duplicate", "file": "redelivered-009-TASK-8075320c169e3679d3da0cbf875ce83d.6142fcc837de166a.json"}
{"action": "duplicate", "file": "redelivered-013-TASK-a7ff76614894d1b4f94f3f4b8a493849.6fb7b0e6aefed5f3.json"}
{"action": "duplicate", "file": "redelivered-017-TASK-6a7e5eb91676be82445c3c99937349f4.ea4880f1c89dc8ff.json"}
{"action": "duplicate", "file": "redelivered-021-TASK-a07a31993dffde0924b756f4d7c218cd.60f2a526e27abc60.json"}
--- stderr
--- end
{"n": 151, "label": "propose 23", "at": "2026-09-28T01:18:00Z", "seconds": 0.121, "argv": ["/home/runner/work/_temp/work/rt/cain-venv/bin/cain", "research", "propose", "--domain", "crypto", "--state", "/home/runner/work/_temp/work/soak/cain-state", "--proposal", "/home/runner/work/_temp/work/soak/proposals/023.json", "--as-of", "2026-09-28T01:18:00Z"], "fault_env": {}, "exit": 0}
--- stdout
{"decision": "ALLOW", "episode_id": "crypto:episode-30", "reason_code": "ALLOWED", "receipt_sha256": "3c59a270d38798db66572c77d44db8e5bd78e58d78676069b4f54e4b936dbfb0", "rule": "R14", "status": "RECORDED", "task": {"payload_sha256": "f6d704d9c67f2957fb1005b46c5599009353d3a6263a35164157d98e876cbaef", "previous_task_id": "crypto:TASK-23de132dc972ced56b70c4a05e035a61", "task_id": "crypto:TASK-5932298d6553097abf5fb756201e37ec"}}
--- stderr
--- end
{"n": 152, "label": "dispatch 23", "at": "2026-09-28T01:18:01Z", "seconds": 0.118, "argv": ["/home/runner/work/_temp/work/rt/cain-venv/bin/cain", "research", "dispatch", "--domain", "crypto", "--state", "/home/runner/work/_temp/work/soak/cain-state", "--spool", "/home/runner/work/_temp/work/soak/spool"], "fault_env": {}, "exit": 0}
--- stdout
{"action": "dispatched", "file": "crypto/tasks/TASK-5932298d6553097abf5fb756201e37ec.json", "spool": "WRITTEN", "task_id": "crypto:TASK-5932298d6553097abf5fb756201e37ec"}
--- stderr
--- end
{"n": 153, "label": "consumer 23", "at": "2026-09-28T01:18:01Z", "seconds": 0.446, "argv": ["/home/runner/work/_temp/work/rt/consumer-venv/bin/predictor-research-consumer", "--domain", "crypto", "--spool", "/home/runner/work/_temp/work/soak/spool", "--ledger", "/home/runner/work/_temp/work/soak/consumer/ledger.sqlite", "--state", "/home/runner/work/_temp/work/soak/domain-state", "--policy", "/home/runner/work/_temp/work/rt/op/policy.json", "--objects", "/home/runner/work/_temp/work/rt/op/objects"], "fault_env": {}, "exit": 0}
--- stdout
{"action": "skipped", "episode_id": "crypto:episode-1", "state": "TERMINAL_RESULT", "status": "RESULT", "task_id": "crypto:TASK-5a61224f3e2255c51110cfae4b996804"}
{"action": "skipped", "episode_id": "crypto:episode-3", "state": "TERMINAL_RESULT", "status": "DUPLICATE", "task_id": "crypto:TASK-ec6e000af508cc684f074d56cf1d65d4"}
{"action": "skipped", "episode_id": "crypto:episode-4", "state": "TERMINAL_RESULT", "status": "RESULT", "task_id": "crypto:TASK-c0756a400f58e2eb20df8cd25130c567"}
{"action": "skipped", "episode_id": "crypto:episode-6", "state": "TERMINAL_RESULT", "status": "RESULT", "task_id": "crypto:TASK-d367c7f0a69accff2e52948d85e2cfc9"}
{"action": "skipped", "episode_id": "crypto:episode-7", "state": "TERMINAL_RESULT", "status": "RESULT", "task_id": "crypto:TASK-44ab5a05adcbec305debd521451ac735"}
{"action": "skipped", "episode_id": "crypto:episode-9", "state": "TERMINAL_RESULT", "status": "DUPLICATE", "task_id": "crypto:TASK-14e7ea21534e45e23a4277dac60a4f2a"}
{"action": "skipped", "episode_id": "crypto:episode-10", "state": "TERMINAL_RESULT", "status": "RESULT", "task_id": "crypto:TASK-fa5b145dd0e59b9b1f3c53919c0aad7f"}
{"action": "skipped", "episode_id": "crypto:episode-11", "state": "TERMINAL_RESULT", "status": "RESULT", "task_id": "crypto:TASK-012f5d55aa3000fa92bce4a8de811193"}
{"action": "skipped", "episode_id": "crypto:episode-12", "state": "TERMINAL_RESULT", "status": "RESULT", "task_id": "crypto:TASK-8075320c169e3679d3da0cbf875ce83d"}
{"action": "skipped", "episode_id": "crypto:episode-14", "state": "TERMINAL_RESULT", "status": "DUPLICATE", "task_id": "crypto:TASK-e1b9c54ae66cb5429906c7192474f592"}
{"action": "skipped", "episode_id": "crypto:episode-15", "state": "TERMINAL_RESULT", "status": "RESULT", "task_id": "crypto:TASK-14a347da62048ed8c735e34ddf54bc5b"}
{"action": "skipped", "episode_id": "crypto:episode-16", "state": "TERMINAL_RESULT", "status": "RESULT", "task_id": "crypto:TASK-6e2d003552c4cdc6a185532267c5931f"}
{"action": "skipped", "episode_id": "crypto:episode-17", "state": "TERMINAL_RESULT", "status": "RESULT", "task_id": "crypto:TASK-a7ff76614894d1b4f94f3f4b8a493849"}
{"action": "skipped", "episode_id": "crypto:episode-19", "state": "TERMINAL_RESULT", "status": "DUPLICATE", "task_id": "crypto:TASK-c867e60770f59699273a55415d4bd298"}
{"action": "skipped", "episode_id": "crypto:episode-20", "state": "TERMINAL_RESULT", "status": "RESULT", "task_id": "crypto:TASK-4a37fd926277a3ef0cae079b96c2ce99"}
{"action": "skipped", "episode_id": "crypto:episode-21", "state": "TERMINAL_RESULT", "status": "RESULT", "task_id": "crypto:TASK-15d9723c7d6dd424375798ad8639ed70"}
{"action": "skipped", "episode_id": "crypto:episode-22", "state": "TERMINAL_RESULT", "status": "RESULT", "task_id": "crypto:TASK-6a7e5eb91676be82445c3c99937349f4"}
{"action": "skipped", "episode_id": "crypto:episode-24", "state": "TERMINAL_RESULT", "status": "DUPLICATE", "task_id": "crypto:TASK-717252ae1f67e55d82a5319735ab9c0a"}
{"action": "skipped", "episode_id": "crypto:episode-25", "state": "TERMINAL_RESULT", "status": "RESULT", "task_id": "crypto:TASK-27ade8a7380b708600b008ed8602d756"}
{"action": "skipped", "episode_id": "crypto:episode-26", "state": "TERMINAL_RESULT", "status": "RESULT", "task_id": "crypto:TASK-ea5906e4dd8b3897bd126c12da09efbc"}
{"action": "skipped", "episode_id": "crypto:episode-27", "state": "TERMINAL_RESULT", "status": "RESULT", "task_id": "crypto:TASK-a07a31993dffde0924b756f4d7c218cd"}
{"action": "skipped", "episode_id": "crypto:episode-29", "state": "TERMINAL_RESULT", "status": "DUPLICATE", "task_id": "crypto:TASK-23de132dc972ced56b70c4a05e035a61"}
{"action": "delivered", "attempt": 1, "class": "TERMINAL_RESULT", "episode_id": "crypto:episode-30", "result_file": "crypto/results/TASK-5932298d6553097abf5fb756201e37ec.339d2c6bd8c8107c.json", "result_write": "WRITTEN", "status": "RESULT", "task_id": "crypto:TASK-5932298d6553097abf5fb756201e37ec"}
--- stderr
{"duration_ms": 207, "event": "job_finished", "job_id": "crypto-research-96634b7da63e286826ad9152", "level": "INFO", "run_id": "01a0a80398f745928f90bf9eb0d2a1a3", "run_status": "SUCCEEDED", "service": "predictor_ops", "timestamp": "2026-09-28T01:18:01.458859Z"}
--- end
{"n": 154, "label": "ingest 23", "at": "2026-09-28T01:18:01Z", "seconds": 0.132, "argv": ["/home/runner/work/_temp/work/rt/cain-venv/bin/cain", "research", "ingest", "--domain", "crypto", "--state", "/home/runner/work/_temp/work/soak/cain-state", "--spool", "/home/runner/work/_temp/work/soak/spool"], "fault_env": {}, "exit": 0}
--- stdout
{"action": "duplicate", "file": "TASK-012f5d55aa3000fa92bce4a8de811193.bfb0e2c1820178f9.json"}
{"action": "duplicate", "file": "TASK-14a347da62048ed8c735e34ddf54bc5b.893e4a4c1dacf3ee.json"}
{"action": "duplicate", "file": "TASK-14e7ea21534e45e23a4277dac60a4f2a.2003b8d19579143d.json"}
{"action": "duplicate", "file": "TASK-15d9723c7d6dd424375798ad8639ed70.0885aedf34533044.json"}
{"action": "duplicate", "file": "TASK-15d9723c7d6dd424375798ad8639ed70.80e79386eca289ee.json"}
{"action": "duplicate", "file": "TASK-23de132dc972ced56b70c4a05e035a61.75206b22a1774f3c.json"}
{"action": "duplicate", "file": "TASK-27ade8a7380b708600b008ed8602d756.531407d081f1accb.json"}
{"action": "duplicate", "file": "TASK-44ab5a05adcbec305debd521451ac735.cdb63970b623672c.json"}
{"action": "duplicate", "file": "TASK-4a37fd926277a3ef0cae079b96c2ce99.f0f630cd9827a404.json"}
{"action": "ingested", "class": "TERMINAL_RESULT", "fact": "fact:addacd4ad0fe4c9f8a28cee7f42565ad", "file": "TASK-5932298d6553097abf5fb756201e37ec.339d2c6bd8c8107c.json", "status": "RESULT", "task_id": "crypto:TASK-5932298d6553097abf5fb756201e37ec"}
{"action": "duplicate", "file": "TASK-5a61224f3e2255c51110cfae4b996804.8baf8922f7c06a95.json"}
{"action": "duplicate", "file": "TASK-6a7e5eb91676be82445c3c99937349f4.ea4880f1c89dc8ff.json"}
{"action": "duplicate", "file": "TASK-6e2d003552c4cdc6a185532267c5931f.d80450b09bde8ddf.json"}
{"action": "duplicate", "file": "TASK-717252ae1f67e55d82a5319735ab9c0a.3d150adbe358f427.json"}
{"action": "duplicate", "file": "TASK-8075320c169e3679d3da0cbf875ce83d.6142fcc837de166a.json"}
{"action": "duplicate", "file": "TASK-a07a31993dffde0924b756f4d7c218cd.60f2a526e27abc60.json"}
{"action": "duplicate", "file": "TASK-a7ff76614894d1b4f94f3f4b8a493849.6fb7b0e6aefed5f3.json"}
{"action": "duplicate", "file": "TASK-c0756a400f58e2eb20df8cd25130c567.8bee819b70a21b33.json"}
{"action": "duplicate", "file": "TASK-c867e60770f59699273a55415d4bd298.3a85a389b3512f3a.json"}
{"action": "duplicate", "file": "TASK-d367c7f0a69accff2e52948d85e2cfc9.78b45ebaca48ec9a.json"}
{"action": "duplicate", "file": "TASK-d367c7f0a69accff2e52948d85e2cfc9.b5f1597ae1984f40.json"}
{"action": "duplicate", "file": "TASK-e1b9c54ae66cb5429906c7192474f592.a907442ba355f5f4.json"}
{"action": "duplicate", "file": "TASK-ea5906e4dd8b3897bd126c12da09efbc.678df81fb1f0e5af.json"}
{"action": "duplicate", "file": "TASK-ec6e000af508cc684f074d56cf1d65d4.643fafb3bdba5a61.json"}
{"action": "duplicate", "file": "TASK-fa5b145dd0e59b9b1f3c53919c0aad7f.22c4079447951de4.json"}
{"action": "skipped", "code": "DOMAIN_MISMATCH", "file": "interleaved-003-stocks.json", "state": "REJECTED"}
{"action": "skipped", "code": "DOMAIN_MISMATCH", "file": "interleaved-007-brasileirao.json", "state": "REJECTED"}
{"action": "skipped", "code": "DOMAIN_MISMATCH", "file": "interleaved-011-stocks.json", "state": "REJECTED"}
{"action": "skipped", "code": "DOMAIN_MISMATCH", "file": "interleaved-015-brasileirao.json", "state": "REJECTED"}
{"action": "skipped", "code": "DOMAIN_MISMATCH", "file": "interleaved-019-stocks.json", "state": "REJECTED"}
{"action": "duplicate", "file": "redelivered-001-TASK-5a61224f3e2255c51110cfae4b996804.8baf8922f7c06a95.json"}
{"action": "duplicate", "file": "redelivered-005-TASK-44ab5a05adcbec305debd521451ac735.cdb63970b623672c.json"}
{"action": "duplicate", "file": "redelivered-009-TASK-8075320c169e3679d3da0cbf875ce83d.6142fcc837de166a.json"}
{"action": "duplicate", "file": "redelivered-013-TASK-a7ff76614894d1b4f94f3f4b8a493849.6fb7b0e6aefed5f3.json"}
{"action": "duplicate", "file": "redelivered-017-TASK-6a7e5eb91676be82445c3c99937349f4.ea4880f1c89dc8ff.json"}
{"action": "duplicate", "file": "redelivered-021-TASK-a07a31993dffde0924b756f4d7c218cd.60f2a526e27abc60.json"}
--- stderr
--- end
{"n": 155, "label": "ingest interleaved brasileirao 23", "at": "2026-09-28T01:18:01Z", "seconds": 0.129, "argv": ["/home/runner/work/_temp/work/rt/cain-venv/bin/cain", "research", "ingest", "--domain", "crypto", "--state", "/home/runner/work/_temp/work/soak/cain-state", "--spool", "/home/runner/work/_temp/work/soak/spool"], "fault_env": {}, "exit": 2}
--- stdout
{"action": "duplicate", "file": "TASK-012f5d55aa3000fa92bce4a8de811193.bfb0e2c1820178f9.json"}
{"action": "duplicate", "file": "TASK-14a347da62048ed8c735e34ddf54bc5b.893e4a4c1dacf3ee.json"}
{"action": "duplicate", "file": "TASK-14e7ea21534e45e23a4277dac60a4f2a.2003b8d19579143d.json"}
{"action": "duplicate", "file": "TASK-15d9723c7d6dd424375798ad8639ed70.0885aedf34533044.json"}
{"action": "duplicate", "file": "TASK-15d9723c7d6dd424375798ad8639ed70.80e79386eca289ee.json"}
{"action": "duplicate", "file": "TASK-23de132dc972ced56b70c4a05e035a61.75206b22a1774f3c.json"}
{"action": "duplicate", "file": "TASK-27ade8a7380b708600b008ed8602d756.531407d081f1accb.json"}
{"action": "duplicate", "file": "TASK-44ab5a05adcbec305debd521451ac735.cdb63970b623672c.json"}
{"action": "duplicate", "file": "TASK-4a37fd926277a3ef0cae079b96c2ce99.f0f630cd9827a404.json"}
{"action": "duplicate", "file": "TASK-5932298d6553097abf5fb756201e37ec.339d2c6bd8c8107c.json"}
{"action": "duplicate", "file": "TASK-5a61224f3e2255c51110cfae4b996804.8baf8922f7c06a95.json"}
{"action": "duplicate", "file": "TASK-6a7e5eb91676be82445c3c99937349f4.ea4880f1c89dc8ff.json"}
{"action": "duplicate", "file": "TASK-6e2d003552c4cdc6a185532267c5931f.d80450b09bde8ddf.json"}
{"action": "duplicate", "file": "TASK-717252ae1f67e55d82a5319735ab9c0a.3d150adbe358f427.json"}
{"action": "duplicate", "file": "TASK-8075320c169e3679d3da0cbf875ce83d.6142fcc837de166a.json"}
{"action": "duplicate", "file": "TASK-a07a31993dffde0924b756f4d7c218cd.60f2a526e27abc60.json"}
{"action": "duplicate", "file": "TASK-a7ff76614894d1b4f94f3f4b8a493849.6fb7b0e6aefed5f3.json"}
{"action": "duplicate", "file": "TASK-c0756a400f58e2eb20df8cd25130c567.8bee819b70a21b33.json"}
{"action": "duplicate", "file": "TASK-c867e60770f59699273a55415d4bd298.3a85a389b3512f3a.json"}
{"action": "duplicate", "file": "TASK-d367c7f0a69accff2e52948d85e2cfc9.78b45ebaca48ec9a.json"}
{"action": "duplicate", "file": "TASK-d367c7f0a69accff2e52948d85e2cfc9.b5f1597ae1984f40.json"}
{"action": "duplicate", "file": "TASK-e1b9c54ae66cb5429906c7192474f592.a907442ba355f5f4.json"}
{"action": "duplicate", "file": "TASK-ea5906e4dd8b3897bd126c12da09efbc.678df81fb1f0e5af.json"}
{"action": "duplicate", "file": "TASK-ec6e000af508cc684f074d56cf1d65d4.643fafb3bdba5a61.json"}
{"action": "duplicate", "file": "TASK-fa5b145dd0e59b9b1f3c53919c0aad7f.22c4079447951de4.json"}
{"action": "skipped", "code": "DOMAIN_MISMATCH", "file": "interleaved-003-stocks.json", "state": "REJECTED"}
{"action": "skipped", "code": "DOMAIN_MISMATCH", "file": "interleaved-007-brasileirao.json", "state": "REJECTED"}
{"action": "skipped", "code": "DOMAIN_MISMATCH", "file": "interleaved-011-stocks.json", "state": "REJECTED"}
{"action": "skipped", "code": "DOMAIN_MISMATCH", "file": "interleaved-015-brasileirao.json", "state": "REJECTED"}
{"action": "skipped", "code": "DOMAIN_MISMATCH", "file": "interleaved-019-stocks.json", "state": "REJECTED"}
{"action": "rejected", "code": "DOMAIN_MISMATCH", "file": "interleaved-023-brasileirao.json", "reason": "result of domain brasileirao"}
{"action": "duplicate", "file": "redelivered-001-TASK-5a61224f3e2255c51110cfae4b996804.8baf8922f7c06a95.json"}
{"action": "duplicate", "file": "redelivered-005-TASK-44ab5a05adcbec305debd521451ac735.cdb63970b623672c.json"}
{"action": "duplicate", "file": "redelivered-009-TASK-8075320c169e3679d3da0cbf875ce83d.6142fcc837de166a.json"}
{"action": "duplicate", "file": "redelivered-013-TASK-a7ff76614894d1b4f94f3f4b8a493849.6fb7b0e6aefed5f3.json"}
{"action": "duplicate", "file": "redelivered-017-TASK-6a7e5eb91676be82445c3c99937349f4.ea4880f1c89dc8ff.json"}
{"action": "duplicate", "file": "redelivered-021-TASK-a07a31993dffde0924b756f4d7c218cd.60f2a526e27abc60.json"}
--- stderr
--- end
{"n": 156, "label": "propose brasileirao H9 into crypto 23", "at": "2026-09-28T01:18:01Z", "seconds": 0.115, "argv": ["/home/runner/work/_temp/work/rt/cain-venv/bin/cain", "research", "propose", "--domain", "crypto", "--state", "/home/runner/work/_temp/work/soak/cain-state", "--proposal", "/home/runner/work/predictor-qualification/predictor-qualification/qualification/integration-crypto/fixtures/proposals/e2e/06-stocks-h9.json", "--as-of", "2026-09-28T01:18:01Z"], "fault_env": {}, "exit": 0}
--- stdout
{"decision": "BLOCK", "episode_id": "crypto:episode-5", "reason_code": "DOMAIN_MISMATCH", "receipt_sha256": "25e0f7ef828339bc0a20b610659334963483c3945eaddf3d544bef2a0ab8a941", "rule": "R01", "status": "EXISTING", "task": null}
--- stderr
--- end
{"n": 157, "label": "propose 24", "at": "2026-09-28T01:18:01Z", "seconds": 0.121, "argv": ["/home/runner/work/_temp/work/rt/cain-venv/bin/cain", "research", "propose", "--domain", "crypto", "--state", "/home/runner/work/_temp/work/soak/cain-state", "--proposal", "/home/runner/work/_temp/work/soak/proposals/024.json", "--as-of", "2026-09-28T01:18:01Z"], "fault_env": {}, "exit": 0}
--- stdout
{"decision": "ALLOW", "episode_id": "crypto:episode-31", "reason_code": "ALLOWED", "receipt_sha256": "3957cfe061c65d28d32690206b1653c436b24e2a4185801616f99285b3c9148d", "rule": "R14", "status": "RECORDED", "task": {"payload_sha256": "3959a9b490742b4bd849d7aa74c47f97cd34493cfd8cc696e84887b1c49c20c7", "previous_task_id": "crypto:TASK-5932298d6553097abf5fb756201e37ec", "task_id": "crypto:TASK-0c38ef914ce8c3fd60a9a6eb167b7690"}}
--- stderr
--- end
{"n": 158, "label": "dispatch 24", "at": "2026-09-28T01:18:02Z", "seconds": 0.118, "argv": ["/home/runner/work/_temp/work/rt/cain-venv/bin/cain", "research", "dispatch", "--domain", "crypto", "--state", "/home/runner/work/_temp/work/soak/cain-state", "--spool", "/home/runner/work/_temp/work/soak/spool"], "fault_env": {}, "exit": 0}
--- stdout
{"action": "dispatched", "file": "crypto/tasks/TASK-0c38ef914ce8c3fd60a9a6eb167b7690.json", "spool": "WRITTEN", "task_id": "crypto:TASK-0c38ef914ce8c3fd60a9a6eb167b7690"}
--- stderr
--- end
{"n": 159, "label": "consumer 24", "at": "2026-09-28T01:18:02Z", "seconds": 0.448, "argv": ["/home/runner/work/_temp/work/rt/consumer-venv/bin/predictor-research-consumer", "--domain", "crypto", "--spool", "/home/runner/work/_temp/work/soak/spool", "--ledger", "/home/runner/work/_temp/work/soak/consumer/ledger.sqlite", "--state", "/home/runner/work/_temp/work/soak/domain-state", "--policy", "/home/runner/work/_temp/work/rt/op/policy.json", "--objects", "/home/runner/work/_temp/work/rt/op/objects"], "fault_env": {}, "exit": 0}
--- stdout
{"action": "skipped", "episode_id": "crypto:episode-1", "state": "TERMINAL_RESULT", "status": "RESULT", "task_id": "crypto:TASK-5a61224f3e2255c51110cfae4b996804"}
{"action": "skipped", "episode_id": "crypto:episode-3", "state": "TERMINAL_RESULT", "status": "DUPLICATE", "task_id": "crypto:TASK-ec6e000af508cc684f074d56cf1d65d4"}
{"action": "skipped", "episode_id": "crypto:episode-4", "state": "TERMINAL_RESULT", "status": "RESULT", "task_id": "crypto:TASK-c0756a400f58e2eb20df8cd25130c567"}
{"action": "skipped", "episode_id": "crypto:episode-6", "state": "TERMINAL_RESULT", "status": "RESULT", "task_id": "crypto:TASK-d367c7f0a69accff2e52948d85e2cfc9"}
{"action": "skipped", "episode_id": "crypto:episode-7", "state": "TERMINAL_RESULT", "status": "RESULT", "task_id": "crypto:TASK-44ab5a05adcbec305debd521451ac735"}
{"action": "skipped", "episode_id": "crypto:episode-9", "state": "TERMINAL_RESULT", "status": "DUPLICATE", "task_id": "crypto:TASK-14e7ea21534e45e23a4277dac60a4f2a"}
{"action": "skipped", "episode_id": "crypto:episode-10", "state": "TERMINAL_RESULT", "status": "RESULT", "task_id": "crypto:TASK-fa5b145dd0e59b9b1f3c53919c0aad7f"}
{"action": "skipped", "episode_id": "crypto:episode-11", "state": "TERMINAL_RESULT", "status": "RESULT", "task_id": "crypto:TASK-012f5d55aa3000fa92bce4a8de811193"}
{"action": "skipped", "episode_id": "crypto:episode-12", "state": "TERMINAL_RESULT", "status": "RESULT", "task_id": "crypto:TASK-8075320c169e3679d3da0cbf875ce83d"}
{"action": "skipped", "episode_id": "crypto:episode-14", "state": "TERMINAL_RESULT", "status": "DUPLICATE", "task_id": "crypto:TASK-e1b9c54ae66cb5429906c7192474f592"}
{"action": "skipped", "episode_id": "crypto:episode-15", "state": "TERMINAL_RESULT", "status": "RESULT", "task_id": "crypto:TASK-14a347da62048ed8c735e34ddf54bc5b"}
{"action": "skipped", "episode_id": "crypto:episode-16", "state": "TERMINAL_RESULT", "status": "RESULT", "task_id": "crypto:TASK-6e2d003552c4cdc6a185532267c5931f"}
{"action": "skipped", "episode_id": "crypto:episode-17", "state": "TERMINAL_RESULT", "status": "RESULT", "task_id": "crypto:TASK-a7ff76614894d1b4f94f3f4b8a493849"}
{"action": "skipped", "episode_id": "crypto:episode-19", "state": "TERMINAL_RESULT", "status": "DUPLICATE", "task_id": "crypto:TASK-c867e60770f59699273a55415d4bd298"}
{"action": "skipped", "episode_id": "crypto:episode-20", "state": "TERMINAL_RESULT", "status": "RESULT", "task_id": "crypto:TASK-4a37fd926277a3ef0cae079b96c2ce99"}
{"action": "skipped", "episode_id": "crypto:episode-21", "state": "TERMINAL_RESULT", "status": "RESULT", "task_id": "crypto:TASK-15d9723c7d6dd424375798ad8639ed70"}
{"action": "skipped", "episode_id": "crypto:episode-22", "state": "TERMINAL_RESULT", "status": "RESULT", "task_id": "crypto:TASK-6a7e5eb91676be82445c3c99937349f4"}
{"action": "skipped", "episode_id": "crypto:episode-24", "state": "TERMINAL_RESULT", "status": "DUPLICATE", "task_id": "crypto:TASK-717252ae1f67e55d82a5319735ab9c0a"}
{"action": "skipped", "episode_id": "crypto:episode-25", "state": "TERMINAL_RESULT", "status": "RESULT", "task_id": "crypto:TASK-27ade8a7380b708600b008ed8602d756"}
{"action": "skipped", "episode_id": "crypto:episode-26", "state": "TERMINAL_RESULT", "status": "RESULT", "task_id": "crypto:TASK-ea5906e4dd8b3897bd126c12da09efbc"}
{"action": "skipped", "episode_id": "crypto:episode-27", "state": "TERMINAL_RESULT", "status": "RESULT", "task_id": "crypto:TASK-a07a31993dffde0924b756f4d7c218cd"}
{"action": "skipped", "episode_id": "crypto:episode-29", "state": "TERMINAL_RESULT", "status": "DUPLICATE", "task_id": "crypto:TASK-23de132dc972ced56b70c4a05e035a61"}
{"action": "skipped", "episode_id": "crypto:episode-30", "state": "TERMINAL_RESULT", "status": "RESULT", "task_id": "crypto:TASK-5932298d6553097abf5fb756201e37ec"}
{"action": "delivered", "attempt": 1, "class": "TERMINAL_RESULT", "episode_id": "crypto:episode-31", "result_file": "crypto/results/TASK-0c38ef914ce8c3fd60a9a6eb167b7690.c33d030199179e3a.json", "result_write": "WRITTEN", "status": "RESULT", "task_id": "crypto:TASK-0c38ef914ce8c3fd60a9a6eb167b7690"}
--- stderr
{"duration_ms": 206, "event": "job_finished", "job_id": "crypto-research-222e116e5dc795a9a7ad842f", "level": "INFO", "run_id": "5d0b4445ca7442659f0f9d7e0e442545", "run_status": "SUCCEEDED", "service": "predictor_ops", "timestamp": "2026-09-28T01:18:02.521574Z"}
--- end
{"n": 160, "label": "ingest 24", "at": "2026-09-28T01:18:02Z", "seconds": 0.132, "argv": ["/home/runner/work/_temp/work/rt/cain-venv/bin/cain", "research", "ingest", "--domain", "crypto", "--state", "/home/runner/work/_temp/work/soak/cain-state", "--spool", "/home/runner/work/_temp/work/soak/spool"], "fault_env": {}, "exit": 0}
--- stdout
{"action": "duplicate", "file": "TASK-012f5d55aa3000fa92bce4a8de811193.bfb0e2c1820178f9.json"}
{"action": "ingested", "class": "TERMINAL_RESULT", "fact": "fact:b89322ac8a954560bcb6b3460cd86a0e", "file": "TASK-0c38ef914ce8c3fd60a9a6eb167b7690.c33d030199179e3a.json", "status": "RESULT", "task_id": "crypto:TASK-0c38ef914ce8c3fd60a9a6eb167b7690"}
{"action": "duplicate", "file": "TASK-14a347da62048ed8c735e34ddf54bc5b.893e4a4c1dacf3ee.json"}
{"action": "duplicate", "file": "TASK-14e7ea21534e45e23a4277dac60a4f2a.2003b8d19579143d.json"}
{"action": "duplicate", "file": "TASK-15d9723c7d6dd424375798ad8639ed70.0885aedf34533044.json"}
{"action": "duplicate", "file": "TASK-15d9723c7d6dd424375798ad8639ed70.80e79386eca289ee.json"}
{"action": "duplicate", "file": "TASK-23de132dc972ced56b70c4a05e035a61.75206b22a1774f3c.json"}
{"action": "duplicate", "file": "TASK-27ade8a7380b708600b008ed8602d756.531407d081f1accb.json"}
{"action": "duplicate", "file": "TASK-44ab5a05adcbec305debd521451ac735.cdb63970b623672c.json"}
{"action": "duplicate", "file": "TASK-4a37fd926277a3ef0cae079b96c2ce99.f0f630cd9827a404.json"}
{"action": "duplicate", "file": "TASK-5932298d6553097abf5fb756201e37ec.339d2c6bd8c8107c.json"}
{"action": "duplicate", "file": "TASK-5a61224f3e2255c51110cfae4b996804.8baf8922f7c06a95.json"}
{"action": "duplicate", "file": "TASK-6a7e5eb91676be82445c3c99937349f4.ea4880f1c89dc8ff.json"}
{"action": "duplicate", "file": "TASK-6e2d003552c4cdc6a185532267c5931f.d80450b09bde8ddf.json"}
{"action": "duplicate", "file": "TASK-717252ae1f67e55d82a5319735ab9c0a.3d150adbe358f427.json"}
{"action": "duplicate", "file": "TASK-8075320c169e3679d3da0cbf875ce83d.6142fcc837de166a.json"}
{"action": "duplicate", "file": "TASK-a07a31993dffde0924b756f4d7c218cd.60f2a526e27abc60.json"}
{"action": "duplicate", "file": "TASK-a7ff76614894d1b4f94f3f4b8a493849.6fb7b0e6aefed5f3.json"}
{"action": "duplicate", "file": "TASK-c0756a400f58e2eb20df8cd25130c567.8bee819b70a21b33.json"}
{"action": "duplicate", "file": "TASK-c867e60770f59699273a55415d4bd298.3a85a389b3512f3a.json"}
{"action": "duplicate", "file": "TASK-d367c7f0a69accff2e52948d85e2cfc9.78b45ebaca48ec9a.json"}
{"action": "duplicate", "file": "TASK-d367c7f0a69accff2e52948d85e2cfc9.b5f1597ae1984f40.json"}
{"action": "duplicate", "file": "TASK-e1b9c54ae66cb5429906c7192474f592.a907442ba355f5f4.json"}
{"action": "duplicate", "file": "TASK-ea5906e4dd8b3897bd126c12da09efbc.678df81fb1f0e5af.json"}
{"action": "duplicate", "file": "TASK-ec6e000af508cc684f074d56cf1d65d4.643fafb3bdba5a61.json"}
{"action": "duplicate", "file": "TASK-fa5b145dd0e59b9b1f3c53919c0aad7f.22c4079447951de4.json"}
{"action": "skipped", "code": "DOMAIN_MISMATCH", "file": "interleaved-003-stocks.json", "state": "REJECTED"}
{"action": "skipped", "code": "DOMAIN_MISMATCH", "file": "interleaved-007-brasileirao.json", "state": "REJECTED"}
{"action": "skipped", "code": "DOMAIN_MISMATCH", "file": "interleaved-011-stocks.json", "state": "REJECTED"}
{"action": "skipped", "code": "DOMAIN_MISMATCH", "file": "interleaved-015-brasileirao.json", "state": "REJECTED"}
{"action": "skipped", "code": "DOMAIN_MISMATCH", "file": "interleaved-019-stocks.json", "state": "REJECTED"}
{"action": "skipped", "code": "DOMAIN_MISMATCH", "file": "interleaved-023-brasileirao.json", "state": "REJECTED"}
{"action": "duplicate", "file": "redelivered-001-TASK-5a61224f3e2255c51110cfae4b996804.8baf8922f7c06a95.json"}
{"action": "duplicate", "file": "redelivered-005-TASK-44ab5a05adcbec305debd521451ac735.cdb63970b623672c.json"}
{"action": "duplicate", "file": "redelivered-009-TASK-8075320c169e3679d3da0cbf875ce83d.6142fcc837de166a.json"}
{"action": "duplicate", "file": "redelivered-013-TASK-a7ff76614894d1b4f94f3f4b8a493849.6fb7b0e6aefed5f3.json"}
{"action": "duplicate", "file": "redelivered-017-TASK-6a7e5eb91676be82445c3c99937349f4.ea4880f1c89dc8ff.json"}
{"action": "duplicate", "file": "redelivered-021-TASK-a07a31993dffde0924b756f4d7c218cd.60f2a526e27abc60.json"}
--- stderr
--- end
{"n": 161, "label": "llm proposal 1", "at": "2026-09-28T01:18:18Z", "seconds": 16.092, "argv": ["/home/runner/work/_temp/work/rt/cain-venv/bin/cain", "research", "explain", "proximo experimento 1", "--propose-for-domain", "crypto", "--state", "/home/runner/work/_temp/work/soak/cain-state", "--proposal-out", "/home/runner/work/_temp/work/soak/proposals/llm-1.json", "--proposal-id", "cain:SOAK-LLM-1", "--config", "/home/runner/work/_temp/work/soak/cain-llm.toml"], "fault_env": {}, "exit": 0}
--- stdout
{"audit": "/home/runner/work/_temp/work/soak/proposals/llm-1.audit.json", "hypothesis_id": "crypto:QUAL-SHADOW-REAL-001", "model": {"digest": "a8b0c51577010a279d933d14c2a8ab4b268079d44c5c8830c0a93900f1827c67", "model": "qwen2.5:0.5b", "provider": "OllamaLLM"}, "proposal": "/home/runner/work/_temp/work/soak/proposals/llm-1.json"}
--- stderr
--- end
{"n": 162, "label": "propose llm 1", "at": "2026-09-28T01:18:18Z", "seconds": 0.122, "argv": ["/home/runner/work/_temp/work/rt/cain-venv/bin/cain", "research", "propose", "--domain", "crypto", "--state", "/home/runner/work/_temp/work/soak/cain-state", "--proposal", "/home/runner/work/_temp/work/soak/proposals/llm-1.json", "--as-of", "2026-09-28T01:18:18Z"], "fault_env": {}, "exit": 0}
--- stdout
{"decision": "ALLOW", "episode_id": "crypto:episode-32", "reason_code": "ALLOWED", "receipt_sha256": "2273b778146917a762086a2e3de223cd2c752046cf9c593c829f79dda016c754", "rule": "R14", "status": "RECORDED", "task": {"payload_sha256": "2f3aa563f8e73885a46f488f99c99893c57b390ded12384025d54beed31849d2", "previous_task_id": "crypto:TASK-0c38ef914ce8c3fd60a9a6eb167b7690", "task_id": "crypto:TASK-61ecee6ff64d132cfdf613c1e7338623"}}
--- stderr
--- end
{"n": 163, "label": "dispatch llm 1", "at": "2026-09-28T01:18:19Z", "seconds": 0.12, "argv": ["/home/runner/work/_temp/work/rt/cain-venv/bin/cain", "research", "dispatch", "--domain", "crypto", "--state", "/home/runner/work/_temp/work/soak/cain-state", "--spool", "/home/runner/work/_temp/work/soak/spool"], "fault_env": {}, "exit": 0}
--- stdout
{"action": "dispatched", "file": "crypto/tasks/TASK-61ecee6ff64d132cfdf613c1e7338623.json", "spool": "WRITTEN", "task_id": "crypto:TASK-61ecee6ff64d132cfdf613c1e7338623"}
--- stderr
--- end
{"n": 164, "label": "consumer llm 1", "at": "2026-09-28T01:18:19Z", "seconds": 0.454, "argv": ["/home/runner/work/_temp/work/rt/consumer-venv/bin/predictor-research-consumer", "--domain", "crypto", "--spool", "/home/runner/work/_temp/work/soak/spool", "--ledger", "/home/runner/work/_temp/work/soak/consumer/ledger.sqlite", "--state", "/home/runner/work/_temp/work/soak/domain-state", "--policy", "/home/runner/work/_temp/work/rt/op/policy.json", "--objects", "/home/runner/work/_temp/work/rt/op/objects"], "fault_env": {}, "exit": 0}
--- stdout
{"action": "skipped", "episode_id": "crypto:episode-1", "state": "TERMINAL_RESULT", "status": "RESULT", "task_id": "crypto:TASK-5a61224f3e2255c51110cfae4b996804"}
{"action": "skipped", "episode_id": "crypto:episode-3", "state": "TERMINAL_RESULT", "status": "DUPLICATE", "task_id": "crypto:TASK-ec6e000af508cc684f074d56cf1d65d4"}
{"action": "skipped", "episode_id": "crypto:episode-4", "state": "TERMINAL_RESULT", "status": "RESULT", "task_id": "crypto:TASK-c0756a400f58e2eb20df8cd25130c567"}
{"action": "skipped", "episode_id": "crypto:episode-6", "state": "TERMINAL_RESULT", "status": "RESULT", "task_id": "crypto:TASK-d367c7f0a69accff2e52948d85e2cfc9"}
{"action": "skipped", "episode_id": "crypto:episode-7", "state": "TERMINAL_RESULT", "status": "RESULT", "task_id": "crypto:TASK-44ab5a05adcbec305debd521451ac735"}
{"action": "skipped", "episode_id": "crypto:episode-9", "state": "TERMINAL_RESULT", "status": "DUPLICATE", "task_id": "crypto:TASK-14e7ea21534e45e23a4277dac60a4f2a"}
{"action": "skipped", "episode_id": "crypto:episode-10", "state": "TERMINAL_RESULT", "status": "RESULT", "task_id": "crypto:TASK-fa5b145dd0e59b9b1f3c53919c0aad7f"}
{"action": "skipped", "episode_id": "crypto:episode-11", "state": "TERMINAL_RESULT", "status": "RESULT", "task_id": "crypto:TASK-012f5d55aa3000fa92bce4a8de811193"}
{"action": "skipped", "episode_id": "crypto:episode-12", "state": "TERMINAL_RESULT", "status": "RESULT", "task_id": "crypto:TASK-8075320c169e3679d3da0cbf875ce83d"}
{"action": "skipped", "episode_id": "crypto:episode-14", "state": "TERMINAL_RESULT", "status": "DUPLICATE", "task_id": "crypto:TASK-e1b9c54ae66cb5429906c7192474f592"}
{"action": "skipped", "episode_id": "crypto:episode-15", "state": "TERMINAL_RESULT", "status": "RESULT", "task_id": "crypto:TASK-14a347da62048ed8c735e34ddf54bc5b"}
{"action": "skipped", "episode_id": "crypto:episode-16", "state": "TERMINAL_RESULT", "status": "RESULT", "task_id": "crypto:TASK-6e2d003552c4cdc6a185532267c5931f"}
{"action": "skipped", "episode_id": "crypto:episode-17", "state": "TERMINAL_RESULT", "status": "RESULT", "task_id": "crypto:TASK-a7ff76614894d1b4f94f3f4b8a493849"}
{"action": "skipped", "episode_id": "crypto:episode-19", "state": "TERMINAL_RESULT", "status": "DUPLICATE", "task_id": "crypto:TASK-c867e60770f59699273a55415d4bd298"}
{"action": "skipped", "episode_id": "crypto:episode-20", "state": "TERMINAL_RESULT", "status": "RESULT", "task_id": "crypto:TASK-4a37fd926277a3ef0cae079b96c2ce99"}
{"action": "skipped", "episode_id": "crypto:episode-21", "state": "TERMINAL_RESULT", "status": "RESULT", "task_id": "crypto:TASK-15d9723c7d6dd424375798ad8639ed70"}
{"action": "skipped", "episode_id": "crypto:episode-22", "state": "TERMINAL_RESULT", "status": "RESULT", "task_id": "crypto:TASK-6a7e5eb91676be82445c3c99937349f4"}
{"action": "skipped", "episode_id": "crypto:episode-24", "state": "TERMINAL_RESULT", "status": "DUPLICATE", "task_id": "crypto:TASK-717252ae1f67e55d82a5319735ab9c0a"}
{"action": "skipped", "episode_id": "crypto:episode-25", "state": "TERMINAL_RESULT", "status": "RESULT", "task_id": "crypto:TASK-27ade8a7380b708600b008ed8602d756"}
{"action": "skipped", "episode_id": "crypto:episode-26", "state": "TERMINAL_RESULT", "status": "RESULT", "task_id": "crypto:TASK-ea5906e4dd8b3897bd126c12da09efbc"}
{"action": "skipped", "episode_id": "crypto:episode-27", "state": "TERMINAL_RESULT", "status": "RESULT", "task_id": "crypto:TASK-a07a31993dffde0924b756f4d7c218cd"}
{"action": "skipped", "episode_id": "crypto:episode-29", "state": "TERMINAL_RESULT", "status": "DUPLICATE", "task_id": "crypto:TASK-23de132dc972ced56b70c4a05e035a61"}
{"action": "skipped", "episode_id": "crypto:episode-30", "state": "TERMINAL_RESULT", "status": "RESULT", "task_id": "crypto:TASK-5932298d6553097abf5fb756201e37ec"}
{"action": "skipped", "episode_id": "crypto:episode-31", "state": "TERMINAL_RESULT", "status": "RESULT", "task_id": "crypto:TASK-0c38ef914ce8c3fd60a9a6eb167b7690"}
{"action": "delivered", "attempt": 1, "class": "TERMINAL_RESULT", "episode_id": "crypto:episode-32", "result_file": "crypto/results/TASK-61ecee6ff64d132cfdf613c1e7338623.866eaed4e9092969.json", "result_write": "WRITTEN", "status": "RESULT", "task_id": "crypto:TASK-61ecee6ff64d132cfdf613c1e7338623"}
--- stderr
{"duration_ms": 207, "event": "job_finished", "job_id": "crypto-research-ad45e1e9f6dfeaa9374804ea", "level": "INFO", "run_id": "699af2567df14af4bbb3114b204a7f47", "run_status": "SUCCEEDED", "service": "predictor_ops", "timestamp": "2026-09-28T01:18:19.443472Z"}
--- end
{"n": 165, "label": "ingest llm 1", "at": "2026-09-28T01:18:19Z", "seconds": 0.132, "argv": ["/home/runner/work/_temp/work/rt/cain-venv/bin/cain", "research", "ingest", "--domain", "crypto", "--state", "/home/runner/work/_temp/work/soak/cain-state", "--spool", "/home/runner/work/_temp/work/soak/spool"], "fault_env": {}, "exit": 0}
--- stdout
{"action": "duplicate", "file": "TASK-012f5d55aa3000fa92bce4a8de811193.bfb0e2c1820178f9.json"}
{"action": "duplicate", "file": "TASK-0c38ef914ce8c3fd60a9a6eb167b7690.c33d030199179e3a.json"}
{"action": "duplicate", "file": "TASK-14a347da62048ed8c735e34ddf54bc5b.893e4a4c1dacf3ee.json"}
{"action": "duplicate", "file": "TASK-14e7ea21534e45e23a4277dac60a4f2a.2003b8d19579143d.json"}
{"action": "duplicate", "file": "TASK-15d9723c7d6dd424375798ad8639ed70.0885aedf34533044.json"}
{"action": "duplicate", "file": "TASK-15d9723c7d6dd424375798ad8639ed70.80e79386eca289ee.json"}
{"action": "duplicate", "file": "TASK-23de132dc972ced56b70c4a05e035a61.75206b22a1774f3c.json"}
{"action": "duplicate", "file": "TASK-27ade8a7380b708600b008ed8602d756.531407d081f1accb.json"}
{"action": "duplicate", "file": "TASK-44ab5a05adcbec305debd521451ac735.cdb63970b623672c.json"}
{"action": "duplicate", "file": "TASK-4a37fd926277a3ef0cae079b96c2ce99.f0f630cd9827a404.json"}
{"action": "duplicate", "file": "TASK-5932298d6553097abf5fb756201e37ec.339d2c6bd8c8107c.json"}
{"action": "duplicate", "file": "TASK-5a61224f3e2255c51110cfae4b996804.8baf8922f7c06a95.json"}
{"action": "ingested", "class": "TERMINAL_RESULT", "fact": "fact:ed33e1b8fdcd4437888f2d72777efad4", "file": "TASK-61ecee6ff64d132cfdf613c1e7338623.866eaed4e9092969.json", "status": "RESULT", "task_id": "crypto:TASK-61ecee6ff64d132cfdf613c1e7338623"}
{"action": "duplicate", "file": "TASK-6a7e5eb91676be82445c3c99937349f4.ea4880f1c89dc8ff.json"}
{"action": "duplicate", "file": "TASK-6e2d003552c4cdc6a185532267c5931f.d80450b09bde8ddf.json"}
{"action": "duplicate", "file": "TASK-717252ae1f67e55d82a5319735ab9c0a.3d150adbe358f427.json"}
{"action": "duplicate", "file": "TASK-8075320c169e3679d3da0cbf875ce83d.6142fcc837de166a.json"}
{"action": "duplicate", "file": "TASK-a07a31993dffde0924b756f4d7c218cd.60f2a526e27abc60.json"}
{"action": "duplicate", "file": "TASK-a7ff76614894d1b4f94f3f4b8a493849.6fb7b0e6aefed5f3.json"}
{"action": "duplicate", "file": "TASK-c0756a400f58e2eb20df8cd25130c567.8bee819b70a21b33.json"}
{"action": "duplicate", "file": "TASK-c867e60770f59699273a55415d4bd298.3a85a389b3512f3a.json"}
{"action": "duplicate", "file": "TASK-d367c7f0a69accff2e52948d85e2cfc9.78b45ebaca48ec9a.json"}
{"action": "duplicate", "file": "TASK-d367c7f0a69accff2e52948d85e2cfc9.b5f1597ae1984f40.json"}
{"action": "duplicate", "file": "TASK-e1b9c54ae66cb5429906c7192474f592.a907442ba355f5f4.json"}
{"action": "duplicate", "file": "TASK-ea5906e4dd8b3897bd126c12da09efbc.678df81fb1f0e5af.json"}
{"action": "duplicate", "file": "TASK-ec6e000af508cc684f074d56cf1d65d4.643fafb3bdba5a61.json"}
{"action": "duplicate", "file": "TASK-fa5b145dd0e59b9b1f3c53919c0aad7f.22c4079447951de4.json"}
{"action": "skipped", "code": "DOMAIN_MISMATCH", "file": "interleaved-003-stocks.json", "state": "REJECTED"}
{"action": "skipped", "code": "DOMAIN_MISMATCH", "file": "interleaved-007-brasileirao.json", "state": "REJECTED"}
{"action": "skipped", "code": "DOMAIN_MISMATCH", "file": "interleaved-011-stocks.json", "state": "REJECTED"}
{"action": "skipped", "code": "DOMAIN_MISMATCH", "file": "interleaved-015-brasileirao.json", "state": "REJECTED"}
{"action": "skipped", "code": "DOMAIN_MISMATCH", "file": "interleaved-019-stocks.json", "state": "REJECTED"}
{"action": "skipped", "code": "DOMAIN_MISMATCH", "file": "interleaved-023-brasileirao.json", "state": "REJECTED"}
{"action": "duplicate", "file": "redelivered-001-TASK-5a61224f3e2255c51110cfae4b996804.8baf8922f7c06a95.json"}
{"action": "duplicate", "file": "redelivered-005-TASK-44ab5a05adcbec305debd521451ac735.cdb63970b623672c.json"}
{"action": "duplicate", "file": "redelivered-009-TASK-8075320c169e3679d3da0cbf875ce83d.6142fcc837de166a.json"}
{"action": "duplicate", "file": "redelivered-013-TASK-a7ff76614894d1b4f94f3f4b8a493849.6fb7b0e6aefed5f3.json"}
{"action": "duplicate", "file": "redelivered-017-TASK-6a7e5eb91676be82445c3c99937349f4.ea4880f1c89dc8ff.json"}
{"action": "duplicate", "file": "redelivered-021-TASK-a07a31993dffde0924b756f4d7c218cd.60f2a526e27abc60.json"}
--- stderr
--- end
{"n": 166, "label": "llm proposal 2", "at": "2026-09-28T01:18:34Z", "seconds": 14.443, "argv": ["/home/runner/work/_temp/work/rt/cain-venv/bin/cain", "research", "explain", "proximo experimento 2", "--propose-for-domain", "crypto", "--state", "/home/runner/work/_temp/work/soak/cain-state", "--proposal-out", "/home/runner/work/_temp/work/soak/proposals/llm-2.json", "--proposal-id", "cain:SOAK-LLM-2", "--config", "/home/runner/work/_temp/work/soak/cain-llm.toml"], "fault_env": {}, "exit": 0}
--- stdout
{"audit": "/home/runner/work/_temp/work/soak/proposals/llm-2.audit.json", "hypothesis_id": "crypto:QUAL-SHADOW-REAL-001", "model": {"digest": "a8b0c51577010a279d933d14c2a8ab4b268079d44c5c8830c0a93900f1827c67", "model": "qwen2.5:0.5b", "provider": "OllamaLLM"}, "proposal": "/home/runner/work/_temp/work/soak/proposals/llm-2.json"}
--- stderr
--- end
{"n": 167, "label": "propose llm 2", "at": "2026-09-28T01:18:34Z", "seconds": 0.122, "argv": ["/home/runner/work/_temp/work/rt/cain-venv/bin/cain", "research", "propose", "--domain", "crypto", "--state", "/home/runner/work/_temp/work/soak/cain-state", "--proposal", "/home/runner/work/_temp/work/soak/proposals/llm-2.json", "--as-of", "2026-09-28T01:18:34Z"], "fault_env": {}, "exit": 0}
--- stdout
{"decision": "COOLDOWN", "episode_id": "crypto:episode-33", "reason_code": "NEGATIVE_STREAK", "receipt_sha256": "f8402b4b18c1dae638504023373f3a39271fb0ea13e48ded5ceffccd8d33e017", "rule": "R13", "status": "RECORDED", "task": null}
--- stderr
--- end
{"n": 168, "label": "llm proposal 3", "at": "2026-09-28T01:18:47Z", "seconds": 13.729, "argv": ["/home/runner/work/_temp/work/rt/cain-venv/bin/cain", "research", "explain", "proximo experimento 3", "--propose-for-domain", "crypto", "--state", "/home/runner/work/_temp/work/soak/cain-state", "--proposal-out", "/home/runner/work/_temp/work/soak/proposals/llm-3.json", "--proposal-id", "cain:SOAK-LLM-3", "--config", "/home/runner/work/_temp/work/soak/cain-llm.toml"], "fault_env": {}, "exit": 0}
--- stdout
{"audit": "/home/runner/work/_temp/work/soak/proposals/llm-3.audit.json", "hypothesis_id": "crypto:QUAL-SHADOW-REAL-001", "model": {"digest": "a8b0c51577010a279d933d14c2a8ab4b268079d44c5c8830c0a93900f1827c67", "model": "qwen2.5:0.5b", "provider": "OllamaLLM"}, "proposal": "/home/runner/work/_temp/work/soak/proposals/llm-3.json"}
--- stderr
--- end
{"n": 169, "label": "propose llm 3", "at": "2026-09-28T01:18:48Z", "seconds": 0.124, "argv": ["/home/runner/work/_temp/work/rt/cain-venv/bin/cain", "research", "propose", "--domain", "crypto", "--state", "/home/runner/work/_temp/work/soak/cain-state", "--proposal", "/home/runner/work/_temp/work/soak/proposals/llm-3.json", "--as-of", "2026-09-28T01:18:47Z"], "fault_env": {}, "exit": 0}
--- stdout
{"decision": "COOLDOWN", "episode_id": "crypto:episode-34", "reason_code": "NEGATIVE_STREAK", "receipt_sha256": "8b29b1407567e6a1cbee27720df2264d85ac1e3118b9527a475fccf4103fa8a9", "rule": "R13", "status": "RECORDED", "task": null}
--- stderr
--- end
{"n": 170, "label": "llm proposal 4", "at": "2026-09-28T01:19:03Z", "seconds": 15.025, "argv": ["/home/runner/work/_temp/work/rt/cain-venv/bin/cain", "research", "explain", "proximo experimento 4", "--propose-for-domain", "crypto", "--state", "/home/runner/work/_temp/work/soak/cain-state", "--proposal-out", "/home/runner/work/_temp/work/soak/proposals/llm-4.json", "--proposal-id", "cain:SOAK-LLM-4", "--config", "/home/runner/work/_temp/work/soak/cain-llm.toml"], "fault_env": {}, "exit": 0}
--- stdout
{"audit": "/home/runner/work/_temp/work/soak/proposals/llm-4.audit.json", "hypothesis_id": "crypto:QUAL-SHADOW-REAL-001", "model": {"digest": "a8b0c51577010a279d933d14c2a8ab4b268079d44c5c8830c0a93900f1827c67", "model": "qwen2.5:0.5b", "provider": "OllamaLLM"}, "proposal": "/home/runner/work/_temp/work/soak/proposals/llm-4.json"}
--- stderr
--- end
{"n": 171, "label": "propose llm 4", "at": "2026-09-28T01:19:03Z", "seconds": 0.124, "argv": ["/home/runner/work/_temp/work/rt/cain-venv/bin/cain", "research", "propose", "--domain", "crypto", "--state", "/home/runner/work/_temp/work/soak/cain-state", "--proposal", "/home/runner/work/_temp/work/soak/proposals/llm-4.json", "--as-of", "2026-09-28T01:19:03Z"], "fault_env": {}, "exit": 0}
--- stdout
{"decision": "ALLOW", "episode_id": "crypto:episode-35", "reason_code": "ALLOWED", "receipt_sha256": "923db4b91f3df2cb8a435c7eeb4a81f5514cdc0e48c2b51ed2d5bd842e2bc7e3", "rule": "R14", "status": "RECORDED", "task": {"payload_sha256": "4adc1f3351142a6a58fff3f7e3dd2a5899eac83fcf115588a8562153c5d44ffc", "previous_task_id": "crypto:TASK-61ecee6ff64d132cfdf613c1e7338623", "task_id": "crypto:TASK-cae95e9f101841a4b2dabb92d7b4e082"}}
--- stderr
--- end
{"n": 172, "label": "dispatch llm 4", "at": "2026-09-28T01:19:03Z", "seconds": 0.12, "argv": ["/home/runner/work/_temp/work/rt/cain-venv/bin/cain", "research", "dispatch", "--domain", "crypto", "--state", "/home/runner/work/_temp/work/soak/cain-state", "--spool", "/home/runner/work/_temp/work/soak/spool"], "fault_env": {}, "exit": 0}
--- stdout
{"action": "dispatched", "file": "crypto/tasks/TASK-cae95e9f101841a4b2dabb92d7b4e082.json", "spool": "WRITTEN", "task_id": "crypto:TASK-cae95e9f101841a4b2dabb92d7b4e082"}
--- stderr
--- end
{"n": 173, "label": "consumer llm 4", "at": "2026-09-28T01:19:03Z", "seconds": 0.447, "argv": ["/home/runner/work/_temp/work/rt/consumer-venv/bin/predictor-research-consumer", "--domain", "crypto", "--spool", "/home/runner/work/_temp/work/soak/spool", "--ledger", "/home/runner/work/_temp/work/soak/consumer/ledger.sqlite", "--state", "/home/runner/work/_temp/work/soak/domain-state", "--policy", "/home/runner/work/_temp/work/rt/op/policy.json", "--objects", "/home/runner/work/_temp/work/rt/op/objects"], "fault_env": {}, "exit": 0}
--- stdout
{"action": "skipped", "episode_id": "crypto:episode-1", "state": "TERMINAL_RESULT", "status": "RESULT", "task_id": "crypto:TASK-5a61224f3e2255c51110cfae4b996804"}
{"action": "skipped", "episode_id": "crypto:episode-3", "state": "TERMINAL_RESULT", "status": "DUPLICATE", "task_id": "crypto:TASK-ec6e000af508cc684f074d56cf1d65d4"}
{"action": "skipped", "episode_id": "crypto:episode-4", "state": "TERMINAL_RESULT", "status": "RESULT", "task_id": "crypto:TASK-c0756a400f58e2eb20df8cd25130c567"}
{"action": "skipped", "episode_id": "crypto:episode-6", "state": "TERMINAL_RESULT", "status": "RESULT", "task_id": "crypto:TASK-d367c7f0a69accff2e52948d85e2cfc9"}
{"action": "skipped", "episode_id": "crypto:episode-7", "state": "TERMINAL_RESULT", "status": "RESULT", "task_id": "crypto:TASK-44ab5a05adcbec305debd521451ac735"}
{"action": "skipped", "episode_id": "crypto:episode-9", "state": "TERMINAL_RESULT", "status": "DUPLICATE", "task_id": "crypto:TASK-14e7ea21534e45e23a4277dac60a4f2a"}
{"action": "skipped", "episode_id": "crypto:episode-10", "state": "TERMINAL_RESULT", "status": "RESULT", "task_id": "crypto:TASK-fa5b145dd0e59b9b1f3c53919c0aad7f"}
{"action": "skipped", "episode_id": "crypto:episode-11", "state": "TERMINAL_RESULT", "status": "RESULT", "task_id": "crypto:TASK-012f5d55aa3000fa92bce4a8de811193"}
{"action": "skipped", "episode_id": "crypto:episode-12", "state": "TERMINAL_RESULT", "status": "RESULT", "task_id": "crypto:TASK-8075320c169e3679d3da0cbf875ce83d"}
{"action": "skipped", "episode_id": "crypto:episode-14", "state": "TERMINAL_RESULT", "status": "DUPLICATE", "task_id": "crypto:TASK-e1b9c54ae66cb5429906c7192474f592"}
{"action": "skipped", "episode_id": "crypto:episode-15", "state": "TERMINAL_RESULT", "status": "RESULT", "task_id": "crypto:TASK-14a347da62048ed8c735e34ddf54bc5b"}
{"action": "skipped", "episode_id": "crypto:episode-16", "state": "TERMINAL_RESULT", "status": "RESULT", "task_id": "crypto:TASK-6e2d003552c4cdc6a185532267c5931f"}
{"action": "skipped", "episode_id": "crypto:episode-17", "state": "TERMINAL_RESULT", "status": "RESULT", "task_id": "crypto:TASK-a7ff76614894d1b4f94f3f4b8a493849"}
{"action": "skipped", "episode_id": "crypto:episode-19", "state": "TERMINAL_RESULT", "status": "DUPLICATE", "task_id": "crypto:TASK-c867e60770f59699273a55415d4bd298"}
{"action": "skipped", "episode_id": "crypto:episode-20", "state": "TERMINAL_RESULT", "status": "RESULT", "task_id": "crypto:TASK-4a37fd926277a3ef0cae079b96c2ce99"}
{"action": "skipped", "episode_id": "crypto:episode-21", "state": "TERMINAL_RESULT", "status": "RESULT", "task_id": "crypto:TASK-15d9723c7d6dd424375798ad8639ed70"}
{"action": "skipped", "episode_id": "crypto:episode-22", "state": "TERMINAL_RESULT", "status": "RESULT", "task_id": "crypto:TASK-6a7e5eb91676be82445c3c99937349f4"}
{"action": "skipped", "episode_id": "crypto:episode-24", "state": "TERMINAL_RESULT", "status": "DUPLICATE", "task_id": "crypto:TASK-717252ae1f67e55d82a5319735ab9c0a"}
{"action": "skipped", "episode_id": "crypto:episode-25", "state": "TERMINAL_RESULT", "status": "RESULT", "task_id": "crypto:TASK-27ade8a7380b708600b008ed8602d756"}
{"action": "skipped", "episode_id": "crypto:episode-26", "state": "TERMINAL_RESULT", "status": "RESULT", "task_id": "crypto:TASK-ea5906e4dd8b3897bd126c12da09efbc"}
{"action": "skipped", "episode_id": "crypto:episode-27", "state": "TERMINAL_RESULT", "status": "RESULT", "task_id": "crypto:TASK-a07a31993dffde0924b756f4d7c218cd"}
{"action": "skipped", "episode_id": "crypto:episode-29", "state": "TERMINAL_RESULT", "status": "DUPLICATE", "task_id": "crypto:TASK-23de132dc972ced56b70c4a05e035a61"}
{"action": "skipped", "episode_id": "crypto:episode-30", "state": "TERMINAL_RESULT", "status": "RESULT", "task_id": "crypto:TASK-5932298d6553097abf5fb756201e37ec"}
{"action": "skipped", "episode_id": "crypto:episode-31", "state": "TERMINAL_RESULT", "status": "RESULT", "task_id": "crypto:TASK-0c38ef914ce8c3fd60a9a6eb167b7690"}
{"action": "skipped", "episode_id": "crypto:episode-32", "state": "TERMINAL_RESULT", "status": "RESULT", "task_id": "crypto:TASK-61ecee6ff64d132cfdf613c1e7338623"}
{"action": "delivered", "attempt": 1, "class": "TERMINAL_RESULT", "episode_id": "crypto:episode-35", "result_file": "crypto/results/TASK-cae95e9f101841a4b2dabb92d7b4e082.26697ad1c1a4912a.json", "result_write": "WRITTEN", "status": "RESULT", "task_id": "crypto:TASK-cae95e9f101841a4b2dabb92d7b4e082"}
--- stderr
{"duration_ms": 206, "event": "job_finished", "job_id": "crypto-research-23de15b2a0545c937bef0c84", "level": "INFO", "run_id": "a99f480c100a4d9588b812aea5776e1f", "run_status": "SUCCEEDED", "service": "predictor_ops", "timestamp": "2026-09-28T01:19:03.714679Z"}
--- end
{"n": 174, "label": "ingest llm 4", "at": "2026-09-28T01:19:03Z", "seconds": 0.131, "argv": ["/home/runner/work/_temp/work/rt/cain-venv/bin/cain", "research", "ingest", "--domain", "crypto", "--state", "/home/runner/work/_temp/work/soak/cain-state", "--spool", "/home/runner/work/_temp/work/soak/spool"], "fault_env": {}, "exit": 0}
--- stdout
{"action": "duplicate", "file": "TASK-012f5d55aa3000fa92bce4a8de811193.bfb0e2c1820178f9.json"}
{"action": "duplicate", "file": "TASK-0c38ef914ce8c3fd60a9a6eb167b7690.c33d030199179e3a.json"}
{"action": "duplicate", "file": "TASK-14a347da62048ed8c735e34ddf54bc5b.893e4a4c1dacf3ee.json"}
{"action": "duplicate", "file": "TASK-14e7ea21534e45e23a4277dac60a4f2a.2003b8d19579143d.json"}
{"action": "duplicate", "file": "TASK-15d9723c7d6dd424375798ad8639ed70.0885aedf34533044.json"}
{"action": "duplicate", "file": "TASK-15d9723c7d6dd424375798ad8639ed70.80e79386eca289ee.json"}
{"action": "duplicate", "file": "TASK-23de132dc972ced56b70c4a05e035a61.75206b22a1774f3c.json"}
{"action": "duplicate", "file": "TASK-27ade8a7380b708600b008ed8602d756.531407d081f1accb.json"}
{"action": "duplicate", "file": "TASK-44ab5a05adcbec305debd521451ac735.cdb63970b623672c.json"}
{"action": "duplicate", "file": "TASK-4a37fd926277a3ef0cae079b96c2ce99.f0f630cd9827a404.json"}
{"action": "duplicate", "file": "TASK-5932298d6553097abf5fb756201e37ec.339d2c6bd8c8107c.json"}
{"action": "duplicate", "file": "TASK-5a61224f3e2255c51110cfae4b996804.8baf8922f7c06a95.json"}
{"action": "duplicate", "file": "TASK-61ecee6ff64d132cfdf613c1e7338623.866eaed4e9092969.json"}
{"action": "duplicate", "file": "TASK-6a7e5eb91676be82445c3c99937349f4.ea4880f1c89dc8ff.json"}
{"action": "duplicate", "file": "TASK-6e2d003552c4cdc6a185532267c5931f.d80450b09bde8ddf.json"}
{"action": "duplicate", "file": "TASK-717252ae1f67e55d82a5319735ab9c0a.3d150adbe358f427.json"}
{"action": "duplicate", "file": "TASK-8075320c169e3679d3da0cbf875ce83d.6142fcc837de166a.json"}
{"action": "duplicate", "file": "TASK-a07a31993dffde0924b756f4d7c218cd.60f2a526e27abc60.json"}
{"action": "duplicate", "file": "TASK-a7ff76614894d1b4f94f3f4b8a493849.6fb7b0e6aefed5f3.json"}
{"action": "duplicate", "file": "TASK-c0756a400f58e2eb20df8cd25130c567.8bee819b70a21b33.json"}
{"action": "duplicate", "file": "TASK-c867e60770f59699273a55415d4bd298.3a85a389b3512f3a.json"}
{"action": "ingested", "class": "TERMINAL_RESULT", "fact": "fact:095db5205063487f90bf4e79e9a8b3dc", "file": "TASK-cae95e9f101841a4b2dabb92d7b4e082.26697ad1c1a4912a.json", "status": "RESULT", "task_id": "crypto:TASK-cae95e9f101841a4b2dabb92d7b4e082"}
{"action": "duplicate", "file": "TASK-d367c7f0a69accff2e52948d85e2cfc9.78b45ebaca48ec9a.json"}
{"action": "duplicate", "file": "TASK-d367c7f0a69accff2e52948d85e2cfc9.b5f1597ae1984f40.json"}
{"action": "duplicate", "file": "TASK-e1b9c54ae66cb5429906c7192474f592.a907442ba355f5f4.json"}
{"action": "duplicate", "file": "TASK-ea5906e4dd8b3897bd126c12da09efbc.678df81fb1f0e5af.json"}
{"action": "duplicate", "file": "TASK-ec6e000af508cc684f074d56cf1d65d4.643fafb3bdba5a61.json"}
{"action": "duplicate", "file": "TASK-fa5b145dd0e59b9b1f3c53919c0aad7f.22c4079447951de4.json"}
{"action": "skipped", "code": "DOMAIN_MISMATCH", "file": "interleaved-003-stocks.json", "state": "REJECTED"}
{"action": "skipped", "code": "DOMAIN_MISMATCH", "file": "interleaved-007-brasileirao.json", "state": "REJECTED"}
{"action": "skipped", "code": "DOMAIN_MISMATCH", "file": "interleaved-011-stocks.json", "state": "REJECTED"}
{"action": "skipped", "code": "DOMAIN_MISMATCH", "file": "interleaved-015-brasileirao.json", "state": "REJECTED"}
{"action": "skipped", "code": "DOMAIN_MISMATCH", "file": "interleaved-019-stocks.json", "state": "REJECTED"}
{"action": "skipped", "code": "DOMAIN_MISMATCH", "file": "interleaved-023-brasileirao.json", "state": "REJECTED"}
{"action": "duplicate", "file": "redelivered-001-TASK-5a61224f3e2255c51110cfae4b996804.8baf8922f7c06a95.json"}
{"action": "duplicate", "file": "redelivered-005-TASK-44ab5a05adcbec305debd521451ac735.cdb63970b623672c.json"}
{"action": "duplicate", "file": "redelivered-009-TASK-8075320c169e3679d3da0cbf875ce83d.6142fcc837de166a.json"}
{"action": "duplicate", "file": "redelivered-013-TASK-a7ff76614894d1b4f94f3f4b8a493849.6fb7b0e6aefed5f3.json"}
{"action": "duplicate", "file": "redelivered-017-TASK-6a7e5eb91676be82445c3c99937349f4.ea4880f1c89dc8ff.json"}
{"action": "duplicate", "file": "redelivered-021-TASK-a07a31993dffde0924b756f4d7c218cd.60f2a526e27abc60.json"}
--- stderr
--- end
{"n": 175, "label": "llm proposal 5", "at": "2026-09-28T01:19:18Z", "seconds": 14.973, "argv": ["/home/runner/work/_temp/work/rt/cain-venv/bin/cain", "research", "explain", "proximo experimento 5", "--propose-for-domain", "crypto", "--state", "/home/runner/work/_temp/work/soak/cain-state", "--proposal-out", "/home/runner/work/_temp/work/soak/proposals/llm-5.json", "--proposal-id", "cain:SOAK-LLM-5", "--config", "/home/runner/work/_temp/work/soak/cain-llm.toml"], "fault_env": {}, "exit": 0}
--- stdout
{"audit": "/home/runner/work/_temp/work/soak/proposals/llm-5.audit.json", "hypothesis_id": "crypto:QUAL-SHADOW-REAL-001", "model": {"digest": "a8b0c51577010a279d933d14c2a8ab4b268079d44c5c8830c0a93900f1827c67", "model": "qwen2.5:0.5b", "provider": "OllamaLLM"}, "proposal": "/home/runner/work/_temp/work/soak/proposals/llm-5.json"}
--- stderr
--- end
{"n": 176, "label": "propose llm 5", "at": "2026-09-28T01:19:18Z", "seconds": 0.122, "argv": ["/home/runner/work/_temp/work/rt/cain-venv/bin/cain", "research", "propose", "--domain", "crypto", "--state", "/home/runner/work/_temp/work/soak/cain-state", "--proposal", "/home/runner/work/_temp/work/soak/proposals/llm-5.json", "--as-of", "2026-09-28T01:19:18Z"], "fault_env": {}, "exit": 0}
--- stdout
{"decision": "COOLDOWN", "episode_id": "crypto:episode-36", "reason_code": "NEGATIVE_STREAK", "receipt_sha256": "3d41cda5fd805172692c73111449fd8944c5a8e6d5b58c7397edb62f27a302c0", "rule": "R13", "status": "RECORDED", "task": null}
--- stderr
--- end
{"n": 177, "label": "llm proposal 6", "at": "2026-09-28T01:19:33Z", "seconds": 14.199, "argv": ["/home/runner/work/_temp/work/rt/cain-venv/bin/cain", "research", "explain", "proximo experimento 6", "--propose-for-domain", "crypto", "--state", "/home/runner/work/_temp/work/soak/cain-state", "--proposal-out", "/home/runner/work/_temp/work/soak/proposals/llm-6.json", "--proposal-id", "cain:SOAK-LLM-6", "--config", "/home/runner/work/_temp/work/soak/cain-llm.toml"], "fault_env": {}, "exit": 0}
--- stdout
{"audit": "/home/runner/work/_temp/work/soak/proposals/llm-6.audit.json", "hypothesis_id": "crypto:QUAL-SHADOW-REAL-001", "model": {"digest": "a8b0c51577010a279d933d14c2a8ab4b268079d44c5c8830c0a93900f1827c67", "model": "qwen2.5:0.5b", "provider": "OllamaLLM"}, "proposal": "/home/runner/work/_temp/work/soak/proposals/llm-6.json"}
--- stderr
--- end
{"n": 178, "label": "propose llm 6", "at": "2026-09-28T01:19:33Z", "seconds": 0.124, "argv": ["/home/runner/work/_temp/work/rt/cain-venv/bin/cain", "research", "propose", "--domain", "crypto", "--state", "/home/runner/work/_temp/work/soak/cain-state", "--proposal", "/home/runner/work/_temp/work/soak/proposals/llm-6.json", "--as-of", "2026-09-28T01:19:33Z"], "fault_env": {}, "exit": 0}
--- stdout
{"decision": "COOLDOWN", "episode_id": "crypto:episode-37", "reason_code": "NEGATIVE_STREAK", "receipt_sha256": "c996a44c98a59338362407b50c277bd9136be79e80561c71c7a53f373d5c62a0", "rule": "R13", "status": "RECORDED", "task": null}
--- stderr
--- end
{"n": 179, "label": "episodes final", "at": "2026-09-28T01:19:33Z", "seconds": 0.123, "argv": ["/home/runner/work/_temp/work/rt/cain-venv/bin/cain", "research", "episodes", "--domain", "crypto", "--state", "/home/runner/work/_temp/work/soak/cain-state"], "fault_env": {}, "exit": 0}
--- stdout
{"domain": "crypto", "episodes": [{"as_of": "2026-09-28T01:17:34Z", "decision": "ALLOW", "number": 1, "outbox": {"dispatches": 7, "retries_requested": 0, "status": "PUBLISHED", "task_id": "crypto:TASK-5a61224f3e2255c51110cfae4b996804"}, "proposal_id": "cain:SOAK-001", "reason_code": "ALLOWED", "receipt_sha256": "2fd037f25e59eae009bbd9b2d37d74aa867565fcd636d8d61617cf75c7403a85", "source": "operator", "task_id": "crypto:TASK-5a61224f3e2255c51110cfae4b996804"}, {"as_of": "2026-09-28T01:17:35Z", "decision": "DUPLICATE", "number": 2, "outbox": null, "proposal_id": "cain:SOAK-001-again", "reason_code": "DUPLICATE_REQUEST", "receipt_sha256": "a51773a053c348c55f7ad8b0af0ee2253874d03eb1569167cdb6fd994e31feba", "source": "operator", "task_id": null}, {"as_of": "2026-09-28T01:17:35Z", "decision": "ALLOW", "number": 3, "outbox": {"dispatches": 6, "retries_requested": 0, "status": "PUBLISHED", "task_id": "crypto:TASK-ec6e000af508cc684f074d56cf1d65d4"}, "proposal_id": "cain:SOAK-002", "reason_code": "ALLOWED", "receipt_sha256": "178795ba4cc485e1b7e151e2f6c12076821068424ede05db03654f3730885b4a", "source": "operator", "task_id": "crypto:TASK-ec6e000af508cc684f074d56cf1d65d4"}, {"as_of": "2026-09-28T01:17:36Z", "decision": "ALLOW", "number": 4, "outbox": {"dispatches": 6, "retries_requested": 0, "status": "PUBLISHED", "task_id": "crypto:TASK-c0756a400f58e2eb20df8cd25130c567"}, "proposal_id": "cain:SOAK-003", "reason_code": "ALLOWED", "receipt_sha256": "1666e8691bc2ae65f2c9b1af0b4cb2d8bc2407ecb3aaf44294afb8b7bf0b6a34", "source": "operator", "task_id": "crypto:TASK-c0756a400f58e2eb20df8cd25130c567"}, {"as_of": "2026-09-28T01:17:38Z", "decision": "BLOCK", "number": 5, "outbox": null, "proposal_id": "cain:E2E-06", "reason_code": "DOMAIN_MISMATCH", "receipt_sha256": "25e0f7ef828339bc0a20b610659334963483c3945eaddf3d544bef2a0ab8a941", "source": "operator", "task_id": null}, {"as_of": "2026-09-28T01:17:38Z", "decision": "ALLOW", "number": 6, "outbox": {"dispatches": 6, "retries_requested": 1, "status": "PUBLISHED", "task_id": "crypto:TASK-d367c7f0a69accff2e52948d85e2cfc9"}, "proposal_id": "cain:SOAK-004", "reason_code": "ALLOWED", "receipt_sha256": "8f5a10a5ecc86860110e518e67c3414badb5ac4e8a03e360c2a29a953ef66953", "source": "operator", "task_id": "crypto:TASK-d367c7f0a69accff2e52948d85e2cfc9"}, {"as_of": "2026-09-28T01:17:39Z", "decision": "ALLOW", "number": 7, "outbox": {"dispatches": 6, "retries_requested": 0, "status": "PUBLISHED", "task_id": "crypto:TASK-44ab5a05adcbec305debd521451ac735"}, "proposal_id": "cain:SOAK-005", "reason_code": "ALLOWED", "receipt_sha256": "575fae1e05e6d225b1713d5a681cb64597238da8f93ac3edf160d2dfcd88423b", "source": "operator", "task_id": "crypto:TASK-44ab5a05adcbec305debd521451ac735"}, {"as_of": "2026-09-28T01:17:40Z", "decision": "DUPLICATE", "number": 8, "outbox": null, "proposal_id": "cain:SOAK-005-again", "reason_code": "DUPLICATE_REQUEST", "receipt_sha256": "c09402a0cacf8e38b3eddff961296120b290adcef23a13bb22e335c882f453da", "source": "operator", "task_id": null}, {"as_of": "2026-09-28T01:17:41Z", "decision": "ALLOW", "number": 9, "outbox": {"dispatches": 5, "retries_requested": 0, "status": "PUBLISHED", "task_id": "crypto:TASK-14e7ea21534e45e23a4277dac60a4f2a"}, "proposal_id": "cain:SOAK-006", "reason_code": "ALLOWED", "receipt_sha256": "a7b9f5a3494dff58ea943a3a4bee3a54b686ab52459584298b8b3fe998d6e690", "source": "operator", "task_id": "crypto:TASK-14e7ea21534e45e23a4277dac60a4f2a"}, {"as_of": "2026-09-28T01:17:42Z", "decision": "ALLOW", "number": 10, "outbox": {"dispatches": 5, "retries_requested": 0, "status": "PUBLISHED", "task_id": "crypto:TASK-fa5b145dd0e59b9b1f3c53919c0aad7f"}, "proposal_id": "cain:SOAK-007", "reason_code": "ALLOWED", "receipt_sha256": "01f82465264f4160ced4e256530078c2ac66ec085ffbf6c0f35178f247bd3abd", "source": "operator", "task_id": "crypto:TASK-fa5b145dd0e59b9b1f3c53919c0aad7f"}, {"as_of": "2026-09-28T01:17:43Z", "decision": "ALLOW", "number": 11, "outbox": {"dispatches": 5, "retries_requested": 0, "status": "PUBLISHED", "task_id": "crypto:TASK-012f5d55aa3000fa92bce4a8de811193"}, "proposal_id": "cain:SOAK-008", "reason_code": "ALLOWED", "receipt_sha256": "b77698c5955db203c357eead2e04de72e7039758a9ff4a56249fe8227222c3b7", "source": "operator", "task_id": "crypto:TASK-012f5d55aa3000fa92bce4a8de811193"}, {"as_of": "2026-09-28T01:17:44Z", "decision": "ALLOW", "number": 12, "outbox": {"dispatches": 5, "retries_requested": 0, "status": "PUBLISHED", "task_id": "crypto:TASK-8075320c169e3679d3da0cbf875ce83d"}, "proposal_id": "cain:SOAK-009", "reason_code": "ALLOWED", "receipt_sha256": "c9e43784090269a4c611a120ac791163438c27e3ddd26acec25a4d7c7cd04dbc", "source": "operator", "task_id": "crypto:TASK-8075320c169e3679d3da0cbf875ce83d"}, {"as_of": "2026-09-28T01:17:45Z", "decision": "DUPLICATE", "number": 13, "outbox": null, "proposal_id": "cain:SOAK-009-again", "reason_code": "DUPLICATE_REQUEST", "receipt_sha256": "ce54d38c24343e0d32a16e5132256e5578b9659d0245ee595be50fd58ab6457e", "source": "operator", "task_id": null}, {"as_of": "2026-09-28T01:17:45Z", "decision": "ALLOW", "number": 14, "outbox": {"dispatches": 4, "retries_requested": 0, "status": "PUBLISHED", "task_id": "crypto:TASK-e1b9c54ae66cb5429906c7192474f592"}, "proposal_id": "cain:SOAK-010", "reason_code": "ALLOWED", "receipt_sha256": "abf55af1ce0831e1f50247d61df051c2c7274ececad2cbc5dd5aea037792483c", "source": "operator", "task_id": "crypto:TASK-e1b9c54ae66cb5429906c7192474f592"}, {"as_of": "2026-09-28T01:17:47Z", "decision": "ALLOW", "number": 15, "outbox": {"dispatches": 4, "retries_requested": 0, "status": "PUBLISHED", "task_id": "crypto:TASK-14a347da62048ed8c735e34ddf54bc5b"}, "proposal_id": "cain:SOAK-011", "reason_code": "ALLOWED", "receipt_sha256": "0860caee071ac4abf7c6a6f51a86302fe4c86eba81dd148c6fbda9c6375048d6", "source": "operator", "task_id": "crypto:TASK-14a347da62048ed8c735e34ddf54bc5b"}, {"as_of": "2026-09-28T01:17:48Z", "decision": "ALLOW", "number": 16, "outbox": {"dispatches": 4, "retries_requested": 0, "status": "PUBLISHED", "task_id": "crypto:TASK-6e2d003552c4cdc6a185532267c5931f"}, "proposal_id": "cain:SOAK-012", "reason_code": "ALLOWED", "receipt_sha256": "8c4a7267158db9b4b3b019ff256d4ce8470cd0fe49626ba0cd13ee1052ec7f3b", "source": "operator", "task_id": "crypto:TASK-6e2d003552c4cdc6a185532267c5931f"}, {"as_of": "2026-09-28T01:17:49Z", "decision": "ALLOW", "number": 17, "outbox": {"dispatches": 4, "retries_requested": 0, "status": "PUBLISHED", "task_id": "crypto:TASK-a7ff76614894d1b4f94f3f4b8a493849"}, "proposal_id": "cain:SOAK-013", "reason_code": "ALLOWED", "receipt_sha256": "2d837e2fc16ebde99c1b982d2da3eba61a95ad1fa7ffc2116618387e2d3055ac", "source": "operator", "task_id": "crypto:TASK-a7ff76614894d1b4f94f3f4b8a493849"}, {"as_of": "2026-09-28T01:17:50Z", "decision": "DUPLICATE", "number": 18, "outbox": null, "proposal_id": "cain:SOAK-013-again", "reason_code": "DUPLICATE_REQUEST", "receipt_sha256": "8fa6e053f9bf616d917524427d34596e3381185b049b387c0f4aab2bce478677", "source": "operator", "task_id": null}, {"as_of": "2026-09-28T01:17:50Z", "decision": "ALLOW", "number": 19, "outbox": {"dispatches": 3, "retries_requested": 0, "status": "PUBLISHED", "task_id": "crypto:TASK-c867e60770f59699273a55415d4bd298"}, "proposal_id": "cain:SOAK-014", "reason_code": "ALLOWED", "receipt_sha256": "7e3cf576748e365286bceb9bdeb56d10191df4004a8dfd696c2ab1dc0fb20e62", "source": "operator", "task_id": "crypto:TASK-c867e60770f59699273a55415d4bd298"}, {"as_of": "2026-09-28T01:17:51Z", "decision": "ALLOW", "number": 20, "outbox": {"dispatches": 3, "retries_requested": 0, "status": "PUBLISHED", "task_id": "crypto:TASK-4a37fd926277a3ef0cae079b96c2ce99"}, "proposal_id": "cain:SOAK-015", "reason_code": "ALLOWED", "receipt_sha256": "1d390064731e9f6134dbcc251ffbc97510306d37ba88d4f5289cfe21f774c352", "source": "operator", "task_id": "crypto:TASK-4a37fd926277a3ef0cae079b96c2ce99"}, {"as_of": "2026-09-28T01:17:52Z", "decision": "ALLOW", "number": 21, "outbox": {"dispatches": 3, "retries_requested": 1, "status": "PUBLISHED", "task_id": "crypto:TASK-15d9723c7d6dd424375798ad8639ed70"}, "proposal_id": "cain:SOAK-016", "reason_code": "ALLOWED", "receipt_sha256": "23205a64213bbddbc2ad505c66d9ae2efa2ec70f7637a3d90db8a72fca3840f7", "source": "operator", "task_id": "crypto:TASK-15d9723c7d6dd424375798ad8639ed70"}, {"as_of": "2026-09-28T01:17:53Z", "decision": "ALLOW", "number": 22, "outbox": {"dispatches": 3, "retries_requested": 0, "status": "PUBLISHED", "task_id": "crypto:TASK-6a7e5eb91676be82445c3c99937349f4"}, "proposal_id": "cain:SOAK-017", "reason_code": "ALLOWED", "receipt_sha256": "40ef591a8c9841a96d5bf849a0f7b3d79c95c6c11f2cc3340ce97d0d347e03be", "source": "operator", "task_id": "crypto:TASK-6a7e5eb91676be82445c3c99937349f4"}, {"as_of": "2026-09-28T01:17:55Z", "decision": "DUPLICATE", "number": 23, "outbox": null, "proposal_id": "cain:SOAK-017-again", "reason_code": "DUPLICATE_REQUEST", "receipt_sha256": "42efb701ff6e9aeb170e3d22167fddb64d3dc820bea55172fcc0459d8d1970d7", "source": "operator", "task_id": null}, {"as_of": "2026-09-28T01:17:55Z", "decision": "ALLOW", "number": 24, "outbox": {"dispatches": 2, "retries_requested": 0, "status": "PUBLISHED", "task_id": "crypto:TASK-717252ae1f67e55d82a5319735ab9c0a"}, "proposal_id": "cain:SOAK-018", "reason_code": "ALLOWED", "receipt_sha256": "cc80603bb779ae59683bba7ed1ee779af858f387ee765285132a51e204557625", "source": "operator", "task_id": "crypto:TASK-717252ae1f67e55d82a5319735ab9c0a"}, {"as_of": "2026-09-28T01:17:56Z", "decision": "ALLOW", "number": 25, "outbox": {"dispatches": 2, "retries_requested": 0, "status": "PUBLISHED", "task_id": "crypto:TASK-27ade8a7380b708600b008ed8602d756"}, "proposal_id": "cain:SOAK-019", "reason_code": "ALLOWED", "receipt_sha256": "3696a3abcb72b6f82307939651d9ba0dde194afb16273ffae9d7a7192279b1c3", "source": "operator", "task_id": "crypto:TASK-27ade8a7380b708600b008ed8602d756"}, {"as_of": "2026-09-28T01:17:57Z", "decision": "ALLOW", "number": 26, "outbox": {"dispatches": 2, "retries_requested": 0, "status": "PUBLISHED", "task_id": "crypto:TASK-ea5906e4dd8b3897bd126c12da09efbc"}, "proposal_id": "cain:SOAK-020", "reason_code": "ALLOWED", "receipt_sha256": "07ee39d2de7727a9a28028f3e7dbbf468e4cae9375c6362fed03644ce87e6931", "source": "operator", "task_id": "crypto:TASK-ea5906e4dd8b3897bd126c12da09efbc"}, {"as_of": "2026-09-28T01:17:58Z", "decision": "ALLOW", "number": 27, "outbox": {"dispatches": 2, "retries_requested": 0, "status": "PUBLISHED", "task_id": "crypto:TASK-a07a31993dffde0924b756f4d7c218cd"}, "proposal_id": "cain:SOAK-021", "reason_code": "ALLOWED", "receipt_sha256": "532bdf524f4d63305840b0633fbd66bca66cbe5deba1cfe838ce34332f08b80a", "source": "operator", "task_id": "crypto:TASK-a07a31993dffde0924b756f4d7c218cd"}, {"as_of": "2026-09-28T01:17:59Z", "decision": "DUPLICATE", "number": 28, "outbox": null, "proposal_id": "cain:SOAK-021-again", "reason_code": "DUPLICATE_REQUEST", "receipt_sha256": "dd025e665d302c88eaabc3aa47d7e4804d3884efcc8de882861e4a41575e025a", "source": "operator", "task_id": null}, {"as_of": "2026-09-28T01:17:59Z", "decision": "ALLOW", "number": 29, "outbox": {"dispatches": 1, "retries_requested": 0, "status": "PUBLISHED", "task_id": "crypto:TASK-23de132dc972ced56b70c4a05e035a61"}, "proposal_id": "cain:SOAK-022", "reason_code": "ALLOWED", "receipt_sha256": "275b8cc451cc77e9c8b797bad56f940ad19a9b0459a69536f96a62ea738f5722", "source": "operator", "task_id": "crypto:TASK-23de132dc972ced56b70c4a05e035a61"}, {"as_of": "2026-09-28T01:18:00Z", "decision": "ALLOW", "number": 30, "outbox": {"dispatches": 1, "retries_requested": 0, "status": "PUBLISHED", "task_id": "crypto:TASK-5932298d6553097abf5fb756201e37ec"}, "proposal_id": "cain:SOAK-023", "reason_code": "ALLOWED", "receipt_sha256": "3c59a270d38798db66572c77d44db8e5bd78e58d78676069b4f54e4b936dbfb0", "source": "operator", "task_id": "crypto:TASK-5932298d6553097abf5fb756201e37ec"}, {"as_of": "2026-09-28T01:18:01Z", "decision": "ALLOW", "number": 31, "outbox": {"dispatches": 1, "retries_requested": 0, "status": "PUBLISHED", "task_id": "crypto:TASK-0c38ef914ce8c3fd60a9a6eb167b7690"}, "proposal_id": "cain:SOAK-024", "reason_code": "ALLOWED", "receipt_sha256": "3957cfe061c65d28d32690206b1653c436b24e2a4185801616f99285b3c9148d", "source": "operator", "task_id": "crypto:TASK-0c38ef914ce8c3fd60a9a6eb167b7690"}, {"as_of": "2026-09-28T01:18:18Z", "decision": "ALLOW", "number": 32, "outbox": {"dispatches": 1, "retries_requested": 0, "status": "PUBLISHED", "task_id": "crypto:TASK-61ecee6ff64d132cfdf613c1e7338623"}, "proposal_id": "cain:SOAK-LLM-1", "reason_code": "ALLOWED", "receipt_sha256": "2273b778146917a762086a2e3de223cd2c752046cf9c593c829f79dda016c754", "source": "operator", "task_id": "crypto:TASK-61ecee6ff64d132cfdf613c1e7338623"}, {"as_of": "2026-09-28T01:18:34Z", "decision": "COOLDOWN", "number": 33, "outbox": null, "proposal_id": "cain:SOAK-LLM-2", "reason_code": "NEGATIVE_STREAK", "receipt_sha256": "f8402b4b18c1dae638504023373f3a39271fb0ea13e48ded5ceffccd8d33e017", "source": "operator", "task_id": null}, {"as_of": "2026-09-28T01:18:47Z", "decision": "COOLDOWN", "number": 34, "outbox": null, "proposal_id": "cain:SOAK-LLM-3", "reason_code": "NEGATIVE_STREAK", "receipt_sha256": "8b29b1407567e6a1cbee27720df2264d85ac1e3118b9527a475fccf4103fa8a9", "source": "operator", "task_id": null}, {"as_of": "2026-09-28T01:19:03Z", "decision": "ALLOW", "number": 35, "outbox": {"dispatches": 1, "retries_requested": 0, "status": "PUBLISHED", "task_id": "crypto:TASK-cae95e9f101841a4b2dabb92d7b4e082"}, "proposal_id": "cain:SOAK-LLM-4", "reason_code": "ALLOWED", "receipt_sha256": "923db4b91f3df2cb8a435c7eeb4a81f5514cdc0e48c2b51ed2d5bd842e2bc7e3", "source": "operator", "task_id": "crypto:TASK-cae95e9f101841a4b2dabb92d7b4e082"}, {"as_of": "2026-09-28T01:19:18Z", "decision": "COOLDOWN", "number": 36, "outbox": null, "proposal_id": "cain:SOAK-LLM-5", "reason_code": "NEGATIVE_STREAK", "receipt_sha256": "3d41cda5fd805172692c73111449fd8944c5a8e6d5b58c7397edb62f27a302c0", "source": "operator", "task_id": null}, {"as_of": "2026-09-28T01:19:33Z", "decision": "COOLDOWN", "number": 37, "outbox": null, "proposal_id": "cain:SOAK-LLM-6", "reason_code": "NEGATIVE_STREAK", "receipt_sha256": "c996a44c98a59338362407b50c277bd9136be79e80561c71c7a53f373d5c62a0", "source": "operator", "task_id": null}], "inbox": [{"class": "TERMINAL_RESULT", "fact_id": "fact:8ece7c4ea09543e18e65761c9b454f1f", "payload_sha256": "6bef99e5ed25b75b847fd94cbc598c61dde612a5baf401bd4e57c7ccfd69a92e", "status": "RESULT", "task_id": "crypto:TASK-5a61224f3e2255c51110cfae4b996804"}, {"class": "TERMINAL_RESULT", "fact_id": "fact:ac38cb39546349baaf7e98776a8fcedf", "payload_sha256": "f845ddfcada8472da9dfa00906af51f973a12872b37ba14494022c3cfe39e10c", "status": "DUPLICATE", "task_id": "crypto:TASK-ec6e000af508cc684f074d56cf1d65d4"}, {"class": "TERMINAL_RESULT", "fact_id": "fact:1a9eb31191c44841a1ed72252acbfa37", "payload_sha256": "c6a0fdbe934a8396cb78bb7709736a5c5e7e6b4894a41afd068d64e7cd90eb46", "status": "RESULT", "task_id": "crypto:TASK-c0756a400f58e2eb20df8cd25130c567"}, {"class": "RETRYABLE", "fact_id": null, "payload_sha256": null, "status": "OPS_FAILED_RETRYABLE", "task_id": "crypto:TASK-d367c7f0a69accff2e52948d85e2cfc9"}, {"class": "TERMINAL_RESULT", "fact_id": "fact:858236e2f3654773a2f25a5fb2f21ddd", "payload_sha256": "a3eda832591eda281b7e0f498d8b884de8399615edcee611ade1186ec9237cb7", "status": "RESULT", "task_id": "crypto:TASK-d367c7f0a69accff2e52948d85e2cfc9"}, {"class": "TERMINAL_RESULT", "fact_id": "fact:553b1c382b7c43749cd841b6eca58a18", "payload_sha256": "1b91a7dd78268293cf99cd8fb0bdd52aa05d037fa3eadd0964445b01debef390", "status": "RESULT", "task_id": "crypto:TASK-44ab5a05adcbec305debd521451ac735"}, {"class": "TERMINAL_RESULT", "fact_id": "fact:77d6cc0f5927416ca967fe6fd95f227c", "payload_sha256": "3490bb09ffa27a4dee1d4ccbaad488ab59c8eee963148314bb1668b817f663aa", "status": "DUPLICATE", "task_id": "crypto:TASK-14e7ea21534e45e23a4277dac60a4f2a"}, {"class": "TERMINAL_RESULT", "fact_id": "fact:3e4bedfcfd7e46758cc68ac22ec04213", "payload_sha256": "8fbd6026740a1e210c7dee247dd7375ea857df02b36b5f2e36a71fd7e0bdea88", "status": "RESULT", "task_id": "crypto:TASK-fa5b145dd0e59b9b1f3c53919c0aad7f"}, {"class": "TERMINAL_RESULT", "fact_id": "fact:84919d7fb5054ee882526ef801fd5423", "payload_sha256": "0eeed92047ea50306d1661c0e632ee6077be8dfc7051c70e1f4d05c018212b05", "status": "RESULT", "task_id": "crypto:TASK-012f5d55aa3000fa92bce4a8de811193"}, {"class": "TERMINAL_RESULT", "fact_id": "fact:650367c12d544363908f8e478f0edcf7", "payload_sha256": "3d5b1015fd1e18f0329eb0f4ca682abb7d277460793613fcbca6d677f7126cc2", "status": "RESULT", "task_id": "crypto:TASK-8075320c169e3679d3da0cbf875ce83d"}, {"class": "TERMINAL_RESULT", "fact_id": "fact:5b6fda018f8045f394dde65d1901ff15", "payload_sha256": "ed8d593a971f40f645e76a1016343281e7e297f5d52e187303f2a5aa2abebb57", "status": "DUPLICATE", "task_id": "crypto:TASK-e1b9c54ae66cb5429906c7192474f592"}, {"class": "TERMINAL_RESULT", "fact_id": "fact:4330507041ca4a1d9517feb13e95d7de", "payload_sha256": "d48f56186b79068262509525b441e2ade8741f9f402efa7ed39d7c0e1bb604c3", "status": "RESULT", "task_id": "crypto:TASK-14a347da62048ed8c735e34ddf54bc5b"}, {"class": "TERMINAL_RESULT", "fact_id": "fact:70e30e3e37f4428e8d23bed1f05104c4", "payload_sha256": "cd4caa688de97c4ef191343a3d4c4bddcd3ca4996355f3896fea2322f2d8727e", "status": "RESULT", "task_id": "crypto:TASK-6e2d003552c4cdc6a185532267c5931f"}, {"class": "TERMINAL_RESULT", "fact_id": "fact:83f4e683cb0f496fbc76ae230fb9bb57", "payload_sha256": "68e26607fabd70a8f15daad8b522dc00cf7f37ce87173331d6501bf10b68169e", "status": "RESULT", "task_id": "crypto:TASK-a7ff76614894d1b4f94f3f4b8a493849"}, {"class": "TERMINAL_RESULT", "fact_id": "fact:7cabdff730e745b19eb93a2dff1f428e", "payload_sha256": "716935c4bce3327b06fbbe4b558d7592b48e3132d8f6714ac5d76e3387f55d4b", "status": "DUPLICATE", "task_id": "crypto:TASK-c867e60770f59699273a55415d4bd298"}, {"class": "TERMINAL_RESULT", "fact_id": "fact:3083653428ac47dda6eb77e88bd28be8", "payload_sha256": "4768f8e223cf1e8126845dacd1270e05a0c745a19da237fb186201b083ea0db4", "status": "RESULT", "task_id": "crypto:TASK-4a37fd926277a3ef0cae079b96c2ce99"}, {"class": "TERMINAL_RESULT", "fact_id": "fact:9db3d6ee821d47f29992beddbb319899", "payload_sha256": "9a7a243776c19883110bb5dacd16989a1ec0c51995d0b670be8cd8c4a84d03fc", "status": "RESULT", "task_id": "crypto:TASK-15d9723c7d6dd424375798ad8639ed70"}, {"class": "RETRYABLE", "fact_id": null, "payload_sha256": null, "status": "OPS_FAILED_RETRYABLE", "task_id": "crypto:TASK-15d9723c7d6dd424375798ad8639ed70"}, {"class": "TERMINAL_RESULT", "fact_id": "fact:e9b1e7939f6c42a48a6b0672f696d8ad", "payload_sha256": "badd5812fba51703b3a45e2d4b82beadd676bdfb459025e7c0c58161b5ee43d1", "status": "RESULT", "task_id": "crypto:TASK-6a7e5eb91676be82445c3c99937349f4"}, {"class": "TERMINAL_RESULT", "fact_id": "fact:f5c6473a25ba4c9e852b469b05a5e78a", "payload_sha256": "299a2eba36abce7e62dbf5000931dbdb834197fb2cb2faaba2b46fec2d3e78b6", "status": "DUPLICATE", "task_id": "crypto:TASK-717252ae1f67e55d82a5319735ab9c0a"}, {"class": "TERMINAL_RESULT", "fact_id": "fact:d6610c215aab4d8f89f43e974336cdf9", "payload_sha256": "40827528667e9cc840c70681f646447a08eb8d7bedc8c7eb9ee962fd9185169d", "status": "RESULT", "task_id": "crypto:TASK-27ade8a7380b708600b008ed8602d756"}, {"class": "TERMINAL_RESULT", "fact_id": "fact:8b4db8d4421c49e39b80013698fea215", "payload_sha256": "c98f873c13c1443231d52d679bac0ebedbf00c947e4430178c67fb30f61d9031", "status": "RESULT", "task_id": "crypto:TASK-ea5906e4dd8b3897bd126c12da09efbc"}, {"class": "TERMINAL_RESULT", "fact_id": "fact:2a82882df0324935b3e54b621465e031", "payload_sha256": "61262dc9a5bd8413087708ba04cbe2c3fe4952676c5c46480007dd1abdba8360", "status": "RESULT", "task_id": "crypto:TASK-a07a31993dffde0924b756f4d7c218cd"}, {"class": "TERMINAL_RESULT", "fact_id": "fact:efb794776af546acb60fd66b2139fc4b", "payload_sha256": "35c01dd1f4119104b4a414c63e0241900edb41ef4635f782b7ce8807c05d6a7c", "status": "DUPLICATE", "task_id": "crypto:TASK-23de132dc972ced56b70c4a05e035a61"}, {"class": "TERMINAL_RESULT", "fact_id": "fact:addacd4ad0fe4c9f8a28cee7f42565ad", "payload_sha256": "89a659ce19d955fc410b170ecdb0e4f6cd9100a164ee1e62c40b068746edecb4", "status": "RESULT", "task_id": "crypto:TASK-5932298d6553097abf5fb756201e37ec"}, {"class": "TERMINAL_RESULT", "fact_id": "fact:b89322ac8a954560bcb6b3460cd86a0e", "payload_sha256": "645c2956d09b1e022b228aa8a61d6e92f75ee2f07e246b04e0c8decad37d1846", "status": "RESULT", "task_id": "crypto:TASK-0c38ef914ce8c3fd60a9a6eb167b7690"}, {"class": "TERMINAL_RESULT", "fact_id": "fact:ed33e1b8fdcd4437888f2d72777efad4", "payload_sha256": "6b5e12de225df307b7073e0509d6831776967e11ab9f0ba130fdb7faa74823c9", "status": "RESULT", "task_id": "crypto:TASK-61ecee6ff64d132cfdf613c1e7338623"}, {"class": "TERMINAL_RESULT", "fact_id": "fact:095db5205063487f90bf4e79e9a8b3dc", "payload_sha256": "d2b8c650a8be45d7b37c535d74be1eaba12532a7feb38ac87dc2b8fa9daba88c", "status": "RESULT", "task_id": "crypto:TASK-cae95e9f101841a4b2dabb92d7b4e082"}], "memory": {"broken_at": null, "entries": 26, "head": "883ffc4fabee4952145cc55b0cad1afd558fe045d89fe7d85066eac7e3b76d34", "head_recorded_at": "2026-09-28T01:19:03.866179Z", "projection": "consistent", "status": "intact"}, "rejections": [{"code": "DOMAIN_MISMATCH", "file": "interleaved-003-stocks.json"}, {"code": "DOMAIN_MISMATCH", "file": "interleaved-007-brasileirao.json"}, {"code": "DOMAIN_MISMATCH", "file": "interleaved-011-stocks.json"}, {"code": "DOMAIN_MISMATCH", "file": "interleaved-015-brasileirao.json"}, {"code": "DOMAIN_MISMATCH", "file": "interleaved-019-stocks.json"}, {"code": "DOMAIN_MISMATCH", "file": "interleaved-023-brasileirao.json"}]}
--- stderr
--- end
{"n": 180, "label": "show crypto:REQ-IC-SOAK-008", "at": "2026-09-28T01:19:33Z", "seconds": 0.146, "argv": ["/home/runner/work/_temp/work/rt/consumer-venv/bin/cripto-research", "--state", "/home/runner/work/_temp/work/soak/domain-state", "show", "crypto:REQ-IC-SOAK-008"], "fault_env": {}, "exit": 0}
--- stdout
{"request_id": "crypto:REQ-IC-SOAK-008", "result": {"admission_id": "crypto:ADM-710c3caa48637d2ec05aef3dc97ab144", "capital_permission": false, "core_facts": {"dataset_fingerprint": "1e6356ed1c918f083af953f558a5d23fc6d777ec95bb6cdbde16ee34d257dddb", "identity": {"package": "predictor-core", "record_sha256": "eb8c5553379422a4317e5d6749a98912e95e873d52c80d7fa1fd87e6d96977c2", "version": "3.2.1"}, "scientific_state_source": "core_trial_registry", "statistics": {"gross_ci_high": 0.0206863091337751, "gross_ci_low": -0.012912112121487932, "mean_gross_return": 0.0038113319241447896, "mean_net_return": 0.0007878886549140192, "net_ci_high": 0.017753186056852024, "net_ci_low": -0.016108130967641777}, "temporal_validation": {"data_cutoff": "2026-08-31T00:00:00Z", "inequality": "available_at <= data_cutoff and observed_at monotonic and observed_at <= available_at", "max_available_at": "2026-08-31T00:00:00Z", "method": "predictor_core.measurement.replay", "rows": 52, "status": "PASS"}, "trial_ids": ["crypto:TRIAL-7d1124cb4707b63c1f1cb36bec4aa07d"], "trial_registry": "predictor_core.contracts.trial_v2.TrialRegistryV2", "trial_row_hash": "794c91db09585079607be774ba27f891e477677bb4055a26656736870e96284e"}, "domain_facts": {"baseline_comparison": {"baseline_id": "crypto:BASELINE-FLAT", "gross_delta_bps": 38, "net_delta_bps": 8, "outcome": "BEATS"}, "baseline_identity": {"content_hash": "4cfdb5417495d2ab5067d67ad9d199d59d330fa4600a8d451b32a7b62e6be136", "name": "flat", "revision_id": "baseline:flat:real-v1", "version": "v1"}, "cost_model_identity": {"content_hash": "6168c2abe0d77bcceffc084905a6a2ba54a8cbdf5a1a55f48fbc1e30f3e44e65", "name": "v3-frozen", "revision_id": "cost_model:v3-frozen:real-v1", "version": "v1"}, "costs": {"cost_aware_decision": "NO_TRADE", "mean_funding_pnl_bps": 0, "mean_total_cost_bps": 30, "model": "GarimpoInvestimentos.v3.costs.CostModel", "round_trip_friction_bps": 30, "slippage_bps_per_leg": 5, "taker_fee_bps_per_leg": 10}, "data_cutoff": "2026-08-31T00:00:00Z", "data_quality": {"ok": true}, "dataset_identity": {"content_hash": "0d04cf7c11e8b27fd294a3c354dee3750c9de9d2b312f0044436e7a1751b9a33", "name": "real-in-sample", "revision_id": "dataset:real-in-sample:v1", "version": "v1"}, "effect_sha256": "5485f5a1872e0fc555d20286711d2a3edb046f10301ae98b0c3a1816e7e075de", "evidence_identity": {"content_hash": "6f36df6bf689e20cc90c92fcd74baca040d4d6fa1a25368c71f35baf0fcf4bc9", "name": "none", "revision_id": "evidence:none:real-v1", "version": "v1"}, "handler": "crypto.handlers.backtest_existing_hypothesis.v1", "identity": {"package": "cripto-predictor", "record_sha256": "0cde203bc21746dc97498403c0d24fe62e4982340a720e8c7af049514462a262", "version": "1.2.0rc3"}, "metrics": {"ci": {"confidence": 0.95, "n_boot": 500, "scheme": "iid", "seed": 17}, "gross_ci_high_bps": 207, "gross_ci_low_bps": -129, "gross_return_bps": 38, "long_observations": 26, "max_drawdown_bps": -4152, "net_ci_high_bps": 178, "net_ci_low_bps": -161, "net_return_bps": 8, "sample_size": 52, "short_observations": 26, "turnover_round_trips": 52}, "model_identity": {"content_hash": "07225498b8d4834d762a198bc63ee650512fdf02e536d1b0a623bbe9a6fb3582", "name": "fixed-shadow", "revision_id": "protocol:fixed-shadow:real-v1", "version": "v1"}, "placebo_seed": 1008}, "economic_state": "NO_EDGE", "experiment_id": "crypto:EXP-7d1124cb4707b63c1f1cb36bec4aa07d", "hypothesis_id": "crypto:QUAL-SHADOW-REAL-002", "operational_state": "SUCCEEDED", "ops_facts": {"attempt_ids": ["crypto:ATTEMPT-926a68bc430f411ca60eb9b10f9ac516"], "attempts": 1, "economic_lock_id": "economic-8cae0adfb7f17e305ff9e848d081d02c9f3b510a5b4d6a0145e27a9048077ac1", "exit_code": 0, "finished_at": "2026-09-28T01:17:43.991Z", "heartbeat_at": "2026-09-28T01:17:43.790Z", "identity": {"package": "predictor-ops", "record_sha256": "1c7946e1d994f63bc3e732fe4666edfb42967f3a7b7b11664af63ca572f0018f", "version": "4.2.2rc1"}, "job_id": "crypto-research-7d1124cb4707b63c1f1cb36b", "operational_state": "SUCCEEDED", "ops_record_hash": "b03afb5e4746c372f3e7f5d49d838adb563e04b8e150e1410bae91304d99a3eb", "ops_run_id": "42a7dda45da84f3b85c3c7ef1d0b8619", "ops_run_ids": ["42a7dda45da84f3b85c3c7ef1d0b8619"], "retry_count": 0, "started_at": "2026-09-28T01:17:43.784Z"}, "produced_at": "2026-09-28T01:17:43.995840Z", "provenance": {"admission_policy_hash": "78e8b2d76c589c02254b299bcc633eaddfe82d6a93e7849a9b91d11f31563729", "admission_policy_id": "crypto-integration-qualification", "admission_policy_version": 1, "handler_identity": "crypto.handlers.backtest_existing_hypothesis.v1", "journal_identity": "078cc617afd8eb8d8660e8636f0ebad8405ded7cc660015a8518c071797734e6", "logical_experiment_hash": "7d1124cb4707b63c1f1cb36bec4aa07ddf522d47994ad763f32717cbe0a383db", "reference_materialization_receipt_hash": "d82c7420caaccfe3a476359ec2fc0201e4882e65db9798ea0f43053a8b55c911", "request_content_hash": "12835a76c6b49ab13c0908032ad316dd99338c803818a1e94ef4a78d5facb83a", "resolved_references_hash": "257b00d8d257e56401219b8ae046e9e5a1d90efaba5ab7cc654a493d0f59ee64"}, "request_id": "crypto:REQ-IC-SOAK-008", "research_id": "crypto:RESEARCH-INTEGRATION-QUALIFICATION", "result_id": "crypto:RESULT-7d1124cb4707b63c1f1cb36bec4aa07d", "result_state": "INCONCLUSIVE", "schema_version": "crypto-research-result/1", "scientific_state": "INCONCLUSIVE"}, "result_sha256": "0eeed92047ea50306d1661c0e632ee6077be8dfc7051c70e1f4d05c018212b05", "source": "authoritative_result_store", "status": "RESULT"}
--- stderr
--- end
{"n": 181, "label": "show crypto:REQ-IC-SOAK-024", "at": "2026-09-28T01:19:33Z", "seconds": 0.146, "argv": ["/home/runner/work/_temp/work/rt/consumer-venv/bin/cripto-research", "--state", "/home/runner/work/_temp/work/soak/domain-state", "show", "crypto:REQ-IC-SOAK-024"], "fault_env": {}, "exit": 0}
--- stdout
{"request_id": "crypto:REQ-IC-SOAK-024", "result": {"admission_id": "crypto:ADM-6bdbdae97137a40ab36be5366d0b5fe0", "capital_permission": false, "core_facts": {"dataset_fingerprint": "1e6356ed1c918f083af953f558a5d23fc6d777ec95bb6cdbde16ee34d257dddb", "identity": {"package": "predictor-core", "record_sha256": "eb8c5553379422a4317e5d6749a98912e95e873d52c80d7fa1fd87e6d96977c2", "version": "3.2.1"}, "scientific_state_source": "core_trial_registry", "statistics": {"gross_ci_high": 0.017213013221921758, "gross_ci_low": -0.015979456756561147, "mean_gross_return": 0.0014813065879295069, "mean_net_return": -0.0015624743736089553, "net_ci_high": 0.014325690337306372, "net_ci_low": -0.018976952345069627}, "temporal_validation": {"data_cutoff": "2026-08-31T00:00:00Z", "inequality": "available_at <= data_cutoff and observed_at monotonic and observed_at <= available_at", "max_available_at": "2026-08-31T00:00:00Z", "method": "predictor_core.measurement.replay", "rows": 52, "status": "PASS"}, "trial_ids": ["crypto:TRIAL-222e116e5dc795a9a7ad842ffb4910f7"], "trial_registry": "predictor_core.contracts.trial_v2.TrialRegistryV2", "trial_row_hash": "c7c40bb73c9d6e552d85ab02404baeda91edab219edc3a04319c3121e32ebff1"}, "domain_facts": {"baseline_comparison": {"baseline_id": "crypto:BASELINE-FLAT", "gross_delta_bps": 15, "net_delta_bps": -16, "outcome": "LOSES"}, "baseline_identity": {"content_hash": "4cfdb5417495d2ab5067d67ad9d199d59d330fa4600a8d451b32a7b62e6be136", "name": "flat", "revision_id": "baseline:flat:real-v1", "version": "v1"}, "cost_model_identity": {"content_hash": "6168c2abe0d77bcceffc084905a6a2ba54a8cbdf5a1a55f48fbc1e30f3e44e65", "name": "v3-frozen", "revision_id": "cost_model:v3-frozen:real-v1", "version": "v1"}, "costs": {"cost_aware_decision": "NO_TRADE", "mean_funding_pnl_bps": 0, "mean_total_cost_bps": 31, "model": "GarimpoInvestimentos.v3.costs.CostModel", "round_trip_friction_bps": 30, "slippage_bps_per_leg": 5, "taker_fee_bps_per_leg": 10}, "data_cutoff": "2026-08-31T00:00:00Z", "data_quality": {"ok": true}, "dataset_identity": {"content_hash": "0d04cf7c11e8b27fd294a3c354dee3750c9de9d2b312f0044436e7a1751b9a33", "name": "real-in-sample", "revision_id": "dataset:real-in-sample:v1", "version": "v1"}, "effect_sha256": "5a503e85a658d5b62e558539ba332affa2dff4d372c19d0ad036d5834b5eda8d", "evidence_identity": {"content_hash": "6f36df6bf689e20cc90c92fcd74baca040d4d6fa1a25368c71f35baf0fcf4bc9", "name": "none", "revision_id": "evidence:none:real-v1", "version": "v1"}, "handler": "crypto.handlers.backtest_existing_hypothesis.v1", "identity": {"package": "cripto-predictor", "record_sha256": "0cde203bc21746dc97498403c0d24fe62e4982340a720e8c7af049514462a262", "version": "1.2.0rc3"}, "metrics": {"ci": {"confidence": 0.95, "n_boot": 500, "scheme": "iid", "seed": 17}, "gross_ci_high_bps": 172, "gross_ci_low_bps": -160, "gross_return_bps": 15, "long_observations": 25, "max_drawdown_bps": -3440, "net_ci_high_bps": 143, "net_ci_low_bps": -190, "net_return_bps": -16, "sample_size": 52, "short_observations": 27, "turnover_round_trips": 52}, "model_identity": {"content_hash": "07225498b8d4834d762a198bc63ee650512fdf02e536d1b0a623bbe9a6fb3582", "name": "fixed-shadow", "revision_id": "protocol:fixed-shadow:real-v1", "version": "v1"}, "placebo_seed": 1024}, "economic_state": "NO_EDGE", "experiment_id": "crypto:EXP-222e116e5dc795a9a7ad842ffb4910f7", "hypothesis_id": "crypto:QUAL-SHADOW-REAL-003", "operational_state": "SUCCEEDED", "ops_facts": {"attempt_ids": ["crypto:ATTEMPT-bf91fa162b0940298e2394f174c5e941"], "attempts": 1, "economic_lock_id": "economic-f4f2f836b734be3a5a31686d0e8c1dd49951735a12ac7edfbfcd9da7a873f5e7", "exit_code": 0, "finished_at": "2026-09-28T01:18:02.518Z", "heartbeat_at": "2026-09-28T01:18:02.317Z", "identity": {"package": "predictor-ops", "record_sha256": "1c7946e1d994f63bc3e732fe4666edfb42967f3a7b7b11664af63ca572f0018f", "version": "4.2.2rc1"}, "job_id": "crypto-research-222e116e5dc795a9a7ad842f", "operational_state": "SUCCEEDED", "ops_record_hash": "301d97cfb490992c314bd39c2f876f0abe5e3ab1b5f0c89f47678c24958288f7", "ops_run_id": "5d0b4445ca7442659f0f9d7e0e442545", "ops_run_ids": ["5d0b4445ca7442659f0f9d7e0e442545"], "retry_count": 0, "started_at": "2026-09-28T01:18:02.312Z"}, "produced_at": "2026-09-28T01:18:02.523747Z", "provenance": {"admission_policy_hash": "78e8b2d76c589c02254b299bcc633eaddfe82d6a93e7849a9b91d11f31563729", "admission_policy_id": "crypto-integration-qualification", "admission_policy_version": 1, "handler_identity": "crypto.handlers.backtest_existing_hypothesis.v1", "journal_identity": "a35c9a8168fa93bcb01b8d09c73223a9439f99a6da3647d0f1a8f9f167199397", "logical_experiment_hash": "222e116e5dc795a9a7ad842ffb4910f7fc0527437650659bbd04f9e5b9f47c26", "reference_materialization_receipt_hash": "01f35b421d8ba1250c88514741079b2a35817b67a2a22d7b4f89b0679b1babfe", "request_content_hash": "3959a9b490742b4bd849d7aa74c47f97cd34493cfd8cc696e84887b1c49c20c7", "resolved_references_hash": "257b00d8d257e56401219b8ae046e9e5a1d90efaba5ab7cc654a493d0f59ee64"}, "request_id": "crypto:REQ-IC-SOAK-024", "research_id": "crypto:RESEARCH-INTEGRATION-QUALIFICATION", "result_id": "crypto:RESULT-222e116e5dc795a9a7ad842ffb4910f7", "result_state": "INCONCLUSIVE", "schema_version": "crypto-research-result/1", "scientific_state": "INCONCLUSIVE"}, "result_sha256": "645c2956d09b1e022b228aa8a61d6e92f75ee2f07e246b04e0c8decad37d1846", "source": "authoritative_result_store", "status": "RESULT"}
--- stderr
--- end
{"n": 182, "label": "show crypto:REQ-IC-SOAK-011", "at": "2026-09-28T01:19:33Z", "seconds": 0.144, "argv": ["/home/runner/work/_temp/work/rt/consumer-venv/bin/cripto-research", "--state", "/home/runner/work/_temp/work/soak/domain-state", "show", "crypto:REQ-IC-SOAK-011"], "fault_env": {}, "exit": 0}
--- stdout
{"request_id": "crypto:REQ-IC-SOAK-011", "result": {"admission_id": "crypto:ADM-edd2ad33d4d2bdaafd52b4ef92704d3b", "capital_permission": false, "core_facts": {"dataset_fingerprint": "1e6356ed1c918f083af953f558a5d23fc6d777ec95bb6cdbde16ee34d257dddb", "identity": {"package": "predictor-core", "record_sha256": "eb8c5553379422a4317e5d6749a98912e95e873d52c80d7fa1fd87e6d96977c2", "version": "3.2.1"}, "scientific_state_source": "core_trial_registry", "statistics": {"gross_ci_high": 0.008164304869306672, "gross_ci_low": -0.02404768167180167, "mean_gross_return": -0.007401098256511149, "mean_net_return": -0.010454256525741919, "net_ci_high": 0.005230660830845132, "net_ci_low": -0.027419248402570904}, "temporal_validation": {"data_cutoff": "2026-08-31T00:00:00Z", "inequality": "available_at <= data_cutoff and observed_at monotonic and observed_at <= available_at", "max_available_at": "2026-08-31T00:00:00Z", "method": "predictor_core.measurement.replay", "rows": 52, "status": "PASS"}, "trial_ids": ["crypto:TRIAL-5c57c4fde032024ffac28d479db0300e"], "trial_registry": "predictor_core.contracts.trial_v2.TrialRegistryV2", "trial_row_hash": "84bb15f446bd620072d5d82e2b1c86bc5a72cd98943f496a0ae2ebde0ce549a6"}, "domain_facts": {"baseline_comparison": {"baseline_id": "crypto:BASELINE-FLAT", "gross_delta_bps": -74, "net_delta_bps": -105, "outcome": "LOSES"}, "baseline_identity": {"content_hash": "4cfdb5417495d2ab5067d67ad9d199d59d330fa4600a8d451b32a7b62e6be136", "name": "flat", "revision_id": "baseline:flat:real-v1", "version": "v1"}, "cost_model_identity": {"content_hash": "6168c2abe0d77bcceffc084905a6a2ba54a8cbdf5a1a55f48fbc1e30f3e44e65", "name": "v3-frozen", "revision_id": "cost_model:v3-frozen:real-v1", "version": "v1"}, "costs": {"cost_aware_decision": "NO_TRADE", "mean_funding_pnl_bps": -1, "mean_total_cost_bps": 31, "model": "GarimpoInvestimentos.v3.costs.CostModel", "round_trip_friction_bps": 30, "slippage_bps_per_leg": 5, "taker_fee_bps_per_leg": 10}, "data_cutoff": "2026-08-31T00:00:00Z", "data_quality": {"ok": true}, "dataset_identity": {"content_hash": "0d04cf7c11e8b27fd294a3c354dee3750c9de9d2b312f0044436e7a1751b9a33", "name": "real-in-sample", "revision_id": "dataset:real-in-sample:v1", "version": "v1"}, "effect_sha256": "7089398a6e66d3e312a5da19e6a4862a1a1ca48655e046032eb9b4ef25acd30c", "evidence_identity": {"content_hash": "6f36df6bf689e20cc90c92fcd74baca040d4d6fa1a25368c71f35baf0fcf4bc9", "name": "none", "revision_id": "evidence:none:real-v1", "version": "v1"}, "handler": "crypto.handlers.backtest_existing_hypothesis.v1", "identity": {"package": "cripto-predictor", "record_sha256": "0cde203bc21746dc97498403c0d24fe62e4982340a720e8c7af049514462a262", "version": "1.2.0rc3"}, "metrics": {"ci": {"confidence": 0.95, "n_boot": 500, "scheme": "iid", "seed": 17}, "gross_ci_high_bps": 82, "gross_ci_low_bps": -240, "gross_return_bps": -74, "long_observations": 27, "max_drawdown_bps": -5066, "net_ci_high_bps": 52, "net_ci_low_bps": -274, "net_return_bps": -105, "sample_size": 52, "short_observations": 25, "turnover_round_trips": 52}, "model_identity": {"content_hash": "07225498b8d4834d762a198bc63ee650512fdf02e536d1b0a623bbe9a6fb3582", "name": "fixed-shadow", "revision_id": "protocol:fixed-shadow:real-v1", "version": "v1"}, "placebo_seed": 1011}, "economic_state": "NO_EDGE", "experiment_id": "crypto:EXP-5c57c4fde032024ffac28d479db0300e", "hypothesis_id": "crypto:QUAL-SHADOW-REAL-002", "operational_state": "SUCCEEDED", "ops_facts": {"attempt_ids": ["crypto:ATTEMPT-cc0b7304b153459d99806ebcb7395e43"], "attempts": 1, "economic_lock_id": "economic-87537858f6b403b7faba3fedbe8be7bdf2578ca7527995935bdf17d390d8a461", "exit_code": 0, "finished_at": "2026-09-28T01:17:47.821Z", "heartbeat_at": "2026-09-28T01:17:47.619Z", "identity": {"package": "predictor-ops", "record_sha256": "1c7946e1d994f63bc3e732fe4666edfb42967f3a7b7b11664af63ca572f0018f", "version": "4.2.2rc1"}, "job_id": "crypto-research-5c57c4fde032024ffac28d47", "operational_state": "SUCCEEDED", "ops_record_hash": "485f6ec1361e53ca6ad8265ec304f145e63ae7d0da21d2c862244f487b20c5e1", "ops_run_id": "fb3aaf98d37d46f99fd17b2ce04ee779", "ops_run_ids": ["fb3aaf98d37d46f99fd17b2ce04ee779"], "retry_count": 0, "started_at": "2026-09-28T01:17:47.614Z"}, "produced_at": "2026-09-28T01:17:47.825641Z", "provenance": {"admission_policy_hash": "78e8b2d76c589c02254b299bcc633eaddfe82d6a93e7849a9b91d11f31563729", "admission_policy_id": "crypto-integration-qualification", "admission_policy_version": 1, "handler_identity": "crypto.handlers.backtest_existing_hypothesis.v1", "journal_identity": "347917d3923daf5dd02a9bd14bf2ca013e50a34a3711bf38265e066edec21c04", "logical_experiment_hash": "5c57c4fde032024ffac28d479db0300e13f979ae1c11e725ed78a599a65b9a7c", "reference_materialization_receipt_hash": "a3ea047acf96d7c7016c39efcef8b09220ee488ab0af69482fddc32d20578cc9", "request_content_hash": "35a1b28a7a05f2c97cff1964fd3273f9550aaabdefde072c598a7848f249c020", "resolved_references_hash": "257b00d8d257e56401219b8ae046e9e5a1d90efaba5ab7cc654a493d0f59ee64"}, "request_id": "crypto:REQ-IC-SOAK-011", "research_id": "crypto:RESEARCH-INTEGRATION-QUALIFICATION", "result_id": "crypto:RESULT-5c57c4fde032024ffac28d479db0300e", "result_state": "INCONCLUSIVE", "schema_version": "crypto-research-result/1", "scientific_state": "INCONCLUSIVE"}, "result_sha256": "d48f56186b79068262509525b441e2ade8741f9f402efa7ed39d7c0e1bb604c3", "source": "authoritative_result_store", "status": "RESULT"}
--- stderr
--- end
{"n": 183, "label": "show crypto:REQ-IC-SOAK-016", "at": "2026-09-28T01:19:34Z", "seconds": 0.145, "argv": ["/home/runner/work/_temp/work/rt/consumer-venv/bin/cripto-research", "--state", "/home/runner/work/_temp/work/soak/domain-state", "show", "crypto:REQ-IC-SOAK-016"], "fault_env": {}, "exit": 0}
--- stdout
{"request_id": "crypto:REQ-IC-SOAK-016", "result": {"admission_id": "crypto:ADM-3accea69be67017a9fb752968dc382d8", "capital_permission": false, "core_facts": {"dataset_fingerprint": "1e6356ed1c918f083af953f558a5d23fc6d777ec95bb6cdbde16ee34d257dddb", "identity": {"package": "predictor-core", "record_sha256": "eb8c5553379422a4317e5d6749a98912e95e873d52c80d7fa1fd87e6d96977c2", "version": "3.2.1"}, "scientific_state_source": "core_trial_registry", "statistics": {"gross_ci_high": 0.009980049424179759, "gross_ci_low": -0.02256156105422991, "mean_gross_return": -0.007623126939725542, "mean_net_return": -0.010941523285879388, "net_ci_high": 0.006791267501102836, "net_ci_low": -0.026044415669614525}, "temporal_validation": {"data_cutoff": "2026-08-31T00:00:00Z", "inequality": "available_at <= data_cutoff and observed_at monotonic and observed_at <= available_at", "max_available_at": "2026-08-31T00:00:00Z", "method": "predictor_core.measurement.replay", "rows": 52, "status": "PASS"}, "trial_ids": ["crypto:TRIAL-f30b16928dde55b06afeb74e5d38f276"], "trial_registry": "predictor_core.contracts.trial_v2.TrialRegistryV2", "trial_row_hash": "9f93ea15209c488cc2cdd9544ac2a59bfa3dde65dba2a87029ab644d85c30366"}, "domain_facts": {"baseline_comparison": {"baseline_id": "crypto:BASELINE-FLAT", "gross_delta_bps": -76, "net_delta_bps": -109, "outcome": "LOSES"}, "baseline_identity": {"content_hash": "4cfdb5417495d2ab5067d67ad9d199d59d330fa4600a8d451b32a7b62e6be136", "name": "flat", "revision_id": "baseline:flat:real-v1", "version": "v1"}, "cost_model_identity": {"content_hash": "6168c2abe0d77bcceffc084905a6a2ba54a8cbdf5a1a55f48fbc1e30f3e44e65", "name": "v3-frozen", "revision_id": "cost_model:v3-frozen:real-v1", "version": "v1"}, "costs": {"cost_aware_decision": "NO_TRADE", "mean_funding_pnl_bps": -3, "mean_total_cost_bps": 33, "model": "GarimpoInvestimentos.v3.costs.CostModel", "round_trip_friction_bps": 30, "slippage_bps_per_leg": 5, "taker_fee_bps_per_leg": 10}, "data_cutoff": "2026-08-31T00:00:00Z", "data_quality": {"ok": true}, "dataset_identity": {"content_hash": "0d04cf7c11e8b27fd294a3c354dee3750c9de9d2b312f0044436e7a1751b9a33", "name": "real-in-sample", "revision_id": "dataset:real-in-sample:v1", "version": "v1"}, "effect_sha256": "6af47e16ef0480e57a7617d8cce34dbfd4164949eea47adcc17c95111f21b86f", "evidence_identity": {"content_hash": "6f36df6bf689e20cc90c92fcd74baca040d4d6fa1a25368c71f35baf0fcf4bc9", "name": "none", "revision_id": "evidence:none:real-v1", "version": "v1"}, "handler": "crypto.handlers.backtest_existing_hypothesis.v1", "identity": {"package": "cripto-predictor", "record_sha256": "0cde203bc21746dc97498403c0d24fe62e4982340a720e8c7af049514462a262", "version": "1.2.0rc3"}, "metrics": {"ci": {"confidence": 0.95, "n_boot": 500, "scheme": "iid", "seed": 17}, "gross_ci_high_bps": 100, "gross_ci_low_bps": -226, "gross_return_bps": -76, "long_observations": 33, "max_drawdown_bps": -6228, "net_ci_high_bps": 68, "net_ci_low_bps": -260, "net_return_bps": -109, "sample_size": 52, "short_observations": 19, "turnover_round_trips": 52}, "model_identity": {"content_hash": "07225498b8d4834d762a198bc63ee650512fdf02e536d1b0a623bbe9a6fb3582", "name": "fixed-shadow", "revision_id": "protocol:fixed-shadow:real-v1", "version": "v1"}, "placebo_seed": 1016}, "economic_state": "NO_EDGE", "experiment_id": "crypto:EXP-f30b16928dde55b06afeb74e5d38f276", "hypothesis_id": "crypto:QUAL-SHADOW-REAL-001", "operational_state": "SUCCEEDED", "ops_facts": {"attempt_ids": ["crypto:ATTEMPT-33e9d7653275426184392354d749c7bb", "crypto:ATTEMPT-57c5be6b7f0146be86a6876ba00ff420"], "attempts": 2, "economic_lock_id": "economic-ecc81edae35cac5956226048da5a98774b28c01d2c416f18d10c8ed48c78d9c7", "exit_code": 0, "finished_at": "2026-09-28T01:17:53.622Z", "heartbeat_at": "2026-09-28T01:17:53.420Z", "identity": {"package": "predictor-ops", "record_sha256": "1c7946e1d994f63bc3e732fe4666edfb42967f3a7b7b11664af63ca572f0018f", "version": "4.2.2rc1"}, "job_id": "crypto-research-f30b16928dde55b06afeb74e", "operational_state": "SUCCEEDED", "ops_record_hash": "e7ae953a0620b72eb521234e0272d9224cda8138c445bb10b222f55c8ac96994", "ops_run_id": "6818024aea994aa6b750558519d0b6d7", "ops_run_ids": ["c98f50e1f7714509a226c484a4869d49", "6818024aea994aa6b750558519d0b6d7"], "retry_count": 1, "started_at": "2026-09-28T01:17:53.415Z"}, "produced_at": "2026-09-28T01:17:53.626900Z", "provenance": {"admission_policy_hash": "78e8b2d76c589c02254b299bcc633eaddfe82d6a93e7849a9b91d11f31563729", "admission_policy_id": "crypto-integration-qualification", "admission_policy_version": 1, "handler_identity": "crypto.handlers.backtest_existing_hypothesis.v1", "journal_identity": "20ee3945cf64cf8266e1245de1cd9945227227af5339ceb92010191a357bf366", "logical_experiment_hash": "f30b16928dde55b06afeb74e5d38f276433e970279cd427baec28e264ef8db07", "reference_materialization_receipt_hash": "5120240f6ba6d1ca83043b32a5b91faeae9d7c89688a7d4462141d2649df5ed9", "request_content_hash": "925d149c17c7fa1c7ba898945cb5008557201363cc3bbfbd6c46517d28a206db", "resolved_references_hash": "257b00d8d257e56401219b8ae046e9e5a1d90efaba5ab7cc654a493d0f59ee64"}, "request_id": "crypto:REQ-IC-SOAK-016", "research_id": "crypto:RESEARCH-INTEGRATION-QUALIFICATION", "result_id": "crypto:RESULT-f30b16928dde55b06afeb74e5d38f276", "result_state": "INCONCLUSIVE", "schema_version": "crypto-research-result/1", "scientific_state": "INCONCLUSIVE"}, "result_sha256": "9a7a243776c19883110bb5dacd16989a1ec0c51995d0b670be8cd8c4a84d03fc", "source": "authoritative_result_store", "status": "RESULT"}
--- stderr
--- end
{"n": 184, "label": "show crypto:REQ-IC-SOAK-019", "at": "2026-09-28T01:19:34Z", "seconds": 0.148, "argv": ["/home/runner/work/_temp/work/rt/consumer-venv/bin/cripto-research", "--state", "/home/runner/work/_temp/work/soak/domain-state", "show", "crypto:REQ-IC-SOAK-019"], "fault_env": {}, "exit": 0}
--- stdout
{"request_id": "crypto:REQ-IC-SOAK-019", "result": {"admission_id": "crypto:ADM-381c618ea94fd38f6966c45ad8e41044", "capital_permission": false, "core_facts": {"dataset_fingerprint": "1e6356ed1c918f083af953f558a5d23fc6d777ec95bb6cdbde16ee34d257dddb", "identity": {"package": "predictor-core", "record_sha256": "eb8c5553379422a4317e5d6749a98912e95e873d52c80d7fa1fd87e6d96977c2", "version": "3.2.1"}, "scientific_state_source": "core_trial_registry", "statistics": {"gross_ci_high": 0.0003756861262510727, "gross_ci_low": -0.03362341525367689, "mean_gross_return": -0.01693832936684607, "mean_net_return": -0.02004326071299992, "net_ci_high": -0.0026460316133788903, "net_ci_low": -0.03682005602290766}, "temporal_validation": {"data_cutoff": "2026-08-31T00:00:00Z", "inequality": "available_at <= data_cutoff and observed_at monotonic and observed_at <= available_at", "max_available_at": "2026-08-31T00:00:00Z", "method": "predictor_core.measurement.replay", "rows": 52, "status": "PASS"}, "trial_ids": ["crypto:TRIAL-b61bd1177df266aee88a3c3fd6f57099"], "trial_registry": "predictor_core.contracts.trial_v2.TrialRegistryV2", "trial_row_hash": "dfc279d01a8fad47395bf9c8017411db5e2eda62967ae470247d227c5603589d"}, "domain_facts": {"baseline_comparison": {"baseline_id": "crypto:BASELINE-FLAT", "gross_delta_bps": -169, "net_delta_bps": -200, "outcome": "LOSES"}, "baseline_identity": {"content_hash": "4cfdb5417495d2ab5067d67ad9d199d59d330fa4600a8d451b32a7b62e6be136", "name": "flat", "revision_id": "baseline:flat:real-v1", "version": "v1"}, "cost_model_identity": {"content_hash": "6168c2abe0d77bcceffc084905a6a2ba54a8cbdf5a1a55f48fbc1e30f3e44e65", "name": "v3-frozen", "revision_id": "cost_model:v3-frozen:real-v1", "version": "v1"}, "costs": {"cost_aware_decision": "NO_TRADE", "mean_funding_pnl_bps": -1, "mean_total_cost_bps": 31, "model": "GarimpoInvestimentos.v3.costs.CostModel", "round_trip_friction_bps": 30, "slippage_bps_per_leg": 5, "taker_fee_bps_per_leg": 10}, "data_cutoff": "2026-08-31T00:00:00Z", "data_quality": {"ok": true}, "dataset_identity": {"content_hash": "0d04cf7c11e8b27fd294a3c354dee3750c9de9d2b312f0044436e7a1751b9a33", "name": "real-in-sample", "revision_id": "dataset:real-in-sample:v1", "version": "v1"}, "effect_sha256": "b86e0049f3fecd6c9a46e56adf272cc82075b9f89030b9503369937213ab1c22", "evidence_identity": {"content_hash": "6f36df6bf689e20cc90c92fcd74baca040d4d6fa1a25368c71f35baf0fcf4bc9", "name": "none", "revision_id": "evidence:none:real-v1", "version": "v1"}, "handler": "crypto.handlers.backtest_existing_hypothesis.v1", "identity": {"package": "cripto-predictor", "record_sha256": "0cde203bc21746dc97498403c0d24fe62e4982340a720e8c7af049514462a262", "version": "1.2.0rc3"}, "metrics": {"ci": {"confidence": 0.95, "n_boot": 500, "scheme": "iid", "seed": 17}, "gross_ci_high_bps": 4, "gross_ci_low_bps": -336, "gross_return_bps": -169, "long_observations": 27, "max_drawdown_bps": -6923, "net_ci_high_bps": -26, "net_ci_low_bps": -368, "net_return_bps": -200, "sample_size": 52, "short_observations": 25, "turnover_round_trips": 52}, "model_identity": {"content_hash": "07225498b8d4834d762a198bc63ee650512fdf02e536d1b0a623bbe9a6fb3582", "name": "fixed-shadow", "revision_id": "protocol:fixed-shadow:real-v1", "version": "v1"}, "placebo_seed": 1019}, "economic_state": "NO_EDGE", "experiment_id": "crypto:EXP-b61bd1177df266aee88a3c3fd6f57099", "hypothesis_id": "crypto:QUAL-SHADOW-REAL-001", "operational_state": "SUCCEEDED", "ops_facts": {"attempt_ids": ["crypto:ATTEMPT-d3b00ecbbb0f450fb66b600dd50a496b"], "attempts": 1, "economic_lock_id": "economic-402c68270f4d147796885aca9914fc14ee96c23bcc0d64635b19e895d212eef2", "exit_code": 0, "finished_at": "2026-09-28T01:17:56.797Z", "heartbeat_at": "2026-09-28T01:17:56.596Z", "identity": {"package": "predictor-ops", "record_sha256": "1c7946e1d994f63bc3e732fe4666edfb42967f3a7b7b11664af63ca572f0018f", "version": "4.2.2rc1"}, "job_id": "crypto-research-b61bd1177df266aee88a3c3f", "operational_state": "SUCCEEDED", "ops_record_hash": "d502cf6a40234ca8e7aee0a833dac671328774baadfcafb8035bc63f834114f8", "ops_run_id": "86eee057ff1c4c09a58fcfda575e022b", "ops_run_ids": ["86eee057ff1c4c09a58fcfda575e022b"], "retry_count": 0, "started_at": "2026-09-28T01:17:56.590Z"}, "produced_at": "2026-09-28T01:17:56.802335Z", "provenance": {"admission_policy_hash": "78e8b2d76c589c02254b299bcc633eaddfe82d6a93e7849a9b91d11f31563729", "admission_policy_id": "crypto-integration-qualification", "admission_policy_version": 1, "handler_identity": "crypto.handlers.backtest_existing_hypothesis.v1", "journal_identity": "cb7af71fa7b29fb609be943ca8a68ae5bd1db701eb7ffd3693eb608491b8041a", "logical_experiment_hash": "b61bd1177df266aee88a3c3fd6f57099c3e700c07eec3418016d1c6d5b935d70", "reference_materialization_receipt_hash": "1a85ebc3ac5c3c739d141e6f5acee9c71f6c15655e386e9ecc95ffa8cab81e50", "request_content_hash": "e6aec9a5a074bc7467ccd01e0c6cc10afdf9afb0df31778e5e46992b8574c68e", "resolved_references_hash": "257b00d8d257e56401219b8ae046e9e5a1d90efaba5ab7cc654a493d0f59ee64"}, "request_id": "crypto:REQ-IC-SOAK-019", "research_id": "crypto:RESEARCH-INTEGRATION-QUALIFICATION", "result_id": "crypto:RESULT-b61bd1177df266aee88a3c3fd6f57099", "result_state": "INCONCLUSIVE", "schema_version": "crypto-research-result/1", "scientific_state": "INCONCLUSIVE"}, "result_sha256": "40827528667e9cc840c70681f646447a08eb8d7bedc8c7eb9ee962fd9185169d", "source": "authoritative_result_store", "status": "RESULT"}
--- stderr
--- end
{"n": 185, "label": "show crypto:REQ-IC-SOAK-005", "at": "2026-09-28T01:19:34Z", "seconds": 0.146, "argv": ["/home/runner/work/_temp/work/rt/consumer-venv/bin/cripto-research", "--state", "/home/runner/work/_temp/work/soak/domain-state", "show", "crypto:REQ-IC-SOAK-005"], "fault_env": {}, "exit": 0}
--- stdout
{"request_id": "crypto:REQ-IC-SOAK-005", "result": {"admission_id": "crypto:ADM-f55bb20b882587f08a5ea800929a6a83", "capital_permission": false, "core_facts": {"dataset_fingerprint": "1e6356ed1c918f083af953f558a5d23fc6d777ec95bb6cdbde16ee34d257dddb", "identity": {"package": "predictor-core", "record_sha256": "eb8c5553379422a4317e5d6749a98912e95e873d52c80d7fa1fd87e6d96977c2", "version": "3.2.1"}, "scientific_state_source": "core_trial_registry", "statistics": {"gross_ci_high": 0.010208916788953692, "gross_ci_low": -0.02320684260511376, "mean_gross_return": -0.006025421317052304, "mean_net_return": -0.00917600343243692, "net_ci_high": 0.007236146133887015, "net_ci_low": -0.026348752159692273}, "temporal_validation": {"data_cutoff": "2026-08-31T00:00:00Z", "inequality": "available_at <= data_cutoff and observed_at monotonic and observed_at <= available_at", "max_available_at": "2026-08-31T00:00:00Z", "method": "predictor_core.measurement.replay", "rows": 52, "status": "PASS"}, "trial_ids": ["crypto:TRIAL-3cce76453452f335809675784c455554"], "trial_registry": "predictor_core.contracts.trial_v2.TrialRegistryV2", "trial_row_hash": "ad95e81bca0e817e479e50a8ea38fc57461ec9b8fe4a4f2e7efac563338d4ac4"}, "domain_facts": {"baseline_comparison": {"baseline_id": "crypto:BASELINE-FLAT", "gross_delta_bps": -60, "net_delta_bps": -92, "outcome": "LOSES"}, "baseline_identity": {"content_hash": "4cfdb5417495d2ab5067d67ad9d199d59d330fa4600a8d451b32a7b62e6be136", "name": "flat", "revision_id": "baseline:flat:real-v1", "version": "v1"}, "cost_model_identity": {"content_hash": "6168c2abe0d77bcceffc084905a6a2ba54a8cbdf5a1a55f48fbc1e30f3e44e65", "name": "v3-frozen", "revision_id": "cost_model:v3-frozen:real-v1", "version": "v1"}, "costs": {"cost_aware_decision": "NO_TRADE", "mean_funding_pnl_bps": -2, "mean_total_cost_bps": 32, "model": "GarimpoInvestimentos.v3.costs.CostModel", "round_trip_friction_bps": 30, "slippage_bps_per_leg": 5, "taker_fee_bps_per_leg": 10}, "data_cutoff": "2026-08-31T00:00:00Z", "data_quality": {"ok": true}, "dataset_identity": {"content_hash": "0d04cf7c11e8b27fd294a3c354dee3750c9de9d2b312f0044436e7a1751b9a33", "name": "real-in-sample", "revision_id": "dataset:real-in-sample:v1", "version": "v1"}, "effect_sha256": "ce74098e557f77db5f6825c633c664bb14cb238860d685d287a202e5b1fee3b5", "evidence_identity": {"content_hash": "6f36df6bf689e20cc90c92fcd74baca040d4d6fa1a25368c71f35baf0fcf4bc9", "name": "none", "revision_id": "evidence:none:real-v1", "version": "v1"}, "handler": "crypto.handlers.backtest_existing_hypothesis.v1", "identity": {"package": "cripto-predictor", "record_sha256": "0cde203bc21746dc97498403c0d24fe62e4982340a720e8c7af049514462a262", "version": "1.2.0rc3"}, "metrics": {"ci": {"confidence": 0.95, "n_boot": 500, "scheme": "iid", "seed": 17}, "gross_ci_high_bps": 102, "gross_ci_low_bps": -232, "gross_return_bps": -60, "long_observations": 31, "max_drawdown_bps": -5331, "net_ci_high_bps": 72, "net_ci_low_bps": -263, "net_return_bps": -92, "sample_size": 52, "short_observations": 21, "turnover_round_trips": 52}, "model_identity": {"content_hash": "07225498b8d4834d762a198bc63ee650512fdf02e536d1b0a623bbe9a6fb3582", "name": "fixed-shadow", "revision_id": "protocol:fixed-shadow:real-v1", "version": "v1"}, "placebo_seed": 1005}, "economic_state": "NO_EDGE", "experiment_id": "crypto:EXP-3cce76453452f335809675784c455554", "hypothesis_id": "crypto:QUAL-SHADOW-REAL-002", "operational_state": "SUCCEEDED", "ops_facts": {"attempt_ids": ["crypto:ATTEMPT-75d50062a22c434b84b048b7fe7e2808"], "attempts": 1, "economic_lock_id": "economic-863323cea75558dd3e6d284ba3af57d4dfb90a650756981ddb39991d1d96daee", "exit_code": 0, "finished_at": "2026-09-28T01:17:40.416Z", "heartbeat_at": "2026-09-28T01:17:40.215Z", "identity": {"package": "predictor-ops", "record_sha256": "1c7946e1d994f63bc3e732fe4666edfb42967f3a7b7b11664af63ca572f0018f", "version": "4.2.2rc1"}, "job_id": "crypto-research-3cce76453452f33580967578", "operational_state": "SUCCEEDED", "ops_record_hash": "1751537424db69b4fc6e17dbce86d9d780072c0bac435cb9d27b4411a09d4309", "ops_run_id": "6ac3c907b0a84105a053dba6099f8e88", "ops_run_ids": ["6ac3c907b0a84105a053dba6099f8e88"], "retry_count": 0, "started_at": "2026-09-28T01:17:40.209Z"}, "produced_at": "2026-09-28T01:17:40.420661Z", "provenance": {"admission_policy_hash": "78e8b2d76c589c02254b299bcc633eaddfe82d6a93e7849a9b91d11f31563729", "admission_policy_id": "crypto-integration-qualification", "admission_policy_version": 1, "handler_identity": "crypto.handlers.backtest_existing_hypothesis.v1", "journal_identity": "74be69cf27850221f29679168ff22958e4c10f629a33e29c804e1e53886b7662", "logical_experiment_hash": "3cce76453452f335809675784c455554b82deaaef63e33ba8b60ff60d89c9c8d", "reference_materialization_receipt_hash": "c6bfd07f830e01c9da3c6f13c58f948a46a49d531c541d166caa60c357dc8a64", "request_content_hash": "4d35f42f2f282aee147519de041b909c3df612d0fc5cbc18222ddbd041116d4a", "resolved_references_hash": "257b00d8d257e56401219b8ae046e9e5a1d90efaba5ab7cc654a493d0f59ee64"}, "request_id": "crypto:REQ-IC-SOAK-005", "research_id": "crypto:RESEARCH-INTEGRATION-QUALIFICATION", "result_id": "crypto:RESULT-3cce76453452f335809675784c455554", "result_state": "INCONCLUSIVE", "schema_version": "crypto-research-result/1", "scientific_state": "INCONCLUSIVE"}, "result_sha256": "1b91a7dd78268293cf99cd8fb0bdd52aa05d037fa3eadd0964445b01debef390", "source": "authoritative_result_store", "status": "RESULT"}
--- stderr
--- end
{"n": 186, "label": "show crypto:REQ-IC-SOAK-015", "at": "2026-09-28T01:19:34Z", "seconds": 0.146, "argv": ["/home/runner/work/_temp/work/rt/consumer-venv/bin/cripto-research", "--state", "/home/runner/work/_temp/work/soak/domain-state", "show", "crypto:REQ-IC-SOAK-015"], "fault_env": {}, "exit": 0}
--- stdout
{"request_id": "crypto:REQ-IC-SOAK-015", "result": {"admission_id": "crypto:ADM-181f69be1f7c63f6df0f5b5b91d3e46a", "capital_permission": false, "core_facts": {"dataset_fingerprint": "1e6356ed1c918f083af953f558a5d23fc6d777ec95bb6cdbde16ee34d257dddb", "identity": {"package": "predictor-core", "record_sha256": "eb8c5553379422a4317e5d6749a98912e95e873d52c80d7fa1fd87e6d96977c2", "version": "3.2.1"}, "scientific_state_source": "core_trial_registry", "statistics": {"gross_ci_high": 0.02625836953303416, "gross_ci_low": -0.007654503030228369, "mean_gross_return": 0.010084177572267074, "mean_net_return": 0.007039273918420918, "net_ci_high": 0.02319666360733986, "net_ci_low": -0.010817239101550857}, "temporal_validation": {"data_cutoff": "2026-08-31T00:00:00Z", "inequality": "available_at <= data_cutoff and observed_at monotonic and observed_at <= available_at", "max_available_at": "2026-08-31T00:00:00Z", "method": "predictor_core.measurement.replay", "rows": 52, "status": "PASS"}, "trial_ids": ["crypto:TRIAL-d04c61223969f2536a9a5e9d752f596e"], "trial_registry": "predictor_core.contracts.trial_v2.TrialRegistryV2", "trial_row_hash": "d1f42e43ebc17470a9f21edf43b0b75578586eeb6253d0396caccfca0c6d4028"}, "domain_facts": {"baseline_comparison": {"baseline_id": "crypto:BASELINE-FLAT", "gross_delta_bps": 101, "net_delta_bps": 70, "outcome": "BEATS"}, "baseline_identity": {"content_hash": "4cfdb5417495d2ab5067d67ad9d199d59d330fa4600a8d451b32a7b62e6be136", "name": "flat", "revision_id": "baseline:flat:real-v1", "version": "v1"}, "cost_model_identity": {"content_hash": "6168c2abe0d77bcceffc084905a6a2ba54a8cbdf5a1a55f48fbc1e30f3e44e65", "name": "v3-frozen", "revision_id": "cost_model:v3-frozen:real-v1", "version": "v1"}, "costs": {"cost_aware_decision": "NO_TRADE", "mean_funding_pnl_bps": 0, "mean_total_cost_bps": 31, "model": "GarimpoInvestimentos.v3.costs.CostModel", "round_trip_friction_bps": 30, "slippage_bps_per_leg": 5, "taker_fee_bps_per_leg": 10}, "data_cutoff": "2026-08-31T00:00:00Z", "data_quality": {"ok": true}, "dataset_identity": {"content_hash": "0d04cf7c11e8b27fd294a3c354dee3750c9de9d2b312f0044436e7a1751b9a33", "name": "real-in-sample", "revision_id": "dataset:real-in-sample:v1", "version": "v1"}, "effect_sha256": "043734e219d8dee8d66125dbb36a9efc45263f7c61e086f65f997eb5198ab01b", "evidence_identity": {"content_hash": "6f36df6bf689e20cc90c92fcd74baca040d4d6fa1a25368c71f35baf0fcf4bc9", "name": "none", "revision_id": "evidence:none:real-v1", "version": "v1"}, "handler": "crypto.handlers.backtest_existing_hypothesis.v1", "identity": {"package": "cripto-predictor", "record_sha256": "0cde203bc21746dc97498403c0d24fe62e4982340a720e8c7af049514462a262", "version": "1.2.0rc3"}, "metrics": {"ci": {"confidence": 0.95, "n_boot": 500, "scheme": "iid", "seed": 17}, "gross_ci_high_bps": 263, "gross_ci_low_bps": -77, "gross_return_bps": 101, "long_observations": 28, "max_drawdown_bps": -2330, "net_ci_high_bps": 232, "net_ci_low_bps": -108, "net_return_bps": 70, "sample_size": 52, "short_observations": 24, "turnover_round_trips": 52}, "model_identity": {"content_hash": "07225498b8d4834d762a198bc63ee650512fdf02e536d1b0a623bbe9a6fb3582", "name": "fixed-shadow", "revision_id": "protocol:fixed-shadow:real-v1", "version": "v1"}, "placebo_seed": 1015}, "economic_state": "NO_EDGE", "experiment_id": "crypto:EXP-d04c61223969f2536a9a5e9d752f596e", "hypothesis_id": "crypto:QUAL-SHADOW-REAL-003", "operational_state": "SUCCEEDED", "ops_facts": {"attempt_ids": ["crypto:ATTEMPT-69ba966e1c154e1cb40e1bf54fdd046f"], "attempts": 1, "economic_lock_id": "economic-851b8394f0b34b145172c39dd8f1073fd9d34fba47b58ce6a96f259fcb80f3f8", "exit_code": 0, "finished_at": "2026-09-28T01:17:51.995Z", "heartbeat_at": "2026-09-28T01:17:51.793Z", "identity": {"package": "predictor-ops", "record_sha256": "1c7946e1d994f63bc3e732fe4666edfb42967f3a7b7b11664af63ca572f0018f", "version": "4.2.2rc1"}, "job_id": "crypto-research-d04c61223969f2536a9a5e9d", "operational_state": "SUCCEEDED", "ops_record_hash": "b511c2ac4f3feaa4873de14c4a1e02a00675bdd9d4505545667ee7e768e995da", "ops_run_id": "c84f0499a11644848594ad4c0128402f", "ops_run_ids": ["c84f0499a11644848594ad4c0128402f"], "retry_count": 0, "started_at": "2026-09-28T01:17:51.788Z"}, "produced_at": "2026-09-28T01:17:51.999644Z", "provenance": {"admission_policy_hash": "78e8b2d76c589c02254b299bcc633eaddfe82d6a93e7849a9b91d11f31563729", "admission_policy_id": "crypto-integration-qualification", "admission_policy_version": 1, "handler_identity": "crypto.handlers.backtest_existing_hypothesis.v1", "journal_identity": "d97265f770021be4a4f16ee6c12f805bb6632f84de89d18e1f30a0514f0388f5", "logical_experiment_hash": "d04c61223969f2536a9a5e9d752f596e6962292786f99c566d487f784a7a88d5", "reference_materialization_receipt_hash": "5fbe36f094514447e4fdb71dc7d4c89584a9d73baf1a7139b07edeed7fb77681", "request_content_hash": "f45eea3fd19161f599ceb168d8106d828adbcb0941b1b91d42602b9fc5868d87", "resolved_references_hash": "257b00d8d257e56401219b8ae046e9e5a1d90efaba5ab7cc654a493d0f59ee64"}, "request_id": "crypto:REQ-IC-SOAK-015", "research_id": "crypto:RESEARCH-INTEGRATION-QUALIFICATION", "result_id": "crypto:RESULT-d04c61223969f2536a9a5e9d752f596e", "result_state": "INCONCLUSIVE", "schema_version": "crypto-research-result/1", "scientific_state": "INCONCLUSIVE"}, "result_sha256": "4768f8e223cf1e8126845dacd1270e05a0c745a19da237fb186201b083ea0db4", "source": "authoritative_result_store", "status": "RESULT"}
--- stderr
--- end
{"n": 187, "label": "show crypto:REQ-IC-SOAK-023", "at": "2026-09-28T01:19:34Z", "seconds": 0.146, "argv": ["/home/runner/work/_temp/work/rt/consumer-venv/bin/cripto-research", "--state", "/home/runner/work/_temp/work/soak/domain-state", "show", "crypto:REQ-IC-SOAK-023"], "fault_env": {}, "exit": 0}
--- stdout
{"request_id": "crypto:REQ-IC-SOAK-023", "result": {"admission_id": "crypto:ADM-6312ad15797a4a9fa3ed0ef4d77b8ddd", "capital_permission": false, "core_facts": {"dataset_fingerprint": "1e6356ed1c918f083af953f558a5d23fc6d777ec95bb6cdbde16ee34d257dddb", "identity": {"package": "predictor-core", "record_sha256": "eb8c5553379422a4317e5d6749a98912e95e873d52c80d7fa1fd87e6d96977c2", "version": "3.2.1"}, "scientific_state_source": "core_trial_registry", "statistics": {"gross_ci_high": 0.02455358606823386, "gross_ci_low": -0.010384968885199455, "mean_gross_return": 0.007503447679070732, "mean_net_return": 0.004337406332916884, "net_ci_high": 0.02141079818361847, "net_ci_low": -0.013483285764723055}, "temporal_validation": {"data_cutoff": "2026-08-31T00:00:00Z", "inequality": "available_at <= data_cutoff and observed_at monotonic and observed_at <= available_at", "max_available_at": "2026-08-31T00:00:00Z", "method": "predictor_core.measurement.replay", "rows": 52, "status": "PASS"}, "trial_ids": ["crypto:TRIAL-96634b7da63e286826ad91529b38f764"], "trial_registry": "predictor_core.contracts.trial_v2.TrialRegistryV2", "trial_row_hash": "eb8ec8a3d7a69438786b6621eeabdcba4a2d67c7c71357c9c7ff064daef57659"}, "domain_facts": {"baseline_comparison": {"baseline_id": "crypto:BASELINE-FLAT", "gross_delta_bps": 75, "net_delta_bps": 43, "outcome": "BEATS"}, "baseline_identity": {"content_hash": "4cfdb5417495d2ab5067d67ad9d199d59d330fa4600a8d451b32a7b62e6be136", "name": "flat", "revision_id": "baseline:flat:real-v1", "version": "v1"}, "cost_model_identity": {"content_hash": "6168c2abe0d77bcceffc084905a6a2ba54a8cbdf5a1a55f48fbc1e30f3e44e65", "name": "v3-frozen", "revision_id": "cost_model:v3-frozen:real-v1", "version": "v1"}, "costs": {"cost_aware_decision": "NO_TRADE", "mean_funding_pnl_bps": -2, "mean_total_cost_bps": 32, "model": "GarimpoInvestimentos.v3.costs.CostModel", "round_trip_friction_bps": 30, "slippage_bps_per_leg": 5, "taker_fee_bps_per_leg": 10}, "data_cutoff": "2026-08-31T00:00:00Z", "data_quality": {"ok": true}, "dataset_identity": {"content_hash": "0d04cf7c11e8b27fd294a3c354dee3750c9de9d2b312f0044436e7a1751b9a33", "name": "real-in-sample", "revision_id": "dataset:real-in-sample:v1", "version": "v1"}, "effect_sha256": "364973d0f41311802b230c3db2daa877a64813921df066ad56aad148d5b34fb6", "evidence_identity": {"content_hash": "6f36df6bf689e20cc90c92fcd74baca040d4d6fa1a25368c71f35baf0fcf4bc9", "name": "none", "revision_id": "evidence:none:real-v1", "version": "v1"}, "handler": "crypto.handlers.backtest_existing_hypothesis.v1", "identity": {"package": "cripto-predictor", "record_sha256": "0cde203bc21746dc97498403c0d24fe62e4982340a720e8c7af049514462a262", "version": "1.2.0rc3"}, "metrics": {"ci": {"confidence": 0.95, "n_boot": 500, "scheme": "iid", "seed": 17}, "gross_ci_high_bps": 246, "gross_ci_low_bps": -104, "gross_return_bps": 75, "long_observations": 34, "max_drawdown_bps": -2933, "net_ci_high_bps": 214, "net_ci_low_bps": -135, "net_return_bps": 43, "sample_size": 52, "short_observations": 18, "turnover_round_trips": 52}, "model_identity": {"content_hash": "07225498b8d4834d762a198bc63ee650512fdf02e536d1b0a623bbe9a6fb3582", "name": "fixed-shadow", "revision_id": "protocol:fixed-shadow:real-v1", "version": "v1"}, "placebo_seed": 1023}, "economic_state": "NO_EDGE", "experiment_id": "crypto:EXP-96634b7da63e286826ad91529b38f764", "hypothesis_id": "crypto:QUAL-SHADOW-REAL-002", "operational_state": "SUCCEEDED", "ops_facts": {"attempt_ids": ["crypto:ATTEMPT-2d35bff144a54036b71af6907388db63"], "attempts": 1, "economic_lock_id": "economic-763098e9035c4da6a6ae55a8bde4dd5104844e80a66016a3c56dcaeae9c233b3", "exit_code": 0, "finished_at": "2026-09-28T01:18:01.456Z", "heartbeat_at": "2026-09-28T01:18:01.254Z", "identity": {"package": "predictor-ops", "record_sha256": "1c7946e1d994f63bc3e732fe4666edfb42967f3a7b7b11664af63ca572f0018f", "version": "4.2.2rc1"}, "job_id": "crypto-research-96634b7da63e286826ad9152", "operational_state": "SUCCEEDED", "ops_record_hash": "b599ecf6e2200e93a1d074d317c4592cf30e9e874267d6a4a9f1f11e70fbe162", "ops_run_id": "01a0a80398f745928f90bf9eb0d2a1a3", "ops_run_ids": ["01a0a80398f745928f90bf9eb0d2a1a3"], "retry_count": 0, "started_at": "2026-09-28T01:18:01.249Z"}, "produced_at": "2026-09-28T01:18:01.460630Z", "provenance": {"admission_policy_hash": "78e8b2d76c589c02254b299bcc633eaddfe82d6a93e7849a9b91d11f31563729", "admission_policy_id": "crypto-integration-qualification", "admission_policy_version": 1, "handler_identity": "crypto.handlers.backtest_existing_hypothesis.v1", "journal_identity": "f52cb4a46dd0fee008fae35441dd1fee9b6ef91564ccc4945df41c0ff2b54880", "logical_experiment_hash": "96634b7da63e286826ad91529b38f76406d4b875db7293ef31192dc7b2ec1953", "reference_materialization_receipt_hash": "fa5f2717d8525fe6f0d5a9df369c442ff48bd5c3b88bb0da5cc17156c11c544e", "request_content_hash": "f6d704d9c67f2957fb1005b46c5599009353d3a6263a35164157d98e876cbaef", "resolved_references_hash": "257b00d8d257e56401219b8ae046e9e5a1d90efaba5ab7cc654a493d0f59ee64"}, "request_id": "crypto:REQ-IC-SOAK-023", "research_id": "crypto:RESEARCH-INTEGRATION-QUALIFICATION", "result_id": "crypto:RESULT-96634b7da63e286826ad91529b38f764", "result_state": "INCONCLUSIVE", "schema_version": "crypto-research-result/1", "scientific_state": "INCONCLUSIVE"}, "result_sha256": "89a659ce19d955fc410b170ecdb0e4f6cd9100a164ee1e62c40b068746edecb4", "source": "authoritative_result_store", "status": "RESULT"}
--- stderr
--- end
{"n": 188, "label": "show crypto:REQ-IC-SOAK-001", "at": "2026-09-28T01:19:34Z", "seconds": 0.148, "argv": ["/home/runner/work/_temp/work/rt/consumer-venv/bin/cripto-research", "--state", "/home/runner/work/_temp/work/soak/domain-state", "show", "crypto:REQ-IC-SOAK-001"], "fault_env": {}, "exit": 0}
--- stdout
{"request_id": "crypto:REQ-IC-SOAK-001", "result": {"admission_id": "crypto:ADM-395aa11560ea1ed1161aa05e45897d4c", "capital_permission": false, "core_facts": {"dataset_fingerprint": "1e6356ed1c918f083af953f558a5d23fc6d777ec95bb6cdbde16ee34d257dddb", "identity": {"package": "predictor-core", "record_sha256": "eb8c5553379422a4317e5d6749a98912e95e873d52c80d7fa1fd87e6d96977c2", "version": "3.2.1"}, "scientific_state_source": "core_trial_registry", "statistics": {"gross_ci_high": 0.02097556617499297, "gross_ci_low": -0.01293524247506108, "mean_gross_return": 0.0029078051302545748, "mean_net_return": 0.0002800826302545736, "net_ci_high": 0.018542404921981528, "net_ci_low": -0.015406912697513432}, "temporal_validation": {"data_cutoff": "2026-08-31T00:00:00Z", "inequality": "available_at <= data_cutoff and observed_at monotonic and observed_at <= available_at", "max_available_at": "2026-08-31T00:00:00Z", "method": "predictor_core.measurement.replay", "rows": 52, "status": "PASS"}, "trial_ids": ["crypto:TRIAL-7d17de648068fb895eff31a5615e5b52"], "trial_registry": "predictor_core.contracts.trial_v2.TrialRegistryV2", "trial_row_hash": "7cd1b102e87800e10f8bbd75bfe2993ea736751988ffd7e2506ca7b98aaf1f50"}, "domain_facts": {"baseline_comparison": {"baseline_id": "crypto:BASELINE-FLAT", "gross_delta_bps": 29, "net_delta_bps": 3, "outcome": "BEATS"}, "baseline_identity": {"content_hash": "4cfdb5417495d2ab5067d67ad9d199d59d330fa4600a8d451b32a7b62e6be136", "name": "flat", "revision_id": "baseline:flat:real-v1", "version": "v1"}, "cost_model_identity": {"content_hash": "6168c2abe0d77bcceffc084905a6a2ba54a8cbdf5a1a55f48fbc1e30f3e44e65", "name": "v3-frozen", "revision_id": "cost_model:v3-frozen:real-v1", "version": "v1"}, "costs": {"cost_aware_decision": "NO_TRADE", "mean_funding_pnl_bps": 4, "mean_total_cost_bps": 26, "model": "GarimpoInvestimentos.v3.costs.CostModel", "round_trip_friction_bps": 30, "slippage_bps_per_leg": 5, "taker_fee_bps_per_leg": 10}, "data_cutoff": "2026-08-31T00:00:00Z", "data_quality": {"ok": true}, "dataset_identity": {"content_hash": "0d04cf7c11e8b27fd294a3c354dee3750c9de9d2b312f0044436e7a1751b9a33", "name": "real-in-sample", "revision_id": "dataset:real-in-sample:v1", "version": "v1"}, "effect_sha256": "bf5b931d86d82d153c8c9d8c9b999ff5e7720837e6491de2922131029996b379", "evidence_identity": {"content_hash": "6f36df6bf689e20cc90c92fcd74baca040d4d6fa1a25368c71f35baf0fcf4bc9", "name": "none", "revision_id": "evidence:none:real-v1", "version": "v1"}, "handler": "crypto.handlers.backtest_existing_hypothesis.v1", "identity": {"package": "cripto-predictor", "record_sha256": "0cde203bc21746dc97498403c0d24fe62e4982340a720e8c7af049514462a262", "version": "1.2.0rc3"}, "metrics": {"ci": {"confidence": 0.95, "n_boot": 500, "scheme": "iid", "seed": 17}, "gross_ci_high_bps": 210, "gross_ci_low_bps": -129, "gross_return_bps": 29, "long_observations": 20, "max_drawdown_bps": -2937, "net_ci_high_bps": 185, "net_ci_low_bps": -154, "net_return_bps": 3, "sample_size": 52, "short_observations": 32, "turnover_round_trips": 52}, "model_identity": {"content_hash": "07225498b8d4834d762a198bc63ee650512fdf02e536d1b0a623bbe9a6fb3582", "name": "fixed-shadow", "revision_id": "protocol:fixed-shadow:real-v1", "version": "v1"}, "placebo_seed": 1001}, "economic_state": "NO_EDGE", "experiment_id": "crypto:EXP-7d17de648068fb895eff31a5615e5b52", "hypothesis_id": "crypto:QUAL-SHADOW-REAL-001", "operational_state": "SUCCEEDED", "ops_facts": {"attempt_ids": ["crypto:ATTEMPT-a3dc1f96c4a24dfd9c19f67833bdce18"], "attempts": 1, "economic_lock_id": "economic-e83af8bb555e40535848b421ea773a429f879713172b90c921ddd9703befeb5e", "exit_code": 0, "finished_at": "2026-09-28T01:17:35.248Z", "heartbeat_at": "2026-09-28T01:17:35.046Z", "identity": {"package": "predictor-ops", "record_sha256": "1c7946e1d994f63bc3e732fe4666edfb42967f3a7b7b11664af63ca572f0018f", "version": "4.2.2rc1"}, "job_id": "crypto-research-7d17de648068fb895eff31a5", "operational_state": "SUCCEEDED", "ops_record_hash": "299edcd746b8e435ee5c5efc758528db8fde815fd5464bab3477baa13eac1b57", "ops_run_id": "eda70d0da6144adfa4dc33cde7b24ff1", "ops_run_ids": ["eda70d0da6144adfa4dc33cde7b24ff1"], "retry_count": 0, "started_at": "2026-09-28T01:17:35.041Z"}, "produced_at": "2026-09-28T01:17:35.253289Z", "provenance": {"admission_policy_hash": "78e8b2d76c589c02254b299bcc633eaddfe82d6a93e7849a9b91d11f31563729", "admission_policy_id": "crypto-integration-qualification", "admission_policy_version": 1, "handler_identity": "crypto.handlers.backtest_existing_hypothesis.v1", "journal_identity": "aeb57803a08d840e564c6e81d63f32f6605cc3e51161ef03c945aa2e8a358650", "logical_experiment_hash": "7d17de648068fb895eff31a5615e5b52ccb0544763c16c03fc8774a3d93b27ab", "reference_materialization_receipt_hash": "35a4b954afc64580c77cae985f835bc6214f36cc380251f0fafa1b60ad612b30", "request_content_hash": "769f89ca36b49f5ba69692a62e5a1aa9e722555c1c415eb782527d7853dbc5ef", "resolved_references_hash": "257b00d8d257e56401219b8ae046e9e5a1d90efaba5ab7cc654a493d0f59ee64"}, "request_id": "crypto:REQ-IC-SOAK-001", "research_id": "crypto:RESEARCH-INTEGRATION-QUALIFICATION", "result_id": "crypto:RESULT-7d17de648068fb895eff31a5615e5b52", "result_state": "INCONCLUSIVE", "schema_version": "crypto-research-result/1", "scientific_state": "INCONCLUSIVE"}, "result_sha256": "6bef99e5ed25b75b847fd94cbc598c61dde612a5baf401bd4e57c7ccfd69a92e", "source": "authoritative_result_store", "status": "RESULT"}
--- stderr
--- end
{"n": 189, "label": "show crypto:REQ-LLM-af16d633be77596f", "at": "2026-09-28T01:19:34Z", "seconds": 0.144, "argv": ["/home/runner/work/_temp/work/rt/consumer-venv/bin/cripto-research", "--state", "/home/runner/work/_temp/work/soak/domain-state", "show", "crypto:REQ-LLM-af16d633be77596f"], "fault_env": {}, "exit": 0}
--- stdout
{"request_id": "crypto:REQ-LLM-af16d633be77596f", "result": {"admission_id": "crypto:ADM-229f95f3c7aa1ce98de42475c0cb2c65", "capital_permission": false, "core_facts": {"dataset_fingerprint": "1e6356ed1c918f083af953f558a5d23fc6d777ec95bb6cdbde16ee34d257dddb", "identity": {"package": "predictor-core", "record_sha256": "eb8c5553379422a4317e5d6749a98912e95e873d52c80d7fa1fd87e6d96977c2", "version": "3.2.1"}, "scientific_state_source": "core_trial_registry", "statistics": {"gross_ci_high": 0.02097556617499297, "gross_ci_low": -0.01293524247506108, "mean_gross_return": 0.0029078051302545748, "mean_net_return": 0.0002800826302545736, "net_ci_high": 0.018542404921981528, "net_ci_low": -0.015406912697513432}, "temporal_validation": {"data_cutoff": "2026-08-31T00:00:00Z", "inequality": "available_at <= data_cutoff and observed_at monotonic and observed_at <= available_at", "max_available_at": "2026-08-31T00:00:00Z", "method": "predictor_core.measurement.replay", "rows": 52, "status": "PASS"}, "trial_ids": ["crypto:TRIAL-ad45e1e9f6dfeaa9374804ea8bb5c738"], "trial_registry": "predictor_core.contracts.trial_v2.TrialRegistryV2", "trial_row_hash": "a3e6c37e8e923d6707814d67791cf186ebb616007b11a6ad07250d568b3e797a"}, "domain_facts": {"baseline_comparison": {"baseline_id": "crypto:BASELINE-FLAT", "gross_delta_bps": 29, "net_delta_bps": 3, "outcome": "BEATS"}, "baseline_identity": {"content_hash": "4cfdb5417495d2ab5067d67ad9d199d59d330fa4600a8d451b32a7b62e6be136", "name": "flat", "revision_id": "baseline:flat:real-v1", "version": "v1"}, "cost_model_identity": {"content_hash": "6168c2abe0d77bcceffc084905a6a2ba54a8cbdf5a1a55f48fbc1e30f3e44e65", "name": "v3-frozen", "revision_id": "cost_model:v3-frozen:real-v1", "version": "v1"}, "costs": {"cost_aware_decision": "NO_TRADE", "mean_funding_pnl_bps": 4, "mean_total_cost_bps": 26, "model": "GarimpoInvestimentos.v3.costs.CostModel", "round_trip_friction_bps": 30, "slippage_bps_per_leg": 5, "taker_fee_bps_per_leg": 10}, "data_cutoff": "2026-08-31T00:00:00Z", "data_quality": {"ok": true}, "dataset_identity": {"content_hash": "0d04cf7c11e8b27fd294a3c354dee3750c9de9d2b312f0044436e7a1751b9a33", "name": "real-in-sample", "revision_id": "dataset:real-in-sample:v1", "version": "v1"}, "effect_sha256": "b54c3cb8491db3c9f622830411fb2e736460ecc1fab157e8787f11b59dd784dc", "evidence_identity": {"content_hash": "6f36df6bf689e20cc90c92fcd74baca040d4d6fa1a25368c71f35baf0fcf4bc9", "name": "none", "revision_id": "evidence:none:real-v1", "version": "v1"}, "handler": "crypto.handlers.backtest_existing_hypothesis.v1", "identity": {"package": "cripto-predictor", "record_sha256": "0cde203bc21746dc97498403c0d24fe62e4982340a720e8c7af049514462a262", "version": "1.2.0rc3"}, "metrics": {"ci": {"confidence": 0.95, "n_boot": 500, "scheme": "iid", "seed": 17}, "gross_ci_high_bps": 210, "gross_ci_low_bps": -129, "gross_return_bps": 29, "long_observations": 20, "max_drawdown_bps": -2937, "net_ci_high_bps": 185, "net_ci_low_bps": -154, "net_return_bps": 3, "sample_size": 52, "short_observations": 32, "turnover_round_trips": 52}, "model_identity": {"content_hash": "07225498b8d4834d762a198bc63ee650512fdf02e536d1b0a623bbe9a6fb3582", "name": "fixed-shadow", "revision_id": "protocol:fixed-shadow:real-v1", "version": "v1"}, "placebo_seed": 1001}, "economic_state": "NO_EDGE", "experiment_id": "crypto:EXP-ad45e1e9f6dfeaa9374804ea8bb5c738", "hypothesis_id": "crypto:QUAL-SHADOW-REAL-001", "operational_state": "SUCCEEDED", "ops_facts": {"attempt_ids": ["crypto:ATTEMPT-84d4557eeb924fdbb202be6680acbac8"], "attempts": 1, "economic_lock_id": "economic-35b784f37981031255b60b353733595b7930e826927467c7d9cd19abafcf7e7f", "exit_code": 0, "finished_at": "2026-09-28T01:18:19.439Z", "heartbeat_at": "2026-09-28T01:18:19.238Z", "identity": {"package": "predictor-ops", "record_sha256": "1c7946e1d994f63bc3e732fe4666edfb42967f3a7b7b11664af63ca572f0018f", "version": "4.2.2rc1"}, "job_id": "crypto-research-ad45e1e9f6dfeaa9374804ea", "operational_state": "SUCCEEDED", "ops_record_hash": "d04d70c6dd9bdd79847657e96e50cea8bfbba1131b97db7c832707a17d838c4b", "ops_run_id": "699af2567df14af4bbb3114b204a7f47", "ops_run_ids": ["699af2567df14af4bbb3114b204a7f47"], "retry_count": 0, "started_at": "2026-09-28T01:18:19.233Z"}, "produced_at": "2026-09-28T01:18:19.445443Z", "provenance": {"admission_policy_hash": "78e8b2d76c589c02254b299bcc633eaddfe82d6a93e7849a9b91d11f31563729", "admission_policy_id": "crypto-integration-qualification", "admission_policy_version": 1, "handler_identity": "crypto.handlers.backtest_existing_hypothesis.v1", "journal_identity": "88c829fc821cb6ad2e74c2c29608682fdc7ddd2d4ff70a0ab8a95f89d46ae4b4", "logical_experiment_hash": "ad45e1e9f6dfeaa9374804ea8bb5c7383a4bd8870026de17483f9f7364e8d8bd", "reference_materialization_receipt_hash": "e924dcdf8b87186722544e57b06f697c157ffdffb8475a238639ed5ef90f05fb", "request_content_hash": "2f3aa563f8e73885a46f488f99c99893c57b390ded12384025d54beed31849d2", "resolved_references_hash": "257b00d8d257e56401219b8ae046e9e5a1d90efaba5ab7cc654a493d0f59ee64"}, "request_id": "crypto:REQ-LLM-af16d633be77596f", "research_id": "crypto:RESEARCH-INTEGRATION-QUALIFICATION", "result_id": "crypto:RESULT-ad45e1e9f6dfeaa9374804ea8bb5c738", "result_state": "INCONCLUSIVE", "schema_version": "crypto-research-result/1", "scientific_state": "INCONCLUSIVE"}, "result_sha256": "6b5e12de225df307b7073e0509d6831776967e11ab9f0ba130fdb7faa74823c9", "source": "authoritative_result_store", "status": "RESULT"}
--- stderr
--- end
{"n": 190, "label": "show crypto:REQ-IC-SOAK-017", "at": "2026-09-28T01:19:35Z", "seconds": 0.145, "argv": ["/home/runner/work/_temp/work/rt/consumer-venv/bin/cripto-research", "--state", "/home/runner/work/_temp/work/soak/domain-state", "show", "crypto:REQ-IC-SOAK-017"], "fault_env": {}, "exit": 0}
--- stdout
{"request_id": "crypto:REQ-IC-SOAK-017", "result": {"admission_id": "crypto:ADM-c17da261b4c540683eebe52d84ac8137", "capital_permission": false, "core_facts": {"dataset_fingerprint": "1e6356ed1c918f083af953f558a5d23fc6d777ec95bb6cdbde16ee34d257dddb", "identity": {"package": "predictor-core", "record_sha256": "eb8c5553379422a4317e5d6749a98912e95e873d52c80d7fa1fd87e6d96977c2", "version": "3.2.1"}, "scientific_state_source": "core_trial_registry", "statistics": {"gross_ci_high": 0.002643109013777817, "gross_ci_low": -0.028344903306726607, "mean_gross_return": -0.010995622210591745, "mean_net_return": -0.014174828941360977, "net_ci_high": -0.0006175859693624069, "net_ci_low": -0.03125263253749584}, "temporal_validation": {"data_cutoff": "2026-08-31T00:00:00Z", "inequality": "available_at <= data_cutoff and observed_at monotonic and observed_at <= available_at", "max_available_at": "2026-08-31T00:00:00Z", "method": "predictor_core.measurement.replay", "rows": 52, "status": "PASS"}, "trial_ids": ["crypto:TRIAL-2fdd2246cf03e217f7b9c9b4c0bd600c"], "trial_registry": "predictor_core.contracts.trial_v2.TrialRegistryV2", "trial_row_hash": "ff269286340fcb9eed4cfc468efac61a7b7d1489db5b3b0311fd939b4b8ec501"}, "domain_facts": {"baseline_comparison": {"baseline_id": "crypto:BASELINE-FLAT", "gross_delta_bps": -110, "net_delta_bps": -142, "outcome": "LOSES"}, "baseline_identity": {"content_hash": "4cfdb5417495d2ab5067d67ad9d199d59d330fa4600a8d451b32a7b62e6be136", "name": "flat", "revision_id": "baseline:flat:real-v1", "version": "v1"}, "cost_model_identity": {"content_hash": "6168c2abe0d77bcceffc084905a6a2ba54a8cbdf5a1a55f48fbc1e30f3e44e65", "name": "v3-frozen", "revision_id": "cost_model:v3-frozen:real-v1", "version": "v1"}, "costs": {"cost_aware_decision": "NO_TRADE", "mean_funding_pnl_bps": -2, "mean_total_cost_bps": 32, "model": "GarimpoInvestimentos.v3.costs.CostModel", "round_trip_friction_bps": 30, "slippage_bps_per_leg": 5, "taker_fee_bps_per_leg": 10}, "data_cutoff": "2026-08-31T00:00:00Z", "data_quality": {"ok": true}, "dataset_identity": {"content_hash": "0d04cf7c11e8b27fd294a3c354dee3750c9de9d2b312f0044436e7a1751b9a33", "name": "real-in-sample", "revision_id": "dataset:real-in-sample:v1", "version": "v1"}, "effect_sha256": "a19773c95371b3f7c4507d33077d2fe8b0e722f671f79b562ed837f26d14617e", "evidence_identity": {"content_hash": "6f36df6bf689e20cc90c92fcd74baca040d4d6fa1a25368c71f35baf0fcf4bc9", "name": "none", "revision_id": "evidence:none:real-v1", "version": "v1"}, "handler": "crypto.handlers.backtest_existing_hypothesis.v1", "identity": {"package": "cripto-predictor", "record_sha256": "0cde203bc21746dc97498403c0d24fe62e4982340a720e8c7af049514462a262", "version": "1.2.0rc3"}, "metrics": {"ci": {"confidence": 0.95, "n_boot": 500, "scheme": "iid", "seed": 17}, "gross_ci_high_bps": 26, "gross_ci_low_bps": -283, "gross_return_bps": -110, "long_observations": 30, "max_drawdown_bps": -6501, "net_ci_high_bps": -6, "net_ci_low_bps": -313, "net_return_bps": -142, "sample_size": 52, "short_observations": 22, "turnover_round_trips": 52}, "model_identity": {"content_hash": "07225498b8d4834d762a198bc63ee650512fdf02e536d1b0a623bbe9a6fb3582", "name": "fixed-shadow", "revision_id": "protocol:fixed-shadow:real-v1", "version": "v1"}, "placebo_seed": 1017}, "economic_state": "NO_EDGE", "experiment_id": "crypto:EXP-2fdd2246cf03e217f7b9c9b4c0bd600c", "hypothesis_id": "crypto:QUAL-SHADOW-REAL-002", "operational_state": "SUCCEEDED", "ops_facts": {"attempt_ids": ["crypto:ATTEMPT-4c6715cf89054972ba78a70365ed326d"], "attempts": 1, "economic_lock_id": "economic-3c5a6e0b5fdf621763f93aa7387282bfff09e1a5d84c9b6d1a02dff5aea1723e", "exit_code": 0, "finished_at": "2026-09-28T01:17:54.440Z", "heartbeat_at": "2026-09-28T01:17:54.239Z", "identity": {"package": "predictor-ops", "record_sha256": "1c7946e1d994f63bc3e732fe4666edfb42967f3a7b7b11664af63ca572f0018f", "version": "4.2.2rc1"}, "job_id": "crypto-research-2fdd2246cf03e217f7b9c9b4", "operational_state": "SUCCEEDED", "ops_record_hash": "434523abb6346fb2def0b08cbfd426bc21c6208011d066f91572ebd13d4d9f7b", "ops_run_id": "60dc2c4a7efe488db12f91b1b144ee9e", "ops_run_ids": ["60dc2c4a7efe488db12f91b1b144ee9e"], "retry_count": 0, "started_at": "2026-09-28T01:17:54.234Z"}, "produced_at": "2026-09-28T01:17:54.445313Z", "provenance": {"admission_policy_hash": "78e8b2d76c589c02254b299bcc633eaddfe82d6a93e7849a9b91d11f31563729", "admission_policy_id": "crypto-integration-qualification", "admission_policy_version": 1, "handler_identity": "crypto.handlers.backtest_existing_hypothesis.v1", "journal_identity": "cc914fa96f9192b384e0b1a608b4d0213c1b3dd9aef70eec81dcb938a7b19c17", "logical_experiment_hash": "2fdd2246cf03e217f7b9c9b4c0bd600c2ce0f1c78e7d1e3afe94cdc21a891407", "reference_materialization_receipt_hash": "ecdc23df30c56d61c5622471f0d4d4739577c77d64366f8b1bbb880b57bbffb9", "request_content_hash": "7c23939c10102c5bb5258528be6447a97838452da862671fdd97f4d2b0acdd71", "resolved_references_hash": "257b00d8d257e56401219b8ae046e9e5a1d90efaba5ab7cc654a493d0f59ee64"}, "request_id": "crypto:REQ-IC-SOAK-017", "research_id": "crypto:RESEARCH-INTEGRATION-QUALIFICATION", "result_id": "crypto:RESULT-2fdd2246cf03e217f7b9c9b4c0bd600c", "result_state": "INCONCLUSIVE", "schema_version": "crypto-research-result/1", "scientific_state": "INCONCLUSIVE"}, "result_sha256": "badd5812fba51703b3a45e2d4b82beadd676bdfb459025e7c0c58161b5ee43d1", "source": "authoritative_result_store", "status": "RESULT"}
--- stderr
--- end
{"n": 191, "label": "show crypto:REQ-IC-SOAK-012", "at": "2026-09-28T01:19:35Z", "seconds": 0.145, "argv": ["/home/runner/work/_temp/work/rt/consumer-venv/bin/cripto-research", "--state", "/home/runner/work/_temp/work/soak/domain-state", "show", "crypto:REQ-IC-SOAK-012"], "fault_env": {}, "exit": 0}
--- stdout
{"request_id": "crypto:REQ-IC-SOAK-012", "result": {"admission_id": "crypto:ADM-dc4f01c89bcac75e796c3585f4a60e04", "capital_permission": false, "core_facts": {"dataset_fingerprint": "1e6356ed1c918f083af953f558a5d23fc6d777ec95bb6cdbde16ee34d257dddb", "identity": {"package": "predictor-core", "record_sha256": "eb8c5553379422a4317e5d6749a98912e95e873d52c80d7fa1fd87e6d96977c2", "version": "3.2.1"}, "scientific_state_source": "core_trial_registry", "statistics": {"gross_ci_high": 0.022716299998775703, "gross_ci_low": -0.012129496942043759, "mean_gross_return": 0.005274676945859625, "mean_net_return": 0.002532964830475009, "net_ci_high": 0.01993323807569878, "net_ci_low": -0.014965075018966838}, "temporal_validation": {"data_cutoff": "2026-08-31T00:00:00Z", "inequality": "available_at <= data_cutoff and observed_at monotonic and observed_at <= available_at", "max_available_at": "2026-08-31T00:00:00Z", "method": "predictor_core.measurement.replay", "rows": 52, "status": "PASS"}, "trial_ids": ["crypto:TRIAL-586c7ba5961695a0b036ec8b4639b700"], "trial_registry": "predictor_core.contracts.trial_v2.TrialRegistryV2", "trial_row_hash": "1a64decc27e682139e924c0888e725e1ab4572ee34dd18369bd9c97c7cdd169c"}, "domain_facts": {"baseline_comparison": {"baseline_id": "crypto:BASELINE-FLAT", "gross_delta_bps": 53, "net_delta_bps": 25, "outcome": "BEATS"}, "baseline_identity": {"content_hash": "4cfdb5417495d2ab5067d67ad9d199d59d330fa4600a8d451b32a7b62e6be136", "name": "flat", "revision_id": "baseline:flat:real-v1", "version": "v1"}, "cost_model_identity": {"content_hash": "6168c2abe0d77bcceffc084905a6a2ba54a8cbdf5a1a55f48fbc1e30f3e44e65", "name": "v3-frozen", "revision_id": "cost_model:v3-frozen:real-v1", "version": "v1"}, "costs": {"cost_aware_decision": "NO_TRADE", "mean_funding_pnl_bps": 3, "mean_total_cost_bps": 28, "model": "GarimpoInvestimentos.v3.costs.CostModel", "round_trip_friction_bps": 30, "slippage_bps_per_leg": 5, "taker_fee_bps_per_leg": 10}, "data_cutoff": "2026-08-31T00:00:00Z", "data_quality": {"ok": true}, "dataset_identity": {"content_hash": "0d04cf7c11e8b27fd294a3c354dee3750c9de9d2b312f0044436e7a1751b9a33", "name": "real-in-sample", "revision_id": "dataset:real-in-sample:v1", "version": "v1"}, "effect_sha256": "391130f6e5dfc1b3c8ed3d7cc31593cae6563b1e53bb6948317a27d80759413f", "evidence_identity": {"content_hash": "6f36df6bf689e20cc90c92fcd74baca040d4d6fa1a25368c71f35baf0fcf4bc9", "name": "none", "revision_id": "evidence:none:real-v1", "version": "v1"}, "handler": "crypto.handlers.backtest_existing_hypothesis.v1", "identity": {"package": "cripto-predictor", "record_sha256": "0cde203bc21746dc97498403c0d24fe62e4982340a720e8c7af049514462a262", "version": "1.2.0rc3"}, "metrics": {"ci": {"confidence": 0.95, "n_boot": 500, "scheme": "iid", "seed": 17}, "gross_ci_high_bps": 227, "gross_ci_low_bps": -121, "gross_return_bps": 53, "long_observations": 22, "max_drawdown_bps": -2383, "net_ci_high_bps": 199, "net_ci_low_bps": -150, "net_return_bps": 25, "sample_size": 52, "short_observations": 30, "turnover_round_trips": 52}, "model_identity": {"content_hash": "07225498b8d4834d762a198bc63ee650512fdf02e536d1b0a623bbe9a6fb3582", "name": "fixed-shadow", "revision_id": "protocol:fixed-shadow:real-v1", "version": "v1"}, "placebo_seed": 1012}, "economic_state": "NO_EDGE", "experiment_id": "crypto:EXP-586c7ba5961695a0b036ec8b4639b700", "hypothesis_id": "crypto:QUAL-SHADOW-REAL-003", "operational_state": "SUCCEEDED", "ops_facts": {"attempt_ids": ["crypto:ATTEMPT-b8b5668dd7c24dce9fb051f5d80ec0cd"], "attempts": 1, "economic_lock_id": "economic-c4206c158265e97121cefb8dea27e1493c2b04fda46364493c29e7fbe45ec075", "exit_code": 0, "finished_at": "2026-09-28T01:17:48.869Z", "heartbeat_at": "2026-09-28T01:17:48.668Z", "identity": {"package": "predictor-ops", "record_sha256": "1c7946e1d994f63bc3e732fe4666edfb42967f3a7b7b11664af63ca572f0018f", "version": "4.2.2rc1"}, "job_id": "crypto-research-586c7ba5961695a0b036ec8b", "operational_state": "SUCCEEDED", "ops_record_hash": "76e68bac4cdb5a7fb883705dc07deea96861fb3d53780f0a5b8e244740c1cfc0", "ops_run_id": "69bc3ca9876f4172af058bf4177fcb8f", "ops_run_ids": ["69bc3ca9876f4172af058bf4177fcb8f"], "retry_count": 0, "started_at": "2026-09-28T01:17:48.662Z"}, "produced_at": "2026-09-28T01:17:48.873705Z", "provenance": {"admission_policy_hash": "78e8b2d76c589c02254b299bcc633eaddfe82d6a93e7849a9b91d11f31563729", "admission_policy_id": "crypto-integration-qualification", "admission_policy_version": 1, "handler_identity": "crypto.handlers.backtest_existing_hypothesis.v1", "journal_identity": "99aad2bc1bb1f45693112ff9d0c2759e6bbee576148fb3f03eb01a079e1e19ac", "logical_experiment_hash": "586c7ba5961695a0b036ec8b4639b700531ca0ce974780346f5b2d8824d90e08", "reference_materialization_receipt_hash": "df317ecfe865cf060e8eda4972062bd6694053c5843ba9cb3ff123c6350e60db", "request_content_hash": "f7e5387833cb89a2b72fb4311b034377d2340a2f8487b564449b65c575a483bf", "resolved_references_hash": "257b00d8d257e56401219b8ae046e9e5a1d90efaba5ab7cc654a493d0f59ee64"}, "request_id": "crypto:REQ-IC-SOAK-012", "research_id": "crypto:RESEARCH-INTEGRATION-QUALIFICATION", "result_id": "crypto:RESULT-586c7ba5961695a0b036ec8b4639b700", "result_state": "INCONCLUSIVE", "schema_version": "crypto-research-result/1", "scientific_state": "INCONCLUSIVE"}, "result_sha256": "cd4caa688de97c4ef191343a3d4c4bddcd3ca4996355f3896fea2322f2d8727e", "source": "authoritative_result_store", "status": "RESULT"}
--- stderr
--- end
{"n": 192, "label": "show crypto:REQ-IC-SOAK-009", "at": "2026-09-28T01:19:35Z", "seconds": 0.145, "argv": ["/home/runner/work/_temp/work/rt/consumer-venv/bin/cripto-research", "--state", "/home/runner/work/_temp/work/soak/domain-state", "show", "crypto:REQ-IC-SOAK-009"], "fault_env": {}, "exit": 0}
--- stdout
{"request_id": "crypto:REQ-IC-SOAK-009", "result": {"admission_id": "crypto:ADM-f6b32d4940ae0429f864956474a92afe", "capital_permission": false, "core_facts": {"dataset_fingerprint": "1e6356ed1c918f083af953f558a5d23fc6d777ec95bb6cdbde16ee34d257dddb", "identity": {"package": "predictor-core", "record_sha256": "eb8c5553379422a4317e5d6749a98912e95e873d52c80d7fa1fd87e6d96977c2", "version": "3.2.1"}, "scientific_state_source": "core_trial_registry", "statistics": {"gross_ci_high": 0.020618891829705357, "gross_ci_low": -0.011357786305096939, "mean_gross_return": 0.0031816741191134004, "mean_net_return": 0.0002129681575749378, "net_ci_high": 0.01786859798355151, "net_ci_low": -0.014377412286122564}, "temporal_validation": {"data_cutoff": "2026-08-31T00:00:00Z", "inequality": "available_at <= data_cutoff and observed_at monotonic and observed_at <= available_at", "max_available_at": "2026-08-31T00:00:00Z", "method": "predictor_core.measurement.replay", "rows": 52, "status": "PASS"}, "trial_ids": ["crypto:TRIAL-19d29255f73c45bfc461df67c20a5083"], "trial_registry": "predictor_core.contracts.trial_v2.TrialRegistryV2", "trial_row_hash": "4c6419938af1a776144020177724c92de12d1aaaa86e9004291f6a6c2148927c"}, "domain_facts": {"baseline_comparison": {"baseline_id": "crypto:BASELINE-FLAT", "gross_delta_bps": 32, "net_delta_bps": 2, "outcome": "BEATS"}, "baseline_identity": {"content_hash": "4cfdb5417495d2ab5067d67ad9d199d59d330fa4600a8d451b32a7b62e6be136", "name": "flat", "revision_id": "baseline:flat:real-v1", "version": "v1"}, "cost_model_identity": {"content_hash": "6168c2abe0d77bcceffc084905a6a2ba54a8cbdf5a1a55f48fbc1e30f3e44e65", "name": "v3-frozen", "revision_id": "cost_model:v3-frozen:real-v1", "version": "v1"}, "costs": {"cost_aware_decision": "NO_TRADE", "mean_funding_pnl_bps": 0, "mean_total_cost_bps": 30, "model": "GarimpoInvestimentos.v3.costs.CostModel", "round_trip_friction_bps": 30, "slippage_bps_per_leg": 5, "taker_fee_bps_per_leg": 10}, "data_cutoff": "2026-08-31T00:00:00Z", "data_quality": {"ok": true}, "dataset_identity": {"content_hash": "0d04cf7c11e8b27fd294a3c354dee3750c9de9d2b312f0044436e7a1751b9a33", "name": "real-in-sample", "revision_id": "dataset:real-in-sample:v1", "version": "v1"}, "effect_sha256": "91fd3db03a951c4e3dd69a1f51ab1638afd9c579c816b462a09ced97fd2e9b70", "evidence_identity": {"content_hash": "6f36df6bf689e20cc90c92fcd74baca040d4d6fa1a25368c71f35baf0fcf4bc9", "name": "none", "revision_id": "evidence:none:real-v1", "version": "v1"}, "handler": "crypto.handlers.backtest_existing_hypothesis.v1", "identity": {"package": "cripto-predictor", "record_sha256": "0cde203bc21746dc97498403c0d24fe62e4982340a720e8c7af049514462a262", "version": "1.2.0rc3"}, "metrics": {"ci": {"confidence": 0.95, "n_boot": 500, "scheme": "iid", "seed": 17}, "gross_ci_high_bps": 206, "gross_ci_low_bps": -114, "gross_return_bps": 32, "long_observations": 24, "max_drawdown_bps": -3927, "net_ci_high_bps": 179, "net_ci_low_bps": -144, "net_return_bps": 2, "sample_size": 52, "short_observations": 28, "turnover_round_trips": 52}, "model_identity": {"content_hash": "07225498b8d4834d762a198bc63ee650512fdf02e536d1b0a623bbe9a6fb3582", "name": "fixed-shadow", "revision_id": "protocol:fixed-shadow:real-v1", "version": "v1"}, "placebo_seed": 1009}, "economic_state": "NO_EDGE", "experiment_id": "crypto:EXP-19d29255f73c45bfc461df67c20a5083", "hypothesis_id": "crypto:QUAL-SHADOW-REAL-003", "operational_state": "SUCCEEDED", "ops_facts": {"attempt_ids": ["crypto:ATTEMPT-b95f76cf324d4247bea1da04934f5f4e"], "attempts": 1, "economic_lock_id": "economic-0c311052c40e055f2cbe1c6a3479b8f113cfde4d29f1cc0da6ad760f77c81129", "exit_code": 0, "finished_at": "2026-09-28T01:17:44.910Z", "heartbeat_at": "2026-09-28T01:17:44.709Z", "identity": {"package": "predictor-ops", "record_sha256": "1c7946e1d994f63bc3e732fe4666edfb42967f3a7b7b11664af63ca572f0018f", "version": "4.2.2rc1"}, "job_id": "crypto-research-19d29255f73c45bfc461df67", "operational_state": "SUCCEEDED", "ops_record_hash": "076701451bca960924ac88b7054860bc12e11efb3f35ede539614877173470e2", "ops_run_id": "3701d7b197d04323be22feb044f03c63", "ops_run_ids": ["3701d7b197d04323be22feb044f03c63"], "retry_count": 0, "started_at": "2026-09-28T01:17:44.703Z"}, "produced_at": "2026-09-28T01:17:44.915120Z", "provenance": {"admission_policy_hash": "78e8b2d76c589c02254b299bcc633eaddfe82d6a93e7849a9b91d11f31563729", "admission_policy_id": "crypto-integration-qualification", "admission_policy_version": 1, "handler_identity": "crypto.handlers.backtest_existing_hypothesis.v1", "journal_identity": "ec3394846acd3c833a089f9910c34a7047ace9e7794a4c08013cecf5f51e57b1", "logical_experiment_hash": "19d29255f73c45bfc461df67c20a508399acc51ff21fd931119fe123204ffee8", "reference_materialization_receipt_hash": "b194ddbb0ca35aca97a3467d04dd0dd45d59fdc1fb220b91ed9f1f2313b9c71c", "request_content_hash": "4b3f9297dc8f1b3e9f2200bd7b16f6816a167955aea4609fac9b7ba93c8f4c9a", "resolved_references_hash": "257b00d8d257e56401219b8ae046e9e5a1d90efaba5ab7cc654a493d0f59ee64"}, "request_id": "crypto:REQ-IC-SOAK-009", "research_id": "crypto:RESEARCH-INTEGRATION-QUALIFICATION", "result_id": "crypto:RESULT-19d29255f73c45bfc461df67c20a5083", "result_state": "INCONCLUSIVE", "schema_version": "crypto-research-result/1", "scientific_state": "INCONCLUSIVE"}, "result_sha256": "3d5b1015fd1e18f0329eb0f4ca682abb7d277460793613fcbca6d677f7126cc2", "source": "authoritative_result_store", "status": "RESULT"}
--- stderr
--- end
{"n": 193, "label": "show crypto:REQ-IC-SOAK-021", "at": "2026-09-28T01:19:35Z", "seconds": 0.147, "argv": ["/home/runner/work/_temp/work/rt/consumer-venv/bin/cripto-research", "--state", "/home/runner/work/_temp/work/soak/domain-state", "show", "crypto:REQ-IC-SOAK-021"], "fault_env": {}, "exit": 0}
--- stdout
{"request_id": "crypto:REQ-IC-SOAK-021", "result": {"admission_id": "crypto:ADM-1c966a74d3b1668eb48a5cc2dd9edfc4", "capital_permission": false, "core_facts": {"dataset_fingerprint": "1e6356ed1c918f083af953f558a5d23fc6d777ec95bb6cdbde16ee34d257dddb", "identity": {"package": "predictor-core", "record_sha256": "eb8c5553379422a4317e5d6749a98912e95e873d52c80d7fa1fd87e6d96977c2", "version": "3.2.1"}, "scientific_state_source": "core_trial_registry", "statistics": {"gross_ci_high": 0.021251905145999523, "gross_ci_low": -0.012003781823799685, "mean_gross_return": 0.004943594822802975, "mean_net_return": 0.0018300696304952811, "net_ci_high": 0.01799921456907644, "net_ci_low": -0.015170626823799686}, "temporal_validation": {"data_cutoff": "2026-08-31T00:00:00Z", "inequality": "available_at <= data_cutoff and observed_at monotonic and observed_at <= available_at", "max_available_at": "2026-08-31T00:00:00Z", "method": "predictor_core.measurement.replay", "rows": 52, "status": "PASS"}, "trial_ids": ["crypto:TRIAL-8e2d5a50c7d41878be177ebe315aca17"], "trial_registry": "predictor_core.contracts.trial_v2.TrialRegistryV2", "trial_row_hash": "d28928bf54cbffda9205fbd852e6b6aa0a5ec51af0cd5470b892bc2bb5175fe1"}, "domain_facts": {"baseline_comparison": {"baseline_id": "crypto:BASELINE-FLAT", "gross_delta_bps": 49, "net_delta_bps": 18, "outcome": "BEATS"}, "baseline_identity": {"content_hash": "4cfdb5417495d2ab5067d67ad9d199d59d330fa4600a8d451b32a7b62e6be136", "name": "flat", "revision_id": "baseline:flat:real-v1", "version": "v1"}, "cost_model_identity": {"content_hash": "6168c2abe0d77bcceffc084905a6a2ba54a8cbdf5a1a55f48fbc1e30f3e44e65", "name": "v3-frozen", "revision_id": "cost_model:v3-frozen:real-v1", "version": "v1"}, "costs": {"cost_aware_decision": "NO_TRADE", "mean_funding_pnl_bps": -1, "mean_total_cost_bps": 31, "model": "GarimpoInvestimentos.v3.costs.CostModel", "round_trip_friction_bps": 30, "slippage_bps_per_leg": 5, "taker_fee_bps_per_leg": 10}, "data_cutoff": "2026-08-31T00:00:00Z", "data_quality": {"ok": true}, "dataset_identity": {"content_hash": "0d04cf7c11e8b27fd294a3c354dee3750c9de9d2b312f0044436e7a1751b9a33", "name": "real-in-sample", "revision_id": "dataset:real-in-sample:v1", "version": "v1"}, "effect_sha256": "1fda715c0512153f6ba4d88ef59ded486976b40a1a331b4e034ad069b467aefe", "evidence_identity": {"content_hash": "6f36df6bf689e20cc90c92fcd74baca040d4d6fa1a25368c71f35baf0fcf4bc9", "name": "none", "revision_id": "evidence:none:real-v1", "version": "v1"}, "handler": "crypto.handlers.backtest_existing_hypothesis.v1", "identity": {"package": "cripto-predictor", "record_sha256": "0cde203bc21746dc97498403c0d24fe62e4982340a720e8c7af049514462a262", "version": "1.2.0rc3"}, "metrics": {"ci": {"confidence": 0.95, "n_boot": 500, "scheme": "iid", "seed": 17}, "gross_ci_high_bps": 213, "gross_ci_low_bps": -120, "gross_return_bps": 49, "long_observations": 30, "max_drawdown_bps": -2816, "net_ci_high_bps": 180, "net_ci_low_bps": -152, "net_return_bps": 18, "sample_size": 52, "short_observations": 22, "turnover_round_trips": 52}, "model_identity": {"content_hash": "07225498b8d4834d762a198bc63ee650512fdf02e536d1b0a623bbe9a6fb3582", "name": "fixed-shadow", "revision_id": "protocol:fixed-shadow:real-v1", "version": "v1"}, "placebo_seed": 1021}, "economic_state": "NO_EDGE", "experiment_id": "crypto:EXP-8e2d5a50c7d41878be177ebe315aca17", "hypothesis_id": "crypto:QUAL-SHADOW-REAL-003", "operational_state": "SUCCEEDED", "ops_facts": {"attempt_ids": ["crypto:ATTEMPT-7cc39298cdc242308d2d911f4179f6f4"], "attempts": 1, "economic_lock_id": "economic-89a9facf8149bb98ca2f8d90faff7fa55f88cc9d06105d390dc9664bcbf9e349", "exit_code": 0, "finished_at": "2026-09-28T01:17:58.679Z", "heartbeat_at": "2026-09-28T01:17:58.478Z", "identity": {"package": "predictor-ops", "record_sha256": "1c7946e1d994f63bc3e732fe4666edfb42967f3a7b7b11664af63ca572f0018f", "version": "4.2.2rc1"}, "job_id": "crypto-research-8e2d5a50c7d41878be177ebe", "operational_state": "SUCCEEDED", "ops_record_hash": "2c65568af9b08262a229b456dfa9073f98488fec7fa01215e1d7fbea2e836cdc", "ops_run_id": "41f8ab6575f045758509590ac2898991", "ops_run_ids": ["41f8ab6575f045758509590ac2898991"], "retry_count": 0, "started_at": "2026-09-28T01:17:58.472Z"}, "produced_at": "2026-09-28T01:17:58.684330Z", "provenance": {"admission_policy_hash": "78e8b2d76c589c02254b299bcc633eaddfe82d6a93e7849a9b91d11f31563729", "admission_policy_id": "crypto-integration-qualification", "admission_policy_version": 1, "handler_identity": "crypto.handlers.backtest_existing_hypothesis.v1", "journal_identity": "6f410132af25c1222ae0343c67f8d2a6c479dd006166dd3fa5b2e5612feeca2a", "logical_experiment_hash": "8e2d5a50c7d41878be177ebe315aca17abfa179cfe77da08b4e29aa2042092a3", "reference_materialization_receipt_hash": "c735f12d02cb89d352ac29d64f0c47eecffdaeb8abd6ee11de95c8a82e5fb858", "request_content_hash": "c04d2a497e8cc5725b35756b93dc5d1f22de2e3e3ad1dd6d8a56eacc36443c69", "resolved_references_hash": "257b00d8d257e56401219b8ae046e9e5a1d90efaba5ab7cc654a493d0f59ee64"}, "request_id": "crypto:REQ-IC-SOAK-021", "research_id": "crypto:RESEARCH-INTEGRATION-QUALIFICATION", "result_id": "crypto:RESULT-8e2d5a50c7d41878be177ebe315aca17", "result_state": "INCONCLUSIVE", "schema_version": "crypto-research-result/1", "scientific_state": "INCONCLUSIVE"}, "result_sha256": "61262dc9a5bd8413087708ba04cbe2c3fe4952676c5c46480007dd1abdba8360", "source": "authoritative_result_store", "status": "RESULT"}
--- stderr
--- end
{"n": 194, "label": "show crypto:REQ-IC-SOAK-013", "at": "2026-09-28T01:19:35Z", "seconds": 0.144, "argv": ["/home/runner/work/_temp/work/rt/consumer-venv/bin/cripto-research", "--state", "/home/runner/work/_temp/work/soak/domain-state", "show", "crypto:REQ-IC-SOAK-013"], "fault_env": {}, "exit": 0}
--- stdout
{"request_id": "crypto:REQ-IC-SOAK-013", "result": {"admission_id": "crypto:ADM-143d8d07e7ba727896d68bb9093b194e", "capital_permission": false, "core_facts": {"dataset_fingerprint": "1e6356ed1c918f083af953f558a5d23fc6d777ec95bb6cdbde16ee34d257dddb", "identity": {"package": "predictor-core", "record_sha256": "eb8c5553379422a4317e5d6749a98912e95e873d52c80d7fa1fd87e6d96977c2", "version": "3.2.1"}, "scientific_state_source": "core_trial_registry", "statistics": {"gross_ci_high": 0.018175662775572452, "gross_ci_low": -0.012291308040156709, "mean_gross_return": 0.0033852670993929634, "mean_net_return": 0.00014022536862373126, "net_ci_high": 0.014915716487163265, "net_ci_low": -0.015645170155541323}, "temporal_validation": {"data_cutoff": "2026-08-31T00:00:00Z", "inequality": "available_at <= data_cutoff and observed_at monotonic and observed_at <= available_at", "max_available_at": "2026-08-31T00:00:00Z", "method": "predictor_core.measurement.replay", "rows": 52, "status": "PASS"}, "trial_ids": ["crypto:TRIAL-f17b22cacfb09f8ebff57faa0b4a5c81"], "trial_registry": "predictor_core.contracts.trial_v2.TrialRegistryV2", "trial_row_hash": "79fc85c5ebe7cfda37b097d3e8e8c01383c2de310e0131785141803761a6377d"}, "domain_facts": {"baseline_comparison": {"baseline_id": "crypto:BASELINE-FLAT", "gross_delta_bps": 34, "net_delta_bps": 1, "outcome": "BEATS"}, "baseline_identity": {"content_hash": "4cfdb5417495d2ab5067d67ad9d199d59d330fa4600a8d451b32a7b62e6be136", "name": "flat", "revision_id": "baseline:flat:real-v1", "version": "v1"}, "cost_model_identity": {"content_hash": "6168c2abe0d77bcceffc084905a6a2ba54a8cbdf5a1a55f48fbc1e30f3e44e65", "name": "v3-frozen", "revision_id": "cost_model:v3-frozen:real-v1", "version": "v1"}, "costs": {"cost_aware_decision": "NO_TRADE", "mean_funding_pnl_bps": -2, "mean_total_cost_bps": 33, "model": "GarimpoInvestimentos.v3.costs.CostModel", "round_trip_friction_bps": 30, "slippage_bps_per_leg": 5, "taker_fee_bps_per_leg": 10}, "data_cutoff": "2026-08-31T00:00:00Z", "data_quality": {"ok": true}, "dataset_identity": {"content_hash": "0d04cf7c11e8b27fd294a3c354dee3750c9de9d2b312f0044436e7a1751b9a33", "name": "real-in-sample", "revision_id": "dataset:real-in-sample:v1", "version": "v1"}, "effect_sha256": "806939ea6590e67a7ea3f4e4d51f45d631202de32c014ea50851082f5d8f7ecd", "evidence_identity": {"content_hash": "6f36df6bf689e20cc90c92fcd74baca040d4d6fa1a25368c71f35baf0fcf4bc9", "name": "none", "revision_id": "evidence:none:real-v1", "version": "v1"}, "handler": "crypto.handlers.backtest_existing_hypothesis.v1", "identity": {"package": "cripto-predictor", "record_sha256": "0cde203bc21746dc97498403c0d24fe62e4982340a720e8c7af049514462a262", "version": "1.2.0rc3"}, "metrics": {"ci": {"confidence": 0.95, "n_boot": 500, "scheme": "iid", "seed": 17}, "gross_ci_high_bps": 182, "gross_ci_low_bps": -123, "gross_return_bps": 34, "long_observations": 32, "max_drawdown_bps": -3370, "net_ci_high_bps": 149, "net_ci_low_bps": -156, "net_return_bps": 1, "sample_size": 52, "short_observations": 20, "turnover_round_trips": 52}, "model_identity": {"content_hash": "07225498b8d4834d762a198bc63ee650512fdf02e536d1b0a623bbe9a6fb3582", "name": "fixed-shadow", "revision_id": "protocol:fixed-shadow:real-v1", "version": "v1"}, "placebo_seed": 1013}, "economic_state": "NO_EDGE", "experiment_id": "crypto:EXP-f17b22cacfb09f8ebff57faa0b4a5c81", "hypothesis_id": "crypto:QUAL-SHADOW-REAL-001", "operational_state": "SUCCEEDED", "ops_facts": {"attempt_ids": ["crypto:ATTEMPT-9442d0595851478f84fc33d0944184b6"], "attempts": 1, "economic_lock_id": "economic-09acfc019c293ebdda661f295e1c765ece1bff884905f7ed7c45b87acc5547d4", "exit_code": 0, "finished_at": "2026-09-28T01:17:49.677Z", "heartbeat_at": "2026-09-28T01:17:49.476Z", "identity": {"package": "predictor-ops", "record_sha256": "1c7946e1d994f63bc3e732fe4666edfb42967f3a7b7b11664af63ca572f0018f", "version": "4.2.2rc1"}, "job_id": "crypto-research-f17b22cacfb09f8ebff57faa", "operational_state": "SUCCEEDED", "ops_record_hash": "d12f62ed5b4a5a1bd538f93bc53a8ab800c83b8bb7a97f41a3f947f7508b5c2e", "ops_run_id": "5a61ee39da3a45f2b3c0f91fd99b5611", "ops_run_ids": ["5a61ee39da3a45f2b3c0f91fd99b5611"], "retry_count": 0, "started_at": "2026-09-28T01:17:49.470Z"}, "produced_at": "2026-09-28T01:17:49.682432Z", "provenance": {"admission_policy_hash": "78e8b2d76c589c02254b299bcc633eaddfe82d6a93e7849a9b91d11f31563729", "admission_policy_id": "crypto-integration-qualification", "admission_policy_version": 1, "handler_identity": "crypto.handlers.backtest_existing_hypothesis.v1", "journal_identity": "d9567cafe05822af5f1e4c21475e2394340495146933bc028df6d436724fd386", "logical_experiment_hash": "f17b22cacfb09f8ebff57faa0b4a5c814cf93b6cddb8fa8483dd44153e8bbd59", "reference_materialization_receipt_hash": "1a1b9bc5e8c30fc45fbcf391eb6ebdb234d066a040c05ab1ae034aa9fc877176", "request_content_hash": "be8dc32f9bbe2b907c8ac03926ff6ff3552844c6d3cd1eed2cf0ef830c0a1a7b", "resolved_references_hash": "257b00d8d257e56401219b8ae046e9e5a1d90efaba5ab7cc654a493d0f59ee64"}, "request_id": "crypto:REQ-IC-SOAK-013", "research_id": "crypto:RESEARCH-INTEGRATION-QUALIFICATION", "result_id": "crypto:RESULT-f17b22cacfb09f8ebff57faa0b4a5c81", "result_state": "INCONCLUSIVE", "schema_version": "crypto-research-result/1", "scientific_state": "INCONCLUSIVE"}, "result_sha256": "68e26607fabd70a8f15daad8b522dc00cf7f37ce87173331d6501bf10b68169e", "source": "authoritative_result_store", "status": "RESULT"}
--- stderr
--- end
{"n": 195, "label": "show crypto:REQ-IC-SOAK-003", "at": "2026-09-28T01:19:35Z", "seconds": 0.144, "argv": ["/home/runner/work/_temp/work/rt/consumer-venv/bin/cripto-research", "--state", "/home/runner/work/_temp/work/soak/domain-state", "show", "crypto:REQ-IC-SOAK-003"], "fault_env": {}, "exit": 0}
--- stdout
{"request_id": "crypto:REQ-IC-SOAK-003", "result": {"admission_id": "crypto:ADM-225cd122f98cf0cb3f318cdf743b5d97", "capital_permission": false, "core_facts": {"dataset_fingerprint": "1e6356ed1c918f083af953f558a5d23fc6d777ec95bb6cdbde16ee34d257dddb", "identity": {"package": "predictor-core", "record_sha256": "eb8c5553379422a4317e5d6749a98912e95e873d52c80d7fa1fd87e6d96977c2", "version": "3.2.1"}, "scientific_state_source": "core_trial_registry", "statistics": {"gross_ci_high": 0.014194428820115759, "gross_ci_low": -0.015952125294048738, "mean_gross_return": -0.0014510333074158183, "mean_net_return": -0.004611606576646589, "net_ci_high": 0.011116450166269602, "net_ci_low": -0.019125484403766414}, "temporal_validation": {"data_cutoff": "2026-08-31T00:00:00Z", "inequality": "available_at <= data_cutoff and observed_at monotonic and observed_at <= available_at", "max_available_at": "2026-08-31T00:00:00Z", "method": "predictor_core.measurement.replay", "rows": 52, "status": "PASS"}, "trial_ids": ["crypto:TRIAL-0a533b46fb6301e263d659dd9342b4c1"], "trial_registry": "predictor_core.contracts.trial_v2.TrialRegistryV2", "trial_row_hash": "84946e090192ad8afc11adf2b7ee3e5919cdc8b81b23be8e1a5b3c91e712980f"}, "domain_facts": {"baseline_comparison": {"baseline_id": "crypto:BASELINE-FLAT", "gross_delta_bps": -15, "net_delta_bps": -46, "outcome": "LOSES"}, "baseline_identity": {"content_hash": "4cfdb5417495d2ab5067d67ad9d199d59d330fa4600a8d451b32a7b62e6be136", "name": "flat", "revision_id": "baseline:flat:real-v1", "version": "v1"}, "cost_model_identity": {"content_hash": "6168c2abe0d77bcceffc084905a6a2ba54a8cbdf5a1a55f48fbc1e30f3e44e65", "name": "v3-frozen", "revision_id": "cost_model:v3-frozen:real-v1", "version": "v1"}, "costs": {"cost_aware_decision": "NO_TRADE", "mean_funding_pnl_bps": -2, "mean_total_cost_bps": 31, "model": "GarimpoInvestimentos.v3.costs.CostModel", "round_trip_friction_bps": 30, "slippage_bps_per_leg": 5, "taker_fee_bps_per_leg": 10}, "data_cutoff": "2026-08-31T00:00:00Z", "data_quality": {"ok": true}, "dataset_identity": {"content_hash": "0d04cf7c11e8b27fd294a3c354dee3750c9de9d2b312f0044436e7a1751b9a33", "name": "real-in-sample", "revision_id": "dataset:real-in-sample:v1", "version": "v1"}, "effect_sha256": "14a79f4ae178027dce117d256a11e4e3bf7bebbe5a39e00ddb3bc6d5ef1bd7b1", "evidence_identity": {"content_hash": "6f36df6bf689e20cc90c92fcd74baca040d4d6fa1a25368c71f35baf0fcf4bc9", "name": "none", "revision_id": "evidence:none:real-v1", "version": "v1"}, "handler": "crypto.handlers.backtest_existing_hypothesis.v1", "identity": {"package": "cripto-predictor", "record_sha256": "0cde203bc21746dc97498403c0d24fe62e4982340a720e8c7af049514462a262", "version": "1.2.0rc3"}, "metrics": {"ci": {"confidence": 0.95, "n_boot": 500, "scheme": "iid", "seed": 17}, "gross_ci_high_bps": 142, "gross_ci_low_bps": -160, "gross_return_bps": -15, "long_observations": 29, "max_drawdown_bps": -5146, "net_ci_high_bps": 111, "net_ci_low_bps": -191, "net_return_bps": -46, "sample_size": 52, "short_observations": 23, "turnover_round_trips": 52}, "model_identity": {"content_hash": "07225498b8d4834d762a198bc63ee650512fdf02e536d1b0a623bbe9a6fb3582", "name": "fixed-shadow", "revision_id": "protocol:fixed-shadow:real-v1", "version": "v1"}, "placebo_seed": 1003}, "economic_state": "NO_EDGE", "experiment_id": "crypto:EXP-0a533b46fb6301e263d659dd9342b4c1", "hypothesis_id": "crypto:QUAL-SHADOW-REAL-003", "operational_state": "SUCCEEDED", "ops_facts": {"attempt_ids": ["crypto:ATTEMPT-20495bad24474f0bb2cc4d8c0e4b394d"], "attempts": 1, "economic_lock_id": "economic-6631101004d8634fa3ced286645f70ce2d08af4d0c5a76eeb93c1522bf179df1", "exit_code": 0, "finished_at": "2026-09-28T01:17:37.623Z", "heartbeat_at": "2026-09-28T01:17:37.422Z", "identity": {"package": "predictor-ops", "record_sha256": "1c7946e1d994f63bc3e732fe4666edfb42967f3a7b7b11664af63ca572f0018f", "version": "4.2.2rc1"}, "job_id": "crypto-research-0a533b46fb6301e263d659dd", "operational_state": "SUCCEEDED", "ops_record_hash": "ccdec35de286c9ce181391287931ef120664881bc7625dda637012df5f48e9b5", "ops_run_id": "c0655d04573c45c2b4bd3aba438794af", "ops_run_ids": ["c0655d04573c45c2b4bd3aba438794af"], "retry_count": 0, "started_at": "2026-09-28T01:17:37.416Z"}, "produced_at": "2026-09-28T01:17:37.629318Z", "provenance": {"admission_policy_hash": "78e8b2d76c589c02254b299bcc633eaddfe82d6a93e7849a9b91d11f31563729", "admission_policy_id": "crypto-integration-qualification", "admission_policy_version": 1, "handler_identity": "crypto.handlers.backtest_existing_hypothesis.v1", "journal_identity": "78fa6af6424ccee44c81bd40b877c022d880f03a350dfc190a8637e50f79e9c2", "logical_experiment_hash": "0a533b46fb6301e263d659dd9342b4c101f6a1d85dd766a39467f7cc74d218b5", "reference_materialization_receipt_hash": "a7bc6a71f385f5df0de633764980aa4e009ef443063af2439bb10b4d223a7229", "request_content_hash": "220ba83fb93c9fbfa9453133c99ec0d13402579756dba12d9f9d04a104237258", "resolved_references_hash": "257b00d8d257e56401219b8ae046e9e5a1d90efaba5ab7cc654a493d0f59ee64"}, "request_id": "crypto:REQ-IC-SOAK-003", "research_id": "crypto:RESEARCH-INTEGRATION-QUALIFICATION", "result_id": "crypto:RESULT-0a533b46fb6301e263d659dd9342b4c1", "result_state": "INCONCLUSIVE", "schema_version": "crypto-research-result/1", "scientific_state": "INCONCLUSIVE"}, "result_sha256": "c6a0fdbe934a8396cb78bb7709736a5c5e7e6b4894a41afd068d64e7cd90eb46", "source": "authoritative_result_store", "status": "RESULT"}
--- stderr
--- end
{"n": 196, "label": "show crypto:REQ-LLM-07dfb4d65ab14036", "at": "2026-09-28T01:19:35Z", "seconds": 0.144, "argv": ["/home/runner/work/_temp/work/rt/consumer-venv/bin/cripto-research", "--state", "/home/runner/work/_temp/work/soak/domain-state", "show", "crypto:REQ-LLM-07dfb4d65ab14036"], "fault_env": {}, "exit": 0}
--- stdout
{"request_id": "crypto:REQ-LLM-07dfb4d65ab14036", "result": {"admission_id": "crypto:ADM-7499ac0f5ccb33b08d2570c961784a52", "capital_permission": false, "core_facts": {"dataset_fingerprint": "1e6356ed1c918f083af953f558a5d23fc6d777ec95bb6cdbde16ee34d257dddb", "identity": {"package": "predictor-core", "record_sha256": "eb8c5553379422a4317e5d6749a98912e95e873d52c80d7fa1fd87e6d96977c2", "version": "3.2.1"}, "scientific_state_source": "core_trial_registry", "statistics": {"gross_ci_high": 0.02097556617499297, "gross_ci_low": -0.01293524247506108, "mean_gross_return": 0.0029078051302545748, "mean_net_return": 0.0002800826302545736, "net_ci_high": 0.018542404921981528, "net_ci_low": -0.015406912697513432}, "temporal_validation": {"data_cutoff": "2026-08-31T00:00:00Z", "inequality": "available_at <= data_cutoff and observed_at monotonic and observed_at <= available_at", "max_available_at": "2026-08-31T00:00:00Z", "method": "predictor_core.measurement.replay", "rows": 52, "status": "PASS"}, "trial_ids": ["crypto:TRIAL-23de15b2a0545c937bef0c8455c8f58c"], "trial_registry": "predictor_core.contracts.trial_v2.TrialRegistryV2", "trial_row_hash": "b48597c990b94437f49b0703acf65e7c1857674fdfc0fa6041aa9d4fa24f6388"}, "domain_facts": {"baseline_comparison": {"baseline_id": "crypto:BASELINE-FLAT", "gross_delta_bps": 29, "net_delta_bps": 3, "outcome": "BEATS"}, "baseline_identity": {"content_hash": "4cfdb5417495d2ab5067d67ad9d199d59d330fa4600a8d451b32a7b62e6be136", "name": "flat", "revision_id": "baseline:flat:real-v1", "version": "v1"}, "cost_model_identity": {"content_hash": "6168c2abe0d77bcceffc084905a6a2ba54a8cbdf5a1a55f48fbc1e30f3e44e65", "name": "v3-frozen", "revision_id": "cost_model:v3-frozen:real-v1", "version": "v1"}, "costs": {"cost_aware_decision": "NO_TRADE", "mean_funding_pnl_bps": 4, "mean_total_cost_bps": 26, "model": "GarimpoInvestimentos.v3.costs.CostModel", "round_trip_friction_bps": 30, "slippage_bps_per_leg": 5, "taker_fee_bps_per_leg": 10}, "data_cutoff": "2026-08-31T00:00:00Z", "data_quality": {"ok": true}, "dataset_identity": {"content_hash": "0d04cf7c11e8b27fd294a3c354dee3750c9de9d2b312f0044436e7a1751b9a33", "name": "real-in-sample", "revision_id": "dataset:real-in-sample:v1", "version": "v1"}, "effect_sha256": "1a62511dfce9d99f9ca4dcf7227fa390b6db73e276de9fb69c747d53b9637370", "evidence_identity": {"content_hash": "6f36df6bf689e20cc90c92fcd74baca040d4d6fa1a25368c71f35baf0fcf4bc9", "name": "none", "revision_id": "evidence:none:real-v1", "version": "v1"}, "handler": "crypto.handlers.backtest_existing_hypothesis.v1", "identity": {"package": "cripto-predictor", "record_sha256": "0cde203bc21746dc97498403c0d24fe62e4982340a720e8c7af049514462a262", "version": "1.2.0rc3"}, "metrics": {"ci": {"confidence": 0.95, "n_boot": 500, "scheme": "iid", "seed": 17}, "gross_ci_high_bps": 210, "gross_ci_low_bps": -129, "gross_return_bps": 29, "long_observations": 20, "max_drawdown_bps": -2937, "net_ci_high_bps": 185, "net_ci_low_bps": -154, "net_return_bps": 3, "sample_size": 52, "short_observations": 32, "turnover_round_trips": 52}, "model_identity": {"content_hash": "07225498b8d4834d762a198bc63ee650512fdf02e536d1b0a623bbe9a6fb3582", "name": "fixed-shadow", "revision_id": "protocol:fixed-shadow:real-v1", "version": "v1"}, "placebo_seed": 1001}, "economic_state": "NO_EDGE", "experiment_id": "crypto:EXP-23de15b2a0545c937bef0c8455c8f58c", "hypothesis_id": "crypto:QUAL-SHADOW-REAL-001", "operational_state": "SUCCEEDED", "ops_facts": {"attempt_ids": ["crypto:ATTEMPT-1646253a16544e19a681377bcebbcb54"], "attempts": 1, "economic_lock_id": "economic-c7d91fd6b5c12831dcd61b3caa2b43ec4a1ddc0cbdefba0159182194679ec3cd", "exit_code": 0, "finished_at": "2026-09-28T01:19:03.712Z", "heartbeat_at": "2026-09-28T01:19:03.510Z", "identity": {"package": "predictor-ops", "record_sha256": "1c7946e1d994f63bc3e732fe4666edfb42967f3a7b7b11664af63ca572f0018f", "version": "4.2.2rc1"}, "job_id": "crypto-research-23de15b2a0545c937bef0c84", "operational_state": "SUCCEEDED", "ops_record_hash": "47628034403b1477e30f18f47d7c9c2ef3b5ab418188e37e01eb8bc05f52bb10", "ops_run_id": "a99f480c100a4d9588b812aea5776e1f", "ops_run_ids": ["a99f480c100a4d9588b812aea5776e1f"], "retry_count": 0, "started_at": "2026-09-28T01:19:03.505Z"}, "produced_at": "2026-09-28T01:19:03.716513Z", "provenance": {"admission_policy_hash": "78e8b2d76c589c02254b299bcc633eaddfe82d6a93e7849a9b91d11f31563729", "admission_policy_id": "crypto-integration-qualification", "admission_policy_version": 1, "handler_identity": "crypto.handlers.backtest_existing_hypothesis.v1", "journal_identity": "32b878d3e0541051887927b3d7f3e483b1fd05aa37140b8f7b44f60518dd41b9", "logical_experiment_hash": "23de15b2a0545c937bef0c8455c8f58ca92f79b58a352b0a4a317570ed7ab2ce", "reference_materialization_receipt_hash": "9dac2f22c6bf386d5bba6172fc961736d6ef4f9a57a7e5ee79ae982c383ccb4c", "request_content_hash": "4adc1f3351142a6a58fff3f7e3dd2a5899eac83fcf115588a8562153c5d44ffc", "resolved_references_hash": "257b00d8d257e56401219b8ae046e9e5a1d90efaba5ab7cc654a493d0f59ee64"}, "request_id": "crypto:REQ-LLM-07dfb4d65ab14036", "research_id": "crypto:RESEARCH-INTEGRATION-QUALIFICATION", "result_id": "crypto:RESULT-23de15b2a0545c937bef0c8455c8f58c", "result_state": "INCONCLUSIVE", "schema_version": "crypto-research-result/1", "scientific_state": "INCONCLUSIVE"}, "result_sha256": "d2b8c650a8be45d7b37c535d74be1eaba12532a7feb38ac87dc2b8fa9daba88c", "source": "authoritative_result_store", "status": "RESULT"}
--- stderr
--- end
{"n": 197, "label": "show crypto:REQ-IC-SOAK-004", "at": "2026-09-28T01:19:36Z", "seconds": 0.144, "argv": ["/home/runner/work/_temp/work/rt/consumer-venv/bin/cripto-research", "--state", "/home/runner/work/_temp/work/soak/domain-state", "show", "crypto:REQ-IC-SOAK-004"], "fault_env": {}, "exit": 0}
--- stdout
{"request_id": "crypto:REQ-IC-SOAK-004", "result": {"admission_id": "crypto:ADM-294780e63e7472bc9b8e79ec27e40412", "capital_permission": false, "core_facts": {"dataset_fingerprint": "1e6356ed1c918f083af953f558a5d23fc6d777ec95bb6cdbde16ee34d257dddb", "identity": {"package": "predictor-core", "record_sha256": "eb8c5553379422a4317e5d6749a98912e95e873d52c80d7fa1fd87e6d96977c2", "version": "3.2.1"}, "scientific_state_source": "core_trial_registry", "statistics": {"gross_ci_high": 0.029912088490805348, "gross_ci_low": -0.0016564041119536282, "mean_gross_return": 0.01421716501110429, "mean_net_return": 0.011344017126488904, "net_ci_high": 0.02717975368311304, "net_ci_low": -0.004608184881184398}, "temporal_validation": {"data_cutoff": "2026-08-31T00:00:00Z", "inequality": "available_at <= data_cutoff and observed_at monotonic and observed_at <= available_at", "max_available_at": "2026-08-31T00:00:00Z", "method": "predictor_core.measurement.replay", "rows": 52, "status": "PASS"}, "trial_ids": ["crypto:TRIAL-0a11c0616653c63a435f68f399363439"], "trial_registry": "predictor_core.contracts.trial_v2.TrialRegistryV2", "trial_row_hash": "c236dc971eaad0453324e20faadf84e62ed19396e9a104fd1b4d2ee039d4b489"}, "domain_facts": {"baseline_comparison": {"baseline_id": "crypto:BASELINE-FLAT", "gross_delta_bps": 142, "net_delta_bps": 113, "outcome": "BEATS"}, "baseline_identity": {"content_hash": "4cfdb5417495d2ab5067d67ad9d199d59d330fa4600a8d451b32a7b62e6be136", "name": "flat", "revision_id": "baseline:flat:real-v1", "version": "v1"}, "cost_model_identity": {"content_hash": "6168c2abe0d77bcceffc084905a6a2ba54a8cbdf5a1a55f48fbc1e30f3e44e65", "name": "v3-frozen", "revision_id": "cost_model:v3-frozen:real-v1", "version": "v1"}, "costs": {"cost_aware_decision": "NO_TRADE", "mean_funding_pnl_bps": 1, "mean_total_cost_bps": 29, "model": "GarimpoInvestimentos.v3.costs.CostModel", "round_trip_friction_bps": 30, "slippage_bps_per_leg": 5, "taker_fee_bps_per_leg": 10}, "data_cutoff": "2026-08-31T00:00:00Z", "data_quality": {"ok": true}, "dataset_identity": {"content_hash": "0d04cf7c11e8b27fd294a3c354dee3750c9de9d2b312f0044436e7a1751b9a33", "name": "real-in-sample", "revision_id": "dataset:real-in-sample:v1", "version": "v1"}, "effect_sha256": "6418c9c217a065bf7846d2000444eddee324d75bd5c212ce153adf7686c4d922", "evidence_identity": {"content_hash": "6f36df6bf689e20cc90c92fcd74baca040d4d6fa1a25368c71f35baf0fcf4bc9", "name": "none", "revision_id": "evidence:none:real-v1", "version": "v1"}, "handler": "crypto.handlers.backtest_existing_hypothesis.v1", "identity": {"package": "cripto-predictor", "record_sha256": "0cde203bc21746dc97498403c0d24fe62e4982340a720e8c7af049514462a262", "version": "1.2.0rc3"}, "metrics": {"ci": {"confidence": 0.95, "n_boot": 500, "scheme": "iid", "seed": 17}, "gross_ci_high_bps": 299, "gross_ci_low_bps": -17, "gross_return_bps": 142, "long_observations": 21, "max_drawdown_bps": -2708, "net_ci_high_bps": 272, "net_ci_low_bps": -46, "net_return_bps": 113, "sample_size": 52, "short_observations": 31, "turnover_round_trips": 52}, "model_identity": {"content_hash": "07225498b8d4834d762a198bc63ee650512fdf02e536d1b0a623bbe9a6fb3582", "name": "fixed-shadow", "revision_id": "protocol:fixed-shadow:real-v1", "version": "v1"}, "placebo_seed": 1004}, "economic_state": "NO_EDGE", "experiment_id": "crypto:EXP-0a11c0616653c63a435f68f399363439", "hypothesis_id": "crypto:QUAL-SHADOW-REAL-001", "operational_state": "SUCCEEDED", "ops_facts": {"attempt_ids": ["crypto:ATTEMPT-fdecd8d888a94490b1384c2399046040", "crypto:ATTEMPT-6be6f23a7a164709a128bb6cf854a9da"], "attempts": 2, "economic_lock_id": "economic-6aa4a4ec7bee0834d5b9afdae6b4f828439c977550edd1ab4f0eb03b16e808c9", "exit_code": 0, "finished_at": "2026-09-28T01:17:39.330Z", "heartbeat_at": "2026-09-28T01:17:39.129Z", "identity": {"package": "predictor-ops", "record_sha256": "1c7946e1d994f63bc3e732fe4666edfb42967f3a7b7b11664af63ca572f0018f", "version": "4.2.2rc1"}, "job_id": "crypto-research-0a11c0616653c63a435f68f3", "operational_state": "SUCCEEDED", "ops_record_hash": "0889ea93d2449f25460dd97a51c517cc6f4f9ce9aa39f439b0850d8b50994f6e", "ops_run_id": "113678119f944374b1f87f07bcc9e9e5", "ops_run_ids": ["ae5e58d0e74648c1ad2c9d064f791f75", "113678119f944374b1f87f07bcc9e9e5"], "retry_count": 1, "started_at": "2026-09-28T01:17:39.123Z"}, "produced_at": "2026-09-28T01:17:39.334559Z", "provenance": {"admission_policy_hash": "78e8b2d76c589c02254b299bcc633eaddfe82d6a93e7849a9b91d11f31563729", "admission_policy_id": "crypto-integration-qualification", "admission_policy_version": 1, "handler_identity": "crypto.handlers.backtest_existing_hypothesis.v1", "journal_identity": "000ad02e460eb465be90e216893c7ce497452718f8fa5ffc70776cfc7412fd35", "logical_experiment_hash": "0a11c0616653c63a435f68f3993634395866245a411d6e34c279a9335fa69682", "reference_materialization_receipt_hash": "b8ee764587206226a08055de2eafd0e1525e0867ede83b8a62ca9bfe81892911", "request_content_hash": "fb4711a007710d7605daf31671bd747715f478a2507a25884033d18f47a0a556", "resolved_references_hash": "257b00d8d257e56401219b8ae046e9e5a1d90efaba5ab7cc654a493d0f59ee64"}, "request_id": "crypto:REQ-IC-SOAK-004", "research_id": "crypto:RESEARCH-INTEGRATION-QUALIFICATION", "result_id": "crypto:RESULT-0a11c0616653c63a435f68f399363439", "result_state": "INCONCLUSIVE", "schema_version": "crypto-research-result/1", "scientific_state": "INCONCLUSIVE"}, "result_sha256": "a3eda832591eda281b7e0f498d8b884de8399615edcee611ade1186ec9237cb7", "source": "authoritative_result_store", "status": "RESULT"}
--- stderr
--- end
{"n": 198, "label": "show crypto:REQ-IC-SOAK-020", "at": "2026-09-28T01:19:36Z", "seconds": 0.145, "argv": ["/home/runner/work/_temp/work/rt/consumer-venv/bin/cripto-research", "--state", "/home/runner/work/_temp/work/soak/domain-state", "show", "crypto:REQ-IC-SOAK-020"], "fault_env": {}, "exit": 0}
--- stdout
{"request_id": "crypto:REQ-IC-SOAK-020", "result": {"admission_id": "crypto:ADM-0ea74baf884d658aca4c705686c5527f", "capital_permission": false, "core_facts": {"dataset_fingerprint": "1e6356ed1c918f083af953f558a5d23fc6d777ec95bb6cdbde16ee34d257dddb", "identity": {"package": "predictor-core", "record_sha256": "eb8c5553379422a4317e5d6749a98912e95e873d52c80d7fa1fd87e6d96977c2", "version": "3.2.1"}, "scientific_state_source": "core_trial_registry", "statistics": {"gross_ci_high": 0.0089630367440064, "gross_ci_low": -0.02540287689270776, "mean_gross_return": -0.008601608592425139, "mean_net_return": -0.01171666032319437, "net_ci_high": 0.0059951828978525535, "net_ci_low": -0.028647110703373543}, "temporal_validation": {"data_cutoff": "2026-08-31T00:00:00Z", "inequality": "available_at <= data_cutoff and observed_at monotonic and observed_at <= available_at", "max_available_at": "2026-08-31T00:00:00Z", "method": "predictor_core.measurement.replay", "rows": 52, "status": "PASS"}, "trial_ids": ["crypto:TRIAL-218f7a0887bd856b6bbae7b920fddb90"], "trial_registry": "predictor_core.contracts.trial_v2.TrialRegistryV2", "trial_row_hash": "e69153e31513aa25f038f1f4dc5afe38ed71c9a6706abc9a1e3b6fbf2ef22483"}, "domain_facts": {"baseline_comparison": {"baseline_id": "crypto:BASELINE-FLAT", "gross_delta_bps": -86, "net_delta_bps": -117, "outcome": "LOSES"}, "baseline_identity": {"content_hash": "4cfdb5417495d2ab5067d67ad9d199d59d330fa4600a8d451b32a7b62e6be136", "name": "flat", "revision_id": "baseline:flat:real-v1", "version": "v1"}, "cost_model_identity": {"content_hash": "6168c2abe0d77bcceffc084905a6a2ba54a8cbdf5a1a55f48fbc1e30f3e44e65", "name": "v3-frozen", "revision_id": "cost_model:v3-frozen:real-v1", "version": "v1"}, "costs": {"cost_aware_decision": "NO_TRADE", "mean_funding_pnl_bps": -1, "mean_total_cost_bps": 31, "model": "GarimpoInvestimentos.v3.costs.CostModel", "round_trip_friction_bps": 30, "slippage_bps_per_leg": 5, "taker_fee_bps_per_leg": 10}, "data_cutoff": "2026-08-31T00:00:00Z", "data_quality": {"ok": true}, "dataset_identity": {"content_hash": "0d04cf7c11e8b27fd294a3c354dee3750c9de9d2b312f0044436e7a1751b9a33", "name": "real-in-sample", "revision_id": "dataset:real-in-sample:v1", "version": "v1"}, "effect_sha256": "2b6700e8a29911cd38dc2ec81b1f426d402e8259a5af2d1e0cf3c8559ee6f81c", "evidence_identity": {"content_hash": "6f36df6bf689e20cc90c92fcd74baca040d4d6fa1a25368c71f35baf0fcf4bc9", "name": "none", "revision_id": "evidence:none:real-v1", "version": "v1"}, "handler": "crypto.handlers.backtest_existing_hypothesis.v1", "identity": {"package": "cripto-predictor", "record_sha256": "0cde203bc21746dc97498403c0d24fe62e4982340a720e8c7af049514462a262", "version": "1.2.0rc3"}, "metrics": {"ci": {"confidence": 0.95, "n_boot": 500, "scheme": "iid", "seed": 17}, "gross_ci_high_bps": 90, "gross_ci_low_bps": -254, "gross_return_bps": -86, "long_observations": 26, "max_drawdown_bps": -6025, "net_ci_high_bps": 60, "net_ci_low_bps": -286, "net_return_bps": -117, "sample_size": 52, "short_observations": 26, "turnover_round_trips": 52}, "model_identity": {"content_hash": "07225498b8d4834d762a198bc63ee650512fdf02e536d1b0a623bbe9a6fb3582", "name": "fixed-shadow", "revision_id": "protocol:fixed-shadow:real-v1", "version": "v1"}, "placebo_seed": 1020}, "economic_state": "NO_EDGE", "experiment_id": "crypto:EXP-218f7a0887bd856b6bbae7b920fddb90", "hypothesis_id": "crypto:QUAL-SHADOW-REAL-002", "operational_state": "SUCCEEDED", "ops_facts": {"attempt_ids": ["crypto:ATTEMPT-ac5aa348bed7404d97a5b3cafdf6e544"], "attempts": 1, "economic_lock_id": "economic-1695afb0fa829bfd5e3a739d758b373b82501b36eb6b0f0d03c4821abd3e90bf", "exit_code": 0, "finished_at": "2026-09-28T01:17:57.860Z", "heartbeat_at": "2026-09-28T01:17:57.659Z", "identity": {"package": "predictor-ops", "record_sha256": "1c7946e1d994f63bc3e732fe4666edfb42967f3a7b7b11664af63ca572f0018f", "version": "4.2.2rc1"}, "job_id": "crypto-research-218f7a0887bd856b6bbae7b9", "operational_state": "SUCCEEDED", "ops_record_hash": "c254654f250eb9d7fa8113cbd63efa8fc34eb1ae96dfcbbcf42f3b7be58c29b2", "ops_run_id": "10401d99eb4c433f83e9cf6859d8f209", "ops_run_ids": ["10401d99eb4c433f83e9cf6859d8f209"], "retry_count": 0, "started_at": "2026-09-28T01:17:57.652Z"}, "produced_at": "2026-09-28T01:17:57.864996Z", "provenance": {"admission_policy_hash": "78e8b2d76c589c02254b299bcc633eaddfe82d6a93e7849a9b91d11f31563729", "admission_policy_id": "crypto-integration-qualification", "admission_policy_version": 1, "handler_identity": "crypto.handlers.backtest_existing_hypothesis.v1", "journal_identity": "19a95e7474d141d492551045427e040f1318994c5d282020d77c64770b7fe6e5", "logical_experiment_hash": "218f7a0887bd856b6bbae7b920fddb90a9767247d6752ce104631f55d2dbad7b", "reference_materialization_receipt_hash": "26b91c972cc52e54dcb291818cc453dba0b6c62ae5adb91c6675945c4e1cc7a8", "request_content_hash": "acf78060f0a6d5b76ee3e2388b5c0b5b55d14a72abce5f483dadc54832caab05", "resolved_references_hash": "257b00d8d257e56401219b8ae046e9e5a1d90efaba5ab7cc654a493d0f59ee64"}, "request_id": "crypto:REQ-IC-SOAK-020", "research_id": "crypto:RESEARCH-INTEGRATION-QUALIFICATION", "result_id": "crypto:RESULT-218f7a0887bd856b6bbae7b920fddb90", "result_state": "INCONCLUSIVE", "schema_version": "crypto-research-result/1", "scientific_state": "INCONCLUSIVE"}, "result_sha256": "c98f873c13c1443231d52d679bac0ebedbf00c947e4430178c67fb30f61d9031", "source": "authoritative_result_store", "status": "RESULT"}
--- stderr
--- end
{"n": 199, "label": "show crypto:REQ-IC-SOAK-007", "at": "2026-09-28T01:19:36Z", "seconds": 0.144, "argv": ["/home/runner/work/_temp/work/rt/consumer-venv/bin/cripto-research", "--state", "/home/runner/work/_temp/work/soak/domain-state", "show", "crypto:REQ-IC-SOAK-007"], "fault_env": {}, "exit": 0}
--- stdout
{"request_id": "crypto:REQ-IC-SOAK-007", "result": {"admission_id": "crypto:ADM-b62d9e856bac13f416da27a908e4d133", "capital_permission": false, "core_facts": {"dataset_fingerprint": "1e6356ed1c918f083af953f558a5d23fc6d777ec95bb6cdbde16ee34d257dddb", "identity": {"package": "predictor-core", "record_sha256": "eb8c5553379422a4317e5d6749a98912e95e873d52c80d7fa1fd87e6d96977c2", "version": "3.2.1"}, "scientific_state_source": "core_trial_registry", "statistics": {"gross_ci_high": 0.012433784064893158, "gross_ci_low": -0.02293255392678414, "mean_gross_return": -0.005884491888449383, "mean_net_return": -0.008803847849987846, "net_ci_high": 0.009557494257200849, "net_ci_low": -0.026134291234476453}, "temporal_validation": {"data_cutoff": "2026-08-31T00:00:00Z", "inequality": "available_at <= data_cutoff and observed_at monotonic and observed_at <= available_at", "max_available_at": "2026-08-31T00:00:00Z", "method": "predictor_core.measurement.replay", "rows": 52, "status": "PASS"}, "trial_ids": ["crypto:TRIAL-a85b3ad5b545e0d21625bf1e16b701f9"], "trial_registry": "predictor_core.contracts.trial_v2.TrialRegistryV2", "trial_row_hash": "d5fc030f9e26db85b4efd096852b5e655dd778f4973f1c72221ff497775504d2"}, "domain_facts": {"baseline_comparison": {"baseline_id": "crypto:BASELINE-FLAT", "gross_delta_bps": -59, "net_delta_bps": -88, "outcome": "LOSES"}, "baseline_identity": {"content_hash": "4cfdb5417495d2ab5067d67ad9d199d59d330fa4600a8d451b32a7b62e6be136", "name": "flat", "revision_id": "baseline:flat:real-v1", "version": "v1"}, "cost_model_identity": {"content_hash": "6168c2abe0d77bcceffc084905a6a2ba54a8cbdf5a1a55f48fbc1e30f3e44e65", "name": "v3-frozen", "revision_id": "cost_model:v3-frozen:real-v1", "version": "v1"}, "costs": {"cost_aware_decision": "NO_TRADE", "mean_funding_pnl_bps": 1, "mean_total_cost_bps": 29, "model": "GarimpoInvestimentos.v3.costs.CostModel", "round_trip_friction_bps": 30, "slippage_bps_per_leg": 5, "taker_fee_bps_per_leg": 10}, "data_cutoff": "2026-08-31T00:00:00Z", "data_quality": {"ok": true}, "dataset_identity": {"content_hash": "0d04cf7c11e8b27fd294a3c354dee3750c9de9d2b312f0044436e7a1751b9a33", "name": "real-in-sample", "revision_id": "dataset:real-in-sample:v1", "version": "v1"}, "effect_sha256": "ad58d08f2b654fc28f27f32a588cbf1dd34d785fd64e9efc54af2de64d92c0a6", "evidence_identity": {"content_hash": "6f36df6bf689e20cc90c92fcd74baca040d4d6fa1a25368c71f35baf0fcf4bc9", "name": "none", "revision_id": "evidence:none:real-v1", "version": "v1"}, "handler": "crypto.handlers.backtest_existing_hypothesis.v1", "identity": {"package": "cripto-predictor", "record_sha256": "0cde203bc21746dc97498403c0d24fe62e4982340a720e8c7af049514462a262", "version": "1.2.0rc3"}, "metrics": {"ci": {"confidence": 0.95, "n_boot": 500, "scheme": "iid", "seed": 17}, "gross_ci_high_bps": 124, "gross_ci_low_bps": -229, "gross_return_bps": -59, "long_observations": 22, "max_drawdown_bps": -4457, "net_ci_high_bps": 96, "net_ci_low_bps": -261, "net_return_bps": -88, "sample_size": 52, "short_observations": 30, "turnover_round_trips": 52}, "model_identity": {"content_hash": "07225498b8d4834d762a198bc63ee650512fdf02e536d1b0a623bbe9a6fb3582", "name": "fixed-shadow", "revision_id": "protocol:fixed-shadow:real-v1", "version": "v1"}, "placebo_seed": 1007}, "economic_state": "NO_EDGE", "experiment_id": "crypto:EXP-a85b3ad5b545e0d21625bf1e16b701f9", "hypothesis_id": "crypto:QUAL-SHADOW-REAL-001", "operational_state": "SUCCEEDED", "ops_facts": {"attempt_ids": ["crypto:ATTEMPT-710c58a9b6c74d27ae3cfb90bbd8d6a6"], "attempts": 1, "economic_lock_id": "economic-ae06bceb8a63aa6e2befcbe9e4a5dcefb89029a7c8f36dd676cdca95e6fa21d6", "exit_code": 0, "finished_at": "2026-09-28T01:17:42.927Z", "heartbeat_at": "2026-09-28T01:17:42.725Z", "identity": {"package": "predictor-ops", "record_sha256": "1c7946e1d994f63bc3e732fe4666edfb42967f3a7b7b11664af63ca572f0018f", "version": "4.2.2rc1"}, "job_id": "crypto-research-a85b3ad5b545e0d21625bf1e", "operational_state": "SUCCEEDED", "ops_record_hash": "1abc71456b190b0cfefec660681aa770c913a18a25384c771ddae46155c0b401", "ops_run_id": "c3318f2b16a94a5aad0a25e70ea5f12b", "ops_run_ids": ["c3318f2b16a94a5aad0a25e70ea5f12b"], "retry_count": 0, "started_at": "2026-09-28T01:17:42.720Z"}, "produced_at": "2026-09-28T01:17:42.932118Z", "provenance": {"admission_policy_hash": "78e8b2d76c589c02254b299bcc633eaddfe82d6a93e7849a9b91d11f31563729", "admission_policy_id": "crypto-integration-qualification", "admission_policy_version": 1, "handler_identity": "crypto.handlers.backtest_existing_hypothesis.v1", "journal_identity": "749f6d188aeacacc5c5eaaa93b90c8ab7c8952e3b7201b88e9117e6bbe9cd486", "logical_experiment_hash": "a85b3ad5b545e0d21625bf1e16b701f9e53e6031e21425cfbf8c24095a8a1a22", "reference_materialization_receipt_hash": "d3a54f52ad72da95ea6f6d816b2e16d3dee461357f9b08ec86cd8c09d034e49e", "request_content_hash": "1ebdc53c1a60b7c790f8f7ffa67dbd02bd87b4ee60314fd41d3e0355cd0f6b0f", "resolved_references_hash": "257b00d8d257e56401219b8ae046e9e5a1d90efaba5ab7cc654a493d0f59ee64"}, "request_id": "crypto:REQ-IC-SOAK-007", "research_id": "crypto:RESEARCH-INTEGRATION-QUALIFICATION", "result_id": "crypto:RESULT-a85b3ad5b545e0d21625bf1e16b701f9", "result_state": "INCONCLUSIVE", "schema_version": "crypto-research-result/1", "scientific_state": "INCONCLUSIVE"}, "result_sha256": "8fbd6026740a1e210c7dee247dd7375ea857df02b36b5f2e36a71fd7e0bdea88", "source": "authoritative_result_store", "status": "RESULT"}
--- stderr
--- end
