Python 3.13	Set up job	﻿2026-09-23T05:35:03.3037688Z Current runner version: '2.337.0'
Python 3.13	Set up job	2026-09-23T05:35:03.3062887Z ##[group]Runner Image Provisioner
Python 3.13	Set up job	2026-09-23T05:35:03.3063839Z Hosted Compute Agent
Python 3.13	Set up job	2026-09-23T05:35:03.3064436Z Version: 20260828.587
Python 3.13	Set up job	2026-09-23T05:35:03.3065161Z Commit: abac92662cab4cc7352de4f9f9d2e2419aad9c29
Python 3.13	Set up job	2026-09-23T05:35:03.3065897Z Build Date: 2026-08-28T16:44:25Z
Python 3.13	Set up job	2026-09-23T05:35:03.3066567Z Worker ID: {e4cfb246-5934-4772-a10c-31f28047c3c1}
Python 3.13	Set up job	2026-09-23T05:35:03.3067449Z Azure Region: westcentralus
Python 3.13	Set up job	2026-09-23T05:35:03.3068056Z ##[endgroup]
Python 3.13	Set up job	2026-09-23T05:35:03.3070167Z ##[group]Operating System
Python 3.13	Set up job	2026-09-23T05:35:03.3070854Z Ubuntu
Python 3.13	Set up job	2026-09-23T05:35:03.3071378Z 24.04.5
Python 3.13	Set up job	2026-09-23T05:35:03.3071999Z LTS
Python 3.13	Set up job	2026-09-23T05:35:03.3072518Z ##[endgroup]
Python 3.13	Set up job	2026-09-23T05:35:03.3073098Z ##[group]Runner Image
Python 3.13	Set up job	2026-09-23T05:35:03.3073711Z Image: ubuntu-24.04
Python 3.13	Set up job	2026-09-23T05:35:03.3074278Z Version: 20260907.300.1
Python 3.13	Set up job	2026-09-23T05:35:03.3075872Z Included Software: https://github.com/actions/runner-images/blob/ubuntu24/20260907.300/images/ubuntu/Ubuntu2404-Readme.md
Python 3.13	Set up job	2026-09-23T05:35:03.3077652Z Image Release: https://github.com/actions/runner-images/releases/tag/ubuntu24%2F20260907.300
Python 3.13	Set up job	2026-09-23T05:35:03.3078884Z ##[endgroup]
Python 3.13	Set up job	2026-09-23T05:35:03.3080081Z ##[group]GITHUB_TOKEN Permissions
Python 3.13	Set up job	2026-09-23T05:35:03.3082244Z Contents: read
Python 3.13	Set up job	2026-09-23T05:35:03.3082864Z Metadata: read
Python 3.13	Set up job	2026-09-23T05:35:03.3083537Z ##[endgroup]
Python 3.13	Set up job	2026-09-23T05:35:03.3085593Z Secret source: Actions
Python 3.13	Set up job	2026-09-23T05:35:03.3086627Z Cache mode: write
Python 3.13	Set up job	2026-09-23T05:35:03.3087370Z Prepare workflow directory
Python 3.13	Set up job	2026-09-23T05:35:03.3433233Z Prepare all required actions
Python 3.13	Set up job	2026-09-23T05:35:03.3480997Z Getting action download info
Python 3.13	Set up job	2026-09-23T05:35:03.6585831Z Download action repository 'actions/checkout@v7' (SHA:3d3c42e5aac5ba805825da76410c181273ba90b1)
Python 3.13	Set up job	2026-09-23T05:35:03.7837853Z Download action repository 'astral-sh/setup-uv@v7' (SHA:37802adc94f370d6bfd71619e3f0bf239e1f3b78)
Python 3.13	Set up job	2026-09-23T05:35:04.6345164Z Complete job name: Python 3.13
Python 3.13	Run actions/checkout@v7	﻿2026-09-23T05:35:04.7165034Z ##[group]Run actions/checkout@v7
Python 3.13	Run actions/checkout@v7	2026-09-23T05:35:04.7166257Z with:
Python 3.13	Run actions/checkout@v7	2026-09-23T05:35:04.7167068Z   repository: leonardosovienski/core-predictor
Python 3.13	Run actions/checkout@v7	2026-09-23T05:35:04.7171791Z   token: ***
Python 3.13	Run actions/checkout@v7	2026-09-23T05:35:04.7172522Z   ssh-strict: true
Python 3.13	Run actions/checkout@v7	2026-09-23T05:35:04.7173238Z   ssh-user: git
Python 3.13	Run actions/checkout@v7	2026-09-23T05:35:04.7173952Z   persist-credentials: true
Python 3.13	Run actions/checkout@v7	2026-09-23T05:35:04.7174728Z   clean: true
Python 3.13	Run actions/checkout@v7	2026-09-23T05:35:04.7175443Z   sparse-checkout-cone-mode: true
Python 3.13	Run actions/checkout@v7	2026-09-23T05:35:04.7176238Z   fetch-depth: 1
Python 3.13	Run actions/checkout@v7	2026-09-23T05:35:04.7176943Z   fetch-tags: false
Python 3.13	Run actions/checkout@v7	2026-09-23T05:35:04.7177661Z   show-progress: true
Python 3.13	Run actions/checkout@v7	2026-09-23T05:35:04.7178526Z   lfs: false
Python 3.13	Run actions/checkout@v7	2026-09-23T05:35:04.7179217Z   submodules: false
Python 3.13	Run actions/checkout@v7	2026-09-23T05:35:04.7179960Z   set-safe-directory: true
Python 3.13	Run actions/checkout@v7	2026-09-23T05:35:04.7180738Z   allow-unsafe-pr-checkout: false
Python 3.13	Run actions/checkout@v7	2026-09-23T05:35:04.7181806Z ##[endgroup]
Python 3.13	Run actions/checkout@v7	2026-09-23T05:35:04.8167123Z Syncing repository: leonardosovienski/core-predictor
Python 3.13	Run actions/checkout@v7	2026-09-23T05:35:04.8170450Z ##[group]Getting Git version info
Python 3.13	Run actions/checkout@v7	2026-09-23T05:35:04.8171941Z Working directory is '/home/runner/work/core-predictor/core-predictor'
Python 3.13	Run actions/checkout@v7	2026-09-23T05:35:04.8174202Z [command]/usr/bin/git version
Python 3.13	Run actions/checkout@v7	2026-09-23T05:35:04.8212416Z git version 2.55.0
Python 3.13	Run actions/checkout@v7	2026-09-23T05:35:04.8234810Z ##[endgroup]
Python 3.13	Run actions/checkout@v7	2026-09-23T05:35:04.8243796Z Temporarily overriding HOME='/home/runner/work/_temp/5a85c439-ac0b-48a3-b1fd-aee4b6b54290' before making global git config changes
Python 3.13	Run actions/checkout@v7	2026-09-23T05:35:04.8246393Z Adding repository directory to the temporary git global config as a safe directory
Python 3.13	Run actions/checkout@v7	2026-09-23T05:35:04.8251119Z [command]/usr/bin/git config --global --add safe.directory /home/runner/work/core-predictor/core-predictor
Python 3.13	Run actions/checkout@v7	2026-09-23T05:35:04.8308351Z Deleting the contents of '/home/runner/work/core-predictor/core-predictor'
Python 3.13	Run actions/checkout@v7	2026-09-23T05:35:04.8311177Z ##[group]Determining repository object format
Python 3.13	Run actions/checkout@v7	2026-09-23T05:35:04.8313078Z ##[endgroup]
Python 3.13	Run actions/checkout@v7	2026-09-23T05:35:04.8315046Z ##[group]Initializing the repository
Python 3.13	Run actions/checkout@v7	2026-09-23T05:35:04.8316476Z [command]/usr/bin/git init /home/runner/work/core-predictor/core-predictor
Python 3.13	Run actions/checkout@v7	2026-09-23T05:35:04.8418003Z hint: Using 'master' as the name for the initial branch. This default branch name
Python 3.13	Run actions/checkout@v7	2026-09-23T05:35:04.8420178Z hint: will change to "main" in Git 3.0. To configure the initial branch name
Python 3.13	Run actions/checkout@v7	2026-09-23T05:35:04.8421688Z hint: to use in all of your new repositories, which will suppress this warning,
Python 3.13	Run actions/checkout@v7	2026-09-23T05:35:04.8423377Z hint: call:
Python 3.13	Run actions/checkout@v7	2026-09-23T05:35:04.8424353Z hint:
Python 3.13	Run actions/checkout@v7	2026-09-23T05:35:04.8425596Z hint: 	git config --global init.defaultBranch <name>
Python 3.13	Run actions/checkout@v7	2026-09-23T05:35:04.8427018Z hint:
Python 3.13	Run actions/checkout@v7	2026-09-23T05:35:04.8428618Z hint: Names commonly chosen instead of 'master' are 'main', 'trunk' and
Python 3.13	Run actions/checkout@v7	2026-09-23T05:35:04.8430695Z hint: 'development'. The just-created branch can be renamed via this command:
Python 3.13	Run actions/checkout@v7	2026-09-23T05:35:04.8432325Z hint:
Python 3.13	Run actions/checkout@v7	2026-09-23T05:35:04.8433337Z hint: 	git branch -m <name>
Python 3.13	Run actions/checkout@v7	2026-09-23T05:35:04.8434516Z hint:
Python 3.13	Run actions/checkout@v7	2026-09-23T05:35:04.8435759Z hint: Disable this message with "git config set advice.defaultBranchName false"
Python 3.13	Run actions/checkout@v7	2026-09-23T05:35:04.8437016Z Initialized empty Git repository in /home/runner/work/core-predictor/core-predictor/.git/
Python 3.13	Run actions/checkout@v7	2026-09-23T05:35:04.8439700Z [command]/usr/bin/git remote add origin https://github.com/leonardosovienski/core-predictor
Python 3.13	Run actions/checkout@v7	2026-09-23T05:35:04.8487999Z ##[endgroup]
Python 3.13	Run actions/checkout@v7	2026-09-23T05:35:04.8489410Z ##[group]Disabling automatic garbage collection
Python 3.13	Run actions/checkout@v7	2026-09-23T05:35:04.8492361Z [command]/usr/bin/git config --local gc.auto 0
Python 3.13	Run actions/checkout@v7	2026-09-23T05:35:04.8525467Z ##[endgroup]
Python 3.13	Run actions/checkout@v7	2026-09-23T05:35:04.8526841Z ##[group]Setting up auth
Python 3.13	Run actions/checkout@v7	2026-09-23T05:35:04.8527626Z Removing SSH command configuration
Python 3.13	Run actions/checkout@v7	2026-09-23T05:35:04.8530854Z [command]/usr/bin/git config --local --name-only --get-regexp core\.sshCommand
Python 3.13	Run actions/checkout@v7	2026-09-23T05:35:04.8565788Z [command]/usr/bin/git submodule foreach --recursive sh -c "git config --local --name-only --get-regexp 'core\.sshCommand' && git config --local --unset-all 'core.sshCommand' || :"
Python 3.13	Run actions/checkout@v7	2026-09-23T05:35:04.8912322Z Removing HTTP extra header
Python 3.13	Run actions/checkout@v7	2026-09-23T05:35:04.8919966Z [command]/usr/bin/git config --local --name-only --get-regexp http\.https\:\/\/github\.com\/\.extraheader
Python 3.13	Run actions/checkout@v7	2026-09-23T05:35:04.8965514Z [command]/usr/bin/git submodule foreach --recursive sh -c "git config --local --name-only --get-regexp 'http\.https\:\/\/github\.com\/\.extraheader' && git config --local --unset-all 'http.https://github.com/.extraheader' || :"
Python 3.13	Run actions/checkout@v7	2026-09-23T05:35:04.9196807Z Removing includeIf entries pointing to credentials config files
Python 3.13	Run actions/checkout@v7	2026-09-23T05:35:04.9201801Z [command]/usr/bin/git config --local --name-only --get-regexp ^includeIf\.gitdir:
Python 3.13	Run actions/checkout@v7	2026-09-23T05:35:04.9237295Z [command]/usr/bin/git submodule foreach --recursive git config --local --show-origin --name-only --get-regexp remote.origin.url
Python 3.13	Run actions/checkout@v7	2026-09-23T05:35:04.9463107Z [command]/usr/bin/git config --file /home/runner/work/_temp/git-credentials-3d260364-541f-436d-8462-3d9b32d90d79.config http.https://github.com/.extraheader AUTHORIZATION: basic ***
Python 3.13	Run actions/checkout@v7	2026-09-23T05:35:04.9502834Z [command]/usr/bin/git config --local includeIf.gitdir:/home/runner/work/core-predictor/core-predictor/.git.path /home/runner/work/_temp/git-credentials-3d260364-541f-436d-8462-3d9b32d90d79.config
Python 3.13	Run actions/checkout@v7	2026-09-23T05:35:04.9536328Z [command]/usr/bin/git config --local includeIf.gitdir:/home/runner/work/core-predictor/core-predictor/.git/worktrees/*.path /home/runner/work/_temp/git-credentials-3d260364-541f-436d-8462-3d9b32d90d79.config
Python 3.13	Run actions/checkout@v7	2026-09-23T05:35:04.9573060Z [command]/usr/bin/git config --local includeIf.gitdir:/github/workspace/.git.path /github/runner_temp/git-credentials-3d260364-541f-436d-8462-3d9b32d90d79.config
Python 3.13	Run actions/checkout@v7	2026-09-23T05:35:04.9607421Z [command]/usr/bin/git config --local includeIf.gitdir:/github/workspace/.git/worktrees/*.path /github/runner_temp/git-credentials-3d260364-541f-436d-8462-3d9b32d90d79.config
Python 3.13	Run actions/checkout@v7	2026-09-23T05:35:04.9641051Z ##[endgroup]
Python 3.13	Run actions/checkout@v7	2026-09-23T05:35:04.9642566Z ##[group]Fetching the repository
Python 3.13	Run actions/checkout@v7	2026-09-23T05:35:04.9647398Z [command]/usr/bin/git -c protocol.version=2 fetch --no-tags --prune --no-recurse-submodules --depth=1 origin +5a0841509f091ea0aa95bde0d3d65e2a1a9e984d:refs/remotes/origin/main
Python 3.13	Run actions/checkout@v7	2026-09-23T05:35:05.6617592Z From https://github.com/leonardosovienski/core-predictor
Python 3.13	Run actions/checkout@v7	2026-09-23T05:35:05.6619494Z  * [new ref]         5a0841509f091ea0aa95bde0d3d65e2a1a9e984d -> origin/main
Python 3.13	Run actions/checkout@v7	2026-09-23T05:35:05.6627209Z [command]/usr/bin/git branch --list --remote origin/main
Python 3.13	Run actions/checkout@v7	2026-09-23T05:35:05.6656756Z   origin/main
Python 3.13	Run actions/checkout@v7	2026-09-23T05:35:05.6665059Z [command]/usr/bin/git rev-parse refs/remotes/origin/main
Python 3.13	Run actions/checkout@v7	2026-09-23T05:35:05.6692628Z 5a0841509f091ea0aa95bde0d3d65e2a1a9e984d
Python 3.13	Run actions/checkout@v7	2026-09-23T05:35:05.6698462Z ##[endgroup]
Python 3.13	Run actions/checkout@v7	2026-09-23T05:35:05.6699902Z ##[group]Determining the checkout info
Python 3.13	Run actions/checkout@v7	2026-09-23T05:35:05.6701434Z ##[endgroup]
Python 3.13	Run actions/checkout@v7	2026-09-23T05:35:05.6703390Z [command]/usr/bin/git sparse-checkout disable
Python 3.13	Run actions/checkout@v7	2026-09-23T05:35:05.6757796Z [command]/usr/bin/git config --local --unset-all extensions.worktreeConfig
Python 3.13	Run actions/checkout@v7	2026-09-23T05:35:05.6791445Z ##[group]Checking out the ref
Python 3.13	Run actions/checkout@v7	2026-09-23T05:35:05.6794956Z [command]/usr/bin/git checkout --progress --force -B main refs/remotes/origin/main
Python 3.13	Run actions/checkout@v7	2026-09-23T05:35:05.6912596Z Switched to a new branch 'main'
Python 3.13	Run actions/checkout@v7	2026-09-23T05:35:05.6917813Z branch 'main' set up to track 'origin/main'.
Python 3.13	Run actions/checkout@v7	2026-09-23T05:35:05.6924950Z ##[endgroup]
Python 3.13	Run actions/checkout@v7	2026-09-23T05:35:05.6970626Z [command]/usr/bin/git log -1 --format=%H
Python 3.13	Run actions/checkout@v7	2026-09-23T05:35:05.6998640Z 5a0841509f091ea0aa95bde0d3d65e2a1a9e984d
Python 3.13	Run astral-sh/setup-uv@v7	﻿2026-09-23T05:35:05.7300217Z ##[group]Run astral-sh/setup-uv@v7
Python 3.13	Run astral-sh/setup-uv@v7	2026-09-23T05:35:05.7300832Z with:
Python 3.13	Run astral-sh/setup-uv@v7	2026-09-23T05:35:05.7301256Z   version: 0.12.1
Python 3.13	Run astral-sh/setup-uv@v7	2026-09-23T05:35:05.7301720Z   enable-cache: true
Python 3.13	Run astral-sh/setup-uv@v7	2026-09-23T05:35:05.7302198Z   activate-environment: false
Python 3.13	Run astral-sh/setup-uv@v7	2026-09-23T05:35:05.7302888Z   working-directory: /home/runner/work/core-predictor/core-predictor
Python 3.13	Run astral-sh/setup-uv@v7	2026-09-23T05:35:05.7307054Z   github-token: ***
Python 3.13	Run astral-sh/setup-uv@v7	2026-09-23T05:35:05.7308306Z   cache-dependency-glob: **/*requirements*.txt
Python 3.13	Run astral-sh/setup-uv@v7	**/*requirements*.in
Python 3.13	Run astral-sh/setup-uv@v7	**/*constraints*.txt
Python 3.13	Run astral-sh/setup-uv@v7	**/*constraints*.in
Python 3.13	Run astral-sh/setup-uv@v7	**/pyproject.toml
Python 3.13	Run astral-sh/setup-uv@v7	**/uv.lock
Python 3.13	Run astral-sh/setup-uv@v7	**/*.py.lock
Python 3.13	Run astral-sh/setup-uv@v7	
Python 3.13	Run astral-sh/setup-uv@v7	2026-09-23T05:35:05.7309477Z   restore-cache: true
Python 3.13	Run astral-sh/setup-uv@v7	2026-09-23T05:35:05.7309945Z   save-cache: true
Python 3.13	Run astral-sh/setup-uv@v7	2026-09-23T05:35:05.7310392Z   prune-cache: true
Python 3.13	Run astral-sh/setup-uv@v7	2026-09-23T05:35:05.7310849Z   cache-python: false
Python 3.13	Run astral-sh/setup-uv@v7	2026-09-23T05:35:05.7311357Z   ignore-nothing-to-cache: false
Python 3.13	Run astral-sh/setup-uv@v7	2026-09-23T05:35:05.7311922Z   ignore-empty-workdir: false
Python 3.13	Run astral-sh/setup-uv@v7	2026-09-23T05:35:05.7312448Z   add-problem-matchers: true
Python 3.13	Run astral-sh/setup-uv@v7	2026-09-23T05:35:05.7312966Z   resolution-strategy: highest
Python 3.13	Run astral-sh/setup-uv@v7	2026-09-23T05:35:05.7313474Z ##[endgroup]
Python 3.13	Run astral-sh/setup-uv@v7	2026-09-23T05:35:05.9145118Z Fetching version data from https://raw.githubusercontent.com/astral-sh/versions/main/v1/uv.ndjson ...
Python 3.13	Run astral-sh/setup-uv@v7	2026-09-23T05:35:06.0602812Z Downloading uv from "https://releases.astral.sh/github/uv/releases/download/0.12.1/uv-x86_64-unknown-linux-gnu.tar.gz" ...
Python 3.13	Run astral-sh/setup-uv@v7	2026-09-23T05:35:06.4064616Z [command]/usr/bin/tar xz --warning=no-unknown-keyword --overwrite -C /home/runner/work/_temp/63ab2c07-c118-410b-b22d-eba808ea750e -f /home/runner/work/_temp/6d82d053-d0e2-49bf-bea9-ab68b707a888
Python 3.13	Run astral-sh/setup-uv@v7	2026-09-23T05:35:06.8451804Z Added /home/runner/.local/bin to the path
Python 3.13	Run astral-sh/setup-uv@v7	2026-09-23T05:35:06.8456309Z Added /opt/hostedtoolcache/uv/0.12.1/x86_64 to the path
Python 3.13	Run astral-sh/setup-uv@v7	2026-09-23T05:35:06.8458959Z Set UV_PYTHON_INSTALL_DIR to /home/runner/work/_temp/uv-python-dir
Python 3.13	Run astral-sh/setup-uv@v7	2026-09-23T05:35:06.8461330Z Added /home/runner/work/_temp/uv-python-dir to the path
Python 3.13	Run astral-sh/setup-uv@v7	2026-09-23T05:35:06.8490861Z Set UV_CACHE_DIR to /home/runner/work/_temp/setup-uv-cache
Python 3.13	Run astral-sh/setup-uv@v7	2026-09-23T05:35:06.8492878Z Successfully installed uv version 0.12.1
Python 3.13	Run astral-sh/setup-uv@v7	2026-09-23T05:35:06.9525476Z Searching files using cache dependency glob: /home/runner/work/core-predictor/core-predictor/**/*requirements*.txt,/home/runner/work/core-predictor/core-predictor/**/*requirements*.in,/home/runner/work/core-predictor/core-predictor/**/*constraints*.txt,/home/runner/work/core-predictor/core-predictor/**/*constraints*.in,/home/runner/work/core-predictor/core-predictor/**/pyproject.toml,/home/runner/work/core-predictor/core-predictor/**/uv.lock,/home/runner/work/core-predictor/core-predictor/**/*.py.lock
Python 3.13	Run astral-sh/setup-uv@v7	2026-09-23T05:35:06.9828315Z /home/runner/work/core-predictor/core-predictor/pyproject.toml
Python 3.13	Run astral-sh/setup-uv@v7	2026-09-23T05:35:06.9979820Z /home/runner/work/core-predictor/core-predictor/uv.lock
Python 3.13	Run astral-sh/setup-uv@v7	2026-09-23T05:35:06.9989252Z Found 2 files to hash.
Python 3.13	Run astral-sh/setup-uv@v7	2026-09-23T05:35:07.0071283Z Trying to restore cache from GitHub Actions cache with key: setup-uv-2-x86_64-unknown-linux-gnu-ubuntu-24.04-unknown-pruned-41ab741aa34a8d4055a8dd814a7c16156aa6ce96f91973a87376c39b20fe828a
Python 3.13	Run astral-sh/setup-uv@v7	2026-09-23T05:35:07.1762354Z Cache hit for: setup-uv-2-x86_64-unknown-linux-gnu-ubuntu-24.04-unknown-pruned-41ab741aa34a8d4055a8dd814a7c16156aa6ce96f91973a87376c39b20fe828a
Python 3.13	Run astral-sh/setup-uv@v7	2026-09-23T05:35:07.6975296Z Received 80343 of 80343 (100.0%), 0.3 MBs/sec
Python 3.13	Run astral-sh/setup-uv@v7	2026-09-23T05:35:07.7005053Z Cache Size: ~0 MB (80343 B)
Python 3.13	Run astral-sh/setup-uv@v7	2026-09-23T05:35:07.7006579Z [command]/usr/bin/tar -xf /home/runner/work/_temp/e1b1ab71-4353-4e0e-b534-8dd9ef1ede23/cache.tzst -P -C /home/runner/work/core-predictor/core-predictor --use-compress-program unzstd
Python 3.13	Run astral-sh/setup-uv@v7	2026-09-23T05:35:07.7092608Z Cache restored successfully
Python 3.13	Run astral-sh/setup-uv@v7	2026-09-23T05:35:07.7098338Z cache restored from GitHub Actions cache with key: setup-uv-2-x86_64-unknown-linux-gnu-ubuntu-24.04-unknown-pruned-41ab741aa34a8d4055a8dd814a7c16156aa6ce96f91973a87376c39b20fe828a
Python 3.13	Install locked environment	﻿2026-09-23T05:35:07.7776358Z ##[group]Run uv sync --locked --python 3.13 --group dev --group architecture --extra http --extra scraping
Python 3.13	Install locked environment	2026-09-23T05:35:07.7777285Z ^[[36;1muv sync --locked --python 3.13 --group dev --group architecture --extra http --extra scraping^[[0m
Python 3.13	Install locked environment	2026-09-23T05:35:07.7821296Z shell: /usr/bin/bash -e {0}
Python 3.13	Install locked environment	2026-09-23T05:35:07.7821606Z env:
Python 3.13	Install locked environment	2026-09-23T05:35:07.7821895Z   UV_PYTHON_INSTALL_DIR: /home/runner/work/_temp/uv-python-dir
Python 3.13	Install locked environment	2026-09-23T05:35:07.7822311Z   UV_CACHE_DIR: /home/runner/work/_temp/setup-uv-cache
Python 3.13	Install locked environment	2026-09-23T05:35:07.7822626Z ##[endgroup]
Python 3.13	Install locked environment	2026-09-23T05:35:07.9739432Z Downloading cpython-3.13.14-linux-x86_64-gnu (download) (33.2MiB)
Python 3.13	Install locked environment	2026-09-23T05:35:09.2033096Z  Downloaded cpython-3.13.14-linux-x86_64-gnu (download)
Python 3.13	Install locked environment	2026-09-23T05:35:09.3504308Z Using CPython 3.13.14
Python 3.13	Install locked environment	2026-09-23T05:35:09.3505140Z Creating virtual environment at: .venv
Python 3.13	Install locked environment	2026-09-23T05:35:09.3530835Z Resolved 43 packages in 0.71ms
Python 3.13	Install locked environment	2026-09-23T05:35:09.3648612Z    Building predictor-core @ file:///home/runner/work/core-predictor/core-predictor
Python 3.13	Install locked environment	2026-09-23T05:35:09.4249721Z Downloading pygments (1.2MiB)
Python 3.13	Install locked environment	2026-09-23T05:35:09.4600477Z Downloading ruff (10.9MiB)
Python 3.13	Install locked environment	2026-09-23T05:35:09.4601522Z Downloading virtualenv (5.2MiB)
Python 3.13	Install locked environment	2026-09-23T05:35:09.4606037Z Downloading curl-cffi (12.8MiB)
Python 3.13	Install locked environment	2026-09-23T05:35:09.4613366Z Downloading grimp (2.2MiB)
Python 3.13	Install locked environment	2026-09-23T05:35:09.4615895Z Downloading pydantic-core (2.0MiB)
Python 3.13	Install locked environment	2026-09-23T05:35:09.4623100Z Downloading pyright (5.9MiB)
Python 3.13	Install locked environment	2026-09-23T05:35:09.7449622Z  Downloaded pydantic-core
Python 3.13	Install locked environment	2026-09-23T05:35:09.7838830Z  Downloaded grimp
Python 3.13	Install locked environment	2026-09-23T05:35:09.8694414Z  Downloaded virtualenv
Python 3.13	Install locked environment	2026-09-23T05:35:09.9721435Z  Downloaded ruff
Python 3.13	Install locked environment	2026-09-23T05:35:09.9870160Z  Downloaded curl-cffi
Python 3.13	Install locked environment	2026-09-23T05:35:10.0030846Z  Downloaded pygments
Python 3.13	Install locked environment	2026-09-23T05:35:10.5627250Z       Built predictor-core @ file:///home/runner/work/core-predictor/core-predictor
Python 3.13	Install locked environment	2026-09-23T05:35:10.7189107Z  Downloaded pyright
Python 3.13	Install locked environment	2026-09-23T05:35:10.7193150Z Prepared 42 packages in 1.36s
Python 3.13	Install locked environment	2026-09-23T05:35:10.8601973Z Installed 42 packages in 140ms
Python 3.13	Install locked environment	2026-09-23T05:35:10.8603167Z  + annotated-types==0.8.0
Python 3.13	Install locked environment	2026-09-23T05:35:10.8603721Z  + anyio==4.14.2
Python 3.13	Install locked environment	2026-09-23T05:35:10.8604166Z  + build==1.5.0
Python 3.13	Install locked environment	2026-09-23T05:35:10.8604608Z  + certifi==2026.7.22
Python 3.13	Install locked environment	2026-09-23T05:35:10.8605058Z  + cffi==2.1.0
Python 3.13	Install locked environment	2026-09-23T05:35:10.8605467Z  + cfgv==3.5.0
Python 3.13	Install locked environment	2026-09-23T05:35:10.8605866Z  + click==8.5.0
Python 3.13	Install locked environment	2026-09-23T05:35:10.8606290Z  + coverage==7.15.2
Python 3.13	Install locked environment	2026-09-23T05:35:10.8606738Z  + curl-cffi==0.16.0
Python 3.13	Install locked environment	2026-09-23T05:35:10.8607180Z  + distlib==0.4.3
Python 3.13	Install locked environment	2026-09-23T05:35:10.8607632Z  + filelock==3.32.2
Python 3.13	Install locked environment	2026-09-23T05:35:10.8608267Z  + grimp==3.17
Python 3.13	Install locked environment	2026-09-23T05:35:10.8608691Z  + h11==0.16.0
Python 3.13	Install locked environment	2026-09-23T05:35:10.8609087Z  + httpcore==1.0.9
Python 3.13	Install locked environment	2026-09-23T05:35:10.8609517Z  + httpx==0.28.1
Python 3.13	Install locked environment	2026-09-23T05:35:10.8609941Z  + identify==2.6.19
Python 3.13	Install locked environment	2026-09-23T05:35:10.8610358Z  + idna==3.18
Python 3.13	Install locked environment	2026-09-23T05:35:10.8610768Z  + import-linter==2.15
Python 3.13	Install locked environment	2026-09-23T05:35:10.8611227Z  + iniconfig==2.3.0
Python 3.13	Install locked environment	2026-09-23T05:35:10.8611676Z  + markdown-it-py==4.2.0
Python 3.13	Install locked environment	2026-09-23T05:35:10.8612145Z  + mdurl==0.1.2
Python 3.13	Install locked environment	2026-09-23T05:35:10.8612556Z  + nodeenv==1.10.0
Python 3.13	Install locked environment	2026-09-23T05:35:10.8612993Z  + packaging==26.2
Python 3.13	Install locked environment	2026-09-23T05:35:10.8613432Z  + platformdirs==4.11.0
Python 3.13	Install locked environment	2026-09-23T05:35:10.8614155Z  + pluggy==1.6.0
Python 3.13	Install locked environment	2026-09-23T05:35:10.8614578Z  + pre-commit==4.6.1
Python 3.13	Install locked environment	2026-09-23T05:35:10.8615325Z  + predictor-core==3.2.1 (from file:///home/runner/work/core-predictor/core-predictor)
Python 3.13	Install locked environment	2026-09-23T05:35:10.8616221Z  + pycparser==3.0
Python 3.13	Install locked environment	2026-09-23T05:35:10.8616658Z  + pydantic==2.13.4
Python 3.13	Install locked environment	2026-09-23T05:35:10.8617106Z  + pydantic-core==2.46.4
Python 3.13	Install locked environment	2026-09-23T05:35:10.8617517Z  + pygments==2.20.0
Python 3.13	Install locked environment	2026-09-23T05:35:10.8617900Z  + pyproject-hooks==1.2.0
Python 3.13	Install locked environment	2026-09-23T05:35:10.8618594Z  + pyright==1.1.411
Python 3.13	Install locked environment	2026-09-23T05:35:10.8618973Z  + pytest==9.0.3
Python 3.13	Install locked environment	2026-09-23T05:35:10.8619336Z  + pytest-cov==6.3.0
Python 3.13	Install locked environment	2026-09-23T05:35:10.8619721Z  + python-discovery==1.5.1
Python 3.13	Install locked environment	2026-09-23T05:35:10.8620143Z  + pyyaml==6.0.3
Python 3.13	Install locked environment	2026-09-23T05:35:10.8620470Z  + rich==15.0.0
Python 3.13	Install locked environment	2026-09-23T05:35:10.8620772Z  + ruff==0.16.1
Python 3.13	Install locked environment	2026-09-23T05:35:10.8621100Z  + typing-extensions==4.16.0
Python 3.13	Install locked environment	2026-09-23T05:35:10.8621611Z  + typing-inspection==0.4.2
Python 3.13	Install locked environment	2026-09-23T05:35:10.8622328Z  + virtualenv==21.7.1
Python 3.13	Scientific architecture boundary	﻿2026-09-23T05:35:10.8773213Z ##[group]Run uv run --no-sync lint-imports
Python 3.13	Scientific architecture boundary	2026-09-23T05:35:10.8773598Z ^[[36;1muv run --no-sync lint-imports^[[0m
Python 3.13	Scientific architecture boundary	2026-09-23T05:35:10.8809524Z shell: /usr/bin/bash -e {0}
Python 3.13	Scientific architecture boundary	2026-09-23T05:35:10.8809783Z env:
Python 3.13	Scientific architecture boundary	2026-09-23T05:35:10.8810068Z   UV_PYTHON_INSTALL_DIR: /home/runner/work/_temp/uv-python-dir
Python 3.13	Scientific architecture boundary	2026-09-23T05:35:10.8810474Z   UV_CACHE_DIR: /home/runner/work/_temp/setup-uv-cache
Python 3.13	Scientific architecture boundary	2026-09-23T05:35:10.8810784Z ##[endgroup]
Python 3.13	Scientific architecture boundary	2026-09-23T05:35:11.2357621Z 
Python 3.13	Scientific architecture boundary	2026-09-23T05:35:11.2358776Z ╔══╗─────────▶╔╗ ╔╗      ╔╗◀───┐
Python 3.13	Scientific architecture boundary	2026-09-23T05:35:11.2359478Z ╚╣╠╝◀─────┐  ╔╝╚╗║║────▶╔╝╚╗   │
Python 3.13	Scientific architecture boundary	2026-09-23T05:35:11.2360062Z  ║║   ╔══╦══╦╩╗╔╝║║  ╔╦═╩╗╔╝╔═╦══╗
Python 3.13	Scientific architecture boundary	2026-09-23T05:35:11.2360631Z  ║║╔══╣╔╗║╔╗║╔╣║ ║║ ╔╬╣╔╗║║ ║│║╔═╝
Python 3.13	Scientific architecture boundary	2026-09-23T05:35:11.2361191Z ╔╣╠╣║║║╚╝║╚╝║║║╚╗║╚═╝║║║║║╚╗║═╣║
Python 3.13	Scientific architecture boundary	2026-09-23T05:35:11.2361741Z ╚══╩╩╩╣╔═╩══╩╝╚═╝╚═══╩╩╝╚╩═╩╩═╩╝
Python 3.13	Scientific architecture boundary	2026-09-23T05:35:11.2362279Z   └──▶║║                    ▲ 
Python 3.13	Scientific architecture boundary	2026-09-23T05:35:11.2362808Z       ╚╝────────────────────┘
Python 3.13	Scientific architecture boundary	2026-09-23T05:35:11.2363098Z 
Python 3.13	Scientific architecture boundary	2026-09-23T05:35:11.2800760Z 
Python 3.13	Scientific architecture boundary	2026-09-23T05:35:11.2803719Z ---------
Python 3.13	Scientific architecture boundary	2026-09-23T05:35:11.2805241Z Contracts
Python 3.13	Scientific architecture boundary	2026-09-23T05:35:11.2807181Z ---------
Python 3.13	Scientific architecture boundary	2026-09-23T05:35:11.2808632Z 
Python 3.13	Scientific architecture boundary	2026-09-23T05:35:11.2811028Z Analyzed 41 files, 28 dependencies.
Python 3.13	Scientific architecture boundary	2026-09-23T05:35:11.2812892Z -----------------------------------
Python 3.13	Scientific architecture boundary	2026-09-23T05:35:11.2813969Z 
Python 3.13	Scientific architecture boundary	2026-09-23T05:35:11.2821318Z Scientific scalar contracts do not depend on I/O or measurement KEPT
Python 3.13	Scientific architecture boundary	2026-09-23T05:35:11.2821921Z 
Python 3.13	Scientific architecture boundary	2026-09-23T05:35:11.2822833Z Contracts: 1 kept, 0 broken.
Python 3.13	Test	﻿2026-09-23T05:35:11.3045514Z ##[group]Run uv run --no-sync coverage erase
Python 3.13	Test	2026-09-23T05:35:11.3045898Z ^[[36;1muv run --no-sync coverage erase^[[0m
Python 3.13	Test	2026-09-23T05:35:11.3046321Z ^[[36;1muv run --no-sync coverage run --source=src/predictor_core -m pytest -q^[[0m
Python 3.13	Test	2026-09-23T05:35:11.3046818Z ^[[36;1muv run --no-sync coverage report --fail-under=80^[[0m
Python 3.13	Test	2026-09-23T05:35:11.3082468Z shell: /usr/bin/bash -e {0}
Python 3.13	Test	2026-09-23T05:35:11.3082734Z env:
Python 3.13	Test	2026-09-23T05:35:11.3083025Z   UV_PYTHON_INSTALL_DIR: /home/runner/work/_temp/uv-python-dir
Python 3.13	Test	2026-09-23T05:35:11.3083455Z   UV_CACHE_DIR: /home/runner/work/_temp/setup-uv-cache
Python 3.13	Test	2026-09-23T05:35:11.3083758Z ##[endgroup]
Python 3.13	Test	2026-09-23T05:35:14.7546444Z ........................................................................ [ 25%]
Python 3.13	Test	2026-09-23T05:35:15.4471541Z ........................................................................ [ 51%]
Python 3.13	Test	2026-09-23T05:35:16.1027808Z ........................................................................ [ 77%]
Python 3.13	Test	2026-09-23T05:35:16.3221800Z ..............................................................           [100%]
Python 3.13	Test	2026-09-23T05:35:16.3222635Z 278 passed in 3.88s
Python 3.13	Test	2026-09-23T05:35:16.6533027Z Name                                          Stmts   Miss Branch BrPart  Cover   Missing
Python 3.13	Test	2026-09-23T05:35:16.6534130Z -----------------------------------------------------------------------------------------
Python 3.13	Test	2026-09-23T05:35:16.6535225Z src/predictor_core/__init__.py                   15      1      2      0    94%   208
Python 3.13	Test	2026-09-23T05:35:16.6536144Z src/predictor_core/contracts/__init__.py         13      1      2      0    93%   196
Python 3.13	Test	2026-09-23T05:35:16.6537425Z src/predictor_core/contracts/collection.py        2      0      0      0   100%
Python 3.13	Test	2026-09-23T05:35:16.6538353Z src/predictor_core/contracts/points.py            2      0      0      0   100%
Python 3.13	Test	2026-09-23T05:35:16.6539345Z src/predictor_core/contracts/registry.py          3      0      0      0   100%
Python 3.13	Test	2026-09-23T05:35:16.6540611Z src/predictor_core/contracts/scientific.py      184     29     44     11    82%   48, 55, 61, 64-65, 71-72, 77, 156, 170-183, 217, 219, 226, 231, 233, 257, 264
Python 3.13	Test	2026-09-23T05:35:16.6542167Z src/predictor_core/contracts/trial_v2.py        187     19     90     15    88%   71-72, 93, 99, 103, 111, 123, 131, 154, 159, 165, 171, 198, 203, 216-217, 240, 265, 288
Python 3.13	Test	2026-09-23T05:35:16.6543369Z src/predictor_core/data/__init__.py               0      0      0      0   100%
Python 3.13	Test	2026-09-23T05:35:16.6544276Z src/predictor_core/data/aggregation.py           33      1     14      1    96%   75
Python 3.13	Test	2026-09-23T05:35:16.6545236Z src/predictor_core/data/circuit_breaker.py       62      3     18      2    94%   95-96, 118
Python 3.13	Test	2026-09-23T05:35:16.6546145Z src/predictor_core/data/collection.py           193     21     74     18    85%   84, 87-88, 97, 104, 107-108, 154, 158, 170, 172, 184, 207, 213, 232, 295, 312, 316, 334, 365, 369, 373->361
Python 3.13	Test	2026-09-23T05:35:16.6546980Z src/predictor_core/data/contracts.py            124      8     30      5    90%   29, 124, 136, 138, 143, 163-165
Python 3.13	Test	2026-09-23T05:35:16.6547572Z src/predictor_core/data/quality.py               36      2     20      2    93%   59, 78
Python 3.13	Test	2026-09-23T05:35:16.6548320Z src/predictor_core/data/router.py                72      8     24      8    83%   68, 69->76, 80, 119, 121, 130-136, 140, 144
Python 3.13	Test	2026-09-23T05:35:16.6549147Z src/predictor_core/data/source_quality.py       120     10     18      5    89%   46, 56, 84-88, 93, 129, 159
Python 3.13	Test	2026-09-23T05:35:16.6549705Z src/predictor_core/infra.py                       2      0      0      0   100%
Python 3.13	Test	2026-09-23T05:35:16.6550186Z src/predictor_core/kernel/__init__.py             0      0      0      0   100%
Python 3.13	Test	2026-09-23T05:35:16.6550685Z src/predictor_core/kernel/infra.py               27      0      4      0   100%
Python 3.13	Test	2026-09-23T05:35:16.6551176Z src/predictor_core/kernel/jsonable.py            16      0      6      0   100%
Python 3.13	Test	2026-09-23T05:35:16.6551706Z src/predictor_core/kernel/jsonl_store.py         40      1     10      1    96%   93
Python 3.13	Test	2026-09-23T05:35:16.6552215Z src/predictor_core/kernel/meta.py                11      0      4      0   100%
Python 3.13	Test	2026-09-23T05:35:16.6553101Z src/predictor_core/kernel/net.py                 87     50     20      2    42%   29-47, 51-55, 80-82, 91, 106-108, 120-128, 134-158
Python 3.13	Test	2026-09-23T05:35:16.6553701Z src/predictor_core/kernel/obs.py                 54      4     16      1    93%   21-22, 31, 126
Python 3.13	Test	2026-09-23T05:35:16.6554222Z src/predictor_core/kernel/settings.py            16      0      2      0   100%
Python 3.13	Test	2026-09-23T05:35:16.6554722Z src/predictor_core/kernel/timeindex.py           15      0      2      0   100%
Python 3.13	Test	2026-09-23T05:35:16.6555213Z src/predictor_core/measurement/__init__.py        0      0      0      0   100%
Python 3.13	Test	2026-09-23T05:35:16.6555742Z src/predictor_core/measurement/bootstrap.py      66      1     36      1    98%   135
Python 3.13	Test	2026-09-23T05:35:16.6556439Z src/predictor_core/measurement/metrics.py       123     15     52     16    82%   28, 30, 69, 87, 119, 122->145, 127, 130, 136, 139, 151, 153, 158, 164, 180, 183
Python 3.13	Test	2026-09-23T05:35:16.6557165Z src/predictor_core/measurement/replay.py         47      2     22      3    93%   40, 55, 93->101, 96->93
Python 3.13	Test	2026-09-23T05:35:16.6557807Z src/predictor_core/measurement/stats.py         102     15     40      5    83%   79, 90-91, 96-104, 144, 173, 177
Python 3.13	Test	2026-09-23T05:35:16.6558881Z src/predictor_core/measurement/trials.py        295     47    124     15    84%   91-92, 153-171, 185, 222-223, 231-232, 235-236, 238-242, 248, 254-255, 269->273, 294-295, 303, 362, 366, 370, 375, 495-496, 500, 507, 521, 525, 612
Python 3.13	Test	2026-09-23T05:35:16.6560229Z src/predictor_core/net.py                         2      0      0      0   100%
Python 3.13	Test	2026-09-23T05:35:16.6561276Z src/predictor_core/obs.py                         2      0      0      0   100%
Python 3.13	Test	2026-09-23T05:35:16.6562096Z src/predictor_core/replay.py                      2      0      0      0   100%
Python 3.13	Test	2026-09-23T05:35:16.6562924Z src/predictor_core/settings.py                    2      0      0      0   100%
Python 3.13	Test	2026-09-23T05:35:16.6563748Z src/predictor_core/stats.py                       2      0      0      0   100%
Python 3.13	Test	2026-09-23T05:35:16.6564389Z src/predictor_core/testing/__init__.py            0      0      0      0   100%
Python 3.13	Test	2026-09-23T05:35:16.6564927Z src/predictor_core/testing/harness.py            50      3     10      1    93%   53-54, 164
Python 3.13	Test	2026-09-23T05:35:16.6565492Z src/predictor_core/testing/prequential.py        31      1     12      1    95%   64
Python 3.13	Test	2026-09-23T05:35:16.6566002Z src/predictor_core/testing/secrets.py            19      0      8      0   100%
Python 3.13	Test	2026-09-23T05:35:16.6566522Z src/predictor_core/testing/synth.py              35      3     14      4    86%   18, 39->38, 52, 54
Python 3.13	Test	2026-09-23T05:35:16.6567035Z -----------------------------------------------------------------------------------------
Python 3.13	Test	2026-09-23T05:35:16.6567467Z TOTAL                                          2092    245    718    117    86%
Python 3.13	Lint and format	﻿2026-09-23T05:35:16.6749414Z ##[group]Run uv run --no-sync ruff check . && uv run --no-sync ruff format --check .
Python 3.13	Lint and format	2026-09-23T05:35:16.6750012Z ^[[36;1muv run --no-sync ruff check . && uv run --no-sync ruff format --check .^[[0m
Python 3.13	Lint and format	2026-09-23T05:35:16.6785159Z shell: /usr/bin/bash -e {0}
Python 3.13	Lint and format	2026-09-23T05:35:16.6785413Z env:
Python 3.13	Lint and format	2026-09-23T05:35:16.6785692Z   UV_PYTHON_INSTALL_DIR: /home/runner/work/_temp/uv-python-dir
Python 3.13	Lint and format	2026-09-23T05:35:16.6786098Z   UV_CACHE_DIR: /home/runner/work/_temp/setup-uv-cache
Python 3.13	Lint and format	2026-09-23T05:35:16.6786407Z ##[endgroup]
Python 3.13	Lint and format	2026-09-23T05:35:16.7167262Z All checks passed!
Python 3.13	Lint and format	2026-09-23T05:35:16.7452903Z 99 files already formatted
Python 3.13	Type check	﻿2026-09-23T05:35:16.7497111Z ##[group]Run uv run --no-sync pyright
Python 3.13	Type check	2026-09-23T05:35:16.7497492Z ^[[36;1muv run --no-sync pyright^[[0m
Python 3.13	Type check	2026-09-23T05:35:16.7532883Z shell: /usr/bin/bash -e {0}
Python 3.13	Type check	2026-09-23T05:35:16.7533165Z env:
Python 3.13	Type check	2026-09-23T05:35:16.7533456Z   UV_PYTHON_INSTALL_DIR: /home/runner/work/_temp/uv-python-dir
Python 3.13	Type check	2026-09-23T05:35:16.7533864Z   UV_CACHE_DIR: /home/runner/work/_temp/setup-uv-cache
Python 3.13	Type check	2026-09-23T05:35:16.7534177Z ##[endgroup]
Python 3.13	Type check	2026-09-23T05:35:19.8507919Z 0 errors, 0 warnings, 0 informations
Python 3.13	Type check	2026-09-23T05:35:19.8748660Z WARNING: there is a new pyright version available (v1.1.411 -> v1.1.414).
Python 3.13	Type check	2026-09-23T05:35:19.8749312Z Please install the new version or set PYRIGHT_PYTHON_FORCE_VERSION to `latest`
Python 3.13	Type check	2026-09-23T05:35:19.8749633Z 
Python 3.13	Post Run astral-sh/setup-uv@v7	﻿2026-09-23T05:35:19.9000826Z Post job cleanup.
Python 3.13	Post Run astral-sh/setup-uv@v7	2026-09-23T05:35:20.0078191Z UV_CACHE_DIR is already set to /home/runner/work/_temp/setup-uv-cache
Python 3.13	Post Run astral-sh/setup-uv@v7	2026-09-23T05:35:20.0083944Z UV_PYTHON_INSTALL_DIR is already set to /home/runner/work/_temp/uv-python-dir
Python 3.13	Post Run astral-sh/setup-uv@v7	2026-09-23T05:35:20.0086405Z Cache hit occurred on key setup-uv-2-x86_64-unknown-linux-gnu-ubuntu-24.04-unknown-pruned-41ab741aa34a8d4055a8dd814a7c16156aa6ce96f91973a87376c39b20fe828a, not saving cache.
Python 3.13	Post Run actions/checkout@v7	﻿2026-09-23T05:35:20.0760859Z Post job cleanup.
Python 3.13	Post Run actions/checkout@v7	2026-09-23T05:35:20.1617726Z [command]/usr/bin/git version
Python 3.13	Post Run actions/checkout@v7	2026-09-23T05:35:20.1665086Z git version 2.55.0
Python 3.13	Post Run actions/checkout@v7	2026-09-23T05:35:20.1715931Z Temporarily overriding HOME='/home/runner/work/_temp/10d8f8dc-1f17-48f8-959c-29eab6b659ed' before making global git config changes
Python 3.13	Post Run actions/checkout@v7	2026-09-23T05:35:20.1717305Z Adding repository directory to the temporary git global config as a safe directory
Python 3.13	Post Run actions/checkout@v7	2026-09-23T05:35:20.1722403Z [command]/usr/bin/git config --global --add safe.directory /home/runner/work/core-predictor/core-predictor
Python 3.13	Post Run actions/checkout@v7	2026-09-23T05:35:20.1755220Z Removing SSH command configuration
Python 3.13	Post Run actions/checkout@v7	2026-09-23T05:35:20.1762293Z [command]/usr/bin/git config --local --name-only --get-regexp core\.sshCommand
Python 3.13	Post Run actions/checkout@v7	2026-09-23T05:35:20.1797362Z [command]/usr/bin/git submodule foreach --recursive sh -c "git config --local --name-only --get-regexp 'core\.sshCommand' && git config --local --unset-all 'core.sshCommand' || :"
Python 3.13	Post Run actions/checkout@v7	2026-09-23T05:35:20.2051971Z Removing HTTP extra header
Python 3.13	Post Run actions/checkout@v7	2026-09-23T05:35:20.2053170Z [command]/usr/bin/git config --local --name-only --get-regexp http\.https\:\/\/github\.com\/\.extraheader
Python 3.13	Post Run actions/checkout@v7	2026-09-23T05:35:20.2092670Z [command]/usr/bin/git submodule foreach --recursive sh -c "git config --local --name-only --get-regexp 'http\.https\:\/\/github\.com\/\.extraheader' && git config --local --unset-all 'http.https://github.com/.extraheader' || :"
Python 3.13	Post Run actions/checkout@v7	2026-09-23T05:35:20.2343190Z Removing includeIf entries pointing to credentials config files
Python 3.13	Post Run actions/checkout@v7	2026-09-23T05:35:20.2350637Z [command]/usr/bin/git config --local --name-only --get-regexp ^includeIf\.gitdir:
Python 3.13	Post Run actions/checkout@v7	2026-09-23T05:35:20.2387981Z includeif.gitdir:/home/runner/work/core-predictor/core-predictor/.git.path
Python 3.13	Post Run actions/checkout@v7	2026-09-23T05:35:20.2389492Z includeif.gitdir:/home/runner/work/core-predictor/core-predictor/.git/worktrees/*.path
Python 3.13	Post Run actions/checkout@v7	2026-09-23T05:35:20.2390495Z includeif.gitdir:/github/workspace/.git.path
Python 3.13	Post Run actions/checkout@v7	2026-09-23T05:35:20.2391250Z includeif.gitdir:/github/workspace/.git/worktrees/*.path
Python 3.13	Post Run actions/checkout@v7	2026-09-23T05:35:20.2397774Z [command]/usr/bin/git config --local --get-all includeif.gitdir:/home/runner/work/core-predictor/core-predictor/.git.path
Python 3.13	Post Run actions/checkout@v7	2026-09-23T05:35:20.2428171Z /home/runner/work/_temp/git-credentials-3d260364-541f-436d-8462-3d9b32d90d79.config
Python 3.13	Post Run actions/checkout@v7	2026-09-23T05:35:20.2439654Z [command]/usr/bin/git config --local --unset includeif.gitdir:/home/runner/work/core-predictor/core-predictor/.git.path \/home\/runner\/work\/_temp\/git\-credentials\-3d260364\-541f\-436d\-8462\-3d9b32d90d79\.config
Python 3.13	Post Run actions/checkout@v7	2026-09-23T05:35:20.2483658Z [command]/usr/bin/git config --local --get-all includeif.gitdir:/home/runner/work/core-predictor/core-predictor/.git/worktrees/*.path
Python 3.13	Post Run actions/checkout@v7	2026-09-23T05:35:20.2511441Z /home/runner/work/_temp/git-credentials-3d260364-541f-436d-8462-3d9b32d90d79.config
Python 3.13	Post Run actions/checkout@v7	2026-09-23T05:35:20.2529879Z [command]/usr/bin/git config --local --unset includeif.gitdir:/home/runner/work/core-predictor/core-predictor/.git/worktrees/*.path \/home\/runner\/work\/_temp\/git\-credentials\-3d260364\-541f\-436d\-8462\-3d9b32d90d79\.config
Python 3.13	Post Run actions/checkout@v7	2026-09-23T05:35:20.2568014Z [command]/usr/bin/git config --local --get-all includeif.gitdir:/github/workspace/.git.path
Python 3.13	Post Run actions/checkout@v7	2026-09-23T05:35:20.2595639Z /github/runner_temp/git-credentials-3d260364-541f-436d-8462-3d9b32d90d79.config
Python 3.13	Post Run actions/checkout@v7	2026-09-23T05:35:20.2606557Z [command]/usr/bin/git config --local --unset includeif.gitdir:/github/workspace/.git.path \/github\/runner_temp\/git\-credentials\-3d260364\-541f\-436d\-8462\-3d9b32d90d79\.config
Python 3.13	Post Run actions/checkout@v7	2026-09-23T05:35:20.2646953Z [command]/usr/bin/git config --local --get-all includeif.gitdir:/github/workspace/.git/worktrees/*.path
Python 3.13	Post Run actions/checkout@v7	2026-09-23T05:35:20.2676649Z /github/runner_temp/git-credentials-3d260364-541f-436d-8462-3d9b32d90d79.config
Python 3.13	Post Run actions/checkout@v7	2026-09-23T05:35:20.2690497Z [command]/usr/bin/git config --local --unset includeif.gitdir:/github/workspace/.git/worktrees/*.path \/github\/runner_temp\/git\-credentials\-3d260364\-541f\-436d\-8462\-3d9b32d90d79\.config
Python 3.13	Post Run actions/checkout@v7	2026-09-23T05:35:20.2728887Z [command]/usr/bin/git submodule foreach --recursive git config --local --show-origin --name-only --get-regexp remote.origin.url
Python 3.13	Post Run actions/checkout@v7	2026-09-23T05:35:20.2971901Z Removing credentials config '/home/runner/work/_temp/git-credentials-3d260364-541f-436d-8462-3d9b32d90d79.config'
Python 3.13	Complete job	﻿2026-09-23T05:35:20.3137392Z Cleaning up orphan processes
Build and test wheel outside checkout	Set up job	﻿2026-09-23T05:35:02.7510922Z Current runner version: '2.337.0'
Build and test wheel outside checkout	Set up job	2026-09-23T05:35:02.7531647Z ##[group]Runner Image Provisioner
Build and test wheel outside checkout	Set up job	2026-09-23T05:35:02.7532413Z Hosted Compute Agent
Build and test wheel outside checkout	Set up job	2026-09-23T05:35:02.7532872Z Version: 20260828.587
Build and test wheel outside checkout	Set up job	2026-09-23T05:35:02.7533730Z Commit: abac92662cab4cc7352de4f9f9d2e2419aad9c29
Build and test wheel outside checkout	Set up job	2026-09-23T05:35:02.7534521Z Build Date: 2026-08-28T16:44:25Z
Build and test wheel outside checkout	Set up job	2026-09-23T05:35:02.7535103Z Worker ID: {8facd3da-4a69-4280-88a0-a5a095d8b57e}
Build and test wheel outside checkout	Set up job	2026-09-23T05:35:02.7535704Z Azure Region: westus3
Build and test wheel outside checkout	Set up job	2026-09-23T05:35:02.7536155Z ##[endgroup]
Build and test wheel outside checkout	Set up job	2026-09-23T05:35:02.7537406Z ##[group]Operating System
Build and test wheel outside checkout	Set up job	2026-09-23T05:35:02.7537901Z Ubuntu
Build and test wheel outside checkout	Set up job	2026-09-23T05:35:02.7538338Z 24.04.5
Build and test wheel outside checkout	Set up job	2026-09-23T05:35:02.7538788Z LTS
Build and test wheel outside checkout	Set up job	2026-09-23T05:35:02.7539208Z ##[endgroup]
Build and test wheel outside checkout	Set up job	2026-09-23T05:35:02.7539661Z ##[group]Runner Image
Build and test wheel outside checkout	Set up job	2026-09-23T05:35:02.7540177Z Image: ubuntu-24.04
Build and test wheel outside checkout	Set up job	2026-09-23T05:35:02.7540637Z Version: 20260920.314.1
Build and test wheel outside checkout	Set up job	2026-09-23T05:35:02.7541510Z Included Software: https://github.com/actions/runner-images/blob/ubuntu24/20260920.314/images/ubuntu/Ubuntu2404-Readme.md
Build and test wheel outside checkout	Set up job	2026-09-23T05:35:02.7542890Z Image Release: https://github.com/actions/runner-images/releases/tag/ubuntu24%2F20260920.314
Build and test wheel outside checkout	Set up job	2026-09-23T05:35:02.7543841Z ##[endgroup]
Build and test wheel outside checkout	Set up job	2026-09-23T05:35:02.7544743Z ##[group]GITHUB_TOKEN Permissions
Build and test wheel outside checkout	Set up job	2026-09-23T05:35:02.7546690Z Contents: read
Build and test wheel outside checkout	Set up job	2026-09-23T05:35:02.7547391Z Metadata: read
Build and test wheel outside checkout	Set up job	2026-09-23T05:35:02.7547902Z ##[endgroup]
Build and test wheel outside checkout	Set up job	2026-09-23T05:35:02.7549636Z Secret source: Actions
Build and test wheel outside checkout	Set up job	2026-09-23T05:35:02.7550462Z Cache mode: write
Build and test wheel outside checkout	Set up job	2026-09-23T05:35:02.7551172Z Prepare workflow directory
Build and test wheel outside checkout	Set up job	2026-09-23T05:35:02.7809246Z Prepare all required actions
Build and test wheel outside checkout	Set up job	2026-09-23T05:35:02.7851374Z Getting action download info
Build and test wheel outside checkout	Set up job	2026-09-23T05:35:03.0759398Z Download action repository 'actions/checkout@v7' (SHA:3d3c42e5aac5ba805825da76410c181273ba90b1)
Build and test wheel outside checkout	Set up job	2026-09-23T05:35:03.1652790Z Download action repository 'astral-sh/setup-uv@v7' (SHA:37802adc94f370d6bfd71619e3f0bf239e1f3b78)
Build and test wheel outside checkout	Set up job	2026-09-23T05:35:04.1179437Z Complete job name: Build and test wheel outside checkout
Build and test wheel outside checkout	Run actions/checkout@v7	﻿2026-09-23T05:35:04.1785674Z ##[group]Run actions/checkout@v7
Build and test wheel outside checkout	Run actions/checkout@v7	2026-09-23T05:35:04.1786517Z with:
Build and test wheel outside checkout	Run actions/checkout@v7	2026-09-23T05:35:04.1787119Z   repository: leonardosovienski/core-predictor
Build and test wheel outside checkout	Run actions/checkout@v7	2026-09-23T05:35:04.1791266Z   token: ***
Build and test wheel outside checkout	Run actions/checkout@v7	2026-09-23T05:35:04.1791784Z   ssh-strict: true
Build and test wheel outside checkout	Run actions/checkout@v7	2026-09-23T05:35:04.1792285Z   ssh-user: git
Build and test wheel outside checkout	Run actions/checkout@v7	2026-09-23T05:35:04.1792754Z   persist-credentials: true
Build and test wheel outside checkout	Run actions/checkout@v7	2026-09-23T05:35:04.1793309Z   clean: true
Build and test wheel outside checkout	Run actions/checkout@v7	2026-09-23T05:35:04.1793924Z   sparse-checkout-cone-mode: true
Build and test wheel outside checkout	Run actions/checkout@v7	2026-09-23T05:35:04.1794498Z   fetch-depth: 1
Build and test wheel outside checkout	Run actions/checkout@v7	2026-09-23T05:35:04.1794994Z   fetch-tags: false
Build and test wheel outside checkout	Run actions/checkout@v7	2026-09-23T05:35:04.1795473Z   show-progress: true
Build and test wheel outside checkout	Run actions/checkout@v7	2026-09-23T05:35:04.1795978Z   lfs: false
Build and test wheel outside checkout	Run actions/checkout@v7	2026-09-23T05:35:04.1796460Z   submodules: false
Build and test wheel outside checkout	Run actions/checkout@v7	2026-09-23T05:35:04.1796969Z   set-safe-directory: true
Build and test wheel outside checkout	Run actions/checkout@v7	2026-09-23T05:35:04.1797542Z   allow-unsafe-pr-checkout: false
Build and test wheel outside checkout	Run actions/checkout@v7	2026-09-23T05:35:04.1798254Z ##[endgroup]
Build and test wheel outside checkout	Run actions/checkout@v7	2026-09-23T05:35:04.2665588Z Syncing repository: leonardosovienski/core-predictor
Build and test wheel outside checkout	Run actions/checkout@v7	2026-09-23T05:35:04.2667790Z ##[group]Getting Git version info
Build and test wheel outside checkout	Run actions/checkout@v7	2026-09-23T05:35:04.2668664Z Working directory is '/home/runner/work/core-predictor/core-predictor'
Build and test wheel outside checkout	Run actions/checkout@v7	2026-09-23T05:35:04.2670232Z [command]/usr/bin/git version
Build and test wheel outside checkout	Run actions/checkout@v7	2026-09-23T05:35:04.2705511Z git version 2.55.0
Build and test wheel outside checkout	Run actions/checkout@v7	2026-09-23T05:35:04.2723154Z ##[endgroup]
Build and test wheel outside checkout	Run actions/checkout@v7	2026-09-23T05:35:04.2731918Z Temporarily overriding HOME='/home/runner/work/_temp/4e20f2a6-230e-4026-9074-7f423e6887fd' before making global git config changes
Build and test wheel outside checkout	Run actions/checkout@v7	2026-09-23T05:35:04.2733696Z Adding repository directory to the temporary git global config as a safe directory
Build and test wheel outside checkout	Run actions/checkout@v7	2026-09-23T05:35:04.2737709Z [command]/usr/bin/git config --global --add safe.directory /home/runner/work/core-predictor/core-predictor
Build and test wheel outside checkout	Run actions/checkout@v7	2026-09-23T05:35:04.2783999Z Deleting the contents of '/home/runner/work/core-predictor/core-predictor'
Build and test wheel outside checkout	Run actions/checkout@v7	2026-09-23T05:35:04.2787904Z ##[group]Determining repository object format
Build and test wheel outside checkout	Run actions/checkout@v7	2026-09-23T05:35:04.2789892Z ##[endgroup]
Build and test wheel outside checkout	Run actions/checkout@v7	2026-09-23T05:35:04.2794849Z ##[group]Initializing the repository
Build and test wheel outside checkout	Run actions/checkout@v7	2026-09-23T05:35:04.2795755Z [command]/usr/bin/git init /home/runner/work/core-predictor/core-predictor
Build and test wheel outside checkout	Run actions/checkout@v7	2026-09-23T05:35:04.2878929Z hint: Using 'master' as the name for the initial branch. This default branch name
Build and test wheel outside checkout	Run actions/checkout@v7	2026-09-23T05:35:04.2880312Z hint: will change to "main" in Git 3.0. To configure the initial branch name
Build and test wheel outside checkout	Run actions/checkout@v7	2026-09-23T05:35:04.2881356Z hint: to use in all of your new repositories, which will suppress this warning,
Build and test wheel outside checkout	Run actions/checkout@v7	2026-09-23T05:35:04.2882223Z hint: call:
Build and test wheel outside checkout	Run actions/checkout@v7	2026-09-23T05:35:04.2882696Z hint:
Build and test wheel outside checkout	Run actions/checkout@v7	2026-09-23T05:35:04.2883339Z hint: 	git config --global init.defaultBranch <name>
Build and test wheel outside checkout	Run actions/checkout@v7	2026-09-23T05:35:04.2886547Z hint:
Build and test wheel outside checkout	Run actions/checkout@v7	2026-09-23T05:35:04.2887192Z hint: Names commonly chosen instead of 'master' are 'main', 'trunk' and
Build and test wheel outside checkout	Run actions/checkout@v7	2026-09-23T05:35:04.2888202Z hint: 'development'. The just-created branch can be renamed via this command:
Build and test wheel outside checkout	Run actions/checkout@v7	2026-09-23T05:35:04.2889157Z hint:
Build and test wheel outside checkout	Run actions/checkout@v7	2026-09-23T05:35:04.2889765Z hint: 	git branch -m <name>
Build and test wheel outside checkout	Run actions/checkout@v7	2026-09-23T05:35:04.2890321Z hint:
Build and test wheel outside checkout	Run actions/checkout@v7	2026-09-23T05:35:04.2890971Z hint: Disable this message with "git config set advice.defaultBranchName false"
Build and test wheel outside checkout	Run actions/checkout@v7	2026-09-23T05:35:04.2892130Z Initialized empty Git repository in /home/runner/work/core-predictor/core-predictor/.git/
Build and test wheel outside checkout	Run actions/checkout@v7	2026-09-23T05:35:04.2896394Z [command]/usr/bin/git remote add origin https://github.com/leonardosovienski/core-predictor
Build and test wheel outside checkout	Run actions/checkout@v7	2026-09-23T05:35:04.2936061Z ##[endgroup]
Build and test wheel outside checkout	Run actions/checkout@v7	2026-09-23T05:35:04.2937002Z ##[group]Disabling automatic garbage collection
Build and test wheel outside checkout	Run actions/checkout@v7	2026-09-23T05:35:04.2939622Z [command]/usr/bin/git config --local gc.auto 0
Build and test wheel outside checkout	Run actions/checkout@v7	2026-09-23T05:35:04.2965603Z ##[endgroup]
Build and test wheel outside checkout	Run actions/checkout@v7	2026-09-23T05:35:04.2967102Z ##[group]Setting up auth
Build and test wheel outside checkout	Run actions/checkout@v7	2026-09-23T05:35:04.2968128Z Removing SSH command configuration
Build and test wheel outside checkout	Run actions/checkout@v7	2026-09-23T05:35:04.2970494Z [command]/usr/bin/git config --local --name-only --get-regexp core\.sshCommand
Build and test wheel outside checkout	Run actions/checkout@v7	2026-09-23T05:35:04.2996796Z [command]/usr/bin/git submodule foreach --recursive sh -c "git config --local --name-only --get-regexp 'core\.sshCommand' && git config --local --unset-all 'core.sshCommand' || :"
Build and test wheel outside checkout	Run actions/checkout@v7	2026-09-23T05:35:04.3268309Z Removing HTTP extra header
Build and test wheel outside checkout	Run actions/checkout@v7	2026-09-23T05:35:04.3273295Z [command]/usr/bin/git config --local --name-only --get-regexp http\.https\:\/\/github\.com\/\.extraheader
Build and test wheel outside checkout	Run actions/checkout@v7	2026-09-23T05:35:04.3298318Z [command]/usr/bin/git submodule foreach --recursive sh -c "git config --local --name-only --get-regexp 'http\.https\:\/\/github\.com\/\.extraheader' && git config --local --unset-all 'http.https://github.com/.extraheader' || :"
Build and test wheel outside checkout	Run actions/checkout@v7	2026-09-23T05:35:04.3480765Z Removing includeIf entries pointing to credentials config files
Build and test wheel outside checkout	Run actions/checkout@v7	2026-09-23T05:35:04.3485827Z [command]/usr/bin/git config --local --name-only --get-regexp ^includeIf\.gitdir:
Build and test wheel outside checkout	Run actions/checkout@v7	2026-09-23T05:35:04.3512294Z [command]/usr/bin/git submodule foreach --recursive git config --local --show-origin --name-only --get-regexp remote.origin.url
Build and test wheel outside checkout	Run actions/checkout@v7	2026-09-23T05:35:04.3692164Z [command]/usr/bin/git config --file /home/runner/work/_temp/git-credentials-a14277e3-cab4-4b61-86c7-0639d736b649.config http.https://github.com/.extraheader AUTHORIZATION: basic ***
Build and test wheel outside checkout	Run actions/checkout@v7	2026-09-23T05:35:04.3722444Z [command]/usr/bin/git config --local includeIf.gitdir:/home/runner/work/core-predictor/core-predictor/.git.path /home/runner/work/_temp/git-credentials-a14277e3-cab4-4b61-86c7-0639d736b649.config
Build and test wheel outside checkout	Run actions/checkout@v7	2026-09-23T05:35:04.3747073Z [command]/usr/bin/git config --local includeIf.gitdir:/home/runner/work/core-predictor/core-predictor/.git/worktrees/*.path /home/runner/work/_temp/git-credentials-a14277e3-cab4-4b61-86c7-0639d736b649.config
Build and test wheel outside checkout	Run actions/checkout@v7	2026-09-23T05:35:04.3824762Z [command]/usr/bin/git config --local includeIf.gitdir:/github/workspace/.git.path /github/runner_temp/git-credentials-a14277e3-cab4-4b61-86c7-0639d736b649.config
Build and test wheel outside checkout	Run actions/checkout@v7	2026-09-23T05:35:04.3853557Z [command]/usr/bin/git config --local includeIf.gitdir:/github/workspace/.git/worktrees/*.path /github/runner_temp/git-credentials-a14277e3-cab4-4b61-86c7-0639d736b649.config
Build and test wheel outside checkout	Run actions/checkout@v7	2026-09-23T05:35:04.3877180Z ##[endgroup]
Build and test wheel outside checkout	Run actions/checkout@v7	2026-09-23T05:35:04.3878377Z ##[group]Fetching the repository
Build and test wheel outside checkout	Run actions/checkout@v7	2026-09-23T05:35:04.3883858Z [command]/usr/bin/git -c protocol.version=2 fetch --no-tags --prune --no-recurse-submodules --depth=1 origin +5a0841509f091ea0aa95bde0d3d65e2a1a9e984d:refs/remotes/origin/main
Build and test wheel outside checkout	Run actions/checkout@v7	2026-09-23T05:35:05.0196296Z From https://github.com/leonardosovienski/core-predictor
Build and test wheel outside checkout	Run actions/checkout@v7	2026-09-23T05:35:05.0198857Z  * [new ref]         5a0841509f091ea0aa95bde0d3d65e2a1a9e984d -> origin/main
Build and test wheel outside checkout	Run actions/checkout@v7	2026-09-23T05:35:05.0206483Z [command]/usr/bin/git branch --list --remote origin/main
Build and test wheel outside checkout	Run actions/checkout@v7	2026-09-23T05:35:05.0227095Z   origin/main
Build and test wheel outside checkout	Run actions/checkout@v7	2026-09-23T05:35:05.0233924Z [command]/usr/bin/git rev-parse refs/remotes/origin/main
Build and test wheel outside checkout	Run actions/checkout@v7	2026-09-23T05:35:05.0251554Z 5a0841509f091ea0aa95bde0d3d65e2a1a9e984d
Build and test wheel outside checkout	Run actions/checkout@v7	2026-09-23T05:35:05.0255936Z ##[endgroup]
Build and test wheel outside checkout	Run actions/checkout@v7	2026-09-23T05:35:05.0258066Z ##[group]Determining the checkout info
Build and test wheel outside checkout	Run actions/checkout@v7	2026-09-23T05:35:05.0260569Z ##[endgroup]
Build and test wheel outside checkout	Run actions/checkout@v7	2026-09-23T05:35:05.0261917Z [command]/usr/bin/git sparse-checkout disable
Build and test wheel outside checkout	Run actions/checkout@v7	2026-09-23T05:35:05.0300171Z [command]/usr/bin/git config --local --unset-all extensions.worktreeConfig
Build and test wheel outside checkout	Run actions/checkout@v7	2026-09-23T05:35:05.0325703Z ##[group]Checking out the ref
Build and test wheel outside checkout	Run actions/checkout@v7	2026-09-23T05:35:05.0328530Z [command]/usr/bin/git checkout --progress --force -B main refs/remotes/origin/main
Build and test wheel outside checkout	Run actions/checkout@v7	2026-09-23T05:35:05.0410072Z Switched to a new branch 'main'
Build and test wheel outside checkout	Run actions/checkout@v7	2026-09-23T05:35:05.0413653Z branch 'main' set up to track 'origin/main'.
Build and test wheel outside checkout	Run actions/checkout@v7	2026-09-23T05:35:05.0420801Z ##[endgroup]
Build and test wheel outside checkout	Run actions/checkout@v7	2026-09-23T05:35:05.0451192Z [command]/usr/bin/git log -1 --format=%H
Build and test wheel outside checkout	Run actions/checkout@v7	2026-09-23T05:35:05.0470297Z 5a0841509f091ea0aa95bde0d3d65e2a1a9e984d
Build and test wheel outside checkout	Run astral-sh/setup-uv@v7	﻿2026-09-23T05:35:05.0826356Z ##[group]Run astral-sh/setup-uv@v7
Build and test wheel outside checkout	Run astral-sh/setup-uv@v7	2026-09-23T05:35:05.0827433Z with:
Build and test wheel outside checkout	Run astral-sh/setup-uv@v7	2026-09-23T05:35:05.0828226Z   version: 0.12.1
Build and test wheel outside checkout	Run astral-sh/setup-uv@v7	2026-09-23T05:35:05.0829148Z   activate-environment: false
Build and test wheel outside checkout	Run astral-sh/setup-uv@v7	2026-09-23T05:35:05.0830459Z   working-directory: /home/runner/work/core-predictor/core-predictor
Build and test wheel outside checkout	Run astral-sh/setup-uv@v7	2026-09-23T05:35:05.0838402Z   github-token: ***
Build and test wheel outside checkout	Run astral-sh/setup-uv@v7	2026-09-23T05:35:05.0839342Z   enable-cache: auto
Build and test wheel outside checkout	Run astral-sh/setup-uv@v7	2026-09-23T05:35:05.0841306Z   cache-dependency-glob: **/*requirements*.txt
Build and test wheel outside checkout	Run astral-sh/setup-uv@v7	**/*requirements*.in
Build and test wheel outside checkout	Run astral-sh/setup-uv@v7	**/*constraints*.txt
Build and test wheel outside checkout	Run astral-sh/setup-uv@v7	**/*constraints*.in
Build and test wheel outside checkout	Run astral-sh/setup-uv@v7	**/pyproject.toml
Build and test wheel outside checkout	Run astral-sh/setup-uv@v7	**/uv.lock
Build and test wheel outside checkout	Run astral-sh/setup-uv@v7	**/*.py.lock
Build and test wheel outside checkout	Run astral-sh/setup-uv@v7	
Build and test wheel outside checkout	Run astral-sh/setup-uv@v7	2026-09-23T05:35:05.0843691Z   restore-cache: true
Build and test wheel outside checkout	Run astral-sh/setup-uv@v7	2026-09-23T05:35:05.0844607Z   save-cache: true
Build and test wheel outside checkout	Run astral-sh/setup-uv@v7	2026-09-23T05:35:05.0845444Z   prune-cache: true
Build and test wheel outside checkout	Run astral-sh/setup-uv@v7	2026-09-23T05:35:05.0846331Z   cache-python: false
Build and test wheel outside checkout	Run astral-sh/setup-uv@v7	2026-09-23T05:35:05.0847312Z   ignore-nothing-to-cache: false
Build and test wheel outside checkout	Run astral-sh/setup-uv@v7	2026-09-23T05:35:05.0848341Z   ignore-empty-workdir: false
Build and test wheel outside checkout	Run astral-sh/setup-uv@v7	2026-09-23T05:35:05.0849324Z   add-problem-matchers: true
Build and test wheel outside checkout	Run astral-sh/setup-uv@v7	2026-09-23T05:35:05.0850310Z   resolution-strategy: highest
Build and test wheel outside checkout	Run astral-sh/setup-uv@v7	2026-09-23T05:35:05.0851288Z ##[endgroup]
Build and test wheel outside checkout	Run astral-sh/setup-uv@v7	2026-09-23T05:35:05.2248516Z Fetching version data from https://raw.githubusercontent.com/astral-sh/versions/main/v1/uv.ndjson ...
Build and test wheel outside checkout	Run astral-sh/setup-uv@v7	2026-09-23T05:35:05.3148138Z Downloading uv from "https://releases.astral.sh/github/uv/releases/download/0.12.1/uv-x86_64-unknown-linux-gnu.tar.gz" ...
Build and test wheel outside checkout	Run astral-sh/setup-uv@v7	2026-09-23T05:35:05.5350344Z [command]/usr/bin/tar xz --warning=no-unknown-keyword --overwrite -C /home/runner/work/_temp/add2c33d-dbdb-4431-94f1-6990c8f824d2 -f /home/runner/work/_temp/88868a3a-b464-4608-aaed-188cf76bbb1c
Build and test wheel outside checkout	Run astral-sh/setup-uv@v7	2026-09-23T05:35:06.1799934Z Added /home/runner/.local/bin to the path
Build and test wheel outside checkout	Run astral-sh/setup-uv@v7	2026-09-23T05:35:06.1801570Z Added /opt/hostedtoolcache/uv/0.12.1/x86_64 to the path
Build and test wheel outside checkout	Run astral-sh/setup-uv@v7	2026-09-23T05:35:06.1802501Z Set UV_PYTHON_INSTALL_DIR to /home/runner/work/_temp/uv-python-dir
Build and test wheel outside checkout	Run astral-sh/setup-uv@v7	2026-09-23T05:35:06.1803254Z Added /home/runner/work/_temp/uv-python-dir to the path
Build and test wheel outside checkout	Run astral-sh/setup-uv@v7	2026-09-23T05:35:06.1823685Z Set UV_CACHE_DIR to /home/runner/work/_temp/setup-uv-cache
Build and test wheel outside checkout	Run astral-sh/setup-uv@v7	2026-09-23T05:35:06.1824314Z Successfully installed uv version 0.12.1
Build and test wheel outside checkout	Run astral-sh/setup-uv@v7	2026-09-23T05:35:06.2766838Z Searching files using cache dependency glob: /home/runner/work/core-predictor/core-predictor/**/*requirements*.txt,/home/runner/work/core-predictor/core-predictor/**/*requirements*.in,/home/runner/work/core-predictor/core-predictor/**/*constraints*.txt,/home/runner/work/core-predictor/core-predictor/**/*constraints*.in,/home/runner/work/core-predictor/core-predictor/**/pyproject.toml,/home/runner/work/core-predictor/core-predictor/**/uv.lock,/home/runner/work/core-predictor/core-predictor/**/*.py.lock
Build and test wheel outside checkout	Run astral-sh/setup-uv@v7	2026-09-23T05:35:06.3009372Z /home/runner/work/core-predictor/core-predictor/pyproject.toml
Build and test wheel outside checkout	Run astral-sh/setup-uv@v7	2026-09-23T05:35:06.3099874Z /home/runner/work/core-predictor/core-predictor/uv.lock
Build and test wheel outside checkout	Run astral-sh/setup-uv@v7	2026-09-23T05:35:06.3106445Z Found 2 files to hash.
Build and test wheel outside checkout	Run astral-sh/setup-uv@v7	2026-09-23T05:35:06.3156991Z Trying to restore cache from GitHub Actions cache with key: setup-uv-2-x86_64-unknown-linux-gnu-ubuntu-24.04-unknown-pruned-41ab741aa34a8d4055a8dd814a7c16156aa6ce96f91973a87376c39b20fe828a
Build and test wheel outside checkout	Run astral-sh/setup-uv@v7	2026-09-23T05:35:06.5344789Z Cache hit for: setup-uv-2-x86_64-unknown-linux-gnu-ubuntu-24.04-unknown-pruned-41ab741aa34a8d4055a8dd814a7c16156aa6ce96f91973a87376c39b20fe828a
Build and test wheel outside checkout	Run astral-sh/setup-uv@v7	2026-09-23T05:35:07.0839608Z Received 80343 of 80343 (100.0%), 0.2 MBs/sec
Build and test wheel outside checkout	Run astral-sh/setup-uv@v7	2026-09-23T05:35:07.0840385Z Cache Size: ~0 MB (80343 B)
Build and test wheel outside checkout	Run astral-sh/setup-uv@v7	2026-09-23T05:35:07.0860110Z [command]/usr/bin/tar -xf /home/runner/work/_temp/5e041a0b-0154-423a-949f-899daa4148f5/cache.tzst -P -C /home/runner/work/core-predictor/core-predictor --use-compress-program unzstd
Build and test wheel outside checkout	Run astral-sh/setup-uv@v7	2026-09-23T05:35:07.0927699Z Cache restored successfully
Build and test wheel outside checkout	Run astral-sh/setup-uv@v7	2026-09-23T05:35:07.0931101Z cache restored from GitHub Actions cache with key: setup-uv-2-x86_64-unknown-linux-gnu-ubuntu-24.04-unknown-pruned-41ab741aa34a8d4055a8dd814a7c16156aa6ce96f91973a87376c39b20fe828a
Build and test wheel outside checkout	Run uv build --wheel	﻿2026-09-23T05:35:07.1536029Z ##[group]Run uv build --wheel
Build and test wheel outside checkout	Run uv build --wheel	2026-09-23T05:35:07.1536542Z ^[[36;1muv build --wheel^[[0m
Build and test wheel outside checkout	Run uv build --wheel	2026-09-23T05:35:07.1706396Z shell: /usr/bin/bash -e {0}
Build and test wheel outside checkout	Run uv build --wheel	2026-09-23T05:35:07.1706800Z env:
Build and test wheel outside checkout	Run uv build --wheel	2026-09-23T05:35:07.1707171Z   UV_PYTHON_INSTALL_DIR: /home/runner/work/_temp/uv-python-dir
Build and test wheel outside checkout	Run uv build --wheel	2026-09-23T05:35:07.1707659Z   UV_CACHE_DIR: /home/runner/work/_temp/setup-uv-cache
Build and test wheel outside checkout	Run uv build --wheel	2026-09-23T05:35:07.1708038Z ##[endgroup]
Build and test wheel outside checkout	Run uv build --wheel	2026-09-23T05:35:07.3992817Z Downloading cpython-3.13.14-linux-x86_64-gnu (download) (33.2MiB)
Build and test wheel outside checkout	Run uv build --wheel	2026-09-23T05:35:08.1588416Z  Downloaded cpython-3.13.14-linux-x86_64-gnu (download)
Build and test wheel outside checkout	Run uv build --wheel	2026-09-23T05:35:08.3135822Z Building wheel...
Build and test wheel outside checkout	Run uv build --wheel	2026-09-23T05:35:08.8465561Z Successfully built dist/predictor_core-3.2.1-py3-none-any.whl
Build and test wheel outside checkout	Install wheel in external directory and process	﻿2026-09-23T05:35:08.8523221Z ##[group]Run temp_dir="$(mktemp -d)"
Build and test wheel outside checkout	Install wheel in external directory and process	2026-09-23T05:35:08.8524366Z ^[[36;1mtemp_dir="$(mktemp -d)"^[[0m
Build and test wheel outside checkout	Install wheel in external directory and process	2026-09-23T05:35:08.8524763Z ^[[36;1muv venv --python 3.13 "$temp_dir/.venv"^[[0m
Build and test wheel outside checkout	Install wheel in external directory and process	2026-09-23T05:35:08.8525214Z ^[[36;1muv pip install --python "$temp_dir/.venv/bin/python" dist/*.whl^[[0m
Build and test wheel outside checkout	Install wheel in external directory and process	2026-09-23T05:35:08.8525602Z ^[[36;1mwheel="$(realpath dist/*.whl)"^[[0m
Build and test wheel outside checkout	Install wheel in external directory and process	2026-09-23T05:35:08.8526078Z ^[[36;1mcp tools/check_installed_wheel.py "$temp_dir/check_installed_wheel.py"^[[0m
Build and test wheel outside checkout	Install wheel in external directory and process	2026-09-23T05:35:08.8526466Z ^[[36;1mcd "$temp_dir"^[[0m
Build and test wheel outside checkout	Install wheel in external directory and process	2026-09-23T05:35:08.8526830Z ^[[36;1m"$temp_dir/.venv/bin/python" -I check_installed_wheel.py --wheel "$wheel"^[[0m
Build and test wheel outside checkout	Install wheel in external directory and process	2026-09-23T05:35:08.8565260Z shell: /usr/bin/bash --noprofile --norc -e -o pipefail {0}
Build and test wheel outside checkout	Install wheel in external directory and process	2026-09-23T05:35:08.8565818Z env:
Build and test wheel outside checkout	Install wheel in external directory and process	2026-09-23T05:35:08.8566315Z   UV_PYTHON_INSTALL_DIR: /home/runner/work/_temp/uv-python-dir
Build and test wheel outside checkout	Install wheel in external directory and process	2026-09-23T05:35:08.8566905Z   UV_CACHE_DIR: /home/runner/work/_temp/setup-uv-cache
Build and test wheel outside checkout	Install wheel in external directory and process	2026-09-23T05:35:08.8567334Z ##[endgroup]
Build and test wheel outside checkout	Install wheel in external directory and process	2026-09-23T05:35:08.9206609Z Using CPython 3.13.14
Build and test wheel outside checkout	Install wheel in external directory and process	2026-09-23T05:35:08.9207315Z Creating virtual environment at: /tmp/tmp.Vq6krTYn1P/.venv
Build and test wheel outside checkout	Install wheel in external directory and process	2026-09-23T05:35:08.9210514Z Activate with: /tmp/tmp.Vq6krTYn1P/.venv/bin/activate
Build and test wheel outside checkout	Install wheel in external directory and process	2026-09-23T05:35:08.9693875Z Using Python 3.13.14 environment at: /tmp/tmp.Vq6krTYn1P/.venv
Build and test wheel outside checkout	Install wheel in external directory and process	2026-09-23T05:35:08.9715370Z Resolved 1 package in 1ms
Build and test wheel outside checkout	Install wheel in external directory and process	2026-09-23T05:35:08.9764277Z Prepared 1 package in 4ms
Build and test wheel outside checkout	Install wheel in external directory and process	2026-09-23T05:35:08.9771905Z Installed 1 package in 0.72ms
Build and test wheel outside checkout	Install wheel in external directory and process	2026-09-23T05:35:09.1243546Z  + predictor-core==3.2.1 (from file:///home/runner/work/core-predictor/core-predictor/dist/predictor_core-3.2.1-py3-none-any.whl)
Build and test wheel outside checkout	Install wheel in external directory and process	2026-09-23T05:35:09.1245128Z {"version": "3.2.1", "module": "/tmp/tmp.Vq6krTYn1P/.venv/lib/python3.13/site-packages/predictor_core/__init__.py", "sha256": "a240803c79485354e567ec630facbee9b4cffc17750cf07f7d0d07183e5b16bc"}
Build and test wheel outside checkout	Install wheel in external directory and process	2026-09-23T05:35:09.1247062Z test_bootstrap_constant_and_seed (__main__.InstalledBehavior.test_bootstrap_constant_and_seed) ... ok
Build and test wheel outside checkout	Install wheel in external directory and process	2026-09-23T05:35:09.1253307Z test_compatibility_observation_roundtrip (__main__.InstalledBehavior.test_compatibility_observation_roundtrip) ... ok
Build and test wheel outside checkout	Install wheel in external directory and process	2026-09-23T05:35:09.1254925Z test_compatibility_settings_behavior (__main__.InstalledBehavior.test_compatibility_settings_behavior) ... ok
Build and test wheel outside checkout	Install wheel in external directory and process	2026-09-23T05:35:09.1256039Z test_metrics_independent_formula (__main__.InstalledBehavior.test_metrics_independent_formula) ... ok
Build and test wheel outside checkout	Install wheel in external directory and process	2026-09-23T05:35:09.1257180Z test_nonfinite_contracts (__main__.InstalledBehavior.test_nonfinite_contracts) ... ok
Build and test wheel outside checkout	Install wheel in external directory and process	2026-09-23T05:35:09.1258048Z test_replay_visibility_order_and_availability (__main__.InstalledBehavior.test_replay_visibility_order_and_availability) ... ok
Build and test wheel outside checkout	Install wheel in external directory and process	2026-09-23T05:35:09.1845581Z test_root_import_has_no_io_or_optional_import (__main__.InstalledBehavior.test_root_import_has_no_io_or_optional_import) ... ok
Build and test wheel outside checkout	Install wheel in external directory and process	2026-09-23T05:35:09.1846424Z test_temporal_contract (__main__.InstalledBehavior.test_temporal_contract) ... ok
Build and test wheel outside checkout	Install wheel in external directory and process	2026-09-23T05:35:09.1846716Z 
Build and test wheel outside checkout	Install wheel in external directory and process	2026-09-23T05:35:09.1846931Z ----------------------------------------------------------------------
Build and test wheel outside checkout	Install wheel in external directory and process	2026-09-23T05:35:09.1847514Z Ran 8 tests in 0.060s
Build and test wheel outside checkout	Install wheel in external directory and process	2026-09-23T05:35:09.1847757Z 
Build and test wheel outside checkout	Install wheel in external directory and process	2026-09-23T05:35:09.1847920Z OK
Build and test wheel outside checkout	Install wheel in external directory and process	2026-09-23T05:35:09.1885523Z {"version": "3.2.1", "module": "/tmp/tmp.Vq6krTYn1P/.venv/lib/python3.13/site-packages/predictor_core/__init__.py", "sha256": "a240803c79485354e567ec630facbee9b4cffc17750cf07f7d0d07183e5b16bc"}
Build and test wheel outside checkout	Post Run astral-sh/setup-uv@v7	﻿2026-09-23T05:35:09.2108995Z Post job cleanup.
Build and test wheel outside checkout	Post Run astral-sh/setup-uv@v7	2026-09-23T05:35:09.3092381Z UV_CACHE_DIR is already set to /home/runner/work/_temp/setup-uv-cache
Build and test wheel outside checkout	Post Run astral-sh/setup-uv@v7	2026-09-23T05:35:09.3101798Z UV_PYTHON_INSTALL_DIR is already set to /home/runner/work/_temp/uv-python-dir
Build and test wheel outside checkout	Post Run astral-sh/setup-uv@v7	2026-09-23T05:35:09.3102715Z Cache hit occurred on key setup-uv-2-x86_64-unknown-linux-gnu-ubuntu-24.04-unknown-pruned-41ab741aa34a8d4055a8dd814a7c16156aa6ce96f91973a87376c39b20fe828a, not saving cache.
Build and test wheel outside checkout	Post Run actions/checkout@v7	﻿2026-09-23T05:35:09.3751545Z Post job cleanup.
Build and test wheel outside checkout	Post Run actions/checkout@v7	2026-09-23T05:35:09.4515482Z [command]/usr/bin/git version
Build and test wheel outside checkout	Post Run actions/checkout@v7	2026-09-23T05:35:09.4548058Z git version 2.55.0
Build and test wheel outside checkout	Post Run actions/checkout@v7	2026-09-23T05:35:09.4581529Z Temporarily overriding HOME='/home/runner/work/_temp/f935e416-5cf8-45e5-93a4-f3dccbb239ce' before making global git config changes
Build and test wheel outside checkout	Post Run actions/checkout@v7	2026-09-23T05:35:09.4582968Z Adding repository directory to the temporary git global config as a safe directory
Build and test wheel outside checkout	Post Run actions/checkout@v7	2026-09-23T05:35:09.4586249Z [command]/usr/bin/git config --global --add safe.directory /home/runner/work/core-predictor/core-predictor
Build and test wheel outside checkout	Post Run actions/checkout@v7	2026-09-23T05:35:09.4608940Z Removing SSH command configuration
Build and test wheel outside checkout	Post Run actions/checkout@v7	2026-09-23T05:35:09.4614260Z [command]/usr/bin/git config --local --name-only --get-regexp core\.sshCommand
Build and test wheel outside checkout	Post Run actions/checkout@v7	2026-09-23T05:35:09.4640358Z [command]/usr/bin/git submodule foreach --recursive sh -c "git config --local --name-only --get-regexp 'core\.sshCommand' && git config --local --unset-all 'core.sshCommand' || :"
Build and test wheel outside checkout	Post Run actions/checkout@v7	2026-09-23T05:35:09.4827889Z Removing HTTP extra header
Build and test wheel outside checkout	Post Run actions/checkout@v7	2026-09-23T05:35:09.4832148Z [command]/usr/bin/git config --local --name-only --get-regexp http\.https\:\/\/github\.com\/\.extraheader
Build and test wheel outside checkout	Post Run actions/checkout@v7	2026-09-23T05:35:09.4857565Z [command]/usr/bin/git submodule foreach --recursive sh -c "git config --local --name-only --get-regexp 'http\.https\:\/\/github\.com\/\.extraheader' && git config --local --unset-all 'http.https://github.com/.extraheader' || :"
Build and test wheel outside checkout	Post Run actions/checkout@v7	2026-09-23T05:35:09.5069173Z Removing includeIf entries pointing to credentials config files
Build and test wheel outside checkout	Post Run actions/checkout@v7	2026-09-23T05:35:09.5094829Z [command]/usr/bin/git config --local --name-only --get-regexp ^includeIf\.gitdir:
Build and test wheel outside checkout	Post Run actions/checkout@v7	2026-09-23T05:35:09.5096081Z includeif.gitdir:/home/runner/work/core-predictor/core-predictor/.git.path
Build and test wheel outside checkout	Post Run actions/checkout@v7	2026-09-23T05:35:09.5097078Z includeif.gitdir:/home/runner/work/core-predictor/core-predictor/.git/worktrees/*.path
Build and test wheel outside checkout	Post Run actions/checkout@v7	2026-09-23T05:35:09.5098071Z includeif.gitdir:/github/workspace/.git.path
Build and test wheel outside checkout	Post Run actions/checkout@v7	2026-09-23T05:35:09.5099079Z includeif.gitdir:/github/workspace/.git/worktrees/*.path
Build and test wheel outside checkout	Post Run actions/checkout@v7	2026-09-23T05:35:09.5100987Z [command]/usr/bin/git config --local --get-all includeif.gitdir:/home/runner/work/core-predictor/core-predictor/.git.path
Build and test wheel outside checkout	Post Run actions/checkout@v7	2026-09-23T05:35:09.5102274Z /home/runner/work/_temp/git-credentials-a14277e3-cab4-4b61-86c7-0639d736b649.config
Build and test wheel outside checkout	Post Run actions/checkout@v7	2026-09-23T05:35:09.5104732Z [command]/usr/bin/git config --local --unset includeif.gitdir:/home/runner/work/core-predictor/core-predictor/.git.path \/home\/runner\/work\/_temp\/git\-credentials\-a14277e3\-cab4\-4b61\-86c7\-0639d736b649\.config
Build and test wheel outside checkout	Post Run actions/checkout@v7	2026-09-23T05:35:09.5132811Z [command]/usr/bin/git config --local --get-all includeif.gitdir:/home/runner/work/core-predictor/core-predictor/.git/worktrees/*.path
Build and test wheel outside checkout	Post Run actions/checkout@v7	2026-09-23T05:35:09.5154296Z /home/runner/work/_temp/git-credentials-a14277e3-cab4-4b61-86c7-0639d736b649.config
Build and test wheel outside checkout	Post Run actions/checkout@v7	2026-09-23T05:35:09.5165013Z [command]/usr/bin/git config --local --unset includeif.gitdir:/home/runner/work/core-predictor/core-predictor/.git/worktrees/*.path \/home\/runner\/work\/_temp\/git\-credentials\-a14277e3\-cab4\-4b61\-86c7\-0639d736b649\.config
Build and test wheel outside checkout	Post Run actions/checkout@v7	2026-09-23T05:35:09.5220849Z [command]/usr/bin/git config --local --get-all includeif.gitdir:/github/workspace/.git.path
Build and test wheel outside checkout	Post Run actions/checkout@v7	2026-09-23T05:35:09.5236693Z /github/runner_temp/git-credentials-a14277e3-cab4-4b61-86c7-0639d736b649.config
Build and test wheel outside checkout	Post Run actions/checkout@v7	2026-09-23T05:35:09.5248727Z [command]/usr/bin/git config --local --unset includeif.gitdir:/github/workspace/.git.path \/github\/runner_temp\/git\-credentials\-a14277e3\-cab4\-4b61\-86c7\-0639d736b649\.config
Build and test wheel outside checkout	Post Run actions/checkout@v7	2026-09-23T05:35:09.5286310Z [command]/usr/bin/git config --local --get-all includeif.gitdir:/github/workspace/.git/worktrees/*.path
Build and test wheel outside checkout	Post Run actions/checkout@v7	2026-09-23T05:35:09.5311386Z /github/runner_temp/git-credentials-a14277e3-cab4-4b61-86c7-0639d736b649.config
Build and test wheel outside checkout	Post Run actions/checkout@v7	2026-09-23T05:35:09.5318862Z [command]/usr/bin/git config --local --unset includeif.gitdir:/github/workspace/.git/worktrees/*.path \/github\/runner_temp\/git\-credentials\-a14277e3\-cab4\-4b61\-86c7\-0639d736b649\.config
Build and test wheel outside checkout	Post Run actions/checkout@v7	2026-09-23T05:35:09.5410454Z [command]/usr/bin/git submodule foreach --recursive git config --local --show-origin --name-only --get-regexp remote.origin.url
Build and test wheel outside checkout	Post Run actions/checkout@v7	2026-09-23T05:35:09.5584880Z Removing credentials config '/home/runner/work/_temp/git-credentials-a14277e3-cab4-4b61-86c7-0639d736b649.config'
Build and test wheel outside checkout	Complete job	﻿2026-09-23T05:35:09.5713113Z Cleaning up orphan processes
Security and distribution audit	Set up job	﻿2026-09-23T05:35:03.3151213Z Current runner version: '2.337.0'
Security and distribution audit	Set up job	2026-09-23T05:35:03.3176900Z ##[group]Runner Image Provisioner
Security and distribution audit	Set up job	2026-09-23T05:35:03.3177838Z Hosted Compute Agent
Security and distribution audit	Set up job	2026-09-23T05:35:03.3178476Z Version: 20260828.587
Security and distribution audit	Set up job	2026-09-23T05:35:03.3179096Z Commit: abac92662cab4cc7352de4f9f9d2e2419aad9c29
Security and distribution audit	Set up job	2026-09-23T05:35:03.3179863Z Build Date: 2026-08-28T16:44:25Z
Security and distribution audit	Set up job	2026-09-23T05:35:03.3180529Z Worker ID: {30fdc45d-3a96-4e19-a121-c30686d745a2}
Security and distribution audit	Set up job	2026-09-23T05:35:03.3181207Z Azure Region: westus2
Security and distribution audit	Set up job	2026-09-23T05:35:03.3181823Z ##[endgroup]
Security and distribution audit	Set up job	2026-09-23T05:35:03.3183665Z ##[group]Operating System
Security and distribution audit	Set up job	2026-09-23T05:35:03.3184431Z Ubuntu
Security and distribution audit	Set up job	2026-09-23T05:35:03.3184948Z 24.04.5
Security and distribution audit	Set up job	2026-09-23T05:35:03.3185434Z LTS
Security and distribution audit	Set up job	2026-09-23T05:35:03.3186040Z ##[endgroup]
Security and distribution audit	Set up job	2026-09-23T05:35:03.3186588Z ##[group]Runner Image
Security and distribution audit	Set up job	2026-09-23T05:35:03.3187220Z Image: ubuntu-24.04
Security and distribution audit	Set up job	2026-09-23T05:35:03.3187827Z Version: 20260907.300.1
Security and distribution audit	Set up job	2026-09-23T05:35:03.3188879Z Included Software: https://github.com/actions/runner-images/blob/ubuntu24/20260907.300/images/ubuntu/Ubuntu2404-Readme.md
Security and distribution audit	Set up job	2026-09-23T05:35:03.3190776Z Image Release: https://github.com/actions/runner-images/releases/tag/ubuntu24%2F20260907.300
Security and distribution audit	Set up job	2026-09-23T05:35:03.3191761Z ##[endgroup]
Security and distribution audit	Set up job	2026-09-23T05:35:03.3193136Z ##[group]GITHUB_TOKEN Permissions
Security and distribution audit	Set up job	2026-09-23T05:35:03.3195249Z Contents: read
Security and distribution audit	Set up job	2026-09-23T05:35:03.3195927Z Metadata: read
Security and distribution audit	Set up job	2026-09-23T05:35:03.3196477Z ##[endgroup]
Security and distribution audit	Set up job	2026-09-23T05:35:03.3198575Z Secret source: Actions
Security and distribution audit	Set up job	2026-09-23T05:35:03.3199555Z Cache mode: write
Security and distribution audit	Set up job	2026-09-23T05:35:03.3200818Z Prepare workflow directory
Security and distribution audit	Set up job	2026-09-23T05:35:03.3533163Z Prepare all required actions
Security and distribution audit	Set up job	2026-09-23T05:35:03.3605374Z Getting action download info
Security and distribution audit	Set up job	2026-09-23T05:35:03.7197255Z Download action repository 'actions/checkout@v7' (SHA:3d3c42e5aac5ba805825da76410c181273ba90b1)
Security and distribution audit	Set up job	2026-09-23T05:35:03.9174274Z Complete job name: Security and distribution audit
Security and distribution audit	Run actions/checkout@v7	﻿2026-09-23T05:35:04.0011748Z ##[group]Run actions/checkout@v7
Security and distribution audit	Run actions/checkout@v7	2026-09-23T05:35:04.0012936Z with:
Security and distribution audit	Run actions/checkout@v7	2026-09-23T05:35:04.0013447Z   repository: leonardosovienski/core-predictor
Security and distribution audit	Run actions/checkout@v7	2026-09-23T05:35:04.0017391Z   token: ***
Security and distribution audit	Run actions/checkout@v7	2026-09-23T05:35:04.0017824Z   ssh-strict: true
Security and distribution audit	Run actions/checkout@v7	2026-09-23T05:35:04.0018266Z   ssh-user: git
Security and distribution audit	Run actions/checkout@v7	2026-09-23T05:35:04.0018720Z   persist-credentials: true
Security and distribution audit	Run actions/checkout@v7	2026-09-23T05:35:04.0019206Z   clean: true
Security and distribution audit	Run actions/checkout@v7	2026-09-23T05:35:04.0019650Z   sparse-checkout-cone-mode: true
Security and distribution audit	Run actions/checkout@v7	2026-09-23T05:35:04.0020172Z   fetch-depth: 1
Security and distribution audit	Run actions/checkout@v7	2026-09-23T05:35:04.0020601Z   fetch-tags: false
Security and distribution audit	Run actions/checkout@v7	2026-09-23T05:35:04.0021046Z   show-progress: true
Security and distribution audit	Run actions/checkout@v7	2026-09-23T05:35:04.0021525Z   lfs: false
Security and distribution audit	Run actions/checkout@v7	2026-09-23T05:35:04.0022106Z   submodules: false
Security and distribution audit	Run actions/checkout@v7	2026-09-23T05:35:04.0022567Z   set-safe-directory: true
Security and distribution audit	Run actions/checkout@v7	2026-09-23T05:35:04.0023091Z   allow-unsafe-pr-checkout: false
Security and distribution audit	Run actions/checkout@v7	2026-09-23T05:35:04.0023854Z ##[endgroup]
Security and distribution audit	Run actions/checkout@v7	2026-09-23T05:35:04.1049732Z Syncing repository: leonardosovienski/core-predictor
Security and distribution audit	Run actions/checkout@v7	2026-09-23T05:35:04.1052699Z ##[group]Getting Git version info
Security and distribution audit	Run actions/checkout@v7	2026-09-23T05:35:04.1053981Z Working directory is '/home/runner/work/core-predictor/core-predictor'
Security and distribution audit	Run actions/checkout@v7	2026-09-23T05:35:04.1055900Z [command]/usr/bin/git version
Security and distribution audit	Run actions/checkout@v7	2026-09-23T05:35:04.1105320Z git version 2.55.0
Security and distribution audit	Run actions/checkout@v7	2026-09-23T05:35:04.1126559Z ##[endgroup]
Security and distribution audit	Run actions/checkout@v7	2026-09-23T05:35:04.1137465Z Temporarily overriding HOME='/home/runner/work/_temp/c50a7605-e41f-41db-bdaf-b78da3d694f5' before making global git config changes
Security and distribution audit	Run actions/checkout@v7	2026-09-23T05:35:04.1139952Z Adding repository directory to the temporary git global config as a safe directory
Security and distribution audit	Run actions/checkout@v7	2026-09-23T05:35:04.1143415Z [command]/usr/bin/git config --global --add safe.directory /home/runner/work/core-predictor/core-predictor
Security and distribution audit	Run actions/checkout@v7	2026-09-23T05:35:04.1197796Z Deleting the contents of '/home/runner/work/core-predictor/core-predictor'
Security and distribution audit	Run actions/checkout@v7	2026-09-23T05:35:04.1206848Z ##[group]Determining repository object format
Security and distribution audit	Run actions/checkout@v7	2026-09-23T05:35:04.1208770Z ##[endgroup]
Security and distribution audit	Run actions/checkout@v7	2026-09-23T05:35:04.1209953Z ##[group]Initializing the repository
Security and distribution audit	Run actions/checkout@v7	2026-09-23T05:35:04.1212597Z [command]/usr/bin/git init /home/runner/work/core-predictor/core-predictor
Security and distribution audit	Run actions/checkout@v7	2026-09-23T05:35:04.1337059Z hint: Using 'master' as the name for the initial branch. This default branch name
Security and distribution audit	Run actions/checkout@v7	2026-09-23T05:35:04.1340857Z hint: will change to "main" in Git 3.0. To configure the initial branch name
Security and distribution audit	Run actions/checkout@v7	2026-09-23T05:35:04.1342999Z hint: to use in all of your new repositories, which will suppress this warning,
Security and distribution audit	Run actions/checkout@v7	2026-09-23T05:35:04.1344203Z hint: call:
Security and distribution audit	Run actions/checkout@v7	2026-09-23T05:35:04.1344835Z hint:
Security and distribution audit	Run actions/checkout@v7	2026-09-23T05:35:04.1345695Z hint: 	git config --global init.defaultBranch <name>
Security and distribution audit	Run actions/checkout@v7	2026-09-23T05:35:04.1346740Z hint:
Security and distribution audit	Run actions/checkout@v7	2026-09-23T05:35:04.1347664Z hint: Names commonly chosen instead of 'master' are 'main', 'trunk' and
Security and distribution audit	Run actions/checkout@v7	2026-09-23T05:35:04.1349166Z hint: 'development'. The just-created branch can be renamed via this command:
Security and distribution audit	Run actions/checkout@v7	2026-09-23T05:35:04.1350415Z hint:
Security and distribution audit	Run actions/checkout@v7	2026-09-23T05:35:04.1351124Z hint: 	git branch -m <name>
Security and distribution audit	Run actions/checkout@v7	2026-09-23T05:35:04.1351884Z hint:
Security and distribution audit	Run actions/checkout@v7	2026-09-23T05:35:04.1353125Z hint: Disable this message with "git config set advice.defaultBranchName false"
Security and distribution audit	Run actions/checkout@v7	2026-09-23T05:35:04.1354904Z Initialized empty Git repository in /home/runner/work/core-predictor/core-predictor/.git/
Security and distribution audit	Run actions/checkout@v7	2026-09-23T05:35:04.1360277Z [command]/usr/bin/git remote add origin https://github.com/leonardosovienski/core-predictor
Security and distribution audit	Run actions/checkout@v7	2026-09-23T05:35:04.1422725Z ##[endgroup]
Security and distribution audit	Run actions/checkout@v7	2026-09-23T05:35:04.1424191Z ##[group]Disabling automatic garbage collection
Security and distribution audit	Run actions/checkout@v7	2026-09-23T05:35:04.1425506Z [command]/usr/bin/git config --local gc.auto 0
Security and distribution audit	Run actions/checkout@v7	2026-09-23T05:35:04.1455102Z ##[endgroup]
Security and distribution audit	Run actions/checkout@v7	2026-09-23T05:35:04.1456338Z ##[group]Setting up auth
Security and distribution audit	Run actions/checkout@v7	2026-09-23T05:35:04.1456900Z Removing SSH command configuration
Security and distribution audit	Run actions/checkout@v7	2026-09-23T05:35:04.1457681Z [command]/usr/bin/git config --local --name-only --get-regexp core\.sshCommand
Security and distribution audit	Run actions/checkout@v7	2026-09-23T05:35:04.1490944Z [command]/usr/bin/git submodule foreach --recursive sh -c "git config --local --name-only --get-regexp 'core\.sshCommand' && git config --local --unset-all 'core.sshCommand' || :"
Security and distribution audit	Run actions/checkout@v7	2026-09-23T05:35:04.1863419Z Removing HTTP extra header
Security and distribution audit	Run actions/checkout@v7	2026-09-23T05:35:04.1867624Z [command]/usr/bin/git config --local --name-only --get-regexp http\.https\:\/\/github\.com\/\.extraheader
Security and distribution audit	Run actions/checkout@v7	2026-09-23T05:35:04.1907284Z [command]/usr/bin/git submodule foreach --recursive sh -c "git config --local --name-only --get-regexp 'http\.https\:\/\/github\.com\/\.extraheader' && git config --local --unset-all 'http.https://github.com/.extraheader' || :"
Security and distribution audit	Run actions/checkout@v7	2026-09-23T05:35:04.2123281Z Removing includeIf entries pointing to credentials config files
Security and distribution audit	Run actions/checkout@v7	2026-09-23T05:35:04.2128506Z [command]/usr/bin/git config --local --name-only --get-regexp ^includeIf\.gitdir:
Security and distribution audit	Run actions/checkout@v7	2026-09-23T05:35:04.2161180Z [command]/usr/bin/git submodule foreach --recursive git config --local --show-origin --name-only --get-regexp remote.origin.url
Security and distribution audit	Run actions/checkout@v7	2026-09-23T05:35:04.2388660Z [command]/usr/bin/git config --file /home/runner/work/_temp/git-credentials-f3b49106-8ed1-4e1d-a173-b11076f70989.config http.https://github.com/.extraheader AUTHORIZATION: basic ***
Security and distribution audit	Run actions/checkout@v7	2026-09-23T05:35:04.2428028Z [command]/usr/bin/git config --local includeIf.gitdir:/home/runner/work/core-predictor/core-predictor/.git.path /home/runner/work/_temp/git-credentials-f3b49106-8ed1-4e1d-a173-b11076f70989.config
Security and distribution audit	Run actions/checkout@v7	2026-09-23T05:35:04.2460461Z [command]/usr/bin/git config --local includeIf.gitdir:/home/runner/work/core-predictor/core-predictor/.git/worktrees/*.path /home/runner/work/_temp/git-credentials-f3b49106-8ed1-4e1d-a173-b11076f70989.config
Security and distribution audit	Run actions/checkout@v7	2026-09-23T05:35:04.2496847Z [command]/usr/bin/git config --local includeIf.gitdir:/github/workspace/.git.path /github/runner_temp/git-credentials-f3b49106-8ed1-4e1d-a173-b11076f70989.config
Security and distribution audit	Run actions/checkout@v7	2026-09-23T05:35:04.2531325Z [command]/usr/bin/git config --local includeIf.gitdir:/github/workspace/.git/worktrees/*.path /github/runner_temp/git-credentials-f3b49106-8ed1-4e1d-a173-b11076f70989.config
Security and distribution audit	Run actions/checkout@v7	2026-09-23T05:35:04.2563218Z ##[endgroup]
Security and distribution audit	Run actions/checkout@v7	2026-09-23T05:35:04.2564564Z ##[group]Fetching the repository
Security and distribution audit	Run actions/checkout@v7	2026-09-23T05:35:04.2571511Z [command]/usr/bin/git -c protocol.version=2 fetch --no-tags --prune --no-recurse-submodules --depth=1 origin +5a0841509f091ea0aa95bde0d3d65e2a1a9e984d:refs/remotes/origin/main
Security and distribution audit	Run actions/checkout@v7	2026-09-23T05:35:04.6623335Z From https://github.com/leonardosovienski/core-predictor
Security and distribution audit	Run actions/checkout@v7	2026-09-23T05:35:04.6624594Z  * [new ref]         5a0841509f091ea0aa95bde0d3d65e2a1a9e984d -> origin/main
Security and distribution audit	Run actions/checkout@v7	2026-09-23T05:35:04.6633315Z [command]/usr/bin/git branch --list --remote origin/main
Security and distribution audit	Run actions/checkout@v7	2026-09-23T05:35:04.6664429Z   origin/main
Security and distribution audit	Run actions/checkout@v7	2026-09-23T05:35:04.6674203Z [command]/usr/bin/git rev-parse refs/remotes/origin/main
Security and distribution audit	Run actions/checkout@v7	2026-09-23T05:35:04.6701717Z 5a0841509f091ea0aa95bde0d3d65e2a1a9e984d
Security and distribution audit	Run actions/checkout@v7	2026-09-23T05:35:04.6706428Z ##[endgroup]
Security and distribution audit	Run actions/checkout@v7	2026-09-23T05:35:04.6707161Z ##[group]Determining the checkout info
Security and distribution audit	Run actions/checkout@v7	2026-09-23T05:35:04.6708092Z ##[endgroup]
Security and distribution audit	Run actions/checkout@v7	2026-09-23T05:35:04.6711137Z [command]/usr/bin/git sparse-checkout disable
Security and distribution audit	Run actions/checkout@v7	2026-09-23T05:35:04.6766387Z [command]/usr/bin/git config --local --unset-all extensions.worktreeConfig
Security and distribution audit	Run actions/checkout@v7	2026-09-23T05:35:04.6798321Z ##[group]Checking out the ref
Security and distribution audit	Run actions/checkout@v7	2026-09-23T05:35:04.6804454Z [command]/usr/bin/git checkout --progress --force -B main refs/remotes/origin/main
Security and distribution audit	Run actions/checkout@v7	2026-09-23T05:35:04.6921279Z Switched to a new branch 'main'
Security and distribution audit	Run actions/checkout@v7	2026-09-23T05:35:04.6926914Z branch 'main' set up to track 'origin/main'.
Security and distribution audit	Run actions/checkout@v7	2026-09-23T05:35:04.6934536Z ##[endgroup]
Security and distribution audit	Run actions/checkout@v7	2026-09-23T05:35:04.6978728Z [command]/usr/bin/git log -1 --format=%H
Security and distribution audit	Run actions/checkout@v7	2026-09-23T05:35:04.7007821Z 5a0841509f091ea0aa95bde0d3d65e2a1a9e984d
Security and distribution audit	Reject cross-repository push automation	﻿2026-09-23T05:35:04.7245873Z ##[group]Run token_pattern="SYNC_"'PAT_TOKEN'
Security and distribution audit	Reject cross-repository push automation	2026-09-23T05:35:04.7246741Z ^[[36;1mtoken_pattern="SYNC_"'PAT_TOKEN'^[[0m
Security and distribution audit	Reject cross-repository push automation	2026-09-23T05:35:04.7247339Z ^[[36;1mpush_pattern="git "'push'^[[0m
Security and distribution audit	Reject cross-repository push automation	2026-09-23T05:35:04.7248087Z ^[[36;1mif grep -R -E "$token_pattern|$push_pattern" .github/workflows; then^[[0m
Security and distribution audit	Reject cross-repository push automation	2026-09-23T05:35:04.7248981Z ^[[36;1m  echo 'Cross-repository push automation is forbidden.' >&2^[[0m
Security and distribution audit	Reject cross-repository push automation	2026-09-23T05:35:04.7249686Z ^[[36;1m  exit 1^[[0m
Security and distribution audit	Reject cross-repository push automation	2026-09-23T05:35:04.7250106Z ^[[36;1mfi^[[0m
Security and distribution audit	Reject cross-repository push automation	2026-09-23T05:35:04.7291542Z shell: /usr/bin/bash --noprofile --norc -e -o pipefail {0}
Security and distribution audit	Reject cross-repository push automation	2026-09-23T05:35:04.7292454Z ##[endgroup]
Security and distribution audit	Post Run actions/checkout@v7	﻿2026-09-23T05:35:04.7528860Z Post job cleanup.
Security and distribution audit	Post Run actions/checkout@v7	2026-09-23T05:35:04.8374864Z [command]/usr/bin/git version
Security and distribution audit	Post Run actions/checkout@v7	2026-09-23T05:35:04.8417815Z git version 2.55.0
Security and distribution audit	Post Run actions/checkout@v7	2026-09-23T05:35:04.8467465Z Temporarily overriding HOME='/home/runner/work/_temp/0c7530ef-3f98-4308-a4ee-29a0d795c1e8' before making global git config changes
Security and distribution audit	Post Run actions/checkout@v7	2026-09-23T05:35:04.8469145Z Adding repository directory to the temporary git global config as a safe directory
Security and distribution audit	Post Run actions/checkout@v7	2026-09-23T05:35:04.8472978Z [command]/usr/bin/git config --global --add safe.directory /home/runner/work/core-predictor/core-predictor
Security and distribution audit	Post Run actions/checkout@v7	2026-09-23T05:35:04.8507199Z Removing SSH command configuration
Security and distribution audit	Post Run actions/checkout@v7	2026-09-23T05:35:04.8513747Z [command]/usr/bin/git config --local --name-only --get-regexp core\.sshCommand
Security and distribution audit	Post Run actions/checkout@v7	2026-09-23T05:35:04.8549170Z [command]/usr/bin/git submodule foreach --recursive sh -c "git config --local --name-only --get-regexp 'core\.sshCommand' && git config --local --unset-all 'core.sshCommand' || :"
Security and distribution audit	Post Run actions/checkout@v7	2026-09-23T05:35:04.8806773Z Removing HTTP extra header
Security and distribution audit	Post Run actions/checkout@v7	2026-09-23T05:35:04.8813173Z [command]/usr/bin/git config --local --name-only --get-regexp http\.https\:\/\/github\.com\/\.extraheader
Security and distribution audit	Post Run actions/checkout@v7	2026-09-23T05:35:04.8936457Z [command]/usr/bin/git submodule foreach --recursive sh -c "git config --local --name-only --get-regexp 'http\.https\:\/\/github\.com\/\.extraheader' && git config --local --unset-all 'http.https://github.com/.extraheader' || :"
Security and distribution audit	Post Run actions/checkout@v7	2026-09-23T05:35:04.9126982Z Removing includeIf entries pointing to credentials config files
Security and distribution audit	Post Run actions/checkout@v7	2026-09-23T05:35:04.9132551Z [command]/usr/bin/git config --local --name-only --get-regexp ^includeIf\.gitdir:
Security and distribution audit	Post Run actions/checkout@v7	2026-09-23T05:35:04.9163840Z includeif.gitdir:/home/runner/work/core-predictor/core-predictor/.git.path
Security and distribution audit	Post Run actions/checkout@v7	2026-09-23T05:35:04.9166260Z includeif.gitdir:/home/runner/work/core-predictor/core-predictor/.git/worktrees/*.path
Security and distribution audit	Post Run actions/checkout@v7	2026-09-23T05:35:04.9168839Z includeif.gitdir:/github/workspace/.git.path
Security and distribution audit	Post Run actions/checkout@v7	2026-09-23T05:35:04.9170951Z includeif.gitdir:/github/workspace/.git/worktrees/*.path
Security and distribution audit	Post Run actions/checkout@v7	2026-09-23T05:35:04.9176313Z [command]/usr/bin/git config --local --get-all includeif.gitdir:/home/runner/work/core-predictor/core-predictor/.git.path
Security and distribution audit	Post Run actions/checkout@v7	2026-09-23T05:35:04.9200713Z /home/runner/work/_temp/git-credentials-f3b49106-8ed1-4e1d-a173-b11076f70989.config
Security and distribution audit	Post Run actions/checkout@v7	2026-09-23T05:35:04.9215390Z [command]/usr/bin/git config --local --unset includeif.gitdir:/home/runner/work/core-predictor/core-predictor/.git.path \/home\/runner\/work\/_temp\/git\-credentials\-f3b49106\-8ed1\-4e1d\-a173\-b11076f70989\.config
Security and distribution audit	Post Run actions/checkout@v7	2026-09-23T05:35:04.9255645Z [command]/usr/bin/git config --local --get-all includeif.gitdir:/home/runner/work/core-predictor/core-predictor/.git/worktrees/*.path
Security and distribution audit	Post Run actions/checkout@v7	2026-09-23T05:35:04.9282520Z /home/runner/work/_temp/git-credentials-f3b49106-8ed1-4e1d-a173-b11076f70989.config
Security and distribution audit	Post Run actions/checkout@v7	2026-09-23T05:35:04.9301901Z [command]/usr/bin/git config --local --unset includeif.gitdir:/home/runner/work/core-predictor/core-predictor/.git/worktrees/*.path \/home\/runner\/work\/_temp\/git\-credentials\-f3b49106\-8ed1\-4e1d\-a173\-b11076f70989\.config
Security and distribution audit	Post Run actions/checkout@v7	2026-09-23T05:35:04.9344473Z [command]/usr/bin/git config --local --get-all includeif.gitdir:/github/workspace/.git.path
Security and distribution audit	Post Run actions/checkout@v7	2026-09-23T05:35:04.9374004Z /github/runner_temp/git-credentials-f3b49106-8ed1-4e1d-a173-b11076f70989.config
Security and distribution audit	Post Run actions/checkout@v7	2026-09-23T05:35:04.9384160Z [command]/usr/bin/git config --local --unset includeif.gitdir:/github/workspace/.git.path \/github\/runner_temp\/git\-credentials\-f3b49106\-8ed1\-4e1d\-a173\-b11076f70989\.config
Security and distribution audit	Post Run actions/checkout@v7	2026-09-23T05:35:04.9421805Z [command]/usr/bin/git config --local --get-all includeif.gitdir:/github/workspace/.git/worktrees/*.path
Security and distribution audit	Post Run actions/checkout@v7	2026-09-23T05:35:04.9449197Z /github/runner_temp/git-credentials-f3b49106-8ed1-4e1d-a173-b11076f70989.config
Security and distribution audit	Post Run actions/checkout@v7	2026-09-23T05:35:04.9458659Z [command]/usr/bin/git config --local --unset includeif.gitdir:/github/workspace/.git/worktrees/*.path \/github\/runner_temp\/git\-credentials\-f3b49106\-8ed1\-4e1d\-a173\-b11076f70989\.config
Security and distribution audit	Post Run actions/checkout@v7	2026-09-23T05:35:04.9497091Z [command]/usr/bin/git submodule foreach --recursive git config --local --show-origin --name-only --get-regexp remote.origin.url
Security and distribution audit	Post Run actions/checkout@v7	2026-09-23T05:35:04.9714089Z Removing credentials config '/home/runner/work/_temp/git-credentials-f3b49106-8ed1-4e1d-a173-b11076f70989.config'
Security and distribution audit	Complete job	﻿2026-09-23T05:35:04.9858665Z Cleaning up orphan processes
Python 3.14 (experimental)	Set up job	﻿2026-09-23T05:35:02.8002559Z Current runner version: '2.337.0'
Python 3.14 (experimental)	Set up job	2026-09-23T05:35:02.8031298Z ##[group]Runner Image Provisioner
Python 3.14 (experimental)	Set up job	2026-09-23T05:35:02.8032424Z Hosted Compute Agent
Python 3.14 (experimental)	Set up job	2026-09-23T05:35:02.8033222Z Version: 20260828.587
Python 3.14 (experimental)	Set up job	2026-09-23T05:35:02.8033962Z Commit: abac92662cab4cc7352de4f9f9d2e2419aad9c29
Python 3.14 (experimental)	Set up job	2026-09-23T05:35:02.8034969Z Build Date: 2026-08-28T16:44:25Z
Python 3.14 (experimental)	Set up job	2026-09-23T05:35:02.8036013Z Worker ID: {7f721601-d09a-495a-a84b-bd594b4d15ab}
Python 3.14 (experimental)	Set up job	2026-09-23T05:35:02.8036965Z Azure Region: westus3
Python 3.14 (experimental)	Set up job	2026-09-23T05:35:02.8037684Z ##[endgroup]
Python 3.14 (experimental)	Set up job	2026-09-23T05:35:02.8039574Z ##[group]Operating System
Python 3.14 (experimental)	Set up job	2026-09-23T05:35:02.8040457Z Ubuntu
Python 3.14 (experimental)	Set up job	2026-09-23T05:35:02.8041139Z 24.04.5
Python 3.14 (experimental)	Set up job	2026-09-23T05:35:02.8041736Z LTS
Python 3.14 (experimental)	Set up job	2026-09-23T05:35:02.8042516Z ##[endgroup]
Python 3.14 (experimental)	Set up job	2026-09-23T05:35:02.8043200Z ##[group]Runner Image
Python 3.14 (experimental)	Set up job	2026-09-23T05:35:02.8044024Z Image: ubuntu-24.04
Python 3.14 (experimental)	Set up job	2026-09-23T05:35:02.8044757Z Version: 20260907.300.1
Python 3.14 (experimental)	Set up job	2026-09-23T05:35:02.8046690Z Included Software: https://github.com/actions/runner-images/blob/ubuntu24/20260907.300/images/ubuntu/Ubuntu2404-Readme.md
Python 3.14 (experimental)	Set up job	2026-09-23T05:35:02.8049011Z Image Release: https://github.com/actions/runner-images/releases/tag/ubuntu24%2F20260907.300
Python 3.14 (experimental)	Set up job	2026-09-23T05:35:02.8050352Z ##[endgroup]
Python 3.14 (experimental)	Set up job	2026-09-23T05:35:02.8051715Z ##[group]GITHUB_TOKEN Permissions
Python 3.14 (experimental)	Set up job	2026-09-23T05:35:02.8054179Z Contents: read
Python 3.14 (experimental)	Set up job	2026-09-23T05:35:02.8054915Z Metadata: read
Python 3.14 (experimental)	Set up job	2026-09-23T05:35:02.8055745Z ##[endgroup]
Python 3.14 (experimental)	Set up job	2026-09-23T05:35:02.8058241Z Secret source: Actions
Python 3.14 (experimental)	Set up job	2026-09-23T05:35:02.8059342Z Cache mode: write
Python 3.14 (experimental)	Set up job	2026-09-23T05:35:02.8060256Z Prepare workflow directory
Python 3.14 (experimental)	Set up job	2026-09-23T05:35:02.8794691Z Prepare all required actions
Python 3.14 (experimental)	Set up job	2026-09-23T05:35:02.8837744Z Getting action download info
Python 3.14 (experimental)	Set up job	2026-09-23T05:35:03.1717611Z Download action repository 'actions/checkout@v7' (SHA:3d3c42e5aac5ba805825da76410c181273ba90b1)
Python 3.14 (experimental)	Set up job	2026-09-23T05:35:03.6054126Z Download action repository 'astral-sh/setup-uv@v7' (SHA:37802adc94f370d6bfd71619e3f0bf239e1f3b78)
Python 3.14 (experimental)	Set up job	2026-09-23T05:35:04.6585684Z Complete job name: Python 3.14 (experimental)
Python 3.14 (experimental)	Run actions/checkout@v7	﻿2026-09-23T05:35:04.7248310Z ##[group]Run actions/checkout@v7
Python 3.14 (experimental)	Run actions/checkout@v7	2026-09-23T05:35:04.7249271Z with:
Python 3.14 (experimental)	Run actions/checkout@v7	2026-09-23T05:35:04.7249850Z   repository: leonardosovienski/core-predictor
Python 3.14 (experimental)	Run actions/checkout@v7	2026-09-23T05:35:04.7254827Z   token: ***
Python 3.14 (experimental)	Run actions/checkout@v7	2026-09-23T05:35:04.7255464Z   ssh-strict: true
Python 3.14 (experimental)	Run actions/checkout@v7	2026-09-23T05:35:04.7255980Z   ssh-user: git
Python 3.14 (experimental)	Run actions/checkout@v7	2026-09-23T05:35:04.7256514Z   persist-credentials: true
Python 3.14 (experimental)	Run actions/checkout@v7	2026-09-23T05:35:04.7257082Z   clean: true
Python 3.14 (experimental)	Run actions/checkout@v7	2026-09-23T05:35:04.7257605Z   sparse-checkout-cone-mode: true
Python 3.14 (experimental)	Run actions/checkout@v7	2026-09-23T05:35:04.7258204Z   fetch-depth: 1
Python 3.14 (experimental)	Run actions/checkout@v7	2026-09-23T05:35:04.7258553Z   fetch-tags: false
Python 3.14 (experimental)	Run actions/checkout@v7	2026-09-23T05:35:04.7258901Z   show-progress: true
Python 3.14 (experimental)	Run actions/checkout@v7	2026-09-23T05:35:04.7259253Z   lfs: false
Python 3.14 (experimental)	Run actions/checkout@v7	2026-09-23T05:35:04.7259582Z   submodules: false
Python 3.14 (experimental)	Run actions/checkout@v7	2026-09-23T05:35:04.7260078Z   set-safe-directory: true
Python 3.14 (experimental)	Run actions/checkout@v7	2026-09-23T05:35:04.7260681Z   allow-unsafe-pr-checkout: false
Python 3.14 (experimental)	Run actions/checkout@v7	2026-09-23T05:35:04.7261654Z ##[endgroup]
Python 3.14 (experimental)	Run actions/checkout@v7	2026-09-23T05:35:04.8180957Z Syncing repository: leonardosovienski/core-predictor
Python 3.14 (experimental)	Run actions/checkout@v7	2026-09-23T05:35:04.8182535Z ##[group]Getting Git version info
Python 3.14 (experimental)	Run actions/checkout@v7	2026-09-23T05:35:04.8183298Z Working directory is '/home/runner/work/core-predictor/core-predictor'
Python 3.14 (experimental)	Run actions/checkout@v7	2026-09-23T05:35:04.8184321Z [command]/usr/bin/git version
Python 3.14 (experimental)	Run actions/checkout@v7	2026-09-23T05:35:04.8274355Z git version 2.55.0
Python 3.14 (experimental)	Run actions/checkout@v7	2026-09-23T05:35:04.8296358Z ##[endgroup]
Python 3.14 (experimental)	Run actions/checkout@v7	2026-09-23T05:35:04.8302581Z Temporarily overriding HOME='/home/runner/work/_temp/7162db42-c2de-41d6-ab5c-4d376f290a67' before making global git config changes
Python 3.14 (experimental)	Run actions/checkout@v7	2026-09-23T05:35:04.8304501Z Adding repository directory to the temporary git global config as a safe directory
Python 3.14 (experimental)	Run actions/checkout@v7	2026-09-23T05:35:04.8308191Z [command]/usr/bin/git config --global --add safe.directory /home/runner/work/core-predictor/core-predictor
Python 3.14 (experimental)	Run actions/checkout@v7	2026-09-23T05:35:04.8352407Z Deleting the contents of '/home/runner/work/core-predictor/core-predictor'
Python 3.14 (experimental)	Run actions/checkout@v7	2026-09-23T05:35:04.8356011Z ##[group]Determining repository object format
Python 3.14 (experimental)	Run actions/checkout@v7	2026-09-23T05:35:04.8357350Z ##[endgroup]
Python 3.14 (experimental)	Run actions/checkout@v7	2026-09-23T05:35:04.8358368Z ##[group]Initializing the repository
Python 3.14 (experimental)	Run actions/checkout@v7	2026-09-23T05:35:04.8361641Z [command]/usr/bin/git init /home/runner/work/core-predictor/core-predictor
Python 3.14 (experimental)	Run actions/checkout@v7	2026-09-23T05:35:04.8467859Z hint: Using 'master' as the name for the initial branch. This default branch name
Python 3.14 (experimental)	Run actions/checkout@v7	2026-09-23T05:35:04.8469691Z hint: will change to "main" in Git 3.0. To configure the initial branch name
Python 3.14 (experimental)	Run actions/checkout@v7	2026-09-23T05:35:04.8474734Z hint: to use in all of your new repositories, which will suppress this warning,
Python 3.14 (experimental)	Run actions/checkout@v7	2026-09-23T05:35:04.8475918Z hint: call:
Python 3.14 (experimental)	Run actions/checkout@v7	2026-09-23T05:35:04.8476547Z hint:
Python 3.14 (experimental)	Run actions/checkout@v7	2026-09-23T05:35:04.8477275Z hint: 	git config --global init.defaultBranch <name>
Python 3.14 (experimental)	Run actions/checkout@v7	2026-09-23T05:35:04.8479232Z hint:
Python 3.14 (experimental)	Run actions/checkout@v7	2026-09-23T05:35:04.8480278Z hint: Names commonly chosen instead of 'master' are 'main', 'trunk' and
Python 3.14 (experimental)	Run actions/checkout@v7	2026-09-23T05:35:04.8481317Z hint: 'development'. The just-created branch can be renamed via this command:
Python 3.14 (experimental)	Run actions/checkout@v7	2026-09-23T05:35:04.8482192Z hint:
Python 3.14 (experimental)	Run actions/checkout@v7	2026-09-23T05:35:04.8482707Z hint: 	git branch -m <name>
Python 3.14 (experimental)	Run actions/checkout@v7	2026-09-23T05:35:04.8483280Z hint:
Python 3.14 (experimental)	Run actions/checkout@v7	2026-09-23T05:35:04.8484036Z hint: Disable this message with "git config set advice.defaultBranchName false"
Python 3.14 (experimental)	Run actions/checkout@v7	2026-09-23T05:35:04.8486593Z Initialized empty Git repository in /home/runner/work/core-predictor/core-predictor/.git/
Python 3.14 (experimental)	Run actions/checkout@v7	2026-09-23T05:35:04.8489350Z [command]/usr/bin/git remote add origin https://github.com/leonardosovienski/core-predictor
Python 3.14 (experimental)	Run actions/checkout@v7	2026-09-23T05:35:04.8543740Z ##[endgroup]
Python 3.14 (experimental)	Run actions/checkout@v7	2026-09-23T05:35:04.8545048Z ##[group]Disabling automatic garbage collection
Python 3.14 (experimental)	Run actions/checkout@v7	2026-09-23T05:35:04.8547048Z [command]/usr/bin/git config --local gc.auto 0
Python 3.14 (experimental)	Run actions/checkout@v7	2026-09-23T05:35:04.8580555Z ##[endgroup]
Python 3.14 (experimental)	Run actions/checkout@v7	2026-09-23T05:35:04.8581525Z ##[group]Setting up auth
Python 3.14 (experimental)	Run actions/checkout@v7	2026-09-23T05:35:04.8582299Z Removing SSH command configuration
Python 3.14 (experimental)	Run actions/checkout@v7	2026-09-23T05:35:04.8597795Z [command]/usr/bin/git config --local --name-only --get-regexp core\.sshCommand
Python 3.14 (experimental)	Run actions/checkout@v7	2026-09-23T05:35:04.8639299Z [command]/usr/bin/git submodule foreach --recursive sh -c "git config --local --name-only --get-regexp 'core\.sshCommand' && git config --local --unset-all 'core.sshCommand' || :"
Python 3.14 (experimental)	Run actions/checkout@v7	2026-09-23T05:35:04.8972125Z Removing HTTP extra header
Python 3.14 (experimental)	Run actions/checkout@v7	2026-09-23T05:35:04.8977897Z [command]/usr/bin/git config --local --name-only --get-regexp http\.https\:\/\/github\.com\/\.extraheader
Python 3.14 (experimental)	Run actions/checkout@v7	2026-09-23T05:35:04.9012846Z [command]/usr/bin/git submodule foreach --recursive sh -c "git config --local --name-only --get-regexp 'http\.https\:\/\/github\.com\/\.extraheader' && git config --local --unset-all 'http.https://github.com/.extraheader' || :"
Python 3.14 (experimental)	Run actions/checkout@v7	2026-09-23T05:35:04.9202605Z Removing includeIf entries pointing to credentials config files
Python 3.14 (experimental)	Run actions/checkout@v7	2026-09-23T05:35:04.9207104Z [command]/usr/bin/git config --local --name-only --get-regexp ^includeIf\.gitdir:
Python 3.14 (experimental)	Run actions/checkout@v7	2026-09-23T05:35:04.9236861Z [command]/usr/bin/git submodule foreach --recursive git config --local --show-origin --name-only --get-regexp remote.origin.url
Python 3.14 (experimental)	Run actions/checkout@v7	2026-09-23T05:35:04.9428903Z [command]/usr/bin/git config --file /home/runner/work/_temp/git-credentials-79bd0e52-6455-4314-85f2-497aebd86998.config http.https://github.com/.extraheader AUTHORIZATION: basic ***
Python 3.14 (experimental)	Run actions/checkout@v7	2026-09-23T05:35:04.9464207Z [command]/usr/bin/git config --local includeIf.gitdir:/home/runner/work/core-predictor/core-predictor/.git.path /home/runner/work/_temp/git-credentials-79bd0e52-6455-4314-85f2-497aebd86998.config
Python 3.14 (experimental)	Run actions/checkout@v7	2026-09-23T05:35:04.9492838Z [command]/usr/bin/git config --local includeIf.gitdir:/home/runner/work/core-predictor/core-predictor/.git/worktrees/*.path /home/runner/work/_temp/git-credentials-79bd0e52-6455-4314-85f2-497aebd86998.config
Python 3.14 (experimental)	Run actions/checkout@v7	2026-09-23T05:35:04.9526299Z [command]/usr/bin/git config --local includeIf.gitdir:/github/workspace/.git.path /github/runner_temp/git-credentials-79bd0e52-6455-4314-85f2-497aebd86998.config
Python 3.14 (experimental)	Run actions/checkout@v7	2026-09-23T05:35:04.9555872Z [command]/usr/bin/git config --local includeIf.gitdir:/github/workspace/.git/worktrees/*.path /github/runner_temp/git-credentials-79bd0e52-6455-4314-85f2-497aebd86998.config
Python 3.14 (experimental)	Run actions/checkout@v7	2026-09-23T05:35:04.9582695Z ##[endgroup]
Python 3.14 (experimental)	Run actions/checkout@v7	2026-09-23T05:35:04.9583616Z ##[group]Fetching the repository
Python 3.14 (experimental)	Run actions/checkout@v7	2026-09-23T05:35:04.9588949Z [command]/usr/bin/git -c protocol.version=2 fetch --no-tags --prune --no-recurse-submodules --depth=1 origin +5a0841509f091ea0aa95bde0d3d65e2a1a9e984d:refs/remotes/origin/main
Python 3.14 (experimental)	Run actions/checkout@v7	2026-09-23T05:35:05.5656874Z From https://github.com/leonardosovienski/core-predictor
Python 3.14 (experimental)	Run actions/checkout@v7	2026-09-23T05:35:05.5658977Z  * [new ref]         5a0841509f091ea0aa95bde0d3d65e2a1a9e984d -> origin/main
Python 3.14 (experimental)	Run actions/checkout@v7	2026-09-23T05:35:05.5664277Z [command]/usr/bin/git branch --list --remote origin/main
Python 3.14 (experimental)	Run actions/checkout@v7	2026-09-23T05:35:05.5690052Z   origin/main
Python 3.14 (experimental)	Run actions/checkout@v7	2026-09-23T05:35:05.5696459Z [command]/usr/bin/git rev-parse refs/remotes/origin/main
Python 3.14 (experimental)	Run actions/checkout@v7	2026-09-23T05:35:05.5718806Z 5a0841509f091ea0aa95bde0d3d65e2a1a9e984d
Python 3.14 (experimental)	Run actions/checkout@v7	2026-09-23T05:35:05.5722572Z ##[endgroup]
Python 3.14 (experimental)	Run actions/checkout@v7	2026-09-23T05:35:05.5723763Z ##[group]Determining the checkout info
Python 3.14 (experimental)	Run actions/checkout@v7	2026-09-23T05:35:05.5725182Z ##[endgroup]
Python 3.14 (experimental)	Run actions/checkout@v7	2026-09-23T05:35:05.5726325Z [command]/usr/bin/git sparse-checkout disable
Python 3.14 (experimental)	Run actions/checkout@v7	2026-09-23T05:35:05.5773535Z [command]/usr/bin/git config --local --unset-all extensions.worktreeConfig
Python 3.14 (experimental)	Run actions/checkout@v7	2026-09-23T05:35:05.5802156Z ##[group]Checking out the ref
Python 3.14 (experimental)	Run actions/checkout@v7	2026-09-23T05:35:05.5804453Z [command]/usr/bin/git checkout --progress --force -B main refs/remotes/origin/main
Python 3.14 (experimental)	Run actions/checkout@v7	2026-09-23T05:35:05.5903693Z Switched to a new branch 'main'
Python 3.14 (experimental)	Run actions/checkout@v7	2026-09-23T05:35:05.5909553Z branch 'main' set up to track 'origin/main'.
Python 3.14 (experimental)	Run actions/checkout@v7	2026-09-23T05:35:05.5915784Z ##[endgroup]
Python 3.14 (experimental)	Run actions/checkout@v7	2026-09-23T05:35:05.5953682Z [command]/usr/bin/git log -1 --format=%H
Python 3.14 (experimental)	Run actions/checkout@v7	2026-09-23T05:35:05.5978965Z 5a0841509f091ea0aa95bde0d3d65e2a1a9e984d
Python 3.14 (experimental)	Run astral-sh/setup-uv@v7	﻿2026-09-23T05:35:05.6308292Z ##[group]Run astral-sh/setup-uv@v7
Python 3.14 (experimental)	Run astral-sh/setup-uv@v7	2026-09-23T05:35:05.6309132Z with:
Python 3.14 (experimental)	Run astral-sh/setup-uv@v7	2026-09-23T05:35:05.6309732Z   version: 0.12.1
Python 3.14 (experimental)	Run astral-sh/setup-uv@v7	2026-09-23T05:35:05.6310393Z   enable-cache: true
Python 3.14 (experimental)	Run astral-sh/setup-uv@v7	2026-09-23T05:35:05.6311112Z   activate-environment: false
Python 3.14 (experimental)	Run astral-sh/setup-uv@v7	2026-09-23T05:35:05.6312184Z   working-directory: /home/runner/work/core-predictor/core-predictor
Python 3.14 (experimental)	Run astral-sh/setup-uv@v7	2026-09-23T05:35:05.6319702Z   github-token: ***
Python 3.14 (experimental)	Run astral-sh/setup-uv@v7	2026-09-23T05:35:05.6321428Z   cache-dependency-glob: **/*requirements*.txt
Python 3.14 (experimental)	Run astral-sh/setup-uv@v7	**/*requirements*.in
Python 3.14 (experimental)	Run astral-sh/setup-uv@v7	**/*constraints*.txt
Python 3.14 (experimental)	Run astral-sh/setup-uv@v7	**/*constraints*.in
Python 3.14 (experimental)	Run astral-sh/setup-uv@v7	**/pyproject.toml
Python 3.14 (experimental)	Run astral-sh/setup-uv@v7	**/uv.lock
Python 3.14 (experimental)	Run astral-sh/setup-uv@v7	**/*.py.lock
Python 3.14 (experimental)	Run astral-sh/setup-uv@v7	
Python 3.14 (experimental)	Run astral-sh/setup-uv@v7	2026-09-23T05:35:05.6323368Z   restore-cache: true
Python 3.14 (experimental)	Run astral-sh/setup-uv@v7	2026-09-23T05:35:05.6324056Z   save-cache: true
Python 3.14 (experimental)	Run astral-sh/setup-uv@v7	2026-09-23T05:35:05.6324713Z   prune-cache: true
Python 3.14 (experimental)	Run astral-sh/setup-uv@v7	2026-09-23T05:35:05.6325497Z   cache-python: false
Python 3.14 (experimental)	Run astral-sh/setup-uv@v7	2026-09-23T05:35:05.6326223Z   ignore-nothing-to-cache: false
Python 3.14 (experimental)	Run astral-sh/setup-uv@v7	2026-09-23T05:35:05.6327077Z   ignore-empty-workdir: false
Python 3.14 (experimental)	Run astral-sh/setup-uv@v7	2026-09-23T05:35:05.6327889Z   add-problem-matchers: true
Python 3.14 (experimental)	Run astral-sh/setup-uv@v7	2026-09-23T05:35:05.6328689Z   resolution-strategy: highest
Python 3.14 (experimental)	Run astral-sh/setup-uv@v7	2026-09-23T05:35:05.6329461Z ##[endgroup]
Python 3.14 (experimental)	Run astral-sh/setup-uv@v7	2026-09-23T05:35:05.7854145Z Fetching version data from https://raw.githubusercontent.com/astral-sh/versions/main/v1/uv.ndjson ...
Python 3.14 (experimental)	Run astral-sh/setup-uv@v7	2026-09-23T05:35:05.8733511Z Downloading uv from "https://releases.astral.sh/github/uv/releases/download/0.12.1/uv-x86_64-unknown-linux-gnu.tar.gz" ...
Python 3.14 (experimental)	Run astral-sh/setup-uv@v7	2026-09-23T05:35:06.1153203Z [command]/usr/bin/tar xz --warning=no-unknown-keyword --overwrite -C /home/runner/work/_temp/87687d5c-86b9-488e-92f2-081521658f57 -f /home/runner/work/_temp/956e0e85-4220-4042-9049-99200899621d
Python 3.14 (experimental)	Run astral-sh/setup-uv@v7	2026-09-23T05:35:06.7186088Z Added /home/runner/.local/bin to the path
Python 3.14 (experimental)	Run astral-sh/setup-uv@v7	2026-09-23T05:35:06.7186736Z Added /opt/hostedtoolcache/uv/0.12.1/x86_64 to the path
Python 3.14 (experimental)	Run astral-sh/setup-uv@v7	2026-09-23T05:35:06.7187876Z Set UV_PYTHON_INSTALL_DIR to /home/runner/work/_temp/uv-python-dir
Python 3.14 (experimental)	Run astral-sh/setup-uv@v7	2026-09-23T05:35:06.7188359Z Added /home/runner/work/_temp/uv-python-dir to the path
Python 3.14 (experimental)	Run astral-sh/setup-uv@v7	2026-09-23T05:35:06.7206287Z Set UV_CACHE_DIR to /home/runner/work/_temp/setup-uv-cache
Python 3.14 (experimental)	Run astral-sh/setup-uv@v7	2026-09-23T05:35:06.7206722Z Successfully installed uv version 0.12.1
Python 3.14 (experimental)	Run astral-sh/setup-uv@v7	2026-09-23T05:35:06.8062068Z Searching files using cache dependency glob: /home/runner/work/core-predictor/core-predictor/**/*requirements*.txt,/home/runner/work/core-predictor/core-predictor/**/*requirements*.in,/home/runner/work/core-predictor/core-predictor/**/*constraints*.txt,/home/runner/work/core-predictor/core-predictor/**/*constraints*.in,/home/runner/work/core-predictor/core-predictor/**/pyproject.toml,/home/runner/work/core-predictor/core-predictor/**/uv.lock,/home/runner/work/core-predictor/core-predictor/**/*.py.lock
Python 3.14 (experimental)	Run astral-sh/setup-uv@v7	2026-09-23T05:35:06.8176675Z /home/runner/work/core-predictor/core-predictor/pyproject.toml
Python 3.14 (experimental)	Run astral-sh/setup-uv@v7	2026-09-23T05:35:06.8264364Z /home/runner/work/core-predictor/core-predictor/uv.lock
Python 3.14 (experimental)	Run astral-sh/setup-uv@v7	2026-09-23T05:35:06.8270708Z Found 2 files to hash.
Python 3.14 (experimental)	Run astral-sh/setup-uv@v7	2026-09-23T05:35:06.8332679Z Trying to restore cache from GitHub Actions cache with key: setup-uv-2-x86_64-unknown-linux-gnu-ubuntu-24.04-unknown-pruned-41ab741aa34a8d4055a8dd814a7c16156aa6ce96f91973a87376c39b20fe828a
Python 3.14 (experimental)	Run astral-sh/setup-uv@v7	2026-09-23T05:35:07.0210213Z Cache hit for: setup-uv-2-x86_64-unknown-linux-gnu-ubuntu-24.04-unknown-pruned-41ab741aa34a8d4055a8dd814a7c16156aa6ce96f91973a87376c39b20fe828a
Python 3.14 (experimental)	Run astral-sh/setup-uv@v7	2026-09-23T05:35:07.5666015Z Received 80343 of 80343 (100.0%), 0.2 MBs/sec
Python 3.14 (experimental)	Run astral-sh/setup-uv@v7	2026-09-23T05:35:07.5666514Z Cache Size: ~0 MB (80343 B)
Python 3.14 (experimental)	Run astral-sh/setup-uv@v7	2026-09-23T05:35:07.5687653Z [command]/usr/bin/tar -xf /home/runner/work/_temp/ac0086fc-5938-4ee6-a404-ebdfb16901e9/cache.tzst -P -C /home/runner/work/core-predictor/core-predictor --use-compress-program unzstd
Python 3.14 (experimental)	Run astral-sh/setup-uv@v7	2026-09-23T05:35:07.5770854Z Cache restored successfully
Python 3.14 (experimental)	Run astral-sh/setup-uv@v7	2026-09-23T05:35:07.5777525Z cache restored from GitHub Actions cache with key: setup-uv-2-x86_64-unknown-linux-gnu-ubuntu-24.04-unknown-pruned-41ab741aa34a8d4055a8dd814a7c16156aa6ce96f91973a87376c39b20fe828a
Python 3.14 (experimental)	Install locked environment	﻿2026-09-23T05:35:07.6431709Z ##[group]Run uv sync --locked --python 3.14 --group dev --group architecture --extra http --extra scraping
Python 3.14 (experimental)	Install locked environment	2026-09-23T05:35:07.6432415Z ^[[36;1muv sync --locked --python 3.14 --group dev --group architecture --extra http --extra scraping^[[0m
Python 3.14 (experimental)	Install locked environment	2026-09-23T05:35:07.6471394Z shell: /usr/bin/bash -e {0}
Python 3.14 (experimental)	Install locked environment	2026-09-23T05:35:07.6471633Z env:
Python 3.14 (experimental)	Install locked environment	2026-09-23T05:35:07.6471869Z   UV_PYTHON_INSTALL_DIR: /home/runner/work/_temp/uv-python-dir
Python 3.14 (experimental)	Install locked environment	2026-09-23T05:35:07.6472205Z   UV_CACHE_DIR: /home/runner/work/_temp/setup-uv-cache
Python 3.14 (experimental)	Install locked environment	2026-09-23T05:35:07.6472460Z ##[endgroup]
Python 3.14 (experimental)	Install locked environment	2026-09-23T05:35:07.8143870Z Downloading cpython-3.14.6-linux-x86_64-gnu (download) (34.2MiB)
Python 3.14 (experimental)	Install locked environment	2026-09-23T05:35:08.5293450Z  Downloaded cpython-3.14.6-linux-x86_64-gnu (download)
Python 3.14 (experimental)	Install locked environment	2026-09-23T05:35:08.6719643Z Using CPython 3.14.6
Python 3.14 (experimental)	Install locked environment	2026-09-23T05:35:08.6720112Z Creating virtual environment at: .venv
Python 3.14 (experimental)	Install locked environment	2026-09-23T05:35:08.6741743Z Resolved 43 packages in 0.63ms
Python 3.14 (experimental)	Install locked environment	2026-09-23T05:35:08.6832040Z    Building predictor-core @ file:///home/runner/work/core-predictor/core-predictor
Python 3.14 (experimental)	Install locked environment	2026-09-23T05:35:08.7076199Z Downloading pydantic-core (2.0MiB)
Python 3.14 (experimental)	Install locked environment	2026-09-23T05:35:08.7113234Z Downloading curl-cffi (12.8MiB)
Python 3.14 (experimental)	Install locked environment	2026-09-23T05:35:08.7114546Z Downloading pyright (5.9MiB)
Python 3.14 (experimental)	Install locked environment	2026-09-23T05:35:08.7116331Z Downloading virtualenv (5.2MiB)
Python 3.14 (experimental)	Install locked environment	2026-09-23T05:35:08.7119652Z Downloading ruff (10.9MiB)
Python 3.14 (experimental)	Install locked environment	2026-09-23T05:35:08.7125746Z Downloading grimp (2.2MiB)
Python 3.14 (experimental)	Install locked environment	2026-09-23T05:35:08.7128228Z Downloading pygments (1.2MiB)
Python 3.14 (experimental)	Install locked environment	2026-09-23T05:35:08.8997745Z  Downloaded pydantic-core
Python 3.14 (experimental)	Install locked environment	2026-09-23T05:35:08.9776993Z  Downloaded grimp
Python 3.14 (experimental)	Install locked environment	2026-09-23T05:35:09.0072654Z  Downloaded virtualenv
Python 3.14 (experimental)	Install locked environment	2026-09-23T05:35:09.0504749Z  Downloaded pygments
Python 3.14 (experimental)	Install locked environment	2026-09-23T05:35:09.0980005Z  Downloaded ruff
Python 3.14 (experimental)	Install locked environment	2026-09-23T05:35:09.1010846Z  Downloaded curl-cffi
Python 3.14 (experimental)	Install locked environment	2026-09-23T05:35:09.4966199Z       Built predictor-core @ file:///home/runner/work/core-predictor/core-predictor
Python 3.14 (experimental)	Install locked environment	2026-09-23T05:35:09.5593582Z  Downloaded pyright
Python 3.14 (experimental)	Install locked environment	2026-09-23T05:35:09.5595694Z Prepared 42 packages in 884ms
Python 3.14 (experimental)	Install locked environment	2026-09-23T05:35:09.6710290Z Installed 42 packages in 111ms
Python 3.14 (experimental)	Install locked environment	2026-09-23T05:35:09.6710745Z  + annotated-types==0.8.0
Python 3.14 (experimental)	Install locked environment	2026-09-23T05:35:09.6711147Z  + anyio==4.14.2
Python 3.14 (experimental)	Install locked environment	2026-09-23T05:35:09.6711563Z  + build==1.5.0
Python 3.14 (experimental)	Install locked environment	2026-09-23T05:35:09.6712057Z  + certifi==2026.7.22
Python 3.14 (experimental)	Install locked environment	2026-09-23T05:35:09.6712330Z  + cffi==2.1.0
Python 3.14 (experimental)	Install locked environment	2026-09-23T05:35:09.6712568Z  + cfgv==3.5.0
Python 3.14 (experimental)	Install locked environment	2026-09-23T05:35:09.6715926Z  + click==8.5.0
Python 3.14 (experimental)	Install locked environment	2026-09-23T05:35:09.6728331Z  + coverage==7.15.2
Python 3.14 (experimental)	Install locked environment	2026-09-23T05:35:09.6728652Z  + curl-cffi==0.16.0
Python 3.14 (experimental)	Install locked environment	2026-09-23T05:35:09.6728913Z  + distlib==0.4.3
Python 3.14 (experimental)	Install locked environment	2026-09-23T05:35:09.6729197Z  + filelock==3.32.2
Python 3.14 (experimental)	Install locked environment	2026-09-23T05:35:09.6729444Z  + grimp==3.17
Python 3.14 (experimental)	Install locked environment	2026-09-23T05:35:09.6729686Z  + h11==0.16.0
Python 3.14 (experimental)	Install locked environment	2026-09-23T05:35:09.6729918Z  + httpcore==1.0.9
Python 3.14 (experimental)	Install locked environment	2026-09-23T05:35:09.6730162Z  + httpx==0.28.1
Python 3.14 (experimental)	Install locked environment	2026-09-23T05:35:09.6730398Z  + identify==2.6.19
Python 3.14 (experimental)	Install locked environment	2026-09-23T05:35:09.6730646Z  + idna==3.18
Python 3.14 (experimental)	Install locked environment	2026-09-23T05:35:09.6730892Z  + import-linter==2.15
Python 3.14 (experimental)	Install locked environment	2026-09-23T05:35:09.6731165Z  + iniconfig==2.3.0
Python 3.14 (experimental)	Install locked environment	2026-09-23T05:35:09.6731424Z  + markdown-it-py==4.2.0
Python 3.14 (experimental)	Install locked environment	2026-09-23T05:35:09.6731701Z  + mdurl==0.1.2
Python 3.14 (experimental)	Install locked environment	2026-09-23T05:35:09.6731881Z  + nodeenv==1.10.0
Python 3.14 (experimental)	Install locked environment	2026-09-23T05:35:09.6732077Z  + packaging==26.2
Python 3.14 (experimental)	Install locked environment	2026-09-23T05:35:09.6732451Z  + platformdirs==4.11.0
Python 3.14 (experimental)	Install locked environment	2026-09-23T05:35:09.6732634Z  + pluggy==1.6.0
Python 3.14 (experimental)	Install locked environment	2026-09-23T05:35:09.6732806Z  + pre-commit==4.6.1
Python 3.14 (experimental)	Install locked environment	2026-09-23T05:35:09.6733315Z  + predictor-core==3.2.1 (from file:///home/runner/work/core-predictor/core-predictor)
Python 3.14 (experimental)	Install locked environment	2026-09-23T05:35:09.6733668Z  + pycparser==3.0
Python 3.14 (experimental)	Install locked environment	2026-09-23T05:35:09.6733847Z  + pydantic==2.13.4
Python 3.14 (experimental)	Install locked environment	2026-09-23T05:35:09.6734035Z  + pydantic-core==2.46.4
Python 3.14 (experimental)	Install locked environment	2026-09-23T05:35:09.6734224Z  + pygments==2.20.0
Python 3.14 (experimental)	Install locked environment	2026-09-23T05:35:09.6734399Z  + pyproject-hooks==1.2.0
Python 3.14 (experimental)	Install locked environment	2026-09-23T05:35:09.6734581Z  + pyright==1.1.411
Python 3.14 (experimental)	Install locked environment	2026-09-23T05:35:09.6734753Z  + pytest==9.0.3
Python 3.14 (experimental)	Install locked environment	2026-09-23T05:35:09.6734925Z  + pytest-cov==6.3.0
Python 3.14 (experimental)	Install locked environment	2026-09-23T05:35:09.6735102Z  + python-discovery==1.5.1
Python 3.14 (experimental)	Install locked environment	2026-09-23T05:35:09.6735288Z  + pyyaml==6.0.3
Python 3.14 (experimental)	Install locked environment	2026-09-23T05:35:09.6735618Z  + rich==15.0.0
Python 3.14 (experimental)	Install locked environment	2026-09-23T05:35:09.6735809Z  + ruff==0.16.1
Python 3.14 (experimental)	Install locked environment	2026-09-23T05:35:09.6735980Z  + typing-extensions==4.16.0
Python 3.14 (experimental)	Install locked environment	2026-09-23T05:35:09.6736181Z  + typing-inspection==0.4.2
Python 3.14 (experimental)	Install locked environment	2026-09-23T05:35:09.6736546Z  + virtualenv==21.7.1
Python 3.14 (experimental)	Scientific architecture boundary	﻿2026-09-23T05:35:09.6837192Z ##[group]Run uv run --no-sync lint-imports
Python 3.14 (experimental)	Scientific architecture boundary	2026-09-23T05:35:09.6837483Z ^[[36;1muv run --no-sync lint-imports^[[0m
Python 3.14 (experimental)	Scientific architecture boundary	2026-09-23T05:35:09.6869552Z shell: /usr/bin/bash -e {0}
Python 3.14 (experimental)	Scientific architecture boundary	2026-09-23T05:35:09.6869772Z env:
Python 3.14 (experimental)	Scientific architecture boundary	2026-09-23T05:35:09.6870008Z   UV_PYTHON_INSTALL_DIR: /home/runner/work/_temp/uv-python-dir
Python 3.14 (experimental)	Scientific architecture boundary	2026-09-23T05:35:09.6870334Z   UV_CACHE_DIR: /home/runner/work/_temp/setup-uv-cache
Python 3.14 (experimental)	Scientific architecture boundary	2026-09-23T05:35:09.6870579Z ##[endgroup]
Python 3.14 (experimental)	Scientific architecture boundary	2026-09-23T05:35:09.7405553Z warning: Using incompatible environment (`.venv`) due to `--no-sync` (The project environment's Python version does not satisfy the request: `Python 3.13`)
Python 3.14 (experimental)	Scientific architecture boundary	2026-09-23T05:35:10.0059701Z 
Python 3.14 (experimental)	Scientific architecture boundary	2026-09-23T05:35:10.0060384Z ╔══╗─────────▶╔╗ ╔╗      ╔╗◀───┐
Python 3.14 (experimental)	Scientific architecture boundary	2026-09-23T05:35:10.0060721Z ╚╣╠╝◀─────┐  ╔╝╚╗║║────▶╔╝╚╗   │
Python 3.14 (experimental)	Scientific architecture boundary	2026-09-23T05:35:10.0060988Z  ║║   ╔══╦══╦╩╗╔╝║║  ╔╦═╩╗╔╝╔═╦══╗
Python 3.14 (experimental)	Scientific architecture boundary	2026-09-23T05:35:10.0061245Z  ║║╔══╣╔╗║╔╗║╔╣║ ║║ ╔╬╣╔╗║║ ║│║╔═╝
Python 3.14 (experimental)	Scientific architecture boundary	2026-09-23T05:35:10.0061482Z ╔╣╠╣║║║╚╝║╚╝║║║╚╗║╚═╝║║║║║╚╗║═╣║
Python 3.14 (experimental)	Scientific architecture boundary	2026-09-23T05:35:10.0061719Z ╚══╩╩╩╣╔═╩══╩╝╚═╝╚═══╩╩╝╚╩═╩╩═╩╝
Python 3.14 (experimental)	Scientific architecture boundary	2026-09-23T05:35:10.0062037Z   └──▶║║                    ▲ 
Python 3.14 (experimental)	Scientific architecture boundary	2026-09-23T05:35:10.0062265Z       ╚╝────────────────────┘
Python 3.14 (experimental)	Scientific architecture boundary	2026-09-23T05:35:10.0062390Z 
Python 3.14 (experimental)	Scientific architecture boundary	2026-09-23T05:35:10.0438854Z 
Python 3.14 (experimental)	Scientific architecture boundary	2026-09-23T05:35:10.0440914Z ---------
Python 3.14 (experimental)	Scientific architecture boundary	2026-09-23T05:35:10.0441914Z Contracts
Python 3.14 (experimental)	Scientific architecture boundary	2026-09-23T05:35:10.0443124Z ---------
Python 3.14 (experimental)	Scientific architecture boundary	2026-09-23T05:35:10.0443890Z 
Python 3.14 (experimental)	Scientific architecture boundary	2026-09-23T05:35:10.0445703Z Analyzed 41 files, 28 dependencies.
Python 3.14 (experimental)	Scientific architecture boundary	2026-09-23T05:35:10.0446717Z -----------------------------------
Python 3.14 (experimental)	Scientific architecture boundary	2026-09-23T05:35:10.0447373Z 
Python 3.14 (experimental)	Scientific architecture boundary	2026-09-23T05:35:10.0451138Z Scientific scalar contracts do not depend on I/O or measurement KEPT
Python 3.14 (experimental)	Scientific architecture boundary	2026-09-23T05:35:10.0451574Z 
Python 3.14 (experimental)	Scientific architecture boundary	2026-09-23T05:35:10.0452156Z Contracts: 1 kept, 0 broken.
Python 3.14 (experimental)	Test	﻿2026-09-23T05:35:10.0659683Z ##[group]Run uv run --no-sync coverage erase
Python 3.14 (experimental)	Test	2026-09-23T05:35:10.0659989Z ^[[36;1muv run --no-sync coverage erase^[[0m
Python 3.14 (experimental)	Test	2026-09-23T05:35:10.0660327Z ^[[36;1muv run --no-sync coverage run --source=src/predictor_core -m pytest -q^[[0m
Python 3.14 (experimental)	Test	2026-09-23T05:35:10.0660687Z ^[[36;1muv run --no-sync coverage report --fail-under=80^[[0m
Python 3.14 (experimental)	Test	2026-09-23T05:35:10.0692422Z shell: /usr/bin/bash -e {0}
Python 3.14 (experimental)	Test	2026-09-23T05:35:10.0692629Z env:
Python 3.14 (experimental)	Test	2026-09-23T05:35:10.0692868Z   UV_PYTHON_INSTALL_DIR: /home/runner/work/_temp/uv-python-dir
Python 3.14 (experimental)	Test	2026-09-23T05:35:10.0693185Z   UV_CACHE_DIR: /home/runner/work/_temp/setup-uv-cache
Python 3.14 (experimental)	Test	2026-09-23T05:35:10.0693432Z ##[endgroup]
Python 3.14 (experimental)	Test	2026-09-23T05:35:10.0829355Z warning: Using incompatible environment (`.venv`) due to `--no-sync` (The project environment's Python version does not satisfy the request: `Python 3.13`)
Python 3.14 (experimental)	Test	2026-09-23T05:35:10.2700254Z warning: Using incompatible environment (`.venv`) due to `--no-sync` (The project environment's Python version does not satisfy the request: `Python 3.13`)
Python 3.14 (experimental)	Test	2026-09-23T05:35:11.8840896Z ........................................................................ [ 25%]
Python 3.14 (experimental)	Test	2026-09-23T05:35:12.1580637Z ........................................................................ [ 51%]
Python 3.14 (experimental)	Test	2026-09-23T05:35:12.2963033Z ........................................................................ [ 77%]
Python 3.14 (experimental)	Test	2026-09-23T05:35:12.4388731Z ..............................................................           [100%]
Python 3.14 (experimental)	Test	2026-09-23T05:35:12.4389448Z 278 passed in 1.23s
Python 3.14 (experimental)	Test	2026-09-23T05:35:12.5340431Z warning: Using incompatible environment (`.venv`) due to `--no-sync` (The project environment's Python version does not satisfy the request: `Python 3.13`)
Python 3.14 (experimental)	Test	2026-09-23T05:35:12.7188371Z Name                                          Stmts   Miss Branch BrPart  Cover   Missing
Python 3.14 (experimental)	Test	2026-09-23T05:35:12.7188935Z -----------------------------------------------------------------------------------------
Python 3.14 (experimental)	Test	2026-09-23T05:35:12.7189352Z src/predictor_core/__init__.py                   15      1      2      0    94%   208
Python 3.14 (experimental)	Test	2026-09-23T05:35:12.7189757Z src/predictor_core/contracts/__init__.py         13      1      2      0    93%   196
Python 3.14 (experimental)	Test	2026-09-23T05:35:12.7190187Z src/predictor_core/contracts/collection.py        2      0      0      0   100%
Python 3.14 (experimental)	Test	2026-09-23T05:35:12.7190578Z src/predictor_core/contracts/points.py            2      0      0      0   100%
Python 3.14 (experimental)	Test	2026-09-23T05:35:12.7190969Z src/predictor_core/contracts/registry.py          3      0      0      0   100%
Python 3.14 (experimental)	Test	2026-09-23T05:35:12.7191485Z src/predictor_core/contracts/scientific.py      184     29     44     11    82%   48, 55, 61, 64-65, 71-72, 77, 156, 170-183, 217, 219, 226, 231, 233, 257, 264
Python 3.14 (experimental)	Test	2026-09-23T05:35:12.7192115Z src/predictor_core/contracts/trial_v2.py        187     19     90     15    88%   71-72, 93, 99, 103, 111, 123, 131, 154, 159, 165, 171, 198, 203, 216-217, 240, 265, 288
Python 3.14 (experimental)	Test	2026-09-23T05:35:12.7192625Z src/predictor_core/data/__init__.py               0      0      0      0   100%
Python 3.14 (experimental)	Test	2026-09-23T05:35:12.7193004Z src/predictor_core/data/aggregation.py           33      1     14      1    96%   75
Python 3.14 (experimental)	Test	2026-09-23T05:35:12.7193427Z src/predictor_core/data/circuit_breaker.py       62      3     18      2    94%   95-96, 118
Python 3.14 (experimental)	Test	2026-09-23T05:35:12.7193993Z src/predictor_core/data/collection.py           193     21     74     18    85%   84, 87-88, 97, 104, 107-108, 154, 158, 170, 172, 184, 207, 213, 232, 295, 312, 316, 334, 365, 369, 373->361
Python 3.14 (experimental)	Test	2026-09-23T05:35:12.7194576Z src/predictor_core/data/contracts.py            124      8     30      5    90%   29, 124, 136, 138, 143, 163-165
Python 3.14 (experimental)	Test	2026-09-23T05:35:12.7194997Z src/predictor_core/data/quality.py               36      2     20      2    93%   59, 78
Python 3.14 (experimental)	Test	2026-09-23T05:35:12.7195682Z src/predictor_core/data/router.py                72      8     24      8    83%   68, 69->76, 80, 119, 121, 130-136, 140, 144
Python 3.14 (experimental)	Test	2026-09-23T05:35:12.7196471Z src/predictor_core/data/source_quality.py       120     10     18      5    89%   46, 56, 84-88, 93, 129, 159
Python 3.14 (experimental)	Test	2026-09-23T05:35:12.7196954Z src/predictor_core/infra.py                       2      0      0      0   100%
Python 3.14 (experimental)	Test	2026-09-23T05:35:12.7197780Z src/predictor_core/kernel/__init__.py             0      0      0      0   100%
Python 3.14 (experimental)	Test	2026-09-23T05:35:12.7198135Z src/predictor_core/kernel/infra.py               27      0      4      0   100%
Python 3.14 (experimental)	Test	2026-09-23T05:35:12.7198511Z src/predictor_core/kernel/jsonable.py            16      0      6      0   100%
Python 3.14 (experimental)	Test	2026-09-23T05:35:12.7198910Z src/predictor_core/kernel/jsonl_store.py         40      1     10      1    96%   93
Python 3.14 (experimental)	Test	2026-09-23T05:35:12.7199288Z src/predictor_core/kernel/meta.py                11      0      4      0   100%
Python 3.14 (experimental)	Test	2026-09-23T05:35:12.7199718Z src/predictor_core/kernel/net.py                 87     50     20      2    42%   29-47, 51-55, 80-82, 91, 106-108, 120-128, 134-158
Python 3.14 (experimental)	Test	2026-09-23T05:35:12.7200186Z src/predictor_core/kernel/obs.py                 54      4     16      1    93%   21-22, 31, 126
Python 3.14 (experimental)	Test	2026-09-23T05:35:12.7200583Z src/predictor_core/kernel/settings.py            16      0      2      0   100%
Python 3.14 (experimental)	Test	2026-09-23T05:35:12.7201002Z src/predictor_core/kernel/timeindex.py           15      0      2      0   100%
Python 3.14 (experimental)	Test	2026-09-23T05:35:12.7201398Z src/predictor_core/measurement/__init__.py        0      0      0      0   100%
Python 3.14 (experimental)	Test	2026-09-23T05:35:12.7201792Z src/predictor_core/measurement/bootstrap.py      66      1     36      1    98%   135
Python 3.14 (experimental)	Test	2026-09-23T05:35:12.7202307Z src/predictor_core/measurement/metrics.py       123     15     52     16    82%   28, 30, 69, 87, 119, 122->145, 127, 130, 136, 139, 151, 153, 158, 164, 180, 183
Python 3.14 (experimental)	Test	2026-09-23T05:35:12.7203002Z src/predictor_core/measurement/replay.py         47      2     22      3    93%   40, 55, 93->101, 96->93
Python 3.14 (experimental)	Test	2026-09-23T05:35:12.7203467Z src/predictor_core/measurement/stats.py         102     15     40      5    83%   79, 90-91, 96-104, 144, 173, 177
Python 3.14 (experimental)	Test	2026-09-23T05:35:12.7204139Z src/predictor_core/measurement/trials.py        295     47    124     15    84%   91-92, 153-171, 185, 222-223, 231-232, 235-236, 238-242, 248, 254-255, 269->273, 294-295, 303, 362, 366, 370, 375, 495-496, 500, 507, 521, 525, 612
Python 3.14 (experimental)	Test	2026-09-23T05:35:12.7204770Z src/predictor_core/net.py                         2      0      0      0   100%
Python 3.14 (experimental)	Test	2026-09-23T05:35:12.7205120Z src/predictor_core/obs.py                         2      0      0      0   100%
Python 3.14 (experimental)	Test	2026-09-23T05:35:12.7205553Z src/predictor_core/replay.py                      2      0      0      0   100%
Python 3.14 (experimental)	Test	2026-09-23T05:35:12.7205908Z src/predictor_core/settings.py                    2      0      0      0   100%
Python 3.14 (experimental)	Test	2026-09-23T05:35:12.7206269Z src/predictor_core/stats.py                       2      0      0      0   100%
Python 3.14 (experimental)	Test	2026-09-23T05:35:12.7206626Z src/predictor_core/testing/__init__.py            0      0      0      0   100%
Python 3.14 (experimental)	Test	2026-09-23T05:35:12.7207019Z src/predictor_core/testing/harness.py            50      3     10      1    93%   53-54, 164
Python 3.14 (experimental)	Test	2026-09-23T05:35:12.7207439Z src/predictor_core/testing/prequential.py        31      1     12      1    95%   64
Python 3.14 (experimental)	Test	2026-09-23T05:35:12.7207823Z src/predictor_core/testing/secrets.py            19      0      8      0   100%
Python 3.14 (experimental)	Test	2026-09-23T05:35:12.7208221Z src/predictor_core/testing/synth.py              35      3     14      4    86%   18, 39->38, 52, 54
Python 3.14 (experimental)	Test	2026-09-23T05:35:12.7208621Z -----------------------------------------------------------------------------------------
Python 3.14 (experimental)	Test	2026-09-23T05:35:12.7208957Z TOTAL                                          2092    245    718    117    86%
Python 3.14 (experimental)	Lint and format	﻿2026-09-23T05:35:12.7351621Z ##[group]Run uv run --no-sync ruff check . && uv run --no-sync ruff format --check .
Python 3.14 (experimental)	Lint and format	2026-09-23T05:35:12.7352097Z ^[[36;1muv run --no-sync ruff check . && uv run --no-sync ruff format --check .^[[0m
Python 3.14 (experimental)	Lint and format	2026-09-23T05:35:12.7385584Z shell: /usr/bin/bash -e {0}
Python 3.14 (experimental)	Lint and format	2026-09-23T05:35:12.7385800Z env:
Python 3.14 (experimental)	Lint and format	2026-09-23T05:35:12.7386044Z   UV_PYTHON_INSTALL_DIR: /home/runner/work/_temp/uv-python-dir
Python 3.14 (experimental)	Lint and format	2026-09-23T05:35:12.7386365Z   UV_CACHE_DIR: /home/runner/work/_temp/setup-uv-cache
Python 3.14 (experimental)	Lint and format	2026-09-23T05:35:12.7386609Z ##[endgroup]
Python 3.14 (experimental)	Lint and format	2026-09-23T05:35:12.7508984Z warning: Using incompatible environment (`.venv`) due to `--no-sync` (The project environment's Python version does not satisfy the request: `Python 3.13`)
Python 3.14 (experimental)	Lint and format	2026-09-23T05:35:12.7623165Z All checks passed!
Python 3.14 (experimental)	Lint and format	2026-09-23T05:35:12.7709128Z warning: Using incompatible environment (`.venv`) due to `--no-sync` (The project environment's Python version does not satisfy the request: `Python 3.13`)
Python 3.14 (experimental)	Lint and format	2026-09-23T05:35:12.7830290Z 99 files already formatted
Python 3.14 (experimental)	Type check	﻿2026-09-23T05:35:12.7868305Z ##[group]Run uv run --no-sync pyright
Python 3.14 (experimental)	Type check	2026-09-23T05:35:12.7868592Z ^[[36;1muv run --no-sync pyright^[[0m
Python 3.14 (experimental)	Type check	2026-09-23T05:35:12.7900715Z shell: /usr/bin/bash -e {0}
Python 3.14 (experimental)	Type check	2026-09-23T05:35:12.7900939Z env:
Python 3.14 (experimental)	Type check	2026-09-23T05:35:12.7901188Z   UV_PYTHON_INSTALL_DIR: /home/runner/work/_temp/uv-python-dir
Python 3.14 (experimental)	Type check	2026-09-23T05:35:12.7901512Z   UV_CACHE_DIR: /home/runner/work/_temp/setup-uv-cache
Python 3.14 (experimental)	Type check	2026-09-23T05:35:12.7901758Z ##[endgroup]
Python 3.14 (experimental)	Type check	2026-09-23T05:35:12.8069318Z warning: Using incompatible environment (`.venv`) due to `--no-sync` (The project environment's Python version does not satisfy the request: `Python 3.13`)
Python 3.14 (experimental)	Type check	2026-09-23T05:35:15.0141539Z 0 errors, 0 warnings, 0 informations
Python 3.14 (experimental)	Type check	2026-09-23T05:35:15.0365037Z WARNING: there is a new pyright version available (v1.1.411 -> v1.1.414).
Python 3.14 (experimental)	Type check	2026-09-23T05:35:15.0365848Z Please install the new version or set PYRIGHT_PYTHON_FORCE_VERSION to `latest`
Python 3.14 (experimental)	Type check	2026-09-23T05:35:15.0366211Z 
Python 3.14 (experimental)	Post Run astral-sh/setup-uv@v7	﻿2026-09-23T05:35:15.0597908Z Post job cleanup.
Python 3.14 (experimental)	Post Run astral-sh/setup-uv@v7	2026-09-23T05:35:15.1476443Z UV_CACHE_DIR is already set to /home/runner/work/_temp/setup-uv-cache
Python 3.14 (experimental)	Post Run astral-sh/setup-uv@v7	2026-09-23T05:35:15.1480128Z UV_PYTHON_INSTALL_DIR is already set to /home/runner/work/_temp/uv-python-dir
Python 3.14 (experimental)	Post Run astral-sh/setup-uv@v7	2026-09-23T05:35:15.1481802Z Cache hit occurred on key setup-uv-2-x86_64-unknown-linux-gnu-ubuntu-24.04-unknown-pruned-41ab741aa34a8d4055a8dd814a7c16156aa6ce96f91973a87376c39b20fe828a, not saving cache.
Python 3.14 (experimental)	Post Run actions/checkout@v7	﻿2026-09-23T05:35:15.2087861Z Post job cleanup.
Python 3.14 (experimental)	Post Run actions/checkout@v7	2026-09-23T05:35:15.2773403Z [command]/usr/bin/git version
Python 3.14 (experimental)	Post Run actions/checkout@v7	2026-09-23T05:35:15.2813630Z git version 2.55.0
Python 3.14 (experimental)	Post Run actions/checkout@v7	2026-09-23T05:35:15.2841867Z Temporarily overriding HOME='/home/runner/work/_temp/302131d6-8e0b-42ba-ac7d-7ce20f585204' before making global git config changes
Python 3.14 (experimental)	Post Run actions/checkout@v7	2026-09-23T05:35:15.2843018Z Adding repository directory to the temporary git global config as a safe directory
Python 3.14 (experimental)	Post Run actions/checkout@v7	2026-09-23T05:35:15.2846227Z [command]/usr/bin/git config --global --add safe.directory /home/runner/work/core-predictor/core-predictor
Python 3.14 (experimental)	Post Run actions/checkout@v7	2026-09-23T05:35:15.2872533Z Removing SSH command configuration
Python 3.14 (experimental)	Post Run actions/checkout@v7	2026-09-23T05:35:15.2877968Z [command]/usr/bin/git config --local --name-only --get-regexp core\.sshCommand
Python 3.14 (experimental)	Post Run actions/checkout@v7	2026-09-23T05:35:15.2910955Z [command]/usr/bin/git submodule foreach --recursive sh -c "git config --local --name-only --get-regexp 'core\.sshCommand' && git config --local --unset-all 'core.sshCommand' || :"
Python 3.14 (experimental)	Post Run actions/checkout@v7	2026-09-23T05:35:15.3114668Z Removing HTTP extra header
Python 3.14 (experimental)	Post Run actions/checkout@v7	2026-09-23T05:35:15.3121036Z [command]/usr/bin/git config --local --name-only --get-regexp http\.https\:\/\/github\.com\/\.extraheader
Python 3.14 (experimental)	Post Run actions/checkout@v7	2026-09-23T05:35:15.3149991Z [command]/usr/bin/git submodule foreach --recursive sh -c "git config --local --name-only --get-regexp 'http\.https\:\/\/github\.com\/\.extraheader' && git config --local --unset-all 'http.https://github.com/.extraheader' || :"
Python 3.14 (experimental)	Post Run actions/checkout@v7	2026-09-23T05:35:15.3363625Z Removing includeIf entries pointing to credentials config files
Python 3.14 (experimental)	Post Run actions/checkout@v7	2026-09-23T05:35:15.3370995Z [command]/usr/bin/git config --local --name-only --get-regexp ^includeIf\.gitdir:
Python 3.14 (experimental)	Post Run actions/checkout@v7	2026-09-23T05:35:15.3397441Z includeif.gitdir:/home/runner/work/core-predictor/core-predictor/.git.path
Python 3.14 (experimental)	Post Run actions/checkout@v7	2026-09-23T05:35:15.3398341Z includeif.gitdir:/home/runner/work/core-predictor/core-predictor/.git/worktrees/*.path
Python 3.14 (experimental)	Post Run actions/checkout@v7	2026-09-23T05:35:15.3399174Z includeif.gitdir:/github/workspace/.git.path
Python 3.14 (experimental)	Post Run actions/checkout@v7	2026-09-23T05:35:15.3399838Z includeif.gitdir:/github/workspace/.git/worktrees/*.path
Python 3.14 (experimental)	Post Run actions/checkout@v7	2026-09-23T05:35:15.3404563Z [command]/usr/bin/git config --local --get-all includeif.gitdir:/home/runner/work/core-predictor/core-predictor/.git.path
Python 3.14 (experimental)	Post Run actions/checkout@v7	2026-09-23T05:35:15.3427461Z /home/runner/work/_temp/git-credentials-79bd0e52-6455-4314-85f2-497aebd86998.config
Python 3.14 (experimental)	Post Run actions/checkout@v7	2026-09-23T05:35:15.3435927Z [command]/usr/bin/git config --local --unset includeif.gitdir:/home/runner/work/core-predictor/core-predictor/.git.path \/home\/runner\/work\/_temp\/git\-credentials\-79bd0e52\-6455\-4314\-85f2\-497aebd86998\.config
Python 3.14 (experimental)	Post Run actions/checkout@v7	2026-09-23T05:35:15.3468133Z [command]/usr/bin/git config --local --get-all includeif.gitdir:/home/runner/work/core-predictor/core-predictor/.git/worktrees/*.path
Python 3.14 (experimental)	Post Run actions/checkout@v7	2026-09-23T05:35:15.3491368Z /home/runner/work/_temp/git-credentials-79bd0e52-6455-4314-85f2-497aebd86998.config
Python 3.14 (experimental)	Post Run actions/checkout@v7	2026-09-23T05:35:15.3497260Z [command]/usr/bin/git config --local --unset includeif.gitdir:/home/runner/work/core-predictor/core-predictor/.git/worktrees/*.path \/home\/runner\/work\/_temp\/git\-credentials\-79bd0e52\-6455\-4314\-85f2\-497aebd86998\.config
Python 3.14 (experimental)	Post Run actions/checkout@v7	2026-09-23T05:35:15.3534180Z [command]/usr/bin/git config --local --get-all includeif.gitdir:/github/workspace/.git.path
Python 3.14 (experimental)	Post Run actions/checkout@v7	2026-09-23T05:35:15.3576232Z /github/runner_temp/git-credentials-79bd0e52-6455-4314-85f2-497aebd86998.config
Python 3.14 (experimental)	Post Run actions/checkout@v7	2026-09-23T05:35:15.3578309Z [command]/usr/bin/git config --local --unset includeif.gitdir:/github/workspace/.git.path \/github\/runner_temp\/git\-credentials\-79bd0e52\-6455\-4314\-85f2\-497aebd86998\.config
Python 3.14 (experimental)	Post Run actions/checkout@v7	2026-09-23T05:35:15.3600875Z [command]/usr/bin/git config --local --get-all includeif.gitdir:/github/workspace/.git/worktrees/*.path
Python 3.14 (experimental)	Post Run actions/checkout@v7	2026-09-23T05:35:15.3619629Z /github/runner_temp/git-credentials-79bd0e52-6455-4314-85f2-497aebd86998.config
Python 3.14 (experimental)	Post Run actions/checkout@v7	2026-09-23T05:35:15.3625148Z [command]/usr/bin/git config --local --unset includeif.gitdir:/github/workspace/.git/worktrees/*.path \/github\/runner_temp\/git\-credentials\-79bd0e52\-6455\-4314\-85f2\-497aebd86998\.config
Python 3.14 (experimental)	Post Run actions/checkout@v7	2026-09-23T05:35:15.3662465Z [command]/usr/bin/git submodule foreach --recursive git config --local --show-origin --name-only --get-regexp remote.origin.url
Python 3.14 (experimental)	Post Run actions/checkout@v7	2026-09-23T05:35:15.3861006Z Removing credentials config '/home/runner/work/_temp/git-credentials-79bd0e52-6455-4314-85f2-497aebd86998.config'
Python 3.14 (experimental)	Complete job	﻿2026-09-23T05:35:15.3990943Z Cleaning up orphan processes
