# 2026-09-23T03:36:10Z clones de qualificação
$ git clone https://github.com/leonardosovienski/cain.git C:/QUALIFICACAO/repos/cain
exit=0
$ git clone https://github.com/leonardosovienski/ecosystem-predictor.git C:/QUALIFICACAO/repos/ecosystem-predictor
exit=0
$ git clone https://github.com/leonardosovienski/core-predictor.git C:/QUALIFICACAO/repos/core-predictor
exit=0
$ git clone https://github.com/leonardosovienski/predictor-ops.git C:/QUALIFICACAO/repos/predictor-ops
exit=0
$ git clone https://github.com/leonardosovienski/brasileirao-predictor.git C:/QUALIFICACAO/repos/brasileirao-predictor
error: unable to create file docs/continuation/publication_2026-09-10/evidence/ci-34544695904/extracted/10178595450/brasileirao-predictor/brasileirao-predictor/artifacts/dotnet-coverage/ae9517b8-899a-4b46-b359-00fb06171f85/coverage.cobertura.xml: Filename too long
error: unable to create file docs/continuation/publication_2026-09-10/evidence/ci-34552247397/extracted/10181263843/brasileirao-predictor/brasileirao-predictor/artifacts/dotnet-coverage/2c9f7abe-8936-4fb4-8321-42168f9c2d3a/coverage.cobertura.xml: Filename too long
fatal: unable to checkout working tree
warning: Clone succeeded, but checkout failed.
You can inspect what was checked out with 'git status'
and retry with 'git restore --source=HEAD :/'

exit=128
$ git clone https://github.com/leonardosovienski/cripto-predictor.git C:/Cripto/qualificacao/cripto-predictor
exit=0
$ git clone https://github.com/leonardosovienski/stocks-predictor.git C:/STOCKS/work/qualification/stocks-predictor
exit=0
== /c/QUALIFICACAO/repos/brasileirao-predictor
34d73e25104425aee2eeda1e8f7a2c01902a686e
34d73e25104425aee2eeda1e8f7a2c01902a686e
## main...origin/main
D  .ci/cain-supply/overlay.zip
D  .dockerignore
D  .env.example
D  .gitattributes
D  .github/dependabot.yml
D  .github/workflows/cain-export.yml
D  .github/workflows/ci.yml
D  .github/workflows/publication-validation.yml
D  .gitignore
D  ARCHITECTURE_IMPLEMENTATION.md
D  Dockerfile.cli
D  Dockerfile.kernel
D  Dockerfile.worker
D  HANDOFF.md
D  PUBLICATION_STATUS_20260912.md
D  README.md
D  brasileirao_predictor/__init__.py
D  brasileirao_predictor/a1_phase0.py
D  brasileirao_predictor/a1_recommendation.py
D  brasileirao_predictor/backtest.py
D  brasileirao_predictor/backtest_event.py
D  brasileirao_predictor/backup_restore.py
D  brasileirao_predictor/bet_log.py
D  brasileirao_predictor/bootstrap.py
D  brasileirao_predictor/check_coverage.py
D  brasileirao_predictor/collector_a1.py
D  brasileirao_predictor/cron_update_models.py
D  brasileirao_predictor/data/api_football_provider.py
D  brasileirao_predictor/data/bitemporal_store.py
D  brasileirao_predictor/data/bookmaker_odds.py
D  brasileirao_predictor/data/bookmaker_stability.py
D  brasileirao_predictor/data/collection_only_archive.py
D  brasileirao_predictor/data/historical_expansion.py
D  brasileirao_predictor/data/lineup_archive.py
D  brasileirao_predictor/data/lineup_envelopes.py
D  brasileirao_predictor/data/market_anchor.py
D  brasileirao_predictor/data/missingness_audit.py
D  brasileirao_predictor/data/odds_api_snapshot.py
D  brasileirao_predictor/data/pit_backfill.py
D  brasileirao_predictor/data/promotions.py
D  brasileirao_predictor/data/prospective_shadow.py
D  brasileirao_predictor/data/sportmonks_provider.py
D  brasileirao_predictor/data/the_odds_api_provider.py
D  brasileirao_predictor/data/xg_quality.py
D  brasileirao_predictor/db.py
D  brasileirao_predictor/diagnose_event_data.py
D  brasileirao_predictor/display.py
D  brasileirao_predictor/dixon_coles.py
D  brasileirao_predictor/dynamic_strength.py
D  brasileirao_predictor/ecosystem_plugin.py
D  brasileirao_predictor/elo_baseline.py
D  brasileirao_predictor/evaluator.py
D  brasileirao_predictor/event_models.py
D  brasileirao_predictor/feature_builder.py
D  brasileirao_predictor/formal_prediction.py
D  brasileirao_predictor/identity.py
D  brasileirao_predictor/ingest.py
D  brasileirao_predictor/ingest_fbref.py
D  brasileirao_predictor/ingest_sofascore.py
D  brasileirao_predictor/kernel_cli.py
D  brasileirao_predictor/kernel_daemon.py
D  brasileirao_predictor/kernel_message.py
D  brasileirao_predictor/kernel_redis_v2.py
D  brasileirao_predictor/market_pricer.py
D  brasileirao_predictor/math_utils.py
D  brasileirao_predictor/model.py
D  brasileirao_predictor/net.py
D  brasileirao_predictor/obs.py
D  brasileirao_predictor/operational_readiness.py
D  brasileirao_predictor/paths.py
D  brasileirao_predictor/predict.py
D  brasileirao_predictor/prediction_log.py
D  brasileirao_predictor/prediction_protocol.py
D  brasileirao_predictor/ratings.py
D  brasileirao_predictor/research/__init__.py
D  brasileirao_predictor/research/calibration_gate.py
D  brasileirao_predictor/research/contextual_ensemble.py
D  brasileirao_predictor/research/economic_decision.py
D  brasileirao_predictor/research/h9_shadow.py
D  brasileirao_predictor/research/market_0b_resolution.py
D  brasileirao_predictor/research/market_edge_ordering.py
D  brasileirao_predictor/research/market_residual.py
D  brasileirao_predictor/research/ou25_nested_replay.py
D  brasileirao_predictor/research/pit_features/__init__.py
D  brasileirao_predictor/research/pit_features/absences.py
D  brasileirao_predictor/research/pit_features/contextual.py
D  brasileirao_predictor/research/pit_features/contracts.py
D  brasileirao_predictor/research/pit_features/hierarchical_home_advantage.py
D  brasileirao_predictor/research/pit_features/isolated_xg.py
D  brasileirao_predictor/research/pit_features/lineup.py
D  brasileirao_predictor/research/price_strength/README.md
D  brasileirao_predictor/research/price_strength/__init__.py
D  brasileirao_predictor/research/price_strength/__main__.py
D  brasileirao_predictor/research/price_strength/artifacts.py
D  brasileirao_predictor/research/price_strength/capture_decision.py
D  brasileirao_predictor/research/price_strength/closing_scenario.py
D  brasileirao_predictor/research/price_strength/demo.py
D  brasileirao_predictor/research/price_strength/dynamic_xg.py
D  brasileirao_predictor/research/price_strength/economic_search.py
D  brasileirao_predictor/research/price_strength/historical_admission.py
D  brasileirao_predictor/research/price_strength/live_capture_admission.py
D  brasileirao_predictor/research/price_strength/price_hurdle.py
D  brasileirao_predictor/research/price_strength/quotes.py
D  brasileirao_predictor/research/price_strength/study.py
D  brasileirao_predictor/research/price_strength_reliability.py
D  brasileirao_predictor/research/promoted_cold_start.py
D  brasileirao_predictor/research/prospective_validation/__init__.py
D  brasileirao_predictor/research/prospective_validation/contracts.py
D  brasileirao_predictor/research/prospective_validation/ledger.py
D  brasileirao_predictor/research/prospective_validation/metrics.py
D  brasileirao_predictor/research/residual_dataset.py
D  brasileirao_predictor/research/residual_features.py
D  brasileirao_predictor/research/residual_gate.py
D  brasileirao_predictor/research/residual_walkforward.py
D  brasileirao_predictor/research/rho_stability.py
D  brasileirao_predictor/research/score_metrics.py
D  brasileirao_predictor/research/season_2026_split.py
D  brasileirao_predictor/research/shadow_portfolio.py
D  brasileirao_predictor/research/sofascore_probe.py
D  brasileirao_predictor/research/structural_edge.py
D  brasileirao_predictor/research/survival_test.py
D  brasileirao_predictor/research/temporal_replay.py
D  brasileirao_predictor/research/test_combinations.py
D  brasileirao_predictor/research/verify_calibration.py
D  brasileirao_predictor/research/vorp_ridge.py
D  brasileirao_predictor/serving_evaluator.py
D  brasileirao_predictor/settings.py
D  brasileirao_predictor/settle.py
D  brasileirao_predictor/simulator.py
D  brasileirao_predictor/sofascore.py
D  brasileirao_predictor/status.py
D  brasileirao_predictor/temporal_policy.py
D  brasileirao_predictor/xg_model.py
D  brasileirao_scripts/__init__.py
D  brasileirao_scripts/_attest_only.py
D  brasileirao_scripts/_prospective_evaluation_guard.py
D  brasileirao_scripts/a1_phase0.py
D  brasileirao_scripts/audit_missingness.py
D  brasileirao_scripts/auditoria.py
D  brasileirao_scripts/backfill_bookmaker_smokes.py
D  brasileirao_scripts/backfill_player_comp_stats_from_sofascore.py
D  brasileirao_scripts/backtest_close.py
D  brasileirao_scripts/backtest_walkforward.py
D  brasileirao_scripts/backup_h9_runtime.py
D  brasileirao_scripts/benchmark_predictor.py
D  brasileirao_scripts/bootstrap_calibration_window.py
D  brasileirao_scripts/bundle_h9_evidence.py
D  brasileirao_scripts/calib_empate.py
D  brasileirao_scripts/calib_ou.py
D  brasileirao_scripts/capture_sofascore_event.py
D  brasileirao_scripts/check_prediction_readiness.py
D  brasileirao_scripts/ci_check.py
D  brasileirao_scripts/collect_collection_only.py
D  brasileirao_scripts/collect_market_research.py
D  brasileirao_scripts/collect_odds_a1.py
D  brasileirao_scripts/collector_daily_metrics.py
D  brasileirao_scripts/compare_hypothesis_errors.py
D  brasileirao_scripts/confound.py
D  brasileirao_scripts/cosh_free.py
D  brasileirao_scripts/coverage_report.py
D  brasileirao_scripts/diag_zebra.py
D  brasileirao_scripts/elasticidade.py
D  brasileirao_scripts/emit_h9_shadow.py
D  brasileirao_scripts/eval_walkforward.py
D  brasileirao_scripts/evaluate_contextual_ensemble.py
D  brasileirao_scripts/evaluate_gate_a1.py
D  brasileirao_scripts/evaluate_h14_prospective.py
D  brasileirao_scripts/evaluate_h15_prospective.py
D  brasileirao_scripts/evaluate_market_residual.py
D  brasileirao_scripts/evaluate_promoted_cold_start.py
D  brasileirao_scripts/evaluate_rho_stability.py
D  brasileirao_scripts/evaluate_shadow_cohort.py
D  brasileirao_scripts/exp001_coverage_audit.py
D  brasileirao_scripts/exp001_data_pilot.py
D  brasileirao_scripts/exp_a_calib.py
D  brasileirao_scripts/exp_f_rho.py
D  brasileirao_scripts/experimentos_causa.py
D  brasileirao_scripts/export_version_losses.py
D  brasileirao_scripts/gen_teams_json.py
D  brasileirao_scripts/governanca.py
D  brasileirao_scripts/h10_fadiga_walkforward.py
D  brasileirao_scripts/h4_verdict_bootstrap.py
D  brasileirao_scripts/hotpath_smoke.py
D  brasileirao_scripts/import_ou25_historical_backfill.py
D  brasileirao_scripts/ingest_api_football_history.py
D  brasileirao_scripts/init_compose_data.py
D  brasileirao_scripts/install_closing_snapshot_task.ps1
D  brasileirao_scripts/install_collector_a1_task.ps1
D  brasileirao_scripts/install_windows_scheduler.ps1
D  brasileirao_scripts/inventario_dados.py
D  brasileirao_scripts/investigate_calibration_window.py
D  brasileirao_scripts/investigate_half_life.py
D  brasileirao_scripts/lineup_inbox.py
D  brasileirao_scripts/maher.py
D  brasileirao_scripts/maher_verif.py
D  brasileirao_scripts/monitor_h8_gate.py
D  brasileirao_scripts/monitor_shadow_cohort.py
D  brasileirao_scripts/odds_shop.py
D  brasileirao_scripts/operational_readiness.py
D  brasileirao_scripts/p1_cost_probe.py
D  brasileirao_scripts/permutation_test.py
D  brasileirao_scripts/persist_h14_prospective.py
D  brasileirao_scripts/persist_h15_prospective.py
D  brasileirao_scripts/playoff_clv.py
D  brasileirao_scripts/poc_fadiga.py
D  brasileirao_scripts/predict_first18_2026.py
D  brasileirao_scripts/predict_first18_ou_dc.py
D  brasileirao_scripts/predict_first18_teams.py
D  brasileirao_scripts/predict_walkforward_ev.py
D  brasileirao_scripts/prereg_serving_vs_climatologia.py
D  brasileirao_scripts/prever.py
D  brasileirao_scripts/prospective_metrics.py
D  brasileirao_scripts/prospective_protocol_v2.py
D  brasileirao_scripts/prospective_readiness.py
D  brasileirao_scripts/prova_mecanismo.py
D  brasileirao_scripts/record_closing_snapshots.py
D  brasileirao_scripts/record_h9_closing_snapshots.py
D  brasileirao_scripts/record_odds_smoke.py
D  brasileirao_scripts/register_h9_prospective.py
D  brasileirao_scripts/register_retest_2023_2026.py
D  brasileirao_scripts/registrar_h5.py
D  brasileirao_scripts/renew_core3_harness.py
D  brasileirao_scripts/replay_round_2026_08_22.py
D  brasileirao_scripts/report_h9_execution_quality.py
D  brasileirao_scripts/report_h9_missed_windows.py
D  brasileirao_scripts/report_shadow_mode.py
D  brasileirao_scripts/research_01a_refit_cadence.py
D  brasileirao_scripts/research_dynamic_strength.py
D  brasileirao_scripts/research_market02_1x2.py
D  brasileirao_scripts/research_market_0b_resolution.py
D  brasileirao_scripts/research_market_edge_ordering.py
D  brasileirao_scripts/research_ou25_annual_2021_2026.py
D  brasileirao_scripts/research_ou25_certainty.py
D  brasileirao_scripts/research_ou25_factorial.py
D  brasileirao_scripts/research_ou25_market_anchor.py
D  brasileirao_scripts/research_ou25_nested_replay.py
D  brasileirao_scripts/research_residual_diagnostics.py
D  brasileirao_scripts/research_xg_ensemble.py
D  brasileirao_scripts/run_h4_sweep.py
D  brasileirao_scripts/run_passive_task.py
D  brasileirao_scripts/seed_test_fixtures.py
D  brasileirao_scripts/settle_h9_shadow.py
D  brasileirao_scripts/settle_live_prediction.py
D  brasileirao_scripts/shadow_dashboard.py
D  brasileirao_scripts/sim_2025_2026.py
D  brasileirao_scripts/sim_melhorias.py
D  brasileirao_scripts/smoke_odds_source.py
D  brasileirao_scripts/sombra.py
D  brasileirao_scripts/sombra_diaria.py
D  brasileirao_scripts/sombra_diaria_payload.py
D  brasileirao_scripts/sync_matches_from_sofascore.py
D  brasileirao_scripts/temporal_replay_manifest.py
D  brasileirao_scripts/trial_draw_calibration_a10.py
D  brasileirao_scripts/update_h9_fixtures.py
D  brasileirao_scripts/validate_env_example.py
D  compose.yaml
D  config.yaml
D  constraints/shared-wheels.sha256
D  contracts/a1-ou25-phase0-policy.json
D  contracts/brasileirao-api-football-fixtures-v1.json
D  contracts/h8-ou25-frozen-candidate.json
D  contracts/h9-ou25-prospective.json
D  contracts/ou25-nested-future-candidate.json
D  contracts/ou25-paper-capital-round-2026-08-29.json
D  contracts/ou25-recommendation-v2.json
D  contracts/ou25-under-high-ev-prospective-2026.json
D  contracts/redis-fair-odds-v2.schema.json
D  contracts/redis-protocol-v1.schema.json
D  contracts/redis-protocol-v2.md
D  contracts/redis-protocol-v2.schema.json
D  contracts/season-2026-turn-split-paper.json
D  data/promotions_brasileirao_2018_2026.json
D  data/team_aliases.json
D  data/teams_brasileirao.json
D  data/trials.harness_attestation.json
D  data/trials.json
D  data/trials.v2.json
D  docker/titularidade.json
D  docker/vorp.json
D  docs/A1_OU25_PHASE0_RUNBOOK.md
D  docs/AUDITORIA_ADVERSARIAL_2026-09-05.md
D  docs/AUDITORIA_DOCS_VS_CODIGO_2026-09-06.md
D  docs/AUDITORIA_MATEMATICA_E_CORRECOES_2026-08-26.md
D  docs/BACKFILL_POINT_IN_TIME.md
D  docs/BOOKMAKER_STABILITY.md
D  docs/CAUSA_RAIZ.md
D  docs/CLOSING_LINE.md
D  docs/COLLECTION_ONLY_HANDOFF.md
D  docs/COMPARACAO_HIPOTESES_VS_ERROS_ATUAIS_2026-08-26.md
D  docs/CONCLUSOES.md
D  docs/COPA_2026_PLAYBOOK.md
D  docs/COVERAGE.md
D  docs/DATA_MAP.md
D  docs/DOSSIE_ANALISE_PREDICTOR_2026-08-26.md
D  docs/DRAW_VARIABLE_CATALOG.md
D  docs/ESTADO_ATUAL.md
D  docs/ESTADO_LOCAL_E_OPERACAO.md
D  docs/EVIDENCE_REGISTRY.md
D  docs/FINAL_DELIVERY_ROADMAP_V2.md
D  docs/HANDOFF_OU25_RODADA_2026_08_29.md
D  docs/HISTORICAL_SOURCE_REGISTER.md
D  docs/HYPERPARAMETERS.md
D  docs/INDICE_DOCUMENTACAO.md
D  docs/INTEGRATION_MAIN_20260912.md
D  docs/KIMI_STRUCTURAL_EDGE_REVIEW.md
D  docs/MAHER_RESULTADO.md
D  docs/MARKET_RESIDUAL_ENGINE.md
D  docs/MIGRACAO_WINDOWS.md
D  docs/MODERNIZATION.md
D  docs/OU25_NESTED_REPLAY.md
D  docs/PAST_ATTEMPT_LEDGER.md
D  docs/PREDICTION_PROTOCOL.md
D  docs/PREDICTION_REQUIREMENTS.md
D  docs/PROJECT_LOGIC_REGISTER.md
D  docs/PROMPT_PROXIMA_SESSAO.md
D  docs/PROTOCOL_DRAW_CALIBRATION_A10_2026-08-26.md
D  docs/READINESS.md
D  docs/RELATORIO_BACKTEST_2026-07-10.md
D  docs/RELATORIO_DIAGNOSTICOS_RESIDUAIS_2026-08-24.md
D  docs/RELATORIO_FINAL.md
D  docs/RELATORIO_FINAL_CONSOLIDADO_2026-08-26.md
D  docs/RELATORIO_FORWARD_18JOGOS_2026-07-12.md
D  docs/RELATORIO_GATE_A1_IMPLEMENTACAO_2026-08-24.md
D  docs/RELATORIO_LIVE_FEASIBILITY_L0_2026-08-24.md
D  docs/RELATORIO_RETESTE_2026-08-24.md
D  docs/RELATORIO_SESSAO_0B_2026-08-24.md
D  docs/RELATORIO_VIABILIDADE.md
D  docs/RESEARCH_BUNDLE_V1.md
D  docs/ROADMAP.md
D  docs/RUFF_BASELINE.md
D  docs/RUNBOOK_P0-P2.md
D  docs/SHADOW_PROSPECTIVE_RUNBOOK.md
D  docs/SIMULACAO_2025_2026.md
D  docs/V2_BLUEPRINT.md
D  docs/V3_READINESS.md
D  docs/VIES_ZEBRA.md
D  docs/continuation/.gitattributes
D  docs/continuation/MANDATO_LUCRO_2026-09-09.md
D  docs/continuation/PROMPT_FINAL_REVISAO_INTEGRAL_2026-09-09.md
D  docs/continuation/PROMPT_MELHORIA_LUCRO.md
D  docs/continuation/RETOMADA.md
D  docs/continuation/REVISAO_INTEGRAL_2026-09-09.md
D  docs/continuation/artifact_integrity_2026-09-10/MAPA_DADOS.md
D  docs/continuation/artifact_integrity_2026-09-10/MAPA_SISTEMA.md
D  docs/continuation/artifact_integrity_2026-09-10/PLANO.md
D  docs/continuation/artifact_integrity_2026-09-10/PROXIMO_PROMPT.md
D  docs/continuation/artifact_integrity_2026-09-10/REGISTROS.json
D  docs/continuation/artifact_integrity_2026-09-10/REGISTROS.md
D  docs/continuation/artifact_integrity_2026-09-10/REPRODUZIR.md
D  docs/continuation/artifact_integrity_2026-09-10/RESULTADO.md
D  docs/continuation/artifact_integrity_2026-09-10/evidence/.gitattributes
D  docs/continuation/artifact_integrity_2026-09-10/evidence/after/isolation.json
D  docs/continuation/artifact_integrity_2026-09-10/evidence/after/junit.xml
D  docs/continuation/artifact_integrity_2026-09-10/evidence/before/isolation.json
D  docs/continuation/artifact_integrity_2026-09-10/evidence/before/junit.xml
D  docs/continuation/artifact_integrity_2026-09-10/evidence/consumer/isolation.json
D  docs/continuation/artifact_integrity_2026-09-10/evidence/consumer/junit.xml
D  docs/continuation/artifact_integrity_2026-09-10/evidence/final/isolation.json
D  docs/continuation/artifact_integrity_2026-09-10/evidence/final/junit.xml
D  docs/continuation/artifact_integrity_2026-09-10/evidence/followup-metadata.json
D  docs/continuation/artifact_integrity_2026-09-10/evidence/manifest.json
D  docs/continuation/artifact_integrity_2026-09-10/evidence/package-receipt-final.json
D  docs/continuation/artifact_integrity_2026-09-10/evidence/package-smoke-final/build.log
D  docs/continuation/artifact_integrity_2026-09-10/evidence/package-smoke-final/install.log
D  docs/continuation/artifact_integrity_2026-09-10/evidence/package-smoke-final/installed-path.log
D  docs/continuation/artifact_integrity_2026-09-10/evidence/package-smoke-final/odds-empty.log
D  docs/continuation/artifact_integrity_2026-09-10/evidence/package-smoke-final/odds-invalid.log
D  docs/continuation/artifact_integrity_2026-09-10/evidence/package-smoke-final/readiness-False.log
D  docs/continuation/artifact_integrity_2026-09-10/evidence/package-smoke-final/readiness-True.log
D  docs/continuation/artifact_integrity_2026-09-10/evidence/pyright-final.log
D  docs/continuation/artifact_integrity_2026-09-10/evidence/quality-checks-final.json
D  docs/continuation/artifact_integrity_2026-09-10/evidence/quality-first/pyright-final.log
D  docs/continuation/artifact_integrity_2026-09-10/evidence/quality-first/quality-checks-final.json
D  docs/continuation/artifact_integrity_2026-09-10/evidence/quality-first/ruff-check-final.log
D  docs/continuation/artifact_integrity_2026-09-10/evidence/quality-first/ruff-fix-final.log
D  docs/continuation/artifact_integrity_2026-09-10/evidence/quality-first/ruff-format-check-final.log
D  docs/continuation/artifact_integrity_2026-09-10/evidence/quality-first/ruff-format-final.log
D  docs/continuation/artifact_integrity_2026-09-10/evidence/ruff-check-final.log
D  docs/continuation/artifact_integrity_2026-09-10/evidence/ruff-fix-final.log
D  docs/continuation/artifact_integrity_2026-09-10/evidence/ruff-format-check-final.log
D  docs/continuation/artifact_integrity_2026-09-10/evidence/ruff-format-final.log
D  docs/continuation/artifact_integrity_2026-09-10/evidence/source-inventory.json
D  docs/continuation/artifact_integrity_2026-09-10/evidence/validation-summary.json
D  docs/continuation/auditoria_2026-09-16/BRASILEIRAO_CONTINUACAO_REPAROS.zip
D  docs/continuation/auditoria_2026-09-16/BRASILEIRAO_CORRECOES_ISOLADAS.zip
D  docs/continuation/auditoria_2026-09-16/BUSCA_COMMITS_GITHUB.md
D  docs/continuation/auditoria_2026-09-16/BUSCA_HISTORICA_AMPLIADA.json
D  docs/continuation/auditoria_2026-09-16/CAIN_CORRECAO_SINTESE.patch
D  docs/continuation/auditoria_2026-09-16/CAIN_ENTREGA_RECONSTRUCAO.md
D  docs/continuation/auditoria_2026-09-16/CAIN_O_QUE_FALTA.md
D  docs/continuation/auditoria_2026-09-16/CAIN_O_QUE_TEM.md
D  docs/continuation/auditoria_2026-09-16/CAIN_PERGUNTAS_VERIFICADAS.json
D  docs/continuation/auditoria_2026-09-16/CAIN_RECIBO_ADMISSAO.json
D  docs/continuation/auditoria_2026-09-16/CAIN_RECONSTRUCAO_FONTES_E_EVIDENCIAS.zip
D  docs/continuation/auditoria_2026-09-16/CONTINUACAO_RECUPERACAO_EVIDENCIAS.zip
D  docs/continuation/auditoria_2026-09-16/CONTINUACAO_RECUPERACAO_HISTORICA.md
D  docs/continuation/auditoria_2026-09-16/CONTINUACAO_REPAROS.md
D  docs/continuation/auditoria_2026-09-16/CORRECOES.patch
D  docs/continuation/auditoria_2026-09-16/CORRECOES_INTEGRADAS.md
D  docs/continuation/auditoria_2026-09-16/CORRECOES_INTEGRADAS_CODIGO_E_EVIDENCIAS.zip
D  docs/continuation/auditoria_2026-09-16/DADOS_HISTORICOS_E_PROTOCOLO_V2.md
D  docs/continuation/auditoria_2026-09-16/ENCERRAMENTO.md
D  docs/continuation/auditoria_2026-09-16/ENCERRAMENTO_INSTALACAO_E_EVIDENCIAS.zip
D  docs/continuation/auditoria_2026-09-16/FONTES_COMPLEMENTARES_EXP001/exp001_coverage_identity_assessment_2026-09-02.json
D  docs/continuation/auditoria_2026-09-16/FONTES_COMPLEMENTARES_EXP001/exp001_feature_pit_audit_2026-09-02.json
D  docs/continuation/auditoria_2026-09-16/FONTES_COMPLEMENTARES_EXP001/exp001_readiness_decision_2026-09-02.json
D  docs/continuation/auditoria_2026-09-16/H15_SUPLEMENTO_RETROSPECTIVO.json
D  docs/continuation/auditoria_2026-09-16/H15_SUPLEMENTO_RETROSPECTIVO_V3.json
D  docs/continuation/auditoria_2026-09-16/LEDGER_DERIVADO.json
D  docs/continuation/auditoria_2026-09-16/LEIA_PRIMEIRO_CONTINUIDADE.md
D  docs/continuation/auditoria_2026-09-16/PARECER_E_CORRECOES.md
D  docs/continuation/auditoria_2026-09-16/PROMPT_INICIAR_CAIN.md
D  docs/continuation/auditoria_2026-09-16/PROTOCOLO_SUCESSOR_V2.json
D  docs/continuation/auditoria_2026-09-16/PROTOCOLO_V2_CODIGO_TESTES_E_EVIDENCIAS.zip
D  docs/continuation/auditoria_2026-09-16/PUBLICACAO.md
D  docs/continuation/auditoria_2026-09-16/PUBLICATION_SHA256.json
D  docs/continuation/auditoria_2026-09-16/README.md
D  docs/continuation/auditoria_2026-09-16/RECIBO_CONTINUACAO.json
D  docs/continuation/auditoria_2026-09-16/RECIBO_ENCERRAMENTO.json
D  docs/continuation/auditoria_2026-09-16/RECIBO_EXECUCAO.json
D  docs/continuation/auditoria_2026-09-16/RECIBO_INTEGRACAO_FINAL.json
D  docs/continuation/auditoria_2026-09-16/RECIBO_PROTOCOLO_V2.json
D  docs/continuation/auditoria_2026-09-16/RECUPERACAO_PREVISOES_METADATA.json
D  docs/continuation/auditoria_2026-09-16/RODADA_CAIN_20260919.md
D  docs/continuation/auditoria_2026-09-16/SHA256.json
D  docs/continuation/auditoria_2026-09-16/TESTES.xml
D  docs/continuation/auditoria_2026-09-16/test_br.py
D  docs/continuation/backup_receipt.json
D  docs/continuation/closeout_2026-09-10/MAPA_DADOS.md
D  docs/continuation/closeout_2026-09-10/MAPA_SISTEMA.md
D  docs/continuation/closeout_2026-09-10/NOTAS_DE_VERIFICACAO.md
D  docs/continuation/closeout_2026-09-10/PROXIMO_PROMPT.md
D  docs/continuation/closeout_2026-09-10/REGISTROS.json
D  docs/continuation/closeout_2026-09-10/REGISTROS.md
D  docs/continuation/closeout_2026-09-10/REPRODUZIR.md
D  docs/continuation/closeout_2026-09-10/RESULTADO.md
D  docs/continuation/closeout_2026-09-10/evidence/.gitattributes
D  docs/continuation/closeout_2026-09-10/evidence/after/isolation.json
D  docs/continuation/closeout_2026-09-10/evidence/after/junit.xml
D  docs/continuation/closeout_2026-09-10/evidence/automation-config-attempt.json
D  docs/continuation/closeout_2026-09-10/evidence/before/isolation.json
D  docs/continuation/closeout_2026-09-10/evidence/before/junit.xml
D  docs/continuation/closeout_2026-09-10/evidence/boundary-check.json
D  docs/continuation/closeout_2026-09-10/evidence/build-contract-review.json
D  docs/continuation/closeout_2026-09-10/evidence/coverage-before/isolation.json
D  docs/continuation/closeout_2026-09-10/evidence/coverage-before/junit.xml
D  docs/continuation/closeout_2026-09-10/evidence/coverage-summary.json
D  docs/continuation/closeout_2026-09-10/evidence/integrated-final/isolation.json
D  docs/continuation/closeout_2026-09-10/evidence/integrated-final/junit.xml
D  docs/continuation/closeout_2026-09-10/evidence/integration-test-scope.json
D  docs/continuation/closeout_2026-09-10/evidence/latency-after/_LEO_2026-09-10_13_56_04_net10.0.trx
D  docs/continuation/closeout_2026-09-10/evidence/latency-after/coverage.cobertura.xml
D  docs/continuation/closeout_2026-09-10/evidence/latency-after/dotnet-build.log
D  docs/continuation/closeout_2026-09-10/evidence/latency-after/dotnet-restore.log
D  docs/continuation/closeout_2026-09-10/evidence/latency-after/dotnet-test.log
D  docs/continuation/closeout_2026-09-10/evidence/latency-after/kernel-startup-24356.log
D  docs/continuation/closeout_2026-09-10/evidence/latency-after/python-integration.log
D  docs/continuation/closeout_2026-09-10/evidence/latency-after/receipt.json
D  docs/continuation/closeout_2026-09-10/evidence/latency-after/redis.log
D  docs/continuation/closeout_2026-09-10/evidence/latency-before/_LEO_2026-09-10_13_52_27_net10.0.trx
D  docs/continuation/closeout_2026-09-10/evidence/latency-before/coverage.cobertura.xml
D  docs/continuation/closeout_2026-09-10/evidence/latency-before/dotnet-build.log
D  docs/continuation/closeout_2026-09-10/evidence/latency-before/dotnet-restore.log
D  docs/continuation/closeout_2026-09-10/evidence/latency-before/dotnet-test.log
D  docs/continuation/closeout_2026-09-10/evidence/latency-before/kernel-startup-5708.log
D  docs/continuation/closeout_2026-09-10/evidence/latency-before/python-integration.log
D  docs/continuation/closeout_2026-09-10/evidence/latency-before/receipt.json
D  docs/continuation/closeout_2026-09-10/evidence/latency-before/redis.log
D  docs/continuation/closeout_2026-09-10/evidence/manifest.json
D  docs/continuation/closeout_2026-09-10/evidence/package-receipt-final.json
D  docs/continuation/closeout_2026-09-10/evidence/package-smoke-final/build.log
D  docs/continuation/closeout_2026-09-10/evidence/package-smoke-final/install.log
D  docs/continuation/closeout_2026-09-10/evidence/package-smoke-final/installed-path.log
D  docs/continuation/closeout_2026-09-10/evidence/package-smoke-final/odds-empty.log
D  docs/continuation/closeout_2026-09-10/evidence/package-smoke-final/odds-invalid.log
D  docs/continuation/closeout_2026-09-10/evidence/package-smoke-final/readiness-False.log
D  docs/continuation/closeout_2026-09-10/evidence/package-smoke-final/readiness-True.log
D  docs/continuation/closeout_2026-09-10/evidence/pyright-final.log
D  docs/continuation/closeout_2026-09-10/evidence/quality-checks-final.json
D  docs/continuation/closeout_2026-09-10/evidence/quality-first/pyright-final.log
D  docs/continuation/closeout_2026-09-10/evidence/quality-first/quality-checks-final.json
D  docs/continuation/closeout_2026-09-10/evidence/quality-first/ruff-check-final.log
D  docs/continuation/closeout_2026-09-10/evidence/quality-first/ruff-fix-final.log
D  docs/continuation/closeout_2026-09-10/evidence/quality-first/ruff-format-check-final.log
D  docs/continuation/closeout_2026-09-10/evidence/quality-first/ruff-format-final.log
D  docs/continuation/closeout_2026-09-10/evidence/research-before/isolation.json
D  docs/continuation/closeout_2026-09-10/evidence/research-before/junit.xml
D  docs/continuation/closeout_2026-09-10/evidence/ruff-check-final.log
D  docs/continuation/closeout_2026-09-10/evidence/ruff-fix-final.log
D  docs/continuation/closeout_2026-09-10/evidence/ruff-format-check-final.log
D  docs/continuation/closeout_2026-09-10/evidence/ruff-format-final.log
D  docs/continuation/closeout_2026-09-10/evidence/runtime/_LEO_2026-09-10_13_41_49_net10.0.trx
D  docs/continuation/closeout_2026-09-10/evidence/runtime/coverage.cobertura.xml
D  docs/continuation/closeout_2026-09-10/evidence/runtime/dotnet-build.log
D  docs/continuation/closeout_2026-09-10/evidence/runtime/dotnet-restore.log
D  docs/continuation/closeout_2026-09-10/evidence/runtime/dotnet-test.log
D  docs/continuation/closeout_2026-09-10/evidence/runtime/kernel-startup-1980.log
D  docs/continuation/closeout_2026-09-10/evidence/runtime/python-integration.log
D  docs/continuation/closeout_2026-09-10/evidence/runtime/receipt.json
D  docs/continuation/closeout_2026-09-10/evidence/runtime/redis.log
D  docs/continuation/closeout_2026-09-10/evidence/source-inventory.json
D  docs/continuation/closeout_2026-09-10/evidence/status-before/isolation.json
D  docs/continuation/closeout_2026-09-10/evidence/status-before/junit.xml
D  docs/continuation/closeout_2026-09-10/evidence/supplemental-after/isolation.json
D  docs/continuation/closeout_2026-09-10/evidence/supplemental-after/junit.xml
D  docs/continuation/closeout_2026-09-10/evidence/validation-summary.json
D  docs/continuation/completion_2026-09-10/CHECKPOINT_INICIAL.md
D  docs/continuation/completion_2026-09-10/CHECKPOINT_TRABALHO.md
D  docs/continuation/completion_2026-09-10/MAPA_DADOS.md
D  docs/continuation/completion_2026-09-10/MAPA_SISTEMA.md
D  docs/continuation/completion_2026-09-10/NOTAS_DE_VERIFICACAO.md
D  docs/continuation/completion_2026-09-10/PROXIMO_PROMPT.md
D  docs/continuation/completion_2026-09-10/REGISTROS.json
D  docs/continuation/completion_2026-09-10/REGISTROS.md
D  docs/continuation/completion_2026-09-10/REPRODUZIR.md
D  docs/continuation/completion_2026-09-10/RESULTADO.md
D  docs/continuation/completion_2026-09-10/evidence/.gitattributes
D  docs/continuation/completion_2026-09-10/evidence/anchor-period-before/isolation.json
D  docs/continuation/completion_2026-09-10/evidence/anchor-period-before/junit.xml
D  docs/continuation/completion_2026-09-10/evidence/automation-view.json
D  docs/continuation/completion_2026-09-10/evidence/boundary-check.json
D  docs/continuation/completion_2026-09-10/evidence/compose-init-after/isolation.json
D  docs/continuation/completion_2026-09-10/evidence/compose-init-after/junit.xml
D  docs/continuation/completion_2026-09-10/evidence/compose-init-before/isolation.json
D  docs/continuation/completion_2026-09-10/evidence/compose-init-before/junit.xml
D  docs/continuation/completion_2026-09-10/evidence/confidence-before/isolation.json
D  docs/continuation/completion_2026-09-10/evidence/confidence-before/junit.xml
D  docs/continuation/completion_2026-09-10/evidence/coverage-summary.json
D  docs/continuation/completion_2026-09-10/evidence/event-inputs-before/isolation.json
D  docs/continuation/completion_2026-09-10/evidence/event-inputs-before/junit.xml
D  docs/continuation/completion_2026-09-10/evidence/frozen-followup.json
D  docs/continuation/completion_2026-09-10/evidence/integrated-python-02/isolation.json
D  docs/continuation/completion_2026-09-10/evidence/integrated-python-02/junit.xml
D  docs/continuation/completion_2026-09-10/evidence/integrated-python-03/isolation.json
D  docs/continuation/completion_2026-09-10/evidence/integrated-python-03/junit.xml
D  docs/continuation/completion_2026-09-10/evidence/integrated-python/isolation.json
D  docs/continuation/completion_2026-09-10/evidence/integrated-python/junit.xml
D  docs/continuation/completion_2026-09-10/evidence/ledger-after/isolation.json
D  docs/continuation/completion_2026-09-10/evidence/ledger-after/junit.xml
D  docs/continuation/completion_2026-09-10/evidence/ledger-before/isolation.json
D  docs/continuation/completion_2026-09-10/evidence/ledger-before/junit.xml
D  docs/continuation/completion_2026-09-10/evidence/manifest.json
D  docs/continuation/completion_2026-09-10/evidence/math-consumer-after/isolation.json
D  docs/continuation/completion_2026-09-10/evidence/math-consumer-after/junit.xml
D  docs/continuation/completion_2026-09-10/evidence/math-consumer-before/isolation.json
D  docs/continuation/completion_2026-09-10/evidence/math-consumer-before/junit.xml
D  docs/continuation/completion_2026-09-10/evidence/odds-receipt-tests/isolation.json
D  docs/continuation/completion_2026-09-10/evidence/odds-receipt-tests/junit.xml
D  docs/continuation/completion_2026-09-10/evidence/package-receipt-final.json
D  docs/continuation/completion_2026-09-10/evidence/package-receipt.json
D  docs/continuation/completion_2026-09-10/evidence/pagination-before/isolation.json
D  docs/continuation/completion_2026-09-10/evidence/pagination-before/junit.xml
D  docs/continuation/completion_2026-09-10/evidence/pit-contracts-after/isolation.json
D  docs/continuation/completion_2026-09-10/evidence/pit-contracts-after/junit.xml
D  docs/continuation/completion_2026-09-10/evidence/pit-contracts-before/isolation.json
D  docs/continuation/completion_2026-09-10/evidence/pit-contracts-before/junit.xml
D  docs/continuation/completion_2026-09-10/evidence/quality-checks-final.json
D  docs/continuation/completion_2026-09-10/evidence/regressions-after/isolation.json
D  docs/continuation/completion_2026-09-10/evidence/regressions-after/junit.xml
D  docs/continuation/completion_2026-09-10/evidence/regressions-before/isolation.json
D  docs/continuation/completion_2026-09-10/evidence/regressions-before/junit.xml
D  docs/continuation/completion_2026-09-10/evidence/runtime-after-02/_LEO_2026-09-10_12_55_50_net10.0.trx
D  docs/continuation/completion_2026-09-10/evidence/runtime-after-02/python-junit.xml
D  docs/continuation/completion_2026-09-10/evidence/runtime-after-02/receipt.json
D  docs/continuation/completion_2026-09-10/evidence/runtime-after/_LEO_2026-09-10_12_42_19_net10.0.trx
D  docs/continuation/completion_2026-09-10/evidence/runtime-after/python-junit.xml
D  docs/continuation/completion_2026-09-10/evidence/runtime-after/receipt.json
D  docs/continuation/completion_2026-09-10/evidence/runtime-before/_LEO_2026-09-10_12_35_09_net10.0.trx
D  docs/continuation/completion_2026-09-10/evidence/runtime-before/python-junit.xml
D  docs/continuation/completion_2026-09-10/evidence/runtime-before/receipt.json
D  docs/continuation/completion_2026-09-10/evidence/runtime-cross-diagnostic/_LEO_2026-09-10_13_00_05_net10.0.trx
D  docs/continuation/completion_2026-09-10/evidence/runtime-cross-diagnostic/receipt.json
D  docs/continuation/completion_2026-09-10/evidence/serving-storage-after/isolation.json
D  docs/continuation/completion_2026-09-10/evidence/serving-storage-after/junit.xml
D  docs/continuation/completion_2026-09-10/evidence/serving-storage-before/isolation.json
D  docs/continuation/completion_2026-09-10/evidence/serving-storage-before/junit.xml
D  docs/continuation/completion_2026-09-10/evidence/source-inventory.json
D  docs/continuation/completion_2026-09-10/evidence/source-regressions-after/isolation.json
D  docs/continuation/completion_2026-09-10/evidence/source-regressions-after/junit.xml
D  docs/continuation/completion_2026-09-10/evidence/source-regressions-before/isolation.json
D  docs/continuation/completion_2026-09-10/evidence/source-regressions-before/junit.xml
D  docs/continuation/completion_2026-09-10/evidence/sources-followup/receipts.json
D  docs/continuation/completion_2026-09-10/evidence/sources/receipts.json
D  docs/continuation/completion_2026-09-10/evidence/storage-final/isolation.json
D  docs/continuation/completion_2026-09-10/evidence/storage-final/junit.xml
D  docs/continuation/completion_2026-09-10/evidence/validation-summary.json
D  docs/continuation/data_completion_2026-09-09/.gitattributes
D  docs/continuation/data_completion_2026-09-09/ACQUISITION_ADDENDUM.md
D  docs/continuation/data_completion_2026-09-09/CONTINUIDADE.md
D  docs/continuation/data_completion_2026-09-09/PENDENCIAS.md
D  docs/continuation/data_completion_2026-09-09/PROTOCOL.md
D  docs/continuation/data_completion_2026-09-09/REPARO_TRANSPORTE.md
D  docs/continuation/data_completion_2026-09-09/REPRODUZIR.md
D  docs/continuation/data_completion_2026-09-09/RESULTADO.md
D  docs/continuation/data_completion_2026-09-09/evidencias/account_final_recheck.json
D  docs/continuation/data_completion_2026-09-09/evidencias/admission_manifest.json
D  docs/continuation/data_completion_2026-09-09/evidencias/closing_independent_check.json
D  docs/continuation/data_completion_2026-09-09/evidencias/closing_manifest.json
D  docs/continuation/data_completion_2026-09-09/evidencias/closing_source_quality.json
D  docs/continuation/data_completion_2026-09-09/evidencias/closing_summary.json
D  docs/continuation/data_completion_2026-09-09/evidencias/completude.json
D  docs/continuation/data_completion_2026-09-09/evidencias/engineering_checks.json
D  docs/continuation/data_completion_2026-09-09/evidencias/extra_sources_manifest.json
D  docs/continuation/data_completion_2026-09-09/evidencias/freeze_receipt.json
D  docs/continuation/data_completion_2026-09-09/evidencias/historical_summary.json
D  docs/continuation/data_completion_2026-09-09/evidencias/manifest.json
D  docs/continuation/data_completion_2026-09-09/evidencias/pilot_hardening_check.json
D  docs/continuation/data_completion_2026-09-09/evidencias/pilot_summary.json
D  docs/continuation/data_completion_2026-09-09/evidencias/public_sources_manifest.json
D  docs/continuation/data_completion_2026-09-09/evidencias/pyright_final.txt
D  docs/continuation/data_completion_2026-09-09/evidencias/tests_final.xml
D  docs/continuation/data_completion_2026-09-09/evidencias/transport_repair.json
D  docs/continuation/data_completion_2026-09-09/reproducao/account_recheck.py
D  docs/continuation/data_completion_2026-09-09/reproducao/acquire_history.py
D  docs/continuation/data_completion_2026-09-09/reproducao/audit_followup.py
D  docs/continuation/data_completion_2026-09-09/reproducao/audit_results.py
D  docs/continuation/data_completion_2026-09-09/reproducao/capture_pilot.py
D  docs/continuation/data_completion_2026-09-09/reproducao/check_account.py
D  docs/continuation/data_completion_2026-09-09/reproducao/fetch_public.py
D  docs/continuation/data_completion_2026-09-09/reproducao/fetch_public_extra.py
D  docs/continuation/data_completion_2026-09-09/reproducao/followup_capture.py
D  docs/continuation/data_completion_2026-09-09/reproducao/manifest.json
D  docs/continuation/data_completion_2026-09-09/reproducao/pyrightconfig.json
D  docs/continuation/data_completion_2026-09-09/reproducao/repair_transport.py
D  docs/continuation/data_completion_2026-09-09/reproducao/run_closing.py
D  docs/continuation/data_completion_2026-09-09/reproducao/validate_offline.py
D  docs/continuation/data_completion_2026-09-09/reproducao/verify_closing_independently.py
D  docs/continuation/docker_completion_2026-09-08/RESULTADO.md
D  docs/continuation/docker_completion_2026-09-08/backup_receipt.json
D  docs/continuation/docker_completion_2026-09-08/estado.json
D  docs/continuation/docker_completion_2026-09-08/evidencias/work/compose_completion/FINAL_DOCUMENT_REVIEW.md
D  docs/continuation/docker_completion_2026-09-08/evidencias/work/compose_completion/HARNESS_REVIEW.md
D  docs/continuation/docker_completion_2026-09-08/evidencias/work/compose_completion/finalize_harness.py
D  docs/continuation/docker_completion_2026-09-08/evidencias/work/compose_completion/harness/compose.yaml
D  docs/continuation/docker_completion_2026-09-08/evidencias/work/compose_completion/harness/config.stdout.json
D  docs/continuation/docker_completion_2026-09-08/evidencias/work/compose_completion/harness/config_final.stdout.json
D  docs/continuation/docker_completion_2026-09-08/evidencias/work/compose_completion/harness/docker_config/config.json
D  docs/continuation/docker_completion_2026-09-08/evidencias/work/compose_completion/harness/empty.env
D  docs/continuation/docker_completion_2026-09-08/evidencias/work/compose_completion/harness/fixtures/config.yaml
D  docs/continuation/docker_completion_2026-09-08/evidencias/work/compose_completion/harness/fixtures/titularidade.json
D  docs/continuation/docker_completion_2026-09-08/evidencias/work/compose_completion/harness/fixtures/vorp.json
D  docs/continuation/docker_completion_2026-09-08/evidencias/work/compose_completion/harness/manifest.json
D  docs/continuation/docker_completion_2026-09-08/evidencias/work/compose_completion/harness/synthetic_db_check/receipt.json
D  docs/continuation/docker_completion_2026-09-08/evidencias/work/compose_completion/prepare_harness.py
D  docs/continuation/docker_completion_2026-09-08/evidencias/work/compose_completion/run_compose.py
D  docs/continuation/docker_completion_2026-09-08/evidencias/work/compose_completion/runner_plan.json
D  docs/continuation/docker_completion_2026-09-08/evidencias/work/compose_completion/runner_plan_final.json
D  docs/continuation/docker_completion_2026-09-08/evidencias/work/compose_completion/runner_validation.json
D  docs/continuation/docker_completion_2026-09-08/evidencias/work/compose_completion/runner_validation_final.json
D  docs/continuation/docker_completion_2026-09-08/evidencias/work/host_completion/PRODUCER_AUDIT.md
D  docs/continuation/docker_completion_2026-09-08/evidencias/work/host_completion/admin_diagnosis_20260908T1223/launch.json
D  docs/continuation/docker_completion_2026-09-08/evidencias/work/host_completion/capture_preflight.ps1
D  docs/continuation/docker_completion_2026-09-08/evidencias/work/host_completion/diagnose_admin.ps1
D  docs/continuation/docker_completion_2026-09-08/evidencias/work/host_completion/docker_probes.json
D  docs/continuation/docker_completion_2026-09-08/evidencias/work/host_completion/preflight.json
D  docs/continuation/docker_completion_2026-09-08/evidencias/work/host_completion/preserve_completion.py
D  docs/continuation/docker_completion_2026-09-08/evidencias/work/host_completion/probe_docker.py
D  docs/continuation/economic_search_2026-09-10/MANIFEST.json
D  docs/continuation/economic_search_2026-09-10/PROTOCOL.md
D  docs/continuation/economic_search_2026-09-10/PROXIMO_PROMPT.md
D  docs/continuation/economic_search_2026-09-10/REGISTROS.json
D  docs/continuation/economic_search_2026-09-10/REPRODUZIR.md
D  docs/continuation/economic_search_2026-09-10/RESULTADO.md
D  docs/continuation/economic_search_2026-09-10/evidence/build-final.stderr.txt
D  docs/continuation/economic_search_2026-09-10/evidence/build-final.stdout.txt
D  docs/continuation/economic_search_2026-09-10/evidence/build-initial.stderr.txt
D  docs/continuation/economic_search_2026-09-10/evidence/checks.json
D  docs/continuation/economic_search_2026-09-10/evidence/coverage.json
D  docs/continuation/economic_search_2026-09-10/evidence/freeze-receipt.json
D  docs/continuation/economic_search_2026-09-10/evidence/gate-receipt.json
D  docs/continuation/economic_search_2026-09-10/evidence/independent-audit.json
D  docs/continuation/economic_search_2026-09-10/evidence/manifest.json
D  docs/continuation/economic_search_2026-09-10/evidence/package-verification.json
D  docs/continuation/economic_search_2026-09-10/evidence/recovery-receipts.json
D  docs/continuation/economic_search_2026-09-10/evidence/redirect-receipts.json
D  docs/continuation/economic_search_2026-09-10/evidence/run-isolation.json
D  docs/continuation/economic_search_2026-09-10/evidence/source-receipts.json
D  docs/continuation/economic_search_2026-09-10/evidence/summary.json
D  docs/continuation/economic_search_2026-09-10/evidence/tests-before-results.xml
D  docs/continuation/economic_search_2026-09-10/evidence/tests-final.xml
D  docs/continuation/economic_search_2026-09-10/evidence/tests-isolation.json
D  docs/continuation/execution_readiness_2026-09-09/.gitattributes
D  docs/continuation/execution_readiness_2026-09-09/PROTOCOL.md
D  docs/continuation/execution_readiness_2026-09-09/REPRODUZIR.md
D  docs/continuation/execution_readiness_2026-09-09/RESULTADO.md
D  docs/continuation/execution_readiness_2026-09-09/evidencias/activation.json
D  docs/continuation/execution_readiness_2026-09-09/evidencias/engineering_checks.json
D  docs/continuation/execution_readiness_2026-09-09/evidencias/execution_contract.json
D  docs/continuation/execution_readiness_2026-09-09/evidencias/manifest.json
D  docs/continuation/execution_readiness_2026-09-09/evidencias/previous_reproduction_manifest.json
D  docs/continuation/execution_readiness_2026-09-09/evidencias/public_sources_manifest.json
D  docs/continuation/execution_readiness_2026-09-09/evidencias/tests_before_fix.xml
D  docs/continuation/execution_readiness_2026-09-09/evidencias/tests_final.xml
D  docs/continuation/implementation_2026-09-10/ERRATA_UTF8.json
D  docs/continuation/implementation_2026-09-10/MANIFEST.json
D  docs/continuation/implementation_2026-09-10/PROXIMO_PROMPT.md
D  docs/continuation/implementation_2026-09-10/REGISTROS.json
D  docs/continuation/implementation_2026-09-10/REGISTROS_RI_UTF8.json
D  docs/continuation/implementation_2026-09-10/REPRODUZIR.md
D  docs/continuation/implementation_2026-09-10/RESULTADO.md
D  docs/continuation/implementation_2026-09-10/evidence/CHECKPOINT_E_PROTOCOLO.md
D  docs/continuation/implementation_2026-09-10/evidence/before-bootstrap-failure.log
D  docs/continuation/implementation_2026-09-10/evidence/before-cold-start.xml
D  docs/continuation/implementation_2026-09-10/evidence/before-intermittent-cross-pass.log
D  docs/continuation/implementation_2026-09-10/evidence/before-parser.xml
D  docs/continuation/implementation_2026-09-10/evidence/before-receipt-universe.xml
D  docs/continuation/implementation_2026-09-10/evidence/before-runtime-smoke-failure.log
D  docs/continuation/implementation_2026-09-10/evidence/build-python-final-02.log
D  docs/continuation/implementation_2026-09-10/evidence/capture-contract.json
D  docs/continuation/implementation_2026-09-10/evidence/capture-manifest.json
D  docs/continuation/implementation_2026-09-10/evidence/decision.json
D  docs/continuation/implementation_2026-09-10/evidence/dotnet-build.log
D  docs/continuation/implementation_2026-09-10/evidence/dotnet-coverage.xml
D  docs/continuation/implementation_2026-09-10/evidence/dotnet-test.log
D  docs/continuation/implementation_2026-09-10/evidence/dotnet-tests.trx
D  docs/continuation/implementation_2026-09-10/evidence/package-smoke-final.log
D  docs/continuation/implementation_2026-09-10/evidence/package-smoke.json
D  docs/continuation/implementation_2026-09-10/evidence/pyright-default.log
D  docs/continuation/implementation_2026-09-10/evidence/pyright-explicit.log
D  docs/continuation/implementation_2026-09-10/evidence/python-redis.log
D  docs/continuation/implementation_2026-09-10/evidence/python-redis.xml
D  docs/continuation/implementation_2026-09-10/evidence/python-unit.xml
D  docs/continuation/implementation_2026-09-10/evidence/redis-container-tag.json
D  docs/continuation/implementation_2026-09-10/evidence/redis-windows-release.json
D  docs/continuation/implementation_2026-09-10/evidence/ruff-final.log
D  docs/continuation/implementation_2026-09-10/evidence/ruff-format-final.log
D  docs/continuation/implementation_2026-09-10/evidence/runtime-receipt.json
D  docs/continuation/implementation_2026-09-10/evidence/seal.json
D  docs/continuation/implementation_2026-09-10/evidence/summary.json
D  docs/continuation/implementation_2026-09-10/evidence/unit-isolation.json
D  docs/continuation/implementation_2026-09-10/reproducao/capture_decision_before_universe.py
D  docs/continuation/implementation_2026-09-10/reproducao/check_lab_boundaries.py
D  docs/continuation/implementation_2026-09-10/reproducao/repair_register.py
D  docs/continuation/implementation_2026-09-10/reproducao/run_capture_experiment.py
D  docs/continuation/implementation_2026-09-10/reproducao/run_isolated.py
D  docs/continuation/implementation_2026-09-10/reproducao/test_cold_start_preload_variant.py
D  docs/continuation/integral_review_2026-09-09/.gitattributes
D  docs/continuation/integral_review_2026-09-09/ALEGACOES.md
D  docs/continuation/integral_review_2026-09-09/CHECKPOINT_INICIAL.md
D  docs/continuation/integral_review_2026-09-09/MANIFESTO.json
D  docs/continuation/integral_review_2026-09-09/MAPA_DADOS.md
D  docs/continuation/integral_review_2026-09-09/MAPA_SISTEMA.md
D  docs/continuation/integral_review_2026-09-09/PROBLEMAS.md
D  docs/continuation/integral_review_2026-09-09/PROTOCOLO.md
D  docs/continuation/integral_review_2026-09-09/PROXIMO_PROMPT.md
D  docs/continuation/integral_review_2026-09-09/REGISTROS.json
D  docs/continuation/integral_review_2026-09-09/REPRODUZIR.md
D  docs/continuation/integral_review_2026-09-09/RESULTADO.md
D  docs/continuation/integral_review_2026-09-09/evidence/activation.json
D  docs/continuation/integral_review_2026-09-09/evidence/artifact-locations.json
D  docs/continuation/integral_review_2026-09-09/evidence/baseline-broad-cases.json
D  docs/continuation/integral_review_2026-09-09/evidence/baseline-failure-recheck-cases.json
D  docs/continuation/integral_review_2026-09-09/evidence/baseline-test-selection.json
D  docs/continuation/integral_review_2026-09-09/evidence/closing-summary.json
D  docs/continuation/integral_review_2026-09-09/evidence/concurrency-before-cases.json
D  docs/continuation/integral_review_2026-09-09/evidence/data-summary.json
D  docs/continuation/integral_review_2026-09-09/evidence/domain-before-cases.json
D  docs/continuation/integral_review_2026-09-09/evidence/dotnet-sdk.json
D  docs/continuation/integral_review_2026-09-09/evidence/environment.json
D  docs/continuation/integral_review_2026-09-09/evidence/event-before-cases.json
D  docs/continuation/integral_review_2026-09-09/evidence/final-corrections-cases.json
D  docs/continuation/integral_review_2026-09-09/evidence/frozen-identity.json
D  docs/continuation/integral_review_2026-09-09/evidence/inventory-summary.json
D  docs/continuation/integral_review_2026-09-09/evidence/isolation-boundary-cases.json
D  docs/continuation/integral_review_2026-09-09/evidence/logs/baseline-failure-recheck.log
D  docs/continuation/integral_review_2026-09-09/evidence/logs/dotnet-build-03.log
D  docs/continuation/integral_review_2026-09-09/evidence/logs/dotnet-restore-03.log
D  docs/continuation/integral_review_2026-09-09/evidence/logs/dotnet-test-03.log
D  docs/continuation/integral_review_2026-09-09/evidence/logs/final-corrections.log
D  docs/continuation/integral_review_2026-09-09/evidence/logs/isolation-boundary.log
D  docs/continuation/integral_review_2026-09-09/evidence/logs/package-build-final.log
D  docs/continuation/integral_review_2026-09-09/evidence/logs/package-build.log
D  docs/continuation/integral_review_2026-09-09/evidence/logs/package-smoke-final.log
D  docs/continuation/integral_review_2026-09-09/evidence/logs/package-smoke.log
D  docs/continuation/integral_review_2026-09-09/evidence/logs/pyright-explicit-02.log
D  docs/continuation/integral_review_2026-09-09/evidence/logs/pyright-fixed-version.log
D  docs/continuation/integral_review_2026-09-09/evidence/logs/ruff-ci-scope.log
D  docs/continuation/integral_review_2026-09-09/evidence/logs/ruff-format-ci-scope.log
D  docs/continuation/integral_review_2026-09-09/evidence/package-smoke-final.json
D  docs/continuation/integral_review_2026-09-09/evidence/package-smoke.json
D  docs/continuation/integral_review_2026-09-09/evidence/previous-dc-manifest.json
D  docs/continuation/integral_review_2026-09-09/evidence/public-source-receipts.json
D  docs/continuation/integral_review_2026-09-09/evidence/regressions-after-cases.json
D  docs/continuation/integral_review_2026-09-09/evidence/regressions-before-cases.json
D  docs/continuation/integral_review_2026-09-09/evidence/source-inventory.json
D  docs/continuation/integral_review_2026-09-09/evidence/temporal-after-cases.json
D  docs/continuation/integral_review_2026-09-09/evidence/temporal-before-cases.json
D  docs/continuation/integral_review_2026-09-09/evidence/tests.json
D  docs/continuation/integral_review_2026-09-09/reproducao/NuGet.Config
D  docs/continuation/integral_review_2026-09-09/reproducao/audit_data.py
D  docs/continuation/integral_review_2026-09-09/reproducao/consolidate_evidence.py
D  docs/continuation/integral_review_2026-09-09/reproducao/finish_review_artifacts.py
D  docs/continuation/integral_review_2026-09-09/reproducao/inventory.py
D  docs/continuation/integral_review_2026-09-09/reproducao/manifest.json
D  docs/continuation/integral_review_2026-09-09/reproducao/package_smoke.py
D  docs/continuation/integral_review_2026-09-09/reproducao/package_smoke_final.py
D  docs/continuation/integral_review_2026-09-09/reproducao/prepare_dotnet.py
D  docs/continuation/integral_review_2026-09-09/reproducao/pyrightconfig.json
D  docs/continuation/integral_review_2026-09-09/reproducao/reconcile_final_records.py
D  docs/continuation/integral_review_2026-09-09/reproducao/recover_public.py
D  docs/continuation/integral_review_2026-09-09/reproducao/run_dotnet.ps1
D  docs/continuation/integral_review_2026-09-09/reproducao/run_isolated.py
D  docs/continuation/integral_review_2026-09-09/reproducao/test_isolation_boundary.py
D  docs/continuation/integral_review_2026-09-09/reproducao/update_guides.py
D  docs/continuation/integral_review_2026-09-09/reproducao/write_reports.py
D  docs/continuation/ledger_consistency_2026-09-10/MAPA_DADOS.md
D  docs/continuation/ledger_consistency_2026-09-10/MAPA_SISTEMA.md
D  docs/continuation/ledger_consistency_2026-09-10/PLANO.md
D  docs/continuation/ledger_consistency_2026-09-10/PROXIMO_PROMPT.md
D  docs/continuation/ledger_consistency_2026-09-10/REGISTROS.json
D  docs/continuation/ledger_consistency_2026-09-10/REGISTROS.md
D  docs/continuation/ledger_consistency_2026-09-10/REPRODUZIR.md
D  docs/continuation/ledger_consistency_2026-09-10/RESULTADO.md
D  docs/continuation/ledger_consistency_2026-09-10/evidence/.gitattributes
D  docs/continuation/ledger_consistency_2026-09-10/evidence/after/isolation.json
D  docs/continuation/ledger_consistency_2026-09-10/evidence/after/junit.xml
D  docs/continuation/ledger_consistency_2026-09-10/evidence/before/isolation.json
D  docs/continuation/ledger_consistency_2026-09-10/evidence/before/junit.xml
D  docs/continuation/ledger_consistency_2026-09-10/evidence/final/isolation.json
D  docs/continuation/ledger_consistency_2026-09-10/evidence/final/junit.xml
D  docs/continuation/ledger_consistency_2026-09-10/evidence/manifest.json
D  docs/continuation/ledger_consistency_2026-09-10/evidence/package-receipt-final.json
D  docs/continuation/ledger_consistency_2026-09-10/evidence/package-smoke-final/build.log
D  docs/continuation/ledger_consistency_2026-09-10/evidence/package-smoke-final/install.log
D  docs/continuation/ledger_consistency_2026-09-10/evidence/package-smoke-final/installed-path.log
D  docs/continuation/ledger_consistency_2026-09-10/evidence/package-smoke-final/odds-empty.log
D  docs/continuation/ledger_consistency_2026-09-10/evidence/package-smoke-final/odds-invalid.log
D  docs/continuation/ledger_consistency_2026-09-10/evidence/package-smoke-final/readiness-False.log
D  docs/continuation/ledger_consistency_2026-09-10/evidence/package-smoke-final/readiness-True.log
D  docs/continuation/ledger_consistency_2026-09-10/evidence/process-lab-v2/receipt.json
D  docs/continuation/ledger_consistency_2026-09-10/evidence/process-lab/failure.json
D  docs/continuation/ledger_consistency_2026-09-10/evidence/pyright-final.log
D  docs/continuation/ledger_consistency_2026-09-10/evidence/quality-checks-final.json
D  docs/continuation/ledger_consistency_2026-09-10/evidence/ruff-check-final.log
D  docs/continuation/ledger_consistency_2026-09-10/evidence/ruff-fix-final.log
D  docs/continuation/ledger_consistency_2026-09-10/evidence/ruff-format-check-final.log
D  docs/continuation/ledger_consistency_2026-09-10/evidence/ruff-format-final.log
D  docs/continuation/ledger_consistency_2026-09-10/evidence/source-inventory.json
D  docs/continuation/ledger_consistency_2026-09-10/evidence/validation-summary.json
D  docs/continuation/main_consolidation_2026-09-08/RESULTADO.md
D  docs/continuation/migration_source_history_2026-09-08/README.md
D  docs/continuation/migration_source_history_2026-09-08/SOURCE_INDEX.json
D  docs/continuation/migration_source_history_2026-09-08/files/0a15296b0b5770be__Dockerfile.kernel
D  docs/continuation/migration_source_history_2026-09-08/files/0f1a53f9204e33f6__test_run_passive_task.py
D  docs/continuation/migration_source_history_2026-09-08/files/110907e60b9d8b4c__probe_readonly_wal.py
D  docs/continuation/migration_source_history_2026-09-08/files/174720ee78be1f89__LineupEvent.cs
D  docs/continuation/migration_source_history_2026-09-08/files/1bddd7b3895bde85__finalize_stage.py
D  docs/continuation/migration_source_history_2026-09-08/files/300e193442964725__run_passive_task.py
D  docs/continuation/migration_source_history_2026-09-08/files/379163bdaaadc49f__verify_git_handoff.py
D  docs/continuation/migration_source_history_2026-09-08/files/460de277a9b72ad4__persist_model_research.py
D  docs/continuation/migration_source_history_2026-09-08/files/4c8a8798b4ea2601__test_verificar_zip.py
D  docs/continuation/migration_source_history_2026-09-08/files/5971772a04aaef57__test_price_discovery_preflight.py
D  docs/continuation/migration_source_history_2026-09-08/files/637a9718711dc99b__test_snapshot_sqlite.py
D  docs/continuation/migration_source_history_2026-09-08/files/6e0cc34905b03e10__capture_authorized_sqlite.py
D  docs/continuation/migration_source_history_2026-09-08/files/6fc40fdb8aa0e76d__Dockerfile.worker
D  docs/continuation/migration_source_history_2026-09-08/files/72112b5ef93bba83__probe_docker.py
D  docs/continuation/migration_source_history_2026-09-08/files/77d058cd7aaef467__LatencyRecord.cs
D  docs/continuation/migration_source_history_2026-09-08/files/7d9e289df76c753c__check_nullable_odds.py
D  docs/continuation/migration_source_history_2026-09-08/files/80b64f29d5f02110__evaluate_h14_prospective.py
D  docs/continuation/migration_source_history_2026-09-08/files/80bd2dee79cfb1a4__retomada_operacional.patch
D  docs/continuation/migration_source_history_2026-09-08/files/97fa733041c381a3__alteracoes.patch
D  docs/continuation/migration_source_history_2026-09-08/files/9cc046d91e5ab016__test_prospective_evaluation_guard.py
D  docs/continuation/migration_source_history_2026-09-08/files/a335d0bf4f2dfd92__parser_scope_fix.patch
D  docs/continuation/migration_source_history_2026-09-08/files/aa6748b9a4df8995__check_integrity.py
D  docs/continuation/migration_source_history_2026-09-08/files/ab84ad8e0690652b__Program.cs
D  docs/continuation/migration_source_history_2026-09-08/files/b34625ceb86fb317__price_history_parser_fix.patch
D  docs/continuation/migration_source_history_2026-09-08/files/b3eccd1ef9361ec1__close_git_handoff.py
D  docs/continuation/migration_source_history_2026-09-08/files/b5c7b2e3f03ab39e__price_discovery_preflight.py
D  docs/continuation/migration_source_history_2026-09-08/files/b8404d5dd93aa634__alteracoes_rastreadas.patch
D  docs/continuation/migration_source_history_2026-09-08/files/bda8f315da572f54__build_migration.py
D  docs/continuation/migration_source_history_2026-09-08/files/bef63a2a8eed6efc__finalize_sqlite_receipts.py
D  docs/continuation/migration_source_history_2026-09-08/files/c1696fa483d05b0e__OperationalSettings.cs
D  docs/continuation/migration_source_history_2026-09-08/files/d7f31486bb5b273a__Dockerfile.cli
D  docs/continuation/migration_source_history_2026-09-08/files/de67c6a757c50643__snapshot_sqlite.py
D  docs/continuation/migration_source_history_2026-09-08/files/e3a26b25502fa2ae__inventory.py
D  docs/continuation/migration_source_history_2026-09-08/files/e6c0908e16685685__RETOMAR_H14_H15.ps1
D  docs/continuation/migration_source_history_2026-09-08/files/e81693b786815386__ModelBranchTests.cs
D  docs/continuation/migration_source_history_2026-09-08/files/ee5195f95316bb84__evaluate_h15_prospective.py
D  docs/continuation/model_research_2026-09-07/PESQUISA.md
D  docs/continuation/model_research_2026-09-07/estado.json
D  docs/continuation/price_feasibility_2026-09-09/.gitattributes
D  docs/continuation/price_feasibility_2026-09-09/MEASUREMENT_ADDENDUM.md
D  docs/continuation/price_feasibility_2026-09-09/PROTOCOL.md
D  docs/continuation/price_feasibility_2026-09-09/REPRODUZIR.md
D  docs/continuation/price_feasibility_2026-09-09/RESULTADO.md
D  docs/continuation/price_feasibility_2026-09-09/decimal-verification.json
D  docs/continuation/price_feasibility_2026-09-09/manifest.json
D  docs/continuation/price_feasibility_2026-09-09/run_offline.py
D  docs/continuation/price_feasibility_2026-09-09/source_attempts.json
D  docs/continuation/price_feasibility_2026-09-09/summary.json
D  docs/continuation/price_feasibility_2026-09-09/validate_offline.py
D  docs/continuation/price_feasibility_2026-09-09/validation.json
D  docs/continuation/price_feasibility_2026-09-09/verify_decimal.py
D  docs/continuation/price_strength_2026-09-07/GUIA.md
D  docs/continuation/price_strength_2026-09-07/RESULTADO.md
D  docs/continuation/price_strength_2026-09-07/codigo/brasileirao_predictor/research/price_strength/__init__.py
D  docs/continuation/price_strength_2026-09-07/codigo/brasileirao_predictor/research/price_strength/__main__.py
D  docs/continuation/price_strength_2026-09-07/codigo/brasileirao_predictor/research/price_strength/artifacts.py
D  docs/continuation/price_strength_2026-09-07/codigo/brasileirao_predictor/research/price_strength/demo.py
D  docs/continuation/price_strength_2026-09-07/codigo/brasileirao_predictor/research/price_strength/dynamic_xg.py
D  docs/continuation/price_strength_2026-09-07/codigo/brasileirao_predictor/research/price_strength/quotes.py
D  docs/continuation/price_strength_2026-09-07/codigo/brasileirao_predictor/research/price_strength/study.py
D  docs/continuation/price_strength_2026-09-07/codigo/tests/test_price_strength_artifacts.py
D  docs/continuation/price_strength_2026-09-07/codigo/tests/test_price_strength_dynamic_xg.py
D  docs/continuation/price_strength_2026-09-07/codigo/tests/test_price_strength_quotes.py
D  docs/continuation/price_strength_2026-09-07/codigo/tests/test_price_strength_study.py
D  docs/continuation/price_strength_2026-09-07/estado.json
D  docs/continuation/price_strength_2026-09-07/evidencias/price_strength_demo.json
D  docs/continuation/price_strength_2026-09-07/evidencias/price_strength_final_tests.json
D  docs/continuation/price_strength_2026-09-07/evidencias/price_strength_format.json
D  docs/continuation/price_strength_2026-09-07/evidencias/price_strength_gates.json
D  docs/continuation/price_strength_2026-09-07/evidencias/price_strength_green.json
D  docs/continuation/price_strength_2026-09-07/evidencias/price_strength_initial.json
D  docs/continuation/price_strength_2026-09-07/evidencias/price_strength_lint_green.json
D  docs/continuation/price_strength_2026-09-07/evidencias/price_strength_lint_initial.json
D  docs/continuation/price_strength_2026-09-07/evidencias/price_strength_typecheck.json
D  docs/continuation/price_strength_2026-09-07/evidencias/price_strength_typecheck_explicit.json
D  docs/continuation/price_strength_2026-09-07/evidencias/price_strength_typecheck_green.json
D  docs/continuation/price_strength_2026-09-07/reproducao/check_price_strength_gates.py
D  docs/continuation/price_strength_2026-09-07/reproducao/guard/sitecustomize.py
D  docs/continuation/price_strength_2026-09-07/reproducao/persist_price_strength.py
D  docs/continuation/price_strength_2026-09-07/reproducao/price_strength_pyright.json
D  docs/continuation/price_strength_2026-09-07/reproducao/validation_runner.py
D  docs/continuation/price_strength_diagnosis_2026-09-07/ACHADOS.md
D  docs/continuation/price_strength_diagnosis_2026-09-07/REPRODUZIR.md
D  docs/continuation/price_strength_diagnosis_2026-09-07/RESULTADO.md
D  docs/continuation/price_strength_diagnosis_2026-09-07/codigo/brasileirao_predictor/data/missingness_audit.py
D  docs/continuation/price_strength_diagnosis_2026-09-07/codigo/brasileirao_predictor/data/xg_quality.py
D  docs/continuation/price_strength_diagnosis_2026-09-07/codigo/brasileirao_predictor/ingest_sofascore.py
D  docs/continuation/price_strength_diagnosis_2026-09-07/codigo/brasileirao_predictor/research/price_strength/dynamic_xg.py
D  docs/continuation/price_strength_diagnosis_2026-09-07/codigo/brasileirao_predictor/research/price_strength_reliability.py
D  docs/continuation/price_strength_diagnosis_2026-09-07/codigo/tests/test_missingness_audit.py
D  docs/continuation/price_strength_diagnosis_2026-09-07/codigo/tests/test_price_strength_dynamic_xg.py
D  docs/continuation/price_strength_diagnosis_2026-09-07/codigo/tests/test_price_strength_reliability.py
D  docs/continuation/price_strength_diagnosis_2026-09-07/codigo/tests/test_xg_input_quality.py
D  docs/continuation/price_strength_diagnosis_2026-09-07/correcao/AUDITORIA_INDEPENDENTE.md
D  docs/continuation/price_strength_diagnosis_2026-09-07/correcao/PLANO.json
D  docs/continuation/price_strength_diagnosis_2026-09-07/correcao/audit.json
D  docs/continuation/price_strength_diagnosis_2026-09-07/correcao/bootstrap_audit.json
D  docs/continuation/price_strength_diagnosis_2026-09-07/correcao/results.json
D  docs/continuation/price_strength_diagnosis_2026-09-07/estado.json
D  docs/continuation/price_strength_diagnosis_2026-09-07/evidencias/correction_audit_selfcheck.json
D  docs/continuation/price_strength_diagnosis_2026-09-07/evidencias/correction_independent_audit.json
D  docs/continuation/price_strength_diagnosis_2026-09-07/evidencias/price_strength_correction_bootstrap_audit.json
D  docs/continuation/price_strength_diagnosis_2026-09-07/evidencias/price_strength_frozen_diagnosis.json
D  docs/continuation/price_strength_diagnosis_2026-09-07/evidencias/price_strength_model_structure_synthetic.json
D  docs/continuation/price_strength_diagnosis_2026-09-07/evidencias/price_strength_reliability_format.json
D  docs/continuation/price_strength_diagnosis_2026-09-07/evidencias/price_strength_reliability_format_check.json
D  docs/continuation/price_strength_diagnosis_2026-09-07/evidencias/price_strength_reliability_format_final.json
D  docs/continuation/price_strength_diagnosis_2026-09-07/evidencias/price_strength_reliability_lint.json
D  docs/continuation/price_strength_diagnosis_2026-09-07/evidencias/price_strength_reliability_synthetic.json
D  docs/continuation/price_strength_diagnosis_2026-09-07/evidencias/price_strength_revision_conflict_green.json
D  docs/continuation/price_strength_diagnosis_2026-09-07/evidencias/price_strength_revision_conflict_red.json
D  docs/continuation/price_strength_diagnosis_2026-09-07/evidencias/price_strength_revision_format.json
D  docs/continuation/price_strength_diagnosis_2026-09-07/evidencias/price_strength_revision_lint.json
D  docs/continuation/price_strength_diagnosis_2026-09-07/evidencias/xg_correction_plan.json
D  docs/continuation/price_strength_diagnosis_2026-09-07/evidencias/xg_correction_real.json
D  docs/continuation/price_strength_diagnosis_2026-09-07/evidencias/xg_correction_unit_tests.json
D  docs/continuation/price_strength_diagnosis_2026-09-07/evidencias/xg_diagnosis_final_tests.json
D  docs/continuation/price_strength_diagnosis_2026-09-07/evidencias/xg_diagnosis_format.json
D  docs/continuation/price_strength_diagnosis_2026-09-07/evidencias/xg_diagnosis_gates.json
D  docs/continuation/price_strength_diagnosis_2026-09-07/evidencias/xg_diagnosis_lint.json
D  docs/continuation/price_strength_diagnosis_2026-09-07/evidencias/xg_diagnosis_lint_final.json
D  docs/continuation/price_strength_diagnosis_2026-09-07/evidencias/xg_diagnosis_typecheck.json
D  docs/continuation/price_strength_diagnosis_2026-09-07/evidencias/xg_quality_after.json
D  docs/continuation/price_strength_diagnosis_2026-09-07/evidencias/xg_quality_before.json
D  docs/continuation/price_strength_diagnosis_2026-09-07/reproducao/METHODOLOGY_REVIEW.md
D  docs/continuation/price_strength_diagnosis_2026-09-07/reproducao/MODEL_REVIEW.md
D  docs/continuation/price_strength_diagnosis_2026-09-07/reproducao/audit_bootstrap.py
D  docs/continuation/price_strength_diagnosis_2026-09-07/reproducao/audit_correction.py
D  docs/continuation/price_strength_diagnosis_2026-09-07/reproducao/check_price_strength_gates.py
D  docs/continuation/price_strength_diagnosis_2026-09-07/reproducao/diagnose.py
D  docs/continuation/price_strength_diagnosis_2026-09-07/reproducao/evaluate_correction.py
D  docs/continuation/price_strength_diagnosis_2026-09-07/reproducao/guard/sitecustomize.py
D  docs/continuation/price_strength_diagnosis_2026-09-07/reproducao/persist_diagnosis.py
D  docs/continuation/price_strength_diagnosis_2026-09-07/reproducao/prepare_correction.py
D  docs/continuation/price_strength_diagnosis_2026-09-07/reproducao/test_audit_correction.py
D  docs/continuation/price_strength_diagnosis_2026-09-07/reproducao/test_correction.py
D  docs/continuation/price_strength_diagnosis_2026-09-07/reproducao/test_model_review.py
D  docs/continuation/price_strength_diagnosis_2026-09-07/reproducao/validation_runner.py
D  docs/continuation/price_strength_diagnosis_2026-09-07/reproducao/xg_diagnosis_pyright.json
D  docs/continuation/price_strength_evaluation_2026-09-07/PLANO.json
D  docs/continuation/price_strength_evaluation_2026-09-07/REPRODUZIR.md
D  docs/continuation/price_strength_evaluation_2026-09-07/RESULTADO.md
D  docs/continuation/price_strength_evaluation_2026-09-07/audit.json
D  docs/continuation/price_strength_evaluation_2026-09-07/estado.json
D  docs/continuation/price_strength_evaluation_2026-09-07/evidencias/price_strength_conditional_audit.json
D  docs/continuation/price_strength_evaluation_2026-09-07/evidencias/price_strength_conditional_real.json
D  docs/continuation/price_strength_evaluation_2026-09-07/evidencias/price_strength_conditional_tests.json
D  docs/continuation/price_strength_evaluation_2026-09-07/reproducao/audit.py
D  docs/continuation/price_strength_evaluation_2026-09-07/reproducao/conditional_model.py
D  docs/continuation/price_strength_evaluation_2026-09-07/reproducao/evaluate.py
D  docs/continuation/price_strength_evaluation_2026-09-07/reproducao/frozen_economics.py
D  docs/continuation/price_strength_evaluation_2026-09-07/reproducao/persist_evaluation.py
D  docs/continuation/price_strength_evaluation_2026-09-07/reproducao/prepare_plan.py
D  docs/continuation/price_strength_evaluation_2026-09-07/reproducao/test_conditional_model.py
D  docs/continuation/price_strength_evaluation_2026-09-07/reproducao/test_evaluate.py
D  docs/continuation/price_strength_evaluation_2026-09-07/results.json
D  docs/continuation/publication_2026-09-09/.gitattributes
D  docs/continuation/publication_2026-09-09/README.md
D  docs/continuation/publication_2026-09-09/archive/AUDITORIA/CONSOLIDACAO_2026-09-09.md.txt
D  docs/continuation/publication_2026-09-09/archive/AUDITORIA/DADOS_COMPLEMENTARES_2026-09-09.json
D  docs/continuation/publication_2026-09-09/archive/AUDITORIA/DADOS_COMPLEMENTARES_2026-09-09.md.txt
D  docs/continuation/publication_2026-09-09/archive/AUDITORIA/ENTREGA_CONSOLIDACAO.json
D  docs/continuation/publication_2026-09-09/archive/AUDITORIA/EXECUTION_READINESS_2026-09-09.json
D  docs/continuation/publication_2026-09-09/archive/AUDITORIA/EXECUTION_READINESS_2026-09-09.md.txt
D  docs/continuation/publication_2026-09-09/archive/AUDITORIA/HANDOFF_REVISAO_INTEGRAL_2026-09-09.json
D  docs/continuation/publication_2026-09-09/archive/AUDITORIA/PROMPT_FINAL_REVISAO_2026-09-09.json
D  docs/continuation/publication_2026-09-09/archive/AUDITORIA/automacao_dados_2026-09-09.toml
D  docs/continuation/publication_2026-09-09/archive/AUDITORIA/backup_git_2026-09-09.json
D  docs/continuation/publication_2026-09-09/archive/AUDITORIA/consolidacao_copias_2026-09-09.json
D  docs/continuation/publication_2026-09-09/archive/AUDITORIA/verificacao_disco_2026-09-09.json
D  docs/continuation/publication_2026-09-09/archive/AUDITORIA/verificacao_disco_tentativa_01.json
D  docs/continuation/publication_2026-09-09/archive/AUDITORIA/verificacao_migracao_2026-09-09.json
D  docs/continuation/publication_2026-09-09/archive/INSTRUCOES/MANDATO_RECEBIDO_2026-09-09.txt
D  docs/continuation/publication_2026-09-09/archive/LEIA_PRIMEIRO.md.txt
D  docs/continuation/publication_2026-09-09/archive/work/consolidation-2026-09-09/audit_docs.py
D  docs/continuation/publication_2026-09-09/archive/work/consolidation-2026-09-09/prepare.py
D  docs/continuation/publication_2026-09-09/archive/work/consolidation-2026-09-09/seal.py
D  docs/continuation/publication_2026-09-09/archive/work/consolidation-2026-09-09/update_docs.py
D  docs/continuation/publication_2026-09-09/archive/work/consolidation-2026-09-09/verify_disk.py
D  docs/continuation/publication_2026-09-09/archive/work/data-completion-2026-09-09/final_backup_and_delivery.py
D  docs/continuation/publication_2026-09-09/archive/work/data-completion-2026-09-09/finalize_checks.py
D  docs/continuation/publication_2026-09-09/archive/work/data-completion-2026-09-09/package_documentation.py
D  docs/continuation/publication_2026-09-09/archive/work/data-completion-2026-09-09/revalidate_changed_module.py
D  docs/continuation/publication_2026-09-09/archive/work/data-completion-2026-09-09/seal_artifacts.py
D  docs/continuation/publication_2026-09-09/archive/work/data-completion-2026-09-09/update_documentation.py
D  docs/continuation/publication_2026-09-09/archive/work/data-completion-2026-09-09/verify_pilot_after_fix.py
D  docs/continuation/publication_2026-09-09/archive/work/data-completion-2026-09-09/verify_types.py
D  docs/continuation/publication_2026-09-09/archive/work/execution-readiness-2026-09-09/activate_and_document.py
D  docs/continuation/publication_2026-09-09/archive/work/execution-readiness-2026-09-09/fetch_contract_sources.py
D  docs/continuation/publication_2026-09-09/archive/work/execution-readiness-2026-09-09/final_delivery.py
D  docs/continuation/publication_2026-09-09/archive/work/execution-readiness-2026-09-09/seal_review.py
D  docs/continuation/publication_2026-09-09/archive/work/execution-readiness-2026-09-09/validate_offline.py
D  docs/continuation/publication_2026-09-09/archive/work/execution-readiness-2026-09-09/verify_engineering.py
D  docs/continuation/publication_2026-09-09/archive/work/price-feasibility-2026-09-09/acquire.py
D  docs/continuation/publication_2026-09-09/archive/work/publication-2026-09-09/prepare_publication.py
D  docs/continuation/publication_2026-09-09/manifest.json
D  docs/continuation/publication_2026-09-09/prepublication_checks.json
D  docs/continuation/publication_2026-09-09/verify_publication.py
D  docs/continuation/publication_2026-09-10/.gitattributes
D  docs/continuation/publication_2026-09-10/.gitignore
D  docs/continuation/publication_2026-09-10/DADOS_E_FONTES.md
D  docs/continuation/publication_2026-09-10/INDICE_TODOS_MDS.md
D  docs/continuation/publication_2026-09-10/PROXIMO_PROMPT.md
D  docs/continuation/publication_2026-09-10/PUBLICADO.md
D  docs/continuation/publication_2026-09-10/REGISTROS.json
D  docs/continuation/publication_2026-09-10/REGISTROS.md
D  docs/continuation/publication_2026-09-10/REPRODUZIR.md
D  docs/continuation/publication_2026-09-10/RESULTADO.md
D  docs/continuation/publication_2026-09-10/REVISAO_DO_CHAT.md
D  docs/continuation/publication_2026-09-10/archive/chat/chat-receipt.json
D  docs/continuation/publication_2026-09-10/archive/chat/chat-visible.json
D  docs/continuation/publication_2026-09-10/archive/chat/chat-visible.txt
D  docs/continuation/publication_2026-09-10/archive/chat/checkpoint.json
D  docs/continuation/publication_2026-09-10/archive/chat/publication-continuation-receipt.json
D  docs/continuation/publication_2026-09-10/archive/chat/publication-continuation.json
D  docs/continuation/publication_2026-09-10/archive/instructions/MANDATO_RECEBIDO_2026-09-09.txt
D  docs/continuation/publication_2026-09-10/archive/instructions/PROMPT_FINAL_REVISAO_INTEGRAL_2026-09-09.md
D  docs/continuation/publication_2026-09-10/archive/local-helpers/artifact-integrity-2026-09-10/PLANO.md
D  docs/continuation/publication_2026-09-10/archive/local-helpers/artifact-integrity-2026-09-10/backup_delivery.py
D  docs/continuation/publication_2026-09-10/archive/local-helpers/artifact-integrity-2026-09-10/build_package.py
D  docs/continuation/publication_2026-09-10/archive/local-helpers/artifact-integrity-2026-09-10/check_changed.py
D  docs/continuation/publication_2026-09-10/archive/local-helpers/artifact-integrity-2026-09-10/prepare_integration.py
D  docs/continuation/publication_2026-09-10/archive/local-helpers/artifact-integrity-2026-09-10/run_isolated.py
D  docs/continuation/publication_2026-09-10/archive/local-helpers/artifact-integrity-2026-09-10/write_docs.py
D  docs/continuation/publication_2026-09-10/archive/local-helpers/closeout-2026-09-10/backup_delivery.py
D  docs/continuation/publication_2026-09-10/archive/local-helpers/closeout-2026-09-10/build_package.py
D  docs/continuation/publication_2026-09-10/archive/local-helpers/closeout-2026-09-10/check_changed.py
D  docs/continuation/publication_2026-09-10/archive/local-helpers/closeout-2026-09-10/integrate_tests.py
D  docs/continuation/publication_2026-09-10/archive/local-helpers/closeout-2026-09-10/prepare_integration-first.py
D  docs/continuation/publication_2026-09-10/archive/local-helpers/closeout-2026-09-10/prepare_integration.py
D  docs/continuation/publication_2026-09-10/archive/local-helpers/closeout-2026-09-10/run_isolated.py
D  docs/continuation/publication_2026-09-10/archive/local-helpers/closeout-2026-09-10/write_docs.py
D  docs/continuation/publication_2026-09-10/archive/local-helpers/completion-2026-09-10/backup_delivery.py
D  docs/continuation/publication_2026-09-10/archive/local-helpers/completion-2026-09-10/build_package.py
D  docs/continuation/publication_2026-09-10/archive/local-helpers/completion-2026-09-10/check_changed.py
D  docs/continuation/publication_2026-09-10/archive/local-helpers/completion-2026-09-10/final_inventory.py
D  docs/continuation/publication_2026-09-10/archive/local-helpers/completion-2026-09-10/finalize_notes.py
D  docs/continuation/publication_2026-09-10/archive/local-helpers/completion-2026-09-10/inventory.py
D  docs/continuation/publication_2026-09-10/archive/local-helpers/completion-2026-09-10/prepare_integration.py
D  docs/continuation/publication_2026-09-10/archive/local-helpers/completion-2026-09-10/run_isolated.py
D  docs/continuation/publication_2026-09-10/archive/local-helpers/completion-2026-09-10/sources.py
D  docs/continuation/publication_2026-09-10/archive/local-helpers/completion-2026-09-10/sources_followup.py
D  docs/continuation/publication_2026-09-10/archive/local-helpers/completion-2026-09-10/write_docs.py
D  docs/continuation/publication_2026-09-10/archive/local-helpers/consolidation-2026-09-09/audit_docs.py
D  docs/continuation/publication_2026-09-10/archive/local-helpers/consolidation-2026-09-09/prepare.py
D  docs/continuation/publication_2026-09-10/archive/local-helpers/consolidation-2026-09-09/seal.py
D  docs/continuation/publication_2026-09-10/archive/local-helpers/consolidation-2026-09-09/update_docs.py
D  docs/continuation/publication_2026-09-10/archive/local-helpers/consolidation-2026-09-09/verify_disk.py
D  docs/continuation/publication_2026-09-10/archive/local-helpers/data-completion-2026-09-09/account_recheck.py
D  docs/continuation/publication_2026-09-10/archive/local-helpers/data-completion-2026-09-09/acquire_history.py
D  docs/continuation/publication_2026-09-10/archive/local-helpers/data-completion-2026-09-09/audit_followup.py
D  docs/continuation/publication_2026-09-10/archive/local-helpers/data-completion-2026-09-09/audit_results.py
D  docs/continuation/publication_2026-09-10/archive/local-helpers/data-completion-2026-09-09/capture_pilot.py
D  docs/continuation/publication_2026-09-10/archive/local-helpers/data-completion-2026-09-09/check_account.py
D  docs/continuation/publication_2026-09-10/archive/local-helpers/data-completion-2026-09-09/fetch_public.py
D  docs/continuation/publication_2026-09-10/archive/local-helpers/data-completion-2026-09-09/fetch_public_extra.py
D  docs/continuation/publication_2026-09-10/archive/local-helpers/data-completion-2026-09-09/final_backup_and_delivery.py
D  docs/continuation/publication_2026-09-10/archive/local-helpers/data-completion-2026-09-09/finalize_checks.py
D  docs/continuation/publication_2026-09-10/archive/local-helpers/data-completion-2026-09-09/followup_capture.py
D  docs/continuation/publication_2026-09-10/archive/local-helpers/data-completion-2026-09-09/package_documentation.py
D  docs/continuation/publication_2026-09-10/archive/local-helpers/data-completion-2026-09-09/repair_transport.py
D  docs/continuation/publication_2026-09-10/archive/local-helpers/data-completion-2026-09-09/revalidate_changed_module.py
D  docs/continuation/publication_2026-09-10/archive/local-helpers/data-completion-2026-09-09/run_closing.py
D  docs/continuation/publication_2026-09-10/archive/local-helpers/data-completion-2026-09-09/seal_artifacts.py
D  docs/continuation/publication_2026-09-10/archive/local-helpers/data-completion-2026-09-09/update_documentation.py
D  docs/continuation/publication_2026-09-10/archive/local-helpers/data-completion-2026-09-09/validate_offline.py
D  docs/continuation/publication_2026-09-10/archive/local-helpers/data-completion-2026-09-09/verify_closing_independently.py
D  docs/continuation/publication_2026-09-10/archive/local-helpers/data-completion-2026-09-09/verify_pilot_after_fix.py
D  docs/continuation/publication_2026-09-10/archive/local-helpers/data-completion-2026-09-09/verify_types.py
D  docs/continuation/publication_2026-09-10/archive/local-helpers/economic-search-2026-09-10/audit_results.py
D  docs/continuation/publication_2026-09-10/archive/local-helpers/economic-search-2026-09-10/finalize_delivery.py
D  docs/continuation/publication_2026-09-10/archive/local-helpers/economic-search-2026-09-10/run_isolated.py
D  docs/continuation/publication_2026-09-10/archive/local-helpers/economic-search-2026-09-10/run_study.py
D  docs/continuation/publication_2026-09-10/archive/local-helpers/execution-readiness-2026-09-09/activate_and_document.py
D  docs/continuation/publication_2026-09-10/archive/local-helpers/execution-readiness-2026-09-09/fetch_contract_sources.py
D  docs/continuation/publication_2026-09-10/archive/local-helpers/execution-readiness-2026-09-09/final_delivery.py
D  docs/continuation/publication_2026-09-10/archive/local-helpers/execution-readiness-2026-09-09/seal_review.py
D  docs/continuation/publication_2026-09-10/archive/local-helpers/execution-readiness-2026-09-09/validate_offline.py
D  docs/continuation/publication_2026-09-10/archive/local-helpers/execution-readiness-2026-09-09/verify_engineering.py
D  docs/continuation/publication_2026-09-10/archive/local-helpers/implementacao-2026-09-10/CHECKPOINT_E_PROTOCOLO.md
D  docs/continuation/publication_2026-09-10/archive/local-helpers/implementacao-2026-09-10/capture_decision_before_universe.py
D  docs/continuation/publication_2026-09-10/archive/local-helpers/implementacao-2026-09-10/check_lab_boundaries.py
D  docs/continuation/publication_2026-09-10/archive/local-helpers/implementacao-2026-09-10/final_backup.py
D  docs/continuation/publication_2026-09-10/archive/local-helpers/implementacao-2026-09-10/inspect_memurai.py
D  docs/continuation/publication_2026-09-10/archive/local-helpers/implementacao-2026-09-10/package_smoke.py
D  docs/continuation/publication_2026-09-10/archive/local-helpers/implementacao-2026-09-10/package_smoke_final.py
D  docs/continuation/publication_2026-09-10/archive/local-helpers/implementacao-2026-09-10/repair_register.py
D  docs/continuation/publication_2026-09-10/archive/local-helpers/implementacao-2026-09-10/run_capture_experiment.py
D  docs/continuation/publication_2026-09-10/archive/local-helpers/implementacao-2026-09-10/run_isolated.py
D  docs/continuation/publication_2026-09-10/archive/local-helpers/implementacao-2026-09-10/seal_before_commit.py
D  docs/continuation/publication_2026-09-10/archive/local-helpers/implementacao-2026-09-10/test_cold_start_preload_variant.py
D  docs/continuation/publication_2026-09-10/archive/local-helpers/implementacao-2026-09-10/write_delivery_docs.py
D  docs/continuation/publication_2026-09-10/archive/local-helpers/ledger-consistency-2026-09-10/PLANO.md
D  docs/continuation/publication_2026-09-10/archive/local-helpers/ledger-consistency-2026-09-10/backup_delivery.py
D  docs/continuation/publication_2026-09-10/archive/local-helpers/ledger-consistency-2026-09-10/build_package.py
D  docs/continuation/publication_2026-09-10/archive/local-helpers/ledger-consistency-2026-09-10/check_changed.py
D  docs/continuation/publication_2026-09-10/archive/local-helpers/ledger-consistency-2026-09-10/prepare_integration.py
D  docs/continuation/publication_2026-09-10/archive/local-helpers/ledger-consistency-2026-09-10/process_lock_lab-first.py
D  docs/continuation/publication_2026-09-10/archive/local-helpers/ledger-consistency-2026-09-10/process_lock_lab.py
D  docs/continuation/publication_2026-09-10/archive/local-helpers/ledger-consistency-2026-09-10/run_isolated.py
D  docs/continuation/publication_2026-09-10/archive/local-helpers/ledger-consistency-2026-09-10/write_docs.py
D  docs/continuation/publication_2026-09-10/archive/local-helpers/price-feasibility-2026-09-09/acquire.py
D  docs/continuation/publication_2026-09-10/archive/local-helpers/publication-2026-09-09/prepare_publication.py
D  docs/continuation/publication_2026-09-10/archive/local-helpers/reconciliation-2026-09-10/PLANO.md
D  docs/continuation/publication_2026-09-10/archive/local-helpers/reconciliation-2026-09-10/backup_delivery.py
D  docs/continuation/publication_2026-09-10/archive/local-helpers/reconciliation-2026-09-10/build_package.py
D  docs/continuation/publication_2026-09-10/archive/local-helpers/reconciliation-2026-09-10/build_package_after_guides.py
D  docs/continuation/publication_2026-09-10/archive/local-helpers/reconciliation-2026-09-10/check_changed.py
D  docs/continuation/publication_2026-09-10/archive/local-helpers/reconciliation-2026-09-10/check_dependencies.py
D  docs/continuation/publication_2026-09-10/archive/local-helpers/reconciliation-2026-09-10/finalize_staging.py
D  docs/continuation/publication_2026-09-10/archive/local-helpers/reconciliation-2026-09-10/prepare_helpers.py
D  docs/continuation/publication_2026-09-10/archive/local-helpers/reconciliation-2026-09-10/prepare_integration.py
D  docs/continuation/publication_2026-09-10/archive/local-helpers/reconciliation-2026-09-10/recover_chat.py
D  docs/continuation/publication_2026-09-10/archive/local-helpers/reconciliation-2026-09-10/run_isolated.py
D  docs/continuation/publication_2026-09-10/archive/local-helpers/reconciliation-2026-09-10/validate_documents.py
D  docs/continuation/publication_2026-09-10/archive/local-helpers/reconciliation-2026-09-10/verify_current_evidence.py
D  docs/continuation/publication_2026-09-10/archive/local-helpers/reconciliation-2026-09-10/write_docs.py
D  docs/continuation/publication_2026-09-10/archive/local-helpers/resolution-2026-09-10/PLANO.md
D  docs/continuation/publication_2026-09-10/archive/local-helpers/resolution-2026-09-10/append_review_02.py
D  docs/continuation/publication_2026-09-10/archive/local-helpers/resolution-2026-09-10/append_review_03.py
D  docs/continuation/publication_2026-09-10/archive/local-helpers/resolution-2026-09-10/append_review_04.py
D  docs/continuation/publication_2026-09-10/archive/local-helpers/resolution-2026-09-10/append_review_05.py
D  docs/continuation/publication_2026-09-10/archive/local-helpers/resolution-2026-09-10/backup_delivery.py
D  docs/continuation/publication_2026-09-10/archive/local-helpers/resolution-2026-09-10/build_package_final.py
D  docs/continuation/publication_2026-09-10/archive/local-helpers/resolution-2026-09-10/build_package_final_02.py
D  docs/continuation/publication_2026-09-10/archive/local-helpers/resolution-2026-09-10/build_package_runtime.py
D  docs/continuation/publication_2026-09-10/archive/local-helpers/resolution-2026-09-10/build_package_runtime_02.py
D  docs/continuation/publication_2026-09-10/archive/local-helpers/resolution-2026-09-10/check_changed.py
D  docs/continuation/publication_2026-09-10/archive/local-helpers/resolution-2026-09-10/close_import_connection.py
D  docs/continuation/publication_2026-09-10/archive/local-helpers/resolution-2026-09-10/complete_source_review.py
D  docs/continuation/publication_2026-09-10/archive/local-helpers/resolution-2026-09-10/final_evidence.py
D  docs/continuation/publication_2026-09-10/archive/local-helpers/resolution-2026-09-10/finalize_docs.py
D  docs/continuation/publication_2026-09-10/archive/local-helpers/resolution-2026-09-10/finish_package_checks.py
D  docs/continuation/publication_2026-09-10/archive/local-helpers/resolution-2026-09-10/install_compose_check.py
D  docs/continuation/publication_2026-09-10/archive/local-helpers/resolution-2026-09-10/invoke_installed_lab.ps1
D  docs/continuation/publication_2026-09-10/archive/local-helpers/resolution-2026-09-10/invoke_lab.ps1
D  docs/continuation/publication_2026-09-10/archive/local-helpers/resolution-2026-09-10/prepare_installed_cross.py
D  docs/continuation/publication_2026-09-10/archive/local-helpers/resolution-2026-09-10/prepare_integration.py
D  docs/continuation/publication_2026-09-10/archive/local-helpers/resolution-2026-09-10/prepare_lab.py
D  docs/continuation/publication_2026-09-10/archive/local-helpers/resolution-2026-09-10/probe_public_catalog.py
D  docs/continuation/publication_2026-09-10/archive/local-helpers/resolution-2026-09-10/replace_bank_state.py
D  docs/continuation/publication_2026-09-10/archive/local-helpers/resolution-2026-09-10/replace_odds_claims.py
D  docs/continuation/publication_2026-09-10/archive/local-helpers/resolution-2026-09-10/replace_residual_dataset.py
D  docs/continuation/publication_2026-09-10/archive/local-helpers/resolution-2026-09-10/run_dotnet_cases.py
D  docs/continuation/publication_2026-09-10/archive/local-helpers/resolution-2026-09-10/run_dotnet_installed.py
D  docs/continuation/publication_2026-09-10/archive/local-helpers/resolution-2026-09-10/run_isolated.py
D  docs/continuation/publication_2026-09-10/archive/local-helpers/resolution-2026-09-10/run_isolated_before_uri_guard.py
D  docs/continuation/publication_2026-09-10/archive/local-helpers/resolution-2026-09-10/update_review_notes.py
D  docs/continuation/publication_2026-09-10/archive/local-helpers/resolution-2026-09-10/validate_compose_final.py
D  docs/continuation/publication_2026-09-10/archive/local-helpers/resolution-2026-09-10/write_delivery_docs.py
D  docs/continuation/publication_2026-09-10/archive/local-helpers/revisao-integral-2026-09-09/CHECKPOINT_INICIAL.md
D  docs/continuation/publication_2026-09-10/archive/local-helpers/revisao-integral-2026-09-09/PROTOCOLO.md
D  docs/continuation/publication_2026-09-10/archive/local-helpers/revisao-integral-2026-09-09/audit_data.py
D  docs/continuation/publication_2026-09-10/archive/local-helpers/revisao-integral-2026-09-09/close_delivery.py
D  docs/continuation/publication_2026-09-10/archive/local-helpers/revisao-integral-2026-09-09/consolidate_evidence.py
D  docs/continuation/publication_2026-09-10/archive/local-helpers/revisao-integral-2026-09-09/final_wording.py
D  docs/continuation/publication_2026-09-10/archive/local-helpers/revisao-integral-2026-09-09/finish_review_artifacts.py
D  docs/continuation/publication_2026-09-10/archive/local-helpers/revisao-integral-2026-09-09/inventory.py
D  docs/continuation/publication_2026-09-10/archive/local-helpers/revisao-integral-2026-09-09/normalize_delivery.py
D  docs/continuation/publication_2026-09-10/archive/local-helpers/revisao-integral-2026-09-09/package_smoke.py
D  docs/continuation/publication_2026-09-10/archive/local-helpers/revisao-integral-2026-09-09/package_smoke_final.py
D  docs/continuation/publication_2026-09-10/archive/local-helpers/revisao-integral-2026-09-09/preintegration_check.py
D  docs/continuation/publication_2026-09-10/archive/local-helpers/revisao-integral-2026-09-09/prepare_dotnet.py
D  docs/continuation/publication_2026-09-10/archive/local-helpers/revisao-integral-2026-09-09/prepare_package_smoke_final.py
D  docs/continuation/publication_2026-09-10/archive/local-helpers/revisao-integral-2026-09-09/reconcile_final_records.py
D  docs/continuation/publication_2026-09-10/archive/local-helpers/revisao-integral-2026-09-09/recover_public.py
D  docs/continuation/publication_2026-09-10/archive/local-helpers/revisao-integral-2026-09-09/run_dotnet.ps1
D  docs/continuation/publication_2026-09-10/archive/local-helpers/revisao-integral-2026-09-09/run_isolated.py
D  docs/continuation/publication_2026-09-10/archive/local-helpers/revisao-integral-2026-09-09/test_isolation_boundary.py
D  docs/continuation/publication_2026-09-10/archive/local-helpers/revisao-integral-2026-09-09/update_guides.py
D  docs/continuation/publication_2026-09-10/archive/local-helpers/revisao-integral-2026-09-09/verify_staging.py
D  docs/continuation/publication_2026-09-10/archive/local-helpers/revisao-integral-2026-09-09/write_reports.py
D  docs/continuation/publication_2026-09-10/archive/previous-guides/HANDOFF.md
D  docs/continuation/publication_2026-09-10/archive/previous-guides/LEIA_PRIMEIRO.md
D  docs/continuation/publication_2026-09-10/archive/previous-guides/README.md
D  docs/continuation/publication_2026-09-10/archive/previous-guides/docs/DATA_MAP.md
D  docs/continuation/publication_2026-09-10/archive/previous-guides/docs/ESTADO_ATUAL.md
D  docs/continuation/publication_2026-09-10/archive/previous-guides/docs/INDICE_DOCUMENTACAO.md
D  docs/continuation/publication_2026-09-10/archive/previous-guides/docs/continuation/RETOMADA.md
D  docs/continuation/publication_2026-09-10/archive/publication-helpers/archive_ci.py
D  docs/continuation/publication_2026-09-10/archive/publication-helpers/archive_context.py
D  docs/continuation/publication_2026-09-10/archive/publication-helpers/backup_final.py
D  docs/continuation/publication_2026-09-10/archive/publication-helpers/build_final_package.py
D  docs/continuation/publication_2026-09-10/archive/publication-helpers/check_source_archive.py
D  docs/continuation/publication_2026-09-10/archive/publication-helpers/checkpoint.py
D  docs/continuation/publication_2026-09-10/archive/publication-helpers/close_publication.py
D  docs/continuation/publication_2026-09-10/archive/publication-helpers/collect_ci.py
D  docs/continuation/publication_2026-09-10/archive/publication-helpers/finalize_docs.py
D  docs/continuation/publication_2026-09-10/archive/publication-helpers/integration_checks.py
D  docs/continuation/publication_2026-09-10/archive/publication-helpers/prepare_archive_index.py
D  docs/continuation/publication_2026-09-10/archive/publication-helpers/prepare_validation.py
D  docs/continuation/publication_2026-09-10/archive/publication-helpers/prepublish.py
D  docs/continuation/publication_2026-09-10/archive/publication-helpers/seal_docs.py
D  docs/continuation/publication_2026-09-10/archive/publication-helpers/verify_remote.py
D  docs/continuation/publication_2026-09-10/evidence/archive-eol-check.json
D  docs/continuation/publication_2026-09-10/evidence/archive-eol-final.json
D  docs/continuation/publication_2026-09-10/evidence/archive-full-eol.json
D  docs/continuation/publication_2026-09-10/evidence/archive-manifest.json
D  docs/continuation/publication_2026-09-10/evidence/ci-34544695904/artifacts.json
D  docs/continuation/publication_2026-09-10/evidence/ci-34544695904/extracted/10178579218/_temp/python-synthetic/isolation.json
D  docs/continuation/publication_2026-09-10/evidence/ci-34544695904/extracted/10178579218/_temp/python-synthetic/junit.xml
D  docs/continuation/publication_2026-09-10/evidence/ci-34544695904/extracted/10178579352/_temp/python-synthetic/isolation.json
D  docs/continuation/publication_2026-09-10/evidence/ci-34544695904/extracted/10178579352/_temp/python-synthetic/junit.xml
D  docs/continuation/publication_2026-09-10/evidence/ci-34544695904/extracted/10178595450/brasileirao-predictor/brasileirao-predictor/artifacts/dotnet-coverage/ae9517b8-899a-4b46-b359-00fb06171f85/coverage.cobertura.xml
D  docs/continuation/publication_2026-09-10/evidence/ci-34544695904/extracted/10178620886/compose-validation.log
D  docs/continuation/publication_2026-09-10/evidence/ci-34544695904/jobs.json
D  docs/continuation/publication_2026-09-10/evidence/ci-34544695904/jobs/103094673423.log
D  docs/continuation/publication_2026-09-10/evidence/ci-34544695904/jobs/103094673639.log
D  docs/continuation/publication_2026-09-10/evidence/ci-34544695904/jobs/103094673663.log
D  docs/continuation/publication_2026-09-10/evidence/ci-34544695904/jobs/103094945133.log
D  docs/continuation/publication_2026-09-10/evidence/ci-34544695904/run.json
D  docs/continuation/publication_2026-09-10/evidence/ci-34544695904/summary.json
D  docs/continuation/publication_2026-09-10/evidence/ci-34552247397/artifacts.json
D  docs/continuation/publication_2026-09-10/evidence/ci-34552247397/extracted/10181243863/_temp/python-synthetic/isolation.json
D  docs/continuation/publication_2026-09-10/evidence/ci-34552247397/extracted/10181243863/_temp/python-synthetic/junit.xml
D  docs/continuation/publication_2026-09-10/evidence/ci-34552247397/extracted/10181244805/_temp/python-synthetic/isolation.json
D  docs/continuation/publication_2026-09-10/evidence/ci-34552247397/extracted/10181244805/_temp/python-synthetic/junit.xml
D  docs/continuation/publication_2026-09-10/evidence/ci-34552247397/extracted/10181263843/brasileirao-predictor/brasileirao-predictor/artifacts/dotnet-coverage/2c9f7abe-8936-4fb4-8321-42168f9c2d3a/coverage.cobertura.xml
D  docs/continuation/publication_2026-09-10/evidence/ci-34552247397/extracted/10181302645/compose-validation.log
D  docs/continuation/publication_2026-09-10/evidence/ci-34552247397/jobs.json
D  docs/continuation/publication_2026-09-10/evidence/ci-34552247397/jobs/103117400518.log
D  docs/continuation/publication_2026-09-10/evidence/ci-34552247397/jobs/103117400693.log
D  docs/continuation/publication_2026-09-10/evidence/ci-34552247397/jobs/103117400705.log
D  docs/continuation/publication_2026-09-10/evidence/ci-34552247397/jobs/103117708031.log
D  docs/continuation/publication_2026-09-10/evidence/ci-34552247397/run.json
D  docs/continuation/publication_2026-09-10/evidence/ci-34552247397/summary.json
D  docs/continuation/publication_2026-09-10/evidence/clock-observation.json
D  docs/continuation/publication_2026-09-10/evidence/document-index.json
D  docs/continuation/publication_2026-09-10/evidence/document-links.json
D  docs/continuation/publication_2026-09-10/evidence/download-recovery.json
D  docs/continuation/publication_2026-09-10/evidence/folder-index.json
D  docs/continuation/publication_2026-09-10/evidence/integration-checks.json
D  docs/continuation/publication_2026-09-10/evidence/manifest.json
D  docs/continuation/publication_2026-09-10/evidence/package-final/install.log
D  docs/continuation/publication_2026-09-10/evidence/package-final/kernel-health-unconfigured.log
D  docs/continuation/publication_2026-09-10/evidence/package-final/kernel-help.log
D  docs/continuation/publication_2026-09-10/evidence/package-final/receipt.json
D  docs/continuation/publication_2026-09-10/evidence/package-final/sdist.log
D  docs/continuation/publication_2026-09-10/evidence/package-final/venv.log
D  docs/continuation/publication_2026-09-10/evidence/package-final/wheel-from-sdist.log
D  docs/continuation/publication_2026-09-10/evidence/prepublish-scan.json
D  docs/continuation/publication_2026-09-10/evidence/publication-plan.json
D  docs/continuation/publication_2026-09-10/evidence/pyright-before.log
D  docs/continuation/publication_2026-09-10/evidence/pyright-final.log
D  docs/continuation/publication_2026-09-10/evidence/python-portable-final.log
D  docs/continuation/publication_2026-09-10/evidence/python-portable-final/isolation.json
D  docs/continuation/publication_2026-09-10/evidence/python-portable-final/junit.xml
D  docs/continuation/publication_2026-09-10/evidence/python-portable-first.log
D  docs/continuation/publication_2026-09-10/evidence/python-portable-first/isolation.json
D  docs/continuation/publication_2026-09-10/evidence/python-portable-first/junit.xml
D  docs/continuation/publication_2026-09-10/evidence/remote-first.json
D  docs/continuation/publication_2026-09-10/evidence/sdist-document-check.json
D  docs/continuation/publication_2026-09-10/evidence/source-metadata.json
D  docs/continuation/publication_2026-09-10/evidence/web-and-folder.json
D  docs/continuation/publication_2026-09-10/evidence/windows-path-verification.json
D  docs/continuation/reconciliation_2026-09-10/HISTORICO.md
D  docs/continuation/reconciliation_2026-09-10/MAPA_DADOS.md
D  docs/continuation/reconciliation_2026-09-10/MAPA_SISTEMA.md
D  docs/continuation/reconciliation_2026-09-10/MATRIZ_MANDATO.md
D  docs/continuation/reconciliation_2026-09-10/PLANO.md
D  docs/continuation/reconciliation_2026-09-10/PROXIMO_PROMPT.md
D  docs/continuation/reconciliation_2026-09-10/REGISTROS.json
D  docs/continuation/reconciliation_2026-09-10/REGISTROS.md
D  docs/continuation/reconciliation_2026-09-10/REPRODUZIR.md
D  docs/continuation/reconciliation_2026-09-10/RESULTADO.md
D  docs/continuation/reconciliation_2026-09-10/evidence/.gitattributes
D  docs/continuation/reconciliation_2026-09-10/evidence/after/isolation.json
D  docs/continuation/reconciliation_2026-09-10/evidence/after/junit.xml
D  docs/continuation/reconciliation_2026-09-10/evidence/before/isolation.json
D  docs/continuation/reconciliation_2026-09-10/evidence/before/junit.xml
D  docs/continuation/reconciliation_2026-09-10/evidence/chat-final-claims.json
D  docs/continuation/reconciliation_2026-09-10/evidence/chat-recovery.json
D  docs/continuation/reconciliation_2026-09-10/evidence/current-state.json
D  docs/continuation/reconciliation_2026-09-10/evidence/data-metadata.json
D  docs/continuation/reconciliation_2026-09-10/evidence/dependencies.json
D  docs/continuation/reconciliation_2026-09-10/evidence/dependency-extras.json
D  docs/continuation/reconciliation_2026-09-10/evidence/document-validation.json
D  docs/continuation/reconciliation_2026-09-10/evidence/final/isolation.json
D  docs/continuation/reconciliation_2026-09-10/evidence/final/junit.xml
D  docs/continuation/reconciliation_2026-09-10/evidence/inventory-verification.json
D  docs/continuation/reconciliation_2026-09-10/evidence/mandate-sections.json
D  docs/continuation/reconciliation_2026-09-10/evidence/manifest.json
D  docs/continuation/reconciliation_2026-09-10/evidence/package-initial/build.log
D  docs/continuation/reconciliation_2026-09-10/evidence/package-initial/install.log
D  docs/continuation/reconciliation_2026-09-10/evidence/package-initial/installed-path.log
D  docs/continuation/reconciliation_2026-09-10/evidence/package-initial/odds-empty.log
D  docs/continuation/reconciliation_2026-09-10/evidence/package-initial/odds-invalid.log
D  docs/continuation/reconciliation_2026-09-10/evidence/package-initial/package-receipt.json
D  docs/continuation/reconciliation_2026-09-10/evidence/package-initial/readiness-False.log
D  docs/continuation/reconciliation_2026-09-10/evidence/package-initial/readiness-True.log
D  docs/continuation/reconciliation_2026-09-10/evidence/package-receipt-final.json
D  docs/continuation/reconciliation_2026-09-10/evidence/package-smoke-final/build.log
D  docs/continuation/reconciliation_2026-09-10/evidence/package-smoke-final/install.log
D  docs/continuation/reconciliation_2026-09-10/evidence/package-smoke-final/installed-path.log
D  docs/continuation/reconciliation_2026-09-10/evidence/package-smoke-final/odds-empty.log
D  docs/continuation/reconciliation_2026-09-10/evidence/package-smoke-final/odds-invalid.log
D  docs/continuation/reconciliation_2026-09-10/evidence/package-smoke-final/readiness-False.log
D  docs/continuation/reconciliation_2026-09-10/evidence/package-smoke-final/readiness-True.log
D  docs/continuation/reconciliation_2026-09-10/evidence/previous-guides.json
D  docs/continuation/reconciliation_2026-09-10/evidence/prior-evidence-verification.json
D  docs/continuation/reconciliation_2026-09-10/evidence/pyright-final.log
D  docs/continuation/reconciliation_2026-09-10/evidence/quality-checks-final.json
D  docs/continuation/reconciliation_2026-09-10/evidence/ruff-check-final.log
D  docs/continuation/reconciliation_2026-09-10/evidence/ruff-fix-final.log
D  docs/continuation/reconciliation_2026-09-10/evidence/ruff-format-check-final.log
D  docs/continuation/reconciliation_2026-09-10/evidence/ruff-format-final.log
D  docs/continuation/reconciliation_2026-09-10/evidence/source-inventory.json
D  docs/continuation/reconciliation_2026-09-10/evidence/validation-summary.json
D  docs/continuation/repro_2026-09-07/capture_operational_metadata.ps1
D  docs/continuation/repro_2026-09-07/check_historical_available.py
D  docs/continuation/repro_2026-09-07/complete_resume.py
D  docs/continuation/repro_2026-09-07/configure_passive_tasks.ps1
D  docs/continuation/repro_2026-09-07/final_project_review/VALIDAR_REDIS_ISOLADO.ps1
D  docs/continuation/repro_2026-09-07/final_project_review/assemble_delivery.py
D  docs/continuation/repro_2026-09-07/final_project_review/audit_frozen_data.py
D  docs/continuation/repro_2026-09-07/final_project_review/diagnostics_quality.py
D  docs/continuation/repro_2026-09-07/final_project_review/diagnostics_quality_plan.json
D  docs/continuation/repro_2026-09-07/final_project_review/extension_derived_check/acquire.py
D  docs/continuation/repro_2026-09-07/final_project_review/extension_derived_check/audit_result_independently.py
D  docs/continuation/repro_2026-09-07/final_project_review/extension_derived_check/evaluate.py
D  docs/continuation/repro_2026-09-07/final_project_review/extension_derived_check/plan.json
D  docs/continuation/repro_2026-09-07/final_project_review/extension_derived_check/test_evaluate.py
D  docs/continuation/repro_2026-09-07/final_project_review/extension_derived_check/test_independent_acquisition.py
D  docs/continuation/repro_2026-09-07/final_project_review/extension_derived_check/test_independent_evaluation.py
D  docs/continuation/repro_2026-09-07/final_project_review/guard/sitecustomize.py
D  docs/continuation/repro_2026-09-07/final_project_review/isolated_tests/test_operational_review_regressions.py
D  docs/continuation/repro_2026-09-07/final_project_review/package_data_audit.py
D  docs/continuation/repro_2026-09-07/final_project_review/prepare_snapshot.py
D  docs/continuation/repro_2026-09-07/final_project_review/recheck_studies.py
D  docs/continuation/repro_2026-09-07/final_project_review/reproduce_ou_scope_bug.py
D  docs/continuation/repro_2026-09-07/final_project_review/run_check.py
D  docs/continuation/repro_2026-09-07/final_project_review/test_diagnostics_quality.py
D  docs/continuation/repro_2026-09-07/finalize_resume.py
D  docs/continuation/repro_2026-09-07/inspect_turn_split_sources.py
D  docs/continuation/repro_2026-09-07/new_split_backtest/audit_results.py
D  docs/continuation/repro_2026-09-07/new_split_backtest/economics.py
D  docs/continuation/repro_2026-09-07/new_split_backtest/extract_inputs.py
D  docs/continuation/repro_2026-09-07/new_split_backtest/package_results.py
D  docs/continuation/repro_2026-09-07/new_split_backtest/plan.json
D  docs/continuation/repro_2026-09-07/new_split_backtest/runner.py
D  docs/continuation/repro_2026-09-07/new_split_backtest/test_audit_results.py
D  docs/continuation/repro_2026-09-07/new_split_backtest/test_economics.py
D  docs/continuation/repro_2026-09-07/new_split_backtest/test_extract_inputs.py
D  docs/continuation/repro_2026-09-07/new_split_backtest/test_runner.py
D  docs/continuation/repro_2026-09-07/operational_health.py
D  docs/continuation/repro_2026-09-07/package_deliverables.py
D  docs/continuation/repro_2026-09-07/prepare_price_extension.py
D  docs/continuation/repro_2026-09-07/price_extension_51/acquire.py
D  docs/continuation/repro_2026-09-07/price_extension_51/audit_result_independently.py
D  docs/continuation/repro_2026-09-07/price_extension_51/evaluate.py
D  docs/continuation/repro_2026-09-07/price_extension_51/finalize_checkpoint.py
D  docs/continuation/repro_2026-09-07/price_extension_51/package_delivery.py
D  docs/continuation/repro_2026-09-07/price_extension_51/plan.json
D  docs/continuation/repro_2026-09-07/price_extension_51/test_evaluate.py
D  docs/continuation/repro_2026-09-07/price_extension_51/test_independent_acquisition.py
D  docs/continuation/repro_2026-09-07/price_extension_51/test_independent_evaluation.py
D  docs/continuation/repro_2026-09-07/record_horizon_choice.py
D  docs/continuation/repro_2026-09-07/resume_preflight.py
D  docs/continuation/repro_2026-09-07/selection_reanalysis/analysis_plan.json
D  docs/continuation/repro_2026-09-07/selection_reanalysis/config_frozen.yaml
D  docs/continuation/repro_2026-09-07/selection_reanalysis/finalize_delivery.py
D  docs/continuation/repro_2026-09-07/selection_reanalysis/generate_predictions.py
D  docs/continuation/repro_2026-09-07/selection_reanalysis/package_price_results.py
D  docs/continuation/repro_2026-09-07/selection_reanalysis/package_reanalysis.py
D  docs/continuation/repro_2026-09-07/selection_reanalysis/pinnacle_only_replay.py
D  docs/continuation/repro_2026-09-07/selection_reanalysis/prepare_input.py
D  docs/continuation/repro_2026-09-07/selection_reanalysis/price_discovery_replay.py
D  docs/continuation/repro_2026-09-07/selection_reanalysis/price_history/acquire_history_once.py
D  docs/continuation/repro_2026-09-07/selection_reanalysis/price_history/collect_fixture_metadata.py
D  docs/continuation/repro_2026-09-07/selection_reanalysis/price_history/exp001_data_pilot.py
D  docs/continuation/repro_2026-09-07/selection_reanalysis/price_history/exp001_data_pilot_original.py
D  docs/continuation/repro_2026-09-07/selection_reanalysis/price_history/exp001_operational_before.py
D  docs/continuation/repro_2026-09-07/selection_reanalysis/price_history/test_price_history_parser.py
D  docs/continuation/repro_2026-09-07/selection_reanalysis/selective_replay.py
D  docs/continuation/repro_2026-09-07/selection_reanalysis/test_generate_predictions.py
D  docs/continuation/repro_2026-09-07/selection_reanalysis/test_pinnacle_only_replay.py
D  docs/continuation/repro_2026-09-07/selection_reanalysis/test_price_discovery_replay.py
D  docs/continuation/repro_2026-09-07/selection_reanalysis/test_selective_replay.py
D  docs/continuation/repro_2026-09-07/session_git_handoff.py
D  docs/continuation/repro_2026-09-07/summarize_historical_quality.py
D  docs/continuation/repro_2026-09-07/turn_split_2026/apply_policy.py
D  docs/continuation/repro_2026-09-07/turn_split_2026/build_manifest.py
D  docs/continuation/repro_2026-09-07/turn_split_2026/finalize_delivery.py
D  docs/continuation/repro_2026-09-07/turn_split_2026/split_policy.py
D  docs/continuation/repro_2026-09-07/turn_split_2026/test_split_policy.py
D  docs/continuation/repro_2026-09-07/verify_resume_integrity.py
D  docs/continuation/resolution_2026-09-10/.gitattributes
D  docs/continuation/resolution_2026-09-10/CONTRATOS.md
D  docs/continuation/resolution_2026-09-10/PROXIMO_PROMPT.md
D  docs/continuation/resolution_2026-09-10/REGISTROS.json
D  docs/continuation/resolution_2026-09-10/REGISTROS.md
D  docs/continuation/resolution_2026-09-10/REPRODUZIR.md
D  docs/continuation/resolution_2026-09-10/RESULTADO.md
D  docs/continuation/resolution_2026-09-10/evidence/PLANO.md
D  docs/continuation/resolution_2026-09-10/evidence/bank-after/isolation.json
D  docs/continuation/resolution_2026-09-10/evidence/bank-after/junit.xml
D  docs/continuation/resolution_2026-09-10/evidence/bank-before/isolation.json
D  docs/continuation/resolution_2026-09-10/evidence/bank-before/junit.xml
D  docs/continuation/resolution_2026-09-10/evidence/boundary-check.json
D  docs/continuation/resolution_2026-09-10/evidence/ci-contract-before/isolation.json
D  docs/continuation/resolution_2026-09-10/evidence/ci-contract-before/junit.xml
D  docs/continuation/resolution_2026-09-10/evidence/compose-check/plan.json
D  docs/continuation/resolution_2026-09-10/evidence/compose-check/receipt.json
D  docs/continuation/resolution_2026-09-10/evidence/compose-final/receipt.json
D  docs/continuation/resolution_2026-09-10/evidence/coverage-after/isolation.json
D  docs/continuation/resolution_2026-09-10/evidence/coverage-after/junit.xml
D  docs/continuation/resolution_2026-09-10/evidence/coverage-before/isolation.json
D  docs/continuation/resolution_2026-09-10/evidence/coverage-before/junit.xml
D  docs/continuation/resolution_2026-09-10/evidence/cross-after/dotnet-build.log
D  docs/continuation/resolution_2026-09-10/evidence/cross-after/dotnet-restore.log
D  docs/continuation/resolution_2026-09-10/evidence/cross-after/dotnet-test.log
D  docs/continuation/resolution_2026-09-10/evidence/cross-after/receipt.json
D  docs/continuation/resolution_2026-09-10/evidence/curated-after/isolation.json
D  docs/continuation/resolution_2026-09-10/evidence/curated-after/junit.xml
D  docs/continuation/resolution_2026-09-10/evidence/curated-before/isolation.json
D  docs/continuation/resolution_2026-09-10/evidence/curated-before/junit.xml
D  docs/continuation/resolution_2026-09-10/evidence/curated-final/isolation.json
D  docs/continuation/resolution_2026-09-10/evidence/curated-final/junit.xml
D  docs/continuation/resolution_2026-09-10/evidence/dataset-before/isolation.json
D  docs/continuation/resolution_2026-09-10/evidence/dataset-before/junit.xml
D  docs/continuation/resolution_2026-09-10/evidence/dataset-replay-after/isolation.json
D  docs/continuation/resolution_2026-09-10/evidence/dataset-replay-after/junit.xml
D  docs/continuation/resolution_2026-09-10/evidence/dotnet-final/dotnet-build.log
D  docs/continuation/resolution_2026-09-10/evidence/dotnet-final/dotnet-restore.log
D  docs/continuation/resolution_2026-09-10/evidence/dotnet-final/dotnet-test.log
D  docs/continuation/resolution_2026-09-10/evidence/dotnet-final/receipt.json
D  docs/continuation/resolution_2026-09-10/evidence/edge-contracts-after/isolation.json
D  docs/continuation/resolution_2026-09-10/evidence/edge-contracts-after/junit.xml
D  docs/continuation/resolution_2026-09-10/evidence/edge-contracts-before/isolation.json
D  docs/continuation/resolution_2026-09-10/evidence/edge-contracts-before/junit.xml
D  docs/continuation/resolution_2026-09-10/evidence/feed-after/dotnet-build.log
D  docs/continuation/resolution_2026-09-10/evidence/feed-after/dotnet-restore.log
D  docs/continuation/resolution_2026-09-10/evidence/feed-after/dotnet-test.log
D  docs/continuation/resolution_2026-09-10/evidence/feed-after/receipt.json
D  docs/continuation/resolution_2026-09-10/evidence/feed-before/dotnet-build.log
D  docs/continuation/resolution_2026-09-10/evidence/feed-before/dotnet-restore.log
D  docs/continuation/resolution_2026-09-10/evidence/feed-before/dotnet-test.log
D  docs/continuation/resolution_2026-09-10/evidence/feed-before/receipt.json
D  docs/continuation/resolution_2026-09-10/evidence/final-code-metadata.json
D  docs/continuation/resolution_2026-09-10/evidence/gate-after/isolation.json
D  docs/continuation/resolution_2026-09-10/evidence/gate-after/junit.xml
D  docs/continuation/resolution_2026-09-10/evidence/gate-before/isolation.json
D  docs/continuation/resolution_2026-09-10/evidence/gate-before/junit.xml
D  docs/continuation/resolution_2026-09-10/evidence/historical-import-after-02/isolation.json
D  docs/continuation/resolution_2026-09-10/evidence/historical-import-after-02/junit.xml
D  docs/continuation/resolution_2026-09-10/evidence/historical-import-after/isolation.json
D  docs/continuation/resolution_2026-09-10/evidence/historical-import-after/junit.xml
D  docs/continuation/resolution_2026-09-10/evidence/historical-import-before/isolation.json
D  docs/continuation/resolution_2026-09-10/evidence/historical-import-before/junit.xml
D  docs/continuation/resolution_2026-09-10/evidence/inputs-before-02/dotnet-build.log
D  docs/continuation/resolution_2026-09-10/evidence/inputs-before-02/dotnet-restore.log
D  docs/continuation/resolution_2026-09-10/evidence/inputs-before-02/receipt.json
D  docs/continuation/resolution_2026-09-10/evidence/inputs-before-03/dotnet-build.log
D  docs/continuation/resolution_2026-09-10/evidence/inputs-before-03/dotnet-restore.log
D  docs/continuation/resolution_2026-09-10/evidence/inputs-before-03/dotnet-test.log
D  docs/continuation/resolution_2026-09-10/evidence/inputs-before-03/receipt.json
D  docs/continuation/resolution_2026-09-10/evidence/installed-cross-final/_LEO_2026-09-10_20_21_20_net10.0.trx
D  docs/continuation/resolution_2026-09-10/evidence/installed-cross-final/dotnet-build.log
D  docs/continuation/resolution_2026-09-10/evidence/installed-cross-final/dotnet-restore.log
D  docs/continuation/resolution_2026-09-10/evidence/installed-cross-final/dotnet-test.log
D  docs/continuation/resolution_2026-09-10/evidence/installed-cross-final/kernel-startup-24060.log
D  docs/continuation/resolution_2026-09-10/evidence/installed-cross-final/receipt.json
D  docs/continuation/resolution_2026-09-10/evidence/installed-cross-final/redis.log
D  docs/continuation/resolution_2026-09-10/evidence/installed-full-after/dotnet-build.log
D  docs/continuation/resolution_2026-09-10/evidence/installed-full-after/dotnet-restore.log
D  docs/continuation/resolution_2026-09-10/evidence/installed-full-after/dotnet-results/50b8fe37-d70e-4461-b45d-1d4a25a5aa61/coverage.cobertura.xml
D  docs/continuation/resolution_2026-09-10/evidence/installed-full-after/dotnet-results/_LEO_2026-09-10_18_32_23/In/LEO/coverage.cobertura.xml
D  docs/continuation/resolution_2026-09-10/evidence/installed-full-after/dotnet-results/_LEO_2026-09-10_18_32_23_net10.0.trx
D  docs/continuation/resolution_2026-09-10/evidence/installed-full-after/dotnet-test.log
D  docs/continuation/resolution_2026-09-10/evidence/installed-full-after/receipt.json
D  docs/continuation/resolution_2026-09-10/evidence/integration-boundary.json
D  docs/continuation/resolution_2026-09-10/evidence/kernel-lifecycle-after/isolation.json
D  docs/continuation/resolution_2026-09-10/evidence/kernel-lifecycle-after/junit.xml
D  docs/continuation/resolution_2026-09-10/evidence/kernel-lifecycle-before/isolation.json
D  docs/continuation/resolution_2026-09-10/evidence/kernel-lifecycle-before/junit.xml
D  docs/continuation/resolution_2026-09-10/evidence/kernel-params-after/isolation.json
D  docs/continuation/resolution_2026-09-10/evidence/kernel-params-after/junit.xml
D  docs/continuation/resolution_2026-09-10/evidence/kernel-params-before/isolation.json
D  docs/continuation/resolution_2026-09-10/evidence/kernel-params-before/junit.xml
D  docs/continuation/resolution_2026-09-10/evidence/latency-after/dotnet-build.log
D  docs/continuation/resolution_2026-09-10/evidence/latency-after/dotnet-restore.log
D  docs/continuation/resolution_2026-09-10/evidence/latency-after/dotnet-test.log
D  docs/continuation/resolution_2026-09-10/evidence/latency-after/receipt.json
D  docs/continuation/resolution_2026-09-10/evidence/latency-before-02/dotnet-build.log
D  docs/continuation/resolution_2026-09-10/evidence/latency-before-02/dotnet-restore.log
D  docs/continuation/resolution_2026-09-10/evidence/latency-before-02/dotnet-test.log
D  docs/continuation/resolution_2026-09-10/evidence/latency-before-02/receipt.json
D  docs/continuation/resolution_2026-09-10/evidence/latency-before/receipt.json
D  docs/continuation/resolution_2026-09-10/evidence/lineup-before/isolation.json
D  docs/continuation/resolution_2026-09-10/evidence/lineup-before/junit.xml
D  docs/continuation/resolution_2026-09-10/evidence/lineup-replay-after/isolation.json
D  docs/continuation/resolution_2026-09-10/evidence/lineup-replay-after/junit.xml
D  docs/continuation/resolution_2026-09-10/evidence/live-settlement-after/isolation.json
D  docs/continuation/resolution_2026-09-10/evidence/live-settlement-after/junit.xml
D  docs/continuation/resolution_2026-09-10/evidence/live-settlement-before/isolation.json
D  docs/continuation/resolution_2026-09-10/evidence/live-settlement-before/junit.xml
D  docs/continuation/resolution_2026-09-10/evidence/manifest.json
D  docs/continuation/resolution_2026-09-10/evidence/market-read-before/dotnet-build.log
D  docs/continuation/resolution_2026-09-10/evidence/market-read-before/dotnet-restore.log
D  docs/continuation/resolution_2026-09-10/evidence/market-read-before/dotnet-test.log
D  docs/continuation/resolution_2026-09-10/evidence/market-read-before/receipt.json
D  docs/continuation/resolution_2026-09-10/evidence/numeric-path-before/isolation.json
D  docs/continuation/resolution_2026-09-10/evidence/numeric-path-before/junit.xml
D  docs/continuation/resolution_2026-09-10/evidence/odds-display-after/isolation.json
D  docs/continuation/resolution_2026-09-10/evidence/odds-display-after/junit.xml
D  docs/continuation/resolution_2026-09-10/evidence/odds-display-before/isolation.json
D  docs/continuation/resolution_2026-09-10/evidence/odds-display-before/junit.xml
D  docs/continuation/resolution_2026-09-10/evidence/odds-import-integrated/isolation.json
D  docs/continuation/resolution_2026-09-10/evidence/odds-import-integrated/junit.xml
D  docs/continuation/resolution_2026-09-10/evidence/package-final-02/import_ou25_historical_backfill-help.log
D  docs/continuation/resolution_2026-09-10/evidence/package-final-02/install.log
D  docs/continuation/resolution_2026-09-10/evidence/package-final-02/kernel-health-unconfigured.log
D  docs/continuation/resolution_2026-09-10/evidence/package-final-02/kernel-help.log
D  docs/continuation/resolution_2026-09-10/evidence/package-final-02/module-location.log
D  docs/continuation/resolution_2026-09-10/evidence/package-final-02/odds_api_snapshot-help.log
D  docs/continuation/resolution_2026-09-10/evidence/package-final-02/odds_shop-help.log
D  docs/continuation/resolution_2026-09-10/evidence/package-final-02/receipt.json
D  docs/continuation/resolution_2026-09-10/evidence/package-final-02/sdist.log
D  docs/continuation/resolution_2026-09-10/evidence/package-final-02/settle_live_prediction-help.log
D  docs/continuation/resolution_2026-09-10/evidence/package-final-02/wheel-from-sdist.log
D  docs/continuation/resolution_2026-09-10/evidence/package-final-cli/health-invalid-endpoint-no-network.log
D  docs/continuation/resolution_2026-09-10/evidence/package-final-cli/health-missing-config.log
D  docs/continuation/resolution_2026-09-10/evidence/package-final-cli/import_ou25_historical_backfill-help.log
D  docs/continuation/resolution_2026-09-10/evidence/package-final-cli/odds_api_snapshot-help.log
D  docs/continuation/resolution_2026-09-10/evidence/package-final-cli/odds_shop-help.log
D  docs/continuation/resolution_2026-09-10/evidence/package-final-cli/receipt.json
D  docs/continuation/resolution_2026-09-10/evidence/package-final-cli/settle_live_prediction-help.log
D  docs/continuation/resolution_2026-09-10/evidence/package-final/install.log
D  docs/continuation/resolution_2026-09-10/evidence/package-final/kernel-health-unconfigured.log
D  docs/continuation/resolution_2026-09-10/evidence/package-final/kernel-help.log
D  docs/continuation/resolution_2026-09-10/evidence/package-final/module-location.log
D  docs/continuation/resolution_2026-09-10/evidence/package-final/receipt.json
D  docs/continuation/resolution_2026-09-10/evidence/package-final/sdist.log
D  docs/continuation/resolution_2026-09-10/evidence/package-final/wheel-from-sdist.log
D  docs/continuation/resolution_2026-09-10/evidence/package-summary.json
D  docs/continuation/resolution_2026-09-10/evidence/player-stats-after/isolation.json
D  docs/continuation/resolution_2026-09-10/evidence/player-stats-after/junit.xml
D  docs/continuation/resolution_2026-09-10/evidence/player-stats-before/isolation.json
D  docs/continuation/resolution_2026-09-10/evidence/player-stats-before/junit.xml
D  docs/continuation/resolution_2026-09-10/evidence/promotions-after/isolation.json
D  docs/continuation/resolution_2026-09-10/evidence/promotions-after/junit.xml
D  docs/continuation/resolution_2026-09-10/evidence/promotions-before/isolation.json
D  docs/continuation/resolution_2026-09-10/evidence/promotions-before/junit.xml
D  docs/continuation/resolution_2026-09-10/evidence/public-catalog/plan.json
D  docs/continuation/resolution_2026-09-10/evidence/public-catalog/receipt.json
D  docs/continuation/resolution_2026-09-10/evidence/pyright-final.log
D  docs/continuation/resolution_2026-09-10/evidence/python-integrated/isolation.json
D  docs/continuation/resolution_2026-09-10/evidence/python-integrated/junit.xml
D  docs/continuation/resolution_2026-09-10/evidence/python-validation.json
D  docs/continuation/resolution_2026-09-10/evidence/quality-before-settlement-cli/pyright-final.log
D  docs/continuation/resolution_2026-09-10/evidence/quality-before-settlement-cli/quality-checks-final.json
D  docs/continuation/resolution_2026-09-10/evidence/quality-before-settlement-cli/ruff-check-final.log
D  docs/continuation/resolution_2026-09-10/evidence/quality-before-settlement-cli/ruff-format-check-final.log
D  docs/continuation/resolution_2026-09-10/evidence/quality-checks-final.json
D  docs/continuation/resolution_2026-09-10/evidence/replay-after/isolation.json
D  docs/continuation/resolution_2026-09-10/evidence/replay-after/junit.xml
D  docs/continuation/resolution_2026-09-10/evidence/replay-before/isolation.json
D  docs/continuation/resolution_2026-09-10/evidence/replay-before/junit.xml
D  docs/continuation/resolution_2026-09-10/evidence/restore-after/isolation.json
D  docs/continuation/resolution_2026-09-10/evidence/restore-after/junit.xml
D  docs/continuation/resolution_2026-09-10/evidence/restore-before/isolation.json
D  docs/continuation/resolution_2026-09-10/evidence/restore-before/junit.xml
D  docs/continuation/resolution_2026-09-10/evidence/restore-edges-after-02/isolation.json
D  docs/continuation/resolution_2026-09-10/evidence/restore-edges-after-02/junit.xml
D  docs/continuation/resolution_2026-09-10/evidence/restore-edges-after/isolation.json
D  docs/continuation/resolution_2026-09-10/evidence/restore-edges-after/junit.xml
D  docs/continuation/resolution_2026-09-10/evidence/restore-edges-before/isolation.json
D  docs/continuation/resolution_2026-09-10/evidence/restore-edges-before/junit.xml
D  docs/continuation/resolution_2026-09-10/evidence/review-coverage.json
D  docs/continuation/resolution_2026-09-10/evidence/ruff-check-final.log
D  docs/continuation/resolution_2026-09-10/evidence/ruff-format-check-final.log
D  docs/continuation/resolution_2026-09-10/evidence/semantic-pending-05.json
D  docs/continuation/resolution_2026-09-10/evidence/semantic-remaining.json
D  docs/continuation/resolution_2026-09-10/evidence/semantic-review-notes-05.json
D  docs/continuation/resolution_2026-09-10/evidence/semantic-review-notes-06.json
D  docs/continuation/resolution_2026-09-10/evidence/semantic-review-notes-07.json
D  docs/continuation/resolution_2026-09-10/evidence/settlement-cli-after/isolation.json
D  docs/continuation/resolution_2026-09-10/evidence/settlement-cli-after/junit.xml
D  docs/continuation/resolution_2026-09-10/evidence/settlement-cli-before/isolation.json
D  docs/continuation/resolution_2026-09-10/evidence/settlement-cli-before/junit.xml
D  docs/continuation/resolution_2026-09-10/evidence/source-inventory.json
D  docs/continuation/resolution_2026-09-10/evidence/structural-after/isolation.json
D  docs/continuation/resolution_2026-09-10/evidence/structural-after/junit.xml
D  docs/continuation/resolution_2026-09-10/evidence/structural-before/isolation.json
D  docs/continuation/resolution_2026-09-10/evidence/structural-before/junit.xml
D  docs/continuation/resolution_2026-09-10/evidence/worker-feed-after/dotnet-build.log
D  docs/continuation/resolution_2026-09-10/evidence/worker-feed-after/dotnet-restore.log
D  docs/continuation/resolution_2026-09-10/evidence/worker-feed-after/dotnet-test.log
D  docs/continuation/resolution_2026-09-10/evidence/worker-feed-after/receipt.json
D  docs/continuation/review_2026-09-07/DIAGNOSTICO_QUALIDADE.md
D  docs/continuation/review_2026-09-07/METHODOLOGY_FINDINGS.md
D  docs/continuation/review_2026-09-07/RESULTADO.md
D  docs/continuation/review_2026-09-07/VALIDAR_REDIS_ISOLADO.ps1
D  docs/continuation/review_2026-09-07/coverage_gate.json
D  docs/continuation/review_2026-09-07/data_audit.md
D  docs/continuation/review_2026-09-07/diagnostics_quality_plan.json
D  docs/continuation/review_2026-09-07/diagnostics_quality_results.json
D  docs/continuation/review_2026-09-07/diagnostics_quality_verification.json
D  docs/continuation/review_2026-09-07/docker_probe.json
D  docs/continuation/review_2026-09-07/dotnet_build.json
D  docs/continuation/review_2026-09-07/dotnet_unit.json
D  docs/continuation/review_2026-09-07/env_schema.json
D  docs/continuation/review_2026-09-07/estado_final.json
D  docs/continuation/review_2026-09-07/format_release.json
D  docs/continuation/review_2026-09-07/lint_release.json
D  docs/continuation/review_2026-09-07/operational_code_review.md
D  docs/continuation/review_2026-09-07/pytest_release.json
D  docs/continuation/review_2026-09-07/scheduled_tasks_final.json
D  docs/continuation/review_2026-09-07/static_barriers_verified.json
D  docs/continuation/review_2026-09-07/studies_reexecution.json
D  docs/continuation/review_2026-09-07/types_final.json
D  docs/continuation/review_2026-09-07/wheel_final.json
D  docs/continuation/runtime_contracts_2026-09-07/REPRODUZIR.md
D  docs/continuation/runtime_contracts_2026-09-07/RESULTADO.md
D  docs/continuation/runtime_contracts_2026-09-07/VALIDAR_REDIS_ISOLADO.ps1
D  docs/continuation/runtime_contracts_2026-09-07/codigo/brasileirao_predictor/kernel_daemon.py
D  docs/continuation/runtime_contracts_2026-09-07/codigo/compose.yaml
D  docs/continuation/runtime_contracts_2026-09-07/codigo/dotnet/LineupWorker.Tests/FairOddsCorrelationTests.cs
D  docs/continuation/runtime_contracts_2026-09-07/codigo/dotnet/LineupWorker.Tests/KernelInvocationIdentityTests.cs
D  docs/continuation/runtime_contracts_2026-09-07/codigo/dotnet/LineupWorker.Tests/RedisProtocolTests.cs
D  docs/continuation/runtime_contracts_2026-09-07/codigo/dotnet/LineupWorker.Tests/WorkerRuntimeTests.cs
D  docs/continuation/runtime_contracts_2026-09-07/codigo/dotnet/LineupWorker/Models/KernelContracts.cs
D  docs/continuation/runtime_contracts_2026-09-07/codigo/dotnet/LineupWorker/Services/MarketStateEngine.cs
D  docs/continuation/runtime_contracts_2026-09-07/codigo/dotnet/LineupWorker/Worker.cs
D  docs/continuation/runtime_contracts_2026-09-07/codigo/tests/test_kernel_protocol.py
D  docs/continuation/runtime_contracts_2026-09-07/estado.json
D  docs/continuation/runtime_contracts_2026-09-07/evidencias/compose_config.json
D  docs/continuation/runtime_contracts_2026-09-07/evidencias/docker_probe.json
D  docs/continuation/runtime_contracts_2026-09-07/evidencias/dotnet_build_final.json
D  docs/continuation/runtime_contracts_2026-09-07/evidencias/dotnet_correlation_before.json
D  docs/continuation/runtime_contracts_2026-09-07/evidencias/dotnet_identity_before.json
D  docs/continuation/runtime_contracts_2026-09-07/evidencias/dotnet_identity_correlation_after.json
D  docs/continuation/runtime_contracts_2026-09-07/evidencias/dotnet_nullable_odds_green.json
D  docs/continuation/runtime_contracts_2026-09-07/evidencias/dotnet_nullable_odds_red.json
D  docs/continuation/runtime_contracts_2026-09-07/evidencias/dotnet_release_verified.json
D  docs/continuation/runtime_contracts_2026-09-07/evidencias/dotnet_restore.json
D  docs/continuation/runtime_contracts_2026-09-07/evidencias/dotnet_results/unit-final.trx
D  docs/continuation/runtime_contracts_2026-09-07/evidencias/dotnet_results/unit.trx
D  docs/continuation/runtime_contracts_2026-09-07/evidencias/dotnet_unit_final.json
D  docs/continuation/runtime_contracts_2026-09-07/evidencias/integrity_after.json
D  docs/continuation/runtime_contracts_2026-09-07/evidencias/integrity_before.json
D  docs/continuation/runtime_contracts_2026-09-07/evidencias/kernel_protocol_after.json
D  docs/continuation/runtime_contracts_2026-09-07/evidencias/kernel_protocol_before.json
D  docs/continuation/runtime_contracts_2026-09-07/evidencias/kernel_protocol_format.json
D  docs/continuation/runtime_contracts_2026-09-07/evidencias/kernel_protocol_ruff.json
D  docs/continuation/runtime_contracts_2026-09-07/evidencias/kernel_typecheck.json
D  docs/continuation/runtime_contracts_2026-09-07/guard/sitecustomize.py
D  docs/continuation/runtime_contracts_2026-09-07/validation_runner.py
D  docs/continuation/runtime_recovery_2026-09-08/RESULTADO.md
D  docs/continuation/runtime_recovery_2026-09-08/backup_receipt.json
D  docs/continuation/runtime_recovery_2026-09-08/codigo/.dockerignore
D  docs/continuation/runtime_recovery_2026-09-08/codigo/.github/workflows/ci.yml
D  docs/continuation/runtime_recovery_2026-09-08/codigo/Dockerfile.cli
D  docs/continuation/runtime_recovery_2026-09-08/codigo/Dockerfile.kernel
D  docs/continuation/runtime_recovery_2026-09-08/codigo/Dockerfile.worker
D  docs/continuation/runtime_recovery_2026-09-08/codigo/brasileirao_predictor/kernel_daemon.py
D  docs/continuation/runtime_recovery_2026-09-08/codigo/brasileirao_predictor/kernel_redis_v2.py
D  docs/continuation/runtime_recovery_2026-09-08/codigo/brasileirao_scripts/hotpath_smoke.py
D  docs/continuation/runtime_recovery_2026-09-08/codigo/brasileirao_scripts/lineup_inbox.py
D  docs/continuation/runtime_recovery_2026-09-08/codigo/compose.yaml
D  docs/continuation/runtime_recovery_2026-09-08/codigo/contracts/redis-protocol-v2.md
D  docs/continuation/runtime_recovery_2026-09-08/codigo/dotnet/LineupWorker.Tests/FairOddsRecoveryTests.cs
D  docs/continuation/runtime_recovery_2026-09-08/codigo/dotnet/LineupWorker.Tests/KernelCrossProcessTests.cs
D  docs/continuation/runtime_recovery_2026-09-08/codigo/dotnet/LineupWorker.Tests/LineupStreamTests.cs
D  docs/continuation/runtime_recovery_2026-09-08/codigo/dotnet/LineupWorker.Tests/RedisEndpointTests.cs
D  docs/continuation/runtime_recovery_2026-09-08/codigo/dotnet/LineupWorker.Tests/WatchdogRecoveryTests.cs
D  docs/continuation/runtime_recovery_2026-09-08/codigo/dotnet/LineupWorker.Tests/WorkerHealthTests.cs
D  docs/continuation/runtime_recovery_2026-09-08/codigo/dotnet/LineupWorker.Tests/WorkerRuntimeFencingTests.cs
D  docs/continuation/runtime_recovery_2026-09-08/codigo/dotnet/LineupWorker.Tests/WorkerRuntimeTests.cs
D  docs/continuation/runtime_recovery_2026-09-08/codigo/dotnet/LineupWorker/Models/LineupEvent.cs
D  docs/continuation/runtime_recovery_2026-09-08/codigo/dotnet/LineupWorker/OperationalSettings.cs
D  docs/continuation/runtime_recovery_2026-09-08/codigo/dotnet/LineupWorker/Program.cs
D  docs/continuation/runtime_recovery_2026-09-08/codigo/dotnet/LineupWorker/Services/KernelRedisProtocolV2.cs
D  docs/continuation/runtime_recovery_2026-09-08/codigo/dotnet/LineupWorker/Services/LineupStreamConsumer.cs
D  docs/continuation/runtime_recovery_2026-09-08/codigo/dotnet/LineupWorker/Services/MarketStateEngine.cs
D  docs/continuation/runtime_recovery_2026-09-08/codigo/dotnet/LineupWorker/Services/WatchdogStateStore.cs
D  docs/continuation/runtime_recovery_2026-09-08/codigo/dotnet/LineupWorker/Services/WorkerHealth.cs
D  docs/continuation/runtime_recovery_2026-09-08/codigo/dotnet/LineupWorker/Worker.cs
D  docs/continuation/runtime_recovery_2026-09-08/codigo/tests/test_hotpath_smoke.py
D  docs/continuation/runtime_recovery_2026-09-08/codigo/tests/test_kernel_cli_redis.py
D  docs/continuation/runtime_recovery_2026-09-08/codigo/tests/test_kernel_protocol.py
D  docs/continuation/runtime_recovery_2026-09-08/codigo/tests/test_kernel_runtime.py
D  docs/continuation/runtime_recovery_2026-09-08/codigo/tests/test_kernel_v2_runtime.py
D  docs/continuation/runtime_recovery_2026-09-08/codigo/tests/test_lineup_inbox.py
D  docs/continuation/runtime_recovery_2026-09-08/codigo/tests/test_lineup_inbox_redis.py
D  docs/continuation/runtime_recovery_2026-09-08/codigo/tests/test_redis_integration.py
D  docs/continuation/runtime_recovery_2026-09-08/estado.json
D  docs/continuation/runtime_recovery_2026-09-08/evidencias/work/guard/sitecustomize.py
D  docs/continuation/runtime_recovery_2026-09-08/evidencias/work/pending_closure/DOTNET.md
D  docs/continuation/runtime_recovery_2026-09-08/evidencias/work/pending_closure/DOTNET_FINAL_MANIFEST.json
D  docs/continuation/runtime_recovery_2026-09-08/evidencias/work/pending_closure/ENVIRONMENT.md
D  docs/continuation/runtime_recovery_2026-09-08/evidencias/work/pending_closure/ENVIRONMENT_CLEANUP_ADDENDUM.md
D  docs/continuation/runtime_recovery_2026-09-08/evidencias/work/pending_closure/ENVIRONMENT_FINAL_ACL_ADDENDUM.md
D  docs/continuation/runtime_recovery_2026-09-08/evidencias/work/pending_closure/FINAL_DOCUMENT_REVIEW.md
D  docs/continuation/runtime_recovery_2026-09-08/evidencias/work/pending_closure/PYTHON.md
D  docs/continuation/runtime_recovery_2026-09-08/evidencias/work/pending_closure/PYTHON_ENTRYPOINT.md
D  docs/continuation/runtime_recovery_2026-09-08/evidencias/work/pending_closure/PYTHON_INBOX_TESTS.md
D  docs/continuation/runtime_recovery_2026-09-08/evidencias/work/pending_closure/WATCHDOG.md
D  docs/continuation/runtime_recovery_2026-09-08/evidencias/work/pending_closure/WATCHDOG_FINAL_MANIFEST.json
D  docs/continuation/runtime_recovery_2026-09-08/evidencias/work/pending_closure/audit_outbox_lua.py
D  docs/continuation/runtime_recovery_2026-09-08/evidencias/work/pending_closure/build_input_policy_review.json
D  docs/continuation/runtime_recovery_2026-09-08/evidencias/work/pending_closure/check_build_inputs.py
D  docs/continuation/runtime_recovery_2026-09-08/evidencias/work/pending_closure/collect_final_checks.py
D  docs/continuation/runtime_recovery_2026-09-08/evidencias/work/pending_closure/compose_isolated/cli.requirements.lock
D  docs/continuation/runtime_recovery_2026-09-08/evidencias/work/pending_closure/compose_isolated/compose.yaml
D  docs/continuation/runtime_recovery_2026-09-08/evidencias/work/pending_closure/compose_isolated/compose_config.json
D  docs/continuation/runtime_recovery_2026-09-08/evidencias/work/pending_closure/compose_isolated/empty.env
D  docs/continuation/runtime_recovery_2026-09-08/evidencias/work/pending_closure/compose_isolated/fixtures/config.yaml
D  docs/continuation/runtime_recovery_2026-09-08/evidencias/work/pending_closure/compose_isolated/fixtures/titularidade.json
D  docs/continuation/runtime_recovery_2026-09-08/evidencias/work/pending_closure/compose_isolated/fixtures/vorp.json
D  docs/continuation/runtime_recovery_2026-09-08/evidencias/work/pending_closure/compose_isolated/kernel.requirements.lock
D  docs/continuation/runtime_recovery_2026-09-08/evidencias/work/pending_closure/compose_isolated/manifest.json
D  docs/continuation/runtime_recovery_2026-09-08/evidencias/work/pending_closure/compose_isolated/uv_export_cli.json
D  docs/continuation/runtime_recovery_2026-09-08/evidencias/work/pending_closure/compose_isolated/uv_export_kernel.json
D  docs/continuation/runtime_recovery_2026-09-08/evidencias/work/pending_closure/environment_final_hashes.json
D  docs/continuation/runtime_recovery_2026-09-08/evidencias/work/pending_closure/environment_review/boot_configuration_enum_readonly.json
D  docs/continuation/runtime_recovery_2026-09-08/evidencias/work/pending_closure/environment_review/boot_configuration_readonly.json
D  docs/continuation/runtime_recovery_2026-09-08/evidencias/work/pending_closure/environment_review/default_engine_after_start.json
D  docs/continuation/runtime_recovery_2026-09-08/evidencias/work/pending_closure/environment_review/desktop_linux_engine_after_start.json
D  docs/continuation/runtime_recovery_2026-09-08/evidencias/work/pending_closure/environment_review/docker_desktop_start.json
D  docs/continuation/runtime_recovery_2026-09-08/evidencias/work/pending_closure/environment_review/docker_processes_after_start.json
D  docs/continuation/runtime_recovery_2026-09-08/evidencias/work/pending_closure/environment_review/initial_cpu_virtualization.json
D  docs/continuation/runtime_recovery_2026-09-08/evidencias/work/pending_closure/environment_review/initial_docker_contexts.json
D  docs/continuation/runtime_recovery_2026-09-08/evidencias/work/pending_closure/environment_review/initial_docker_processes.json
D  docs/continuation/runtime_recovery_2026-09-08/evidencias/work/pending_closure/environment_review/initial_docker_version.json
D  docs/continuation/runtime_recovery_2026-09-08/evidencias/work/pending_closure/environment_review/initial_hypervisor.json
D  docs/continuation/runtime_recovery_2026-09-08/evidencias/work/pending_closure/environment_review/initial_optional_features.json
D  docs/continuation/runtime_recovery_2026-09-08/evidencias/work/pending_closure/environment_review/initial_services.json
D  docs/continuation/runtime_recovery_2026-09-08/evidencias/work/pending_closure/environment_review/initial_wsl_distros.json
D  docs/continuation/runtime_recovery_2026-09-08/evidencias/work/pending_closure/environment_review/initial_wsl_status.json
D  docs/continuation/runtime_recovery_2026-09-08/evidencias/work/pending_closure/environment_review/owned_files_diff_check.json
D  docs/continuation/runtime_recovery_2026-09-08/evidencias/work/pending_closure/final_checks.json
D  docs/continuation/runtime_recovery_2026-09-08/evidencias/work/pending_closure/host_process_evidence_20260908T043526330839/receipt.json
D  docs/continuation/runtime_recovery_2026-09-08/evidencias/work/pending_closure/host_process_evidence_20260908T043526330839/titularidade.json
D  docs/continuation/runtime_recovery_2026-09-08/evidencias/work/pending_closure/host_process_evidence_20260908T043526330839/vorp.json
D  docs/continuation/runtime_recovery_2026-09-08/evidencias/work/pending_closure/host_process_evidence_20260908T043616577803/receipt.json
D  docs/continuation/runtime_recovery_2026-09-08/evidencias/work/pending_closure/host_process_evidence_20260908T043616577803/titularidade.json
D  docs/continuation/runtime_recovery_2026-09-08/evidencias/work/pending_closure/host_process_evidence_20260908T043616577803/vorp.json
D  docs/continuation/runtime_recovery_2026-09-08/evidencias/work/pending_closure/host_process_evidence_20260908T044044929864/receipt.json
D  docs/continuation/runtime_recovery_2026-09-08/evidencias/work/pending_closure/host_process_evidence_20260908T044044929864/titularidade.json
D  docs/continuation/runtime_recovery_2026-09-08/evidencias/work/pending_closure/host_process_evidence_20260908T044044929864/vorp.json
D  docs/continuation/runtime_recovery_2026-09-08/evidencias/work/pending_closure/host_process_smoke.py
D  docs/continuation/runtime_recovery_2026-09-08/evidencias/work/pending_closure/outbox_acl_20260908T042148/KernelRedisProtocolV2.cs.snapshot
D  docs/continuation/runtime_recovery_2026-09-08/evidencias/work/pending_closure/outbox_acl_20260908T042148/audit.json
D  docs/continuation/runtime_recovery_2026-09-08/evidencias/work/pending_closure/outbox_acl_20260908T043905/KernelRedisProtocolV2.cs.snapshot
D  docs/continuation/runtime_recovery_2026-09-08/evidencias/work/pending_closure/outbox_acl_20260908T043905/audit.json
D  docs/continuation/runtime_recovery_2026-09-08/evidencias/work/pending_closure/outbox_acl_20260908T043905/source_comparison.json
D  docs/continuation/runtime_recovery_2026-09-08/evidencias/work/pending_closure/prepare_compose_review.py
D  docs/continuation/runtime_recovery_2026-09-08/evidencias/work/pending_closure/preserve_closure.py
D  docs/continuation/runtime_recovery_2026-09-08/evidencias/work/pending_closure/probe_environment.py
D  docs/continuation/runtime_recovery_2026-09-08/evidencias/work/pending_closure/provision_redis_wsl.py
D  docs/continuation/runtime_recovery_2026-09-08/evidencias/work/pending_closure/python_after.json
D  docs/continuation/runtime_recovery_2026-09-08/evidencias/work/pending_closure/python_before.json
D  docs/continuation/runtime_recovery_2026-09-08/evidencias/work/pending_closure/python_entrypoint_after.json
D  docs/continuation/runtime_recovery_2026-09-08/evidencias/work/pending_closure/redis_env_pending_closure/cleaned.json
D  docs/continuation/runtime_recovery_2026-09-08/evidencias/work/pending_closure/redis_env_pending_closure/cleanup_intent.json
D  docs/continuation/runtime_recovery_2026-09-08/evidencias/work/pending_closure/redis_env_pending_closure/created.json
D  docs/continuation/runtime_recovery_2026-09-08/evidencias/work/pending_closure/redis_env_pending_closure/creation_intent.json
D  docs/continuation/runtime_recovery_2026-09-08/evidencias/work/pending_closure/redis_env_pending_closure/creation_intent_wsl1.json
D  docs/continuation/runtime_recovery_2026-09-08/evidencias/work/pending_closure/redis_env_pending_closure/ready.json
D  docs/continuation/runtime_recovery_2026-09-08/evidencias/work/pending_closure/redis_env_pending_closure/receipts/build_dependencies.json
D  docs/continuation/runtime_recovery_2026-09-08/evidencias/work/pending_closure/redis_env_pending_closure/receipts/own_wsl_terminate.json
D  docs/continuation/runtime_recovery_2026-09-08/evidencias/work/pending_closure/redis_env_pending_closure/receipts/own_wsl_unregister.json
D  docs/continuation/runtime_recovery_2026-09-08/evidencias/work/pending_closure/redis_env_pending_closure/receipts/redis_build.json
D  docs/continuation/runtime_recovery_2026-09-08/evidencias/work/pending_closure/redis_env_pending_closure/receipts/redis_config.json
D  docs/continuation/runtime_recovery_2026-09-08/evidencias/work/pending_closure/redis_env_pending_closure/receipts/redis_directory.json
D  docs/continuation/runtime_recovery_2026-09-08/evidencias/work/pending_closure/redis_env_pending_closure/receipts/redis_log_before_cleanup.json
D  docs/continuation/runtime_recovery_2026-09-08/evidencias/work/pending_closure/redis_env_pending_closure/receipts/redis_pid.json
D  docs/continuation/runtime_recovery_2026-09-08/evidencias/work/pending_closure/redis_env_pending_closure/receipts/redis_pid_before_cleanup.json
D  docs/continuation/runtime_recovery_2026-09-08/evidencias/work/pending_closure/redis_env_pending_closure/receipts/redis_start.json
D  docs/continuation/runtime_recovery_2026-09-08/evidencias/work/pending_closure/redis_env_pending_closure/receipts/redis_version.json
D  docs/continuation/runtime_recovery_2026-09-08/evidencias/work/pending_closure/redis_env_pending_closure/receipts/source_extract.json
D  docs/continuation/runtime_recovery_2026-09-08/evidencias/work/pending_closure/redis_env_pending_closure/receipts/wsl1_boot.json
D  docs/continuation/runtime_recovery_2026-09-08/evidencias/work/pending_closure/redis_env_pending_closure/receipts/wsl1_import.json
D  docs/continuation/runtime_recovery_2026-09-08/evidencias/work/pending_closure/redis_env_pending_closure/receipts/wsl_after_cleanup.json
D  docs/continuation/runtime_recovery_2026-09-08/evidencias/work/pending_closure/redis_env_pending_closure/receipts/wsl_before_import.json
D  docs/continuation/runtime_recovery_2026-09-08/evidencias/work/pending_closure/redis_env_pending_closure/receipts/wsl_before_wsl1_import.json
D  docs/continuation/runtime_recovery_2026-09-08/evidencias/work/pending_closure/redis_env_pending_closure/receipts/wsl_import.json
D  docs/continuation/runtime_recovery_2026-09-08/evidencias/work/pending_closure/redis_env_pending_closure/redis_source_github.json
D  docs/continuation/runtime_recovery_2026-09-08/evidencias/work/pending_closure/redis_env_pending_closure/shutdown.json
D  docs/continuation/runtime_recovery_2026-09-08/evidencias/work/pending_closure/redis_env_pending_closure/source_downloads.json
D  docs/continuation/runtime_recovery_2026-09-08/evidencias/work/pending_closure/redis_env_pending_closure/start_intent.json
D  docs/continuation/runtime_recovery_2026-09-08/evidencias/work/pending_closure/root_before.json
D  docs/continuation/runtime_recovery_2026-09-08/evidencias/work/pending_closure/root_pyright.json
D  docs/continuation/runtime_recovery_2026-09-08/evidencias/work/pending_closure/runtime_redis_runner.py
D  docs/continuation/runtime_recovery_2026-09-08/evidencias/work/pending_closure/snapshot_root.py
D  docs/continuation/runtime_recovery_2026-09-08/evidencias/work/pending_closure/validation/dotnet_health_baseline.json
D  docs/continuation/runtime_recovery_2026-09-08/evidencias/work/pending_closure/validation/dotnet_health_baseline_second.json
D  docs/continuation/runtime_recovery_2026-09-08/evidencias/work/pending_closure/validation/dotnet_health_green.json
D  docs/continuation/runtime_recovery_2026-09-08/evidencias/work/pending_closure/validation/dotnet_health_green_rebuild.json
D  docs/continuation/runtime_recovery_2026-09-08/evidencias/work/pending_closure/validation/dotnet_lost_ready_baseline.json
D  docs/continuation/runtime_recovery_2026-09-08/evidencias/work/pending_closure/validation/dotnet_pending_full.json
D  docs/continuation/runtime_recovery_2026-09-08/evidencias/work/pending_closure/validation/dotnet_pending_warnaserror.json
D  docs/continuation/runtime_recovery_2026-09-08/evidencias/work/pending_closure/validation/dotnet_ready_outbox_first.json
D  docs/continuation/runtime_recovery_2026-09-08/evidencias/work/pending_closure/validation/dotnet_watchdog_ack_baseline.json
D  docs/continuation/runtime_recovery_2026-09-08/evidencias/work/pending_closure/validation/dotnet_watchdog_first.json
D  docs/continuation/runtime_recovery_2026-09-08/evidencias/work/pending_closure/validation/dotnet_watchdog_full.json
D  docs/continuation/runtime_recovery_2026-09-08/evidencias/work/pending_closure/validation/dotnet_watchdog_warnaserror.json
D  docs/continuation/runtime_recovery_2026-09-08/evidencias/work/pending_closure/validation/pending_actual_hosts.json
D  docs/continuation/runtime_recovery_2026-09-08/evidencias/work/pending_closure/validation/pending_actual_hosts_final.json
D  docs/continuation/runtime_recovery_2026-09-08/evidencias/work/pending_closure/validation/pending_actual_hosts_second.json
D  docs/continuation/runtime_recovery_2026-09-08/evidencias/work/pending_closure/validation/pending_cross_process_final.json
D  docs/continuation/runtime_recovery_2026-09-08/evidencias/work/pending_closure/validation/python_entrypoint_format.json
D  docs/continuation/runtime_recovery_2026-09-08/evidencias/work/pending_closure/validation/python_entrypoint_green.json
D  docs/continuation/runtime_recovery_2026-09-08/evidencias/work/pending_closure/validation/python_entrypoint_lint.json
D  docs/continuation/runtime_recovery_2026-09-08/evidencias/work/pending_closure/validation/python_entrypoint_red.json
D  docs/continuation/runtime_recovery_2026-09-08/evidencias/work/pending_closure/validation/python_entrypoint_red_missing.json
D  docs/continuation/runtime_recovery_2026-09-08/evidencias/work/pending_closure/validation/python_lineup_inbox_format.json
D  docs/continuation/runtime_recovery_2026-09-08/evidencias/work/pending_closure/validation/python_lineup_inbox_lint.json
D  docs/continuation/runtime_recovery_2026-09-08/evidencias/work/pending_closure/validation/python_lineup_inbox_redis.json
D  docs/continuation/runtime_recovery_2026-09-08/evidencias/work/pending_closure/validation/python_ready_format.json
D  docs/continuation/runtime_recovery_2026-09-08/evidencias/work/pending_closure/validation/python_ready_lint.json
D  docs/continuation/runtime_recovery_2026-09-08/evidencias/work/pending_closure/validation/python_ready_pyright.json
D  docs/continuation/runtime_recovery_2026-09-08/evidencias/work/pending_closure/validation/python_ready_red.json
D  docs/continuation/runtime_recovery_2026-09-08/evidencias/work/pending_closure/validation/python_ready_redis_green.json
D  docs/continuation/runtime_recovery_2026-09-08/evidencias/work/pending_closure/validation/python_ready_unit.json
D  docs/continuation/runtime_recovery_2026-09-08/evidencias/work/pending_closure/watchdog_before/MANIFEST.json
D  docs/continuation/runtime_recovery_2026-09-08/evidencias/work/pending_closure/watchdog_before/dotnet/LineupWorker.Tests/WorkerRuntimeFencingTests.cs
D  docs/continuation/runtime_recovery_2026-09-08/evidencias/work/pending_closure/watchdog_before/dotnet/LineupWorker/Models/LineupEvent.cs
D  docs/continuation/runtime_recovery_2026-09-08/evidencias/work/pending_closure/watchdog_before/dotnet/LineupWorker/Services/KernelRedisProtocolV2.cs
D  docs/continuation/runtime_recovery_2026-09-08/evidencias/work/pending_closure/watchdog_before/dotnet/LineupWorker/Services/MarketStateEngine.cs
D  docs/continuation/runtime_recovery_2026-09-08/evidencias/work/pending_closure/watchdog_before/dotnet/LineupWorker/Worker.cs
D  docs/continuation/runtime_recovery_2026-09-08/evidencias/work/runtime_fix/synthetic_kernel_process.py
D  docs/continuation/runtime_recovery_2026-09-08/evidencias/work/validation/pending_inbox_format.json
D  docs/continuation/runtime_recovery_2026-09-08/evidencias/work/validation/pending_inbox_lint.json
D  docs/continuation/runtime_recovery_2026-09-08/evidencias/work/validation/pending_inbox_pyright.json
D  docs/continuation/runtime_recovery_2026-09-08/evidencias/work/validation/pending_inbox_python_unit.json
D  docs/continuation/runtime_recovery_2026-09-08/evidencias/work/validation_runner.py
D  docs/continuation/runtime_v2_2026-09-08/RESOLUCAO_DA_REVISAO.md
D  docs/continuation/runtime_v2_2026-09-08/RESULTADO.md
D  docs/continuation/runtime_v2_2026-09-08/backup_receipt.json
D  docs/continuation/runtime_v2_2026-09-08/before.json
D  docs/continuation/runtime_v2_2026-09-08/codigo/.github/workflows/ci.yml
D  docs/continuation/runtime_v2_2026-09-08/codigo/brasileirao_predictor/kernel_daemon.py
D  docs/continuation/runtime_v2_2026-09-08/codigo/brasileirao_predictor/kernel_redis_v2.py
D  docs/continuation/runtime_v2_2026-09-08/codigo/brasileirao_scripts/hotpath_smoke.py
D  docs/continuation/runtime_v2_2026-09-08/codigo/contracts/redis-fair-odds-v2.schema.json
D  docs/continuation/runtime_v2_2026-09-08/codigo/contracts/redis-protocol-v2.md
D  docs/continuation/runtime_v2_2026-09-08/codigo/contracts/redis-protocol-v2.schema.json
D  docs/continuation/runtime_v2_2026-09-08/codigo/dotnet/LineupWorker.Tests/FairOddsCorrelationTests.cs
D  docs/continuation/runtime_v2_2026-09-08/codigo/dotnet/LineupWorker.Tests/KernelCrossProcessTests.cs
D  docs/continuation/runtime_v2_2026-09-08/codigo/dotnet/LineupWorker.Tests/KernelInvocationIdentityTests.cs
D  docs/continuation/runtime_v2_2026-09-08/codigo/dotnet/LineupWorker.Tests/ModelBranchTests.cs
D  docs/continuation/runtime_v2_2026-09-08/codigo/dotnet/LineupWorker.Tests/RedisProtocolTests.cs
D  docs/continuation/runtime_v2_2026-09-08/codigo/dotnet/LineupWorker.Tests/WorkerRuntimeFencingTests.cs
D  docs/continuation/runtime_v2_2026-09-08/codigo/dotnet/LineupWorker.Tests/WorkerRuntimeTests.cs
D  docs/continuation/runtime_v2_2026-09-08/codigo/dotnet/LineupWorker/Models/KernelContracts.cs
D  docs/continuation/runtime_v2_2026-09-08/codigo/dotnet/LineupWorker/Models/LatencyRecord.cs
D  docs/continuation/runtime_v2_2026-09-08/codigo/dotnet/LineupWorker/Models/LineupEvent.cs
D  docs/continuation/runtime_v2_2026-09-08/codigo/dotnet/LineupWorker/Services/KernelRedisProtocolV2.cs
D  docs/continuation/runtime_v2_2026-09-08/codigo/dotnet/LineupWorker/Services/MarketStateEngine.cs
D  docs/continuation/runtime_v2_2026-09-08/codigo/dotnet/LineupWorker/Worker.cs
D  docs/continuation/runtime_v2_2026-09-08/codigo/tests/test_hotpath_smoke.py
D  docs/continuation/runtime_v2_2026-09-08/codigo/tests/test_kernel_protocol.py
D  docs/continuation/runtime_v2_2026-09-08/codigo/tests/test_kernel_runtime.py
D  docs/continuation/runtime_v2_2026-09-08/codigo/tests/test_kernel_v2_runtime.py
D  docs/continuation/runtime_v2_2026-09-08/codigo/tests/test_redis_integration.py
D  docs/continuation/runtime_v2_2026-09-08/estado.json
D  docs/continuation/runtime_v2_2026-09-08/evidencias/work/guard/sitecustomize.py
D  docs/continuation/runtime_v2_2026-09-08/evidencias/work/runtime_fencing/DOTNET_FINAL_MANIFEST.json
D  docs/continuation/runtime_v2_2026-09-08/evidencias/work/runtime_fencing/DOTNET_RUNTIME_V2.md
D  docs/continuation/runtime_v2_2026-09-08/evidencias/work/runtime_fix/PYTHON_IMPLEMENTATION.md
D  docs/continuation/runtime_v2_2026-09-08/evidencias/work/runtime_fix/ROOT_COMPAT_REVIEW.md
D  docs/continuation/runtime_v2_2026-09-08/evidencias/work/runtime_fix/RUNTIME_REVIEW.md
D  docs/continuation/runtime_v2_2026-09-08/evidencias/work/runtime_fix/audit_lua_boundaries.py
D  docs/continuation/runtime_v2_2026-09-08/evidencias/work/runtime_fix/check_static.py
D  docs/continuation/runtime_v2_2026-09-08/evidencias/work/runtime_fix/kernel_python_receipt.json
D  docs/continuation/runtime_v2_2026-09-08/evidencias/work/runtime_fix/lua_boundary_audit_20260908T032925/KernelRedisProtocolV2.cs.snapshot
D  docs/continuation/runtime_v2_2026-09-08/evidencias/work/runtime_fix/lua_boundary_audit_20260908T032925/audit.json
D  docs/continuation/runtime_v2_2026-09-08/evidencias/work/runtime_fix/lua_boundary_audit_20260908T032925/kernel_redis_v2.py.snapshot
D  docs/continuation/runtime_v2_2026-09-08/evidencias/work/runtime_fix/lua_boundary_audit_20260908T033011/KernelRedisProtocolV2.cs.snapshot
D  docs/continuation/runtime_v2_2026-09-08/evidencias/work/runtime_fix/lua_boundary_audit_20260908T033011/audit.json
D  docs/continuation/runtime_v2_2026-09-08/evidencias/work/runtime_fix/lua_boundary_audit_20260908T033011/kernel_redis_v2.py.snapshot
D  docs/continuation/runtime_v2_2026-09-08/evidencias/work/runtime_fix/lua_boundary_audit_20260908T033032/KernelRedisProtocolV2.cs.snapshot
D  docs/continuation/runtime_v2_2026-09-08/evidencias/work/runtime_fix/lua_boundary_audit_20260908T033032/audit.json
D  docs/continuation/runtime_v2_2026-09-08/evidencias/work/runtime_fix/lua_boundary_audit_20260908T033032/kernel_redis_v2.py.snapshot
D  docs/continuation/runtime_v2_2026-09-08/evidencias/work/runtime_fix/lua_boundary_audit_20260908T033058/KernelRedisProtocolV2.cs.snapshot
D  docs/continuation/runtime_v2_2026-09-08/evidencias/work/runtime_fix/lua_boundary_audit_20260908T033058/audit.json
D  docs/continuation/runtime_v2_2026-09-08/evidencias/work/runtime_fix/lua_boundary_audit_20260908T033058/kernel_redis_v2.py.snapshot
D  docs/continuation/runtime_v2_2026-09-08/evidencias/work/runtime_fix/preserve_runtime.py
D  docs/continuation/runtime_v2_2026-09-08/evidencias/work/runtime_fix/provision_redis_wsl.py
D  docs/continuation/runtime_v2_2026-09-08/evidencias/work/runtime_fix/redis_env_review_runtime/cleaned.json
D  docs/continuation/runtime_v2_2026-09-08/evidencias/work/runtime_fix/redis_env_review_runtime/cleanup_intent.json
D  docs/continuation/runtime_v2_2026-09-08/evidencias/work/runtime_fix/redis_env_review_runtime/created.json
D  docs/continuation/runtime_v2_2026-09-08/evidencias/work/runtime_fix/redis_env_review_runtime/creation_intent.json
D  docs/continuation/runtime_v2_2026-09-08/evidencias/work/runtime_fix/redis_env_review_runtime/creation_intent_wsl1.json
D  docs/continuation/runtime_v2_2026-09-08/evidencias/work/runtime_fix/redis_env_review_runtime/ready.json
D  docs/continuation/runtime_v2_2026-09-08/evidencias/work/runtime_fix/redis_env_review_runtime/receipts/build_dependencies.json
D  docs/continuation/runtime_v2_2026-09-08/evidencias/work/runtime_fix/redis_env_review_runtime/receipts/docker_version.json
D  docs/continuation/runtime_v2_2026-09-08/evidencias/work/runtime_fix/redis_env_review_runtime/receipts/dotnet_sdks.json
D  docs/continuation/runtime_v2_2026-09-08/evidencias/work/runtime_fix/redis_env_review_runtime/receipts/own_wsl_terminate.json
D  docs/continuation/runtime_v2_2026-09-08/evidencias/work/runtime_fix/redis_env_review_runtime/receipts/own_wsl_unregister.json
D  docs/continuation/runtime_v2_2026-09-08/evidencias/work/runtime_fix/redis_env_review_runtime/receipts/redis_build.json
D  docs/continuation/runtime_v2_2026-09-08/evidencias/work/runtime_fix/redis_env_review_runtime/receipts/redis_config.json
D  docs/continuation/runtime_v2_2026-09-08/evidencias/work/runtime_fix/redis_env_review_runtime/receipts/redis_config_absent.json
D  docs/continuation/runtime_v2_2026-09-08/evidencias/work/runtime_fix/redis_env_review_runtime/receipts/redis_config_absent_retry.json
D  docs/continuation/runtime_v2_2026-09-08/evidencias/work/runtime_fix/redis_env_review_runtime/receipts/redis_config_retry.json
D  docs/continuation/runtime_v2_2026-09-08/evidencias/work/runtime_fix/redis_env_review_runtime/receipts/redis_directory.json
D  docs/continuation/runtime_v2_2026-09-08/evidencias/work/runtime_fix/redis_env_review_runtime/receipts/redis_log_before_cleanup.json
D  docs/continuation/runtime_v2_2026-09-08/evidencias/work/runtime_fix/redis_env_review_runtime/receipts/redis_pid.json
D  docs/continuation/runtime_v2_2026-09-08/evidencias/work/runtime_fix/redis_env_review_runtime/receipts/redis_pid_before_cleanup.json
D  docs/continuation/runtime_v2_2026-09-08/evidencias/work/runtime_fix/redis_env_review_runtime/receipts/redis_start.json
D  docs/continuation/runtime_v2_2026-09-08/evidencias/work/runtime_fix/redis_env_review_runtime/receipts/redis_version.json
D  docs/continuation/runtime_v2_2026-09-08/evidencias/work/runtime_fix/redis_env_review_runtime/receipts/source_extract.json
D  docs/continuation/runtime_v2_2026-09-08/evidencias/work/runtime_fix/redis_env_review_runtime/receipts/wsl1_boot.json
D  docs/continuation/runtime_v2_2026-09-08/evidencias/work/runtime_fix/redis_env_review_runtime/receipts/wsl1_import.json
D  docs/continuation/runtime_v2_2026-09-08/evidencias/work/runtime_fix/redis_env_review_runtime/receipts/wsl_after_cleanup.json
D  docs/continuation/runtime_v2_2026-09-08/evidencias/work/runtime_fix/redis_env_review_runtime/receipts/wsl_before_import.json
D  docs/continuation/runtime_v2_2026-09-08/evidencias/work/runtime_fix/redis_env_review_runtime/receipts/wsl_before_wsl1_import.json
D  docs/continuation/runtime_v2_2026-09-08/evidencias/work/runtime_fix/redis_env_review_runtime/receipts/wsl_import.json
D  docs/continuation/runtime_v2_2026-09-08/evidencias/work/runtime_fix/redis_env_review_runtime/receipts/wsl_list.json
D  docs/continuation/runtime_v2_2026-09-08/evidencias/work/runtime_fix/redis_env_review_runtime/receipts/wsl_status.json
D  docs/continuation/runtime_v2_2026-09-08/evidencias/work/runtime_fix/redis_env_review_runtime/redis_download_probe.json
D  docs/continuation/runtime_v2_2026-09-08/evidencias/work/runtime_fix/redis_env_review_runtime/redis_source_github.json
D  docs/continuation/runtime_v2_2026-09-08/evidencias/work/runtime_fix/redis_env_review_runtime/shutdown.json
D  docs/continuation/runtime_v2_2026-09-08/evidencias/work/runtime_fix/redis_env_review_runtime/source_downloads.json
D  docs/continuation/runtime_v2_2026-09-08/evidencias/work/runtime_fix/redis_env_review_runtime/start_intent.json
D  docs/continuation/runtime_v2_2026-09-08/evidencias/work/runtime_fix/runtime_redis_runner.py
D  docs/continuation/runtime_v2_2026-09-08/evidencias/work/runtime_fix/smoke_pyright.json
D  docs/continuation/runtime_v2_2026-09-08/evidencias/work/runtime_fix/snapshot_before.py
D  docs/continuation/runtime_v2_2026-09-08/evidencias/work/runtime_fix/synthetic_kernel_process.py
D  docs/continuation/runtime_v2_2026-09-08/evidencias/work/runtime_fix/validation/dotnet_v2_first.json
D  docs/continuation/runtime_v2_2026-09-08/evidencias/work/runtime_fix/validation/dotnet_v2_fourth.json
D  docs/continuation/runtime_v2_2026-09-08/evidencias/work/runtime_fix/validation/dotnet_v2_second.json
D  docs/continuation/runtime_v2_2026-09-08/evidencias/work/runtime_fix/validation/dotnet_v2_third.json
D  docs/continuation/runtime_v2_2026-09-08/evidencias/work/runtime_fix/validation/dotnet_v2_warnaserror.json
D  docs/continuation/runtime_v2_2026-09-08/evidencias/work/runtime_fix/validation/kernel_v2_redis_health.json
D  docs/continuation/runtime_v2_2026-09-08/evidencias/work/runtime_fix/validation/kernel_v2_redis_round1.json
D  docs/continuation/runtime_v2_2026-09-08/evidencias/work/runtime_fix/validation/kernel_v2_redis_round2.json
D  docs/continuation/runtime_v2_2026-09-08/evidencias/work/runtime_fix/validation/runtime_v2_cross_process.json
D  docs/continuation/runtime_v2_2026-09-08/evidencias/work/validation/kernel_v2_health_format.json
D  docs/continuation/runtime_v2_2026-09-08/evidencias/work/validation/kernel_v2_initial_format.json
D  docs/continuation/runtime_v2_2026-09-08/evidencias/work/validation/kernel_v2_initial_lint.json
D  docs/continuation/runtime_v2_2026-09-08/evidencias/work/validation/kernel_v2_lint_final.json
D  docs/continuation/runtime_v2_2026-09-08/evidencias/work/validation/kernel_v2_lint_health.json
D  docs/continuation/runtime_v2_2026-09-08/evidencias/work/validation/kernel_v2_pyright_health.json
D  docs/continuation/runtime_v2_2026-09-08/evidencias/work/validation/kernel_v2_pyright_round1.json
D  docs/continuation/runtime_v2_2026-09-08/evidencias/work/validation/kernel_v2_unit_health.json
D  docs/continuation/runtime_v2_2026-09-08/evidencias/work/validation/kernel_v2_unit_round1.json
D  docs/continuation/runtime_v2_2026-09-08/evidencias/work/validation/runtime_v2_smoke_final.json
D  docs/continuation/runtime_v2_2026-09-08/evidencias/work/validation/runtime_v2_smoke_final2.json
D  docs/continuation/runtime_v2_2026-09-08/evidencias/work/validation/runtime_v2_smoke_final3.json
D  docs/continuation/runtime_v2_2026-09-08/evidencias/work/validation/runtime_v2_smoke_format.json
D  docs/continuation/runtime_v2_2026-09-08/evidencias/work/validation/runtime_v2_smoke_format2.json
D  docs/continuation/runtime_v2_2026-09-08/evidencias/work/validation/runtime_v2_smoke_format_check.json
D  docs/continuation/runtime_v2_2026-09-08/evidencias/work/validation/runtime_v2_smoke_format_final.json
D  docs/continuation/runtime_v2_2026-09-08/evidencias/work/validation/runtime_v2_smoke_lint.json
D  docs/continuation/runtime_v2_2026-09-08/evidencias/work/validation/runtime_v2_smoke_lint_final.json
D  docs/continuation/runtime_v2_2026-09-08/evidencias/work/validation/runtime_v2_smoke_pyright.json
D  docs/continuation/runtime_v2_2026-09-08/evidencias/work/validation/runtime_v2_smoke_pyright_final.json
D  docs/continuation/runtime_v2_2026-09-08/evidencias/work/validation/runtime_v2_smoke_pyright_verified.json
D  docs/continuation/runtime_v2_2026-09-08/evidencias/work/validation/runtime_v2_smoke_unit.json
D  docs/continuation/runtime_v2_2026-09-08/evidencias/work/validation/runtime_v2_static.json
D  docs/continuation/runtime_v2_2026-09-08/evidencias/work/validation_runner.py
D  docs/continuation/scheduled_paths_verified.json
D  docs/continuation/versioned_artifacts.json
D  docs/continuation/whole_chat_review_2026-09-08/CODE_REVIEW.md
D  docs/continuation/whole_chat_review_2026-09-08/METHODOLOGY_REVIEW.md
D  docs/continuation/whole_chat_review_2026-09-08/RESEARCH_CODE_REVIEW.md
D  docs/continuation/whole_chat_review_2026-09-08/RESULTADO.md
D  docs/continuation/whole_chat_review_2026-09-08/backup_receipt.json
D  docs/continuation/whole_chat_review_2026-09-08/estado.json
D  docs/continuation/whole_chat_review_2026-09-08/evidence_check.json
D  docs/continuation/whole_chat_review_2026-09-08/reproducao/preserve_review.py
D  docs/continuation/whole_chat_review_2026-09-08/reproducao/test_research_adversarial.py
D  docs/continuation/whole_chat_review_2026-09-08/reproducao/test_runtime_characterization.py
D  docs/continuation/whole_chat_review_2026-09-08/reproducao/verify_evidence.py
D  docs/continuation/whole_chat_review_2026-09-08/reproducao/work/guard/sitecustomize.py
D  docs/continuation/whole_chat_review_2026-09-08/reproducao/work/price_strength_pyright.json
D  docs/continuation/whole_chat_review_2026-09-08/reproducao/work/validation_runner.py
D  docs/continuation/whole_chat_review_2026-09-08/validation/research_adversarial_regressions.json
D  docs/continuation/whole_chat_review_2026-09-08/validation/research_review_format.json
D  docs/continuation/whole_chat_review_2026-09-08/validation/research_review_format_final.json
D  docs/continuation/whole_chat_review_2026-09-08/validation/research_review_lint.json
D  docs/continuation/whole_chat_review_2026-09-08/validation/research_review_lint_final.json
D  docs/continuation/whole_chat_review_2026-09-08/validation/research_review_pyright.json
D  docs/continuation/whole_chat_review_2026-09-08/validation/research_review_pyright_final.json
D  docs/continuation/whole_chat_review_2026-09-08/validation/research_review_pyright_scoped.json
D  docs/continuation/whole_chat_review_2026-09-08/validation/research_review_pyright_stats.json
D  docs/continuation/whole_chat_review_2026-09-08/validation/research_review_regressions_final.json
D  docs/continuation/whole_chat_review_2026-09-08/validation/research_review_targeted_pytest.json
D  docs/continuation/whole_chat_review_2026-09-08/validation/whole_chat_runtime_characterization.json
D  docs/decisions/2026-09-07-price-discovery-historical-first-half.md
D  docs/decisions/2026-09-07-price-discovery-pinnacle-exploratory.md
D  docs/decisions/2026-09-07-price-extension-51.md
D  docs/decisions/2026-09-07-season-turn-split-paper.md
D  docs/experiments/LIVE_BACKTEST_ENGINE_BLOCKED.md
D  docs/experiments/LIVE_FEASIBILITY_01.md
D  docs/experiments/MARKET_02_1X2_PROTOCOL.md
D  docs/experiments/MARKET_03_EDGE_ORDERING_PROTOCOL.md
D  docs/experiments/MARKET_04_0B_RESOLUTION_PROTOCOL.md
D  docs/experiments/MARKET_05_A1_COLLECTOR_SPEC.md
D  docs/experiments/PIT_FEATURE_ARCHITECTURE_SCAFFOLD.md
D  docs/experiments/PROMOTED_COLD_START_PROTOCOL.md
D  docs/experiments/PROSPECTIVE_VALIDATION_SCAFFOLD.md
D  docs/experiments/STRUCTURAL_EDGE_SHADOW_PROTOCOL.md
D  docs/experiments/TRACK_A02_DYNAMIC_STRENGTH_PROTOCOL.md
D  docs/history/antes_consolidacao_2026-09-09/README.md
D  docs/history/antes_consolidacao_2026-09-09/docs/DATA_MAP.md
D  docs/history/antes_consolidacao_2026-09-09/docs/MIGRACAO_WINDOWS.md
D  docs/history/antes_consolidacao_2026-09-09/docs/PROMPT_PROXIMA_SESSAO.md
D  docs/history/antes_consolidacao_2026-09-09/docs/continuation/PROMPT_MELHORIA_LUCRO.md
D  docs/history/antes_consolidacao_2026-09-09/docs/continuation/RETOMADA.md
D  docs/history/attestations/trials-core-3.2.0-before-20260912.json
D  docs/open_source_research/.gitattributes
D  docs/open_source_research/OSR-20260911-01/BASELINE.md
D  docs/open_source_research/OSR-20260911-01/CAPABILITY_MATRIX.md
D  docs/open_source_research/OSR-20260911-01/DECISIONS.md
D  docs/open_source_research/OSR-20260911-01/EXPERIMENTS.md
D  docs/open_source_research/OSR-20260911-01/G1_PROTOCOL.json
D  docs/open_source_research/OSR-20260911-01/MANIFEST.json
D  docs/open_source_research/OSR-20260911-01/OVERVIEW.html
D  docs/open_source_research/OSR-20260911-01/PROTECTED_PATHS.txt
D  docs/open_source_research/OSR-20260911-01/REPORT.md
D  docs/open_source_research/OSR-20260911-01/SURVEY.md
D  docs/open_source_research/OSR-20260911-01/baseline_snapshot.json
D  docs/open_source_research/OSR-20260911-01/evidence/G1_PROTOCOL.json
D  docs/open_source_research/OSR-20260911-01/evidence/REPRODUCE.md
D  docs/open_source_research/OSR-20260911-01/evidence/benchmark.py
D  docs/open_source_research/OSR-20260911-01/evidence/benchmark_results.json
D  docs/open_source_research/OSR-20260911-01/evidence/delivery_validation.json
D  docs/open_source_research/OSR-20260911-01/evidence/git_versions.json
D  docs/open_source_research/OSR-20260911-01/evidence/lab/brasileirao_predictor/__init__.py
D  docs/open_source_research/OSR-20260911-01/evidence/lab/brasileirao_predictor/dixon_coles.py
D  docs/open_source_research/OSR-20260911-01/evidence/lab/brasileirao_predictor/market_pricer.py
D  docs/open_source_research/OSR-20260911-01/evidence/lab/brasileirao_predictor/math_utils.py
D  docs/open_source_research/OSR-20260911-01/evidence/lab/brasileirao_predictor/model.py
D  docs/open_source_research/OSR-20260911-01/evidence/lab/brasileirao_predictor/research/__init__.py
D  docs/open_source_research/OSR-20260911-01/evidence/lab/brasileirao_predictor/research/shadow_portfolio.py
D  docs/open_source_research/OSR-20260911-01/evidence/lab/brasileirao_predictor/research/structural_edge.py
D  docs/open_source_research/OSR-20260911-01/evidence/lab/pbref/LICENCE
D  docs/open_source_research/OSR-20260911-01/evidence/lab/pbref/__init__.py
D  docs/open_source_research/OSR-20260911-01/evidence/lab/pbref/implied.py
D  docs/open_source_research/OSR-20260911-01/evidence/lab/pbref/models.py
D  docs/open_source_research/OSR-20260911-01/evidence/read_receipts.json
D  docs/open_source_research/OSR-20260911-01/evidence/requirements.txt
D  docs/open_source_research/OSR-20260911-01/registry.json
D  docs/open_source_research/OSR-20260911-02/BASELINE.md
D  docs/open_source_research/OSR-20260911-02/DATA_ADMISSIBILITY.md
D  docs/open_source_research/OSR-20260911-02/DECISIONS.md
D  docs/open_source_research/OSR-20260911-02/EXPERIMENTS.md
D  docs/open_source_research/OSR-20260911-02/MANIFEST.json
D  docs/open_source_research/OSR-20260911-02/N05_DATA_CONTRACT.json
D  docs/open_source_research/OSR-20260911-02/N05_PROTOCOL.json
D  docs/open_source_research/OSR-20260911-02/N05_PROTOCOL.md
D  docs/open_source_research/OSR-20260911-02/PROTOCOL.json
D  docs/open_source_research/OSR-20260911-02/REPORT.md
D  docs/open_source_research/OSR-20260911-02/baseline.json
D  docs/open_source_research/OSR-20260911-02/evidence/N01-receipt.json
D  docs/open_source_research/OSR-20260911-02/evidence/N01.json
D  docs/open_source_research/OSR-20260911-02/evidence/N02-receipt.json
D  docs/open_source_research/OSR-20260911-02/evidence/N02.json
D  docs/open_source_research/OSR-20260911-02/evidence/N03-audit-receipt-02.json
D  docs/open_source_research/OSR-20260911-02/evidence/N03-audit-receipt.json
D  docs/open_source_research/OSR-20260911-02/evidence/N03-mutation-audit.json
D  docs/open_source_research/OSR-20260911-02/evidence/N03-receipt.json
D  docs/open_source_research/OSR-20260911-02/evidence/N03.json
D  docs/open_source_research/OSR-20260911-02/evidence/delivery_validation.json
D  docs/open_source_research/OSR-20260911-02/evidence/extractions.json
D  docs/open_source_research/OSR-20260911-02/evidence/reproduction-receipt-02.json
D  docs/open_source_research/OSR-20260911-02/evidence/reproduction-receipt.json
D  docs/open_source_research/OSR-20260911-02/evidence/reproduction.json
D  docs/open_source_research/OSR-20260911-02/evidence/timeout-receipt-02.json
D  docs/open_source_research/OSR-20260911-02/evidence/timeout-receipt.json
D  docs/open_source_research/OSR-20260911-02/execution_index.json
D  docs/open_source_research/OSR-20260911-02/registry.json
D  docs/open_source_research/OSR-20260911-02/research/adaptive_goals.py
D  docs/open_source_research/OSR-20260911-02/research/audit_mutations.py
D  docs/open_source_research/OSR-20260911-02/research/child_boot.py
D  docs/open_source_research/OSR-20260911-02/research/references/PENALTYBLOG-LICENCE
D  docs/open_source_research/OSR-20260911-02/research/references/baseline_goal.py
D  docs/open_source_research/OSR-20260911-02/research/references/baseline_pit.py
D  docs/open_source_research/OSR-20260911-02/research/references/baseline_power.py
D  docs/open_source_research/OSR-20260911-02/research/references/baseline_scores.py
D  docs/open_source_research/OSR-20260911-02/research/references/baseline_shin.py
D  docs/open_source_research/OSR-20260911-02/research/references/market_pricer.py
D  docs/open_source_research/OSR-20260911-02/research/references/pbmethods.py
D  docs/open_source_research/OSR-20260911-02/research/references/pbmodels.py
D  docs/open_source_research/OSR-20260911-02/research/reproduce.py
D  docs/open_source_research/OSR-20260911-02/research/runner.py
D  docs/open_source_research/OSR-20260911-02/research/strict_math.py
D  docs/open_source_research/OSR-20260911-02/research/strict_pit.py
D  docs/open_source_research/OSR-20260911-02/research/test_n01.py
D  docs/open_source_research/OSR-20260911-02/research/test_n02.py
D  docs/open_source_research/OSR-20260911-02/research/test_n03.py
D  docs/open_source_research/OSR-20260911-02/research/timeout_probe.py
D  docs/open_source_research/OSR-20260911-03/BASELINE.md
D  docs/open_source_research/OSR-20260911-03/CAPABILITY_MATRIX.md
D  docs/open_source_research/OSR-20260911-03/DECISIONS.md
D  docs/open_source_research/OSR-20260911-03/EXPERIMENTS.md
D  docs/open_source_research/OSR-20260911-03/MANIFEST.json
D  docs/open_source_research/OSR-20260911-03/N05_AMENDMENT_PROPOSED.json
D  docs/open_source_research/OSR-20260911-03/N05_MANIFEST_TEMPLATE.json
D  docs/open_source_research/OSR-20260911-03/PROTOCOL.json
D  docs/open_source_research/OSR-20260911-03/REPORT.md
D  docs/open_source_research/OSR-20260911-03/SURVEY.md
D  docs/open_source_research/OSR-20260911-03/baseline.json
D  docs/open_source_research/OSR-20260911-03/evidence/comparison.json
D  docs/open_source_research/OSR-20260911-03/evidence/delivery_validation.json
D  docs/open_source_research/OSR-20260911-03/evidence/demo-receipt.json
D  docs/open_source_research/OSR-20260911-03/evidence/demo_after/diagnostic.json
D  docs/open_source_research/OSR-20260911-03/evidence/demo_after/manifest.json
D  docs/open_source_research/OSR-20260911-03/evidence/demo_before/diagnostic.json
D  docs/open_source_research/OSR-20260911-03/evidence/demo_before/manifest.json
D  docs/open_source_research/OSR-20260911-03/evidence/different_policy/diagnostic.json
D  docs/open_source_research/OSR-20260911-03/evidence/different_policy/manifest.json
D  docs/open_source_research/OSR-20260911-03/evidence/different_universe/diagnostic.json
D  docs/open_source_research/OSR-20260911-03/evidence/different_universe/manifest.json
D  docs/open_source_research/OSR-20260911-03/evidence/failed_input_change/failure.json
D  docs/open_source_research/OSR-20260911-03/evidence/goals-demo-receipt.json
D  docs/open_source_research/OSR-20260911-03/evidence/goals-demo.json
D  docs/open_source_research/OSR-20260911-03/evidence/goals-receipt.json
D  docs/open_source_research/OSR-20260911-03/evidence/goals-tests.json
D  docs/open_source_research/OSR-20260911-03/evidence/internal_inspection.json
D  docs/open_source_research/OSR-20260911-03/evidence/market-receipt.json
D  docs/open_source_research/OSR-20260911-03/evidence/market-tests.json
D  docs/open_source_research/OSR-20260911-03/evidence/receipt-tests-receipt.json
D  docs/open_source_research/OSR-20260911-03/evidence/receipt-tests.json
D  docs/open_source_research/OSR-20260911-03/evidence/smaller-universe.json
D  docs/open_source_research/OSR-20260911-03/evidence/source_lineage.json
D  docs/open_source_research/OSR-20260911-03/evidence/tampered_copy/diagnostic.json
D  docs/open_source_research/OSR-20260911-03/evidence/tampered_copy/manifest.json
D  docs/open_source_research/OSR-20260911-03/evidence/use-20260911T063408091434Z/COMPARACAO.md
D  docs/open_source_research/OSR-20260911-03/evidence/use-20260911T063408091434Z/after/diagnostic.json
D  docs/open_source_research/OSR-20260911-03/evidence/use-20260911T063408091434Z/after/manifest.json
D  docs/open_source_research/OSR-20260911-03/evidence/use-20260911T063408091434Z/before/diagnostic.json
D  docs/open_source_research/OSR-20260911-03/evidence/use-20260911T063408091434Z/before/manifest.json
D  docs/open_source_research/OSR-20260911-03/evidence/use-20260911T063408091434Z/comparison.json
D  docs/open_source_research/OSR-20260911-03/evidence/use-20260911T063408091434Z/goals.json
D  docs/open_source_research/OSR-20260911-03/evidence/use-receipt.json
D  docs/open_source_research/OSR-20260911-03/examples/after.json
D  docs/open_source_research/OSR-20260911-03/examples/before.json
D  docs/open_source_research/OSR-20260911-03/examples/goals.json
D  docs/open_source_research/OSR-20260911-03/execution_index.json
D  docs/open_source_research/OSR-20260911-03/registry.json
D  docs/open_source_research/OSR-20260911-03/research/artifacts.py
D  docs/open_source_research/OSR-20260911-03/research/child_boot.py
D  docs/open_source_research/OSR-20260911-03/research/demo.py
D  docs/open_source_research/OSR-20260911-03/research/fast_goals.py
D  docs/open_source_research/OSR-20260911-03/research/goals_demo.py
D  docs/open_source_research/OSR-20260911-03/research/joint_market.py
D  docs/open_source_research/OSR-20260911-03/research/previous_goals.py
D  docs/open_source_research/OSR-20260911-03/research/references/baseline_goal.py
D  docs/open_source_research/OSR-20260911-03/research/references/market_pricer.py
D  docs/open_source_research/OSR-20260911-03/research/runner.py
D  docs/open_source_research/OSR-20260911-03/research/strict_math.py
D  docs/open_source_research/OSR-20260911-03/research/strict_pit.py
D  docs/open_source_research/OSR-20260911-03/research/test_goals.py
D  docs/open_source_research/OSR-20260911-03/research/test_market_workflow.py
D  docs/open_source_research/OSR-20260911-03/research/test_receipts.py
D  docs/open_source_research/OSR-20260911-03/research/use.py
D  docs/open_source_research/OSR-20260911-03/research/workflow.py
D  docs/open_source_research/README.md
D  docs/open_source_research/mandatos/01_PROMPT_MESTRE.md
D  docs/open_source_research/mandatos/02_CONTINUACAO.md
D  docs/open_source_research/mandatos/03_MANDATO_CONSOLIDADO.md
D  docs/ou25_v2/AUDITORIA_INTEGRAL_2026-08-28.md
D  docs/ou25_v2/ERRATA_OU25_V1.md
D  docs/ou25_v2/RELATORIO_ANCORA_MERCADO_OU25.md
D  docs/ou25_v2/RELATORIO_AUDITORIA_OU25_V2.md
D  docs/ou25_v2/RELATORIO_OU25_ANUAL_2021_2026.md
D  docs/ou25_v2/RELATORIO_OU25_REPLAY_ANINHADO.md
D  docs/ou25_v2/RELATORIO_POLITICA_CERTEZA_OU25.md
D  docs/ou25_v2/RELATORIO_RECALIBRACAO_OU25_MANUSCRITO.md
D  docs/ou25_v2/RELEASE_VALIDATION_2026-08-27.md
D  docs/research/prospective_repair_v2_20260915.json
D  docs/research/prospective_repair_v2_20260915.md
D  dotnet/LineupWorker.Tests/CompletionContractTests.cs
D  dotnet/LineupWorker.Tests/FairOddsCorrelationTests.cs
D  dotnet/LineupWorker.Tests/FairOddsRecoveryTests.cs
D  dotnet/LineupWorker.Tests/KellyMathTests.cs
D  dotnet/LineupWorker.Tests/KernelCrossProcessTests.cs
D  dotnet/LineupWorker.Tests/KernelInvocationIdentityTests.cs
D  dotnet/LineupWorker.Tests/LatencyAuditIntegrityTests.cs
D  dotnet/LineupWorker.Tests/LatencyOrderingTests.cs
D  dotnet/LineupWorker.Tests/LineupStreamTests.cs
D  dotnet/LineupWorker.Tests/LineupWorker.Tests.csproj
D  dotnet/LineupWorker.Tests/MarketFeedContractTests.cs
D  dotnet/LineupWorker.Tests/ModelBranchTests.cs
D  dotnet/LineupWorker.Tests/OperationalSettingsTests.cs
D  dotnet/LineupWorker.Tests/RedisEndpointTests.cs
D  dotnet/LineupWorker.Tests/RedisProtocolTests.cs
D  dotnet/LineupWorker.Tests/WatchdogRecoveryTests.cs
D  dotnet/LineupWorker.Tests/WorkerHealthTests.cs
D  dotnet/LineupWorker.Tests/WorkerInputContractTests.cs
D  dotnet/LineupWorker.Tests/WorkerRuntimeFencingTests.cs
D  dotnet/LineupWorker.Tests/WorkerRuntimeTests.cs
D  dotnet/LineupWorker/LineupWorker.csproj
D  dotnet/LineupWorker/Models/KernelContracts.cs
D  dotnet/LineupWorker/Models/LatencyRecord.cs
D  dotnet/LineupWorker/Models/LineupEvent.cs
D  dotnet/LineupWorker/Models/LineupModelInputs.cs
D  dotnet/LineupWorker/OperationalSettings.cs
D  dotnet/LineupWorker/Program.cs
D  dotnet/LineupWorker/Services/KernelRedisProtocolV2.cs
D  dotnet/LineupWorker/Services/LatencyAuditService.cs
D  dotnet/LineupWorker/Services/LineupStreamConsumer.cs
D  dotnet/LineupWorker/Services/MarketOddsCache.cs
D  dotnet/LineupWorker/Services/MarketStateEngine.cs
D  dotnet/LineupWorker/Services/VorpStateService.cs
D  dotnet/LineupWorker/Services/WatchdogStateStore.cs
D  dotnet/LineupWorker/Services/WorkerHealth.cs
D  dotnet/LineupWorker/Worker.cs
D  dotnet/LineupWorker/appsettings.json
D  dotnet/LineupWorker/packages.lock.json
D  global.json
D  jobs.market-research.example.json
D  poc_oddspapi.py
D  pyproject.toml
D  pytest.ini
D  reports/benchmark_2026_turnos.json
D  reports/benchmark_2026_turnos_market_no_vig.json
D  reports/benchmark_baseline_v3_2026-08-20.json
D  reports/benchmark_baseline_v4_2026-08-22.json
D  reports/benchmark_h9_frozen_corrected_2021_2024_2026-08-26.json
D  reports/benchmark_serving_market_no_vig_2026-08-22.json
D  reports/benchmark_serving_noxg_2026-08-22.json
D  reports/benchmark_serving_v1_2026-08-22.json
D  reports/benchmark_serving_v2_corrected_2021_2024_2026-08-26.json
D  reports/benchmark_serving_v2_corrected_2025_diagnostic_2026-08-26.json
D  reports/benchmark_serving_v2_corrected_2026_diagnostic_2026-08-26.json
D  reports/comparison_serving_v2_minus_v1_2021_2024.json
D  reports/error_signature_a02_2021_2023.json
D  reports/error_signature_h11_2021_2024.json
D  reports/error_signature_h12_xg_on_2021_2024.json
D  reports/exp000b_permutation_2026-09-02.json
D  reports/exp001_coverage_identity_assessment_2026-09-02.json
D  reports/exp001_feature_pit_audit_2026-09-02.json
D  reports/exp001_readiness_decision_2026-09-02.json
D  reports/losses_dynamic_strength_2021_2023.json
D  reports/losses_ensemble_xg_on_corrected_2021_2024.json
D  reports/losses_h11_refit10_2021_2024.json
D  reports/losses_serving_v1_2021_2024.json
D  reports/losses_serving_v2_2021_2023.json
D  reports/losses_serving_v2_2021_2024.json
D  reports/market02_1x2_validation_2024.json
D  reports/ou25_paper_capital_2026_08_29/full_round_predictions.json
D  reports/ou25_paper_capital_2026_08_29/historical_game_audit_2024_2026.jsonl
D  reports/ou25_paper_capital_2026_08_29/historical_turn_split_2024_2026.json
D  reports/ou25_paper_capital_2026_08_29/historical_validation_2024_2026.json
D  reports/ou25_paper_capital_2026_08_29/initial_round_ledger.jsonl
D  reports/ou25_paper_capital_2026_08_29/manual_round_decisions.jsonl
D  reports/ou25_paper_capital_2026_08_29/manual_round_settlements.jsonl
D  reports/ou25_paper_capital_2026_08_29/preliminary_predictions_2026_08_28.json
D  reports/ou25_v2/audit_2026-08-28/manifest.json
D  reports/ou25_v2/ou25_annual_2021_2026/manifest.json
D  reports/ou25_v2/ou25_annual_2021_2026/ou25_2021.json
D  reports/ou25_v2/ou25_annual_2021_2026/ou25_2021_individual_losses.csv
D  reports/ou25_v2/ou25_annual_2021_2026/ou25_2022.json
D  reports/ou25_v2/ou25_annual_2021_2026/ou25_2022_individual_losses.csv
D  reports/ou25_v2/ou25_annual_2021_2026/ou25_2023.json
D  reports/ou25_v2/ou25_annual_2021_2026/ou25_2023_individual_losses.csv
D  reports/ou25_v2/ou25_annual_2021_2026/ou25_2024.json
D  reports/ou25_v2/ou25_annual_2021_2026/ou25_2024_individual_losses.csv
D  reports/ou25_v2/ou25_annual_2021_2026/ou25_2025.json
D  reports/ou25_v2/ou25_annual_2021_2026/ou25_2025_individual_losses.csv
D  reports/ou25_v2/ou25_annual_2021_2026/ou25_2026.json
D  reports/ou25_v2/ou25_annual_2021_2026/ou25_2026_individual_losses.csv
D  reports/ou25_v2/ou25_annual_2021_2026/summary.json
D  reports/ou25_v2/ou25_backfill.sqlite
D  reports/ou25_v2/ou25_backfill_manifest.json
D  reports/ou25_v2/ou25_certainty/market_anchored.json
D  reports/ou25_v2/ou25_certainty/sports_model.json
D  reports/ou25_v2/ou25_certainty/summary.json
D  reports/ou25_v2/ou25_factorial/r100_b190.json
D  reports/ou25_v2/ou25_factorial/r100_b38.json
D  reports/ou25_v2/ou25_factorial/r100_b95.json
D  reports/ou25_v2/ou25_factorial/r10_b190.json
D  reports/ou25_v2/ou25_factorial/r10_b38.json
D  reports/ou25_v2/ou25_factorial/r10_b95.json
D  reports/ou25_v2/ou25_factorial/r20_b190.json
D  reports/ou25_v2/ou25_factorial/r20_b38.json
D  reports/ou25_v2/ou25_factorial/r20_b95.json
D  reports/ou25_v2/ou25_factorial/summary.json
D  reports/ou25_v2/ou25_market_anchor/anchor_report.json
D  reports/ou25_v2/ou25_market_anchor/nested_replay.json
D  reports/ou25_v2/ou25_market_anchor/summary.json
D  reports/ou25_v2/ou25_nested_dixon_coles/frozen_candidate.json
D  reports/ou25_v2/ou25_nested_dixon_coles/individual_losses.csv
D  reports/ou25_v2/ou25_nested_dixon_coles/manifest.json
D  reports/ou25_v2/ou25_nested_dixon_coles/nested_replay.json
D  reports/ou25_v2/ou25_nested_serving/frozen_candidate.json
D  reports/ou25_v2/ou25_nested_serving/individual_losses.csv
D  reports/ou25_v2/ou25_nested_serving/manifest.json
D  reports/ou25_v2/ou25_nested_serving/nested_replay.json
D  reports/ou25_v2/ou25_operational_8a3a2415_2026-08-28/frozen_candidate.json
D  reports/ou25_v2/ou25_operational_8a3a2415_2026-08-28/individual_losses.csv
D  reports/ou25_v2/ou25_operational_8a3a2415_2026-08-28/manifest.json
D  reports/ou25_v2/ou25_operational_8a3a2415_2026-08-28/nested_replay.json
D  reports/ou25_v2/ou25_operational_8a3a2415_2026-08-28/odds_audit.json
D  reports/ou25_v2/ou25_operational_8a3a2415_2026-08-28/provenance_audit.json
D  reports/permutation_2026-08-22.json
D  reports/permutation_serving_2026-08-22.json
D  reports/preservation_audit_2026-09-02.json
D  reports/preservation_manifest_2026-09-02.json
D  reports/replay_round_2026_08_22.json
D  reports/research_01a_refit_cadence_2026-08-21.json
D  reports/research_xg_ensemble_2026-08-22.json
D  reports/track_a02_dynamic_strength_development.json
D  reports/track_a02_dynamic_strength_development_corrected.json
D  reports/trial_draw_calibration_a10_2024.json
D  reports/trial_migration_v2_2026-09-02.json
D  research/kimi_market05/MARKET_05_A1_COLLECTOR_SPEC.md
D  research/kimi_market05/PLANO_IMPLEMENTACAO_PIVOT_LUCRO.md
D  research/kimi_market05/PROMPT_CODEX_COLETOR_MARKET05.md
D  research/kimi_market05/PROMPT_CODEX_L0_VIABILIDADE_LIVE.md
D  research/kimi_market05/PROMPT_CODEX_RETESTE_COMPLETO.md
D  research/kimi_market05/PROMPT_SESSAO_CIENTIFICA_COMPLETA.md
D  research/kimi_market05/bet_engine/README.md
D  research/kimi_market05/bet_engine/bet_engine.py
D  research/kimi_market05/bet_engine/paper_ledger.py
D  research/kimi_market05/bet_engine/test_bet_engine.py
D  research/kimi_market05/bet_engine/test_paper_ledger.py
D  research/kimi_market05/odds_snapshot_v1.json
D  research/kimi_market05/poc_oddspapi.py
D  research/kimi_market05/test_collector_contract.py
D  scheduler.prospective.example.json
D  schemas/odds_snapshot_v1.json
D  scripts/migration/build_data_archive.py
D  scripts/migration/verify_archive.py
D  tests/conftest.py
D  tests/test_a1_phase0.py
D  tests/test_a1_recommendation.py
D  tests/test_api_football_provider.py
D  tests/test_audit_fixes.py
D  tests/test_audit_hardening.py
D  tests/test_backtest_extended.py
D  tests/test_backtest_odds.py
D  tests/test_backup_restore.py
D  tests/test_benchmark_panel_fixes.py
D  tests/test_bet_id.py
D  tests/test_bet_log.py
D  tests/test_bitemporal_store.py
D  tests/test_bookmaker_odds.py
D  tests/test_bookmaker_stability.py
D  tests/test_bootstrap.py
D  tests/test_brasileirao_domain.py
D  tests/test_build_data_archive.py
D  tests/test_bundle_h9_evidence.py
D  tests/test_calibration_gate.py
D  tests/test_capture_decision.py
D  tests/test_capture_sofascore_event.py
D  tests/test_ci_current_elo_containment.py
D  tests/test_ci_dependency_pins.py
D  tests/test_ci_nao_suja_a_arvore.py
D  tests/test_closeout_coverage.py
D  tests/test_closeout_integrity.py
D  tests/test_closeout_research_inputs.py
D  tests/test_closeout_status.py
D  tests/test_closing_scenario.py
D  tests/test_collection_only_archive.py
D  tests/test_collector_contract.py
D  tests/test_compare_hypothesis_errors.py
D  tests/test_completion_anchor.py
D  tests/test_completion_compose_init.py
D  tests/test_completion_event_inputs.py
D  tests/test_completion_ledger.py
D  tests/test_completion_math_consumer.py
D  tests/test_completion_pit_contracts.py
D  tests/test_completion_regressions.py
D  tests/test_completion_serving_storage.py
D  tests/test_completion_source_budget.py
D  tests/test_contextual_ensemble.py
D  tests/test_core3_harness_contract.py
D  tests/test_core_integrity.py
D  tests/test_db.py
D  tests/test_db_extended_odds.py
D  tests/test_db_readonly.py
D  tests/test_dixon_coles.py
D  tests/test_dixon_coles_fit.py
D  tests/test_draw_diagnostics.py
D  tests/test_dynamic_strength.py
D  tests/test_economic_search.py
D  tests/test_ecosystem_plugin.py
D  tests/test_elo_baseline.py
D  tests/test_elo_baseline_block_guard.py
D  tests/test_emit_h9_shadow.py
D  tests/test_evaluate_h14_prospective.py
D  tests/test_evaluate_h15_prospective.py
D  tests/test_exp001_coverage_audit.py
D  tests/test_exp001_cutoff_state_regression.py
D  tests/test_exp001_data_pilot.py
D  tests/test_feature_builder.py
D  tests/test_find_odds.py
D  tests/test_followup_capture_contract.py
D  tests/test_formal_prediction.py
D  tests/test_h10_fadiga_walkforward.py
D  tests/test_h9_missed_window_exit.py
D  tests/test_h9_shadow.py
D  tests/test_historical_admission.py
D  tests/test_historical_expansion.py
D  tests/test_historical_numeric_boundary.py
D  tests/test_hostil_2026_07_18.py
D  tests/test_hotpath_cold_start.py
D  tests/test_hotpath_smoke.py
D  tests/test_identity.py
D  tests/test_info_stake_cap.py
D  tests/test_ingest_typing_boundaries.py
D  tests/test_integral_review_admission.py
D  tests/test_integral_review_domain.py
D  tests/test_integral_review_event_backtest.py
D  tests/test_inventario_dados.py
D  tests/test_kernel_cli_redis.py
D  tests/test_kernel_protocol.py
D  tests/test_kernel_runtime.py
D  tests/test_kernel_v2_runtime.py
D  tests/test_kickoff_block_guard.py
D  tests/test_ledger_consistency.py
D  tests/test_lineup_archive.py
D  tests/test_lineup_inbox.py
D  tests/test_lineup_inbox_redis.py
D  tests/test_live_capture_admission.py
D  tests/test_logic_registry.py
D  tests/test_market_0b_resolution.py
D  tests/test_market_anchor.py
D  tests/test_market_edge_ordering.py
D  tests/test_market_pricer.py
D  tests/test_market_probs_date.py
D  tests/test_market_research_jobs_manifest.py
D  tests/test_market_residual.py
D  tests/test_math.py
D  tests/test_missingness_audit.py
D  tests/test_model.py
D  tests/test_model_xg.py
D  tests/test_odds_api_snapshot.py
D  tests/test_odds_shop_stale.py
D  tests/test_odds_source_smoke.py
D  tests/test_operational_provenance.py
D  tests/test_operational_readiness.py
D  tests/test_ou25_annual.py
D  tests/test_ou25_certainty.py
D  tests/test_ou25_market_anchor.py
D  tests/test_ou25_nested_replay.py
D  tests/test_parse_all_odds.py
D  tests/test_parse_ou_scope_regression.py
D  tests/test_parsers_sofascore.py
D  tests/test_permutation_test.py
D  tests/test_persist_h14_prospective.py
D  tests/test_persist_h15_prospective.py
D  tests/test_pit_backfill.py
D  tests/test_pit_contextual_features.py
D  tests/test_pit_features_scaffold.py
D  tests/test_player_comp_stats_sofascore.py
D  tests/test_predict_cache_freshness.py
D  tests/test_prediction_log.py
D  tests/test_prediction_protocol.py
D  tests/test_prereg_serving_vs_climatologia.py
D  tests/test_price_hurdle.py
D  tests/test_price_strength_artifacts.py
D  tests/test_price_strength_dynamic_xg.py
D  tests/test_price_strength_quotes.py
D  tests/test_price_strength_reliability.py
D  tests/test_price_strength_review_regressions.py
D  tests/test_price_strength_study.py
D  tests/test_promoted_cold_start.py
D  tests/test_promotions_dataset.py
D  tests/test_prospective_evaluation_guard.py
D  tests/test_prospective_metrics.py
D  tests/test_prospective_protocol_compatibility.py
D  tests/test_prospective_protocol_v2.py
D  tests/test_prospective_readiness.py
D  tests/test_prospective_validation_scaffold.py
D  tests/test_ratings.py
D  tests/test_reconciliation_gate_contracts.py
D  tests/test_record_h9_closing_snapshots.py
D  tests/test_redis_contract.py
D  tests/test_redis_integration.py
D  tests/test_repo_hygiene.py
D  tests/test_report_h9_execution_quality.py
D  tests/test_report_shadow_mode.py
D  tests/test_research_01a_refit_cadence.py
D  tests/test_research_xg_ensemble.py
D  tests/test_residual_artifact_integrity.py
D  tests/test_residual_dataset.py
D  tests/test_residual_diagnostics.py
D  tests/test_residual_features.py
D  tests/test_residual_gate.py
D  tests/test_residual_walkforward.py
D  tests/test_resolution_bank.py
D  tests/test_resolution_coverage.py
D  tests/test_resolution_curated_versions.py
D  tests/test_resolution_gate_dependence.py
D  tests/test_resolution_historical_import.py
D  tests/test_resolution_kernel_lifecycle.py
D  tests/test_resolution_kernel_params.py
D  tests/test_resolution_lineup_envelopes.py
D  tests/test_resolution_live_settlement.py
D  tests/test_resolution_odds_shop.py
D  tests/test_resolution_player_stats.py
D  tests/test_resolution_promotions.py
D  tests/test_resolution_residual_dataset.py
D  tests/test_resolution_restore.py
D  tests/test_resolution_structural_edge.py
D  tests/test_resolution_walkforward.py
D  tests/test_rho_stability.py
D  tests/test_run_passive_process_tree.py
D  tests/test_run_passive_task.py
D  tests/test_season_2026_split.py
D  tests/test_secrets_telemetry.py
D  tests/test_serving_evaluator.py
D  tests/test_settings.py
D  tests/test_settle.py
D  tests/test_settle_h9_shadow.py
D  tests/test_settle_live_prediction.py
D  tests/test_settlement_input_integrity.py
D  tests/test_shadow_cohort_evaluator.py
D  tests/test_shared_dependencies.py
D  tests/test_simulator.py
D  tests/test_simulator_fixes.py
D  tests/test_sofascore_cache.py
D  tests/test_sofascore_probe.py
D  tests/test_sombra_h5.py
D  tests/test_sombra_runtime_paths.py
D  tests/test_source_temporal_regressions.py
D  tests/test_sportmonks_provider.py
D  tests/test_statistics_parser.py
D  tests/test_structural_edge.py
D  tests/test_sync_competition_filter.py
D  tests/test_telemetry.py
D  tests/test_temporal_policy.py
D  tests/test_temporal_replay.py
D  tests/test_the_odds_api_provider.py
D  tests/test_trial_provenance_enforcement.py
D  tests/test_trials_registry_schema.py
D  tests/test_update_h9_fixtures.py
D  tests/test_walkforward_row_contract.py
D  tests/test_walkforward_temporal_blocks.py
D  tests/test_windows_scheduler_contract.py
D  tests/test_xg_input_quality.py
D  tests/test_xg_model.py
D  tools/export_cain_bundle.py
D  tools/export_cain_status.py
D  tools/integration_validation/run.py
D  tools/publication_validation/README.md
D  tools/publication_validation/compose_config.py
D  tools/publication_validation/guard_probes.py
D  tools/publication_validation/installed_shadow.py
D  tools/publication_validation/run.py
D  tools/publication_validation/scope.json
D  tools/runtime_lab/README.md
D  tools/runtime_lab/kernel_synthetic.py
D  tools/runtime_lab/lab_guard.py
D  tools/runtime_lab/python_tests.py
D  tools/runtime_lab/run.py
D  tools/runtime_lab/sitecustomize.py
D  tools/test_export_cain_bundle.py
D  tools/test_export_cain_status.py
D  uv.lock
?? .ci/
?? .dockerignore
?? .env.example
?? .gitattributes
?? .github/
?? .gitignore
?? ARCHITECTURE_IMPLEMENTATION.md
?? Dockerfile.cli
?? Dockerfile.kernel
?? Dockerfile.worker
?? HANDOFF.md
?? PUBLICATION_STATUS_20260912.md
?? README.md
?? brasileirao_predictor/
?? brasileirao_scripts/
?? compose.yaml
?? config.yaml
?? constraints/
?? contracts/
?? data/
?? docker/
?? docs/
?? dotnet/
?? global.json
?? jobs.market-research.example.json
?? poc_oddspapi.py
?? pyproject.toml
?? pytest.ini
?? reports/
?? research/
?? scheduler.prospective.example.json
?? schemas/
?? scripts/
?? tests/
?? tools/
?? uv.lock
== /c/QUALIFICACAO/repos/cain
5fe340a41809ddbe3f0dc795c7d9eb258014eaa6
5fe340a41809ddbe3f0dc795c7d9eb258014eaa6
## main...origin/main
== /c/QUALIFICACAO/repos/core-predictor
9bf43efe92459a0b484cac00f51170b2c70d420f
9bf43efe92459a0b484cac00f51170b2c70d420f
## main...origin/main
== /c/QUALIFICACAO/repos/ecosystem-predictor
a879525c49f1b3ac2050a3a70b10a322501b1e56
a879525c49f1b3ac2050a3a70b10a322501b1e56
## main...origin/main
== /c/QUALIFICACAO/repos/predictor-ops
b19e69527c0fda5cb1f96281d3a984fea1431768
b19e69527c0fda5cb1f96281d3a984fea1431768
## main...origin/main
== /c/Cripto/qualificacao/cripto-predictor
acdf2891226e845073be3b7532ba7f90b4e8be7b
acdf2891226e845073be3b7532ba7f90b4e8be7b
## main...origin/main
== /c/STOCKS/work/qualification/stocks-predictor
5cf27f44f579cb40d8b873c0f10005360427a2d0
5cf27f44f579cb40d8b873c0f10005360427a2d0
## main...origin/main
